[0.000000] (-) TimerEvent: {}
[0.000276] (dron_nav_pkg) JobQueued: {'identifier': 'dron_nav_pkg', 'dependencies': OrderedDict()}
[0.000324] (px4_msgs) JobQueued: {'identifier': 'px4_msgs', 'dependencies': OrderedDict()}
[0.000348] (px4_ros_com) JobQueued: {'identifier': 'px4_ros_com', 'dependencies': OrderedDict([('px4_msgs', '/home/px4/ros2/ws/install/px4_msgs')])}
[0.000886] (px4_msgs) JobStarted: {'identifier': 'px4_msgs'}
[0.009381] (dron_nav_pkg) JobStarted: {'identifier': 'dron_nav_pkg'}
[0.014696] (px4_msgs) JobProgress: {'identifier': 'px4_msgs', 'progress': 'cmake'}
[0.015525] (px4_msgs) JobProgress: {'identifier': 'px4_msgs', 'progress': 'build'}
[0.016308] (px4_msgs) Command: {'cmd': ['/usr/bin/cmake', '--build', '/home/px4/ros2/ws/build/px4_msgs', '--', '-j16', '-l16'], 'cwd': '/home/px4/ros2/ws/build/px4_msgs', 'env': OrderedDict([('HOSTNAME', 'legion5'), ('SHLVL', '1'), ('LD_LIBRARY_PATH', '/opt/ros/humble/opt/rviz_ogre_vendor/lib:/opt/ros/humble/lib/x86_64-linux-gnu:/opt/ros/humble/lib'), ('HOME', '/root'), ('OLDPWD', '/home/px4/ros2'), ('ROS_PYTHON_VERSION', '3'), ('ROS_DISTRO', 'humble'), ('_', '/usr/bin/colcon'), ('ROS_VERSION', '2'), ('TERM', 'xterm'), ('ROS_LOCALHOST_ONLY', '0'), ('PATH', '/opt/ros/humble/bin:/usr/local/sbin:/usr/local/bin:/usr/sbin:/usr/bin:/sbin:/bin'), ('DISPLAY', ':1'), ('LANG', 'en_US.UTF-8'), ('LS_COLORS', 'rs=0:di=01;34:ln=01;36:mh=00:pi=40;33:so=01;35:do=01;35:bd=40;33;01:cd=40;33;01:or=40;31;01:mi=00:su=37;41:sg=30;43:ca=30;41:tw=30;42:ow=34;42:st=37;44:ex=01;32:*.tar=01;31:*.tgz=01;31:*.arc=01;31:*.arj=01;31:*.taz=01;31:*.lha=01;31:*.lz4=01;31:*.lzh=01;31:*.lzma=01;31:*.tlz=01;31:*.txz=01;31:*.tzo=01;31:*.t7z=01;31:*.zip=01;31:*.z=01;31:*.dz=01;31:*.gz=01;31:*.lrz=01;31:*.lz=01;31:*.lzo=01;31:*.xz=01;31:*.zst=01;31:*.tzst=01;31:*.bz2=01;31:*.bz=01;31:*.tbz=01;31:*.tbz2=01;31:*.tz=01;31:*.deb=01;31:*.rpm=01;31:*.jar=01;31:*.war=01;31:*.ear=01;31:*.sar=01;31:*.rar=01;31:*.alz=01;31:*.ace=01;31:*.zoo=01;31:*.cpio=01;31:*.7z=01;31:*.rz=01;31:*.cab=01;31:*.wim=01;31:*.swm=01;31:*.dwm=01;31:*.esd=01;31:*.jpg=01;35:*.jpeg=01;35:*.mjpg=01;35:*.mjpeg=01;35:*.gif=01;35:*.bmp=01;35:*.pbm=01;35:*.pgm=01;35:*.ppm=01;35:*.tga=01;35:*.xbm=01;35:*.xpm=01;35:*.tif=01;35:*.tiff=01;35:*.png=01;35:*.svg=01;35:*.svgz=01;35:*.mng=01;35:*.pcx=01;35:*.mov=01;35:*.mpg=01;35:*.mpeg=01;35:*.m2v=01;35:*.mkv=01;35:*.webm=01;35:*.webp=01;35:*.ogm=01;35:*.mp4=01;35:*.m4v=01;35:*.mp4v=01;35:*.vob=01;35:*.qt=01;35:*.nuv=01;35:*.wmv=01;35:*.asf=01;35:*.rm=01;35:*.rmvb=01;35:*.flc=01;35:*.avi=01;35:*.fli=01;35:*.flv=01;35:*.gl=01;35:*.dl=01;35:*.xcf=01;35:*.xwd=01;35:*.yuv=01;35:*.cgm=01;35:*.emf=01;35:*.ogv=01;35:*.ogx=01;35:*.aac=00;36:*.au=00;36:*.flac=00;36:*.m4a=00;36:*.mid=00;36:*.midi=00;36:*.mka=00;36:*.mp3=00;36:*.mpc=00;36:*.ogg=00;36:*.ra=00;36:*.wav=00;36:*.oga=00;36:*.opus=00;36:*.spx=00;36:*.xspf=00;36:'), ('ROS_DOMAIN_ID', '0'), ('AMENT_PREFIX_PATH', '/opt/ros/humble'), ('DEBIAN_FRONTEND', 'noninteractive'), ('PWD', '/home/px4/ros2/ws/build/px4_msgs'), ('LC_ALL', 'en_US.UTF-8'), ('PYTHONPATH', '/opt/ros/humble/lib/python3.10/site-packages:/opt/ros/humble/local/lib/python3.10/dist-packages'), ('COLCON', '1'), ('CMAKE_PREFIX_PATH', '/opt/ros/humble')]), 'shell': False}
[0.099776] (-) TimerEvent: {}
[0.200104] (-) TimerEvent: {}
[0.300425] (-) TimerEvent: {}
[0.400717] (-) TimerEvent: {}
[0.501018] (-) TimerEvent: {}
[0.524806] (dron_nav_pkg) Command: {'cmd': ['/usr/bin/python3', '-W', 'ignore:setup.py install is deprecated', '-W', 'ignore:easy_install command is deprecated', 'setup.py', 'egg_info', '--egg-base', '../../build/dron_nav_pkg', 'build', '--build-base', '/home/px4/ros2/ws/build/dron_nav_pkg/build', 'install', '--record', '/home/px4/ros2/ws/build/dron_nav_pkg/install.log', '--single-version-externally-managed', 'install_data'], 'cwd': '/home/px4/ros2/ws/src/dron_nav_pkg', 'env': {'HOSTNAME': 'legion5', 'SHLVL': '1', 'LD_LIBRARY_PATH': '/opt/ros/humble/opt/rviz_ogre_vendor/lib:/opt/ros/humble/lib/x86_64-linux-gnu:/opt/ros/humble/lib', 'HOME': '/root', 'OLDPWD': '/home/px4/ros2', 'ROS_PYTHON_VERSION': '3', 'ROS_DISTRO': 'humble', '_': '/usr/bin/colcon', 'ROS_VERSION': '2', 'TERM': 'xterm', 'ROS_LOCALHOST_ONLY': '0', 'PATH': '/opt/ros/humble/bin:/usr/local/sbin:/usr/local/bin:/usr/sbin:/usr/bin:/sbin:/bin', 'DISPLAY': ':1', 'LANG': 'en_US.UTF-8', 'LS_COLORS': 'rs=0:di=01;34:ln=01;36:mh=00:pi=40;33:so=01;35:do=01;35:bd=40;33;01:cd=40;33;01:or=40;31;01:mi=00:su=37;41:sg=30;43:ca=30;41:tw=30;42:ow=34;42:st=37;44:ex=01;32:*.tar=01;31:*.tgz=01;31:*.arc=01;31:*.arj=01;31:*.taz=01;31:*.lha=01;31:*.lz4=01;31:*.lzh=01;31:*.lzma=01;31:*.tlz=01;31:*.txz=01;31:*.tzo=01;31:*.t7z=01;31:*.zip=01;31:*.z=01;31:*.dz=01;31:*.gz=01;31:*.lrz=01;31:*.lz=01;31:*.lzo=01;31:*.xz=01;31:*.zst=01;31:*.tzst=01;31:*.bz2=01;31:*.bz=01;31:*.tbz=01;31:*.tbz2=01;31:*.tz=01;31:*.deb=01;31:*.rpm=01;31:*.jar=01;31:*.war=01;31:*.ear=01;31:*.sar=01;31:*.rar=01;31:*.alz=01;31:*.ace=01;31:*.zoo=01;31:*.cpio=01;31:*.7z=01;31:*.rz=01;31:*.cab=01;31:*.wim=01;31:*.swm=01;31:*.dwm=01;31:*.esd=01;31:*.jpg=01;35:*.jpeg=01;35:*.mjpg=01;35:*.mjpeg=01;35:*.gif=01;35:*.bmp=01;35:*.pbm=01;35:*.pgm=01;35:*.ppm=01;35:*.tga=01;35:*.xbm=01;35:*.xpm=01;35:*.tif=01;35:*.tiff=01;35:*.png=01;35:*.svg=01;35:*.svgz=01;35:*.mng=01;35:*.pcx=01;35:*.mov=01;35:*.mpg=01;35:*.mpeg=01;35:*.m2v=01;35:*.mkv=01;35:*.webm=01;35:*.webp=01;35:*.ogm=01;35:*.mp4=01;35:*.m4v=01;35:*.mp4v=01;35:*.vob=01;35:*.qt=01;35:*.nuv=01;35:*.wmv=01;35:*.asf=01;35:*.rm=01;35:*.rmvb=01;35:*.flc=01;35:*.avi=01;35:*.fli=01;35:*.flv=01;35:*.gl=01;35:*.dl=01;35:*.xcf=01;35:*.xwd=01;35:*.yuv=01;35:*.cgm=01;35:*.emf=01;35:*.ogv=01;35:*.ogx=01;35:*.aac=00;36:*.au=00;36:*.flac=00;36:*.m4a=00;36:*.mid=00;36:*.midi=00;36:*.mka=00;36:*.mp3=00;36:*.mpc=00;36:*.ogg=00;36:*.ra=00;36:*.wav=00;36:*.oga=00;36:*.opus=00;36:*.spx=00;36:*.xspf=00;36:', 'ROS_DOMAIN_ID': '0', 'AMENT_PREFIX_PATH': '/opt/ros/humble', 'DEBIAN_FRONTEND': 'noninteractive', 'PWD': '/home/px4/ros2/ws/build/dron_nav_pkg', 'LC_ALL': 'en_US.UTF-8', 'PYTHONPATH': '/home/px4/ros2/ws/build/dron_nav_pkg/prefix_override:/usr/lib/python3/dist-packages/colcon_core/task/python/colcon_distutils_commands:/home/px4/ros2/ws/install/dron_nav_pkg/lib/python3.10/site-packages:/opt/ros/humble/lib/python3.10/site-packages:/opt/ros/humble/local/lib/python3.10/dist-packages', 'COLCON': '1'}, 'shell': False}
[0.601130] (-) TimerEvent: {}
[0.665405] (px4_msgs) StdoutLine: {'line': b'[  0%] Built target px4_msgs__cpp\n'}
[0.690728] (px4_msgs) StdoutLine: {'line': b'\x1b[35m\x1b[1mConsolidate compiler generated dependencies of target px4_msgs__rosidl_generator_c\x1b[0m\n'}
[0.701219] (-) TimerEvent: {}
[0.706739] (dron_nav_pkg) StdoutLine: {'line': b'running egg_info\n'}
[0.707365] (dron_nav_pkg) StdoutLine: {'line': b'writing ../../build/dron_nav_pkg/dron_nav_pkg.egg-info/PKG-INFO\n'}
[0.707563] (dron_nav_pkg) StdoutLine: {'line': b'writing dependency_links to ../../build/dron_nav_pkg/dron_nav_pkg.egg-info/dependency_links.txt\n'}
[0.707699] (dron_nav_pkg) StdoutLine: {'line': b'writing entry points to ../../build/dron_nav_pkg/dron_nav_pkg.egg-info/entry_points.txt\n'}
[0.707813] (dron_nav_pkg) StdoutLine: {'line': b'writing requirements to ../../build/dron_nav_pkg/dron_nav_pkg.egg-info/requires.txt\n'}
[0.707912] (dron_nav_pkg) StdoutLine: {'line': b'writing top-level names to ../../build/dron_nav_pkg/dron_nav_pkg.egg-info/top_level.txt\n'}
[0.709223] (dron_nav_pkg) StdoutLine: {'line': b"reading manifest file '../../build/dron_nav_pkg/dron_nav_pkg.egg-info/SOURCES.txt'\n"}
[0.709973] (dron_nav_pkg) StdoutLine: {'line': b"writing manifest file '../../build/dron_nav_pkg/dron_nav_pkg.egg-info/SOURCES.txt'\n"}
[0.710122] (dron_nav_pkg) StdoutLine: {'line': b'running build\n'}
[0.710212] (dron_nav_pkg) StdoutLine: {'line': b'running build_py\n'}
[0.710318] (dron_nav_pkg) StdoutLine: {'line': b'copying dron_nav_pkg/dron_nav_pkg.py -> /home/px4/ros2/ws/build/dron_nav_pkg/build/lib/dron_nav_pkg\n'}
[0.710432] (dron_nav_pkg) StdoutLine: {'line': b'running install\n'}
[0.710684] (dron_nav_pkg) StdoutLine: {'line': b'running install_lib\n'}
[0.711376] (dron_nav_pkg) StdoutLine: {'line': b'copying /home/px4/ros2/ws/build/dron_nav_pkg/build/lib/dron_nav_pkg/dron_nav_pkg.py -> /home/px4/ros2/ws/install/dron_nav_pkg/lib/python3.10/site-packages/dron_nav_pkg\n'}
[0.711915] (dron_nav_pkg) StdoutLine: {'line': b'byte-compiling /home/px4/ros2/ws/install/dron_nav_pkg/lib/python3.10/site-packages/dron_nav_pkg/dron_nav_pkg.py to dron_nav_pkg.cpython-310.pyc\n'}
[0.713473] (dron_nav_pkg) StdoutLine: {'line': b'running install_data\n'}
[0.713629] (dron_nav_pkg) StdoutLine: {'line': b'running install_egg_info\n'}
[0.714883] (dron_nav_pkg) StdoutLine: {'line': b"removing '/home/px4/ros2/ws/install/dron_nav_pkg/lib/python3.10/site-packages/dron_nav_pkg-0.0.0-py3.10.egg-info' (and everything under it)\n"}
[0.715193] (dron_nav_pkg) StdoutLine: {'line': b'Copying ../../build/dron_nav_pkg/dron_nav_pkg.egg-info to /home/px4/ros2/ws/install/dron_nav_pkg/lib/python3.10/site-packages/dron_nav_pkg-0.0.0-py3.10.egg-info\n'}
[0.716091] (dron_nav_pkg) StdoutLine: {'line': b'running install_scripts\n'}
[0.733069] (dron_nav_pkg) StdoutLine: {'line': b'Installing dron_nav_pkg script to /home/px4/ros2/ws/install/dron_nav_pkg/lib/dron_nav_pkg\n'}
[0.733379] (dron_nav_pkg) StdoutLine: {'line': b"writing list of installed files to '/home/px4/ros2/ws/build/dron_nav_pkg/install.log'\n"}
[0.740714] (px4_msgs) StdoutLine: {'line': b'[  0%] Built target ament_cmake_python_copy_px4_msgs\n'}
[0.756044] (px4_msgs) StdoutLine: {'line': b'\x1b[35m\x1b[1mConsolidate compiler generated dependencies of target px4_msgs__rosidl_typesupport_cpp\x1b[0m\n'}
[0.760360] (dron_nav_pkg) CommandEnded: {'returncode': 0}
[0.764212] (px4_msgs) StdoutLine: {'line': b'\x1b[35m\x1b[1mConsolidate compiler generated dependencies of target px4_msgs__rosidl_typesupport_introspection_cpp\x1b[0m\n'}
[0.767442] (px4_msgs) StdoutLine: {'line': b'\x1b[35m\x1b[1mConsolidate compiler generated dependencies of target px4_msgs__rosidl_typesupport_fastrtps_cpp\x1b[0m\n'}
[0.773329] (dron_nav_pkg) JobEnded: {'identifier': 'dron_nav_pkg', 'rc': 0}
[0.780291] (px4_msgs) StdoutLine: {'line': b'[ 12%] Built target px4_msgs__rosidl_generator_c\n'}
[0.801366] (-) TimerEvent: {}
[0.839447] (px4_msgs) StdoutLine: {'line': b'\x1b[35m\x1b[1mConsolidate compiler generated dependencies of target px4_msgs__rosidl_typesupport_c\x1b[0m\n'}
[0.848925] (px4_msgs) StdoutLine: {'line': b'\x1b[35m\x1b[1mConsolidate compiler generated dependencies of target px4_msgs__rosidl_typesupport_introspection_c\x1b[0m\n'}
[0.885066] (px4_msgs) StdoutLine: {'line': b'\x1b[35m\x1b[1mConsolidate compiler generated dependencies of target px4_msgs__rosidl_typesupport_fastrtps_c\x1b[0m\n'}
[0.891439] (px4_msgs) StdoutLine: {'line': b'[ 25%] Built target px4_msgs__rosidl_typesupport_c\n'}
[0.901467] (-) TimerEvent: {}
[0.919881] (px4_msgs) StdoutLine: {'line': b'[ 37%] Built target px4_msgs__rosidl_typesupport_cpp\n'}
[0.931346] (px4_msgs) StdoutLine: {'line': b'[ 50%] Built target px4_msgs__rosidl_typesupport_introspection_c\n'}
[0.938200] (px4_msgs) StdoutLine: {'line': b'[ 63%] Built target px4_msgs__rosidl_typesupport_introspection_cpp\n'}
[0.941678] (px4_msgs) StdoutLine: {'line': b'running egg_info\n'}
[0.942342] (px4_msgs) StdoutLine: {'line': b'writing px4_msgs.egg-info/PKG-INFO\n'}
[0.942528] (px4_msgs) StdoutLine: {'line': b'writing dependency_links to px4_msgs.egg-info/dependency_links.txt\n'}
[0.942705] (px4_msgs) StdoutLine: {'line': b'writing top-level names to px4_msgs.egg-info/top_level.txt\n'}
[0.946758] (px4_msgs) StdoutLine: {'line': b"reading manifest file 'px4_msgs.egg-info/SOURCES.txt'\n"}
[0.948604] (px4_msgs) StdoutLine: {'line': b"writing manifest file 'px4_msgs.egg-info/SOURCES.txt'\n"}
[0.962258] (px4_msgs) StdoutLine: {'line': b'[ 75%] Built target px4_msgs__rosidl_typesupport_fastrtps_cpp\n'}
[0.974045] (px4_msgs) StdoutLine: {'line': b'[ 75%] Built target ament_cmake_python_build_px4_msgs_egg\n'}
[1.001551] (-) TimerEvent: {}
[1.069598] (px4_msgs) StdoutLine: {'line': b'[ 88%] Built target px4_msgs__rosidl_typesupport_fastrtps_c\n'}
[1.090645] (px4_msgs) StdoutLine: {'line': b'[ 88%] Built target px4_msgs\n'}
[1.101657] (-) TimerEvent: {}
[1.120912] (px4_msgs) StdoutLine: {'line': b'[ 88%] Built target px4_msgs__py\n'}
[1.201785] (-) TimerEvent: {}
[1.204058] (px4_msgs) StdoutLine: {'line': b'\x1b[35m\x1b[1mConsolidate compiler generated dependencies of target px4_msgs__rosidl_generator_py\x1b[0m\n'}
[1.301934] (-) TimerEvent: {}
[1.389223] (px4_msgs) StdoutLine: {'line': b'[100%] Built target px4_msgs__rosidl_generator_py\n'}
[1.400152] (px4_msgs) StdoutLine: {'line': b'\x1b[35m\x1b[1mConsolidate compiler generated dependencies of target px4_msgs__rosidl_typesupport_c__pyext\x1b[0m\n'}
[1.400376] (px4_msgs) StdoutLine: {'line': b'\x1b[35m\x1b[1mConsolidate compiler generated dependencies of target px4_msgs__rosidl_typesupport_introspection_c__pyext\x1b[0m\n'}
[1.400453] (px4_msgs) StdoutLine: {'line': b'\x1b[35m\x1b[1mConsolidate compiler generated dependencies of target px4_msgs__rosidl_typesupport_fastrtps_c__pyext\x1b[0m\n'}
[1.401994] (-) TimerEvent: {}
[1.420678] (px4_msgs) StdoutLine: {'line': b'[100%] Built target px4_msgs__rosidl_typesupport_introspection_c__pyext\n'}
[1.420893] (px4_msgs) StdoutLine: {'line': b'[100%] Built target px4_msgs__rosidl_typesupport_fastrtps_c__pyext\n'}
[1.420981] (px4_msgs) StdoutLine: {'line': b'[100%] Built target px4_msgs__rosidl_typesupport_c__pyext\n'}
[1.434578] (px4_msgs) CommandEnded: {'returncode': 0}
[1.435398] (px4_msgs) JobProgress: {'identifier': 'px4_msgs', 'progress': 'install'}
[1.443988] (px4_msgs) Command: {'cmd': ['/usr/bin/cmake', '--install', '/home/px4/ros2/ws/build/px4_msgs'], 'cwd': '/home/px4/ros2/ws/build/px4_msgs', 'env': OrderedDict([('HOSTNAME', 'legion5'), ('SHLVL', '1'), ('LD_LIBRARY_PATH', '/opt/ros/humble/opt/rviz_ogre_vendor/lib:/opt/ros/humble/lib/x86_64-linux-gnu:/opt/ros/humble/lib'), ('HOME', '/root'), ('OLDPWD', '/home/px4/ros2'), ('ROS_PYTHON_VERSION', '3'), ('ROS_DISTRO', 'humble'), ('_', '/usr/bin/colcon'), ('ROS_VERSION', '2'), ('TERM', 'xterm'), ('ROS_LOCALHOST_ONLY', '0'), ('PATH', '/opt/ros/humble/bin:/usr/local/sbin:/usr/local/bin:/usr/sbin:/usr/bin:/sbin:/bin'), ('DISPLAY', ':1'), ('LANG', 'en_US.UTF-8'), ('LS_COLORS', 'rs=0:di=01;34:ln=01;36:mh=00:pi=40;33:so=01;35:do=01;35:bd=40;33;01:cd=40;33;01:or=40;31;01:mi=00:su=37;41:sg=30;43:ca=30;41:tw=30;42:ow=34;42:st=37;44:ex=01;32:*.tar=01;31:*.tgz=01;31:*.arc=01;31:*.arj=01;31:*.taz=01;31:*.lha=01;31:*.lz4=01;31:*.lzh=01;31:*.lzma=01;31:*.tlz=01;31:*.txz=01;31:*.tzo=01;31:*.t7z=01;31:*.zip=01;31:*.z=01;31:*.dz=01;31:*.gz=01;31:*.lrz=01;31:*.lz=01;31:*.lzo=01;31:*.xz=01;31:*.zst=01;31:*.tzst=01;31:*.bz2=01;31:*.bz=01;31:*.tbz=01;31:*.tbz2=01;31:*.tz=01;31:*.deb=01;31:*.rpm=01;31:*.jar=01;31:*.war=01;31:*.ear=01;31:*.sar=01;31:*.rar=01;31:*.alz=01;31:*.ace=01;31:*.zoo=01;31:*.cpio=01;31:*.7z=01;31:*.rz=01;31:*.cab=01;31:*.wim=01;31:*.swm=01;31:*.dwm=01;31:*.esd=01;31:*.jpg=01;35:*.jpeg=01;35:*.mjpg=01;35:*.mjpeg=01;35:*.gif=01;35:*.bmp=01;35:*.pbm=01;35:*.pgm=01;35:*.ppm=01;35:*.tga=01;35:*.xbm=01;35:*.xpm=01;35:*.tif=01;35:*.tiff=01;35:*.png=01;35:*.svg=01;35:*.svgz=01;35:*.mng=01;35:*.pcx=01;35:*.mov=01;35:*.mpg=01;35:*.mpeg=01;35:*.m2v=01;35:*.mkv=01;35:*.webm=01;35:*.webp=01;35:*.ogm=01;35:*.mp4=01;35:*.m4v=01;35:*.mp4v=01;35:*.vob=01;35:*.qt=01;35:*.nuv=01;35:*.wmv=01;35:*.asf=01;35:*.rm=01;35:*.rmvb=01;35:*.flc=01;35:*.avi=01;35:*.fli=01;35:*.flv=01;35:*.gl=01;35:*.dl=01;35:*.xcf=01;35:*.xwd=01;35:*.yuv=01;35:*.cgm=01;35:*.emf=01;35:*.ogv=01;35:*.ogx=01;35:*.aac=00;36:*.au=00;36:*.flac=00;36:*.m4a=00;36:*.mid=00;36:*.midi=00;36:*.mka=00;36:*.mp3=00;36:*.mpc=00;36:*.ogg=00;36:*.ra=00;36:*.wav=00;36:*.oga=00;36:*.opus=00;36:*.spx=00;36:*.xspf=00;36:'), ('ROS_DOMAIN_ID', '0'), ('AMENT_PREFIX_PATH', '/opt/ros/humble'), ('DEBIAN_FRONTEND', 'noninteractive'), ('PWD', '/home/px4/ros2/ws/build/px4_msgs'), ('LC_ALL', 'en_US.UTF-8'), ('PYTHONPATH', '/opt/ros/humble/lib/python3.10/site-packages:/opt/ros/humble/local/lib/python3.10/dist-packages'), ('COLCON', '1'), ('CMAKE_PREFIX_PATH', '/opt/ros/humble')]), 'shell': False}
[1.454333] (px4_msgs) StdoutLine: {'line': b'-- Install configuration: ""\n'}
[1.454542] (px4_msgs) StdoutLine: {'line': b'-- Up-to-date: /home/px4/ros2/ws/install/px4_msgs/share/ament_index/resource_index/rosidl_interfaces/px4_msgs\n'}
[1.454690] (px4_msgs) StdoutLine: {'line': b'-- Up-to-date: /home/px4/ros2/ws/install/px4_msgs/include/px4_msgs/px4_msgs\n'}
[1.454778] (px4_msgs) StdoutLine: {'line': b'-- Up-to-date: /home/px4/ros2/ws/install/px4_msgs/include/px4_msgs/px4_msgs/msg\n'}
[1.454872] (px4_msgs) StdoutLine: {'line': b'-- Up-to-date: /home/px4/ros2/ws/install/px4_msgs/include/px4_msgs/px4_msgs/msg/input_rc.h\n'}
[1.454969] (px4_msgs) StdoutLine: {'line': b'-- Up-to-date: /home/px4/ros2/ws/install/px4_msgs/include/px4_msgs/px4_msgs/msg/distance_sensor.h\n'}
[1.455051] (px4_msgs) StdoutLine: {'line': b'-- Up-to-date: /home/px4/ros2/ws/install/px4_msgs/include/px4_msgs/px4_msgs/msg/radio_status.h\n'}
[1.455131] (px4_msgs) StdoutLine: {'line': b'-- Up-to-date: /home/px4/ros2/ws/install/px4_msgs/include/px4_msgs/px4_msgs/msg/sensor_gps.h\n'}
[1.455237] (px4_msgs) StdoutLine: {'line': b'-- Up-to-date: /home/px4/ros2/ws/install/px4_msgs/include/px4_msgs/px4_msgs/msg/pure_pursuit_status.h\n'}
[1.455378] (px4_msgs) StdoutLine: {'line': b'-- Up-to-date: /home/px4/ros2/ws/install/px4_msgs/include/px4_msgs/px4_msgs/msg/health_report.h\n'}
[1.455447] (px4_msgs) StdoutLine: {'line': b'-- Up-to-date: /home/px4/ros2/ws/install/px4_msgs/include/px4_msgs/px4_msgs/msg/gimbal_controls.h\n'}
[1.455558] (px4_msgs) StdoutLine: {'line': b'-- Up-to-date: /home/px4/ros2/ws/install/px4_msgs/include/px4_msgs/px4_msgs/msg/config_overrides.h\n'}
[1.455638] (px4_msgs) StdoutLine: {'line': b'-- Up-to-date: /home/px4/ros2/ws/install/px4_msgs/include/px4_msgs/px4_msgs/msg/vehicle_command_ack.h\n'}
[1.455710] (px4_msgs) StdoutLine: {'line': b'-- Up-to-date: /home/px4/ros2/ws/install/px4_msgs/include/px4_msgs/px4_msgs/msg/orb_test_medium.h\n'}
[1.455778] (px4_msgs) StdoutLine: {'line': b'-- Up-to-date: /home/px4/ros2/ws/install/px4_msgs/include/px4_msgs/px4_msgs/msg/led_control.h\n'}
[1.455845] (px4_msgs) StdoutLine: {'line': b'-- Up-to-date: /home/px4/ros2/ws/install/px4_msgs/include/px4_msgs/px4_msgs/msg/uavcan_parameter_value.h\n'}
[1.455925] (px4_msgs) StdoutLine: {'line': b'-- Up-to-date: /home/px4/ros2/ws/install/px4_msgs/include/px4_msgs/px4_msgs/msg/gps_inject_data.h\n'}
[1.455995] (px4_msgs) StdoutLine: {'line': b'-- Up-to-date: /home/px4/ros2/ws/install/px4_msgs/include/px4_msgs/px4_msgs/msg/airspeed_wind.h\n'}
[1.456078] (px4_msgs) StdoutLine: {'line': b'-- Up-to-date: /home/px4/ros2/ws/install/px4_msgs/include/px4_msgs/px4_msgs/msg/estimator_selector_status.h\n'}
[1.456133] (px4_msgs) StdoutLine: {'line': b'-- Up-to-date: /home/px4/ros2/ws/install/px4_msgs/include/px4_msgs/px4_msgs/msg/actuator_servos.h\n'}
[1.456200] (px4_msgs) StdoutLine: {'line': b'-- Up-to-date: /home/px4/ros2/ws/install/px4_msgs/include/px4_msgs/px4_msgs/msg/estimator_aid_source1d.h\n'}
[1.456250] (px4_msgs) StdoutLine: {'line': b'-- Up-to-date: /home/px4/ros2/ws/install/px4_msgs/include/px4_msgs/px4_msgs/msg/vehicle_magnetometer.h\n'}
[1.456300] (px4_msgs) StdoutLine: {'line': b'-- Up-to-date: /home/px4/ros2/ws/install/px4_msgs/include/px4_msgs/px4_msgs/msg/vehicle_rates_setpoint.h\n'}
[1.456354] (px4_msgs) StdoutLine: {'line': b'-- Up-to-date: /home/px4/ros2/ws/install/px4_msgs/include/px4_msgs/px4_msgs/msg/collision_constraints.h\n'}
[1.456425] (px4_msgs) StdoutLine: {'line': b'-- Up-to-date: /home/px4/ros2/ws/install/px4_msgs/include/px4_msgs/px4_msgs/msg/orb_test.h\n'}
[1.456501] (px4_msgs) StdoutLine: {'line': b'-- Up-to-date: /home/px4/ros2/ws/install/px4_msgs/include/px4_msgs/px4_msgs/msg/ping.h\n'}
[1.456574] (px4_msgs) StdoutLine: {'line': b'-- Up-to-date: /home/px4/ros2/ws/install/px4_msgs/include/px4_msgs/px4_msgs/msg/actuator_motors.h\n'}
[1.456643] (px4_msgs) StdoutLine: {'line': b'-- Up-to-date: /home/px4/ros2/ws/install/px4_msgs/include/px4_msgs/px4_msgs/msg/geofence_status.h\n'}
[1.456709] (px4_msgs) StdoutLine: {'line': b'-- Up-to-date: /home/px4/ros2/ws/install/px4_msgs/include/px4_msgs/px4_msgs/msg/estimator_sensor_bias.h\n'}
[1.456808] (px4_msgs) StdoutLine: {'line': b'-- Up-to-date: /home/px4/ros2/ws/install/px4_msgs/include/px4_msgs/px4_msgs/msg/sensor_combined.h\n'}
[1.456905] (px4_msgs) StdoutLine: {'line': b'-- Up-to-date: /home/px4/ros2/ws/install/px4_msgs/include/px4_msgs/px4_msgs/msg/generator_status.h\n'}
[1.456975] (px4_msgs) StdoutLine: {'line': b'-- Up-to-date: /home/px4/ros2/ws/install/px4_msgs/include/px4_msgs/px4_msgs/msg/register_ext_component_request.h\n'}
[1.457033] (px4_msgs) StdoutLine: {'line': b'-- Up-to-date: /home/px4/ros2/ws/install/px4_msgs/include/px4_msgs/px4_msgs/msg/vehicle_angular_acceleration_setpoint.h\n'}
[1.457101] (px4_msgs) StdoutLine: {'line': b'-- Up-to-date: /home/px4/ros2/ws/install/px4_msgs/include/px4_msgs/px4_msgs/msg/pwm_input.h\n'}
[1.457168] (px4_msgs) StdoutLine: {'line': b'-- Up-to-date: /home/px4/ros2/ws/install/px4_msgs/include/px4_msgs/px4_msgs/msg/rover_velocity_setpoint.h\n'}
[1.457235] (px4_msgs) StdoutLine: {'line': b'-- Up-to-date: /home/px4/ros2/ws/install/px4_msgs/include/px4_msgs/px4_msgs/msg/ulog_stream_ack.h\n'}
[1.457334] (px4_msgs) StdoutLine: {'line': b'-- Up-to-date: /home/px4/ros2/ws/install/px4_msgs/include/px4_msgs/px4_msgs/msg/vehicle_optical_flow_vel.h\n'}
[1.457411] (px4_msgs) StdoutLine: {'line': b'-- Up-to-date: /home/px4/ros2/ws/install/px4_msgs/include/px4_msgs/px4_msgs/msg/vehicle_thrust_setpoint.h\n'}
[1.457488] (px4_msgs) StdoutLine: {'line': b'-- Up-to-date: /home/px4/ros2/ws/install/px4_msgs/include/px4_msgs/px4_msgs/msg/mavlink_tunnel.h\n'}
[1.457552] (px4_msgs) StdoutLine: {'line': b'-- Up-to-date: /home/px4/ros2/ws/install/px4_msgs/include/px4_msgs/px4_msgs/msg/follow_target_estimator.h\n'}
[1.457625] (px4_msgs) StdoutLine: {'line': b'-- Up-to-date: /home/px4/ros2/ws/install/px4_msgs/include/px4_msgs/px4_msgs/msg/gimbal_manager_set_manual_control.h\n'}
[1.457686] (px4_msgs) StdoutLine: {'line': b'-- Up-to-date: /home/px4/ros2/ws/install/px4_msgs/include/px4_msgs/px4_msgs/msg/camera_capture.h\n'}
[1.457752] (px4_msgs) StdoutLine: {'line': b'-- Up-to-date: /home/px4/ros2/ws/install/px4_msgs/include/px4_msgs/px4_msgs/msg/mount_orientation.h\n'}
[1.457855] (px4_msgs) StdoutLine: {'line': b'-- Up-to-date: /home/px4/ros2/ws/install/px4_msgs/include/px4_msgs/px4_msgs/msg/rover_attitude_status.h\n'}
[1.457933] (px4_msgs) StdoutLine: {'line': b'-- Up-to-date: /home/px4/ros2/ws/install/px4_msgs/include/px4_msgs/px4_msgs/msg/parameter_update.h\n'}
[1.458001] (px4_msgs) StdoutLine: {'line': b'-- Up-to-date: /home/px4/ros2/ws/install/px4_msgs/include/px4_msgs/px4_msgs/msg/qshell_retval.h\n'}
[1.458072] (px4_msgs) StdoutLine: {'line': b'-- Up-to-date: /home/px4/ros2/ws/install/px4_msgs/include/px4_msgs/px4_msgs/msg/gpio_request.h\n'}
[1.458134] (px4_msgs) StdoutLine: {'line': b'-- Up-to-date: /home/px4/ros2/ws/install/px4_msgs/include/px4_msgs/px4_msgs/msg/detail\n'}
[1.458245] (px4_msgs) StdoutLine: {'line': b'-- Up-to-date: /home/px4/ros2/ws/install/px4_msgs/include/px4_msgs/px4_msgs/msg/detail/input_rc__functions.c\n'}
[1.458347] (px4_msgs) StdoutLine: {'line': b'-- Up-to-date: /home/px4/ros2/ws/install/px4_msgs/include/px4_msgs/px4_msgs/msg/detail/sensor_mag__functions.h\n'}
[1.458415] (px4_msgs) StdoutLine: {'line': b'-- Up-to-date: /home/px4/ros2/ws/install/px4_msgs/include/px4_msgs/px4_msgs/msg/detail/vehicle_command__struct.h\n'}
[1.458480] (px4_msgs) StdoutLine: {'line': b'-- Up-to-date: /home/px4/ros2/ws/install/px4_msgs/include/px4_msgs/px4_msgs/msg/detail/rtl_status__functions.h\n'}
[1.458553] (px4_msgs) StdoutLine: {'line': b'-- Up-to-date: /home/px4/ros2/ws/install/px4_msgs/include/px4_msgs/px4_msgs/msg/detail/figure_eight_status__type_support.h\n'}
[1.458616] (px4_msgs) StdoutLine: {'line': b'-- Up-to-date: /home/px4/ros2/ws/install/px4_msgs/include/px4_msgs/px4_msgs/msg/detail/fixed_wing_lateral_setpoint__functions.h\n'}
[1.458678] (px4_msgs) StdoutLine: {'line': b'-- Up-to-date: /home/px4/ros2/ws/install/px4_msgs/include/px4_msgs/px4_msgs/msg/detail/sensor_optical_flow__type_support.h\n'}
[1.458776] (px4_msgs) StdoutLine: {'line': b'-- Up-to-date: /home/px4/ros2/ws/install/px4_msgs/include/px4_msgs/px4_msgs/msg/detail/distance_sensor_mode_change_request__struct.h\n'}
[1.458852] (px4_msgs) StdoutLine: {'line': b'-- Up-to-date: /home/px4/ros2/ws/install/px4_msgs/include/px4_msgs/px4_msgs/msg/detail/rover_rate_status__functions.h\n'}
[1.458930] (px4_msgs) StdoutLine: {'line': b'-- Up-to-date: /home/px4/ros2/ws/install/px4_msgs/include/px4_msgs/px4_msgs/msg/detail/dataman_response__functions.h\n'}
[1.459028] (px4_msgs) StdoutLine: {'line': b'-- Up-to-date: /home/px4/ros2/ws/install/px4_msgs/include/px4_msgs/px4_msgs/msg/detail/lateral_control_configuration__type_support.h\n'}
[1.459095] (px4_msgs) StdoutLine: {'line': b'-- Up-to-date: /home/px4/ros2/ws/install/px4_msgs/include/px4_msgs/px4_msgs/msg/detail/magnetometer_bias_estimate__struct.h\n'}
[1.459158] (px4_msgs) StdoutLine: {'line': b'-- Up-to-date: /home/px4/ros2/ws/install/px4_msgs/include/px4_msgs/px4_msgs/msg/detail/follow_target_estimator__struct.h\n'}
[1.459241] (px4_msgs) StdoutLine: {'line': b'-- Up-to-date: /home/px4/ros2/ws/install/px4_msgs/include/px4_msgs/px4_msgs/msg/detail/estimator_bias3d__struct.h\n'}
[1.459313] (px4_msgs) StdoutLine: {'line': b'-- Up-to-date: /home/px4/ros2/ws/install/px4_msgs/include/px4_msgs/px4_msgs/msg/detail/manual_control_switches__type_support.h\n'}
[1.459376] (px4_msgs) StdoutLine: {'line': b'-- Up-to-date: /home/px4/ros2/ws/install/px4_msgs/include/px4_msgs/px4_msgs/msg/detail/magnetometer_bias_estimate__functions.h\n'}
[1.459438] (px4_msgs) StdoutLine: {'line': b'-- Up-to-date: /home/px4/ros2/ws/install/px4_msgs/include/px4_msgs/px4_msgs/msg/detail/manual_control_setpoint__functions.c\n'}
[1.459658] (px4_msgs) StdoutLine: {'line': b'-- Up-to-date: /home/px4/ros2/ws/install/px4_msgs/include/px4_msgs/px4_msgs/msg/detail/vtol_vehicle_status__functions.c\n'}
[1.459734] (px4_msgs) StdoutLine: {'line': b'-- Up-to-date: /home/px4/ros2/ws/install/px4_msgs/include/px4_msgs/px4_msgs/msg/detail/task_stack_info__functions.h\n'}
[1.459801] (px4_msgs) StdoutLine: {'line': b'-- Up-to-date: /home/px4/ros2/ws/install/px4_msgs/include/px4_msgs/px4_msgs/msg/detail/camera_status__struct.h\n'}
[1.459922] (px4_msgs) StdoutLine: {'line': b'-- Up-to-date: /home/px4/ros2/ws/install/px4_msgs/include/px4_msgs/px4_msgs/msg/detail/camera_status__functions.h\n'}
[1.459994] (px4_msgs) StdoutLine: {'line': b'-- Up-to-date: /home/px4/ros2/ws/install/px4_msgs/include/px4_msgs/px4_msgs/msg/detail/estimator_aid_source2d__functions.c\n'}
[1.460065] (px4_msgs) StdoutLine: {'line': b'-- Up-to-date: /home/px4/ros2/ws/install/px4_msgs/include/px4_msgs/px4_msgs/msg/detail/config_overrides__functions.c\n'}
[1.460128] (px4_msgs) StdoutLine: {'line': b'-- Up-to-date: /home/px4/ros2/ws/install/px4_msgs/include/px4_msgs/px4_msgs/msg/detail/battery_status__struct.h\n'}
[1.460189] (px4_msgs) StdoutLine: {'line': b'-- Up-to-date: /home/px4/ros2/ws/install/px4_msgs/include/px4_msgs/px4_msgs/msg/detail/distance_sensor_mode_change_request__functions.c\n'}
[1.460259] (px4_msgs) StdoutLine: {'line': b'-- Up-to-date: /home/px4/ros2/ws/install/px4_msgs/include/px4_msgs/px4_msgs/msg/detail/parameter_update__struct.h\n'}
[1.460323] (px4_msgs) StdoutLine: {'line': b'-- Up-to-date: /home/px4/ros2/ws/install/px4_msgs/include/px4_msgs/px4_msgs/msg/detail/rover_rate_setpoint__functions.h\n'}
[1.460384] (px4_msgs) StdoutLine: {'line': b'-- Up-to-date: /home/px4/ros2/ws/install/px4_msgs/include/px4_msgs/px4_msgs/msg/detail/rover_rate_setpoint__type_support.h\n'}
[1.460451] (px4_msgs) StdoutLine: {'line': b'-- Up-to-date: /home/px4/ros2/ws/install/px4_msgs/include/px4_msgs/px4_msgs/msg/detail/camera_capture__functions.h\n'}
[1.460520] (px4_msgs) StdoutLine: {'line': b'-- Up-to-date: /home/px4/ros2/ws/install/px4_msgs/include/px4_msgs/px4_msgs/msg/detail/arming_check_request__type_support.h\n'}
[1.460593] (px4_msgs) StdoutLine: {'line': b'-- Up-to-date: /home/px4/ros2/ws/install/px4_msgs/include/px4_msgs/px4_msgs/msg/detail/mission__functions.h\n'}
[1.460656] (px4_msgs) StdoutLine: {'line': b'-- Up-to-date: /home/px4/ros2/ws/install/px4_msgs/include/px4_msgs/px4_msgs/msg/detail/register_ext_component_reply__functions.h\n'}
[1.460807] (px4_msgs) StdoutLine: {'line': b'-- Up-to-date: /home/px4/ros2/ws/install/px4_msgs/include/px4_msgs/px4_msgs/msg/detail/mission_result__struct.h\n'}
[1.460922] (px4_msgs) StdoutLine: {'line': b'-- Up-to-date: /home/px4/ros2/ws/install/px4_msgs/include/px4_msgs/px4_msgs/msg/detail/log_message__type_support.h\n'}
[1.460996] (px4_msgs) StdoutLine: {'line': b'-- Up-to-date: /home/px4/ros2/ws/install/px4_msgs/include/px4_msgs/px4_msgs/msg/detail/can_interface_status__struct.h\n'}
[1.461059] (px4_msgs) StdoutLine: {'line': b'-- Up-to-date: /home/px4/ros2/ws/install/px4_msgs/include/px4_msgs/px4_msgs/msg/detail/vehicle_optical_flow__type_support.h\n'}
[1.461149] (px4_msgs) StdoutLine: {'line': b'-- Up-to-date: /home/px4/ros2/ws/install/px4_msgs/include/px4_msgs/px4_msgs/msg/detail/open_drone_id_arm_status__type_support.h\n'}
[1.461217] (px4_msgs) StdoutLine: {'line': b'-- Up-to-date: /home/px4/ros2/ws/install/px4_msgs/include/px4_msgs/px4_msgs/msg/detail/geofence_status__struct.h\n'}
[1.461280] (px4_msgs) StdoutLine: {'line': b'-- Up-to-date: /home/px4/ros2/ws/install/px4_msgs/include/px4_msgs/px4_msgs/msg/detail/actuator_armed__type_support.h\n'}
[1.461350] (px4_msgs) StdoutLine: {'line': b'-- Up-to-date: /home/px4/ros2/ws/install/px4_msgs/include/px4_msgs/px4_msgs/msg/detail/camera_capture__functions.c\n'}
[1.461413] (px4_msgs) StdoutLine: {'line': b'-- Up-to-date: /home/px4/ros2/ws/install/px4_msgs/include/px4_msgs/px4_msgs/msg/detail/vtol_vehicle_status__type_support.h\n'}
[1.461482] (px4_msgs) StdoutLine: {'line': b'-- Up-to-date: /home/px4/ros2/ws/install/px4_msgs/include/px4_msgs/px4_msgs/msg/detail/trajectory_setpoint6dof__functions.c\n'}
[1.461586] (px4_msgs) StdoutLine: {'line': b'-- Up-to-date: /home/px4/ros2/ws/install/px4_msgs/include/px4_msgs/px4_msgs/msg/detail/heater_status__type_support.h\n'}
[1.461655] (px4_msgs) StdoutLine: {'line': b'-- Up-to-date: /home/px4/ros2/ws/install/px4_msgs/include/px4_msgs/px4_msgs/msg/detail/rover_rate_status__functions.c\n'}
[1.461716] (px4_msgs) StdoutLine: {'line': b'-- Up-to-date: /home/px4/ros2/ws/install/px4_msgs/include/px4_msgs/px4_msgs/msg/detail/vehicle_imu_status__functions.h\n'}
[1.461826] (px4_msgs) StdoutLine: {'line': b'-- Up-to-date: /home/px4/ros2/ws/install/px4_msgs/include/px4_msgs/px4_msgs/msg/detail/fixed_wing_lateral_guidance_status__functions.h\n'}
[1.461925] (px4_msgs) StdoutLine: {'line': b'-- Up-to-date: /home/px4/ros2/ws/install/px4_msgs/include/px4_msgs/px4_msgs/msg/detail/unregister_ext_component__functions.h\n'}
[1.461992] (px4_msgs) StdoutLine: {'line': b'-- Up-to-date: /home/px4/ros2/ws/install/px4_msgs/include/px4_msgs/px4_msgs/msg/detail/qshell_req__functions.c\n'}
[1.462055] (px4_msgs) StdoutLine: {'line': b'-- Up-to-date: /home/px4/ros2/ws/install/px4_msgs/include/px4_msgs/px4_msgs/msg/detail/actuator_outputs__functions.c\n'}
[1.462144] (px4_msgs) StdoutLine: {'line': b'-- Up-to-date: /home/px4/ros2/ws/install/px4_msgs/include/px4_msgs/px4_msgs/msg/detail/airspeed_wind__functions.h\n'}
[1.462214] (px4_msgs) StdoutLine: {'line': b'-- Up-to-date: /home/px4/ros2/ws/install/px4_msgs/include/px4_msgs/px4_msgs/msg/detail/vehicle_imu_status__functions.c\n'}
[1.462306] (px4_msgs) StdoutLine: {'line': b'-- Up-to-date: /home/px4/ros2/ws/install/px4_msgs/include/px4_msgs/px4_msgs/msg/detail/event__struct.h\n'}
[1.462382] (px4_msgs) StdoutLine: {'line': b'-- Up-to-date: /home/px4/ros2/ws/install/px4_msgs/include/px4_msgs/px4_msgs/msg/detail/pwm_input__functions.c\n'}
[1.462457] (px4_msgs) StdoutLine: {'line': b'-- Up-to-date: /home/px4/ros2/ws/install/px4_msgs/include/px4_msgs/px4_msgs/msg/detail/position_setpoint__functions.c\n'}
[1.462529] (px4_msgs) StdoutLine: {'line': b'-- Up-to-date: /home/px4/ros2/ws/install/px4_msgs/include/px4_msgs/px4_msgs/msg/detail/config_overrides__functions.h\n'}
[1.462594] (px4_msgs) StdoutLine: {'line': b'-- Up-to-date: /home/px4/ros2/ws/install/px4_msgs/include/px4_msgs/px4_msgs/msg/detail/telemetry_status__functions.h\n'}
[1.462689] (px4_msgs) StdoutLine: {'line': b'-- Up-to-date: /home/px4/ros2/ws/install/px4_msgs/include/px4_msgs/px4_msgs/msg/detail/rover_position_setpoint__functions.h\n'}
[1.462756] (px4_msgs) StdoutLine: {'line': b'-- Up-to-date: /home/px4/ros2/ws/install/px4_msgs/include/px4_msgs/px4_msgs/msg/detail/sensor_uwb__struct.h\n'}
[1.462817] (px4_msgs) StdoutLine: {'line': b'-- Up-to-date: /home/px4/ros2/ws/install/px4_msgs/include/px4_msgs/px4_msgs/msg/detail/rc_channels__functions.c\n'}
[1.462886] (px4_msgs) StdoutLine: {'line': b'-- Up-to-date: /home/px4/ros2/ws/install/px4_msgs/include/px4_msgs/px4_msgs/msg/detail/button_event__type_support.h\n'}
[1.462955] (px4_msgs) StdoutLine: {'line': b'-- Up-to-date: /home/px4/ros2/ws/install/px4_msgs/include/px4_msgs/px4_msgs/msg/detail/task_stack_info__struct.h\n'}
[1.463025] (px4_msgs) StdoutLine: {'line': b'-- Up-to-date: /home/px4/ros2/ws/install/px4_msgs/include/px4_msgs/px4_msgs/msg/detail/position_controller_landing_status__functions.c\n'}
[1.463093] (px4_msgs) StdoutLine: {'line': b'-- Up-to-date: /home/px4/ros2/ws/install/px4_msgs/include/px4_msgs/px4_msgs/msg/detail/offboard_control_mode__type_support.h\n'}
[1.463154] (px4_msgs) StdoutLine: {'line': b'-- Up-to-date: /home/px4/ros2/ws/install/px4_msgs/include/px4_msgs/px4_msgs/msg/detail/sensor_preflight_mag__struct.h\n'}
[1.463225] (px4_msgs) StdoutLine: {'line': b'-- Up-to-date: /home/px4/ros2/ws/install/px4_msgs/include/px4_msgs/px4_msgs/msg/detail/estimator_selector_status__functions.c\n'}
[1.463331] (px4_msgs) StdoutLine: {'line': b'-- Up-to-date: /home/px4/ros2/ws/install/px4_msgs/include/px4_msgs/px4_msgs/msg/detail/vehicle_optical_flow__struct.h\n'}
[1.463405] (px4_msgs) StdoutLine: {'line': b'-- Up-to-date: /home/px4/ros2/ws/install/px4_msgs/include/px4_msgs/px4_msgs/msg/detail/distance_sensor__functions.h\n'}
[1.463479] (px4_msgs) StdoutLine: {'line': b'-- Up-to-date: /home/px4/ros2/ws/install/px4_msgs/include/px4_msgs/px4_msgs/msg/detail/power_button_state__functions.h\n'}
[1.463540] (px4_msgs) StdoutLine: {'line': b'-- Up-to-date: /home/px4/ros2/ws/install/px4_msgs/include/px4_msgs/px4_msgs/msg/detail/health_report__functions.h\n'}
[1.463607] (px4_msgs) StdoutLine: {'line': b'-- Up-to-date: /home/px4/ros2/ws/install/px4_msgs/include/px4_msgs/px4_msgs/msg/detail/tiltrotor_extra_controls__struct.h\n'}
[1.463677] (px4_msgs) StdoutLine: {'line': b'-- Up-to-date: /home/px4/ros2/ws/install/px4_msgs/include/px4_msgs/px4_msgs/msg/detail/figure_eight_status__struct.h\n'}
[1.463743] (px4_msgs) StdoutLine: {'line': b'-- Up-to-date: /home/px4/ros2/ws/install/px4_msgs/include/px4_msgs/px4_msgs/msg/detail/button_event__struct.h\n'}
[1.463811] (px4_msgs) StdoutLine: {'line': b'-- Up-to-date: /home/px4/ros2/ws/install/px4_msgs/include/px4_msgs/px4_msgs/msg/detail/vehicle_control_mode__struct.h\n'}
[1.463887] (px4_msgs) StdoutLine: {'line': b'-- Up-to-date: /home/px4/ros2/ws/install/px4_msgs/include/px4_msgs/px4_msgs/msg/detail/gps_dump__functions.h\n'}
[1.464020] (px4_msgs) StdoutLine: {'line': b'-- Up-to-date: /home/px4/ros2/ws/install/px4_msgs/include/px4_msgs/px4_msgs/msg/detail/estimator_innovations__functions.c\n'}
[1.464097] (px4_msgs) StdoutLine: {'line': b'-- Up-to-date: /home/px4/ros2/ws/install/px4_msgs/include/px4_msgs/px4_msgs/msg/detail/follow_target__type_support.h\n'}
[1.464168] (px4_msgs) StdoutLine: {'line': b'-- Up-to-date: /home/px4/ros2/ws/install/px4_msgs/include/px4_msgs/px4_msgs/msg/detail/register_ext_component_reply__type_support.h\n'}
[1.464230] (px4_msgs) StdoutLine: {'line': b'-- Up-to-date: /home/px4/ros2/ws/install/px4_msgs/include/px4_msgs/px4_msgs/msg/detail/geofence_result__functions.c\n'}
[1.464293] (px4_msgs) StdoutLine: {'line': b'-- Up-to-date: /home/px4/ros2/ws/install/px4_msgs/include/px4_msgs/px4_msgs/msg/detail/can_interface_status__functions.c\n'}
[1.464393] (px4_msgs) StdoutLine: {'line': b'-- Up-to-date: /home/px4/ros2/ws/install/px4_msgs/include/px4_msgs/px4_msgs/msg/detail/open_drone_id_self_id__functions.c\n'}
[1.464460] (px4_msgs) StdoutLine: {'line': b'-- Up-to-date: /home/px4/ros2/ws/install/px4_msgs/include/px4_msgs/px4_msgs/msg/detail/parameter_reset_request__functions.c\n'}
[1.464552] (px4_msgs) StdoutLine: {'line': b'-- Up-to-date: /home/px4/ros2/ws/install/px4_msgs/include/px4_msgs/px4_msgs/msg/detail/rate_ctrl_status__struct.h\n'}
[1.464626] (px4_msgs) StdoutLine: {'line': b'-- Up-to-date: /home/px4/ros2/ws/install/px4_msgs/include/px4_msgs/px4_msgs/msg/detail/gimbal_device_set_attitude__struct.h\n'}
[1.464698] (px4_msgs) StdoutLine: {'line': b'-- Up-to-date: /home/px4/ros2/ws/install/px4_msgs/include/px4_msgs/px4_msgs/msg/detail/log_message__struct.h\n'}
[1.464761] (px4_msgs) StdoutLine: {'line': b'-- Up-to-date: /home/px4/ros2/ws/install/px4_msgs/include/px4_msgs/px4_msgs/msg/detail/open_drone_id_arm_status__struct.h\n'}
[1.464825] (px4_msgs) StdoutLine: {'line': b'-- Up-to-date: /home/px4/ros2/ws/install/px4_msgs/include/px4_msgs/px4_msgs/msg/detail/transponder_report__functions.c\n'}
[1.464911] (px4_msgs) StdoutLine: {'line': b'-- Up-to-date: /home/px4/ros2/ws/install/px4_msgs/include/px4_msgs/px4_msgs/msg/detail/gimbal_manager_set_manual_control__functions.c\n'}
[1.464981] (px4_msgs) StdoutLine: {'line': b'-- Up-to-date: /home/px4/ros2/ws/install/px4_msgs/include/px4_msgs/px4_msgs/msg/detail/rtl_time_estimate__type_support.h\n'}
[1.465050] (px4_msgs) StdoutLine: {'line': b'-- Up-to-date: /home/px4/ros2/ws/install/px4_msgs/include/px4_msgs/px4_msgs/msg/detail/gimbal_device_set_attitude__functions.h\n'}
[1.465113] (px4_msgs) StdoutLine: {'line': b'-- Up-to-date: /home/px4/ros2/ws/install/px4_msgs/include/px4_msgs/px4_msgs/msg/detail/ping__functions.h\n'}
[1.465228] (px4_msgs) StdoutLine: {'line': b'-- Up-to-date: /home/px4/ros2/ws/install/px4_msgs/include/px4_msgs/px4_msgs/msg/detail/mission_result__functions.c\n'}
[1.465302] (px4_msgs) StdoutLine: {'line': b'-- Up-to-date: /home/px4/ros2/ws/install/px4_msgs/include/px4_msgs/px4_msgs/msg/detail/open_drone_id_system__struct.h\n'}
[1.465364] (px4_msgs) StdoutLine: {'line': b'-- Up-to-date: /home/px4/ros2/ws/install/px4_msgs/include/px4_msgs/px4_msgs/msg/detail/power_monitor__type_support.h\n'}
[1.465429] (px4_msgs) StdoutLine: {'line': b'-- Up-to-date: /home/px4/ros2/ws/install/px4_msgs/include/px4_msgs/px4_msgs/msg/detail/gpio_out__functions.h\n'}
[1.465523] (px4_msgs) StdoutLine: {'line': b'-- Up-to-date: /home/px4/ros2/ws/install/px4_msgs/include/px4_msgs/px4_msgs/msg/detail/gimbal_manager_information__functions.h\n'}
[1.465598] (px4_msgs) StdoutLine: {'line': b'-- Up-to-date: /home/px4/ros2/ws/install/px4_msgs/include/px4_msgs/px4_msgs/msg/detail/estimator_gps_status__functions.c\n'}
[1.465694] (px4_msgs) StdoutLine: {'line': b'-- Up-to-date: /home/px4/ros2/ws/install/px4_msgs/include/px4_msgs/px4_msgs/msg/detail/actuator_motors__functions.h\n'}
[1.465769] (px4_msgs) StdoutLine: {'line': b'-- Up-to-date: /home/px4/ros2/ws/install/px4_msgs/include/px4_msgs/px4_msgs/msg/detail/pps_capture__functions.h\n'}
[1.465850] (px4_msgs) StdoutLine: {'line': b'-- Up-to-date: /home/px4/ros2/ws/install/px4_msgs/include/px4_msgs/px4_msgs/msg/detail/mount_orientation__struct.h\n'}
[1.465974] (px4_msgs) StdoutLine: {'line': b'-- Up-to-date: /home/px4/ros2/ws/install/px4_msgs/include/px4_msgs/px4_msgs/msg/detail/cpuload__functions.c\n'}
[1.466055] (px4_msgs) StdoutLine: {'line': b'-- Up-to-date: /home/px4/ros2/ws/install/px4_msgs/include/px4_msgs/px4_msgs/msg/detail/sensor_gyro_fifo__functions.h\n'}
[1.466136] (px4_msgs) StdoutLine: {'line': b'-- Up-to-date: /home/px4/ros2/ws/install/px4_msgs/include/px4_msgs/px4_msgs/msg/detail/vehicle_torque_setpoint__functions.h\n'}
[1.466216] (px4_msgs) StdoutLine: {'line': b'-- Up-to-date: /home/px4/ros2/ws/install/px4_msgs/include/px4_msgs/px4_msgs/msg/detail/landing_gear__type_support.h\n'}
[1.466285] (px4_msgs) StdoutLine: {'line': b'-- Up-to-date: /home/px4/ros2/ws/install/px4_msgs/include/px4_msgs/px4_msgs/msg/detail/estimator_gps_status__functions.h\n'}
[1.466351] (px4_msgs) StdoutLine: {'line': b'-- Up-to-date: /home/px4/ros2/ws/install/px4_msgs/include/px4_msgs/px4_msgs/msg/detail/actuator_outputs__type_support.h\n'}
[1.466442] (px4_msgs) StdoutLine: {'line': b'-- Up-to-date: /home/px4/ros2/ws/install/px4_msgs/include/px4_msgs/px4_msgs/msg/detail/failsafe_flags__functions.c\n'}
[1.466511] (px4_msgs) StdoutLine: {'line': b'-- Up-to-date: /home/px4/ros2/ws/install/px4_msgs/include/px4_msgs/px4_msgs/msg/detail/estimator_status_flags__struct.h\n'}
[1.466592] (px4_msgs) StdoutLine: {'line': b'-- Up-to-date: /home/px4/ros2/ws/install/px4_msgs/include/px4_msgs/px4_msgs/msg/detail/dronecan_node_status__struct.h\n'}
[1.466657] (px4_msgs) StdoutLine: {'line': b'-- Up-to-date: /home/px4/ros2/ws/install/px4_msgs/include/px4_msgs/px4_msgs/msg/detail/rpm__functions.c\n'}
[1.466711] (px4_msgs) StdoutLine: {'line': b'-- Up-to-date: /home/px4/ros2/ws/install/px4_msgs/include/px4_msgs/px4_msgs/msg/detail/arming_check_request__struct.h\n'}
[1.466785] (px4_msgs) StdoutLine: {'line': b'-- Up-to-date: /home/px4/ros2/ws/install/px4_msgs/include/px4_msgs/px4_msgs/msg/detail/button_event__functions.c\n'}
[1.466849] (px4_msgs) StdoutLine: {'line': b'-- Up-to-date: /home/px4/ros2/ws/install/px4_msgs/include/px4_msgs/px4_msgs/msg/detail/internal_combustion_engine_status__struct.h\n'}
[1.467005] (px4_msgs) StdoutLine: {'line': b'-- Up-to-date: /home/px4/ros2/ws/install/px4_msgs/include/px4_msgs/px4_msgs/msg/detail/distance_sensor_mode_change_request__type_support.h\n'}
[1.467095] (px4_msgs) StdoutLine: {'line': b'-- Up-to-date: /home/px4/ros2/ws/install/px4_msgs/include/px4_msgs/px4_msgs/msg/detail/wind__functions.h\n'}
[1.467249] (px4_msgs) StdoutLine: {'line': b'-- Up-to-date: /home/px4/ros2/ws/install/px4_msgs/include/px4_msgs/px4_msgs/msg/detail/gpio_in__functions.h\n'}
[1.467327] (px4_msgs) StdoutLine: {'line': b'-- Up-to-date: /home/px4/ros2/ws/install/px4_msgs/include/px4_msgs/px4_msgs/msg/detail/internal_combustion_engine_control__struct.h\n'}
[1.467456] (px4_msgs) StdoutLine: {'line': b'-- Up-to-date: /home/px4/ros2/ws/install/px4_msgs/include/px4_msgs/px4_msgs/msg/detail/distance_sensor_mode_change_request__functions.h\n'}
[1.467531] (px4_msgs) StdoutLine: {'line': b'-- Up-to-date: /home/px4/ros2/ws/install/px4_msgs/include/px4_msgs/px4_msgs/msg/detail/event__functions.c\n'}
[1.467603] (px4_msgs) StdoutLine: {'line': b'-- Up-to-date: /home/px4/ros2/ws/install/px4_msgs/include/px4_msgs/px4_msgs/msg/detail/vehicle_optical_flow_vel__functions.h\n'}
[1.467717] (px4_msgs) StdoutLine: {'line': b'-- Up-to-date: /home/px4/ros2/ws/install/px4_msgs/include/px4_msgs/px4_msgs/msg/detail/camera_trigger__type_support.h\n'}
[1.467816] (px4_msgs) StdoutLine: {'line': b'-- Up-to-date: /home/px4/ros2/ws/install/px4_msgs/include/px4_msgs/px4_msgs/msg/detail/follow_target_estimator__type_support.h\n'}
[1.467899] (px4_msgs) StdoutLine: {'line': b'-- Up-to-date: /home/px4/ros2/ws/install/px4_msgs/include/px4_msgs/px4_msgs/msg/detail/mission_result__type_support.h\n'}
[1.467978] (px4_msgs) StdoutLine: {'line': b'-- Up-to-date: /home/px4/ros2/ws/install/px4_msgs/include/px4_msgs/px4_msgs/msg/detail/irlock_report__functions.h\n'}
[1.468090] (px4_msgs) StdoutLine: {'line': b'-- Up-to-date: /home/px4/ros2/ws/install/px4_msgs/include/px4_msgs/px4_msgs/msg/detail/control_allocator_status__struct.h\n'}
[1.468163] (px4_msgs) StdoutLine: {'line': b'-- Up-to-date: /home/px4/ros2/ws/install/px4_msgs/include/px4_msgs/px4_msgs/msg/detail/takeoff_status__functions.h\n'}
[1.468262] (px4_msgs) StdoutLine: {'line': b'-- Up-to-date: /home/px4/ros2/ws/install/px4_msgs/include/px4_msgs/px4_msgs/msg/detail/vehicle_command_ack__functions.h\n'}
[1.468358] (px4_msgs) StdoutLine: {'line': b'-- Up-to-date: /home/px4/ros2/ws/install/px4_msgs/include/px4_msgs/px4_msgs/msg/detail/gimbal_device_attitude_status__functions.h\n'}
[1.468433] (px4_msgs) StdoutLine: {'line': b'-- Up-to-date: /home/px4/ros2/ws/install/px4_msgs/include/px4_msgs/px4_msgs/msg/detail/uavcan_parameter_request__functions.c\n'}
[1.468561] (px4_msgs) StdoutLine: {'line': b'-- Up-to-date: /home/px4/ros2/ws/install/px4_msgs/include/px4_msgs/px4_msgs/msg/detail/gimbal_manager_set_attitude__struct.h\n'}
[1.468672] (px4_msgs) StdoutLine: {'line': b'-- Up-to-date: /home/px4/ros2/ws/install/px4_msgs/include/px4_msgs/px4_msgs/msg/detail/gps_dump__type_support.h\n'}
[1.468746] (px4_msgs) StdoutLine: {'line': b'-- Up-to-date: /home/px4/ros2/ws/install/px4_msgs/include/px4_msgs/px4_msgs/msg/detail/transponder_report__functions.h\n'}
[1.468819] (px4_msgs) StdoutLine: {'line': b'-- Up-to-date: /home/px4/ros2/ws/install/px4_msgs/include/px4_msgs/px4_msgs/msg/detail/event__functions.h\n'}
[1.468959] (px4_msgs) StdoutLine: {'line': b'-- Up-to-date: /home/px4/ros2/ws/install/px4_msgs/include/px4_msgs/px4_msgs/msg/detail/telemetry_status__type_support.h\n'}
[1.469040] (px4_msgs) StdoutLine: {'line': b'-- Up-to-date: /home/px4/ros2/ws/install/px4_msgs/include/px4_msgs/px4_msgs/msg/detail/fixed_wing_lateral_status__functions.h\n'}
[1.469141] (px4_msgs) StdoutLine: {'line': b'-- Up-to-date: /home/px4/ros2/ws/install/px4_msgs/include/px4_msgs/px4_msgs/msg/detail/debug_vect__functions.c\n'}
[1.469237] (px4_msgs) StdoutLine: {'line': b'-- Up-to-date: /home/px4/ros2/ws/install/px4_msgs/include/px4_msgs/px4_msgs/msg/detail/vehicle_roi__functions.h\n'}
[1.469345] (px4_msgs) StdoutLine: {'line': b'-- Up-to-date: /home/px4/ros2/ws/install/px4_msgs/include/px4_msgs/px4_msgs/msg/detail/cellular_status__struct.h\n'}
[1.469441] (px4_msgs) StdoutLine: {'line': b'-- Up-to-date: /home/px4/ros2/ws/install/px4_msgs/include/px4_msgs/px4_msgs/msg/detail/rover_velocity_setpoint__functions.h\n'}
[1.469517] (px4_msgs) StdoutLine: {'line': b'-- Up-to-date: /home/px4/ros2/ws/install/px4_msgs/include/px4_msgs/px4_msgs/msg/detail/estimator_aid_source1d__functions.c\n'}
[1.469640] (px4_msgs) StdoutLine: {'line': b'-- Up-to-date: /home/px4/ros2/ws/install/px4_msgs/include/px4_msgs/px4_msgs/msg/detail/battery_status__type_support.h\n'}
[1.469711] (px4_msgs) StdoutLine: {'line': b'-- Up-to-date: /home/px4/ros2/ws/install/px4_msgs/include/px4_msgs/px4_msgs/msg/detail/sensor_correction__functions.h\n'}
[1.469774] (px4_msgs) StdoutLine: {'line': b'-- Up-to-date: /home/px4/ros2/ws/install/px4_msgs/include/px4_msgs/px4_msgs/msg/detail/obstacle_distance__struct.h\n'}
[1.469832] (px4_msgs) StdoutLine: {'line': b'-- Up-to-date: /home/px4/ros2/ws/install/px4_msgs/include/px4_msgs/px4_msgs/msg/detail/gpio_config__struct.h\n'}
[1.469934] (px4_msgs) StdoutLine: {'line': b'-- Up-to-date: /home/px4/ros2/ws/install/px4_msgs/include/px4_msgs/px4_msgs/msg/detail/wheel_encoders__functions.c\n'}
[1.470001] (px4_msgs) StdoutLine: {'line': b'-- Up-to-date: /home/px4/ros2/ws/install/px4_msgs/include/px4_msgs/px4_msgs/msg/detail/sensor_selection__functions.h\n'}
[1.470061] (px4_msgs) StdoutLine: {'line': b'-- Up-to-date: /home/px4/ros2/ws/install/px4_msgs/include/px4_msgs/px4_msgs/msg/detail/rc_parameter_map__functions.h\n'}
[1.470146] (px4_msgs) StdoutLine: {'line': b'-- Up-to-date: /home/px4/ros2/ws/install/px4_msgs/include/px4_msgs/px4_msgs/msg/detail/rc_parameter_map__functions.c\n'}
[1.470209] (px4_msgs) StdoutLine: {'line': b'-- Up-to-date: /home/px4/ros2/ws/install/px4_msgs/include/px4_msgs/px4_msgs/msg/detail/parameter_set_value_response__type_support.h\n'}
[1.470299] (px4_msgs) StdoutLine: {'line': b'-- Up-to-date: /home/px4/ros2/ws/install/px4_msgs/include/px4_msgs/px4_msgs/msg/detail/sensor_accel_fifo__functions.c\n'}
[1.470377] (px4_msgs) StdoutLine: {'line': b'-- Up-to-date: /home/px4/ros2/ws/install/px4_msgs/include/px4_msgs/px4_msgs/msg/detail/system_power__struct.h\n'}
[1.470439] (px4_msgs) StdoutLine: {'line': b'-- Up-to-date: /home/px4/ros2/ws/install/px4_msgs/include/px4_msgs/px4_msgs/msg/detail/landing_gear_wheel__type_support.h\n'}
[1.470510] (px4_msgs) StdoutLine: {'line': b'-- Up-to-date: /home/px4/ros2/ws/install/px4_msgs/include/px4_msgs/px4_msgs/msg/detail/unregister_ext_component__type_support.h\n'}
[1.470575] (px4_msgs) StdoutLine: {'line': b'-- Up-to-date: /home/px4/ros2/ws/install/px4_msgs/include/px4_msgs/px4_msgs/msg/detail/pure_pursuit_status__functions.h\n'}
[1.470640] (px4_msgs) StdoutLine: {'line': b'-- Up-to-date: /home/px4/ros2/ws/install/px4_msgs/include/px4_msgs/px4_msgs/msg/detail/vehicle_magnetometer__functions.h\n'}
[1.470723] (px4_msgs) StdoutLine: {'line': b'-- Up-to-date: /home/px4/ros2/ws/install/px4_msgs/include/px4_msgs/px4_msgs/msg/detail/parameter_update__type_support.h\n'}
[1.470804] (px4_msgs) StdoutLine: {'line': b'-- Up-to-date: /home/px4/ros2/ws/install/px4_msgs/include/px4_msgs/px4_msgs/msg/detail/fixed_wing_lateral_setpoint__functions.c\n'}
[1.470877] (px4_msgs) StdoutLine: {'line': b'-- Up-to-date: /home/px4/ros2/ws/install/px4_msgs/include/px4_msgs/px4_msgs/msg/detail/sensor_correction__type_support.h\n'}
[1.471048] (px4_msgs) StdoutLine: {'line': b'-- Up-to-date: /home/px4/ros2/ws/install/px4_msgs/include/px4_msgs/px4_msgs/msg/detail/register_ext_component_reply__struct.h\n'}
[1.471132] (px4_msgs) StdoutLine: {'line': b'-- Up-to-date: /home/px4/ros2/ws/install/px4_msgs/include/px4_msgs/px4_msgs/msg/detail/radio_status__struct.h\n'}
[1.471203] (px4_msgs) StdoutLine: {'line': b'-- Up-to-date: /home/px4/ros2/ws/install/px4_msgs/include/px4_msgs/px4_msgs/msg/detail/message_format_response__type_support.h\n'}
[1.471285] (px4_msgs) StdoutLine: {'line': b'-- Up-to-date: /home/px4/ros2/ws/install/px4_msgs/include/px4_msgs/px4_msgs/msg/detail/sensor_gyro_fft__type_support.h\n'}
[1.471355] (px4_msgs) StdoutLine: {'line': b'-- Up-to-date: /home/px4/ros2/ws/install/px4_msgs/include/px4_msgs/px4_msgs/msg/detail/esc_status__type_support.h\n'}
[1.471419] (px4_msgs) StdoutLine: {'line': b'-- Up-to-date: /home/px4/ros2/ws/install/px4_msgs/include/px4_msgs/px4_msgs/msg/detail/transponder_report__struct.h\n'}
[1.471519] (px4_msgs) StdoutLine: {'line': b'-- Up-to-date: /home/px4/ros2/ws/install/px4_msgs/include/px4_msgs/px4_msgs/msg/detail/gpio_request__functions.h\n'}
[1.471584] (px4_msgs) StdoutLine: {'line': b'-- Up-to-date: /home/px4/ros2/ws/install/px4_msgs/include/px4_msgs/px4_msgs/msg/detail/iridiumsbd_status__type_support.h\n'}
[1.471645] (px4_msgs) StdoutLine: {'line': b'-- Up-to-date: /home/px4/ros2/ws/install/px4_msgs/include/px4_msgs/px4_msgs/msg/detail/sensor_gyro__functions.c\n'}
[1.471704] (px4_msgs) StdoutLine: {'line': b'-- Up-to-date: /home/px4/ros2/ws/install/px4_msgs/include/px4_msgs/px4_msgs/msg/detail/rc_parameter_map__struct.h\n'}
[1.471787] (px4_msgs) StdoutLine: {'line': b'-- Up-to-date: /home/px4/ros2/ws/install/px4_msgs/include/px4_msgs/px4_msgs/msg/detail/debug_vect__struct.h\n'}
[1.471849] (px4_msgs) StdoutLine: {'line': b'-- Up-to-date: /home/px4/ros2/ws/install/px4_msgs/include/px4_msgs/px4_msgs/msg/detail/mag_worker_data__functions.h\n'}
[1.471943] (px4_msgs) StdoutLine: {'line': b'-- Up-to-date: /home/px4/ros2/ws/install/px4_msgs/include/px4_msgs/px4_msgs/msg/detail/parameter_set_value_response__struct.h\n'}
[1.472011] (px4_msgs) StdoutLine: {'line': b'-- Up-to-date: /home/px4/ros2/ws/install/px4_msgs/include/px4_msgs/px4_msgs/msg/detail/heater_status__functions.h\n'}
[1.472100] (px4_msgs) StdoutLine: {'line': b'-- Up-to-date: /home/px4/ros2/ws/install/px4_msgs/include/px4_msgs/px4_msgs/msg/detail/actuator_servos_trim__functions.h\n'}
[1.472161] (px4_msgs) StdoutLine: {'line': b'-- Up-to-date: /home/px4/ros2/ws/install/px4_msgs/include/px4_msgs/px4_msgs/msg/detail/landing_gear_wheel__functions.h\n'}
[1.472236] (px4_msgs) StdoutLine: {'line': b'-- Up-to-date: /home/px4/ros2/ws/install/px4_msgs/include/px4_msgs/px4_msgs/msg/detail/vehicle_acceleration__type_support.h\n'}
[1.472297] (px4_msgs) StdoutLine: {'line': b'-- Up-to-date: /home/px4/ros2/ws/install/px4_msgs/include/px4_msgs/px4_msgs/msg/detail/obstacle_distance__functions.h\n'}
[1.472368] (px4_msgs) StdoutLine: {'line': b'-- Up-to-date: /home/px4/ros2/ws/install/px4_msgs/include/px4_msgs/px4_msgs/msg/detail/estimator_innovations__type_support.h\n'}
[1.472434] (px4_msgs) StdoutLine: {'line': b'-- Up-to-date: /home/px4/ros2/ws/install/px4_msgs/include/px4_msgs/px4_msgs/msg/detail/rover_attitude_setpoint__functions.c\n'}
[1.472496] (px4_msgs) StdoutLine: {'line': b'-- Up-to-date: /home/px4/ros2/ws/install/px4_msgs/include/px4_msgs/px4_msgs/msg/detail/sensor_airflow__struct.h\n'}
[1.472587] (px4_msgs) StdoutLine: {'line': b'-- Up-to-date: /home/px4/ros2/ws/install/px4_msgs/include/px4_msgs/px4_msgs/msg/detail/vehicle_magnetometer__struct.h\n'}
[1.472663] (px4_msgs) StdoutLine: {'line': b'-- Up-to-date: /home/px4/ros2/ws/install/px4_msgs/include/px4_msgs/px4_msgs/msg/detail/rover_attitude_setpoint__functions.h\n'}
[1.472729] (px4_msgs) StdoutLine: {'line': b'-- Up-to-date: /home/px4/ros2/ws/install/px4_msgs/include/px4_msgs/px4_msgs/msg/detail/open_drone_id_self_id__type_support.h\n'}
[1.472800] (px4_msgs) StdoutLine: {'line': b'-- Up-to-date: /home/px4/ros2/ws/install/px4_msgs/include/px4_msgs/px4_msgs/msg/detail/flight_phase_estimation__type_support.h\n'}
[1.472877] (px4_msgs) StdoutLine: {'line': b'-- Up-to-date: /home/px4/ros2/ws/install/px4_msgs/include/px4_msgs/px4_msgs/msg/detail/hover_thrust_estimate__struct.h\n'}
[1.472980] (px4_msgs) StdoutLine: {'line': b'-- Up-to-date: /home/px4/ros2/ws/install/px4_msgs/include/px4_msgs/px4_msgs/msg/detail/sensor_gyro_fft__struct.h\n'}
[1.473047] (px4_msgs) StdoutLine: {'line': b'-- Up-to-date: /home/px4/ros2/ws/install/px4_msgs/include/px4_msgs/px4_msgs/msg/detail/camera_trigger__functions.h\n'}
[1.473124] (px4_msgs) StdoutLine: {'line': b'-- Up-to-date: /home/px4/ros2/ws/install/px4_msgs/include/px4_msgs/px4_msgs/msg/detail/orbit_status__struct.h\n'}
[1.473187] (px4_msgs) StdoutLine: {'line': b'-- Up-to-date: /home/px4/ros2/ws/install/px4_msgs/include/px4_msgs/px4_msgs/msg/detail/gpio_request__struct.h\n'}
[1.473247] (px4_msgs) StdoutLine: {'line': b'-- Up-to-date: /home/px4/ros2/ws/install/px4_msgs/include/px4_msgs/px4_msgs/msg/detail/failure_detector_status__functions.h\n'}
[1.473309] (px4_msgs) StdoutLine: {'line': b'-- Up-to-date: /home/px4/ros2/ws/install/px4_msgs/include/px4_msgs/px4_msgs/msg/detail/rover_throttle_setpoint__struct.h\n'}
[1.473392] (px4_msgs) StdoutLine: {'line': b'-- Up-to-date: /home/px4/ros2/ws/install/px4_msgs/include/px4_msgs/px4_msgs/msg/detail/vehicle_thrust_setpoint__functions.c\n'}
[1.473460] (px4_msgs) StdoutLine: {'line': b'-- Up-to-date: /home/px4/ros2/ws/install/px4_msgs/include/px4_msgs/px4_msgs/msg/detail/gpio_in__functions.c\n'}
[1.473518] (px4_msgs) StdoutLine: {'line': b'-- Up-to-date: /home/px4/ros2/ws/install/px4_msgs/include/px4_msgs/px4_msgs/msg/detail/uavcan_parameter_value__struct.h\n'}
[1.473610] (px4_msgs) StdoutLine: {'line': b'-- Up-to-date: /home/px4/ros2/ws/install/px4_msgs/include/px4_msgs/px4_msgs/msg/detail/rtl_time_estimate__functions.c\n'}
[1.473685] (px4_msgs) StdoutLine: {'line': b'-- Up-to-date: /home/px4/ros2/ws/install/px4_msgs/include/px4_msgs/px4_msgs/msg/detail/vehicle_angular_acceleration_setpoint__type_support.h\n'}
[1.473748] (px4_msgs) StdoutLine: {'line': b'-- Up-to-date: /home/px4/ros2/ws/install/px4_msgs/include/px4_msgs/px4_msgs/msg/detail/actuator_test__functions.c\n'}
[1.473827] (px4_msgs) StdoutLine: {'line': b'-- Up-to-date: /home/px4/ros2/ws/install/px4_msgs/include/px4_msgs/px4_msgs/msg/detail/arming_check_request__functions.c\n'}
[1.473906] (px4_msgs) StdoutLine: {'line': b'-- Up-to-date: /home/px4/ros2/ws/install/px4_msgs/include/px4_msgs/px4_msgs/msg/detail/tune_control__struct.h\n'}
[1.473986] (px4_msgs) StdoutLine: {'line': b'-- Up-to-date: /home/px4/ros2/ws/install/px4_msgs/include/px4_msgs/px4_msgs/msg/detail/sensor_preflight_mag__functions.c\n'}
[1.474045] (px4_msgs) StdoutLine: {'line': b'-- Up-to-date: /home/px4/ros2/ws/install/px4_msgs/include/px4_msgs/px4_msgs/msg/detail/position_setpoint_triplet__functions.c\n'}
[1.474119] (px4_msgs) StdoutLine: {'line': b'-- Up-to-date: /home/px4/ros2/ws/install/px4_msgs/include/px4_msgs/px4_msgs/msg/detail/sensors_status__struct.h\n'}
[1.474182] (px4_msgs) StdoutLine: {'line': b'-- Up-to-date: /home/px4/ros2/ws/install/px4_msgs/include/px4_msgs/px4_msgs/msg/detail/gimbal_device_attitude_status__type_support.h\n'}
[1.474256] (px4_msgs) StdoutLine: {'line': b'-- Up-to-date: /home/px4/ros2/ws/install/px4_msgs/include/px4_msgs/px4_msgs/msg/detail/debug_array__struct.h\n'}
[1.474318] (px4_msgs) StdoutLine: {'line': b'-- Up-to-date: /home/px4/ros2/ws/install/px4_msgs/include/px4_msgs/px4_msgs/msg/detail/neural_control__type_support.h\n'}
[1.474391] (px4_msgs) StdoutLine: {'line': b'-- Up-to-date: /home/px4/ros2/ws/install/px4_msgs/include/px4_msgs/px4_msgs/msg/detail/tecs_status__type_support.h\n'}
[1.474492] (px4_msgs) StdoutLine: {'line': b'-- Up-to-date: /home/px4/ros2/ws/install/px4_msgs/include/px4_msgs/px4_msgs/msg/detail/home_position__struct.h\n'}
[1.474559] (px4_msgs) StdoutLine: {'line': b'-- Up-to-date: /home/px4/ros2/ws/install/px4_msgs/include/px4_msgs/px4_msgs/msg/detail/geofence_status__functions.c\n'}
[1.474618] (px4_msgs) StdoutLine: {'line': b'-- Up-to-date: /home/px4/ros2/ws/install/px4_msgs/include/px4_msgs/px4_msgs/msg/detail/sensor_baro__type_support.h\n'}
[1.474697] (px4_msgs) StdoutLine: {'line': b'-- Up-to-date: /home/px4/ros2/ws/install/px4_msgs/include/px4_msgs/px4_msgs/msg/detail/gpio_in__type_support.h\n'}
[1.474757] (px4_msgs) StdoutLine: {'line': b'-- Up-to-date: /home/px4/ros2/ws/install/px4_msgs/include/px4_msgs/px4_msgs/msg/detail/px4io_status__functions.c\n'}
[1.474835] (px4_msgs) StdoutLine: {'line': b'-- Up-to-date: /home/px4/ros2/ws/install/px4_msgs/include/px4_msgs/px4_msgs/msg/detail/arming_check_reply__functions.h\n'}
[1.474907] (px4_msgs) StdoutLine: {'line': b'-- Up-to-date: /home/px4/ros2/ws/install/px4_msgs/include/px4_msgs/px4_msgs/msg/detail/vehicle_attitude__functions.c\n'}
[1.474983] (px4_msgs) StdoutLine: {'line': b'-- Up-to-date: /home/px4/ros2/ws/install/px4_msgs/include/px4_msgs/px4_msgs/msg/detail/fuel_tank_status__struct.h\n'}
[1.475047] (px4_msgs) StdoutLine: {'line': b'-- Up-to-date: /home/px4/ros2/ws/install/px4_msgs/include/px4_msgs/px4_msgs/msg/detail/actuator_armed__functions.c\n'}
[1.475120] (px4_msgs) StdoutLine: {'line': b'-- Up-to-date: /home/px4/ros2/ws/install/px4_msgs/include/px4_msgs/px4_msgs/msg/detail/estimator_innovations__struct.h\n'}
[1.475181] (px4_msgs) StdoutLine: {'line': b'-- Up-to-date: /home/px4/ros2/ws/install/px4_msgs/include/px4_msgs/px4_msgs/msg/detail/rover_attitude_status__functions.c\n'}
[1.475254] (px4_msgs) StdoutLine: {'line': b'-- Up-to-date: /home/px4/ros2/ws/install/px4_msgs/include/px4_msgs/px4_msgs/msg/detail/mavlink_log__functions.h\n'}
[1.475318] (px4_msgs) StdoutLine: {'line': b'-- Up-to-date: /home/px4/ros2/ws/install/px4_msgs/include/px4_msgs/px4_msgs/msg/detail/magnetometer_bias_estimate__functions.c\n'}
[1.475393] (px4_msgs) StdoutLine: {'line': b'-- Up-to-date: /home/px4/ros2/ws/install/px4_msgs/include/px4_msgs/px4_msgs/msg/detail/mavlink_tunnel__functions.h\n'}
[1.475453] (px4_msgs) StdoutLine: {'line': b'-- Up-to-date: /home/px4/ros2/ws/install/px4_msgs/include/px4_msgs/px4_msgs/msg/detail/landing_target_innovations__functions.c\n'}
[1.475527] (px4_msgs) StdoutLine: {'line': b'-- Up-to-date: /home/px4/ros2/ws/install/px4_msgs/include/px4_msgs/px4_msgs/msg/detail/follow_target_estimator__functions.h\n'}
[1.475590] (px4_msgs) StdoutLine: {'line': b'-- Up-to-date: /home/px4/ros2/ws/install/px4_msgs/include/px4_msgs/px4_msgs/msg/detail/arming_check_reply__type_support.h\n'}
[1.475648] (px4_msgs) StdoutLine: {'line': b'-- Up-to-date: /home/px4/ros2/ws/install/px4_msgs/include/px4_msgs/px4_msgs/msg/detail/rpm__type_support.h\n'}
[1.475726] (px4_msgs) StdoutLine: {'line': b'-- Up-to-date: /home/px4/ros2/ws/install/px4_msgs/include/px4_msgs/px4_msgs/msg/detail/rover_attitude_status__functions.h\n'}
[1.475787] (px4_msgs) StdoutLine: {'line': b'-- Up-to-date: /home/px4/ros2/ws/install/px4_msgs/include/px4_msgs/px4_msgs/msg/detail/internal_combustion_engine_status__functions.h\n'}
[1.475856] (px4_msgs) StdoutLine: {'line': b'-- Up-to-date: /home/px4/ros2/ws/install/px4_msgs/include/px4_msgs/px4_msgs/msg/detail/arming_check_request__functions.h\n'}
[1.475929] (px4_msgs) StdoutLine: {'line': b'-- Up-to-date: /home/px4/ros2/ws/install/px4_msgs/include/px4_msgs/px4_msgs/msg/detail/longitudinal_control_configuration__type_support.h\n'}
[1.475992] (px4_msgs) StdoutLine: {'line': b'-- Up-to-date: /home/px4/ros2/ws/install/px4_msgs/include/px4_msgs/px4_msgs/msg/detail/irlock_report__struct.h\n'}
[1.476088] (px4_msgs) StdoutLine: {'line': b'-- Up-to-date: /home/px4/ros2/ws/install/px4_msgs/include/px4_msgs/px4_msgs/msg/detail/trajectory_setpoint6dof__struct.h\n'}
[1.476165] (px4_msgs) StdoutLine: {'line': b'-- Up-to-date: /home/px4/ros2/ws/install/px4_msgs/include/px4_msgs/px4_msgs/msg/detail/gimbal_manager_information__functions.c\n'}
[1.476225] (px4_msgs) StdoutLine: {'line': b'-- Up-to-date: /home/px4/ros2/ws/install/px4_msgs/include/px4_msgs/px4_msgs/msg/detail/rover_attitude_status__type_support.h\n'}
[1.476297] (px4_msgs) StdoutLine: {'line': b'-- Up-to-date: /home/px4/ros2/ws/install/px4_msgs/include/px4_msgs/px4_msgs/msg/detail/dronecan_node_status__functions.c\n'}
[1.476362] (px4_msgs) StdoutLine: {'line': b'-- Up-to-date: /home/px4/ros2/ws/install/px4_msgs/include/px4_msgs/px4_msgs/msg/detail/task_stack_info__functions.c\n'}
[1.476437] (px4_msgs) StdoutLine: {'line': b'-- Up-to-date: /home/px4/ros2/ws/install/px4_msgs/include/px4_msgs/px4_msgs/msg/detail/follow_target__functions.h\n'}
[1.476501] (px4_msgs) StdoutLine: {'line': b'-- Up-to-date: /home/px4/ros2/ws/install/px4_msgs/include/px4_msgs/px4_msgs/msg/detail/mode_completed__type_support.h\n'}
[1.476562] (px4_msgs) StdoutLine: {'line': b'-- Up-to-date: /home/px4/ros2/ws/install/px4_msgs/include/px4_msgs/px4_msgs/msg/detail/trajectory_setpoint6dof__functions.h\n'}
[1.476634] (px4_msgs) StdoutLine: {'line': b'-- Up-to-date: /home/px4/ros2/ws/install/px4_msgs/include/px4_msgs/px4_msgs/msg/detail/wind__functions.c\n'}
[1.476703] (px4_msgs) StdoutLine: {'line': b'-- Up-to-date: /home/px4/ros2/ws/install/px4_msgs/include/px4_msgs/px4_msgs/msg/detail/parameter_update__functions.h\n'}
[1.476766] (px4_msgs) StdoutLine: {'line': b'-- Up-to-date: /home/px4/ros2/ws/install/px4_msgs/include/px4_msgs/px4_msgs/msg/detail/actuator_test__functions.h\n'}
[1.476824] (px4_msgs) StdoutLine: {'line': b'-- Up-to-date: /home/px4/ros2/ws/install/px4_msgs/include/px4_msgs/px4_msgs/msg/detail/orbit_status__functions.c\n'}
[1.476925] (px4_msgs) StdoutLine: {'line': b'-- Up-to-date: /home/px4/ros2/ws/install/px4_msgs/include/px4_msgs/px4_msgs/msg/detail/vehicle_status__functions.h\n'}
[1.477005] (px4_msgs) StdoutLine: {'line': b'-- Up-to-date: /home/px4/ros2/ws/install/px4_msgs/include/px4_msgs/px4_msgs/msg/detail/sensors_status_imu__functions.h\n'}
[1.477069] (px4_msgs) StdoutLine: {'line': b'-- Up-to-date: /home/px4/ros2/ws/install/px4_msgs/include/px4_msgs/px4_msgs/msg/detail/rover_velocity_setpoint__type_support.h\n'}
[1.477132] (px4_msgs) StdoutLine: {'line': b'-- Up-to-date: /home/px4/ros2/ws/install/px4_msgs/include/px4_msgs/px4_msgs/msg/detail/rtl_status__type_support.h\n'}
[1.477193] (px4_msgs) StdoutLine: {'line': b'-- Up-to-date: /home/px4/ros2/ws/install/px4_msgs/include/px4_msgs/px4_msgs/msg/detail/autotune_attitude_control_status__type_support.h\n'}
[1.477256] (px4_msgs) StdoutLine: {'line': b'-- Up-to-date: /home/px4/ros2/ws/install/px4_msgs/include/px4_msgs/px4_msgs/msg/detail/ulog_stream_ack__functions.h\n'}
[1.477332] (px4_msgs) StdoutLine: {'line': b'-- Up-to-date: /home/px4/ros2/ws/install/px4_msgs/include/px4_msgs/px4_msgs/msg/detail/estimator_event_flags__type_support.h\n'}
[1.477393] (px4_msgs) StdoutLine: {'line': b'-- Up-to-date: /home/px4/ros2/ws/install/px4_msgs/include/px4_msgs/px4_msgs/msg/detail/actuator_servos_trim__type_support.h\n'}
[1.477459] (px4_msgs) StdoutLine: {'line': b'-- Up-to-date: /home/px4/ros2/ws/install/px4_msgs/include/px4_msgs/px4_msgs/msg/detail/vehicle_land_detected__type_support.h\n'}
[1.477521] (px4_msgs) StdoutLine: {'line': b'-- Up-to-date: /home/px4/ros2/ws/install/px4_msgs/include/px4_msgs/px4_msgs/msg/detail/hover_thrust_estimate__functions.c\n'}
[1.477585] (px4_msgs) StdoutLine: {'line': b'-- Up-to-date: /home/px4/ros2/ws/install/px4_msgs/include/px4_msgs/px4_msgs/msg/detail/open_drone_id_operator_id__struct.h\n'}
[1.477646] (px4_msgs) StdoutLine: {'line': b'-- Up-to-date: /home/px4/ros2/ws/install/px4_msgs/include/px4_msgs/px4_msgs/msg/detail/vehicle_local_position_setpoint__functions.h\n'}
[1.477755] (px4_msgs) StdoutLine: {'line': b'-- Up-to-date: /home/px4/ros2/ws/install/px4_msgs/include/px4_msgs/px4_msgs/msg/detail/adc_report__functions.c\n'}
[1.477821] (px4_msgs) StdoutLine: {'line': b'-- Up-to-date: /home/px4/ros2/ws/install/px4_msgs/include/px4_msgs/px4_msgs/msg/detail/telemetry_status__struct.h\n'}
[1.477898] (px4_msgs) StdoutLine: {'line': b'-- Up-to-date: /home/px4/ros2/ws/install/px4_msgs/include/px4_msgs/px4_msgs/msg/detail/follow_target_status__type_support.h\n'}
[1.477965] (px4_msgs) StdoutLine: {'line': b'-- Up-to-date: /home/px4/ros2/ws/install/px4_msgs/include/px4_msgs/px4_msgs/msg/detail/mavlink_log__functions.c\n'}
[1.478028] (px4_msgs) StdoutLine: {'line': b'-- Up-to-date: /home/px4/ros2/ws/install/px4_msgs/include/px4_msgs/px4_msgs/msg/detail/iridiumsbd_status__functions.h\n'}
[1.478125] (px4_msgs) StdoutLine: {'line': b'-- Up-to-date: /home/px4/ros2/ws/install/px4_msgs/include/px4_msgs/px4_msgs/msg/detail/battery_info__type_support.h\n'}
[1.478187] (px4_msgs) StdoutLine: {'line': b'-- Up-to-date: /home/px4/ros2/ws/install/px4_msgs/include/px4_msgs/px4_msgs/msg/detail/orb_test__functions.c\n'}
[1.478252] (px4_msgs) StdoutLine: {'line': b'-- Up-to-date: /home/px4/ros2/ws/install/px4_msgs/include/px4_msgs/px4_msgs/msg/detail/parameter_set_used_request__struct.h\n'}
[1.478316] (px4_msgs) StdoutLine: {'line': b'-- Up-to-date: /home/px4/ros2/ws/install/px4_msgs/include/px4_msgs/px4_msgs/msg/detail/sensor_optical_flow__functions.c\n'}
[1.478382] (px4_msgs) StdoutLine: {'line': b'-- Up-to-date: /home/px4/ros2/ws/install/px4_msgs/include/px4_msgs/px4_msgs/msg/detail/vehicle_global_position__struct.h\n'}
[1.478447] (px4_msgs) StdoutLine: {'line': b'-- Up-to-date: /home/px4/ros2/ws/install/px4_msgs/include/px4_msgs/px4_msgs/msg/detail/differential_pressure__functions.h\n'}
[1.478513] (px4_msgs) StdoutLine: {'line': b'-- Up-to-date: /home/px4/ros2/ws/install/px4_msgs/include/px4_msgs/px4_msgs/msg/detail/launch_detection_status__functions.h\n'}
[1.478578] (px4_msgs) StdoutLine: {'line': b'-- Up-to-date: /home/px4/ros2/ws/install/px4_msgs/include/px4_msgs/px4_msgs/msg/detail/vehicle_status__struct.h\n'}
[1.478642] (px4_msgs) StdoutLine: {'line': b'-- Up-to-date: /home/px4/ros2/ws/install/px4_msgs/include/px4_msgs/px4_msgs/msg/detail/open_drone_id_arm_status__functions.h\n'}
[1.478705] (px4_msgs) StdoutLine: {'line': b'-- Up-to-date: /home/px4/ros2/ws/install/px4_msgs/include/px4_msgs/px4_msgs/msg/detail/sensor_combined__type_support.h\n'}
[1.478765] (px4_msgs) StdoutLine: {'line': b'-- Up-to-date: /home/px4/ros2/ws/install/px4_msgs/include/px4_msgs/px4_msgs/msg/detail/ulog_stream_ack__type_support.h\n'}
[1.478840] (px4_msgs) StdoutLine: {'line': b'-- Up-to-date: /home/px4/ros2/ws/install/px4_msgs/include/px4_msgs/px4_msgs/msg/detail/mode_completed__struct.h\n'}
[1.478910] (px4_msgs) StdoutLine: {'line': b'-- Up-to-date: /home/px4/ros2/ws/install/px4_msgs/include/px4_msgs/px4_msgs/msg/detail/adc_report__struct.h\n'}
[1.478987] (px4_msgs) StdoutLine: {'line': b'-- Up-to-date: /home/px4/ros2/ws/install/px4_msgs/include/px4_msgs/px4_msgs/msg/detail/landing_target_innovations__struct.h\n'}
[1.479058] (px4_msgs) StdoutLine: {'line': b'-- Up-to-date: /home/px4/ros2/ws/install/px4_msgs/include/px4_msgs/px4_msgs/msg/detail/gimbal_manager_information__type_support.h\n'}
[1.479116] (px4_msgs) StdoutLine: {'line': b'-- Up-to-date: /home/px4/ros2/ws/install/px4_msgs/include/px4_msgs/px4_msgs/msg/detail/rtl_time_estimate__struct.h\n'}
[1.479185] (px4_msgs) StdoutLine: {'line': b'-- Up-to-date: /home/px4/ros2/ws/install/px4_msgs/include/px4_msgs/px4_msgs/msg/detail/mission_result__functions.h\n'}
[1.479244] (px4_msgs) StdoutLine: {'line': b'-- Up-to-date: /home/px4/ros2/ws/install/px4_msgs/include/px4_msgs/px4_msgs/msg/detail/sensor_gyro__functions.h\n'}
[1.479308] (px4_msgs) StdoutLine: {'line': b'-- Up-to-date: /home/px4/ros2/ws/install/px4_msgs/include/px4_msgs/px4_msgs/msg/detail/wind__type_support.h\n'}
[1.479379] (px4_msgs) StdoutLine: {'line': b'-- Up-to-date: /home/px4/ros2/ws/install/px4_msgs/include/px4_msgs/px4_msgs/msg/detail/navigator_mission_item__functions.c\n'}
[1.479438] (px4_msgs) StdoutLine: {'line': b'-- Up-to-date: /home/px4/ros2/ws/install/px4_msgs/include/px4_msgs/px4_msgs/msg/detail/position_setpoint__type_support.h\n'}
[1.479501] (px4_msgs) StdoutLine: {'line': b'-- Up-to-date: /home/px4/ros2/ws/install/px4_msgs/include/px4_msgs/px4_msgs/msg/detail/vtol_vehicle_status__functions.h\n'}
[1.479566] (px4_msgs) StdoutLine: {'line': b'-- Up-to-date: /home/px4/ros2/ws/install/px4_msgs/include/px4_msgs/px4_msgs/msg/detail/airspeed__type_support.h\n'}
[1.479627] (px4_msgs) StdoutLine: {'line': b'-- Up-to-date: /home/px4/ros2/ws/install/px4_msgs/include/px4_msgs/px4_msgs/msg/detail/vehicle_roi__functions.c\n'}
[1.479688] (px4_msgs) StdoutLine: {'line': b'-- Up-to-date: /home/px4/ros2/ws/install/px4_msgs/include/px4_msgs/px4_msgs/msg/detail/vehicle_thrust_setpoint__type_support.h\n'}
[1.479738] (px4_msgs) StdoutLine: {'line': b'-- Up-to-date: /home/px4/ros2/ws/install/px4_msgs/include/px4_msgs/px4_msgs/msg/detail/camera_trigger__functions.c\n'}
[1.479785] (px4_msgs) StdoutLine: {'line': b'-- Up-to-date: /home/px4/ros2/ws/install/px4_msgs/include/px4_msgs/px4_msgs/msg/detail/sensor_mag__type_support.h\n'}
[1.479843] (px4_msgs) StdoutLine: {'line': b'-- Up-to-date: /home/px4/ros2/ws/install/px4_msgs/include/px4_msgs/px4_msgs/msg/detail/vehicle_attitude_setpoint__struct.h\n'}
[1.479913] (px4_msgs) StdoutLine: {'line': b'-- Up-to-date: /home/px4/ros2/ws/install/px4_msgs/include/px4_msgs/px4_msgs/msg/detail/vehicle_control_mode__functions.h\n'}
[1.480014] (px4_msgs) StdoutLine: {'line': b'-- Up-to-date: /home/px4/ros2/ws/install/px4_msgs/include/px4_msgs/px4_msgs/msg/detail/mavlink_tunnel__type_support.h\n'}
[1.480116] (px4_msgs) StdoutLine: {'line': b'-- Up-to-date: /home/px4/ros2/ws/install/px4_msgs/include/px4_msgs/px4_msgs/msg/detail/sensor_gnss_relative__functions.h\n'}
[1.480191] (px4_msgs) StdoutLine: {'line': b'-- Up-to-date: /home/px4/ros2/ws/install/px4_msgs/include/px4_msgs/px4_msgs/msg/detail/follow_target_status__struct.h\n'}
[1.480274] (px4_msgs) StdoutLine: {'line': b'-- Up-to-date: /home/px4/ros2/ws/install/px4_msgs/include/px4_msgs/px4_msgs/msg/detail/cpuload__functions.h\n'}
[1.480339] (px4_msgs) StdoutLine: {'line': b'-- Up-to-date: /home/px4/ros2/ws/install/px4_msgs/include/px4_msgs/px4_msgs/msg/detail/cpuload__struct.h\n'}
[1.480414] (px4_msgs) StdoutLine: {'line': b'-- Up-to-date: /home/px4/ros2/ws/install/px4_msgs/include/px4_msgs/px4_msgs/msg/detail/figure_eight_status__functions.h\n'}
[1.480489] (px4_msgs) StdoutLine: {'line': b'-- Up-to-date: /home/px4/ros2/ws/install/px4_msgs/include/px4_msgs/px4_msgs/msg/detail/esc_report__type_support.h\n'}
[1.480551] (px4_msgs) StdoutLine: {'line': b'-- Up-to-date: /home/px4/ros2/ws/install/px4_msgs/include/px4_msgs/px4_msgs/msg/detail/vehicle_rates_setpoint__type_support.h\n'}
[1.480613] (px4_msgs) StdoutLine: {'line': b'-- Up-to-date: /home/px4/ros2/ws/install/px4_msgs/include/px4_msgs/px4_msgs/msg/detail/iridiumsbd_status__struct.h\n'}
[1.480675] (px4_msgs) StdoutLine: {'line': b'-- Up-to-date: /home/px4/ros2/ws/install/px4_msgs/include/px4_msgs/px4_msgs/msg/detail/vehicle_command_ack__struct.h\n'}
[1.480740] (px4_msgs) StdoutLine: {'line': b'-- Up-to-date: /home/px4/ros2/ws/install/px4_msgs/include/px4_msgs/px4_msgs/msg/detail/gimbal_device_set_attitude__functions.c\n'}
[1.480803] (px4_msgs) StdoutLine: {'line': b'-- Up-to-date: /home/px4/ros2/ws/install/px4_msgs/include/px4_msgs/px4_msgs/msg/detail/sensor_baro__functions.c\n'}
[1.480874] (px4_msgs) StdoutLine: {'line': b'-- Up-to-date: /home/px4/ros2/ws/install/px4_msgs/include/px4_msgs/px4_msgs/msg/detail/mavlink_tunnel__struct.h\n'}
[1.480974] (px4_msgs) StdoutLine: {'line': b'-- Up-to-date: /home/px4/ros2/ws/install/px4_msgs/include/px4_msgs/px4_msgs/msg/detail/mission__struct.h\n'}
[1.481037] (px4_msgs) StdoutLine: {'line': b'-- Up-to-date: /home/px4/ros2/ws/install/px4_msgs/include/px4_msgs/px4_msgs/msg/detail/pwm_input__type_support.h\n'}
[1.481111] (px4_msgs) StdoutLine: {'line': b'-- Up-to-date: /home/px4/ros2/ws/install/px4_msgs/include/px4_msgs/px4_msgs/msg/detail/orb_test__functions.h\n'}
[1.481188] (px4_msgs) StdoutLine: {'line': b'-- Up-to-date: /home/px4/ros2/ws/install/px4_msgs/include/px4_msgs/px4_msgs/msg/detail/longitudinal_control_configuration__functions.c\n'}
[1.481249] (px4_msgs) StdoutLine: {'line': b'-- Up-to-date: /home/px4/ros2/ws/install/px4_msgs/include/px4_msgs/px4_msgs/msg/detail/message_format_request__functions.c\n'}
[1.481338] (px4_msgs) StdoutLine: {'line': b'-- Up-to-date: /home/px4/ros2/ws/install/px4_msgs/include/px4_msgs/px4_msgs/msg/detail/flight_phase_estimation__functions.c\n'}
[1.481407] (px4_msgs) StdoutLine: {'line': b'-- Up-to-date: /home/px4/ros2/ws/install/px4_msgs/include/px4_msgs/px4_msgs/msg/detail/transponder_report__type_support.h\n'}
[1.481491] (px4_msgs) StdoutLine: {'line': b'-- Up-to-date: /home/px4/ros2/ws/install/px4_msgs/include/px4_msgs/px4_msgs/msg/detail/vehicle_constraints__struct.h\n'}
[1.481576] (px4_msgs) StdoutLine: {'line': b'-- Up-to-date: /home/px4/ros2/ws/install/px4_msgs/include/px4_msgs/px4_msgs/msg/detail/position_controller_landing_status__functions.h\n'}
[1.481641] (px4_msgs) StdoutLine: {'line': b'-- Up-to-date: /home/px4/ros2/ws/install/px4_msgs/include/px4_msgs/px4_msgs/msg/detail/esc_status__struct.h\n'}
[1.481691] (px4_msgs) StdoutLine: {'line': b'-- Up-to-date: /home/px4/ros2/ws/install/px4_msgs/include/px4_msgs/px4_msgs/msg/detail/estimator_gps_status__type_support.h\n'}
[1.481764] (px4_msgs) StdoutLine: {'line': b'-- Up-to-date: /home/px4/ros2/ws/install/px4_msgs/include/px4_msgs/px4_msgs/msg/detail/fixed_wing_lateral_status__functions.c\n'}
[1.481837] (px4_msgs) StdoutLine: {'line': b'-- Up-to-date: /home/px4/ros2/ws/install/px4_msgs/include/px4_msgs/px4_msgs/msg/detail/navigator_status__functions.h\n'}
[1.481932] (px4_msgs) StdoutLine: {'line': b'-- Up-to-date: /home/px4/ros2/ws/install/px4_msgs/include/px4_msgs/px4_msgs/msg/detail/uavcan_parameter_value__functions.h\n'}
[1.482003] (px4_msgs) StdoutLine: {'line': b'-- Up-to-date: /home/px4/ros2/ws/install/px4_msgs/include/px4_msgs/px4_msgs/msg/detail/hover_thrust_estimate__functions.h\n'}
[1.482067] (px4_msgs) StdoutLine: {'line': b'-- Up-to-date: /home/px4/ros2/ws/install/px4_msgs/include/px4_msgs/px4_msgs/msg/detail/sensor_gyro_fifo__functions.c\n'}
[1.482171] (px4_msgs) StdoutLine: {'line': b'-- Up-to-date: /home/px4/ros2/ws/install/px4_msgs/include/px4_msgs/px4_msgs/msg/detail/vehicle_torque_setpoint__type_support.h\n'}
[1.482259] (px4_msgs) StdoutLine: {'line': b'-- Up-to-date: /home/px4/ros2/ws/install/px4_msgs/include/px4_msgs/px4_msgs/msg/detail/magnetometer_bias_estimate__type_support.h\n'}
[1.482324] (px4_msgs) StdoutLine: {'line': b'-- Up-to-date: /home/px4/ros2/ws/install/px4_msgs/include/px4_msgs/px4_msgs/msg/detail/sensor_selection__struct.h\n'}
[1.482390] (px4_msgs) StdoutLine: {'line': b'-- Up-to-date: /home/px4/ros2/ws/install/px4_msgs/include/px4_msgs/px4_msgs/msg/detail/orbit_status__functions.h\n'}
[1.482467] (px4_msgs) StdoutLine: {'line': b'-- Up-to-date: /home/px4/ros2/ws/install/px4_msgs/include/px4_msgs/px4_msgs/msg/detail/gimbal_manager_status__type_support.h\n'}
[1.482542] (px4_msgs) StdoutLine: {'line': b'-- Up-to-date: /home/px4/ros2/ws/install/px4_msgs/include/px4_msgs/px4_msgs/msg/detail/power_monitor__functions.h\n'}
[1.482626] (px4_msgs) StdoutLine: {'line': b'-- Up-to-date: /home/px4/ros2/ws/install/px4_msgs/include/px4_msgs/px4_msgs/msg/detail/rc_channels__type_support.h\n'}
[1.482704] (px4_msgs) StdoutLine: {'line': b'-- Up-to-date: /home/px4/ros2/ws/install/px4_msgs/include/px4_msgs/px4_msgs/msg/detail/gimbal_manager_set_attitude__functions.c\n'}
[1.482770] (px4_msgs) StdoutLine: {'line': b'-- Up-to-date: /home/px4/ros2/ws/install/px4_msgs/include/px4_msgs/px4_msgs/msg/detail/sensor_correction__functions.c\n'}
[1.482834] (px4_msgs) StdoutLine: {'line': b'-- Up-to-date: /home/px4/ros2/ws/install/px4_msgs/include/px4_msgs/px4_msgs/msg/detail/rover_velocity_status__functions.h\n'}
[1.482924] (px4_msgs) StdoutLine: {'line': b'-- Up-to-date: /home/px4/ros2/ws/install/px4_msgs/include/px4_msgs/px4_msgs/msg/detail/vehicle_imu__type_support.h\n'}
[1.483011] (px4_msgs) StdoutLine: {'line': b'-- Up-to-date: /home/px4/ros2/ws/install/px4_msgs/include/px4_msgs/px4_msgs/msg/detail/actuator_servos_trim__struct.h\n'}
[1.483072] (px4_msgs) StdoutLine: {'line': b'-- Up-to-date: /home/px4/ros2/ws/install/px4_msgs/include/px4_msgs/px4_msgs/msg/detail/mode_completed__functions.h\n'}
[1.483146] (px4_msgs) StdoutLine: {'line': b'-- Up-to-date: /home/px4/ros2/ws/install/px4_msgs/include/px4_msgs/px4_msgs/msg/detail/power_button_state__type_support.h\n'}
[1.483205] (px4_msgs) StdoutLine: {'line': b'-- Up-to-date: /home/px4/ros2/ws/install/px4_msgs/include/px4_msgs/px4_msgs/msg/detail/landing_gear__struct.h\n'}
[1.483282] (px4_msgs) StdoutLine: {'line': b'-- Up-to-date: /home/px4/ros2/ws/install/px4_msgs/include/px4_msgs/px4_msgs/msg/detail/open_drone_id_system__functions.c\n'}
[1.483347] (px4_msgs) StdoutLine: {'line': b'-- Up-to-date: /home/px4/ros2/ws/install/px4_msgs/include/px4_msgs/px4_msgs/msg/detail/orb_test_large__struct.h\n'}
[1.483410] (px4_msgs) StdoutLine: {'line': b'-- Up-to-date: /home/px4/ros2/ws/install/px4_msgs/include/px4_msgs/px4_msgs/msg/detail/distance_sensor__type_support.h\n'}
[1.483471] (px4_msgs) StdoutLine: {'line': b'-- Up-to-date: /home/px4/ros2/ws/install/px4_msgs/include/px4_msgs/px4_msgs/msg/detail/actuator_servos__functions.h\n'}
[1.483532] (px4_msgs) StdoutLine: {'line': b'-- Up-to-date: /home/px4/ros2/ws/install/px4_msgs/include/px4_msgs/px4_msgs/msg/detail/system_power__type_support.h\n'}
[1.483601] (px4_msgs) StdoutLine: {'line': b'-- Up-to-date: /home/px4/ros2/ws/install/px4_msgs/include/px4_msgs/px4_msgs/msg/detail/sensor_optical_flow__struct.h\n'}
[1.483663] (px4_msgs) StdoutLine: {'line': b'-- Up-to-date: /home/px4/ros2/ws/install/px4_msgs/include/px4_msgs/px4_msgs/msg/detail/vehicle_air_data__type_support.h\n'}
[1.483721] (px4_msgs) StdoutLine: {'line': b'-- Up-to-date: /home/px4/ros2/ws/install/px4_msgs/include/px4_msgs/px4_msgs/msg/detail/yaw_estimator_status__functions.h\n'}
[1.483786] (px4_msgs) StdoutLine: {'line': b'-- Up-to-date: /home/px4/ros2/ws/install/px4_msgs/include/px4_msgs/px4_msgs/msg/detail/vehicle_torque_setpoint__struct.h\n'}
[1.483847] (px4_msgs) StdoutLine: {'line': b'-- Up-to-date: /home/px4/ros2/ws/install/px4_msgs/include/px4_msgs/px4_msgs/msg/detail/rc_channels__functions.h\n'}
[1.483916] (px4_msgs) StdoutLine: {'line': b'-- Up-to-date: /home/px4/ros2/ws/install/px4_msgs/include/px4_msgs/px4_msgs/msg/detail/navigator_status__struct.h\n'}
[1.483993] (px4_msgs) StdoutLine: {'line': b'-- Up-to-date: /home/px4/ros2/ws/install/px4_msgs/include/px4_msgs/px4_msgs/msg/detail/manual_control_switches__functions.h\n'}
[1.484065] (px4_msgs) StdoutLine: {'line': b'-- Up-to-date: /home/px4/ros2/ws/install/px4_msgs/include/px4_msgs/px4_msgs/msg/detail/takeoff_status__struct.h\n'}
[1.484125] (px4_msgs) StdoutLine: {'line': b'-- Up-to-date: /home/px4/ros2/ws/install/px4_msgs/include/px4_msgs/px4_msgs/msg/detail/geofence_result__struct.h\n'}
[1.484183] (px4_msgs) StdoutLine: {'line': b'-- Up-to-date: /home/px4/ros2/ws/install/px4_msgs/include/px4_msgs/px4_msgs/msg/detail/pure_pursuit_status__functions.c\n'}
[1.484258] (px4_msgs) StdoutLine: {'line': b'-- Up-to-date: /home/px4/ros2/ws/install/px4_msgs/include/px4_msgs/px4_msgs/msg/detail/sensors_status__type_support.h\n'}
[1.484317] (px4_msgs) StdoutLine: {'line': b'-- Up-to-date: /home/px4/ros2/ws/install/px4_msgs/include/px4_msgs/px4_msgs/msg/detail/ping__functions.c\n'}
[1.484392] (px4_msgs) StdoutLine: {'line': b'-- Up-to-date: /home/px4/ros2/ws/install/px4_msgs/include/px4_msgs/px4_msgs/msg/detail/ekf2_timestamps__struct.h\n'}
[1.484456] (px4_msgs) StdoutLine: {'line': b'-- Up-to-date: /home/px4/ros2/ws/install/px4_msgs/include/px4_msgs/px4_msgs/msg/detail/rover_rate_status__struct.h\n'}
[1.484528] (px4_msgs) StdoutLine: {'line': b'-- Up-to-date: /home/px4/ros2/ws/install/px4_msgs/include/px4_msgs/px4_msgs/msg/detail/rover_attitude_setpoint__type_support.h\n'}
[1.484596] (px4_msgs) StdoutLine: {'line': b'-- Up-to-date: /home/px4/ros2/ws/install/px4_msgs/include/px4_msgs/px4_msgs/msg/detail/tecs_status__functions.h\n'}
[1.484661] (px4_msgs) StdoutLine: {'line': b'-- Up-to-date: /home/px4/ros2/ws/install/px4_msgs/include/px4_msgs/px4_msgs/msg/detail/generator_status__functions.c\n'}
[1.484724] (px4_msgs) StdoutLine: {'line': b'-- Up-to-date: /home/px4/ros2/ws/install/px4_msgs/include/px4_msgs/px4_msgs/msg/detail/estimator_gps_status__struct.h\n'}
[1.484786] (px4_msgs) StdoutLine: {'line': b'-- Up-to-date: /home/px4/ros2/ws/install/px4_msgs/include/px4_msgs/px4_msgs/msg/detail/open_drone_id_operator_id__functions.c\n'}
[1.484857] (px4_msgs) StdoutLine: {'line': b'-- Up-to-date: /home/px4/ros2/ws/install/px4_msgs/include/px4_msgs/px4_msgs/msg/detail/logger_status__struct.h\n'}
[1.484951] (px4_msgs) StdoutLine: {'line': b'-- Up-to-date: /home/px4/ros2/ws/install/px4_msgs/include/px4_msgs/px4_msgs/msg/detail/estimator_bias__struct.h\n'}
[1.485012] (px4_msgs) StdoutLine: {'line': b'-- Up-to-date: /home/px4/ros2/ws/install/px4_msgs/include/px4_msgs/px4_msgs/msg/detail/qshell_req__functions.h\n'}
[1.485111] (px4_msgs) StdoutLine: {'line': b'-- Up-to-date: /home/px4/ros2/ws/install/px4_msgs/include/px4_msgs/px4_msgs/msg/detail/vehicle_acceleration__functions.h\n'}
[1.485185] (px4_msgs) StdoutLine: {'line': b'-- Up-to-date: /home/px4/ros2/ws/install/px4_msgs/include/px4_msgs/px4_msgs/msg/detail/sensor_uwb__functions.h\n'}
[1.485246] (px4_msgs) StdoutLine: {'line': b'-- Up-to-date: /home/px4/ros2/ws/install/px4_msgs/include/px4_msgs/px4_msgs/msg/detail/parameter_update__functions.c\n'}
[1.485305] (px4_msgs) StdoutLine: {'line': b'-- Up-to-date: /home/px4/ros2/ws/install/px4_msgs/include/px4_msgs/px4_msgs/msg/detail/landing_gear_wheel__struct.h\n'}
[1.485364] (px4_msgs) StdoutLine: {'line': b'-- Up-to-date: /home/px4/ros2/ws/install/px4_msgs/include/px4_msgs/px4_msgs/msg/detail/sensor_accel_fifo__type_support.h\n'}
[1.485439] (px4_msgs) StdoutLine: {'line': b'-- Up-to-date: /home/px4/ros2/ws/install/px4_msgs/include/px4_msgs/px4_msgs/msg/detail/sensor_preflight_mag__functions.h\n'}
[1.485503] (px4_msgs) StdoutLine: {'line': b'-- Up-to-date: /home/px4/ros2/ws/install/px4_msgs/include/px4_msgs/px4_msgs/msg/detail/airspeed_wind__functions.c\n'}
[1.485568] (px4_msgs) StdoutLine: {'line': b'-- Up-to-date: /home/px4/ros2/ws/install/px4_msgs/include/px4_msgs/px4_msgs/msg/detail/rover_position_setpoint__type_support.h\n'}
[1.485627] (px4_msgs) StdoutLine: {'line': b'-- Up-to-date: /home/px4/ros2/ws/install/px4_msgs/include/px4_msgs/px4_msgs/msg/detail/health_report__type_support.h\n'}
[1.485692] (px4_msgs) StdoutLine: {'line': b'-- Up-to-date: /home/px4/ros2/ws/install/px4_msgs/include/px4_msgs/px4_msgs/msg/detail/register_ext_component_request__functions.c\n'}
[1.485754] (px4_msgs) StdoutLine: {'line': b'-- Up-to-date: /home/px4/ros2/ws/install/px4_msgs/include/px4_msgs/px4_msgs/msg/detail/uavcan_parameter_request__struct.h\n'}
[1.485821] (px4_msgs) StdoutLine: {'line': b'-- Up-to-date: /home/px4/ros2/ws/install/px4_msgs/include/px4_msgs/px4_msgs/msg/detail/offboard_control_mode__struct.h\n'}
[1.485895] (px4_msgs) StdoutLine: {'line': b'-- Up-to-date: /home/px4/ros2/ws/install/px4_msgs/include/px4_msgs/px4_msgs/msg/detail/control_allocator_status__functions.c\n'}
[1.485964] (px4_msgs) StdoutLine: {'line': b'-- Up-to-date: /home/px4/ros2/ws/install/px4_msgs/include/px4_msgs/px4_msgs/msg/detail/distance_sensor__struct.h\n'}
[1.486030] (px4_msgs) StdoutLine: {'line': b'-- Up-to-date: /home/px4/ros2/ws/install/px4_msgs/include/px4_msgs/px4_msgs/msg/detail/heater_status__functions.c\n'}
[1.486095] (px4_msgs) StdoutLine: {'line': b'-- Up-to-date: /home/px4/ros2/ws/install/px4_msgs/include/px4_msgs/px4_msgs/msg/detail/sensor_selection__type_support.h\n'}
[1.486155] (px4_msgs) StdoutLine: {'line': b'-- Up-to-date: /home/px4/ros2/ws/install/px4_msgs/include/px4_msgs/px4_msgs/msg/detail/offboard_control_mode__functions.h\n'}
[1.486227] (px4_msgs) StdoutLine: {'line': b'-- Up-to-date: /home/px4/ros2/ws/install/px4_msgs/include/px4_msgs/px4_msgs/msg/detail/gripper__struct.h\n'}
[1.486301] (px4_msgs) StdoutLine: {'line': b'-- Up-to-date: /home/px4/ros2/ws/install/px4_msgs/include/px4_msgs/px4_msgs/msg/detail/lateral_control_configuration__struct.h\n'}
[1.486366] (px4_msgs) StdoutLine: {'line': b'-- Up-to-date: /home/px4/ros2/ws/install/px4_msgs/include/px4_msgs/px4_msgs/msg/detail/vehicle_rates_setpoint__functions.c\n'}
[1.486426] (px4_msgs) StdoutLine: {'line': b'-- Up-to-date: /home/px4/ros2/ws/install/px4_msgs/include/px4_msgs/px4_msgs/msg/detail/failsafe_flags__type_support.h\n'}
[1.486503] (px4_msgs) StdoutLine: {'line': b'-- Up-to-date: /home/px4/ros2/ws/install/px4_msgs/include/px4_msgs/px4_msgs/msg/detail/launch_detection_status__type_support.h\n'}
[1.486563] (px4_msgs) StdoutLine: {'line': b'-- Up-to-date: /home/px4/ros2/ws/install/px4_msgs/include/px4_msgs/px4_msgs/msg/detail/ulog_stream__struct.h\n'}
[1.486643] (px4_msgs) StdoutLine: {'line': b'-- Up-to-date: /home/px4/ros2/ws/install/px4_msgs/include/px4_msgs/px4_msgs/msg/detail/actuator_test__struct.h\n'}
[1.486712] (px4_msgs) StdoutLine: {'line': b'-- Up-to-date: /home/px4/ros2/ws/install/px4_msgs/include/px4_msgs/px4_msgs/msg/detail/message_format_response__struct.h\n'}
[1.486775] (px4_msgs) StdoutLine: {'line': b'-- Up-to-date: /home/px4/ros2/ws/install/px4_msgs/include/px4_msgs/px4_msgs/msg/detail/flight_phase_estimation__functions.h\n'}
[1.486854] (px4_msgs) StdoutLine: {'line': b'-- Up-to-date: /home/px4/ros2/ws/install/px4_msgs/include/px4_msgs/px4_msgs/msg/detail/estimator_selector_status__struct.h\n'}
[1.486922] (px4_msgs) StdoutLine: {'line': b'-- Up-to-date: /home/px4/ros2/ws/install/px4_msgs/include/px4_msgs/px4_msgs/msg/detail/telemetry_status__functions.c\n'}
[1.486998] (px4_msgs) StdoutLine: {'line': b'-- Up-to-date: /home/px4/ros2/ws/install/px4_msgs/include/px4_msgs/px4_msgs/msg/detail/pure_pursuit_status__type_support.h\n'}
[1.487068] (px4_msgs) StdoutLine: {'line': b'-- Up-to-date: /home/px4/ros2/ws/install/px4_msgs/include/px4_msgs/px4_msgs/msg/detail/vehicle_status__type_support.h\n'}
[1.487132] (px4_msgs) StdoutLine: {'line': b'-- Up-to-date: /home/px4/ros2/ws/install/px4_msgs/include/px4_msgs/px4_msgs/msg/detail/pps_capture__type_support.h\n'}
[1.487194] (px4_msgs) StdoutLine: {'line': b'-- Up-to-date: /home/px4/ros2/ws/install/px4_msgs/include/px4_msgs/px4_msgs/msg/detail/power_monitor__functions.c\n'}
[1.487267] (px4_msgs) StdoutLine: {'line': b'-- Up-to-date: /home/px4/ros2/ws/install/px4_msgs/include/px4_msgs/px4_msgs/msg/detail/rover_velocity_status__struct.h\n'}
[1.487329] (px4_msgs) StdoutLine: {'line': b'-- Up-to-date: /home/px4/ros2/ws/install/px4_msgs/include/px4_msgs/px4_msgs/msg/detail/trajectory_setpoint6dof__type_support.h\n'}
[1.487401] (px4_msgs) StdoutLine: {'line': b'-- Up-to-date: /home/px4/ros2/ws/install/px4_msgs/include/px4_msgs/px4_msgs/msg/detail/neural_control__functions.c\n'}
[1.487473] (px4_msgs) StdoutLine: {'line': b'-- Up-to-date: /home/px4/ros2/ws/install/px4_msgs/include/px4_msgs/px4_msgs/msg/detail/dataman_response__type_support.h\n'}
[1.487531] (px4_msgs) StdoutLine: {'line': b'-- Up-to-date: /home/px4/ros2/ws/install/px4_msgs/include/px4_msgs/px4_msgs/msg/detail/onboard_computer_status__type_support.h\n'}
[1.487598] (px4_msgs) StdoutLine: {'line': b'-- Up-to-date: /home/px4/ros2/ws/install/px4_msgs/include/px4_msgs/px4_msgs/msg/detail/trajectory_setpoint__type_support.h\n'}
[1.487657] (px4_msgs) StdoutLine: {'line': b'-- Up-to-date: /home/px4/ros2/ws/install/px4_msgs/include/px4_msgs/px4_msgs/msg/detail/sensor_combined__functions.h\n'}
[1.487725] (px4_msgs) StdoutLine: {'line': b'-- Up-to-date: /home/px4/ros2/ws/install/px4_msgs/include/px4_msgs/px4_msgs/msg/detail/vehicle_imu_status__struct.h\n'}
[1.487796] (px4_msgs) StdoutLine: {'line': b'-- Up-to-date: /home/px4/ros2/ws/install/px4_msgs/include/px4_msgs/px4_msgs/msg/detail/rover_throttle_setpoint__functions.c\n'}
[1.487862] (px4_msgs) StdoutLine: {'line': b'-- Up-to-date: /home/px4/ros2/ws/install/px4_msgs/include/px4_msgs/px4_msgs/msg/detail/gimbal_manager_status__struct.h\n'}
[1.487980] (px4_msgs) StdoutLine: {'line': b'-- Up-to-date: /home/px4/ros2/ws/install/px4_msgs/include/px4_msgs/px4_msgs/msg/detail/sensor_gps__functions.h\n'}
[1.488063] (px4_msgs) StdoutLine: {'line': b'-- Up-to-date: /home/px4/ros2/ws/install/px4_msgs/include/px4_msgs/px4_msgs/msg/detail/estimator_event_flags__functions.c\n'}
[1.488140] (px4_msgs) StdoutLine: {'line': b'-- Up-to-date: /home/px4/ros2/ws/install/px4_msgs/include/px4_msgs/px4_msgs/msg/detail/parameter_set_used_request__type_support.h\n'}
[1.488206] (px4_msgs) StdoutLine: {'line': b'-- Up-to-date: /home/px4/ros2/ws/install/px4_msgs/include/px4_msgs/px4_msgs/msg/detail/fixed_wing_lateral_guidance_status__functions.c\n'}
[1.488270] (px4_msgs) StdoutLine: {'line': b'-- Up-to-date: /home/px4/ros2/ws/install/px4_msgs/include/px4_msgs/px4_msgs/msg/detail/logger_status__type_support.h\n'}
[1.488332] (px4_msgs) StdoutLine: {'line': b'-- Up-to-date: /home/px4/ros2/ws/install/px4_msgs/include/px4_msgs/px4_msgs/msg/detail/mag_worker_data__type_support.h\n'}
[1.488412] (px4_msgs) StdoutLine: {'line': b'-- Up-to-date: /home/px4/ros2/ws/install/px4_msgs/include/px4_msgs/px4_msgs/msg/detail/internal_combustion_engine_control__functions.c\n'}
[1.488461] (px4_msgs) StdoutLine: {'line': b'-- Up-to-date: /home/px4/ros2/ws/install/px4_msgs/include/px4_msgs/px4_msgs/msg/detail/manual_control_setpoint__struct.h\n'}
[1.488509] (px4_msgs) StdoutLine: {'line': b'-- Up-to-date: /home/px4/ros2/ws/install/px4_msgs/include/px4_msgs/px4_msgs/msg/detail/vehicle_command_ack__functions.c\n'}
[1.488557] (px4_msgs) StdoutLine: {'line': b'-- Up-to-date: /home/px4/ros2/ws/install/px4_msgs/include/px4_msgs/px4_msgs/msg/detail/satellite_info__functions.c\n'}
[1.488605] (px4_msgs) StdoutLine: {'line': b'-- Up-to-date: /home/px4/ros2/ws/install/px4_msgs/include/px4_msgs/px4_msgs/msg/detail/rpm__struct.h\n'}
[1.488669] (px4_msgs) StdoutLine: {'line': b'-- Up-to-date: /home/px4/ros2/ws/install/px4_msgs/include/px4_msgs/px4_msgs/msg/detail/gripper__type_support.h\n'}
[1.488718] (px4_msgs) StdoutLine: {'line': b'-- Up-to-date: /home/px4/ros2/ws/install/px4_msgs/include/px4_msgs/px4_msgs/msg/detail/estimator_aid_source1d__functions.h\n'}
[1.488765] (px4_msgs) StdoutLine: {'line': b'-- Up-to-date: /home/px4/ros2/ws/install/px4_msgs/include/px4_msgs/px4_msgs/msg/detail/estimator_sensor_bias__struct.h\n'}
[1.488828] (px4_msgs) StdoutLine: {'line': b'-- Up-to-date: /home/px4/ros2/ws/install/px4_msgs/include/px4_msgs/px4_msgs/msg/detail/gps_dump__functions.c\n'}
[1.488892] (px4_msgs) StdoutLine: {'line': b'-- Up-to-date: /home/px4/ros2/ws/install/px4_msgs/include/px4_msgs/px4_msgs/msg/detail/actuator_servos__struct.h\n'}
[1.488947] (px4_msgs) StdoutLine: {'line': b'-- Up-to-date: /home/px4/ros2/ws/install/px4_msgs/include/px4_msgs/px4_msgs/msg/detail/launch_detection_status__struct.h\n'}
[1.488997] (px4_msgs) StdoutLine: {'line': b'-- Up-to-date: /home/px4/ros2/ws/install/px4_msgs/include/px4_msgs/px4_msgs/msg/detail/fuel_tank_status__type_support.h\n'}
[1.489046] (px4_msgs) StdoutLine: {'line': b'-- Up-to-date: /home/px4/ros2/ws/install/px4_msgs/include/px4_msgs/px4_msgs/msg/detail/airspeed_validated__functions.c\n'}
[1.489124] (px4_msgs) StdoutLine: {'line': b'-- Up-to-date: /home/px4/ros2/ws/install/px4_msgs/include/px4_msgs/px4_msgs/msg/detail/orb_test_large__functions.c\n'}
[1.489176] (px4_msgs) StdoutLine: {'line': b'-- Up-to-date: /home/px4/ros2/ws/install/px4_msgs/include/px4_msgs/px4_msgs/msg/detail/vehicle_imu__struct.h\n'}
[1.489225] (px4_msgs) StdoutLine: {'line': b'-- Up-to-date: /home/px4/ros2/ws/install/px4_msgs/include/px4_msgs/px4_msgs/msg/detail/action_request__functions.h\n'}
[1.489273] (px4_msgs) StdoutLine: {'line': b'-- Up-to-date: /home/px4/ros2/ws/install/px4_msgs/include/px4_msgs/px4_msgs/msg/detail/vehicle_air_data__functions.c\n'}
[1.489321] (px4_msgs) StdoutLine: {'line': b'-- Up-to-date: /home/px4/ros2/ws/install/px4_msgs/include/px4_msgs/px4_msgs/msg/detail/led_control__struct.h\n'}
[1.489371] (px4_msgs) StdoutLine: {'line': b'-- Up-to-date: /home/px4/ros2/ws/install/px4_msgs/include/px4_msgs/px4_msgs/msg/detail/goto_setpoint__type_support.h\n'}
[1.489427] (px4_msgs) StdoutLine: {'line': b'-- Up-to-date: /home/px4/ros2/ws/install/px4_msgs/include/px4_msgs/px4_msgs/msg/detail/sensor_preflight_mag__type_support.h\n'}
[1.489491] (px4_msgs) StdoutLine: {'line': b'-- Up-to-date: /home/px4/ros2/ws/install/px4_msgs/include/px4_msgs/px4_msgs/msg/detail/sensor_gyro_fft__functions.c\n'}
[1.489554] (px4_msgs) StdoutLine: {'line': b'-- Up-to-date: /home/px4/ros2/ws/install/px4_msgs/include/px4_msgs/px4_msgs/msg/detail/gimbal_controls__type_support.h\n'}
[1.489602] (px4_msgs) StdoutLine: {'line': b'-- Up-to-date: /home/px4/ros2/ws/install/px4_msgs/include/px4_msgs/px4_msgs/msg/detail/sensor_accel_fifo__functions.h\n'}
[1.489649] (px4_msgs) StdoutLine: {'line': b'-- Up-to-date: /home/px4/ros2/ws/install/px4_msgs/include/px4_msgs/px4_msgs/msg/detail/register_ext_component_request__functions.h\n'}
[1.489712] (px4_msgs) StdoutLine: {'line': b'-- Up-to-date: /home/px4/ros2/ws/install/px4_msgs/include/px4_msgs/px4_msgs/msg/detail/config_overrides__type_support.h\n'}
[1.489765] (px4_msgs) StdoutLine: {'line': b'-- Up-to-date: /home/px4/ros2/ws/install/px4_msgs/include/px4_msgs/px4_msgs/msg/detail/lateral_control_configuration__functions.h\n'}
[1.489827] (px4_msgs) StdoutLine: {'line': b'-- Up-to-date: /home/px4/ros2/ws/install/px4_msgs/include/px4_msgs/px4_msgs/msg/detail/position_controller_status__functions.h\n'}
[1.489908] (px4_msgs) StdoutLine: {'line': b'-- Up-to-date: /home/px4/ros2/ws/install/px4_msgs/include/px4_msgs/px4_msgs/msg/detail/airspeed_validated__type_support.h\n'}
[1.489963] (px4_msgs) StdoutLine: {'line': b'-- Up-to-date: /home/px4/ros2/ws/install/px4_msgs/include/px4_msgs/px4_msgs/msg/detail/actuator_motors__struct.h\n'}
[1.490028] (px4_msgs) StdoutLine: {'line': b'-- Up-to-date: /home/px4/ros2/ws/install/px4_msgs/include/px4_msgs/px4_msgs/msg/detail/debug_value__type_support.h\n'}
[1.490104] (px4_msgs) StdoutLine: {'line': b'-- Up-to-date: /home/px4/ros2/ws/install/px4_msgs/include/px4_msgs/px4_msgs/msg/detail/debug_value__functions.h\n'}
[1.490166] (px4_msgs) StdoutLine: {'line': b'-- Up-to-date: /home/px4/ros2/ws/install/px4_msgs/include/px4_msgs/px4_msgs/msg/detail/button_event__functions.h\n'}
[1.490242] (px4_msgs) StdoutLine: {'line': b'-- Up-to-date: /home/px4/ros2/ws/install/px4_msgs/include/px4_msgs/px4_msgs/msg/detail/generator_status__type_support.h\n'}
[1.490313] (px4_msgs) StdoutLine: {'line': b'-- Up-to-date: /home/px4/ros2/ws/install/px4_msgs/include/px4_msgs/px4_msgs/msg/detail/rate_ctrl_status__functions.c\n'}
[1.490374] (px4_msgs) StdoutLine: {'line': b'-- Up-to-date: /home/px4/ros2/ws/install/px4_msgs/include/px4_msgs/px4_msgs/msg/detail/landing_target_pose__struct.h\n'}
[1.490439] (px4_msgs) StdoutLine: {'line': b'-- Up-to-date: /home/px4/ros2/ws/install/px4_msgs/include/px4_msgs/px4_msgs/msg/detail/ulog_stream_ack__struct.h\n'}
[1.490509] (px4_msgs) StdoutLine: {'line': b'-- Up-to-date: /home/px4/ros2/ws/install/px4_msgs/include/px4_msgs/px4_msgs/msg/detail/orb_test_medium__struct.h\n'}
[1.490580] (px4_msgs) StdoutLine: {'line': b'-- Up-to-date: /home/px4/ros2/ws/install/px4_msgs/include/px4_msgs/px4_msgs/msg/detail/takeoff_status__functions.c\n'}
[1.490643] (px4_msgs) StdoutLine: {'line': b'-- Up-to-date: /home/px4/ros2/ws/install/px4_msgs/include/px4_msgs/px4_msgs/msg/detail/orb_test_large__type_support.h\n'}
[1.490709] (px4_msgs) StdoutLine: {'line': b'-- Up-to-date: /home/px4/ros2/ws/install/px4_msgs/include/px4_msgs/px4_msgs/msg/detail/sensor_gyro__type_support.h\n'}
[1.490781] (px4_msgs) StdoutLine: {'line': b'-- Up-to-date: /home/px4/ros2/ws/install/px4_msgs/include/px4_msgs/px4_msgs/msg/detail/sensor_airflow__functions.h\n'}
[1.490857] (px4_msgs) StdoutLine: {'line': b'-- Up-to-date: /home/px4/ros2/ws/install/px4_msgs/include/px4_msgs/px4_msgs/msg/detail/gimbal_device_attitude_status__struct.h\n'}
[1.490930] (px4_msgs) StdoutLine: {'line': b'-- Up-to-date: /home/px4/ros2/ws/install/px4_msgs/include/px4_msgs/px4_msgs/msg/detail/vehicle_attitude_setpoint__type_support.h\n'}
[1.491006] (px4_msgs) StdoutLine: {'line': b'-- Up-to-date: /home/px4/ros2/ws/install/px4_msgs/include/px4_msgs/px4_msgs/msg/detail/vehicle_angular_acceleration_setpoint__struct.h\n'}
[1.491066] (px4_msgs) StdoutLine: {'line': b'-- Up-to-date: /home/px4/ros2/ws/install/px4_msgs/include/px4_msgs/px4_msgs/msg/detail/normalized_unsigned_setpoint__functions.h\n'}
[1.491151] (px4_msgs) StdoutLine: {'line': b'-- Up-to-date: /home/px4/ros2/ws/install/px4_msgs/include/px4_msgs/px4_msgs/msg/detail/vehicle_roi__type_support.h\n'}
[1.491216] (px4_msgs) StdoutLine: {'line': b'-- Up-to-date: /home/px4/ros2/ws/install/px4_msgs/include/px4_msgs/px4_msgs/msg/detail/vehicle_local_position_setpoint__functions.c\n'}
[1.491274] (px4_msgs) StdoutLine: {'line': b'-- Up-to-date: /home/px4/ros2/ws/install/px4_msgs/include/px4_msgs/px4_msgs/msg/detail/adc_report__functions.h\n'}
[1.491353] (px4_msgs) StdoutLine: {'line': b'-- Up-to-date: /home/px4/ros2/ws/install/px4_msgs/include/px4_msgs/px4_msgs/msg/detail/gpio_config__type_support.h\n'}
[1.491417] (px4_msgs) StdoutLine: {'line': b'-- Up-to-date: /home/px4/ros2/ws/install/px4_msgs/include/px4_msgs/px4_msgs/msg/detail/px4io_status__type_support.h\n'}
[1.491479] (px4_msgs) StdoutLine: {'line': b'-- Up-to-date: /home/px4/ros2/ws/install/px4_msgs/include/px4_msgs/px4_msgs/msg/detail/logger_status__functions.h\n'}
[1.491543] (px4_msgs) StdoutLine: {'line': b'-- Up-to-date: /home/px4/ros2/ws/install/px4_msgs/include/px4_msgs/px4_msgs/msg/detail/orb_test__struct.h\n'}
[1.491600] (px4_msgs) StdoutLine: {'line': b'-- Up-to-date: /home/px4/ros2/ws/install/px4_msgs/include/px4_msgs/px4_msgs/msg/detail/message_format_request__struct.h\n'}
[1.491661] (px4_msgs) StdoutLine: {'line': b'-- Up-to-date: /home/px4/ros2/ws/install/px4_msgs/include/px4_msgs/px4_msgs/msg/detail/estimator_states__functions.c\n'}
[1.491743] (px4_msgs) StdoutLine: {'line': b'-- Up-to-date: /home/px4/ros2/ws/install/px4_msgs/include/px4_msgs/px4_msgs/msg/detail/onboard_computer_status__functions.c\n'}
[1.491817] (px4_msgs) StdoutLine: {'line': b'-- Up-to-date: /home/px4/ros2/ws/install/px4_msgs/include/px4_msgs/px4_msgs/msg/detail/dataman_request__type_support.h\n'}
[1.491896] (px4_msgs) StdoutLine: {'line': b'-- Up-to-date: /home/px4/ros2/ws/install/px4_msgs/include/px4_msgs/px4_msgs/msg/detail/internal_combustion_engine_status__type_support.h\n'}
[1.491977] (px4_msgs) StdoutLine: {'line': b'-- Up-to-date: /home/px4/ros2/ws/install/px4_msgs/include/px4_msgs/px4_msgs/msg/detail/ekf2_timestamps__functions.c\n'}
[1.492043] (px4_msgs) StdoutLine: {'line': b'-- Up-to-date: /home/px4/ros2/ws/install/px4_msgs/include/px4_msgs/px4_msgs/msg/detail/vehicle_local_position_setpoint__type_support.h\n'}
[1.492103] (px4_msgs) StdoutLine: {'line': b'-- Up-to-date: /home/px4/ros2/ws/install/px4_msgs/include/px4_msgs/px4_msgs/msg/detail/vehicle_land_detected__functions.h\n'}
[1.492162] (px4_msgs) StdoutLine: {'line': b'-- Up-to-date: /home/px4/ros2/ws/install/px4_msgs/include/px4_msgs/px4_msgs/msg/detail/collision_constraints__type_support.h\n'}
[1.492239] (px4_msgs) StdoutLine: {'line': b'-- Up-to-date: /home/px4/ros2/ws/install/px4_msgs/include/px4_msgs/px4_msgs/msg/detail/sensor_gnss_relative__type_support.h\n'}
[1.492306] (px4_msgs) StdoutLine: {'line': b'-- Up-to-date: /home/px4/ros2/ws/install/px4_msgs/include/px4_msgs/px4_msgs/msg/detail/fixed_wing_lateral_setpoint__struct.h\n'}
[1.492363] (px4_msgs) StdoutLine: {'line': b'-- Up-to-date: /home/px4/ros2/ws/install/px4_msgs/include/px4_msgs/px4_msgs/msg/detail/landing_target_pose__functions.h\n'}
[1.492428] (px4_msgs) StdoutLine: {'line': b'-- Up-to-date: /home/px4/ros2/ws/install/px4_msgs/include/px4_msgs/px4_msgs/msg/detail/gimbal_manager_set_attitude__functions.h\n'}
[1.492491] (px4_msgs) StdoutLine: {'line': b'-- Up-to-date: /home/px4/ros2/ws/install/px4_msgs/include/px4_msgs/px4_msgs/msg/detail/parameter_set_value_response__functions.c\n'}
[1.492570] (px4_msgs) StdoutLine: {'line': b'-- Up-to-date: /home/px4/ros2/ws/install/px4_msgs/include/px4_msgs/px4_msgs/msg/detail/airspeed_validated__functions.h\n'}
[1.492644] (px4_msgs) StdoutLine: {'line': b'-- Up-to-date: /home/px4/ros2/ws/install/px4_msgs/include/px4_msgs/px4_msgs/msg/detail/battery_status__functions.c\n'}
[1.492706] (px4_msgs) StdoutLine: {'line': b'-- Up-to-date: /home/px4/ros2/ws/install/px4_msgs/include/px4_msgs/px4_msgs/msg/detail/camera_status__type_support.h\n'}
[1.492771] (px4_msgs) StdoutLine: {'line': b'-- Up-to-date: /home/px4/ros2/ws/install/px4_msgs/include/px4_msgs/px4_msgs/msg/detail/fuel_tank_status__functions.h\n'}
[1.492834] (px4_msgs) StdoutLine: {'line': b'-- Up-to-date: /home/px4/ros2/ws/install/px4_msgs/include/px4_msgs/px4_msgs/msg/detail/navigator_mission_item__type_support.h\n'}
[1.492904] (px4_msgs) StdoutLine: {'line': b'-- Up-to-date: /home/px4/ros2/ws/install/px4_msgs/include/px4_msgs/px4_msgs/msg/detail/velocity_limits__type_support.h\n'}
[1.492980] (px4_msgs) StdoutLine: {'line': b'-- Up-to-date: /home/px4/ros2/ws/install/px4_msgs/include/px4_msgs/px4_msgs/msg/detail/fixed_wing_lateral_status__type_support.h\n'}
[1.493039] (px4_msgs) StdoutLine: {'line': b'-- Up-to-date: /home/px4/ros2/ws/install/px4_msgs/include/px4_msgs/px4_msgs/msg/detail/vehicle_global_position__type_support.h\n'}
[1.493108] (px4_msgs) StdoutLine: {'line': b'-- Up-to-date: /home/px4/ros2/ws/install/px4_msgs/include/px4_msgs/px4_msgs/msg/detail/estimator_innovations__functions.h\n'}
[1.493171] (px4_msgs) StdoutLine: {'line': b'-- Up-to-date: /home/px4/ros2/ws/install/px4_msgs/include/px4_msgs/px4_msgs/msg/detail/landing_target_innovations__type_support.h\n'}
[1.493243] (px4_msgs) StdoutLine: {'line': b'-- Up-to-date: /home/px4/ros2/ws/install/px4_msgs/include/px4_msgs/px4_msgs/msg/detail/dronecan_node_status__functions.h\n'}
[1.493317] (px4_msgs) StdoutLine: {'line': b'-- Up-to-date: /home/px4/ros2/ws/install/px4_msgs/include/px4_msgs/px4_msgs/msg/detail/parameter_set_value_response__functions.h\n'}
[1.493374] (px4_msgs) StdoutLine: {'line': b'-- Up-to-date: /home/px4/ros2/ws/install/px4_msgs/include/px4_msgs/px4_msgs/msg/detail/open_drone_id_operator_id__type_support.h\n'}
[1.493480] (px4_msgs) StdoutLine: {'line': b'-- Up-to-date: /home/px4/ros2/ws/install/px4_msgs/include/px4_msgs/px4_msgs/msg/detail/open_drone_id_system__functions.h\n'}
[1.493547] (px4_msgs) StdoutLine: {'line': b'-- Up-to-date: /home/px4/ros2/ws/install/px4_msgs/include/px4_msgs/px4_msgs/msg/detail/navigator_status__type_support.h\n'}
[1.493606] (px4_msgs) StdoutLine: {'line': b'-- Up-to-date: /home/px4/ros2/ws/install/px4_msgs/include/px4_msgs/px4_msgs/msg/detail/estimator_aid_source2d__struct.h\n'}
[1.493684] (px4_msgs) StdoutLine: {'line': b'-- Up-to-date: /home/px4/ros2/ws/install/px4_msgs/include/px4_msgs/px4_msgs/msg/detail/cellular_status__type_support.h\n'}
[1.493745] (px4_msgs) StdoutLine: {'line': b'-- Up-to-date: /home/px4/ros2/ws/install/px4_msgs/include/px4_msgs/px4_msgs/msg/detail/uavcan_parameter_request__functions.h\n'}
[1.493810] (px4_msgs) StdoutLine: {'line': b'-- Up-to-date: /home/px4/ros2/ws/install/px4_msgs/include/px4_msgs/px4_msgs/msg/detail/tecs_status__functions.c\n'}
[1.493881] (px4_msgs) StdoutLine: {'line': b'-- Up-to-date: /home/px4/ros2/ws/install/px4_msgs/include/px4_msgs/px4_msgs/msg/detail/camera_capture__struct.h\n'}
[1.493945] (px4_msgs) StdoutLine: {'line': b'-- Up-to-date: /home/px4/ros2/ws/install/px4_msgs/include/px4_msgs/px4_msgs/msg/detail/manual_control_setpoint__type_support.h\n'}
[1.494012] (px4_msgs) StdoutLine: {'line': b'-- Up-to-date: /home/px4/ros2/ws/install/px4_msgs/include/px4_msgs/px4_msgs/msg/detail/open_drone_id_self_id__struct.h\n'}
[1.494108] (px4_msgs) StdoutLine: {'line': b'-- Up-to-date: /home/px4/ros2/ws/install/px4_msgs/include/px4_msgs/px4_msgs/msg/detail/gps_inject_data__struct.h\n'}
[1.494169] (px4_msgs) StdoutLine: {'line': b'-- Up-to-date: /home/px4/ros2/ws/install/px4_msgs/include/px4_msgs/px4_msgs/msg/detail/mount_orientation__functions.c\n'}
[1.494246] (px4_msgs) StdoutLine: {'line': b'-- Up-to-date: /home/px4/ros2/ws/install/px4_msgs/include/px4_msgs/px4_msgs/msg/detail/dataman_request__functions.c\n'}
[1.494322] (px4_msgs) StdoutLine: {'line': b'-- Up-to-date: /home/px4/ros2/ws/install/px4_msgs/include/px4_msgs/px4_msgs/msg/detail/estimator_aid_source3d__functions.c\n'}
[1.494385] (px4_msgs) StdoutLine: {'line': b'-- Up-to-date: /home/px4/ros2/ws/install/px4_msgs/include/px4_msgs/px4_msgs/msg/detail/sensor_gyro__struct.h\n'}
[1.494451] (px4_msgs) StdoutLine: {'line': b'-- Up-to-date: /home/px4/ros2/ws/install/px4_msgs/include/px4_msgs/px4_msgs/msg/detail/manual_control_switches__struct.h\n'}
[1.494514] (px4_msgs) StdoutLine: {'line': b'-- Up-to-date: /home/px4/ros2/ws/install/px4_msgs/include/px4_msgs/px4_msgs/msg/detail/vehicle_imu__functions.c\n'}
[1.494578] (px4_msgs) StdoutLine: {'line': b'-- Up-to-date: /home/px4/ros2/ws/install/px4_msgs/include/px4_msgs/px4_msgs/msg/detail/gimbal_manager_set_manual_control__struct.h\n'}
[1.494639] (px4_msgs) StdoutLine: {'line': b'-- Up-to-date: /home/px4/ros2/ws/install/px4_msgs/include/px4_msgs/px4_msgs/msg/detail/rover_velocity_setpoint__struct.h\n'}
[1.494713] (px4_msgs) StdoutLine: {'line': b'-- Up-to-date: /home/px4/ros2/ws/install/px4_msgs/include/px4_msgs/px4_msgs/msg/detail/position_setpoint_triplet__type_support.h\n'}
[1.494783] (px4_msgs) StdoutLine: {'line': b'-- Up-to-date: /home/px4/ros2/ws/install/px4_msgs/include/px4_msgs/px4_msgs/msg/detail/manual_control_setpoint__functions.h\n'}
[1.494846] (px4_msgs) StdoutLine: {'line': b'-- Up-to-date: /home/px4/ros2/ws/install/px4_msgs/include/px4_msgs/px4_msgs/msg/detail/sensor_combined__functions.c\n'}
[1.494929] (px4_msgs) StdoutLine: {'line': b'-- Up-to-date: /home/px4/ros2/ws/install/px4_msgs/include/px4_msgs/px4_msgs/msg/detail/estimator_status__type_support.h\n'}
[1.495004] (px4_msgs) StdoutLine: {'line': b'-- Up-to-date: /home/px4/ros2/ws/install/px4_msgs/include/px4_msgs/px4_msgs/msg/detail/sensor_mag__struct.h\n'}
[1.495075] (px4_msgs) StdoutLine: {'line': b'-- Up-to-date: /home/px4/ros2/ws/install/px4_msgs/include/px4_msgs/px4_msgs/msg/detail/sensor_baro__functions.h\n'}
[1.495142] (px4_msgs) StdoutLine: {'line': b'-- Up-to-date: /home/px4/ros2/ws/install/px4_msgs/include/px4_msgs/px4_msgs/msg/detail/position_controller_status__functions.c\n'}
[1.495206] (px4_msgs) StdoutLine: {'line': b'-- Up-to-date: /home/px4/ros2/ws/install/px4_msgs/include/px4_msgs/px4_msgs/msg/detail/vehicle_rates_setpoint__struct.h\n'}
[1.495269] (px4_msgs) StdoutLine: {'line': b'-- Up-to-date: /home/px4/ros2/ws/install/px4_msgs/include/px4_msgs/px4_msgs/msg/detail/mavlink_log__type_support.h\n'}
[1.495339] (px4_msgs) StdoutLine: {'line': b'-- Up-to-date: /home/px4/ros2/ws/install/px4_msgs/include/px4_msgs/px4_msgs/msg/detail/iridiumsbd_status__functions.c\n'}
[1.495403] (px4_msgs) StdoutLine: {'line': b'-- Up-to-date: /home/px4/ros2/ws/install/px4_msgs/include/px4_msgs/px4_msgs/msg/detail/obstacle_distance__functions.c\n'}
[1.495480] (px4_msgs) StdoutLine: {'line': b'-- Up-to-date: /home/px4/ros2/ws/install/px4_msgs/include/px4_msgs/px4_msgs/msg/detail/home_position__type_support.h\n'}
[1.495554] (px4_msgs) StdoutLine: {'line': b'-- Up-to-date: /home/px4/ros2/ws/install/px4_msgs/include/px4_msgs/px4_msgs/msg/detail/action_request__functions.c\n'}
[1.495619] (px4_msgs) StdoutLine: {'line': b'-- Up-to-date: /home/px4/ros2/ws/install/px4_msgs/include/px4_msgs/px4_msgs/msg/detail/airspeed__functions.h\n'}
[1.495682] (px4_msgs) StdoutLine: {'line': b'-- Up-to-date: /home/px4/ros2/ws/install/px4_msgs/include/px4_msgs/px4_msgs/msg/detail/satellite_info__functions.h\n'}
[1.495751] (px4_msgs) StdoutLine: {'line': b'-- Up-to-date: /home/px4/ros2/ws/install/px4_msgs/include/px4_msgs/px4_msgs/msg/detail/parameter_set_used_request__functions.c\n'}
[1.495813] (px4_msgs) StdoutLine: {'line': b'-- Up-to-date: /home/px4/ros2/ws/install/px4_msgs/include/px4_msgs/px4_msgs/msg/detail/estimator_states__type_support.h\n'}
[1.495887] (px4_msgs) StdoutLine: {'line': b'-- Up-to-date: /home/px4/ros2/ws/install/px4_msgs/include/px4_msgs/px4_msgs/msg/detail/onboard_computer_status__functions.h\n'}
[1.495961] (px4_msgs) StdoutLine: {'line': b'-- Up-to-date: /home/px4/ros2/ws/install/px4_msgs/include/px4_msgs/px4_msgs/msg/detail/airspeed_wind__type_support.h\n'}
[1.496042] (px4_msgs) StdoutLine: {'line': b'-- Up-to-date: /home/px4/ros2/ws/install/px4_msgs/include/px4_msgs/px4_msgs/msg/detail/parameter_set_value_request__functions.h\n'}
[1.496117] (px4_msgs) StdoutLine: {'line': b'-- Up-to-date: /home/px4/ros2/ws/install/px4_msgs/include/px4_msgs/px4_msgs/msg/detail/airspeed__struct.h\n'}
[1.496192] (px4_msgs) StdoutLine: {'line': b'-- Up-to-date: /home/px4/ros2/ws/install/px4_msgs/include/px4_msgs/px4_msgs/msg/detail/power_monitor__struct.h\n'}
[1.496257] (px4_msgs) StdoutLine: {'line': b'-- Up-to-date: /home/px4/ros2/ws/install/px4_msgs/include/px4_msgs/px4_msgs/msg/detail/timesync_status__type_support.h\n'}
[1.496322] (px4_msgs) StdoutLine: {'line': b'-- Up-to-date: /home/px4/ros2/ws/install/px4_msgs/include/px4_msgs/px4_msgs/msg/detail/satellite_info__type_support.h\n'}
[1.496385] (px4_msgs) StdoutLine: {'line': b'-- Up-to-date: /home/px4/ros2/ws/install/px4_msgs/include/px4_msgs/px4_msgs/msg/detail/rover_rate_status__type_support.h\n'}
[1.496454] (px4_msgs) StdoutLine: {'line': b'-- Up-to-date: /home/px4/ros2/ws/install/px4_msgs/include/px4_msgs/px4_msgs/msg/detail/fixed_wing_longitudinal_setpoint__functions.c\n'}
[1.496532] (px4_msgs) StdoutLine: {'line': b'-- Up-to-date: /home/px4/ros2/ws/install/px4_msgs/include/px4_msgs/px4_msgs/msg/detail/camera_status__functions.c\n'}
[1.496601] (px4_msgs) StdoutLine: {'line': b'-- Up-to-date: /home/px4/ros2/ws/install/px4_msgs/include/px4_msgs/px4_msgs/msg/detail/internal_combustion_engine_control__type_support.h\n'}
[1.496676] (px4_msgs) StdoutLine: {'line': b'-- Up-to-date: /home/px4/ros2/ws/install/px4_msgs/include/px4_msgs/px4_msgs/msg/detail/parameter_set_value_request__functions.c\n'}
[1.496759] (px4_msgs) StdoutLine: {'line': b'-- Up-to-date: /home/px4/ros2/ws/install/px4_msgs/include/px4_msgs/px4_msgs/msg/detail/failure_detector_status__functions.c\n'}
[1.496810] (px4_msgs) StdoutLine: {'line': b'-- Up-to-date: /home/px4/ros2/ws/install/px4_msgs/include/px4_msgs/px4_msgs/msg/detail/differential_pressure__struct.h\n'}
[1.496857] (px4_msgs) StdoutLine: {'line': b'-- Up-to-date: /home/px4/ros2/ws/install/px4_msgs/include/px4_msgs/px4_msgs/msg/detail/gpio_in__struct.h\n'}
[1.496923] (px4_msgs) StdoutLine: {'line': b'-- Up-to-date: /home/px4/ros2/ws/install/px4_msgs/include/px4_msgs/px4_msgs/msg/detail/airspeed__functions.c\n'}
[1.496973] (px4_msgs) StdoutLine: {'line': b'-- Up-to-date: /home/px4/ros2/ws/install/px4_msgs/include/px4_msgs/px4_msgs/msg/detail/estimator_selector_status__functions.h\n'}
[1.497035] (px4_msgs) StdoutLine: {'line': b'-- Up-to-date: /home/px4/ros2/ws/install/px4_msgs/include/px4_msgs/px4_msgs/msg/detail/estimator_aid_source1d__type_support.h\n'}
[1.497082] (px4_msgs) StdoutLine: {'line': b'-- Up-to-date: /home/px4/ros2/ws/install/px4_msgs/include/px4_msgs/px4_msgs/msg/detail/debug_vect__type_support.h\n'}
[1.497128] (px4_msgs) StdoutLine: {'line': b'-- Up-to-date: /home/px4/ros2/ws/install/px4_msgs/include/px4_msgs/px4_msgs/msg/detail/fixed_wing_lateral_status__struct.h\n'}
[1.497175] (px4_msgs) StdoutLine: {'line': b'-- Up-to-date: /home/px4/ros2/ws/install/px4_msgs/include/px4_msgs/px4_msgs/msg/detail/sensor_accel__functions.c\n'}
[1.497221] (px4_msgs) StdoutLine: {'line': b'-- Up-to-date: /home/px4/ros2/ws/install/px4_msgs/include/px4_msgs/px4_msgs/msg/detail/dataman_request__functions.h\n'}
[1.497269] (px4_msgs) StdoutLine: {'line': b'-- Up-to-date: /home/px4/ros2/ws/install/px4_msgs/include/px4_msgs/px4_msgs/msg/detail/gpio_out__functions.c\n'}
[1.497315] (px4_msgs) StdoutLine: {'line': b'-- Up-to-date: /home/px4/ros2/ws/install/px4_msgs/include/px4_msgs/px4_msgs/msg/detail/dataman_response__struct.h\n'}
[1.497365] (px4_msgs) StdoutLine: {'line': b'-- Up-to-date: /home/px4/ros2/ws/install/px4_msgs/include/px4_msgs/px4_msgs/msg/detail/radio_status__functions.c\n'}
[1.497428] (px4_msgs) StdoutLine: {'line': b'-- Up-to-date: /home/px4/ros2/ws/install/px4_msgs/include/px4_msgs/px4_msgs/msg/detail/hover_thrust_estimate__type_support.h\n'}
[1.497496] (px4_msgs) StdoutLine: {'line': b'-- Up-to-date: /home/px4/ros2/ws/install/px4_msgs/include/px4_msgs/px4_msgs/msg/detail/sensor_hygrometer__type_support.h\n'}
[1.497559] (px4_msgs) StdoutLine: {'line': b'-- Up-to-date: /home/px4/ros2/ws/install/px4_msgs/include/px4_msgs/px4_msgs/msg/detail/rover_throttle_setpoint__type_support.h\n'}
[1.497606] (px4_msgs) StdoutLine: {'line': b'-- Up-to-date: /home/px4/ros2/ws/install/px4_msgs/include/px4_msgs/px4_msgs/msg/detail/parameter_set_value_request__struct.h\n'}
[1.497664] (px4_msgs) StdoutLine: {'line': b'-- Up-to-date: /home/px4/ros2/ws/install/px4_msgs/include/px4_msgs/px4_msgs/msg/detail/velocity_limits__struct.h\n'}
[1.497734] (px4_msgs) StdoutLine: {'line': b'-- Up-to-date: /home/px4/ros2/ws/install/px4_msgs/include/px4_msgs/px4_msgs/msg/detail/landing_target_pose__type_support.h\n'}
[1.497805] (px4_msgs) StdoutLine: {'line': b'-- Up-to-date: /home/px4/ros2/ws/install/px4_msgs/include/px4_msgs/px4_msgs/msg/detail/estimator_status_flags__type_support.h\n'}
[1.497878] (px4_msgs) StdoutLine: {'line': b'-- Up-to-date: /home/px4/ros2/ws/install/px4_msgs/include/px4_msgs/px4_msgs/msg/detail/rover_attitude_status__struct.h\n'}
[1.497948] (px4_msgs) StdoutLine: {'line': b'-- Up-to-date: /home/px4/ros2/ws/install/px4_msgs/include/px4_msgs/px4_msgs/msg/detail/goto_setpoint__struct.h\n'}
[1.498023] (px4_msgs) StdoutLine: {'line': b'-- Up-to-date: /home/px4/ros2/ws/install/px4_msgs/include/px4_msgs/px4_msgs/msg/detail/tiltrotor_extra_controls__functions.h\n'}
[1.498075] (px4_msgs) StdoutLine: {'line': b'-- Up-to-date: /home/px4/ros2/ws/install/px4_msgs/include/px4_msgs/px4_msgs/msg/detail/offboard_control_mode__functions.c\n'}
[1.498135] (px4_msgs) StdoutLine: {'line': b'-- Up-to-date: /home/px4/ros2/ws/install/px4_msgs/include/px4_msgs/px4_msgs/msg/detail/estimator_status__struct.h\n'}
[1.498199] (px4_msgs) StdoutLine: {'line': b'-- Up-to-date: /home/px4/ros2/ws/install/px4_msgs/include/px4_msgs/px4_msgs/msg/detail/px4io_status__functions.h\n'}
[1.498265] (px4_msgs) StdoutLine: {'line': b'-- Up-to-date: /home/px4/ros2/ws/install/px4_msgs/include/px4_msgs/px4_msgs/msg/detail/tune_control__functions.h\n'}
[1.498328] (px4_msgs) StdoutLine: {'line': b'-- Up-to-date: /home/px4/ros2/ws/install/px4_msgs/include/px4_msgs/px4_msgs/msg/detail/rover_steering_setpoint__functions.h\n'}
[1.498389] (px4_msgs) StdoutLine: {'line': b'-- Up-to-date: /home/px4/ros2/ws/install/px4_msgs/include/px4_msgs/px4_msgs/msg/detail/sensor_accel__type_support.h\n'}
[1.498453] (px4_msgs) StdoutLine: {'line': b'-- Up-to-date: /home/px4/ros2/ws/install/px4_msgs/include/px4_msgs/px4_msgs/msg/detail/health_report__struct.h\n'}
[1.498517] (px4_msgs) StdoutLine: {'line': b'-- Up-to-date: /home/px4/ros2/ws/install/px4_msgs/include/px4_msgs/px4_msgs/msg/detail/onboard_computer_status__struct.h\n'}
[1.498581] (px4_msgs) StdoutLine: {'line': b'-- Up-to-date: /home/px4/ros2/ws/install/px4_msgs/include/px4_msgs/px4_msgs/msg/detail/debug_key_value__struct.h\n'}
[1.498629] (px4_msgs) StdoutLine: {'line': b'-- Up-to-date: /home/px4/ros2/ws/install/px4_msgs/include/px4_msgs/px4_msgs/msg/detail/vehicle_local_position__functions.c\n'}
[1.498677] (px4_msgs) StdoutLine: {'line': b'-- Up-to-date: /home/px4/ros2/ws/install/px4_msgs/include/px4_msgs/px4_msgs/msg/detail/gpio_request__type_support.h\n'}
[1.498725] (px4_msgs) StdoutLine: {'line': b'-- Up-to-date: /home/px4/ros2/ws/install/px4_msgs/include/px4_msgs/px4_msgs/msg/detail/estimator_bias3d__functions.h\n'}
[1.498772] (px4_msgs) StdoutLine: {'line': b'-- Up-to-date: /home/px4/ros2/ws/install/px4_msgs/include/px4_msgs/px4_msgs/msg/detail/vehicle_status__functions.c\n'}
[1.498820] (px4_msgs) StdoutLine: {'line': b'-- Up-to-date: /home/px4/ros2/ws/install/px4_msgs/include/px4_msgs/px4_msgs/msg/detail/vehicle_odometry__functions.c\n'}
[1.498877] (px4_msgs) StdoutLine: {'line': b'-- Up-to-date: /home/px4/ros2/ws/install/px4_msgs/include/px4_msgs/px4_msgs/msg/detail/battery_info__functions.h\n'}
[1.498933] (px4_msgs) StdoutLine: {'line': b'-- Up-to-date: /home/px4/ros2/ws/install/px4_msgs/include/px4_msgs/px4_msgs/msg/detail/actuator_motors__functions.c\n'}
[1.499002] (px4_msgs) StdoutLine: {'line': b'-- Up-to-date: /home/px4/ros2/ws/install/px4_msgs/include/px4_msgs/px4_msgs/msg/detail/gimbal_manager_status__functions.h\n'}
[1.499065] (px4_msgs) StdoutLine: {'line': b'-- Up-to-date: /home/px4/ros2/ws/install/px4_msgs/include/px4_msgs/px4_msgs/msg/detail/position_setpoint_triplet__struct.h\n'}
[1.499131] (px4_msgs) StdoutLine: {'line': b'-- Up-to-date: /home/px4/ros2/ws/install/px4_msgs/include/px4_msgs/px4_msgs/msg/detail/radio_status__functions.h\n'}
[1.499193] (px4_msgs) StdoutLine: {'line': b'-- Up-to-date: /home/px4/ros2/ws/install/px4_msgs/include/px4_msgs/px4_msgs/msg/detail/internal_combustion_engine_status__functions.c\n'}
[1.499255] (px4_msgs) StdoutLine: {'line': b'-- Up-to-date: /home/px4/ros2/ws/install/px4_msgs/include/px4_msgs/px4_msgs/msg/detail/control_allocator_status__functions.h\n'}
[1.499316] (px4_msgs) StdoutLine: {'line': b'-- Up-to-date: /home/px4/ros2/ws/install/px4_msgs/include/px4_msgs/px4_msgs/msg/detail/rate_ctrl_status__functions.h\n'}
[1.499380] (px4_msgs) StdoutLine: {'line': b'-- Up-to-date: /home/px4/ros2/ws/install/px4_msgs/include/px4_msgs/px4_msgs/msg/detail/gps_inject_data__type_support.h\n'}
[1.499473] (px4_msgs) StdoutLine: {'line': b'-- Up-to-date: /home/px4/ros2/ws/install/px4_msgs/include/px4_msgs/px4_msgs/msg/detail/pps_capture__struct.h\n'}
[1.499536] (px4_msgs) StdoutLine: {'line': b'-- Up-to-date: /home/px4/ros2/ws/install/px4_msgs/include/px4_msgs/px4_msgs/msg/detail/gimbal_manager_status__functions.c\n'}
[1.499603] (px4_msgs) StdoutLine: {'line': b'-- Up-to-date: /home/px4/ros2/ws/install/px4_msgs/include/px4_msgs/px4_msgs/msg/detail/gimbal_controls__functions.c\n'}
[1.499665] (px4_msgs) StdoutLine: {'line': b'-- Up-to-date: /home/px4/ros2/ws/install/px4_msgs/include/px4_msgs/px4_msgs/msg/detail/arming_check_reply__struct.h\n'}
[1.499737] (px4_msgs) StdoutLine: {'line': b'-- Up-to-date: /home/px4/ros2/ws/install/px4_msgs/include/px4_msgs/px4_msgs/msg/detail/rtl_status__functions.c\n'}
[1.499802] (px4_msgs) StdoutLine: {'line': b'-- Up-to-date: /home/px4/ros2/ws/install/px4_msgs/include/px4_msgs/px4_msgs/msg/detail/wheel_encoders__functions.h\n'}
[1.499860] (px4_msgs) StdoutLine: {'line': b'-- Up-to-date: /home/px4/ros2/ws/install/px4_msgs/include/px4_msgs/px4_msgs/msg/detail/vehicle_attitude__functions.h\n'}
[1.499933] (px4_msgs) StdoutLine: {'line': b'-- Up-to-date: /home/px4/ros2/ws/install/px4_msgs/include/px4_msgs/px4_msgs/msg/detail/open_drone_id_system__type_support.h\n'}
[1.500008] (px4_msgs) StdoutLine: {'line': b'-- Up-to-date: /home/px4/ros2/ws/install/px4_msgs/include/px4_msgs/px4_msgs/msg/detail/estimator_states__struct.h\n'}
[1.500072] (px4_msgs) StdoutLine: {'line': b'-- Up-to-date: /home/px4/ros2/ws/install/px4_msgs/include/px4_msgs/px4_msgs/msg/detail/input_rc__type_support.h\n'}
[1.500136] (px4_msgs) StdoutLine: {'line': b'-- Up-to-date: /home/px4/ros2/ws/install/px4_msgs/include/px4_msgs/px4_msgs/msg/detail/actuator_armed__functions.h\n'}
[1.500198] (px4_msgs) StdoutLine: {'line': b'-- Up-to-date: /home/px4/ros2/ws/install/px4_msgs/include/px4_msgs/px4_msgs/msg/detail/sensor_gps__struct.h\n'}
[1.500254] (px4_msgs) StdoutLine: {'line': b'-- Up-to-date: /home/px4/ros2/ws/install/px4_msgs/include/px4_msgs/px4_msgs/msg/detail/vehicle_imu_status__type_support.h\n'}
[1.500317] (px4_msgs) StdoutLine: {'line': b'-- Up-to-date: /home/px4/ros2/ws/install/px4_msgs/include/px4_msgs/px4_msgs/msg/detail/airspeed_validated__struct.h\n'}
[1.500377] (px4_msgs) StdoutLine: {'line': b'-- Up-to-date: /home/px4/ros2/ws/install/px4_msgs/include/px4_msgs/px4_msgs/msg/detail/camera_capture__type_support.h\n'}
[1.500458] (px4_msgs) StdoutLine: {'line': b'-- Up-to-date: /home/px4/ros2/ws/install/px4_msgs/include/px4_msgs/px4_msgs/msg/detail/estimator_sensor_bias__functions.h\n'}
[1.500525] (px4_msgs) StdoutLine: {'line': b'-- Up-to-date: /home/px4/ros2/ws/install/px4_msgs/include/px4_msgs/px4_msgs/msg/detail/geofence_status__type_support.h\n'}
[1.500607] (px4_msgs) StdoutLine: {'line': b'-- Up-to-date: /home/px4/ros2/ws/install/px4_msgs/include/px4_msgs/px4_msgs/msg/detail/vehicle_attitude_setpoint__functions.c\n'}
[1.500670] (px4_msgs) StdoutLine: {'line': b'-- Up-to-date: /home/px4/ros2/ws/install/px4_msgs/include/px4_msgs/px4_msgs/msg/detail/rover_steering_setpoint__struct.h\n'}
[1.500748] (px4_msgs) StdoutLine: {'line': b'-- Up-to-date: /home/px4/ros2/ws/install/px4_msgs/include/px4_msgs/px4_msgs/msg/detail/estimator_bias3d__functions.c\n'}
[1.500823] (px4_msgs) StdoutLine: {'line': b'-- Up-to-date: /home/px4/ros2/ws/install/px4_msgs/include/px4_msgs/px4_msgs/msg/detail/qshell_retval__type_support.h\n'}
[1.500906] (px4_msgs) StdoutLine: {'line': b'-- Up-to-date: /home/px4/ros2/ws/install/px4_msgs/include/px4_msgs/px4_msgs/msg/detail/mag_worker_data__functions.c\n'}
[1.500975] (px4_msgs) StdoutLine: {'line': b'-- Up-to-date: /home/px4/ros2/ws/install/px4_msgs/include/px4_msgs/px4_msgs/msg/detail/gimbal_manager_set_attitude__type_support.h\n'}
[1.501046] (px4_msgs) StdoutLine: {'line': b'-- Up-to-date: /home/px4/ros2/ws/install/px4_msgs/include/px4_msgs/px4_msgs/msg/detail/position_controller_status__type_support.h\n'}
[1.501112] (px4_msgs) StdoutLine: {'line': b'-- Up-to-date: /home/px4/ros2/ws/install/px4_msgs/include/px4_msgs/px4_msgs/msg/detail/vehicle_angular_velocity__functions.h\n'}
[1.501171] (px4_msgs) StdoutLine: {'line': b'-- Up-to-date: /home/px4/ros2/ws/install/px4_msgs/include/px4_msgs/px4_msgs/msg/detail/cellular_status__functions.h\n'}
[1.501239] (px4_msgs) StdoutLine: {'line': b'-- Up-to-date: /home/px4/ros2/ws/install/px4_msgs/include/px4_msgs/px4_msgs/msg/detail/obstacle_distance__type_support.h\n'}
[1.501304] (px4_msgs) StdoutLine: {'line': b'-- Up-to-date: /home/px4/ros2/ws/install/px4_msgs/include/px4_msgs/px4_msgs/msg/detail/vehicle_command__type_support.h\n'}
[1.501366] (px4_msgs) StdoutLine: {'line': b'-- Up-to-date: /home/px4/ros2/ws/install/px4_msgs/include/px4_msgs/px4_msgs/msg/detail/message_format_request__functions.h\n'}
[1.501429] (px4_msgs) StdoutLine: {'line': b'-- Up-to-date: /home/px4/ros2/ws/install/px4_msgs/include/px4_msgs/px4_msgs/msg/detail/sensor_gyro_fifo__struct.h\n'}
[1.501498] (px4_msgs) StdoutLine: {'line': b'-- Up-to-date: /home/px4/ros2/ws/install/px4_msgs/include/px4_msgs/px4_msgs/msg/detail/adc_report__type_support.h\n'}
[1.501556] (px4_msgs) StdoutLine: {'line': b'-- Up-to-date: /home/px4/ros2/ws/install/px4_msgs/include/px4_msgs/px4_msgs/msg/detail/timesync_status__functions.c\n'}
[1.501616] (px4_msgs) StdoutLine: {'line': b'-- Up-to-date: /home/px4/ros2/ws/install/px4_msgs/include/px4_msgs/px4_msgs/msg/detail/actuator_controls_status__type_support.h\n'}
[1.501684] (px4_msgs) StdoutLine: {'line': b'-- Up-to-date: /home/px4/ros2/ws/install/px4_msgs/include/px4_msgs/px4_msgs/msg/detail/landing_gear__functions.c\n'}
[1.501751] (px4_msgs) StdoutLine: {'line': b'-- Up-to-date: /home/px4/ros2/ws/install/px4_msgs/include/px4_msgs/px4_msgs/msg/detail/timesync_status__functions.h\n'}
[1.501811] (px4_msgs) StdoutLine: {'line': b'-- Up-to-date: /home/px4/ros2/ws/install/px4_msgs/include/px4_msgs/px4_msgs/msg/detail/actuator_armed__struct.h\n'}
[1.501888] (px4_msgs) StdoutLine: {'line': b'-- Up-to-date: /home/px4/ros2/ws/install/px4_msgs/include/px4_msgs/px4_msgs/msg/detail/vehicle_air_data__struct.h\n'}
[1.501970] (px4_msgs) StdoutLine: {'line': b'-- Up-to-date: /home/px4/ros2/ws/install/px4_msgs/include/px4_msgs/px4_msgs/msg/detail/gimbal_device_information__functions.c\n'}
[1.502031] (-) TimerEvent: {}
[1.502119] (px4_msgs) StdoutLine: {'line': b'-- Up-to-date: /home/px4/ros2/ws/install/px4_msgs/include/px4_msgs/px4_msgs/msg/detail/cpuload__type_support.h\n'}
[1.502250] (px4_msgs) StdoutLine: {'line': b'-- Up-to-date: /home/px4/ros2/ws/install/px4_msgs/include/px4_msgs/px4_msgs/msg/detail/qshell_req__struct.h\n'}
[1.502343] (px4_msgs) StdoutLine: {'line': b'-- Up-to-date: /home/px4/ros2/ws/install/px4_msgs/include/px4_msgs/px4_msgs/msg/detail/orb_test__type_support.h\n'}
[1.502444] (px4_msgs) StdoutLine: {'line': b'-- Up-to-date: /home/px4/ros2/ws/install/px4_msgs/include/px4_msgs/px4_msgs/msg/detail/rover_attitude_setpoint__struct.h\n'}
[1.502544] (px4_msgs) StdoutLine: {'line': b'-- Up-to-date: /home/px4/ros2/ws/install/px4_msgs/include/px4_msgs/px4_msgs/msg/detail/estimator_status_flags__functions.h\n'}
[1.502624] (px4_msgs) StdoutLine: {'line': b'-- Up-to-date: /home/px4/ros2/ws/install/px4_msgs/include/px4_msgs/px4_msgs/msg/detail/fixed_wing_runway_control__functions.c\n'}
[1.502698] (px4_msgs) StdoutLine: {'line': b'-- Up-to-date: /home/px4/ros2/ws/install/px4_msgs/include/px4_msgs/px4_msgs/msg/detail/gimbal_device_information__type_support.h\n'}
[1.502790] (px4_msgs) StdoutLine: {'line': b'-- Up-to-date: /home/px4/ros2/ws/install/px4_msgs/include/px4_msgs/px4_msgs/msg/detail/rover_velocity_status__functions.c\n'}
[1.502856] (px4_msgs) StdoutLine: {'line': b'-- Up-to-date: /home/px4/ros2/ws/install/px4_msgs/include/px4_msgs/px4_msgs/msg/detail/home_position__functions.c\n'}
[1.502959] (px4_msgs) StdoutLine: {'line': b'-- Up-to-date: /home/px4/ros2/ws/install/px4_msgs/include/px4_msgs/px4_msgs/msg/detail/failure_detector_status__struct.h\n'}
[1.503034] (px4_msgs) StdoutLine: {'line': b'-- Up-to-date: /home/px4/ros2/ws/install/px4_msgs/include/px4_msgs/px4_msgs/msg/detail/wheel_encoders__struct.h\n'}
[1.503101] (px4_msgs) StdoutLine: {'line': b'-- Up-to-date: /home/px4/ros2/ws/install/px4_msgs/include/px4_msgs/px4_msgs/msg/detail/navigator_status__functions.c\n'}
[1.503163] (px4_msgs) StdoutLine: {'line': b'-- Up-to-date: /home/px4/ros2/ws/install/px4_msgs/include/px4_msgs/px4_msgs/msg/detail/mission__functions.c\n'}
[1.503225] (px4_msgs) StdoutLine: {'line': b'-- Up-to-date: /home/px4/ros2/ws/install/px4_msgs/include/px4_msgs/px4_msgs/msg/detail/action_request__type_support.h\n'}
[1.503330] (px4_msgs) StdoutLine: {'line': b'-- Up-to-date: /home/px4/ros2/ws/install/px4_msgs/include/px4_msgs/px4_msgs/msg/detail/estimator_states__functions.h\n'}
[1.503402] (px4_msgs) StdoutLine: {'line': b'-- Up-to-date: /home/px4/ros2/ws/install/px4_msgs/include/px4_msgs/px4_msgs/msg/detail/input_rc__functions.h\n'}
[1.503479] (px4_msgs) StdoutLine: {'line': b'-- Up-to-date: /home/px4/ros2/ws/install/px4_msgs/include/px4_msgs/px4_msgs/msg/detail/vehicle_optical_flow__functions.c\n'}
[1.503561] (px4_msgs) StdoutLine: {'line': b'-- Up-to-date: /home/px4/ros2/ws/install/px4_msgs/include/px4_msgs/px4_msgs/msg/detail/orb_test_medium__functions.c\n'}
[1.503629] (px4_msgs) StdoutLine: {'line': b'-- Up-to-date: /home/px4/ros2/ws/install/px4_msgs/include/px4_msgs/px4_msgs/msg/detail/cellular_status__functions.c\n'}
[1.503692] (px4_msgs) StdoutLine: {'line': b'-- Up-to-date: /home/px4/ros2/ws/install/px4_msgs/include/px4_msgs/px4_msgs/msg/detail/rc_parameter_map__type_support.h\n'}
[1.503756] (px4_msgs) StdoutLine: {'line': b'-- Up-to-date: /home/px4/ros2/ws/install/px4_msgs/include/px4_msgs/px4_msgs/msg/detail/power_button_state__functions.c\n'}
[1.503816] (px4_msgs) StdoutLine: {'line': b'-- Up-to-date: /home/px4/ros2/ws/install/px4_msgs/include/px4_msgs/px4_msgs/msg/detail/sensor_baro__struct.h\n'}
[1.503897] (px4_msgs) StdoutLine: {'line': b'-- Up-to-date: /home/px4/ros2/ws/install/px4_msgs/include/px4_msgs/px4_msgs/msg/detail/sensor_airflow__functions.c\n'}
[1.503959] (px4_msgs) StdoutLine: {'line': b'-- Up-to-date: /home/px4/ros2/ws/install/px4_msgs/include/px4_msgs/px4_msgs/msg/detail/trajectory_setpoint__functions.h\n'}
[1.504022] (px4_msgs) StdoutLine: {'line': b'-- Up-to-date: /home/px4/ros2/ws/install/px4_msgs/include/px4_msgs/px4_msgs/msg/detail/vehicle_odometry__functions.h\n'}
[1.504085] (px4_msgs) StdoutLine: {'line': b'-- Up-to-date: /home/px4/ros2/ws/install/px4_msgs/include/px4_msgs/px4_msgs/msg/detail/differential_pressure__functions.c\n'}
[1.504160] (px4_msgs) StdoutLine: {'line': b'-- Up-to-date: /home/px4/ros2/ws/install/px4_msgs/include/px4_msgs/px4_msgs/msg/detail/distance_sensor__functions.c\n'}
[1.504231] (px4_msgs) StdoutLine: {'line': b'-- Up-to-date: /home/px4/ros2/ws/install/px4_msgs/include/px4_msgs/px4_msgs/msg/detail/esc_report__functions.h\n'}
[1.504303] (px4_msgs) StdoutLine: {'line': b'-- Up-to-date: /home/px4/ros2/ws/install/px4_msgs/include/px4_msgs/px4_msgs/msg/detail/sensor_combined__struct.h\n'}
[1.504363] (px4_msgs) StdoutLine: {'line': b'-- Up-to-date: /home/px4/ros2/ws/install/px4_msgs/include/px4_msgs/px4_msgs/msg/detail/mavlink_log__struct.h\n'}
[1.504426] (px4_msgs) StdoutLine: {'line': b'-- Up-to-date: /home/px4/ros2/ws/install/px4_msgs/include/px4_msgs/px4_msgs/msg/detail/longitudinal_control_configuration__struct.h\n'}
[1.504485] (px4_msgs) StdoutLine: {'line': b'-- Up-to-date: /home/px4/ros2/ws/install/px4_msgs/include/px4_msgs/px4_msgs/msg/detail/parameter_reset_request__struct.h\n'}
[1.504568] (px4_msgs) StdoutLine: {'line': b'-- Up-to-date: /home/px4/ros2/ws/install/px4_msgs/include/px4_msgs/px4_msgs/msg/detail/normalized_unsigned_setpoint__type_support.h\n'}
[1.504628] (px4_msgs) StdoutLine: {'line': b'-- Up-to-date: /home/px4/ros2/ws/install/px4_msgs/include/px4_msgs/px4_msgs/msg/detail/logger_status__functions.c\n'}
[1.504700] (px4_msgs) StdoutLine: {'line': b'-- Up-to-date: /home/px4/ros2/ws/install/px4_msgs/include/px4_msgs/px4_msgs/msg/detail/estimator_event_flags__struct.h\n'}
[1.504760] (px4_msgs) StdoutLine: {'line': b'-- Up-to-date: /home/px4/ros2/ws/install/px4_msgs/include/px4_msgs/px4_msgs/msg/detail/yaw_estimator_status__functions.c\n'}
[1.504815] (px4_msgs) StdoutLine: {'line': b'-- Up-to-date: /home/px4/ros2/ws/install/px4_msgs/include/px4_msgs/px4_msgs/msg/detail/normalized_unsigned_setpoint__struct.h\n'}
[1.504908] (px4_msgs) StdoutLine: {'line': b'-- Up-to-date: /home/px4/ros2/ws/install/px4_msgs/include/px4_msgs/px4_msgs/msg/detail/estimator_status_flags__functions.c\n'}
[1.504980] (px4_msgs) StdoutLine: {'line': b'-- Up-to-date: /home/px4/ros2/ws/install/px4_msgs/include/px4_msgs/px4_msgs/msg/detail/uavcan_parameter_value__functions.c\n'}
[1.505042] (px4_msgs) StdoutLine: {'line': b'-- Up-to-date: /home/px4/ros2/ws/install/px4_msgs/include/px4_msgs/px4_msgs/msg/detail/parameter_set_value_request__type_support.h\n'}
[1.505106] (px4_msgs) StdoutLine: {'line': b'-- Up-to-date: /home/px4/ros2/ws/install/px4_msgs/include/px4_msgs/px4_msgs/msg/detail/rover_position_setpoint__struct.h\n'}
[1.505178] (px4_msgs) StdoutLine: {'line': b'-- Up-to-date: /home/px4/ros2/ws/install/px4_msgs/include/px4_msgs/px4_msgs/msg/detail/mission__type_support.h\n'}
[1.505256] (px4_msgs) StdoutLine: {'line': b'-- Up-to-date: /home/px4/ros2/ws/install/px4_msgs/include/px4_msgs/px4_msgs/msg/detail/yaw_estimator_status__type_support.h\n'}
[1.505330] (px4_msgs) StdoutLine: {'line': b'-- Up-to-date: /home/px4/ros2/ws/install/px4_msgs/include/px4_msgs/px4_msgs/msg/detail/trajectory_setpoint__struct.h\n'}
[1.505390] (px4_msgs) StdoutLine: {'line': b'-- Up-to-date: /home/px4/ros2/ws/install/px4_msgs/include/px4_msgs/px4_msgs/msg/detail/estimator_selector_status__type_support.h\n'}
[1.505462] (px4_msgs) StdoutLine: {'line': b'-- Up-to-date: /home/px4/ros2/ws/install/px4_msgs/include/px4_msgs/px4_msgs/msg/detail/actuator_servos__type_support.h\n'}
[1.505520] (px4_msgs) StdoutLine: {'line': b'-- Up-to-date: /home/px4/ros2/ws/install/px4_msgs/include/px4_msgs/px4_msgs/msg/detail/debug_vect__functions.h\n'}
[1.505597] (px4_msgs) StdoutLine: {'line': b'-- Up-to-date: /home/px4/ros2/ws/install/px4_msgs/include/px4_msgs/px4_msgs/msg/detail/vehicle_optical_flow_vel__functions.c\n'}
[1.505670] (px4_msgs) StdoutLine: {'line': b'-- Up-to-date: /home/px4/ros2/ws/install/px4_msgs/include/px4_msgs/px4_msgs/msg/detail/orb_test_medium__type_support.h\n'}
[1.505733] (px4_msgs) StdoutLine: {'line': b'-- Up-to-date: /home/px4/ros2/ws/install/px4_msgs/include/px4_msgs/px4_msgs/msg/detail/vehicle_command__functions.c\n'}
[1.505793] (px4_msgs) StdoutLine: {'line': b'-- Up-to-date: /home/px4/ros2/ws/install/px4_msgs/include/px4_msgs/px4_msgs/msg/detail/yaw_estimator_status__struct.h\n'}
[1.505881] (px4_msgs) StdoutLine: {'line': b'-- Up-to-date: /home/px4/ros2/ws/install/px4_msgs/include/px4_msgs/px4_msgs/msg/detail/estimator_sensor_bias__functions.c\n'}
[1.505964] (px4_msgs) StdoutLine: {'line': b'-- Up-to-date: /home/px4/ros2/ws/install/px4_msgs/include/px4_msgs/px4_msgs/msg/detail/register_ext_component_request__type_support.h\n'}
[1.506023] (px4_msgs) StdoutLine: {'line': b'-- Up-to-date: /home/px4/ros2/ws/install/px4_msgs/include/px4_msgs/px4_msgs/msg/detail/tune_control__type_support.h\n'}
[1.506082] (px4_msgs) StdoutLine: {'line': b'-- Up-to-date: /home/px4/ros2/ws/install/px4_msgs/include/px4_msgs/px4_msgs/msg/detail/log_message__functions.c\n'}
[1.506141] (px4_msgs) StdoutLine: {'line': b'-- Up-to-date: /home/px4/ros2/ws/install/px4_msgs/include/px4_msgs/px4_msgs/msg/detail/position_controller_landing_status__type_support.h\n'}
[1.506216] (px4_msgs) StdoutLine: {'line': b'-- Up-to-date: /home/px4/ros2/ws/install/px4_msgs/include/px4_msgs/px4_msgs/msg/detail/led_control__type_support.h\n'}
[1.506276] (px4_msgs) StdoutLine: {'line': b'-- Up-to-date: /home/px4/ros2/ws/install/px4_msgs/include/px4_msgs/px4_msgs/msg/detail/ping__struct.h\n'}
[1.506333] (px4_msgs) StdoutLine: {'line': b'-- Up-to-date: /home/px4/ros2/ws/install/px4_msgs/include/px4_msgs/px4_msgs/msg/detail/estimator_aid_source3d__struct.h\n'}
[1.506434] (px4_msgs) StdoutLine: {'line': b'-- Up-to-date: /home/px4/ros2/ws/install/px4_msgs/include/px4_msgs/px4_msgs/msg/detail/control_allocator_status__type_support.h\n'}
[1.506510] (px4_msgs) StdoutLine: {'line': b'-- Up-to-date: /home/px4/ros2/ws/install/px4_msgs/include/px4_msgs/px4_msgs/msg/detail/rtl_status__struct.h\n'}
[1.506571] (px4_msgs) StdoutLine: {'line': b'-- Up-to-date: /home/px4/ros2/ws/install/px4_msgs/include/px4_msgs/px4_msgs/msg/detail/parameter_set_used_request__functions.h\n'}
[1.506645] (px4_msgs) StdoutLine: {'line': b'-- Up-to-date: /home/px4/ros2/ws/install/px4_msgs/include/px4_msgs/px4_msgs/msg/detail/pwm_input__functions.h\n'}
[1.506707] (px4_msgs) StdoutLine: {'line': b'-- Up-to-date: /home/px4/ros2/ws/install/px4_msgs/include/px4_msgs/px4_msgs/msg/detail/collision_constraints__functions.h\n'}
[1.506769] (px4_msgs) StdoutLine: {'line': b'-- Up-to-date: /home/px4/ros2/ws/install/px4_msgs/include/px4_msgs/px4_msgs/msg/detail/fixed_wing_runway_control__type_support.h\n'}
[1.506830] (px4_msgs) StdoutLine: {'line': b'-- Up-to-date: /home/px4/ros2/ws/install/px4_msgs/include/px4_msgs/px4_msgs/msg/detail/gripper__functions.c\n'}
[1.506912] (px4_msgs) StdoutLine: {'line': b'-- Up-to-date: /home/px4/ros2/ws/install/px4_msgs/include/px4_msgs/px4_msgs/msg/detail/qshell_retval__functions.h\n'}
[1.506972] (px4_msgs) StdoutLine: {'line': b'-- Up-to-date: /home/px4/ros2/ws/install/px4_msgs/include/px4_msgs/px4_msgs/msg/detail/actuator_servos__functions.c\n'}
[1.507025] (px4_msgs) StdoutLine: {'line': b'-- Up-to-date: /home/px4/ros2/ws/install/px4_msgs/include/px4_msgs/px4_msgs/msg/detail/sensors_status__functions.h\n'}
[1.507087] (px4_msgs) StdoutLine: {'line': b'-- Up-to-date: /home/px4/ros2/ws/install/px4_msgs/include/px4_msgs/px4_msgs/msg/detail/rover_throttle_setpoint__functions.h\n'}
[1.507145] (px4_msgs) StdoutLine: {'line': b'-- Up-to-date: /home/px4/ros2/ws/install/px4_msgs/include/px4_msgs/px4_msgs/msg/detail/config_overrides__struct.h\n'}
[1.507227] (px4_msgs) StdoutLine: {'line': b'-- Up-to-date: /home/px4/ros2/ws/install/px4_msgs/include/px4_msgs/px4_msgs/msg/detail/actuator_outputs__struct.h\n'}
[1.507287] (px4_msgs) StdoutLine: {'line': b'-- Up-to-date: /home/px4/ros2/ws/install/px4_msgs/include/px4_msgs/px4_msgs/msg/detail/estimator_bias__functions.h\n'}
[1.507359] (px4_msgs) StdoutLine: {'line': b'-- Up-to-date: /home/px4/ros2/ws/install/px4_msgs/include/px4_msgs/px4_msgs/msg/detail/estimator_aid_source3d__functions.h\n'}
[1.507417] (px4_msgs) StdoutLine: {'line': b'-- Up-to-date: /home/px4/ros2/ws/install/px4_msgs/include/px4_msgs/px4_msgs/msg/detail/launch_detection_status__functions.c\n'}
[1.507479] (px4_msgs) StdoutLine: {'line': b'-- Up-to-date: /home/px4/ros2/ws/install/px4_msgs/include/px4_msgs/px4_msgs/msg/detail/vehicle_odometry__type_support.h\n'}
[1.507541] (px4_msgs) StdoutLine: {'line': b'-- Up-to-date: /home/px4/ros2/ws/install/px4_msgs/include/px4_msgs/px4_msgs/msg/detail/dataman_request__struct.h\n'}
[1.507621] (px4_msgs) StdoutLine: {'line': b'-- Up-to-date: /home/px4/ros2/ws/install/px4_msgs/include/px4_msgs/px4_msgs/msg/detail/differential_pressure__type_support.h\n'}
[1.507686] (px4_msgs) StdoutLine: {'line': b'-- Up-to-date: /home/px4/ros2/ws/install/px4_msgs/include/px4_msgs/px4_msgs/msg/detail/sensor_gyro_fft__functions.h\n'}
[1.507761] (px4_msgs) StdoutLine: {'line': b'-- Up-to-date: /home/px4/ros2/ws/install/px4_msgs/include/px4_msgs/px4_msgs/msg/detail/vehicle_control_mode__type_support.h\n'}
[1.507852] (px4_msgs) StdoutLine: {'line': b'-- Up-to-date: /home/px4/ros2/ws/install/px4_msgs/include/px4_msgs/px4_msgs/msg/detail/vehicle_acceleration__functions.c\n'}
[1.508004] (px4_msgs) StdoutLine: {'line': b'-- Up-to-date: /home/px4/ros2/ws/install/px4_msgs/include/px4_msgs/px4_msgs/msg/detail/geofence_status__functions.h\n'}
[1.508073] (px4_msgs) StdoutLine: {'line': b'-- Up-to-date: /home/px4/ros2/ws/install/px4_msgs/include/px4_msgs/px4_msgs/msg/detail/generator_status__functions.h\n'}
[1.508142] (px4_msgs) StdoutLine: {'line': b'-- Up-to-date: /home/px4/ros2/ws/install/px4_msgs/include/px4_msgs/px4_msgs/msg/detail/uavcan_parameter_value__type_support.h\n'}
[1.508210] (px4_msgs) StdoutLine: {'line': b'-- Up-to-date: /home/px4/ros2/ws/install/px4_msgs/include/px4_msgs/px4_msgs/msg/detail/fixed_wing_longitudinal_setpoint__type_support.h\n'}
[1.508324] (px4_msgs) StdoutLine: {'line': b'-- Up-to-date: /home/px4/ros2/ws/install/px4_msgs/include/px4_msgs/px4_msgs/msg/detail/collision_constraints__struct.h\n'}
[1.508390] (px4_msgs) StdoutLine: {'line': b'-- Up-to-date: /home/px4/ros2/ws/install/px4_msgs/include/px4_msgs/px4_msgs/msg/detail/timesync_status__struct.h\n'}
[1.508465] (px4_msgs) StdoutLine: {'line': b'-- Up-to-date: /home/px4/ros2/ws/install/px4_msgs/include/px4_msgs/px4_msgs/msg/detail/esc_status__functions.c\n'}
[1.508525] (px4_msgs) StdoutLine: {'line': b'-- Up-to-date: /home/px4/ros2/ws/install/px4_msgs/include/px4_msgs/px4_msgs/msg/detail/tune_control__functions.c\n'}
[1.508591] (px4_msgs) StdoutLine: {'line': b'-- Up-to-date: /home/px4/ros2/ws/install/px4_msgs/include/px4_msgs/px4_msgs/msg/detail/open_drone_id_operator_id__functions.h\n'}
[1.508655] (px4_msgs) StdoutLine: {'line': b'-- Up-to-date: /home/px4/ros2/ws/install/px4_msgs/include/px4_msgs/px4_msgs/msg/detail/sensor_accel__functions.h\n'}
[1.508723] (px4_msgs) StdoutLine: {'line': b'-- Up-to-date: /home/px4/ros2/ws/install/px4_msgs/include/px4_msgs/px4_msgs/msg/detail/gps_dump__struct.h\n'}
[1.508796] (px4_msgs) StdoutLine: {'line': b'-- Up-to-date: /home/px4/ros2/ws/install/px4_msgs/include/px4_msgs/px4_msgs/msg/detail/follow_target__functions.c\n'}
[1.508902] (px4_msgs) StdoutLine: {'line': b'-- Up-to-date: /home/px4/ros2/ws/install/px4_msgs/include/px4_msgs/px4_msgs/msg/detail/actuator_controls_status__functions.c\n'}
[1.508964] (px4_msgs) StdoutLine: {'line': b'-- Up-to-date: /home/px4/ros2/ws/install/px4_msgs/include/px4_msgs/px4_msgs/msg/detail/vehicle_thrust_setpoint__struct.h\n'}
[1.509027] (px4_msgs) StdoutLine: {'line': b'-- Up-to-date: /home/px4/ros2/ws/install/px4_msgs/include/px4_msgs/px4_msgs/msg/detail/ulog_stream__functions.h\n'}
[1.509150] (px4_msgs) StdoutLine: {'line': b'-- Up-to-date: /home/px4/ros2/ws/install/px4_msgs/include/px4_msgs/px4_msgs/msg/detail/tiltrotor_extra_controls__type_support.h\n'}
[1.509216] (px4_msgs) StdoutLine: {'line': b'-- Up-to-date: /home/px4/ros2/ws/install/px4_msgs/include/px4_msgs/px4_msgs/msg/detail/orbit_status__type_support.h\n'}
[1.509283] (px4_msgs) StdoutLine: {'line': b'-- Up-to-date: /home/px4/ros2/ws/install/px4_msgs/include/px4_msgs/px4_msgs/msg/detail/sensor_gnss_relative__struct.h\n'}
[1.509348] (px4_msgs) StdoutLine: {'line': b'-- Up-to-date: /home/px4/ros2/ws/install/px4_msgs/include/px4_msgs/px4_msgs/msg/detail/fixed_wing_lateral_setpoint__type_support.h\n'}
[1.509416] (px4_msgs) StdoutLine: {'line': b'-- Up-to-date: /home/px4/ros2/ws/install/px4_msgs/include/px4_msgs/px4_msgs/msg/detail/battery_info__functions.c\n'}
[1.509543] (px4_msgs) StdoutLine: {'line': b'-- Up-to-date: /home/px4/ros2/ws/install/px4_msgs/include/px4_msgs/px4_msgs/msg/detail/landing_target_pose__functions.c\n'}
[1.509630] (px4_msgs) StdoutLine: {'line': b'-- Up-to-date: /home/px4/ros2/ws/install/px4_msgs/include/px4_msgs/px4_msgs/msg/detail/wheel_encoders__type_support.h\n'}
[1.509731] (px4_msgs) StdoutLine: {'line': b'-- Up-to-date: /home/px4/ros2/ws/install/px4_msgs/include/px4_msgs/px4_msgs/msg/detail/geofence_result__functions.h\n'}
[1.509819] (px4_msgs) StdoutLine: {'line': b'-- Up-to-date: /home/px4/ros2/ws/install/px4_msgs/include/px4_msgs/px4_msgs/msg/detail/sensors_status_imu__struct.h\n'}
[1.509995] (px4_msgs) StdoutLine: {'line': b'-- Up-to-date: /home/px4/ros2/ws/install/px4_msgs/include/px4_msgs/px4_msgs/msg/detail/vehicle_angular_acceleration_setpoint__functions.c\n'}
[1.510067] (px4_msgs) StdoutLine: {'line': b'-- Up-to-date: /home/px4/ros2/ws/install/px4_msgs/include/px4_msgs/px4_msgs/msg/detail/gps_inject_data__functions.c\n'}
[1.510134] (px4_msgs) StdoutLine: {'line': b'-- Up-to-date: /home/px4/ros2/ws/install/px4_msgs/include/px4_msgs/px4_msgs/msg/detail/takeoff_status__type_support.h\n'}
[1.510239] (px4_msgs) StdoutLine: {'line': b'-- Up-to-date: /home/px4/ros2/ws/install/px4_msgs/include/px4_msgs/px4_msgs/msg/detail/parameter_reset_request__functions.h\n'}
[1.510308] (px4_msgs) StdoutLine: {'line': b'-- Up-to-date: /home/px4/ros2/ws/install/px4_msgs/include/px4_msgs/px4_msgs/msg/detail/follow_target_estimator__functions.c\n'}
[1.510387] (px4_msgs) StdoutLine: {'line': b'-- Up-to-date: /home/px4/ros2/ws/install/px4_msgs/include/px4_msgs/px4_msgs/msg/detail/sensor_mag__functions.c\n'}
[1.510453] (px4_msgs) StdoutLine: {'line': b'-- Up-to-date: /home/px4/ros2/ws/install/px4_msgs/include/px4_msgs/px4_msgs/msg/detail/ping__type_support.h\n'}
[1.510515] (px4_msgs) StdoutLine: {'line': b'-- Up-to-date: /home/px4/ros2/ws/install/px4_msgs/include/px4_msgs/px4_msgs/msg/detail/actuator_controls_status__struct.h\n'}
[1.510576] (px4_msgs) StdoutLine: {'line': b'-- Up-to-date: /home/px4/ros2/ws/install/px4_msgs/include/px4_msgs/px4_msgs/msg/detail/debug_key_value__functions.h\n'}
[1.510666] (px4_msgs) StdoutLine: {'line': b'-- Up-to-date: /home/px4/ros2/ws/install/px4_msgs/include/px4_msgs/px4_msgs/msg/detail/gimbal_device_attitude_status__functions.c\n'}
[1.510732] (px4_msgs) StdoutLine: {'line': b'-- Up-to-date: /home/px4/ros2/ws/install/px4_msgs/include/px4_msgs/px4_msgs/msg/detail/fixed_wing_runway_control__struct.h\n'}
[1.510793] (px4_msgs) StdoutLine: {'line': b'-- Up-to-date: /home/px4/ros2/ws/install/px4_msgs/include/px4_msgs/px4_msgs/msg/detail/position_controller_landing_status__struct.h\n'}
[1.510852] (px4_msgs) StdoutLine: {'line': b'-- Up-to-date: /home/px4/ros2/ws/install/px4_msgs/include/px4_msgs/px4_msgs/msg/detail/register_ext_component_reply__functions.c\n'}
[1.510925] (px4_msgs) StdoutLine: {'line': b'-- Up-to-date: /home/px4/ros2/ws/install/px4_msgs/include/px4_msgs/px4_msgs/msg/detail/sensor_hygrometer__functions.c\n'}
[1.511024] (px4_msgs) StdoutLine: {'line': b'-- Up-to-date: /home/px4/ros2/ws/install/px4_msgs/include/px4_msgs/px4_msgs/msg/detail/px4io_status__struct.h\n'}
[1.511108] (px4_msgs) StdoutLine: {'line': b'-- Up-to-date: /home/px4/ros2/ws/install/px4_msgs/include/px4_msgs/px4_msgs/msg/detail/sensor_accel_fifo__struct.h\n'}
[1.511174] (px4_msgs) StdoutLine: {'line': b'-- Up-to-date: /home/px4/ros2/ws/install/px4_msgs/include/px4_msgs/px4_msgs/msg/detail/vehicle_optical_flow_vel__struct.h\n'}
[1.511239] (px4_msgs) StdoutLine: {'line': b'-- Up-to-date: /home/px4/ros2/ws/install/px4_msgs/include/px4_msgs/px4_msgs/msg/detail/estimator_bias__type_support.h\n'}
[1.511325] (px4_msgs) StdoutLine: {'line': b'-- Up-to-date: /home/px4/ros2/ws/install/px4_msgs/include/px4_msgs/px4_msgs/msg/detail/system_power__functions.h\n'}
[1.511410] (px4_msgs) StdoutLine: {'line': b'-- Up-to-date: /home/px4/ros2/ws/install/px4_msgs/include/px4_msgs/px4_msgs/msg/detail/vehicle_magnetometer__type_support.h\n'}
[1.511481] (px4_msgs) StdoutLine: {'line': b'-- Up-to-date: /home/px4/ros2/ws/install/px4_msgs/include/px4_msgs/px4_msgs/msg/detail/debug_key_value__type_support.h\n'}
[1.511539] (px4_msgs) StdoutLine: {'line': b'-- Up-to-date: /home/px4/ros2/ws/install/px4_msgs/include/px4_msgs/px4_msgs/msg/detail/estimator_status__functions.h\n'}
[1.511601] (px4_msgs) StdoutLine: {'line': b'-- Up-to-date: /home/px4/ros2/ws/install/px4_msgs/include/px4_msgs/px4_msgs/msg/detail/actuator_motors__type_support.h\n'}
[1.511667] (px4_msgs) StdoutLine: {'line': b'-- Up-to-date: /home/px4/ros2/ws/install/px4_msgs/include/px4_msgs/px4_msgs/msg/detail/vehicle_constraints__type_support.h\n'}
[1.511730] (px4_msgs) StdoutLine: {'line': b'-- Up-to-date: /home/px4/ros2/ws/install/px4_msgs/include/px4_msgs/px4_msgs/msg/detail/mount_orientation__type_support.h\n'}
[1.511788] (px4_msgs) StdoutLine: {'line': b'-- Up-to-date: /home/px4/ros2/ws/install/px4_msgs/include/px4_msgs/px4_msgs/msg/detail/vehicle_global_position__functions.c\n'}
[1.511850] (px4_msgs) StdoutLine: {'line': b'-- Up-to-date: /home/px4/ros2/ws/install/px4_msgs/include/px4_msgs/px4_msgs/msg/detail/gimbal_device_set_attitude__type_support.h\n'}
[1.511921] (px4_msgs) StdoutLine: {'line': b'-- Up-to-date: /home/px4/ros2/ws/install/px4_msgs/include/px4_msgs/px4_msgs/msg/detail/fixed_wing_longitudinal_setpoint__struct.h\n'}
[1.511984] (px4_msgs) StdoutLine: {'line': b'-- Up-to-date: /home/px4/ros2/ws/install/px4_msgs/include/px4_msgs/px4_msgs/msg/detail/gpio_out__type_support.h\n'}
[1.512067] (px4_msgs) StdoutLine: {'line': b'-- Up-to-date: /home/px4/ros2/ws/install/px4_msgs/include/px4_msgs/px4_msgs/msg/detail/rc_channels__struct.h\n'}
[1.512128] (px4_msgs) StdoutLine: {'line': b'-- Up-to-date: /home/px4/ros2/ws/install/px4_msgs/include/px4_msgs/px4_msgs/msg/detail/failsafe_flags__functions.h\n'}
[1.512194] (px4_msgs) StdoutLine: {'line': b'-- Up-to-date: /home/px4/ros2/ws/install/px4_msgs/include/px4_msgs/px4_msgs/msg/detail/airspeed_wind__struct.h\n'}
[1.512256] (px4_msgs) StdoutLine: {'line': b'-- Up-to-date: /home/px4/ros2/ws/install/px4_msgs/include/px4_msgs/px4_msgs/msg/detail/qshell_req__type_support.h\n'}
[1.512316] (px4_msgs) StdoutLine: {'line': b'-- Up-to-date: /home/px4/ros2/ws/install/px4_msgs/include/px4_msgs/px4_msgs/msg/detail/vehicle_constraints__functions.h\n'}
[1.512426] (px4_msgs) StdoutLine: {'line': b'-- Up-to-date: /home/px4/ros2/ws/install/px4_msgs/include/px4_msgs/px4_msgs/msg/detail/gimbal_device_information__functions.h\n'}
[1.512492] (px4_msgs) StdoutLine: {'line': b'-- Up-to-date: /home/px4/ros2/ws/install/px4_msgs/include/px4_msgs/px4_msgs/msg/detail/navigator_mission_item__struct.h\n'}
[1.512556] (px4_msgs) StdoutLine: {'line': b'-- Up-to-date: /home/px4/ros2/ws/install/px4_msgs/include/px4_msgs/px4_msgs/msg/detail/estimator_aid_source3d__type_support.h\n'}
[1.512630] (px4_msgs) StdoutLine: {'line': b'-- Up-to-date: /home/px4/ros2/ws/install/px4_msgs/include/px4_msgs/px4_msgs/msg/detail/velocity_limits__functions.h\n'}
[1.512703] (px4_msgs) StdoutLine: {'line': b'-- Up-to-date: /home/px4/ros2/ws/install/px4_msgs/include/px4_msgs/px4_msgs/msg/detail/ulog_stream__type_support.h\n'}
[1.512766] (px4_msgs) StdoutLine: {'line': b'-- Up-to-date: /home/px4/ros2/ws/install/px4_msgs/include/px4_msgs/px4_msgs/msg/detail/vehicle_attitude__struct.h\n'}
[1.512881] (px4_msgs) StdoutLine: {'line': b'-- Up-to-date: /home/px4/ros2/ws/install/px4_msgs/include/px4_msgs/px4_msgs/msg/detail/esc_report__struct.h\n'}
[1.512946] (px4_msgs) StdoutLine: {'line': b'-- Up-to-date: /home/px4/ros2/ws/install/px4_msgs/include/px4_msgs/px4_msgs/msg/detail/debug_array__functions.h\n'}
[1.513030] (px4_msgs) StdoutLine: {'line': b'-- Up-to-date: /home/px4/ros2/ws/install/px4_msgs/include/px4_msgs/px4_msgs/msg/detail/ulog_stream_ack__functions.c\n'}
[1.513102] (px4_msgs) StdoutLine: {'line': b'-- Up-to-date: /home/px4/ros2/ws/install/px4_msgs/include/px4_msgs/px4_msgs/msg/detail/vehicle_angular_velocity__functions.c\n'}
[1.513189] (px4_msgs) StdoutLine: {'line': b'-- Up-to-date: /home/px4/ros2/ws/install/px4_msgs/include/px4_msgs/px4_msgs/msg/detail/gpio_config__functions.h\n'}
[1.513310] (px4_msgs) StdoutLine: {'line': b'-- Up-to-date: /home/px4/ros2/ws/install/px4_msgs/include/px4_msgs/px4_msgs/msg/detail/rate_ctrl_status__type_support.h\n'}
[1.513375] (px4_msgs) StdoutLine: {'line': b'-- Up-to-date: /home/px4/ros2/ws/install/px4_msgs/include/px4_msgs/px4_msgs/msg/detail/landing_gear__functions.h\n'}
[1.513449] (px4_msgs) StdoutLine: {'line': b'-- Up-to-date: /home/px4/ros2/ws/install/px4_msgs/include/px4_msgs/px4_msgs/msg/detail/led_control__functions.c\n'}
[1.513544] (px4_msgs) StdoutLine: {'line': b'-- Up-to-date: /home/px4/ros2/ws/install/px4_msgs/include/px4_msgs/px4_msgs/msg/detail/estimator_event_flags__functions.h\n'}
[1.513664] (px4_msgs) StdoutLine: {'line': b'-- Up-to-date: /home/px4/ros2/ws/install/px4_msgs/include/px4_msgs/px4_msgs/msg/detail/pwm_input__struct.h\n'}
[1.513766] (px4_msgs) StdoutLine: {'line': b'-- Up-to-date: /home/px4/ros2/ws/install/px4_msgs/include/px4_msgs/px4_msgs/msg/detail/esc_status__functions.h\n'}
[1.513831] (px4_msgs) StdoutLine: {'line': b'-- Up-to-date: /home/px4/ros2/ws/install/px4_msgs/include/px4_msgs/px4_msgs/msg/detail/fixed_wing_lateral_guidance_status__struct.h\n'}
[1.513909] (px4_msgs) StdoutLine: {'line': b'-- Up-to-date: /home/px4/ros2/ws/install/px4_msgs/include/px4_msgs/px4_msgs/msg/detail/rover_steering_setpoint__functions.c\n'}
[1.513993] (px4_msgs) StdoutLine: {'line': b'-- Up-to-date: /home/px4/ros2/ws/install/px4_msgs/include/px4_msgs/px4_msgs/msg/detail/camera_trigger__struct.h\n'}
[1.514055] (px4_msgs) StdoutLine: {'line': b'-- Up-to-date: /home/px4/ros2/ws/install/px4_msgs/include/px4_msgs/px4_msgs/msg/detail/heater_status__struct.h\n'}
[1.514129] (px4_msgs) StdoutLine: {'line': b'-- Up-to-date: /home/px4/ros2/ws/install/px4_msgs/include/px4_msgs/px4_msgs/msg/detail/dronecan_node_status__type_support.h\n'}
[1.514211] (px4_msgs) StdoutLine: {'line': b'-- Up-to-date: /home/px4/ros2/ws/install/px4_msgs/include/px4_msgs/px4_msgs/msg/detail/sensor_gps__type_support.h\n'}
[1.514273] (px4_msgs) StdoutLine: {'line': b'-- Up-to-date: /home/px4/ros2/ws/install/px4_msgs/include/px4_msgs/px4_msgs/msg/detail/gpio_config__functions.c\n'}
[1.514350] (px4_msgs) StdoutLine: {'line': b'-- Up-to-date: /home/px4/ros2/ws/install/px4_msgs/include/px4_msgs/px4_msgs/msg/detail/vehicle_local_position__type_support.h\n'}
[1.514418] (px4_msgs) StdoutLine: {'line': b'-- Up-to-date: /home/px4/ros2/ws/install/px4_msgs/include/px4_msgs/px4_msgs/msg/detail/unregister_ext_component__struct.h\n'}
[1.514476] (px4_msgs) StdoutLine: {'line': b'-- Up-to-date: /home/px4/ros2/ws/install/px4_msgs/include/px4_msgs/px4_msgs/msg/detail/trajectory_setpoint__functions.c\n'}
[1.514535] (px4_msgs) StdoutLine: {'line': b'-- Up-to-date: /home/px4/ros2/ws/install/px4_msgs/include/px4_msgs/px4_msgs/msg/detail/gpio_out__struct.h\n'}
[1.514608] (px4_msgs) StdoutLine: {'line': b'-- Up-to-date: /home/px4/ros2/ws/install/px4_msgs/include/px4_msgs/px4_msgs/msg/detail/qshell_retval__struct.h\n'}
[1.514668] (px4_msgs) StdoutLine: {'line': b'-- Up-to-date: /home/px4/ros2/ws/install/px4_msgs/include/px4_msgs/px4_msgs/msg/detail/rover_rate_setpoint__functions.c\n'}
[1.514725] (px4_msgs) StdoutLine: {'line': b'-- Up-to-date: /home/px4/ros2/ws/install/px4_msgs/include/px4_msgs/px4_msgs/msg/detail/vehicle_command__functions.h\n'}
[1.514792] (px4_msgs) StdoutLine: {'line': b'-- Up-to-date: /home/px4/ros2/ws/install/px4_msgs/include/px4_msgs/px4_msgs/msg/detail/estimator_status__functions.c\n'}
[1.514856] (px4_msgs) StdoutLine: {'line': b'-- Up-to-date: /home/px4/ros2/ws/install/px4_msgs/include/px4_msgs/px4_msgs/msg/detail/vehicle_roi__struct.h\n'}
[1.514924] (px4_msgs) StdoutLine: {'line': b'-- Up-to-date: /home/px4/ros2/ws/install/px4_msgs/include/px4_msgs/px4_msgs/msg/detail/sensor_uwb__type_support.h\n'}
[1.515001] (px4_msgs) StdoutLine: {'line': b'-- Up-to-date: /home/px4/ros2/ws/install/px4_msgs/include/px4_msgs/px4_msgs/msg/detail/rover_velocity_status__type_support.h\n'}
[1.515115] (px4_msgs) StdoutLine: {'line': b'-- Up-to-date: /home/px4/ros2/ws/install/px4_msgs/include/px4_msgs/px4_msgs/msg/detail/tiltrotor_extra_controls__functions.c\n'}
[1.515194] (px4_msgs) StdoutLine: {'line': b'-- Up-to-date: /home/px4/ros2/ws/install/px4_msgs/include/px4_msgs/px4_msgs/msg/detail/fixed_wing_runway_control__functions.h\n'}
[1.515252] (px4_msgs) StdoutLine: {'line': b'-- Up-to-date: /home/px4/ros2/ws/install/px4_msgs/include/px4_msgs/px4_msgs/msg/detail/collision_constraints__functions.c\n'}
[1.515314] (px4_msgs) StdoutLine: {'line': b'-- Up-to-date: /home/px4/ros2/ws/install/px4_msgs/include/px4_msgs/px4_msgs/msg/detail/vehicle_optical_flow_vel__type_support.h\n'}
[1.515385] (px4_msgs) StdoutLine: {'line': b'-- Up-to-date: /home/px4/ros2/ws/install/px4_msgs/include/px4_msgs/px4_msgs/msg/detail/irlock_report__functions.c\n'}
[1.515441] (px4_msgs) StdoutLine: {'line': b'-- Up-to-date: /home/px4/ros2/ws/install/px4_msgs/include/px4_msgs/px4_msgs/msg/detail/estimator_aid_source2d__type_support.h\n'}
[1.515519] (px4_msgs) StdoutLine: {'line': b'-- Up-to-date: /home/px4/ros2/ws/install/px4_msgs/include/px4_msgs/px4_msgs/msg/detail/vehicle_angular_velocity__struct.h\n'}
[1.515591] (px4_msgs) StdoutLine: {'line': b'-- Up-to-date: /home/px4/ros2/ws/install/px4_msgs/include/px4_msgs/px4_msgs/msg/detail/power_button_state__struct.h\n'}
[1.515671] (px4_msgs) StdoutLine: {'line': b'-- Up-to-date: /home/px4/ros2/ws/install/px4_msgs/include/px4_msgs/px4_msgs/msg/detail/home_position__functions.h\n'}
[1.515752] (px4_msgs) StdoutLine: {'line': b'-- Up-to-date: /home/px4/ros2/ws/install/px4_msgs/include/px4_msgs/px4_msgs/msg/detail/gimbal_controls__functions.h\n'}
[1.515836] (px4_msgs) StdoutLine: {'line': b'-- Up-to-date: /home/px4/ros2/ws/install/px4_msgs/include/px4_msgs/px4_msgs/msg/detail/longitudinal_control_configuration__functions.h\n'}
[1.515967] (px4_msgs) StdoutLine: {'line': b'-- Up-to-date: /home/px4/ros2/ws/install/px4_msgs/include/px4_msgs/px4_msgs/msg/detail/sensor_airflow__type_support.h\n'}
[1.516035] (px4_msgs) StdoutLine: {'line': b'-- Up-to-date: /home/px4/ros2/ws/install/px4_msgs/include/px4_msgs/px4_msgs/msg/detail/flight_phase_estimation__struct.h\n'}
[1.516161] (px4_msgs) StdoutLine: {'line': b'-- Up-to-date: /home/px4/ros2/ws/install/px4_msgs/include/px4_msgs/px4_msgs/msg/detail/vehicle_control_mode__functions.c\n'}
[1.516226] (px4_msgs) StdoutLine: {'line': b'-- Up-to-date: /home/px4/ros2/ws/install/px4_msgs/include/px4_msgs/px4_msgs/msg/detail/sensor_accel__struct.h\n'}
[1.516319] (px4_msgs) StdoutLine: {'line': b'-- Up-to-date: /home/px4/ros2/ws/install/px4_msgs/include/px4_msgs/px4_msgs/msg/detail/vehicle_torque_setpoint__functions.c\n'}
[1.516385] (px4_msgs) StdoutLine: {'line': b'-- Up-to-date: /home/px4/ros2/ws/install/px4_msgs/include/px4_msgs/px4_msgs/msg/detail/estimator_sensor_bias__type_support.h\n'}
[1.516461] (px4_msgs) StdoutLine: {'line': b'-- Up-to-date: /home/px4/ros2/ws/install/px4_msgs/include/px4_msgs/px4_msgs/msg/detail/debug_array__type_support.h\n'}
[1.516523] (px4_msgs) StdoutLine: {'line': b'-- Up-to-date: /home/px4/ros2/ws/install/px4_msgs/include/px4_msgs/px4_msgs/msg/detail/radio_status__type_support.h\n'}
[1.516604] (px4_msgs) StdoutLine: {'line': b'-- Up-to-date: /home/px4/ros2/ws/install/px4_msgs/include/px4_msgs/px4_msgs/msg/detail/goto_setpoint__functions.h\n'}
[1.516667] (px4_msgs) StdoutLine: {'line': b'-- Up-to-date: /home/px4/ros2/ws/install/px4_msgs/include/px4_msgs/px4_msgs/msg/detail/estimator_aid_source1d__struct.h\n'}
[1.516741] (px4_msgs) StdoutLine: {'line': b'-- Up-to-date: /home/px4/ros2/ws/install/px4_msgs/include/px4_msgs/px4_msgs/msg/detail/orb_test_large__functions.h\n'}
[1.516803] (px4_msgs) StdoutLine: {'line': b'-- Up-to-date: /home/px4/ros2/ws/install/px4_msgs/include/px4_msgs/px4_msgs/msg/detail/follow_target__struct.h\n'}
[1.516883] (px4_msgs) StdoutLine: {'line': b'-- Up-to-date: /home/px4/ros2/ws/install/px4_msgs/include/px4_msgs/px4_msgs/msg/detail/action_request__struct.h\n'}
[1.516947] (px4_msgs) StdoutLine: {'line': b'-- Up-to-date: /home/px4/ros2/ws/install/px4_msgs/include/px4_msgs/px4_msgs/msg/detail/unregister_ext_component__functions.c\n'}
[1.517040] (px4_msgs) StdoutLine: {'line': b'-- Up-to-date: /home/px4/ros2/ws/install/px4_msgs/include/px4_msgs/px4_msgs/msg/detail/debug_array__functions.c\n'}
[1.517121] (px4_msgs) StdoutLine: {'line': b'-- Up-to-date: /home/px4/ros2/ws/install/px4_msgs/include/px4_msgs/px4_msgs/msg/detail/vehicle_imu__functions.h\n'}
[1.517183] (px4_msgs) StdoutLine: {'line': b'-- Up-to-date: /home/px4/ros2/ws/install/px4_msgs/include/px4_msgs/px4_msgs/msg/detail/event__type_support.h\n'}
[1.517258] (px4_msgs) StdoutLine: {'line': b'-- Up-to-date: /home/px4/ros2/ws/install/px4_msgs/include/px4_msgs/px4_msgs/msg/detail/rpm__functions.h\n'}
[1.517337] (px4_msgs) StdoutLine: {'line': b'-- Up-to-date: /home/px4/ros2/ws/install/px4_msgs/include/px4_msgs/px4_msgs/msg/detail/sensors_status_imu__functions.c\n'}
[1.517409] (px4_msgs) StdoutLine: {'line': b'-- Up-to-date: /home/px4/ros2/ws/install/px4_msgs/include/px4_msgs/px4_msgs/msg/detail/vehicle_angular_acceleration_setpoint__functions.h\n'}
[1.517471] (px4_msgs) StdoutLine: {'line': b'-- Up-to-date: /home/px4/ros2/ws/install/px4_msgs/include/px4_msgs/px4_msgs/msg/detail/landing_gear_wheel__functions.c\n'}
[1.517554] (px4_msgs) StdoutLine: {'line': b'-- Up-to-date: /home/px4/ros2/ws/install/px4_msgs/include/px4_msgs/px4_msgs/msg/detail/internal_combustion_engine_control__functions.h\n'}
[1.517621] (px4_msgs) StdoutLine: {'line': b'-- Up-to-date: /home/px4/ros2/ws/install/px4_msgs/include/px4_msgs/px4_msgs/msg/detail/position_controller_status__struct.h\n'}
[1.517686] (px4_msgs) StdoutLine: {'line': b'-- Up-to-date: /home/px4/ros2/ws/install/px4_msgs/include/px4_msgs/px4_msgs/msg/detail/landing_target_innovations__functions.h\n'}
[1.517750] (px4_msgs) StdoutLine: {'line': b'-- Up-to-date: /home/px4/ros2/ws/install/px4_msgs/include/px4_msgs/px4_msgs/msg/detail/register_ext_component_request__struct.h\n'}
[1.517817] (px4_msgs) StdoutLine: {'line': b'-- Up-to-date: /home/px4/ros2/ws/install/px4_msgs/include/px4_msgs/px4_msgs/msg/detail/sensor_hygrometer__functions.h\n'}
[1.517894] (px4_msgs) StdoutLine: {'line': b'-- Up-to-date: /home/px4/ros2/ws/install/px4_msgs/include/px4_msgs/px4_msgs/msg/detail/vehicle_local_position__struct.h\n'}
[1.517964] (px4_msgs) StdoutLine: {'line': b'-- Up-to-date: /home/px4/ros2/ws/install/px4_msgs/include/px4_msgs/px4_msgs/msg/detail/pure_pursuit_status__struct.h\n'}
[1.518039] (px4_msgs) StdoutLine: {'line': b'-- Up-to-date: /home/px4/ros2/ws/install/px4_msgs/include/px4_msgs/px4_msgs/msg/detail/figure_eight_status__functions.c\n'}
[1.518108] (px4_msgs) StdoutLine: {'line': b'-- Up-to-date: /home/px4/ros2/ws/install/px4_msgs/include/px4_msgs/px4_msgs/msg/detail/fixed_wing_lateral_guidance_status__type_support.h\n'}
[1.518181] (px4_msgs) StdoutLine: {'line': b'-- Up-to-date: /home/px4/ros2/ws/install/px4_msgs/include/px4_msgs/px4_msgs/msg/detail/lateral_control_configuration__functions.c\n'}
[1.518251] (px4_msgs) StdoutLine: {'line': b'-- Up-to-date: /home/px4/ros2/ws/install/px4_msgs/include/px4_msgs/px4_msgs/msg/detail/autotune_attitude_control_status__functions.c\n'}
[1.518324] (px4_msgs) StdoutLine: {'line': b'-- Up-to-date: /home/px4/ros2/ws/install/px4_msgs/include/px4_msgs/px4_msgs/msg/detail/estimator_bias3d__type_support.h\n'}
[1.518389] (px4_msgs) StdoutLine: {'line': b'-- Up-to-date: /home/px4/ros2/ws/install/px4_msgs/include/px4_msgs/px4_msgs/msg/detail/navigator_mission_item__functions.h\n'}
[1.518477] (px4_msgs) StdoutLine: {'line': b'-- Up-to-date: /home/px4/ros2/ws/install/px4_msgs/include/px4_msgs/px4_msgs/msg/detail/dataman_response__functions.c\n'}
[1.518562] (px4_msgs) StdoutLine: {'line': b'-- Up-to-date: /home/px4/ros2/ws/install/px4_msgs/include/px4_msgs/px4_msgs/msg/detail/vehicle_odometry__struct.h\n'}
[1.518628] (px4_msgs) StdoutLine: {'line': b'-- Up-to-date: /home/px4/ros2/ws/install/px4_msgs/include/px4_msgs/px4_msgs/msg/detail/satellite_info__struct.h\n'}
[1.518693] (px4_msgs) StdoutLine: {'line': b'-- Up-to-date: /home/px4/ros2/ws/install/px4_msgs/include/px4_msgs/px4_msgs/msg/detail/gimbal_manager_set_manual_control__functions.h\n'}
[1.518789] (px4_msgs) StdoutLine: {'line': b'-- Up-to-date: /home/px4/ros2/ws/install/px4_msgs/include/px4_msgs/px4_msgs/msg/detail/rover_position_setpoint__functions.c\n'}
[1.518872] (px4_msgs) StdoutLine: {'line': b'-- Up-to-date: /home/px4/ros2/ws/install/px4_msgs/include/px4_msgs/px4_msgs/msg/detail/position_setpoint__functions.h\n'}
[1.518946] (px4_msgs) StdoutLine: {'line': b'-- Up-to-date: /home/px4/ros2/ws/install/px4_msgs/include/px4_msgs/px4_msgs/msg/detail/irlock_report__type_support.h\n'}
[1.519023] (px4_msgs) StdoutLine: {'line': b'-- Up-to-date: /home/px4/ros2/ws/install/px4_msgs/include/px4_msgs/px4_msgs/msg/detail/sensor_uwb__functions.c\n'}
[1.519099] (px4_msgs) StdoutLine: {'line': b'-- Up-to-date: /home/px4/ros2/ws/install/px4_msgs/include/px4_msgs/px4_msgs/msg/detail/vehicle_local_position__functions.h\n'}
[1.519166] (px4_msgs) StdoutLine: {'line': b'-- Up-to-date: /home/px4/ros2/ws/install/px4_msgs/include/px4_msgs/px4_msgs/msg/detail/battery_info__struct.h\n'}
[1.519237] (px4_msgs) StdoutLine: {'line': b'-- Up-to-date: /home/px4/ros2/ws/install/px4_msgs/include/px4_msgs/px4_msgs/msg/detail/sensor_gyro_fifo__type_support.h\n'}
[1.519303] (px4_msgs) StdoutLine: {'line': b'-- Up-to-date: /home/px4/ros2/ws/install/px4_msgs/include/px4_msgs/px4_msgs/msg/detail/log_message__functions.h\n'}
[1.519375] (px4_msgs) StdoutLine: {'line': b'-- Up-to-date: /home/px4/ros2/ws/install/px4_msgs/include/px4_msgs/px4_msgs/msg/detail/message_format_request__type_support.h\n'}
[1.519446] (px4_msgs) StdoutLine: {'line': b'-- Up-to-date: /home/px4/ros2/ws/install/px4_msgs/include/px4_msgs/px4_msgs/msg/detail/vehicle_rates_setpoint__functions.h\n'}
[1.519510] (px4_msgs) StdoutLine: {'line': b'-- Up-to-date: /home/px4/ros2/ws/install/px4_msgs/include/px4_msgs/px4_msgs/msg/detail/autotune_attitude_control_status__functions.h\n'}
[1.519584] (px4_msgs) StdoutLine: {'line': b'-- Up-to-date: /home/px4/ros2/ws/install/px4_msgs/include/px4_msgs/px4_msgs/msg/detail/rover_steering_setpoint__type_support.h\n'}
[1.519643] (px4_msgs) StdoutLine: {'line': b'-- Up-to-date: /home/px4/ros2/ws/install/px4_msgs/include/px4_msgs/px4_msgs/msg/detail/neural_control__functions.h\n'}
[1.519701] (px4_msgs) StdoutLine: {'line': b'-- Up-to-date: /home/px4/ros2/ws/install/px4_msgs/include/px4_msgs/px4_msgs/msg/detail/open_drone_id_self_id__functions.h\n'}
[1.519777] (px4_msgs) StdoutLine: {'line': b'-- Up-to-date: /home/px4/ros2/ws/install/px4_msgs/include/px4_msgs/px4_msgs/msg/detail/gripper__functions.h\n'}
[1.519837] (px4_msgs) StdoutLine: {'line': b'-- Up-to-date: /home/px4/ros2/ws/install/px4_msgs/include/px4_msgs/px4_msgs/msg/detail/actuator_controls_status__functions.h\n'}
[1.519929] (px4_msgs) StdoutLine: {'line': b'-- Up-to-date: /home/px4/ros2/ws/install/px4_msgs/include/px4_msgs/px4_msgs/msg/detail/actuator_test__type_support.h\n'}
[1.519989] (px4_msgs) StdoutLine: {'line': b'-- Up-to-date: /home/px4/ros2/ws/install/px4_msgs/include/px4_msgs/px4_msgs/msg/detail/vehicle_constraints__functions.c\n'}
[1.520068] (px4_msgs) StdoutLine: {'line': b'-- Up-to-date: /home/px4/ros2/ws/install/px4_msgs/include/px4_msgs/px4_msgs/msg/detail/message_format_response__functions.h\n'}
[1.520131] (px4_msgs) StdoutLine: {'line': b'-- Up-to-date: /home/px4/ros2/ws/install/px4_msgs/include/px4_msgs/px4_msgs/msg/detail/debug_value__functions.c\n'}
[1.520191] (px4_msgs) StdoutLine: {'line': b'-- Up-to-date: /home/px4/ros2/ws/install/px4_msgs/include/px4_msgs/px4_msgs/msg/detail/sensor_gnss_relative__functions.c\n'}
[1.520281] (px4_msgs) StdoutLine: {'line': b'-- Up-to-date: /home/px4/ros2/ws/install/px4_msgs/include/px4_msgs/px4_msgs/msg/detail/vehicle_global_position__functions.h\n'}
[1.520348] (px4_msgs) StdoutLine: {'line': b'-- Up-to-date: /home/px4/ros2/ws/install/px4_msgs/include/px4_msgs/px4_msgs/msg/detail/vehicle_magnetometer__functions.c\n'}
[1.520410] (px4_msgs) StdoutLine: {'line': b'-- Up-to-date: /home/px4/ros2/ws/install/px4_msgs/include/px4_msgs/px4_msgs/msg/detail/failure_detector_status__type_support.h\n'}
[1.520494] (px4_msgs) StdoutLine: {'line': b'-- Up-to-date: /home/px4/ros2/ws/install/px4_msgs/include/px4_msgs/px4_msgs/msg/detail/generator_status__struct.h\n'}
[1.520554] (px4_msgs) StdoutLine: {'line': b'-- Up-to-date: /home/px4/ros2/ws/install/px4_msgs/include/px4_msgs/px4_msgs/msg/detail/can_interface_status__type_support.h\n'}
[1.520613] (px4_msgs) StdoutLine: {'line': b'-- Up-to-date: /home/px4/ros2/ws/install/px4_msgs/include/px4_msgs/px4_msgs/msg/detail/vehicle_air_data__functions.h\n'}
[1.520680] (px4_msgs) StdoutLine: {'line': b'-- Up-to-date: /home/px4/ros2/ws/install/px4_msgs/include/px4_msgs/px4_msgs/msg/detail/neural_control__struct.h\n'}
[1.520741] (px4_msgs) StdoutLine: {'line': b'-- Up-to-date: /home/px4/ros2/ws/install/px4_msgs/include/px4_msgs/px4_msgs/msg/detail/vehicle_local_position_setpoint__struct.h\n'}
[1.520800] (px4_msgs) StdoutLine: {'line': b'-- Up-to-date: /home/px4/ros2/ws/install/px4_msgs/include/px4_msgs/px4_msgs/msg/detail/vehicle_command_ack__type_support.h\n'}
[1.520903] (px4_msgs) StdoutLine: {'line': b'-- Up-to-date: /home/px4/ros2/ws/install/px4_msgs/include/px4_msgs/px4_msgs/msg/detail/sensor_hygrometer__struct.h\n'}
[1.520982] (px4_msgs) StdoutLine: {'line': b'-- Up-to-date: /home/px4/ros2/ws/install/px4_msgs/include/px4_msgs/px4_msgs/msg/detail/orb_test_medium__functions.h\n'}
[1.521045] (px4_msgs) StdoutLine: {'line': b'-- Up-to-date: /home/px4/ros2/ws/install/px4_msgs/include/px4_msgs/px4_msgs/msg/detail/mavlink_tunnel__functions.c\n'}
[1.521118] (px4_msgs) StdoutLine: {'line': b'-- Up-to-date: /home/px4/ros2/ws/install/px4_msgs/include/px4_msgs/px4_msgs/msg/detail/debug_value__struct.h\n'}
[1.521200] (px4_msgs) StdoutLine: {'line': b'-- Up-to-date: /home/px4/ros2/ws/install/px4_msgs/include/px4_msgs/px4_msgs/msg/detail/vehicle_land_detected__functions.c\n'}
[1.521264] (px4_msgs) StdoutLine: {'line': b'-- Up-to-date: /home/px4/ros2/ws/install/px4_msgs/include/px4_msgs/px4_msgs/msg/detail/estimator_bias__functions.c\n'}
[1.521324] (px4_msgs) StdoutLine: {'line': b'-- Up-to-date: /home/px4/ros2/ws/install/px4_msgs/include/px4_msgs/px4_msgs/msg/detail/uavcan_parameter_request__type_support.h\n'}
[1.521404] (px4_msgs) StdoutLine: {'line': b'-- Up-to-date: /home/px4/ros2/ws/install/px4_msgs/include/px4_msgs/px4_msgs/msg/detail/health_report__functions.c\n'}
[1.521481] (px4_msgs) StdoutLine: {'line': b'-- Up-to-date: /home/px4/ros2/ws/install/px4_msgs/include/px4_msgs/px4_msgs/msg/detail/open_drone_id_arm_status__functions.c\n'}
[1.521547] (px4_msgs) StdoutLine: {'line': b'-- Up-to-date: /home/px4/ros2/ws/install/px4_msgs/include/px4_msgs/px4_msgs/msg/detail/goto_setpoint__functions.c\n'}
[1.521610] (px4_msgs) StdoutLine: {'line': b'-- Up-to-date: /home/px4/ros2/ws/install/px4_msgs/include/px4_msgs/px4_msgs/msg/detail/sensor_optical_flow__functions.h\n'}
[1.521675] (px4_msgs) StdoutLine: {'line': b'-- Up-to-date: /home/px4/ros2/ws/install/px4_msgs/include/px4_msgs/px4_msgs/msg/detail/ekf2_timestamps__functions.h\n'}
[1.521732] (px4_msgs) StdoutLine: {'line': b'-- Up-to-date: /home/px4/ros2/ws/install/px4_msgs/include/px4_msgs/px4_msgs/msg/detail/fuel_tank_status__functions.c\n'}
[1.521796] (px4_msgs) StdoutLine: {'line': b'-- Up-to-date: /home/px4/ros2/ws/install/px4_msgs/include/px4_msgs/px4_msgs/msg/detail/can_interface_status__functions.h\n'}
[1.521857] (px4_msgs) StdoutLine: {'line': b'-- Up-to-date: /home/px4/ros2/ws/install/px4_msgs/include/px4_msgs/px4_msgs/msg/detail/estimator_aid_source2d__functions.h\n'}
[1.521928] (px4_msgs) StdoutLine: {'line': b'-- Up-to-date: /home/px4/ros2/ws/install/px4_msgs/include/px4_msgs/px4_msgs/msg/detail/ekf2_timestamps__type_support.h\n'}
[1.521995] (px4_msgs) StdoutLine: {'line': b'-- Up-to-date: /home/px4/ros2/ws/install/px4_msgs/include/px4_msgs/px4_msgs/msg/detail/vehicle_attitude__type_support.h\n'}
[1.522054] (px4_msgs) StdoutLine: {'line': b'-- Up-to-date: /home/px4/ros2/ws/install/px4_msgs/include/px4_msgs/px4_msgs/msg/detail/system_power__functions.c\n'}
[1.522146] (px4_msgs) StdoutLine: {'line': b'-- Up-to-date: /home/px4/ros2/ws/install/px4_msgs/include/px4_msgs/px4_msgs/msg/detail/failsafe_flags__struct.h\n'}
[1.522209] (px4_msgs) StdoutLine: {'line': b'-- Up-to-date: /home/px4/ros2/ws/install/px4_msgs/include/px4_msgs/px4_msgs/msg/detail/sensor_gps__functions.c\n'}
[1.522269] (px4_msgs) StdoutLine: {'line': b'-- Up-to-date: /home/px4/ros2/ws/install/px4_msgs/include/px4_msgs/px4_msgs/msg/detail/battery_status__functions.h\n'}
[1.522337] (px4_msgs) StdoutLine: {'line': b'-- Up-to-date: /home/px4/ros2/ws/install/px4_msgs/include/px4_msgs/px4_msgs/msg/detail/actuator_outputs__functions.h\n'}
[1.522397] (px4_msgs) StdoutLine: {'line': b'-- Up-to-date: /home/px4/ros2/ws/install/px4_msgs/include/px4_msgs/px4_msgs/msg/detail/position_setpoint_triplet__functions.h\n'}
[1.522470] (px4_msgs) StdoutLine: {'line': b'-- Up-to-date: /home/px4/ros2/ws/install/px4_msgs/include/px4_msgs/px4_msgs/msg/detail/arming_check_reply__functions.c\n'}
[1.522563] (px4_msgs) StdoutLine: {'line': b'-- Up-to-date: /home/px4/ros2/ws/install/px4_msgs/include/px4_msgs/px4_msgs/msg/detail/rtl_time_estimate__functions.h\n'}
[1.522627] (px4_msgs) StdoutLine: {'line': b'-- Up-to-date: /home/px4/ros2/ws/install/px4_msgs/include/px4_msgs/px4_msgs/msg/detail/rover_velocity_setpoint__functions.c\n'}
[1.522686] (px4_msgs) StdoutLine: {'line': b'-- Up-to-date: /home/px4/ros2/ws/install/px4_msgs/include/px4_msgs/px4_msgs/msg/detail/mode_completed__functions.c\n'}
[1.522772] (px4_msgs) StdoutLine: {'line': b'-- Up-to-date: /home/px4/ros2/ws/install/px4_msgs/include/px4_msgs/px4_msgs/msg/detail/vehicle_optical_flow__functions.h\n'}
[1.522835] (px4_msgs) StdoutLine: {'line': b'-- Up-to-date: /home/px4/ros2/ws/install/px4_msgs/include/px4_msgs/px4_msgs/msg/detail/follow_target_status__functions.c\n'}
[1.522901] (px4_msgs) StdoutLine: {'line': b'-- Up-to-date: /home/px4/ros2/ws/install/px4_msgs/include/px4_msgs/px4_msgs/msg/detail/gimbal_manager_set_manual_control__type_support.h\n'}
[1.522978] (px4_msgs) StdoutLine: {'line': b'-- Up-to-date: /home/px4/ros2/ws/install/px4_msgs/include/px4_msgs/px4_msgs/msg/detail/ulog_stream__functions.c\n'}
[1.523043] (px4_msgs) StdoutLine: {'line': b'-- Up-to-date: /home/px4/ros2/ws/install/px4_msgs/include/px4_msgs/px4_msgs/msg/detail/parameter_reset_request__type_support.h\n'}
[1.523102] (px4_msgs) StdoutLine: {'line': b'-- Up-to-date: /home/px4/ros2/ws/install/px4_msgs/include/px4_msgs/px4_msgs/msg/detail/vehicle_acceleration__struct.h\n'}
[1.523163] (px4_msgs) StdoutLine: {'line': b'-- Up-to-date: /home/px4/ros2/ws/install/px4_msgs/include/px4_msgs/px4_msgs/msg/detail/manual_control_switches__functions.c\n'}
[1.523221] (px4_msgs) StdoutLine: {'line': b'-- Up-to-date: /home/px4/ros2/ws/install/px4_msgs/include/px4_msgs/px4_msgs/msg/detail/autotune_attitude_control_status__struct.h\n'}
[1.523279] (px4_msgs) StdoutLine: {'line': b'-- Up-to-date: /home/px4/ros2/ws/install/px4_msgs/include/px4_msgs/px4_msgs/msg/detail/tecs_status__struct.h\n'}
[1.523367] (px4_msgs) StdoutLine: {'line': b'-- Up-to-date: /home/px4/ros2/ws/install/px4_msgs/include/px4_msgs/px4_msgs/msg/detail/esc_report__functions.c\n'}
[1.523433] (px4_msgs) StdoutLine: {'line': b'-- Up-to-date: /home/px4/ros2/ws/install/px4_msgs/include/px4_msgs/px4_msgs/msg/detail/velocity_limits__functions.c\n'}
[1.523497] (px4_msgs) StdoutLine: {'line': b'-- Up-to-date: /home/px4/ros2/ws/install/px4_msgs/include/px4_msgs/px4_msgs/msg/detail/fixed_wing_longitudinal_setpoint__functions.h\n'}
[1.523604] (px4_msgs) StdoutLine: {'line': b'-- Up-to-date: /home/px4/ros2/ws/install/px4_msgs/include/px4_msgs/px4_msgs/msg/detail/position_setpoint__struct.h\n'}
[1.523673] (px4_msgs) StdoutLine: {'line': b'-- Up-to-date: /home/px4/ros2/ws/install/px4_msgs/include/px4_msgs/px4_msgs/msg/detail/vtol_vehicle_status__struct.h\n'}
[1.523747] (px4_msgs) StdoutLine: {'line': b'-- Up-to-date: /home/px4/ros2/ws/install/px4_msgs/include/px4_msgs/px4_msgs/msg/detail/actuator_servos_trim__functions.c\n'}
[1.523807] (px4_msgs) StdoutLine: {'line': b'-- Up-to-date: /home/px4/ros2/ws/install/px4_msgs/include/px4_msgs/px4_msgs/msg/detail/sensor_correction__struct.h\n'}
[1.523898] (px4_msgs) StdoutLine: {'line': b'-- Up-to-date: /home/px4/ros2/ws/install/px4_msgs/include/px4_msgs/px4_msgs/msg/detail/follow_target_status__functions.h\n'}
[1.523973] (px4_msgs) StdoutLine: {'line': b'-- Up-to-date: /home/px4/ros2/ws/install/px4_msgs/include/px4_msgs/px4_msgs/msg/detail/debug_key_value__functions.c\n'}
[1.524043] (px4_msgs) StdoutLine: {'line': b'-- Up-to-date: /home/px4/ros2/ws/install/px4_msgs/include/px4_msgs/px4_msgs/msg/detail/mag_worker_data__struct.h\n'}
[1.524123] (px4_msgs) StdoutLine: {'line': b'-- Up-to-date: /home/px4/ros2/ws/install/px4_msgs/include/px4_msgs/px4_msgs/msg/detail/led_control__functions.h\n'}
[1.524193] (px4_msgs) StdoutLine: {'line': b'-- Up-to-date: /home/px4/ros2/ws/install/px4_msgs/include/px4_msgs/px4_msgs/msg/detail/pps_capture__functions.c\n'}
[1.524276] (px4_msgs) StdoutLine: {'line': b'-- Up-to-date: /home/px4/ros2/ws/install/px4_msgs/include/px4_msgs/px4_msgs/msg/detail/geofence_result__type_support.h\n'}
[1.524337] (px4_msgs) StdoutLine: {'line': b'-- Up-to-date: /home/px4/ros2/ws/install/px4_msgs/include/px4_msgs/px4_msgs/msg/detail/normalized_unsigned_setpoint__functions.c\n'}
[1.524399] (px4_msgs) StdoutLine: {'line': b'-- Up-to-date: /home/px4/ros2/ws/install/px4_msgs/include/px4_msgs/px4_msgs/msg/detail/mount_orientation__functions.h\n'}
[1.524462] (px4_msgs) StdoutLine: {'line': b'-- Up-to-date: /home/px4/ros2/ws/install/px4_msgs/include/px4_msgs/px4_msgs/msg/detail/gps_inject_data__functions.h\n'}
[1.524521] (px4_msgs) StdoutLine: {'line': b'-- Up-to-date: /home/px4/ros2/ws/install/px4_msgs/include/px4_msgs/px4_msgs/msg/detail/sensor_selection__functions.c\n'}
[1.524600] (px4_msgs) StdoutLine: {'line': b'-- Up-to-date: /home/px4/ros2/ws/install/px4_msgs/include/px4_msgs/px4_msgs/msg/detail/input_rc__struct.h\n'}
[1.524660] (px4_msgs) StdoutLine: {'line': b'-- Up-to-date: /home/px4/ros2/ws/install/px4_msgs/include/px4_msgs/px4_msgs/msg/detail/vehicle_thrust_setpoint__functions.h\n'}
[1.524734] (px4_msgs) StdoutLine: {'line': b'-- Up-to-date: /home/px4/ros2/ws/install/px4_msgs/include/px4_msgs/px4_msgs/msg/detail/vehicle_land_detected__struct.h\n'}
[1.524802] (px4_msgs) StdoutLine: {'line': b'-- Up-to-date: /home/px4/ros2/ws/install/px4_msgs/include/px4_msgs/px4_msgs/msg/detail/gimbal_manager_information__struct.h\n'}
[1.524869] (px4_msgs) StdoutLine: {'line': b'-- Up-to-date: /home/px4/ros2/ws/install/px4_msgs/include/px4_msgs/px4_msgs/msg/detail/gimbal_controls__struct.h\n'}
[1.524974] (px4_msgs) StdoutLine: {'line': b'-- Up-to-date: /home/px4/ros2/ws/install/px4_msgs/include/px4_msgs/px4_msgs/msg/detail/sensors_status_imu__type_support.h\n'}
[1.525039] (px4_msgs) StdoutLine: {'line': b'-- Up-to-date: /home/px4/ros2/ws/install/px4_msgs/include/px4_msgs/px4_msgs/msg/detail/rover_rate_setpoint__struct.h\n'}
[1.525103] (px4_msgs) StdoutLine: {'line': b'-- Up-to-date: /home/px4/ros2/ws/install/px4_msgs/include/px4_msgs/px4_msgs/msg/detail/gimbal_device_information__struct.h\n'}
[1.525179] (px4_msgs) StdoutLine: {'line': b'-- Up-to-date: /home/px4/ros2/ws/install/px4_msgs/include/px4_msgs/px4_msgs/msg/detail/sensors_status__functions.c\n'}
[1.525249] (px4_msgs) StdoutLine: {'line': b'-- Up-to-date: /home/px4/ros2/ws/install/px4_msgs/include/px4_msgs/px4_msgs/msg/detail/vehicle_angular_velocity__type_support.h\n'}
[1.525322] (px4_msgs) StdoutLine: {'line': b'-- Up-to-date: /home/px4/ros2/ws/install/px4_msgs/include/px4_msgs/px4_msgs/msg/detail/qshell_retval__functions.c\n'}
[1.525384] (px4_msgs) StdoutLine: {'line': b'-- Up-to-date: /home/px4/ros2/ws/install/px4_msgs/include/px4_msgs/px4_msgs/msg/detail/wind__struct.h\n'}
[1.525466] (px4_msgs) StdoutLine: {'line': b'-- Up-to-date: /home/px4/ros2/ws/install/px4_msgs/include/px4_msgs/px4_msgs/msg/detail/message_format_response__functions.c\n'}
[1.525538] (px4_msgs) StdoutLine: {'line': b'-- Up-to-date: /home/px4/ros2/ws/install/px4_msgs/include/px4_msgs/px4_msgs/msg/detail/task_stack_info__type_support.h\n'}
[1.525618] (px4_msgs) StdoutLine: {'line': b'-- Up-to-date: /home/px4/ros2/ws/install/px4_msgs/include/px4_msgs/px4_msgs/msg/detail/gpio_request__functions.c\n'}
[1.525677] (px4_msgs) StdoutLine: {'line': b'-- Up-to-date: /home/px4/ros2/ws/install/px4_msgs/include/px4_msgs/px4_msgs/msg/detail/vehicle_attitude_setpoint__functions.h\n'}
[1.525738] (px4_msgs) StdoutLine: {'line': b'-- Up-to-date: /home/px4/ros2/ws/install/px4_msgs/include/px4_msgs/px4_msgs/msg/cellular_status.h\n'}
[1.525797] (px4_msgs) StdoutLine: {'line': b'-- Up-to-date: /home/px4/ros2/ws/install/px4_msgs/include/px4_msgs/px4_msgs/msg/tune_control.h\n'}
[1.525887] (px4_msgs) StdoutLine: {'line': b'-- Up-to-date: /home/px4/ros2/ws/install/px4_msgs/include/px4_msgs/px4_msgs/msg/sensor_accel_fifo.h\n'}
[1.525974] (px4_msgs) StdoutLine: {'line': b'-- Up-to-date: /home/px4/ros2/ws/install/px4_msgs/include/px4_msgs/px4_msgs/msg/parameter_set_used_request.h\n'}
[1.526035] (px4_msgs) StdoutLine: {'line': b'-- Up-to-date: /home/px4/ros2/ws/install/px4_msgs/include/px4_msgs/px4_msgs/msg/can_interface_status.h\n'}
[1.526133] (px4_msgs) StdoutLine: {'line': b'-- Up-to-date: /home/px4/ros2/ws/install/px4_msgs/include/px4_msgs/px4_msgs/msg/sensor_baro.h\n'}
[1.526190] (px4_msgs) StdoutLine: {'line': b'-- Up-to-date: /home/px4/ros2/ws/install/px4_msgs/include/px4_msgs/px4_msgs/msg/manual_control_switches.h\n'}
[1.526261] (px4_msgs) StdoutLine: {'line': b'-- Up-to-date: /home/px4/ros2/ws/install/px4_msgs/include/px4_msgs/px4_msgs/msg/position_setpoint_triplet.h\n'}
[1.526372] (px4_msgs) StdoutLine: {'line': b'-- Up-to-date: /home/px4/ros2/ws/install/px4_msgs/include/px4_msgs/px4_msgs/msg/tecs_status.h\n'}
[1.526435] (px4_msgs) StdoutLine: {'line': b'-- Up-to-date: /home/px4/ros2/ws/install/px4_msgs/include/px4_msgs/px4_msgs/msg/parameter_set_value_request.h\n'}
[1.526525] (px4_msgs) StdoutLine: {'line': b'-- Up-to-date: /home/px4/ros2/ws/install/px4_msgs/include/px4_msgs/px4_msgs/msg/airspeed.h\n'}
[1.526597] (px4_msgs) StdoutLine: {'line': b'-- Up-to-date: /home/px4/ros2/ws/install/px4_msgs/include/px4_msgs/px4_msgs/msg/landing_gear.h\n'}
[1.526660] (px4_msgs) StdoutLine: {'line': b'-- Up-to-date: /home/px4/ros2/ws/install/px4_msgs/include/px4_msgs/px4_msgs/msg/button_event.h\n'}
[1.526716] (px4_msgs) StdoutLine: {'line': b'-- Up-to-date: /home/px4/ros2/ws/install/px4_msgs/include/px4_msgs/px4_msgs/msg/vehicle_imu_status.h\n'}
[1.526780] (px4_msgs) StdoutLine: {'line': b'-- Up-to-date: /home/px4/ros2/ws/install/px4_msgs/include/px4_msgs/px4_msgs/msg/battery_status.h\n'}
[1.526850] (px4_msgs) StdoutLine: {'line': b'-- Up-to-date: /home/px4/ros2/ws/install/px4_msgs/include/px4_msgs/px4_msgs/msg/mavlink_log.h\n'}
[1.526923] (px4_msgs) StdoutLine: {'line': b'-- Up-to-date: /home/px4/ros2/ws/install/px4_msgs/include/px4_msgs/px4_msgs/msg/log_message.h\n'}
[1.526999] (px4_msgs) StdoutLine: {'line': b'-- Up-to-date: /home/px4/ros2/ws/install/px4_msgs/include/px4_msgs/px4_msgs/msg/landing_target_innovations.h\n'}
[1.527057] (px4_msgs) StdoutLine: {'line': b'-- Up-to-date: /home/px4/ros2/ws/install/px4_msgs/include/px4_msgs/px4_msgs/msg/debug_key_value.h\n'}
[1.527121] (px4_msgs) StdoutLine: {'line': b'-- Up-to-date: /home/px4/ros2/ws/install/px4_msgs/include/px4_msgs/px4_msgs/msg/debug_array.h\n'}
[1.527198] (px4_msgs) StdoutLine: {'line': b'-- Up-to-date: /home/px4/ros2/ws/install/px4_msgs/include/px4_msgs/px4_msgs/msg/battery_info.h\n'}
[1.527263] (px4_msgs) StdoutLine: {'line': b'-- Up-to-date: /home/px4/ros2/ws/install/px4_msgs/include/px4_msgs/px4_msgs/msg/px4io_status.h\n'}
[1.527325] (px4_msgs) StdoutLine: {'line': b'-- Up-to-date: /home/px4/ros2/ws/install/px4_msgs/include/px4_msgs/px4_msgs/msg/estimator_event_flags.h\n'}
[1.527394] (px4_msgs) StdoutLine: {'line': b'-- Up-to-date: /home/px4/ros2/ws/install/px4_msgs/include/px4_msgs/px4_msgs/msg/gimbal_device_set_attitude.h\n'}
[1.527454] (px4_msgs) StdoutLine: {'line': b'-- Up-to-date: /home/px4/ros2/ws/install/px4_msgs/include/px4_msgs/px4_msgs/msg/adc_report.h\n'}
[1.527513] (px4_msgs) StdoutLine: {'line': b'-- Up-to-date: /home/px4/ros2/ws/install/px4_msgs/include/px4_msgs/px4_msgs/msg/actuator_servos_trim.h\n'}
[1.527593] (px4_msgs) StdoutLine: {'line': b'-- Up-to-date: /home/px4/ros2/ws/install/px4_msgs/include/px4_msgs/px4_msgs/msg/rc_parameter_map.h\n'}
[1.527659] (px4_msgs) StdoutLine: {'line': b'-- Up-to-date: /home/px4/ros2/ws/install/px4_msgs/include/px4_msgs/px4_msgs/msg/figure_eight_status.h\n'}
[1.527718] (px4_msgs) StdoutLine: {'line': b'-- Up-to-date: /home/px4/ros2/ws/install/px4_msgs/include/px4_msgs/px4_msgs/msg/sensor_correction.h\n'}
[1.527817] (px4_msgs) StdoutLine: {'line': b'-- Up-to-date: /home/px4/ros2/ws/install/px4_msgs/include/px4_msgs/px4_msgs/msg/gripper.h\n'}
[1.527903] (px4_msgs) StdoutLine: {'line': b'-- Up-to-date: /home/px4/ros2/ws/install/px4_msgs/include/px4_msgs/px4_msgs/msg/vehicle_command.h\n'}
[1.528018] (px4_msgs) StdoutLine: {'line': b'-- Up-to-date: /home/px4/ros2/ws/install/px4_msgs/include/px4_msgs/px4_msgs/msg/estimator_status.h\n'}
[1.528072] (px4_msgs) StdoutLine: {'line': b'-- Up-to-date: /home/px4/ros2/ws/install/px4_msgs/include/px4_msgs/px4_msgs/msg/estimator_aid_source2d.h\n'}
[1.528145] (px4_msgs) StdoutLine: {'line': b'-- Up-to-date: /home/px4/ros2/ws/install/px4_msgs/include/px4_msgs/px4_msgs/msg/vehicle_attitude_setpoint.h\n'}
[1.528208] (px4_msgs) StdoutLine: {'line': b'-- Up-to-date: /home/px4/ros2/ws/install/px4_msgs/include/px4_msgs/px4_msgs/msg/onboard_computer_status.h\n'}
[1.528271] (px4_msgs) StdoutLine: {'line': b'-- Up-to-date: /home/px4/ros2/ws/install/px4_msgs/include/px4_msgs/px4_msgs/msg/sensor_gyro_fifo.h\n'}
[1.528332] (px4_msgs) StdoutLine: {'line': b'-- Up-to-date: /home/px4/ros2/ws/install/px4_msgs/include/px4_msgs/px4_msgs/msg/gimbal_manager_information.h\n'}
[1.528394] (px4_msgs) StdoutLine: {'line': b'-- Up-to-date: /home/px4/ros2/ws/install/px4_msgs/include/px4_msgs/px4_msgs/msg/landing_gear_wheel.h\n'}
[1.528460] (px4_msgs) StdoutLine: {'line': b'-- Up-to-date: /home/px4/ros2/ws/install/px4_msgs/include/px4_msgs/px4_msgs/msg/event.h\n'}
[1.528557] (px4_msgs) StdoutLine: {'line': b'-- Up-to-date: /home/px4/ros2/ws/install/px4_msgs/include/px4_msgs/px4_msgs/msg/transponder_report.h\n'}
[1.528631] (px4_msgs) StdoutLine: {'line': b'-- Up-to-date: /home/px4/ros2/ws/install/px4_msgs/include/px4_msgs/px4_msgs/msg/rate_ctrl_status.h\n'}
[1.528702] (px4_msgs) StdoutLine: {'line': b'-- Up-to-date: /home/px4/ros2/ws/install/px4_msgs/include/px4_msgs/px4_msgs/msg/failsafe_flags.h\n'}
[1.528764] (px4_msgs) StdoutLine: {'line': b'-- Up-to-date: /home/px4/ros2/ws/install/px4_msgs/include/px4_msgs/px4_msgs/msg/vehicle_attitude.h\n'}
[1.528840] (px4_msgs) StdoutLine: {'line': b'-- Up-to-date: /home/px4/ros2/ws/install/px4_msgs/include/px4_msgs/px4_msgs/msg/timesync_status.h\n'}
[1.528937] (px4_msgs) StdoutLine: {'line': b'-- Up-to-date: /home/px4/ros2/ws/install/px4_msgs/include/px4_msgs/px4_msgs/msg/offboard_control_mode.h\n'}
[1.529005] (px4_msgs) StdoutLine: {'line': b'-- Up-to-date: /home/px4/ros2/ws/install/px4_msgs/include/px4_msgs/px4_msgs/msg/actuator_armed.h\n'}
[1.529098] (px4_msgs) StdoutLine: {'line': b'-- Up-to-date: /home/px4/ros2/ws/install/px4_msgs/include/px4_msgs/px4_msgs/msg/parameter_set_value_response.h\n'}
[1.529168] (px4_msgs) StdoutLine: {'line': b'-- Up-to-date: /home/px4/ros2/ws/install/px4_msgs/include/px4_msgs/px4_msgs/msg/rover_rate_setpoint.h\n'}
[1.529276] (px4_msgs) StdoutLine: {'line': b'-- Up-to-date: /home/px4/ros2/ws/install/px4_msgs/include/px4_msgs/px4_msgs/msg/rover_attitude_setpoint.h\n'}
[1.529368] (px4_msgs) StdoutLine: {'line': b'-- Up-to-date: /home/px4/ros2/ws/install/px4_msgs/include/px4_msgs/px4_msgs/msg/open_drone_id_operator_id.h\n'}
[1.529428] (px4_msgs) StdoutLine: {'line': b'-- Up-to-date: /home/px4/ros2/ws/install/px4_msgs/include/px4_msgs/px4_msgs/msg/vehicle_status.h\n'}
[1.529502] (px4_msgs) StdoutLine: {'line': b'-- Up-to-date: /home/px4/ros2/ws/install/px4_msgs/include/px4_msgs/px4_msgs/msg/irlock_report.h\n'}
[1.529563] (px4_msgs) StdoutLine: {'line': b'-- Up-to-date: /home/px4/ros2/ws/install/px4_msgs/include/px4_msgs/px4_msgs/msg/sensor_mag.h\n'}
[1.529641] (px4_msgs) StdoutLine: {'line': b'-- Up-to-date: /home/px4/ros2/ws/install/px4_msgs/include/px4_msgs/px4_msgs/msg/dataman_request.h\n'}
[1.529704] (px4_msgs) StdoutLine: {'line': b'-- Up-to-date: /home/px4/ros2/ws/install/px4_msgs/include/px4_msgs/px4_msgs/msg/vehicle_optical_flow.h\n'}
[1.529767] (px4_msgs) StdoutLine: {'line': b'-- Up-to-date: /home/px4/ros2/ws/install/px4_msgs/include/px4_msgs/px4_msgs/msg/debug_vect.h\n'}
[1.529829] (px4_msgs) StdoutLine: {'line': b'-- Up-to-date: /home/px4/ros2/ws/install/px4_msgs/include/px4_msgs/px4_msgs/msg/task_stack_info.h\n'}
[1.529894] (px4_msgs) StdoutLine: {'line': b'-- Up-to-date: /home/px4/ros2/ws/install/px4_msgs/include/px4_msgs/px4_msgs/msg/vehicle_constraints.h\n'}
[1.529985] (px4_msgs) StdoutLine: {'line': b'-- Up-to-date: /home/px4/ros2/ws/install/px4_msgs/include/px4_msgs/px4_msgs/msg/camera_status.h\n'}
[1.530050] (px4_msgs) StdoutLine: {'line': b'-- Up-to-date: /home/px4/ros2/ws/install/px4_msgs/include/px4_msgs/px4_msgs/msg/gimbal_manager_set_attitude.h\n'}
[1.530106] (px4_msgs) StdoutLine: {'line': b'-- Up-to-date: /home/px4/ros2/ws/install/px4_msgs/include/px4_msgs/px4_msgs/msg/fuel_tank_status.h\n'}
[1.530174] (px4_msgs) StdoutLine: {'line': b'-- Up-to-date: /home/px4/ros2/ws/install/px4_msgs/include/px4_msgs/px4_msgs/msg/estimator_bias.h\n'}
[1.530232] (px4_msgs) StdoutLine: {'line': b'-- Up-to-date: /home/px4/ros2/ws/install/px4_msgs/include/px4_msgs/px4_msgs/msg/goto_setpoint.h\n'}
[1.530288] (px4_msgs) StdoutLine: {'line': b'-- Up-to-date: /home/px4/ros2/ws/install/px4_msgs/include/px4_msgs/px4_msgs/msg/wind.h\n'}
[1.530365] (px4_msgs) StdoutLine: {'line': b'-- Up-to-date: /home/px4/ros2/ws/install/px4_msgs/include/px4_msgs/px4_msgs/msg/satellite_info.h\n'}
[1.530435] (px4_msgs) StdoutLine: {'line': b'-- Up-to-date: /home/px4/ros2/ws/install/px4_msgs/include/px4_msgs/px4_msgs/msg/gpio_in.h\n'}
[1.530506] (px4_msgs) StdoutLine: {'line': b'-- Up-to-date: /home/px4/ros2/ws/install/px4_msgs/include/px4_msgs/px4_msgs/msg/navigator_status.h\n'}
[1.530577] (px4_msgs) StdoutLine: {'line': b'-- Up-to-date: /home/px4/ros2/ws/install/px4_msgs/include/px4_msgs/px4_msgs/msg/open_drone_id_arm_status.h\n'}
[1.530640] (px4_msgs) StdoutLine: {'line': b'-- Up-to-date: /home/px4/ros2/ws/install/px4_msgs/include/px4_msgs/px4_msgs/msg/position_controller_status.h\n'}
[1.530700] (px4_msgs) StdoutLine: {'line': b'-- Up-to-date: /home/px4/ros2/ws/install/px4_msgs/include/px4_msgs/px4_msgs/msg/mag_worker_data.h\n'}
[1.530763] (px4_msgs) StdoutLine: {'line': b'-- Up-to-date: /home/px4/ros2/ws/install/px4_msgs/include/px4_msgs/px4_msgs/msg/camera_trigger.h\n'}
[1.530821] (px4_msgs) StdoutLine: {'line': b'-- Up-to-date: /home/px4/ros2/ws/install/px4_msgs/include/px4_msgs/px4_msgs/msg/power_monitor.h\n'}
[1.530911] (px4_msgs) StdoutLine: {'line': b'-- Up-to-date: /home/px4/ros2/ws/install/px4_msgs/include/px4_msgs/px4_msgs/msg/sensors_status.h\n'}
[1.531006] (px4_msgs) StdoutLine: {'line': b'-- Up-to-date: /home/px4/ros2/ws/install/px4_msgs/include/px4_msgs/px4_msgs/msg/trajectory_setpoint.h\n'}
[1.531078] (px4_msgs) StdoutLine: {'line': b'-- Up-to-date: /home/px4/ros2/ws/install/px4_msgs/include/px4_msgs/px4_msgs/msg/internal_combustion_engine_status.h\n'}
[1.531143] (px4_msgs) StdoutLine: {'line': b'-- Up-to-date: /home/px4/ros2/ws/install/px4_msgs/include/px4_msgs/px4_msgs/msg/vehicle_roi.h\n'}
[1.531206] (px4_msgs) StdoutLine: {'line': b'-- Up-to-date: /home/px4/ros2/ws/install/px4_msgs/include/px4_msgs/px4_msgs/msg/ekf2_timestamps.h\n'}
[1.531269] (px4_msgs) StdoutLine: {'line': b'-- Up-to-date: /home/px4/ros2/ws/install/px4_msgs/include/px4_msgs/px4_msgs/msg/ulog_stream.h\n'}
[1.531326] (px4_msgs) StdoutLine: {'line': b'-- Up-to-date: /home/px4/ros2/ws/install/px4_msgs/include/px4_msgs/px4_msgs/msg/vehicle_land_detected.h\n'}
[1.531395] (px4_msgs) StdoutLine: {'line': b'-- Up-to-date: /home/px4/ros2/ws/install/px4_msgs/include/px4_msgs/px4_msgs/msg/position_controller_landing_status.h\n'}
[1.531458] (px4_msgs) StdoutLine: {'line': b'-- Up-to-date: /home/px4/ros2/ws/install/px4_msgs/include/px4_msgs/px4_msgs/msg/sensor_preflight_mag.h\n'}
[1.531543] (px4_msgs) StdoutLine: {'line': b'-- Up-to-date: /home/px4/ros2/ws/install/px4_msgs/include/px4_msgs/px4_msgs/msg/vehicle_acceleration.h\n'}
[1.531592] (px4_msgs) StdoutLine: {'line': b'-- Up-to-date: /home/px4/ros2/ws/install/px4_msgs/include/px4_msgs/px4_msgs/msg/follow_target_status.h\n'}
[1.531655] (px4_msgs) StdoutLine: {'line': b'-- Up-to-date: /home/px4/ros2/ws/install/px4_msgs/include/px4_msgs/px4_msgs/msg/debug_value.h\n'}
[1.531716] (px4_msgs) StdoutLine: {'line': b'-- Up-to-date: /home/px4/ros2/ws/install/px4_msgs/include/px4_msgs/px4_msgs/msg/power_button_state.h\n'}
[1.531774] (px4_msgs) StdoutLine: {'line': b'-- Up-to-date: /home/px4/ros2/ws/install/px4_msgs/include/px4_msgs/px4_msgs/msg/sensor_airflow.h\n'}
[1.531841] (px4_msgs) StdoutLine: {'line': b'-- Up-to-date: /home/px4/ros2/ws/install/px4_msgs/include/px4_msgs/px4_msgs/msg/actuator_outputs.h\n'}
[1.531922] (px4_msgs) StdoutLine: {'line': b'-- Up-to-date: /home/px4/ros2/ws/install/px4_msgs/include/px4_msgs/px4_msgs/msg/telemetry_status.h\n'}
[1.531987] (px4_msgs) StdoutLine: {'line': b'-- Up-to-date: /home/px4/ros2/ws/install/px4_msgs/include/px4_msgs/px4_msgs/msg/neural_control.h\n'}
[1.532052] (px4_msgs) StdoutLine: {'line': b'-- Up-to-date: /home/px4/ros2/ws/install/px4_msgs/include/px4_msgs/px4_msgs/msg/arming_check_request.h\n'}
[1.532124] (px4_msgs) StdoutLine: {'line': b'-- Up-to-date: /home/px4/ros2/ws/install/px4_msgs/include/px4_msgs/px4_msgs/msg/system_power.h\n'}
[1.532174] (px4_msgs) StdoutLine: {'line': b'-- Up-to-date: /home/px4/ros2/ws/install/px4_msgs/include/px4_msgs/px4_msgs/msg/sensors_status_imu.h\n'}
[1.532222] (px4_msgs) StdoutLine: {'line': b'-- Up-to-date: /home/px4/ros2/ws/install/px4_msgs/include/px4_msgs/px4_msgs/msg/estimator_bias3d.h\n'}
[1.532269] (px4_msgs) StdoutLine: {'line': b'-- Up-to-date: /home/px4/ros2/ws/install/px4_msgs/include/px4_msgs/px4_msgs/msg/lateral_control_configuration.h\n'}
[1.532315] (px4_msgs) StdoutLine: {'line': b'-- Up-to-date: /home/px4/ros2/ws/install/px4_msgs/include/px4_msgs/px4_msgs/msg/autotune_attitude_control_status.h\n'}
[1.532362] (px4_msgs) StdoutLine: {'line': b'-- Up-to-date: /home/px4/ros2/ws/install/px4_msgs/include/px4_msgs/px4_msgs/msg/qshell_req.h\n'}
[1.532409] (px4_msgs) StdoutLine: {'line': b'-- Up-to-date: /home/px4/ros2/ws/install/px4_msgs/include/px4_msgs/px4_msgs/msg/sensor_uwb.h\n'}
[1.532455] (px4_msgs) StdoutLine: {'line': b'-- Up-to-date: /home/px4/ros2/ws/install/px4_msgs/include/px4_msgs/px4_msgs/msg/rc_channels.h\n'}
[1.532501] (px4_msgs) StdoutLine: {'line': b'-- Up-to-date: /home/px4/ros2/ws/install/px4_msgs/include/px4_msgs/px4_msgs/msg/vehicle_imu.h\n'}
[1.532573] (px4_msgs) StdoutLine: {'line': b'-- Up-to-date: /home/px4/ros2/ws/install/px4_msgs/include/px4_msgs/px4_msgs/msg/distance_sensor_mode_change_request.h\n'}
[1.532636] (px4_msgs) StdoutLine: {'line': b'-- Up-to-date: /home/px4/ros2/ws/install/px4_msgs/include/px4_msgs/px4_msgs/msg/gimbal_device_attitude_status.h\n'}
[1.532684] (px4_msgs) StdoutLine: {'line': b'-- Up-to-date: /home/px4/ros2/ws/install/px4_msgs/include/px4_msgs/px4_msgs/msg/pps_capture.h\n'}
[1.532731] (px4_msgs) StdoutLine: {'line': b'-- Up-to-date: /home/px4/ros2/ws/install/px4_msgs/include/px4_msgs/px4_msgs/msg/message_format_request.h\n'}
[1.532793] (px4_msgs) StdoutLine: {'line': b'-- Up-to-date: /home/px4/ros2/ws/install/px4_msgs/include/px4_msgs/px4_msgs/msg/unregister_ext_component.h\n'}
[1.532848] (px4_msgs) StdoutLine: {'line': b'-- Up-to-date: /home/px4/ros2/ws/install/px4_msgs/include/px4_msgs/px4_msgs/msg/magnetometer_bias_estimate.h\n'}
[1.532921] (px4_msgs) StdoutLine: {'line': b'-- Up-to-date: /home/px4/ros2/ws/install/px4_msgs/include/px4_msgs/px4_msgs/msg/rtl_time_estimate.h\n'}
[1.532974] (px4_msgs) StdoutLine: {'line': b'-- Up-to-date: /home/px4/ros2/ws/install/px4_msgs/include/px4_msgs/px4_msgs/msg/gpio_config.h\n'}
[1.533056] (px4_msgs) StdoutLine: {'line': b'-- Up-to-date: /home/px4/ros2/ws/install/px4_msgs/include/px4_msgs/px4_msgs/msg/estimator_innovations.h\n'}
[1.533138] (px4_msgs) StdoutLine: {'line': b'-- Up-to-date: /home/px4/ros2/ws/install/px4_msgs/include/px4_msgs/px4_msgs/msg/wheel_encoders.h\n'}
[1.533209] (px4_msgs) StdoutLine: {'line': b'-- Up-to-date: /home/px4/ros2/ws/install/px4_msgs/include/px4_msgs/px4_msgs/msg/obstacle_distance.h\n'}
[1.533270] (px4_msgs) StdoutLine: {'line': b'-- Up-to-date: /home/px4/ros2/ws/install/px4_msgs/include/px4_msgs/px4_msgs/msg/gps_dump.h\n'}
[1.533325] (px4_msgs) StdoutLine: {'line': b'-- Up-to-date: /home/px4/ros2/ws/install/px4_msgs/include/px4_msgs/px4_msgs/msg/rpm.h\n'}
[1.533388] (px4_msgs) StdoutLine: {'line': b'-- Up-to-date: /home/px4/ros2/ws/install/px4_msgs/include/px4_msgs/px4_msgs/msg/rosidl_generator_c__visibility_control.h\n'}
[1.533467] (px4_msgs) StdoutLine: {'line': b'-- Up-to-date: /home/px4/ros2/ws/install/px4_msgs/include/px4_msgs/px4_msgs/msg/uavcan_parameter_request.h\n'}
[1.533529] (px4_msgs) StdoutLine: {'line': b'-- Up-to-date: /home/px4/ros2/ws/install/px4_msgs/include/px4_msgs/px4_msgs/msg/sensor_selection.h\n'}
[1.533591] (px4_msgs) StdoutLine: {'line': b'-- Up-to-date: /home/px4/ros2/ws/install/px4_msgs/include/px4_msgs/px4_msgs/msg/internal_combustion_engine_control.h\n'}
[1.533671] (px4_msgs) StdoutLine: {'line': b'-- Up-to-date: /home/px4/ros2/ws/install/px4_msgs/include/px4_msgs/px4_msgs/msg/mode_completed.h\n'}
[1.533733] (px4_msgs) StdoutLine: {'line': b'-- Up-to-date: /home/px4/ros2/ws/install/px4_msgs/include/px4_msgs/px4_msgs/msg/actuator_test.h\n'}
[1.533794] (px4_msgs) StdoutLine: {'line': b'-- Up-to-date: /home/px4/ros2/ws/install/px4_msgs/include/px4_msgs/px4_msgs/msg/sensor_gnss_relative.h\n'}
[1.533856] (px4_msgs) StdoutLine: {'line': b'-- Up-to-date: /home/px4/ros2/ws/install/px4_msgs/include/px4_msgs/px4_msgs/msg/launch_detection_status.h\n'}
[1.533930] (px4_msgs) StdoutLine: {'line': b'-- Up-to-date: /home/px4/ros2/ws/install/px4_msgs/include/px4_msgs/px4_msgs/msg/estimator_aid_source3d.h\n'}
[1.534020] (px4_msgs) StdoutLine: {'line': b'-- Up-to-date: /home/px4/ros2/ws/install/px4_msgs/include/px4_msgs/px4_msgs/msg/manual_control_setpoint.h\n'}
[1.534090] (px4_msgs) StdoutLine: {'line': b'-- Up-to-date: /home/px4/ros2/ws/install/px4_msgs/include/px4_msgs/px4_msgs/msg/fixed_wing_lateral_setpoint.h\n'}
[1.534159] (px4_msgs) StdoutLine: {'line': b'-- Up-to-date: /home/px4/ros2/ws/install/px4_msgs/include/px4_msgs/px4_msgs/msg/follow_target.h\n'}
[1.534219] (px4_msgs) StdoutLine: {'line': b'-- Up-to-date: /home/px4/ros2/ws/install/px4_msgs/include/px4_msgs/px4_msgs/msg/vehicle_air_data.h\n'}
[1.534287] (px4_msgs) StdoutLine: {'line': b'-- Up-to-date: /home/px4/ros2/ws/install/px4_msgs/include/px4_msgs/px4_msgs/msg/message_format_response.h\n'}
[1.534347] (px4_msgs) StdoutLine: {'line': b'-- Up-to-date: /home/px4/ros2/ws/install/px4_msgs/include/px4_msgs/px4_msgs/msg/gimbal_manager_status.h\n'}
[1.534445] (px4_msgs) StdoutLine: {'line': b'-- Up-to-date: /home/px4/ros2/ws/install/px4_msgs/include/px4_msgs/px4_msgs/msg/hover_thrust_estimate.h\n'}
[1.534505] (px4_msgs) StdoutLine: {'line': b'-- Up-to-date: /home/px4/ros2/ws/install/px4_msgs/include/px4_msgs/px4_msgs/msg/open_drone_id_system.h\n'}
[1.534590] (px4_msgs) StdoutLine: {'line': b'-- Up-to-date: /home/px4/ros2/ws/install/px4_msgs/include/px4_msgs/px4_msgs/msg/esc_report.h\n'}
[1.534651] (px4_msgs) StdoutLine: {'line': b'-- Up-to-date: /home/px4/ros2/ws/install/px4_msgs/include/px4_msgs/px4_msgs/msg/fixed_wing_longitudinal_setpoint.h\n'}
[1.534721] (px4_msgs) StdoutLine: {'line': b'-- Up-to-date: /home/px4/ros2/ws/install/px4_msgs/include/px4_msgs/px4_msgs/msg/actuator_controls_status.h\n'}
[1.534784] (px4_msgs) StdoutLine: {'line': b'-- Up-to-date: /home/px4/ros2/ws/install/px4_msgs/include/px4_msgs/px4_msgs/msg/longitudinal_control_configuration.h\n'}
[1.534845] (px4_msgs) StdoutLine: {'line': b'-- Up-to-date: /home/px4/ros2/ws/install/px4_msgs/include/px4_msgs/px4_msgs/msg/orb_test_large.h\n'}
[1.534917] (px4_msgs) StdoutLine: {'line': b'-- Up-to-date: /home/px4/ros2/ws/install/px4_msgs/include/px4_msgs/px4_msgs/msg/landing_target_pose.h\n'}
[1.535003] (px4_msgs) StdoutLine: {'line': b'-- Up-to-date: /home/px4/ros2/ws/install/px4_msgs/include/px4_msgs/px4_msgs/msg/sensor_hygrometer.h\n'}
[1.535066] (px4_msgs) StdoutLine: {'line': b'-- Up-to-date: /home/px4/ros2/ws/install/px4_msgs/include/px4_msgs/px4_msgs/msg/estimator_states.h\n'}
[1.535130] (px4_msgs) StdoutLine: {'line': b'-- Up-to-date: /home/px4/ros2/ws/install/px4_msgs/include/px4_msgs/px4_msgs/msg/estimator_gps_status.h\n'}
[1.535192] (px4_msgs) StdoutLine: {'line': b'-- Up-to-date: /home/px4/ros2/ws/install/px4_msgs/include/px4_msgs/px4_msgs/msg/dronecan_node_status.h\n'}
[1.535254] (px4_msgs) StdoutLine: {'line': b'-- Up-to-date: /home/px4/ros2/ws/install/px4_msgs/include/px4_msgs/px4_msgs/msg/iridiumsbd_status.h\n'}
[1.535317] (px4_msgs) StdoutLine: {'line': b'-- Up-to-date: /home/px4/ros2/ws/install/px4_msgs/include/px4_msgs/px4_msgs/msg/cpuload.h\n'}
[1.535412] (px4_msgs) StdoutLine: {'line': b'-- Up-to-date: /home/px4/ros2/ws/install/px4_msgs/include/px4_msgs/px4_msgs/msg/tiltrotor_extra_controls.h\n'}
[1.535473] (px4_msgs) StdoutLine: {'line': b'-- Up-to-date: /home/px4/ros2/ws/install/px4_msgs/include/px4_msgs/px4_msgs/msg/fixed_wing_lateral_status.h\n'}
[1.535538] (px4_msgs) StdoutLine: {'line': b'-- Up-to-date: /home/px4/ros2/ws/install/px4_msgs/include/px4_msgs/px4_msgs/msg/trajectory_setpoint6dof.h\n'}
[1.535587] (px4_msgs) StdoutLine: {'line': b'-- Up-to-date: /home/px4/ros2/ws/install/px4_msgs/include/px4_msgs/px4_msgs/msg/normalized_unsigned_setpoint.h\n'}
[1.535635] (px4_msgs) StdoutLine: {'line': b'-- Up-to-date: /home/px4/ros2/ws/install/px4_msgs/include/px4_msgs/px4_msgs/msg/estimator_status_flags.h\n'}
[1.535682] (px4_msgs) StdoutLine: {'line': b'-- Up-to-date: /home/px4/ros2/ws/install/px4_msgs/include/px4_msgs/px4_msgs/msg/sensor_optical_flow.h\n'}
[1.535727] (px4_msgs) StdoutLine: {'line': b'-- Up-to-date: /home/px4/ros2/ws/install/px4_msgs/include/px4_msgs/px4_msgs/msg/yaw_estimator_status.h\n'}
[1.535789] (px4_msgs) StdoutLine: {'line': b'-- Up-to-date: /home/px4/ros2/ws/install/px4_msgs/include/px4_msgs/px4_msgs/msg/home_position.h\n'}
[1.535847] (px4_msgs) StdoutLine: {'line': b'-- Up-to-date: /home/px4/ros2/ws/install/px4_msgs/include/px4_msgs/px4_msgs/msg/rover_throttle_setpoint.h\n'}
[1.535916] (px4_msgs) StdoutLine: {'line': b'-- Up-to-date: /home/px4/ros2/ws/install/px4_msgs/include/px4_msgs/px4_msgs/msg/fixed_wing_runway_control.h\n'}
[1.536003] (px4_msgs) StdoutLine: {'line': b'-- Up-to-date: /home/px4/ros2/ws/install/px4_msgs/include/px4_msgs/px4_msgs/msg/vehicle_odometry.h\n'}
[1.536065] (px4_msgs) StdoutLine: {'line': b'-- Up-to-date: /home/px4/ros2/ws/install/px4_msgs/include/px4_msgs/px4_msgs/msg/sensor_gyro_fft.h\n'}
[1.536128] (px4_msgs) StdoutLine: {'line': b'-- Up-to-date: /home/px4/ros2/ws/install/px4_msgs/include/px4_msgs/px4_msgs/msg/parameter_reset_request.h\n'}
[1.536185] (px4_msgs) StdoutLine: {'line': b'-- Up-to-date: /home/px4/ros2/ws/install/px4_msgs/include/px4_msgs/px4_msgs/msg/rover_position_setpoint.h\n'}
[1.536244] (px4_msgs) StdoutLine: {'line': b'-- Up-to-date: /home/px4/ros2/ws/install/px4_msgs/include/px4_msgs/px4_msgs/msg/geofence_result.h\n'}
[1.536303] (px4_msgs) StdoutLine: {'line': b'-- Up-to-date: /home/px4/ros2/ws/install/px4_msgs/include/px4_msgs/px4_msgs/msg/airspeed_validated.h\n'}
[1.536381] (px4_msgs) StdoutLine: {'line': b'-- Up-to-date: /home/px4/ros2/ws/install/px4_msgs/include/px4_msgs/px4_msgs/msg/vehicle_control_mode.h\n'}
[1.536446] (px4_msgs) StdoutLine: {'line': b'-- Up-to-date: /home/px4/ros2/ws/install/px4_msgs/include/px4_msgs/px4_msgs/msg/position_setpoint.h\n'}
[1.536509] (px4_msgs) StdoutLine: {'line': b'-- Up-to-date: /home/px4/ros2/ws/install/px4_msgs/include/px4_msgs/px4_msgs/msg/arming_check_reply.h\n'}
[1.536580] (px4_msgs) StdoutLine: {'line': b'-- Up-to-date: /home/px4/ros2/ws/install/px4_msgs/include/px4_msgs/px4_msgs/msg/esc_status.h\n'}
[1.536643] (px4_msgs) StdoutLine: {'line': b'-- Up-to-date: /home/px4/ros2/ws/install/px4_msgs/include/px4_msgs/px4_msgs/msg/rtl_status.h\n'}
[1.536723] (px4_msgs) StdoutLine: {'line': b'-- Up-to-date: /home/px4/ros2/ws/install/px4_msgs/include/px4_msgs/px4_msgs/msg/vehicle_global_position.h\n'}
[1.536788] (px4_msgs) StdoutLine: {'line': b'-- Up-to-date: /home/px4/ros2/ws/install/px4_msgs/include/px4_msgs/px4_msgs/msg/dataman_response.h\n'}
[1.536851] (px4_msgs) StdoutLine: {'line': b'-- Up-to-date: /home/px4/ros2/ws/install/px4_msgs/include/px4_msgs/px4_msgs/msg/rover_velocity_status.h\n'}
[1.536959] (px4_msgs) StdoutLine: {'line': b'-- Up-to-date: /home/px4/ros2/ws/install/px4_msgs/include/px4_msgs/px4_msgs/msg/failure_detector_status.h\n'}
[1.537020] (px4_msgs) StdoutLine: {'line': b'-- Up-to-date: /home/px4/ros2/ws/install/px4_msgs/include/px4_msgs/px4_msgs/msg/fixed_wing_lateral_guidance_status.h\n'}
[1.537106] (px4_msgs) StdoutLine: {'line': b'-- Up-to-date: /home/px4/ros2/ws/install/px4_msgs/include/px4_msgs/px4_msgs/msg/mission_result.h\n'}
[1.537165] (px4_msgs) StdoutLine: {'line': b'-- Up-to-date: /home/px4/ros2/ws/install/px4_msgs/include/px4_msgs/px4_msgs/msg/orbit_status.h\n'}
[1.537243] (px4_msgs) StdoutLine: {'line': b'-- Up-to-date: /home/px4/ros2/ws/install/px4_msgs/include/px4_msgs/px4_msgs/msg/mission.h\n'}
[1.537303] (px4_msgs) StdoutLine: {'line': b'-- Up-to-date: /home/px4/ros2/ws/install/px4_msgs/include/px4_msgs/px4_msgs/msg/control_allocator_status.h\n'}
[1.537369] (px4_msgs) StdoutLine: {'line': b'-- Up-to-date: /home/px4/ros2/ws/install/px4_msgs/include/px4_msgs/px4_msgs/msg/velocity_limits.h\n'}
[1.537426] (px4_msgs) StdoutLine: {'line': b'-- Up-to-date: /home/px4/ros2/ws/install/px4_msgs/include/px4_msgs/px4_msgs/msg/register_ext_component_reply.h\n'}
[1.537487] (px4_msgs) StdoutLine: {'line': b'-- Up-to-date: /home/px4/ros2/ws/install/px4_msgs/include/px4_msgs/px4_msgs/msg/vehicle_local_position_setpoint.h\n'}
[1.537548] (px4_msgs) StdoutLine: {'line': b'-- Up-to-date: /home/px4/ros2/ws/install/px4_msgs/include/px4_msgs/px4_msgs/msg/rover_rate_status.h\n'}
[1.537605] (px4_msgs) StdoutLine: {'line': b'-- Up-to-date: /home/px4/ros2/ws/install/px4_msgs/include/px4_msgs/px4_msgs/msg/rover_steering_setpoint.h\n'}
[1.537662] (px4_msgs) StdoutLine: {'line': b'-- Up-to-date: /home/px4/ros2/ws/install/px4_msgs/include/px4_msgs/px4_msgs/msg/vehicle_torque_setpoint.h\n'}
[1.537729] (px4_msgs) StdoutLine: {'line': b'-- Up-to-date: /home/px4/ros2/ws/install/px4_msgs/include/px4_msgs/px4_msgs/msg/navigator_mission_item.h\n'}
[1.537822] (px4_msgs) StdoutLine: {'line': b'-- Up-to-date: /home/px4/ros2/ws/install/px4_msgs/include/px4_msgs/px4_msgs/msg/sensor_gyro.h\n'}
[1.537933] (px4_msgs) StdoutLine: {'line': b'-- Up-to-date: /home/px4/ros2/ws/install/px4_msgs/include/px4_msgs/px4_msgs/msg/differential_pressure.h\n'}
[1.538005] (px4_msgs) StdoutLine: {'line': b'-- Up-to-date: /home/px4/ros2/ws/install/px4_msgs/include/px4_msgs/px4_msgs/msg/flight_phase_estimation.h\n'}
[1.538069] (px4_msgs) StdoutLine: {'line': b'-- Up-to-date: /home/px4/ros2/ws/install/px4_msgs/include/px4_msgs/px4_msgs/msg/sensor_accel.h\n'}
[1.538144] (px4_msgs) StdoutLine: {'line': b'-- Up-to-date: /home/px4/ros2/ws/install/px4_msgs/include/px4_msgs/px4_msgs/msg/heater_status.h\n'}
[1.538206] (px4_msgs) StdoutLine: {'line': b'-- Up-to-date: /home/px4/ros2/ws/install/px4_msgs/include/px4_msgs/px4_msgs/msg/vtol_vehicle_status.h\n'}
[1.538268] (px4_msgs) StdoutLine: {'line': b'-- Up-to-date: /home/px4/ros2/ws/install/px4_msgs/include/px4_msgs/px4_msgs/msg/open_drone_id_self_id.h\n'}
[1.538329] (px4_msgs) StdoutLine: {'line': b'-- Up-to-date: /home/px4/ros2/ws/install/px4_msgs/include/px4_msgs/px4_msgs/msg/gpio_out.h\n'}
[1.538401] (px4_msgs) StdoutLine: {'line': b'-- Up-to-date: /home/px4/ros2/ws/install/px4_msgs/include/px4_msgs/px4_msgs/msg/logger_status.h\n'}
[1.538469] (px4_msgs) StdoutLine: {'line': b'-- Up-to-date: /home/px4/ros2/ws/install/px4_msgs/include/px4_msgs/px4_msgs/msg/vehicle_angular_velocity.h\n'}
[1.538532] (px4_msgs) StdoutLine: {'line': b'-- Up-to-date: /home/px4/ros2/ws/install/px4_msgs/include/px4_msgs/px4_msgs/msg/gimbal_device_information.h\n'}
[1.538611] (px4_msgs) StdoutLine: {'line': b'-- Up-to-date: /home/px4/ros2/ws/install/px4_msgs/include/px4_msgs/px4_msgs/msg/vehicle_local_position.h\n'}
[1.538661] (px4_msgs) StdoutLine: {'line': b'-- Up-to-date: /home/px4/ros2/ws/install/px4_msgs/include/px4_msgs/px4_msgs/msg/action_request.h\n'}
[1.538708] (px4_msgs) StdoutLine: {'line': b'-- Up-to-date: /home/px4/ros2/ws/install/px4_msgs/include/px4_msgs/px4_msgs/msg/takeoff_status.h\n'}
[1.538769] (px4_msgs) StdoutLine: {'line': b'-- Up-to-date: /home/px4/ros2/ws/install/px4_msgs/include/px4_msgs/px4_msgs/srv\n'}
[1.538839] (px4_msgs) StdoutLine: {'line': b'-- Up-to-date: /home/px4/ros2/ws/install/px4_msgs/include/px4_msgs/px4_msgs/srv/detail\n'}
[1.538905] (px4_msgs) StdoutLine: {'line': b'-- Up-to-date: /home/px4/ros2/ws/install/px4_msgs/include/px4_msgs/px4_msgs/srv/detail/vehicle_command__struct.h\n'}
[1.538990] (px4_msgs) StdoutLine: {'line': b'-- Up-to-date: /home/px4/ros2/ws/install/px4_msgs/include/px4_msgs/px4_msgs/srv/detail/vehicle_command__type_support.h\n'}
[1.539051] (px4_msgs) StdoutLine: {'line': b'-- Up-to-date: /home/px4/ros2/ws/install/px4_msgs/include/px4_msgs/px4_msgs/srv/detail/vehicle_command__functions.c\n'}
[1.539121] (px4_msgs) StdoutLine: {'line': b'-- Up-to-date: /home/px4/ros2/ws/install/px4_msgs/include/px4_msgs/px4_msgs/srv/detail/vehicle_command__functions.h\n'}
[1.539179] (px4_msgs) StdoutLine: {'line': b'-- Up-to-date: /home/px4/ros2/ws/install/px4_msgs/include/px4_msgs/px4_msgs/srv/vehicle_command.h\n'}
[1.539251] (px4_msgs) StdoutLine: {'line': b'-- Up-to-date: /home/px4/ros2/ws/install/px4_msgs/share/px4_msgs/environment/library_path.sh\n'}
[1.539309] (px4_msgs) StdoutLine: {'line': b'-- Up-to-date: /home/px4/ros2/ws/install/px4_msgs/share/px4_msgs/environment/library_path.dsv\n'}
[1.539380] (px4_msgs) StdoutLine: {'line': b'-- Up-to-date: /home/px4/ros2/ws/install/px4_msgs/lib/libpx4_msgs__rosidl_generator_c.so\n'}
[1.539444] (px4_msgs) StdoutLine: {'line': b'-- Up-to-date: /home/px4/ros2/ws/install/px4_msgs/include/px4_msgs/px4_msgs\n'}
[1.539509] (px4_msgs) StdoutLine: {'line': b'-- Up-to-date: /home/px4/ros2/ws/install/px4_msgs/include/px4_msgs/px4_msgs/msg\n'}
[1.539569] (px4_msgs) StdoutLine: {'line': b'-- Up-to-date: /home/px4/ros2/ws/install/px4_msgs/include/px4_msgs/px4_msgs/msg/detail\n'}
[1.539632] (px4_msgs) StdoutLine: {'line': b'-- Up-to-date: /home/px4/ros2/ws/install/px4_msgs/include/px4_msgs/px4_msgs/msg/detail/vehicle_magnetometer__rosidl_typesupport_fastrtps_c.h\n'}
[1.539704] (px4_msgs) StdoutLine: {'line': b'-- Up-to-date: /home/px4/ros2/ws/install/px4_msgs/include/px4_msgs/px4_msgs/msg/detail/vehicle_torque_setpoint__rosidl_typesupport_fastrtps_c.h\n'}
[1.539795] (px4_msgs) StdoutLine: {'line': b'-- Up-to-date: /home/px4/ros2/ws/install/px4_msgs/include/px4_msgs/px4_msgs/msg/detail/landing_gear_wheel__rosidl_typesupport_fastrtps_c.h\n'}
[1.539856] (px4_msgs) StdoutLine: {'line': b'-- Up-to-date: /home/px4/ros2/ws/install/px4_msgs/include/px4_msgs/px4_msgs/msg/detail/vehicle_acceleration__rosidl_typesupport_fastrtps_c.h\n'}
[1.539924] (px4_msgs) StdoutLine: {'line': b'-- Up-to-date: /home/px4/ros2/ws/install/px4_msgs/include/px4_msgs/px4_msgs/msg/detail/vehicle_attitude_setpoint__rosidl_typesupport_fastrtps_c.h\n'}
[1.540001] (px4_msgs) StdoutLine: {'line': b'-- Up-to-date: /home/px4/ros2/ws/install/px4_msgs/include/px4_msgs/px4_msgs/msg/detail/arming_check_request__rosidl_typesupport_fastrtps_c.h\n'}
[1.540069] (px4_msgs) StdoutLine: {'line': b'-- Up-to-date: /home/px4/ros2/ws/install/px4_msgs/include/px4_msgs/px4_msgs/msg/detail/mode_completed__rosidl_typesupport_fastrtps_c.h\n'}
[1.540142] (px4_msgs) StdoutLine: {'line': b'-- Up-to-date: /home/px4/ros2/ws/install/px4_msgs/include/px4_msgs/px4_msgs/msg/detail/pure_pursuit_status__rosidl_typesupport_fastrtps_c.h\n'}
[1.540215] (px4_msgs) StdoutLine: {'line': b'-- Up-to-date: /home/px4/ros2/ws/install/px4_msgs/include/px4_msgs/px4_msgs/msg/detail/led_control__rosidl_typesupport_fastrtps_c.h\n'}
[1.540301] (px4_msgs) StdoutLine: {'line': b'-- Up-to-date: /home/px4/ros2/ws/install/px4_msgs/include/px4_msgs/px4_msgs/msg/detail/sensor_gyro_fft__rosidl_typesupport_fastrtps_c.h\n'}
[1.540352] (px4_msgs) StdoutLine: {'line': b'-- Up-to-date: /home/px4/ros2/ws/install/px4_msgs/include/px4_msgs/px4_msgs/msg/detail/ulog_stream__rosidl_typesupport_fastrtps_c.h\n'}
[1.540415] (px4_msgs) StdoutLine: {'line': b'-- Up-to-date: /home/px4/ros2/ws/install/px4_msgs/include/px4_msgs/px4_msgs/msg/detail/camera_trigger__rosidl_typesupport_fastrtps_c.h\n'}
[1.540478] (px4_msgs) StdoutLine: {'line': b'-- Up-to-date: /home/px4/ros2/ws/install/px4_msgs/include/px4_msgs/px4_msgs/msg/detail/unregister_ext_component__rosidl_typesupport_fastrtps_c.h\n'}
[1.540526] (px4_msgs) StdoutLine: {'line': b'-- Up-to-date: /home/px4/ros2/ws/install/px4_msgs/include/px4_msgs/px4_msgs/msg/detail/mount_orientation__rosidl_typesupport_fastrtps_c.h\n'}
[1.540573] (px4_msgs) StdoutLine: {'line': b'-- Up-to-date: /home/px4/ros2/ws/install/px4_msgs/include/px4_msgs/px4_msgs/msg/detail/wheel_encoders__rosidl_typesupport_fastrtps_c.h\n'}
[1.540620] (px4_msgs) StdoutLine: {'line': b'-- Up-to-date: /home/px4/ros2/ws/install/px4_msgs/include/px4_msgs/px4_msgs/msg/detail/action_request__rosidl_typesupport_fastrtps_c.h\n'}
[1.540667] (px4_msgs) StdoutLine: {'line': b'-- Up-to-date: /home/px4/ros2/ws/install/px4_msgs/include/px4_msgs/px4_msgs/msg/detail/failsafe_flags__rosidl_typesupport_fastrtps_c.h\n'}
[1.540713] (px4_msgs) StdoutLine: {'line': b'-- Up-to-date: /home/px4/ros2/ws/install/px4_msgs/include/px4_msgs/px4_msgs/msg/detail/gimbal_manager_set_manual_control__rosidl_typesupport_fastrtps_c.h\n'}
[1.540775] (px4_msgs) StdoutLine: {'line': b'-- Up-to-date: /home/px4/ros2/ws/install/px4_msgs/include/px4_msgs/px4_msgs/msg/detail/camera_capture__rosidl_typesupport_fastrtps_c.h\n'}
[1.540823] (px4_msgs) StdoutLine: {'line': b'-- Up-to-date: /home/px4/ros2/ws/install/px4_msgs/include/px4_msgs/px4_msgs/msg/detail/airspeed_wind__rosidl_typesupport_fastrtps_c.h\n'}
[1.540881] (px4_msgs) StdoutLine: {'line': b'-- Up-to-date: /home/px4/ros2/ws/install/px4_msgs/include/px4_msgs/px4_msgs/msg/detail/vehicle_thrust_setpoint__rosidl_typesupport_fastrtps_c.h\n'}
[1.540941] (px4_msgs) StdoutLine: {'line': b'-- Up-to-date: /home/px4/ros2/ws/install/px4_msgs/include/px4_msgs/px4_msgs/msg/detail/sensor_gyro__rosidl_typesupport_fastrtps_c.h\n'}
[1.540989] (px4_msgs) StdoutLine: {'line': b'-- Up-to-date: /home/px4/ros2/ws/install/px4_msgs/include/px4_msgs/px4_msgs/msg/detail/velocity_limits__rosidl_typesupport_fastrtps_c.h\n'}
[1.541036] (px4_msgs) StdoutLine: {'line': b'-- Up-to-date: /home/px4/ros2/ws/install/px4_msgs/include/px4_msgs/px4_msgs/msg/detail/gimbal_controls__rosidl_typesupport_fastrtps_c.h\n'}
[1.541083] (px4_msgs) StdoutLine: {'line': b'-- Up-to-date: /home/px4/ros2/ws/install/px4_msgs/include/px4_msgs/px4_msgs/msg/detail/open_drone_id_system__rosidl_typesupport_fastrtps_c.h\n'}
[1.541130] (px4_msgs) StdoutLine: {'line': b'-- Up-to-date: /home/px4/ros2/ws/install/px4_msgs/include/px4_msgs/px4_msgs/msg/detail/power_button_state__rosidl_typesupport_fastrtps_c.h\n'}
[1.541177] (px4_msgs) StdoutLine: {'line': b'-- Up-to-date: /home/px4/ros2/ws/install/px4_msgs/include/px4_msgs/px4_msgs/msg/detail/actuator_test__rosidl_typesupport_fastrtps_c.h\n'}
[1.541223] (px4_msgs) StdoutLine: {'line': b'-- Up-to-date: /home/px4/ros2/ws/install/px4_msgs/include/px4_msgs/px4_msgs/msg/detail/message_format_response__rosidl_typesupport_fastrtps_c.h\n'}
[1.541270] (px4_msgs) StdoutLine: {'line': b'-- Up-to-date: /home/px4/ros2/ws/install/px4_msgs/include/px4_msgs/px4_msgs/msg/detail/vehicle_status__rosidl_typesupport_fastrtps_c.h\n'}
[1.541332] (px4_msgs) StdoutLine: {'line': b'-- Up-to-date: /home/px4/ros2/ws/install/px4_msgs/include/px4_msgs/px4_msgs/msg/detail/vehicle_odometry__rosidl_typesupport_fastrtps_c.h\n'}
[1.541394] (px4_msgs) StdoutLine: {'line': b'-- Up-to-date: /home/px4/ros2/ws/install/px4_msgs/include/px4_msgs/px4_msgs/msg/detail/sensor_gyro_fifo__rosidl_typesupport_fastrtps_c.h\n'}
[1.541449] (px4_msgs) StdoutLine: {'line': b'-- Up-to-date: /home/px4/ros2/ws/install/px4_msgs/include/px4_msgs/px4_msgs/msg/detail/actuator_servos__rosidl_typesupport_fastrtps_c.h\n'}
[1.541505] (px4_msgs) StdoutLine: {'line': b'-- Up-to-date: /home/px4/ros2/ws/install/px4_msgs/include/px4_msgs/px4_msgs/msg/detail/onboard_computer_status__rosidl_typesupport_fastrtps_c.h\n'}
[1.541553] (px4_msgs) StdoutLine: {'line': b'-- Up-to-date: /home/px4/ros2/ws/install/px4_msgs/include/px4_msgs/px4_msgs/msg/detail/vehicle_constraints__rosidl_typesupport_fastrtps_c.h\n'}
[1.541598] (px4_msgs) StdoutLine: {'line': b'-- Up-to-date: /home/px4/ros2/ws/install/px4_msgs/include/px4_msgs/px4_msgs/msg/detail/distance_sensor__rosidl_typesupport_fastrtps_c.h\n'}
[1.541666] (px4_msgs) StdoutLine: {'line': b'-- Up-to-date: /home/px4/ros2/ws/install/px4_msgs/include/px4_msgs/px4_msgs/msg/detail/gimbal_manager_status__rosidl_typesupport_fastrtps_c.h\n'}
[1.541715] (px4_msgs) StdoutLine: {'line': b'-- Up-to-date: /home/px4/ros2/ws/install/px4_msgs/include/px4_msgs/px4_msgs/msg/detail/debug_array__rosidl_typesupport_fastrtps_c.h\n'}
[1.541761] (px4_msgs) StdoutLine: {'line': b'-- Up-to-date: /home/px4/ros2/ws/install/px4_msgs/include/px4_msgs/px4_msgs/msg/detail/tecs_status__rosidl_typesupport_fastrtps_c.h\n'}
[1.541808] (px4_msgs) StdoutLine: {'line': b'-- Up-to-date: /home/px4/ros2/ws/install/px4_msgs/include/px4_msgs/px4_msgs/msg/detail/estimator_aid_source2d__rosidl_typesupport_fastrtps_c.h\n'}
[1.541879] (px4_msgs) StdoutLine: {'line': b'-- Up-to-date: /home/px4/ros2/ws/install/px4_msgs/include/px4_msgs/px4_msgs/msg/detail/launch_detection_status__rosidl_typesupport_fastrtps_c.h\n'}
[1.541942] (px4_msgs) StdoutLine: {'line': b'-- Up-to-date: /home/px4/ros2/ws/install/px4_msgs/include/px4_msgs/px4_msgs/msg/detail/open_drone_id_operator_id__rosidl_typesupport_fastrtps_c.h\n'}
[1.542011] (px4_msgs) StdoutLine: {'line': b'-- Up-to-date: /home/px4/ros2/ws/install/px4_msgs/include/px4_msgs/px4_msgs/msg/detail/event__rosidl_typesupport_fastrtps_c.h\n'}
[1.542071] (px4_msgs) StdoutLine: {'line': b'-- Up-to-date: /home/px4/ros2/ws/install/px4_msgs/include/px4_msgs/px4_msgs/msg/detail/battery_info__rosidl_typesupport_fastrtps_c.h\n'}
[1.542128] (px4_msgs) StdoutLine: {'line': b'-- Up-to-date: /home/px4/ros2/ws/install/px4_msgs/include/px4_msgs/px4_msgs/msg/detail/normalized_unsigned_setpoint__rosidl_typesupport_fastrtps_c.h\n'}
[1.542196] (px4_msgs) StdoutLine: {'line': b'-- Up-to-date: /home/px4/ros2/ws/install/px4_msgs/include/px4_msgs/px4_msgs/msg/detail/qshell_req__rosidl_typesupport_fastrtps_c.h\n'}
[1.542254] (px4_msgs) StdoutLine: {'line': b'-- Up-to-date: /home/px4/ros2/ws/install/px4_msgs/include/px4_msgs/px4_msgs/msg/detail/position_controller_landing_status__rosidl_typesupport_fastrtps_c.h\n'}
[1.542317] (px4_msgs) StdoutLine: {'line': b'-- Up-to-date: /home/px4/ros2/ws/install/px4_msgs/include/px4_msgs/px4_msgs/msg/detail/internal_combustion_engine_control__rosidl_typesupport_fastrtps_c.h\n'}
[1.542380] (px4_msgs) StdoutLine: {'line': b'-- Up-to-date: /home/px4/ros2/ws/install/px4_msgs/include/px4_msgs/px4_msgs/msg/detail/iridiumsbd_status__rosidl_typesupport_fastrtps_c.h\n'}
[1.542441] (px4_msgs) StdoutLine: {'line': b'-- Up-to-date: /home/px4/ros2/ws/install/px4_msgs/include/px4_msgs/px4_msgs/msg/detail/rover_steering_setpoint__rosidl_typesupport_fastrtps_c.h\n'}
[1.542499] (px4_msgs) StdoutLine: {'line': b'-- Up-to-date: /home/px4/ros2/ws/install/px4_msgs/include/px4_msgs/px4_msgs/msg/detail/actuator_servos_trim__rosidl_typesupport_fastrtps_c.h\n'}
[1.542568] (px4_msgs) StdoutLine: {'line': b'-- Up-to-date: /home/px4/ros2/ws/install/px4_msgs/include/px4_msgs/px4_msgs/msg/detail/uavcan_parameter_request__rosidl_typesupport_fastrtps_c.h\n'}
[1.542626] (px4_msgs) StdoutLine: {'line': b'-- Up-to-date: /home/px4/ros2/ws/install/px4_msgs/include/px4_msgs/px4_msgs/msg/detail/sensor_accel__rosidl_typesupport_fastrtps_c.h\n'}
[1.542684] (px4_msgs) StdoutLine: {'line': b'-- Up-to-date: /home/px4/ros2/ws/install/px4_msgs/include/px4_msgs/px4_msgs/msg/detail/parameter_set_value_response__rosidl_typesupport_fastrtps_c.h\n'}
[1.542770] (px4_msgs) StdoutLine: {'line': b'-- Up-to-date: /home/px4/ros2/ws/install/px4_msgs/include/px4_msgs/px4_msgs/msg/detail/gimbal_device_attitude_status__rosidl_typesupport_fastrtps_c.h\n'}
[1.542831] (px4_msgs) StdoutLine: {'line': b'-- Up-to-date: /home/px4/ros2/ws/install/px4_msgs/include/px4_msgs/px4_msgs/msg/detail/config_overrides__rosidl_typesupport_fastrtps_c.h\n'}
[1.542916] (px4_msgs) StdoutLine: {'line': b'-- Up-to-date: /home/px4/ros2/ws/install/px4_msgs/include/px4_msgs/px4_msgs/msg/detail/sensor_selection__rosidl_typesupport_fastrtps_c.h\n'}
[1.542977] (px4_msgs) StdoutLine: {'line': b'-- Up-to-date: /home/px4/ros2/ws/install/px4_msgs/include/px4_msgs/px4_msgs/msg/detail/actuator_outputs__rosidl_typesupport_fastrtps_c.h\n'}
[1.543040] (px4_msgs) StdoutLine: {'line': b'-- Up-to-date: /home/px4/ros2/ws/install/px4_msgs/include/px4_msgs/px4_msgs/msg/detail/gimbal_device_set_attitude__rosidl_typesupport_fastrtps_c.h\n'}
[1.543121] (px4_msgs) StdoutLine: {'line': b'-- Up-to-date: /home/px4/ros2/ws/install/px4_msgs/include/px4_msgs/px4_msgs/msg/detail/dronecan_node_status__rosidl_typesupport_fastrtps_c.h\n'}
[1.543180] (px4_msgs) StdoutLine: {'line': b'-- Up-to-date: /home/px4/ros2/ws/install/px4_msgs/include/px4_msgs/px4_msgs/msg/detail/transponder_report__rosidl_typesupport_fastrtps_c.h\n'}
[1.543259] (px4_msgs) StdoutLine: {'line': b'-- Up-to-date: /home/px4/ros2/ws/install/px4_msgs/include/px4_msgs/px4_msgs/msg/detail/vehicle_command__rosidl_typesupport_fastrtps_c.h\n'}
[1.543333] (px4_msgs) StdoutLine: {'line': b'-- Up-to-date: /home/px4/ros2/ws/install/px4_msgs/include/px4_msgs/px4_msgs/msg/detail/vehicle_air_data__rosidl_typesupport_fastrtps_c.h\n'}
[1.543398] (px4_msgs) StdoutLine: {'line': b'-- Up-to-date: /home/px4/ros2/ws/install/px4_msgs/include/px4_msgs/px4_msgs/msg/detail/follow_target_status__rosidl_typesupport_fastrtps_c.h\n'}
[1.543472] (px4_msgs) StdoutLine: {'line': b'-- Up-to-date: /home/px4/ros2/ws/install/px4_msgs/include/px4_msgs/px4_msgs/msg/detail/radio_status__rosidl_typesupport_fastrtps_c.h\n'}
[1.543536] (px4_msgs) StdoutLine: {'line': b'-- Up-to-date: /home/px4/ros2/ws/install/px4_msgs/include/px4_msgs/px4_msgs/msg/detail/gimbal_device_information__rosidl_typesupport_fastrtps_c.h\n'}
[1.543599] (px4_msgs) StdoutLine: {'line': b'-- Up-to-date: /home/px4/ros2/ws/install/px4_msgs/include/px4_msgs/px4_msgs/msg/detail/trajectory_setpoint__rosidl_typesupport_fastrtps_c.h\n'}
[1.543678] (px4_msgs) StdoutLine: {'line': b'-- Up-to-date: /home/px4/ros2/ws/install/px4_msgs/include/px4_msgs/px4_msgs/msg/detail/can_interface_status__rosidl_typesupport_fastrtps_c.h\n'}
[1.543740] (px4_msgs) StdoutLine: {'line': b'-- Up-to-date: /home/px4/ros2/ws/install/px4_msgs/include/px4_msgs/px4_msgs/msg/detail/px4io_status__rosidl_typesupport_fastrtps_c.h\n'}
[1.543803] (px4_msgs) StdoutLine: {'line': b'-- Up-to-date: /home/px4/ros2/ws/install/px4_msgs/include/px4_msgs/px4_msgs/msg/detail/rover_rate_status__rosidl_typesupport_fastrtps_c.h\n'}
[1.543887] (px4_msgs) StdoutLine: {'line': b'-- Up-to-date: /home/px4/ros2/ws/install/px4_msgs/include/px4_msgs/px4_msgs/msg/detail/navigator_mission_item__rosidl_typesupport_fastrtps_c.h\n'}
[1.543956] (px4_msgs) StdoutLine: {'line': b'-- Up-to-date: /home/px4/ros2/ws/install/px4_msgs/include/px4_msgs/px4_msgs/msg/detail/orbit_status__rosidl_typesupport_fastrtps_c.h\n'}
[1.544022] (px4_msgs) StdoutLine: {'line': b'-- Up-to-date: /home/px4/ros2/ws/install/px4_msgs/include/px4_msgs/px4_msgs/msg/detail/gripper__rosidl_typesupport_fastrtps_c.h\n'}
[1.544114] (px4_msgs) StdoutLine: {'line': b'-- Up-to-date: /home/px4/ros2/ws/install/px4_msgs/include/px4_msgs/px4_msgs/msg/detail/ping__rosidl_typesupport_fastrtps_c.h\n'}
[1.544193] (px4_msgs) StdoutLine: {'line': b'-- Up-to-date: /home/px4/ros2/ws/install/px4_msgs/include/px4_msgs/px4_msgs/msg/detail/rc_channels__rosidl_typesupport_fastrtps_c.h\n'}
[1.544265] (px4_msgs) StdoutLine: {'line': b'-- Up-to-date: /home/px4/ros2/ws/install/px4_msgs/include/px4_msgs/px4_msgs/msg/detail/hover_thrust_estimate__rosidl_typesupport_fastrtps_c.h\n'}
[1.544334] (px4_msgs) StdoutLine: {'line': b'-- Up-to-date: /home/px4/ros2/ws/install/px4_msgs/include/px4_msgs/px4_msgs/msg/detail/vehicle_local_position_setpoint__rosidl_typesupport_fastrtps_c.h\n'}
[1.544399] (px4_msgs) StdoutLine: {'line': b'-- Up-to-date: /home/px4/ros2/ws/install/px4_msgs/include/px4_msgs/px4_msgs/msg/detail/landing_target_pose__rosidl_typesupport_fastrtps_c.h\n'}
[1.544466] (px4_msgs) StdoutLine: {'line': b'-- Up-to-date: /home/px4/ros2/ws/install/px4_msgs/include/px4_msgs/px4_msgs/msg/detail/position_setpoint__rosidl_typesupport_fastrtps_c.h\n'}
[1.544536] (px4_msgs) StdoutLine: {'line': b'-- Up-to-date: /home/px4/ros2/ws/install/px4_msgs/include/px4_msgs/px4_msgs/msg/detail/sensor_gps__rosidl_typesupport_fastrtps_c.h\n'}
[1.544597] (px4_msgs) StdoutLine: {'line': b'-- Up-to-date: /home/px4/ros2/ws/install/px4_msgs/include/px4_msgs/px4_msgs/msg/detail/rover_attitude_status__rosidl_typesupport_fastrtps_c.h\n'}
[1.544665] (px4_msgs) StdoutLine: {'line': b'-- Up-to-date: /home/px4/ros2/ws/install/px4_msgs/include/px4_msgs/px4_msgs/msg/detail/open_drone_id_arm_status__rosidl_typesupport_fastrtps_c.h\n'}
[1.544737] (px4_msgs) StdoutLine: {'line': b'-- Up-to-date: /home/px4/ros2/ws/install/px4_msgs/include/px4_msgs/px4_msgs/msg/detail/open_drone_id_self_id__rosidl_typesupport_fastrtps_c.h\n'}
[1.544808] (px4_msgs) StdoutLine: {'line': b'-- Up-to-date: /home/px4/ros2/ws/install/px4_msgs/include/px4_msgs/px4_msgs/msg/detail/vehicle_attitude__rosidl_typesupport_fastrtps_c.h\n'}
[1.544885] (px4_msgs) StdoutLine: {'line': b'-- Up-to-date: /home/px4/ros2/ws/install/px4_msgs/include/px4_msgs/px4_msgs/msg/detail/flight_phase_estimation__rosidl_typesupport_fastrtps_c.h\n'}
[1.544961] (px4_msgs) StdoutLine: {'line': b'-- Up-to-date: /home/px4/ros2/ws/install/px4_msgs/include/px4_msgs/px4_msgs/msg/detail/vtol_vehicle_status__rosidl_typesupport_fastrtps_c.h\n'}
[1.545033] (px4_msgs) StdoutLine: {'line': b'-- Up-to-date: /home/px4/ros2/ws/install/px4_msgs/include/px4_msgs/px4_msgs/msg/detail/estimator_sensor_bias__rosidl_typesupport_fastrtps_c.h\n'}
[1.545095] (px4_msgs) StdoutLine: {'line': b'-- Up-to-date: /home/px4/ros2/ws/install/px4_msgs/include/px4_msgs/px4_msgs/msg/detail/wind__rosidl_typesupport_fastrtps_c.h\n'}
[1.545148] (px4_msgs) StdoutLine: {'line': b'-- Up-to-date: /home/px4/ros2/ws/install/px4_msgs/include/px4_msgs/px4_msgs/msg/detail/landing_target_innovations__rosidl_typesupport_fastrtps_c.h\n'}
[1.545216] (px4_msgs) StdoutLine: {'line': b'-- Up-to-date: /home/px4/ros2/ws/install/px4_msgs/include/px4_msgs/px4_msgs/msg/detail/distance_sensor_mode_change_request__rosidl_typesupport_fastrtps_c.h\n'}
[1.545273] (px4_msgs) StdoutLine: {'line': b'-- Up-to-date: /home/px4/ros2/ws/install/px4_msgs/include/px4_msgs/px4_msgs/msg/detail/rtl_status__rosidl_typesupport_fastrtps_c.h\n'}
[1.545331] (px4_msgs) StdoutLine: {'line': b'-- Up-to-date: /home/px4/ros2/ws/install/px4_msgs/include/px4_msgs/px4_msgs/msg/detail/gps_dump__rosidl_typesupport_fastrtps_c.h\n'}
[1.545425] (px4_msgs) StdoutLine: {'line': b'-- Up-to-date: /home/px4/ros2/ws/install/px4_msgs/include/px4_msgs/px4_msgs/msg/detail/sensor_preflight_mag__rosidl_typesupport_fastrtps_c.h\n'}
[1.545487] (px4_msgs) StdoutLine: {'line': b'-- Up-to-date: /home/px4/ros2/ws/install/px4_msgs/include/px4_msgs/px4_msgs/msg/detail/orb_test__rosidl_typesupport_fastrtps_c.h\n'}
[1.545564] (px4_msgs) StdoutLine: {'line': b'-- Up-to-date: /home/px4/ros2/ws/install/px4_msgs/include/px4_msgs/px4_msgs/msg/detail/differential_pressure__rosidl_typesupport_fastrtps_c.h\n'}
[1.545636] (px4_msgs) StdoutLine: {'line': b'-- Up-to-date: /home/px4/ros2/ws/install/px4_msgs/include/px4_msgs/px4_msgs/msg/detail/qshell_retval__rosidl_typesupport_fastrtps_c.h\n'}
[1.545698] (px4_msgs) StdoutLine: {'line': b'-- Up-to-date: /home/px4/ros2/ws/install/px4_msgs/include/px4_msgs/px4_msgs/msg/detail/mavlink_tunnel__rosidl_typesupport_fastrtps_c.h\n'}
[1.545760] (px4_msgs) StdoutLine: {'line': b'-- Up-to-date: /home/px4/ros2/ws/install/px4_msgs/include/px4_msgs/px4_msgs/msg/detail/figure_eight_status__rosidl_typesupport_fastrtps_c.h\n'}
[1.545840] (px4_msgs) StdoutLine: {'line': b'-- Up-to-date: /home/px4/ros2/ws/install/px4_msgs/include/px4_msgs/px4_msgs/msg/detail/geofence_result__rosidl_typesupport_fastrtps_c.h\n'}
[1.545908] (px4_msgs) StdoutLine: {'line': b'-- Up-to-date: /home/px4/ros2/ws/install/px4_msgs/include/px4_msgs/px4_msgs/msg/detail/gpio_out__rosidl_typesupport_fastrtps_c.h\n'}
[1.545964] (px4_msgs) StdoutLine: {'line': b'-- Up-to-date: /home/px4/ros2/ws/install/px4_msgs/include/px4_msgs/px4_msgs/msg/detail/gimbal_manager_set_attitude__rosidl_typesupport_fastrtps_c.h\n'}
[1.546023] (px4_msgs) StdoutLine: {'line': b'-- Up-to-date: /home/px4/ros2/ws/install/px4_msgs/include/px4_msgs/px4_msgs/msg/detail/debug_vect__rosidl_typesupport_fastrtps_c.h\n'}
[1.546084] (px4_msgs) StdoutLine: {'line': b'-- Up-to-date: /home/px4/ros2/ws/install/px4_msgs/include/px4_msgs/px4_msgs/msg/detail/gpio_config__rosidl_typesupport_fastrtps_c.h\n'}
[1.546170] (px4_msgs) StdoutLine: {'line': b'-- Up-to-date: /home/px4/ros2/ws/install/px4_msgs/include/px4_msgs/px4_msgs/msg/detail/estimator_states__rosidl_typesupport_fastrtps_c.h\n'}
[1.546234] (px4_msgs) StdoutLine: {'line': b'-- Up-to-date: /home/px4/ros2/ws/install/px4_msgs/include/px4_msgs/px4_msgs/msg/detail/rover_throttle_setpoint__rosidl_typesupport_fastrtps_c.h\n'}
[1.546300] (px4_msgs) StdoutLine: {'line': b'-- Up-to-date: /home/px4/ros2/ws/install/px4_msgs/include/px4_msgs/px4_msgs/msg/detail/arming_check_reply__rosidl_typesupport_fastrtps_c.h\n'}
[1.546358] (px4_msgs) StdoutLine: {'line': b'-- Up-to-date: /home/px4/ros2/ws/install/px4_msgs/include/px4_msgs/px4_msgs/msg/detail/trajectory_setpoint6dof__rosidl_typesupport_fastrtps_c.h\n'}
[1.546426] (px4_msgs) StdoutLine: {'line': b'-- Up-to-date: /home/px4/ros2/ws/install/px4_msgs/include/px4_msgs/px4_msgs/msg/detail/fixed_wing_lateral_guidance_status__rosidl_typesupport_fastrtps_c.h\n'}
[1.546488] (px4_msgs) StdoutLine: {'line': b'-- Up-to-date: /home/px4/ros2/ws/install/px4_msgs/include/px4_msgs/px4_msgs/msg/detail/pps_capture__rosidl_typesupport_fastrtps_c.h\n'}
[1.546550] (px4_msgs) StdoutLine: {'line': b'-- Up-to-date: /home/px4/ros2/ws/install/px4_msgs/include/px4_msgs/px4_msgs/msg/detail/esc_status__rosidl_typesupport_fastrtps_c.h\n'}
[1.546612] (px4_msgs) StdoutLine: {'line': b'-- Up-to-date: /home/px4/ros2/ws/install/px4_msgs/include/px4_msgs/px4_msgs/msg/detail/manual_control_switches__rosidl_typesupport_fastrtps_c.h\n'}
[1.546671] (px4_msgs) StdoutLine: {'line': b'-- Up-to-date: /home/px4/ros2/ws/install/px4_msgs/include/px4_msgs/px4_msgs/msg/detail/home_position__rosidl_typesupport_fastrtps_c.h\n'}
[1.546726] (px4_msgs) StdoutLine: {'line': b'-- Up-to-date: /home/px4/ros2/ws/install/px4_msgs/include/px4_msgs/px4_msgs/msg/detail/parameter_update__rosidl_typesupport_fastrtps_c.h\n'}
[1.546790] (px4_msgs) StdoutLine: {'line': b'-- Up-to-date: /home/px4/ros2/ws/install/px4_msgs/include/px4_msgs/px4_msgs/msg/detail/sensor_uwb__rosidl_typesupport_fastrtps_c.h\n'}
[1.546860] (px4_msgs) StdoutLine: {'line': b'-- Up-to-date: /home/px4/ros2/ws/install/px4_msgs/include/px4_msgs/px4_msgs/msg/detail/rover_attitude_setpoint__rosidl_typesupport_fastrtps_c.h\n'}
[1.546941] (px4_msgs) StdoutLine: {'line': b'-- Up-to-date: /home/px4/ros2/ws/install/px4_msgs/include/px4_msgs/px4_msgs/msg/detail/ekf2_timestamps__rosidl_typesupport_fastrtps_c.h\n'}
[1.547006] (px4_msgs) StdoutLine: {'line': b'-- Up-to-date: /home/px4/ros2/ws/install/px4_msgs/include/px4_msgs/px4_msgs/msg/detail/control_allocator_status__rosidl_typesupport_fastrtps_c.h\n'}
[1.547075] (px4_msgs) StdoutLine: {'line': b'-- Up-to-date: /home/px4/ros2/ws/install/px4_msgs/include/px4_msgs/px4_msgs/msg/detail/sensor_mag__rosidl_typesupport_fastrtps_c.h\n'}
[1.547141] (px4_msgs) StdoutLine: {'line': b'-- Up-to-date: /home/px4/ros2/ws/install/px4_msgs/include/px4_msgs/px4_msgs/msg/detail/fixed_wing_runway_control__rosidl_typesupport_fastrtps_c.h\n'}
[1.547209] (px4_msgs) StdoutLine: {'line': b'-- Up-to-date: /home/px4/ros2/ws/install/px4_msgs/include/px4_msgs/px4_msgs/msg/detail/magnetometer_bias_estimate__rosidl_typesupport_fastrtps_c.h\n'}
[1.547269] (px4_msgs) StdoutLine: {'line': b'-- Up-to-date: /home/px4/ros2/ws/install/px4_msgs/include/px4_msgs/px4_msgs/msg/detail/debug_value__rosidl_typesupport_fastrtps_c.h\n'}
[1.547345] (px4_msgs) StdoutLine: {'line': b'-- Up-to-date: /home/px4/ros2/ws/install/px4_msgs/include/px4_msgs/px4_msgs/msg/detail/takeoff_status__rosidl_typesupport_fastrtps_c.h\n'}
[1.547410] (px4_msgs) StdoutLine: {'line': b'-- Up-to-date: /home/px4/ros2/ws/install/px4_msgs/include/px4_msgs/px4_msgs/msg/detail/autotune_attitude_control_status__rosidl_typesupport_fastrtps_c.h\n'}
[1.547470] (px4_msgs) StdoutLine: {'line': b'-- Up-to-date: /home/px4/ros2/ws/install/px4_msgs/include/px4_msgs/px4_msgs/msg/detail/position_setpoint_triplet__rosidl_typesupport_fastrtps_c.h\n'}
[1.547546] (px4_msgs) StdoutLine: {'line': b'-- Up-to-date: /home/px4/ros2/ws/install/px4_msgs/include/px4_msgs/px4_msgs/msg/detail/mission__rosidl_typesupport_fastrtps_c.h\n'}
[1.547616] (px4_msgs) StdoutLine: {'line': b'-- Up-to-date: /home/px4/ros2/ws/install/px4_msgs/include/px4_msgs/px4_msgs/msg/detail/gpio_request__rosidl_typesupport_fastrtps_c.h\n'}
[1.547678] (px4_msgs) StdoutLine: {'line': b'-- Up-to-date: /home/px4/ros2/ws/install/px4_msgs/include/px4_msgs/px4_msgs/msg/detail/pwm_input__rosidl_typesupport_fastrtps_c.h\n'}
[1.547741] (px4_msgs) StdoutLine: {'line': b'-- Up-to-date: /home/px4/ros2/ws/install/px4_msgs/include/px4_msgs/px4_msgs/msg/detail/sensor_correction__rosidl_typesupport_fastrtps_c.h\n'}
[1.547798] (px4_msgs) StdoutLine: {'line': b'-- Up-to-date: /home/px4/ros2/ws/install/px4_msgs/include/px4_msgs/px4_msgs/msg/detail/sensors_status__rosidl_typesupport_fastrtps_c.h\n'}
[1.547884] (px4_msgs) StdoutLine: {'line': b'-- Up-to-date: /home/px4/ros2/ws/install/px4_msgs/include/px4_msgs/px4_msgs/msg/detail/fixed_wing_lateral_setpoint__rosidl_typesupport_fastrtps_c.h\n'}
[1.547955] (px4_msgs) StdoutLine: {'line': b'-- Up-to-date: /home/px4/ros2/ws/install/px4_msgs/include/px4_msgs/px4_msgs/msg/detail/parameter_reset_request__rosidl_typesupport_fastrtps_c.h\n'}
[1.548010] (px4_msgs) StdoutLine: {'line': b'-- Up-to-date: /home/px4/ros2/ws/install/px4_msgs/include/px4_msgs/px4_msgs/msg/detail/dataman_request__rosidl_typesupport_fastrtps_c.h\n'}
[1.548072] (px4_msgs) StdoutLine: {'line': b'-- Up-to-date: /home/px4/ros2/ws/install/px4_msgs/include/px4_msgs/px4_msgs/msg/detail/register_ext_component_reply__rosidl_typesupport_fastrtps_c.h\n'}
[1.548153] (px4_msgs) StdoutLine: {'line': b'-- Up-to-date: /home/px4/ros2/ws/install/px4_msgs/include/px4_msgs/px4_msgs/msg/detail/actuator_armed__rosidl_typesupport_fastrtps_c.h\n'}
[1.548215] (px4_msgs) StdoutLine: {'line': b'-- Up-to-date: /home/px4/ros2/ws/install/px4_msgs/include/px4_msgs/px4_msgs/msg/detail/navigator_status__rosidl_typesupport_fastrtps_c.h\n'}
[1.548277] (px4_msgs) StdoutLine: {'line': b'-- Up-to-date: /home/px4/ros2/ws/install/px4_msgs/include/px4_msgs/px4_msgs/msg/detail/vehicle_imu_status__rosidl_typesupport_fastrtps_c.h\n'}
[1.548348] (px4_msgs) StdoutLine: {'line': b'-- Up-to-date: /home/px4/ros2/ws/install/px4_msgs/include/px4_msgs/px4_msgs/msg/detail/rover_velocity_status__rosidl_typesupport_fastrtps_c.h\n'}
[1.548421] (px4_msgs) StdoutLine: {'line': b'-- Up-to-date: /home/px4/ros2/ws/install/px4_msgs/include/px4_msgs/px4_msgs/msg/detail/orb_test_large__rosidl_typesupport_fastrtps_c.h\n'}
[1.548487] (px4_msgs) StdoutLine: {'line': b'-- Up-to-date: /home/px4/ros2/ws/install/px4_msgs/include/px4_msgs/px4_msgs/msg/detail/collision_constraints__rosidl_typesupport_fastrtps_c.h\n'}
[1.548566] (px4_msgs) StdoutLine: {'line': b'-- Up-to-date: /home/px4/ros2/ws/install/px4_msgs/include/px4_msgs/px4_msgs/msg/detail/estimator_status_flags__rosidl_typesupport_fastrtps_c.h\n'}
[1.548629] (px4_msgs) StdoutLine: {'line': b'-- Up-to-date: /home/px4/ros2/ws/install/px4_msgs/include/px4_msgs/px4_msgs/msg/detail/estimator_aid_source3d__rosidl_typesupport_fastrtps_c.h\n'}
[1.548710] (px4_msgs) StdoutLine: {'line': b'-- Up-to-date: /home/px4/ros2/ws/install/px4_msgs/include/px4_msgs/px4_msgs/msg/detail/ulog_stream_ack__rosidl_typesupport_fastrtps_c.h\n'}
[1.548770] (px4_msgs) StdoutLine: {'line': b'-- Up-to-date: /home/px4/ros2/ws/install/px4_msgs/include/px4_msgs/px4_msgs/msg/detail/sensor_airflow__rosidl_typesupport_fastrtps_c.h\n'}
[1.548841] (px4_msgs) StdoutLine: {'line': b'-- Up-to-date: /home/px4/ros2/ws/install/px4_msgs/include/px4_msgs/px4_msgs/msg/detail/follow_target__rosidl_typesupport_fastrtps_c.h\n'}
[1.548941] (px4_msgs) StdoutLine: {'line': b'-- Up-to-date: /home/px4/ros2/ws/install/px4_msgs/include/px4_msgs/px4_msgs/msg/detail/goto_setpoint__rosidl_typesupport_fastrtps_c.h\n'}
[1.549003] (px4_msgs) StdoutLine: {'line': b'-- Up-to-date: /home/px4/ros2/ws/install/px4_msgs/include/px4_msgs/px4_msgs/msg/detail/adc_report__rosidl_typesupport_fastrtps_c.h\n'}
[1.549068] (px4_msgs) StdoutLine: {'line': b'-- Up-to-date: /home/px4/ros2/ws/install/px4_msgs/include/px4_msgs/px4_msgs/msg/detail/rover_rate_setpoint__rosidl_typesupport_fastrtps_c.h\n'}
[1.549155] (px4_msgs) StdoutLine: {'line': b'-- Up-to-date: /home/px4/ros2/ws/install/px4_msgs/include/px4_msgs/px4_msgs/msg/detail/mavlink_log__rosidl_typesupport_fastrtps_c.h\n'}
[1.549221] (px4_msgs) StdoutLine: {'line': b'-- Up-to-date: /home/px4/ros2/ws/install/px4_msgs/include/px4_msgs/px4_msgs/msg/detail/longitudinal_control_configuration__rosidl_typesupport_fastrtps_c.h\n'}
[1.549297] (px4_msgs) StdoutLine: {'line': b'-- Up-to-date: /home/px4/ros2/ws/install/px4_msgs/include/px4_msgs/px4_msgs/msg/detail/vehicle_local_position__rosidl_typesupport_fastrtps_c.h\n'}
[1.549360] (px4_msgs) StdoutLine: {'line': b'-- Up-to-date: /home/px4/ros2/ws/install/px4_msgs/include/px4_msgs/px4_msgs/msg/detail/position_controller_status__rosidl_typesupport_fastrtps_c.h\n'}
[1.549438] (px4_msgs) StdoutLine: {'line': b'-- Up-to-date: /home/px4/ros2/ws/install/px4_msgs/include/px4_msgs/px4_msgs/msg/detail/heater_status__rosidl_typesupport_fastrtps_c.h\n'}
[1.549503] (px4_msgs) StdoutLine: {'line': b'-- Up-to-date: /home/px4/ros2/ws/install/px4_msgs/include/px4_msgs/px4_msgs/msg/detail/failure_detector_status__rosidl_typesupport_fastrtps_c.h\n'}
[1.549565] (px4_msgs) StdoutLine: {'line': b'-- Up-to-date: /home/px4/ros2/ws/install/px4_msgs/include/px4_msgs/px4_msgs/msg/detail/parameter_set_value_request__rosidl_typesupport_fastrtps_c.h\n'}
[1.549624] (px4_msgs) StdoutLine: {'line': b'-- Up-to-date: /home/px4/ros2/ws/install/px4_msgs/include/px4_msgs/px4_msgs/msg/detail/estimator_innovations__rosidl_typesupport_fastrtps_c.h\n'}
[1.549682] (px4_msgs) StdoutLine: {'line': b'-- Up-to-date: /home/px4/ros2/ws/install/px4_msgs/include/px4_msgs/px4_msgs/msg/detail/estimator_bias3d__rosidl_typesupport_fastrtps_c.h\n'}
[1.549757] (px4_msgs) StdoutLine: {'line': b'-- Up-to-date: /home/px4/ros2/ws/install/px4_msgs/include/px4_msgs/px4_msgs/msg/detail/vehicle_angular_velocity__rosidl_typesupport_fastrtps_c.h\n'}
[1.549817] (px4_msgs) StdoutLine: {'line': b'-- Up-to-date: /home/px4/ros2/ws/install/px4_msgs/include/px4_msgs/px4_msgs/msg/detail/sensor_combined__rosidl_typesupport_fastrtps_c.h\n'}
[1.549900] (px4_msgs) StdoutLine: {'line': b'-- Up-to-date: /home/px4/ros2/ws/install/px4_msgs/include/px4_msgs/px4_msgs/msg/detail/rate_ctrl_status__rosidl_typesupport_fastrtps_c.h\n'}
[1.549960] (px4_msgs) StdoutLine: {'line': b'-- Up-to-date: /home/px4/ros2/ws/install/px4_msgs/include/px4_msgs/px4_msgs/msg/detail/mag_worker_data__rosidl_typesupport_fastrtps_c.h\n'}
[1.550039] (px4_msgs) StdoutLine: {'line': b'-- Up-to-date: /home/px4/ros2/ws/install/px4_msgs/include/px4_msgs/px4_msgs/msg/detail/uavcan_parameter_value__rosidl_typesupport_fastrtps_c.h\n'}
[1.550109] (px4_msgs) StdoutLine: {'line': b'-- Up-to-date: /home/px4/ros2/ws/install/px4_msgs/include/px4_msgs/px4_msgs/msg/detail/logger_status__rosidl_typesupport_fastrtps_c.h\n'}
[1.550172] (px4_msgs) StdoutLine: {'line': b'-- Up-to-date: /home/px4/ros2/ws/install/px4_msgs/include/px4_msgs/px4_msgs/msg/detail/actuator_motors__rosidl_typesupport_fastrtps_c.h\n'}
[1.550252] (px4_msgs) StdoutLine: {'line': b'-- Up-to-date: /home/px4/ros2/ws/install/px4_msgs/include/px4_msgs/px4_msgs/msg/detail/rc_parameter_map__rosidl_typesupport_fastrtps_c.h\n'}
[1.550316] (px4_msgs) StdoutLine: {'line': b'-- Up-to-date: /home/px4/ros2/ws/install/px4_msgs/include/px4_msgs/px4_msgs/msg/detail/message_format_request__rosidl_typesupport_fastrtps_c.h\n'}
[1.550392] (px4_msgs) StdoutLine: {'line': b'-- Up-to-date: /home/px4/ros2/ws/install/px4_msgs/include/px4_msgs/px4_msgs/msg/detail/sensor_accel_fifo__rosidl_typesupport_fastrtps_c.h\n'}
[1.550457] (px4_msgs) StdoutLine: {'line': b'-- Up-to-date: /home/px4/ros2/ws/install/px4_msgs/include/px4_msgs/px4_msgs/msg/detail/vehicle_land_detected__rosidl_typesupport_fastrtps_c.h\n'}
[1.550519] (px4_msgs) StdoutLine: {'line': b'-- Up-to-date: /home/px4/ros2/ws/install/px4_msgs/include/px4_msgs/px4_msgs/msg/detail/vehicle_optical_flow__rosidl_typesupport_fastrtps_c.h\n'}
[1.550583] (px4_msgs) StdoutLine: {'line': b'-- Up-to-date: /home/px4/ros2/ws/install/px4_msgs/include/px4_msgs/px4_msgs/msg/detail/irlock_report__rosidl_typesupport_fastrtps_c.h\n'}
[1.550644] (px4_msgs) StdoutLine: {'line': b'-- Up-to-date: /home/px4/ros2/ws/install/px4_msgs/include/px4_msgs/px4_msgs/msg/detail/fixed_wing_lateral_status__rosidl_typesupport_fastrtps_c.h\n'}
[1.550708] (px4_msgs) StdoutLine: {'line': b'-- Up-to-date: /home/px4/ros2/ws/install/px4_msgs/include/px4_msgs/px4_msgs/msg/detail/landing_gear__rosidl_typesupport_fastrtps_c.h\n'}
[1.550769] (px4_msgs) StdoutLine: {'line': b'-- Up-to-date: /home/px4/ros2/ws/install/px4_msgs/include/px4_msgs/px4_msgs/msg/detail/rover_position_setpoint__rosidl_typesupport_fastrtps_c.h\n'}
[1.550840] (px4_msgs) StdoutLine: {'line': b'-- Up-to-date: /home/px4/ros2/ws/install/px4_msgs/include/px4_msgs/px4_msgs/msg/detail/cellular_status__rosidl_typesupport_fastrtps_c.h\n'}
[1.550906] (px4_msgs) StdoutLine: {'line': b'-- Up-to-date: /home/px4/ros2/ws/install/px4_msgs/include/px4_msgs/px4_msgs/msg/detail/sensor_optical_flow__rosidl_typesupport_fastrtps_c.h\n'}
[1.550971] (px4_msgs) StdoutLine: {'line': b'-- Up-to-date: /home/px4/ros2/ws/install/px4_msgs/include/px4_msgs/px4_msgs/msg/detail/gps_inject_data__rosidl_typesupport_fastrtps_c.h\n'}
[1.551074] (px4_msgs) StdoutLine: {'line': b'-- Up-to-date: /home/px4/ros2/ws/install/px4_msgs/include/px4_msgs/px4_msgs/msg/detail/gpio_in__rosidl_typesupport_fastrtps_c.h\n'}
[1.551137] (px4_msgs) StdoutLine: {'line': b'-- Up-to-date: /home/px4/ros2/ws/install/px4_msgs/include/px4_msgs/px4_msgs/msg/detail/button_event__rosidl_typesupport_fastrtps_c.h\n'}
[1.551212] (px4_msgs) StdoutLine: {'line': b'-- Up-to-date: /home/px4/ros2/ws/install/px4_msgs/include/px4_msgs/px4_msgs/msg/detail/cpuload__rosidl_typesupport_fastrtps_c.h\n'}
[1.551278] (px4_msgs) StdoutLine: {'line': b'-- Up-to-date: /home/px4/ros2/ws/install/px4_msgs/include/px4_msgs/px4_msgs/msg/detail/estimator_status__rosidl_typesupport_fastrtps_c.h\n'}
[1.551344] (px4_msgs) StdoutLine: {'line': b'-- Up-to-date: /home/px4/ros2/ws/install/px4_msgs/include/px4_msgs/px4_msgs/msg/detail/telemetry_status__rosidl_typesupport_fastrtps_c.h\n'}
[1.551417] (px4_msgs) StdoutLine: {'line': b'-- Up-to-date: /home/px4/ros2/ws/install/px4_msgs/include/px4_msgs/px4_msgs/msg/detail/gimbal_manager_information__rosidl_typesupport_fastrtps_c.h\n'}
[1.551503] (px4_msgs) StdoutLine: {'line': b'-- Up-to-date: /home/px4/ros2/ws/install/px4_msgs/include/px4_msgs/px4_msgs/msg/detail/vehicle_control_mode__rosidl_typesupport_fastrtps_c.h\n'}
[1.551577] (px4_msgs) StdoutLine: {'line': b'-- Up-to-date: /home/px4/ros2/ws/install/px4_msgs/include/px4_msgs/px4_msgs/msg/detail/follow_target_estimator__rosidl_typesupport_fastrtps_c.h\n'}
[1.551647] (px4_msgs) StdoutLine: {'line': b'-- Up-to-date: /home/px4/ros2/ws/install/px4_msgs/include/px4_msgs/px4_msgs/msg/detail/vehicle_angular_acceleration_setpoint__rosidl_typesupport_fastrtps_c.h\n'}
[1.551712] (px4_msgs) StdoutLine: {'line': b'-- Up-to-date: /home/px4/ros2/ws/install/px4_msgs/include/px4_msgs/px4_msgs/msg/detail/sensor_baro__rosidl_typesupport_fastrtps_c.h\n'}
[1.551786] (px4_msgs) StdoutLine: {'line': b'-- Up-to-date: /home/px4/ros2/ws/install/px4_msgs/include/px4_msgs/px4_msgs/msg/detail/battery_status__rosidl_typesupport_fastrtps_c.h\n'}
[1.551896] (px4_msgs) StdoutLine: {'line': b'-- Up-to-date: /home/px4/ros2/ws/install/px4_msgs/include/px4_msgs/px4_msgs/msg/detail/register_ext_component_request__rosidl_typesupport_fastrtps_c.h\n'}
[1.551986] (px4_msgs) StdoutLine: {'line': b'-- Up-to-date: /home/px4/ros2/ws/install/px4_msgs/include/px4_msgs/px4_msgs/msg/detail/tune_control__rosidl_typesupport_fastrtps_c.h\n'}
[1.552041] (px4_msgs) StdoutLine: {'line': b'-- Up-to-date: /home/px4/ros2/ws/install/px4_msgs/include/px4_msgs/px4_msgs/msg/detail/mission_result__rosidl_typesupport_fastrtps_c.h\n'}
[1.552116] (px4_msgs) StdoutLine: {'line': b'-- Up-to-date: /home/px4/ros2/ws/install/px4_msgs/include/px4_msgs/px4_msgs/msg/detail/fuel_tank_status__rosidl_typesupport_fastrtps_c.h\n'}
[1.552174] (px4_msgs) StdoutLine: {'line': b'-- Up-to-date: /home/px4/ros2/ws/install/px4_msgs/include/px4_msgs/px4_msgs/msg/detail/airspeed__rosidl_typesupport_fastrtps_c.h\n'}
[1.552252] (px4_msgs) StdoutLine: {'line': b'-- Up-to-date: /home/px4/ros2/ws/install/px4_msgs/include/px4_msgs/px4_msgs/msg/detail/obstacle_distance__rosidl_typesupport_fastrtps_c.h\n'}
[1.552317] (px4_msgs) StdoutLine: {'line': b'-- Up-to-date: /home/px4/ros2/ws/install/px4_msgs/include/px4_msgs/px4_msgs/msg/detail/airspeed_validated__rosidl_typesupport_fastrtps_c.h\n'}
[1.552380] (px4_msgs) StdoutLine: {'line': b'-- Up-to-date: /home/px4/ros2/ws/install/px4_msgs/include/px4_msgs/px4_msgs/msg/detail/vehicle_imu__rosidl_typesupport_fastrtps_c.h\n'}
[1.552458] (px4_msgs) StdoutLine: {'line': b'-- Up-to-date: /home/px4/ros2/ws/install/px4_msgs/include/px4_msgs/px4_msgs/msg/detail/orb_test_medium__rosidl_typesupport_fastrtps_c.h\n'}
[1.552529] (px4_msgs) StdoutLine: {'line': b'-- Up-to-date: /home/px4/ros2/ws/install/px4_msgs/include/px4_msgs/px4_msgs/msg/detail/manual_control_setpoint__rosidl_typesupport_fastrtps_c.h\n'}
[1.552594] (px4_msgs) StdoutLine: {'line': b'-- Up-to-date: /home/px4/ros2/ws/install/px4_msgs/include/px4_msgs/px4_msgs/msg/detail/rover_velocity_setpoint__rosidl_typesupport_fastrtps_c.h\n'}
[1.552656] (px4_msgs) StdoutLine: {'line': b'-- Up-to-date: /home/px4/ros2/ws/install/px4_msgs/include/px4_msgs/px4_msgs/msg/detail/vehicle_global_position__rosidl_typesupport_fastrtps_c.h\n'}
[1.552721] (px4_msgs) StdoutLine: {'line': b'-- Up-to-date: /home/px4/ros2/ws/install/px4_msgs/include/px4_msgs/px4_msgs/msg/detail/debug_key_value__rosidl_typesupport_fastrtps_c.h\n'}
[1.552782] (px4_msgs) StdoutLine: {'line': b'-- Up-to-date: /home/px4/ros2/ws/install/px4_msgs/include/px4_msgs/px4_msgs/msg/detail/estimator_gps_status__rosidl_typesupport_fastrtps_c.h\n'}
[1.552844] (px4_msgs) StdoutLine: {'line': b'-- Up-to-date: /home/px4/ros2/ws/install/px4_msgs/include/px4_msgs/px4_msgs/msg/detail/sensors_status_imu__rosidl_typesupport_fastrtps_c.h\n'}
[1.552912] (px4_msgs) StdoutLine: {'line': b'-- Up-to-date: /home/px4/ros2/ws/install/px4_msgs/include/px4_msgs/px4_msgs/msg/detail/tiltrotor_extra_controls__rosidl_typesupport_fastrtps_c.h\n'}
[1.552972] (px4_msgs) StdoutLine: {'line': b'-- Up-to-date: /home/px4/ros2/ws/install/px4_msgs/include/px4_msgs/px4_msgs/msg/detail/fixed_wing_longitudinal_setpoint__rosidl_typesupport_fastrtps_c.h\n'}
[1.553033] (px4_msgs) StdoutLine: {'line': b'-- Up-to-date: /home/px4/ros2/ws/install/px4_msgs/include/px4_msgs/px4_msgs/msg/detail/log_message__rosidl_typesupport_fastrtps_c.h\n'}
[1.553092] (px4_msgs) StdoutLine: {'line': b'-- Up-to-date: /home/px4/ros2/ws/install/px4_msgs/include/px4_msgs/px4_msgs/msg/detail/rtl_time_estimate__rosidl_typesupport_fastrtps_c.h\n'}
[1.553154] (px4_msgs) StdoutLine: {'line': b'-- Up-to-date: /home/px4/ros2/ws/install/px4_msgs/include/px4_msgs/px4_msgs/msg/detail/generator_status__rosidl_typesupport_fastrtps_c.h\n'}
[1.553211] (px4_msgs) StdoutLine: {'line': b'-- Up-to-date: /home/px4/ros2/ws/install/px4_msgs/include/px4_msgs/px4_msgs/msg/detail/internal_combustion_engine_status__rosidl_typesupport_fastrtps_c.h\n'}
[1.553299] (px4_msgs) StdoutLine: {'line': b'-- Up-to-date: /home/px4/ros2/ws/install/px4_msgs/include/px4_msgs/px4_msgs/msg/detail/timesync_status__rosidl_typesupport_fastrtps_c.h\n'}
[1.553363] (px4_msgs) StdoutLine: {'line': b'-- Up-to-date: /home/px4/ros2/ws/install/px4_msgs/include/px4_msgs/px4_msgs/msg/detail/neural_control__rosidl_typesupport_fastrtps_c.h\n'}
[1.553437] (px4_msgs) StdoutLine: {'line': b'-- Up-to-date: /home/px4/ros2/ws/install/px4_msgs/include/px4_msgs/px4_msgs/msg/detail/rpm__rosidl_typesupport_fastrtps_c.h\n'}
[1.553512] (px4_msgs) StdoutLine: {'line': b'-- Up-to-date: /home/px4/ros2/ws/install/px4_msgs/include/px4_msgs/px4_msgs/msg/detail/actuator_controls_status__rosidl_typesupport_fastrtps_c.h\n'}
[1.553576] (px4_msgs) StdoutLine: {'line': b'-- Up-to-date: /home/px4/ros2/ws/install/px4_msgs/include/px4_msgs/px4_msgs/msg/detail/system_power__rosidl_typesupport_fastrtps_c.h\n'}
[1.553639] (px4_msgs) StdoutLine: {'line': b'-- Up-to-date: /home/px4/ros2/ws/install/px4_msgs/include/px4_msgs/px4_msgs/msg/detail/vehicle_roi__rosidl_typesupport_fastrtps_c.h\n'}
[1.553714] (px4_msgs) StdoutLine: {'line': b'-- Up-to-date: /home/px4/ros2/ws/install/px4_msgs/include/px4_msgs/px4_msgs/msg/detail/vehicle_command_ack__rosidl_typesupport_fastrtps_c.h\n'}
[1.553774] (px4_msgs) StdoutLine: {'line': b'-- Up-to-date: /home/px4/ros2/ws/install/px4_msgs/include/px4_msgs/px4_msgs/msg/detail/estimator_event_flags__rosidl_typesupport_fastrtps_c.h\n'}
[1.553850] (px4_msgs) StdoutLine: {'line': b'-- Up-to-date: /home/px4/ros2/ws/install/px4_msgs/include/px4_msgs/px4_msgs/msg/detail/parameter_set_used_request__rosidl_typesupport_fastrtps_c.h\n'}
[1.553927] (px4_msgs) StdoutLine: {'line': b'-- Up-to-date: /home/px4/ros2/ws/install/px4_msgs/include/px4_msgs/px4_msgs/msg/detail/esc_report__rosidl_typesupport_fastrtps_c.h\n'}
[1.553991] (px4_msgs) StdoutLine: {'line': b'-- Up-to-date: /home/px4/ros2/ws/install/px4_msgs/include/px4_msgs/px4_msgs/msg/detail/health_report__rosidl_typesupport_fastrtps_c.h\n'}
[1.554064] (px4_msgs) StdoutLine: {'line': b'-- Up-to-date: /home/px4/ros2/ws/install/px4_msgs/include/px4_msgs/px4_msgs/msg/detail/sensor_gnss_relative__rosidl_typesupport_fastrtps_c.h\n'}
[1.554134] (px4_msgs) StdoutLine: {'line': b'-- Up-to-date: /home/px4/ros2/ws/install/px4_msgs/include/px4_msgs/px4_msgs/msg/detail/camera_status__rosidl_typesupport_fastrtps_c.h\n'}
[1.554198] (px4_msgs) StdoutLine: {'line': b'-- Up-to-date: /home/px4/ros2/ws/install/px4_msgs/include/px4_msgs/px4_msgs/msg/detail/estimator_selector_status__rosidl_typesupport_fastrtps_c.h\n'}
[1.554262] (px4_msgs) StdoutLine: {'line': b'-- Up-to-date: /home/px4/ros2/ws/install/px4_msgs/include/px4_msgs/px4_msgs/msg/detail/vehicle_rates_setpoint__rosidl_typesupport_fastrtps_c.h\n'}
[1.554324] (px4_msgs) StdoutLine: {'line': b'-- Up-to-date: /home/px4/ros2/ws/install/px4_msgs/include/px4_msgs/px4_msgs/msg/detail/task_stack_info__rosidl_typesupport_fastrtps_c.h\n'}
[1.554387] (px4_msgs) StdoutLine: {'line': b'-- Up-to-date: /home/px4/ros2/ws/install/px4_msgs/include/px4_msgs/px4_msgs/msg/detail/power_monitor__rosidl_typesupport_fastrtps_c.h\n'}
[1.554468] (px4_msgs) StdoutLine: {'line': b'-- Up-to-date: /home/px4/ros2/ws/install/px4_msgs/include/px4_msgs/px4_msgs/msg/detail/vehicle_optical_flow_vel__rosidl_typesupport_fastrtps_c.h\n'}
[1.554535] (px4_msgs) StdoutLine: {'line': b'-- Up-to-date: /home/px4/ros2/ws/install/px4_msgs/include/px4_msgs/px4_msgs/msg/detail/lateral_control_configuration__rosidl_typesupport_fastrtps_c.h\n'}
[1.554600] (px4_msgs) StdoutLine: {'line': b'-- Up-to-date: /home/px4/ros2/ws/install/px4_msgs/include/px4_msgs/px4_msgs/msg/detail/estimator_aid_source1d__rosidl_typesupport_fastrtps_c.h\n'}
[1.554680] (px4_msgs) StdoutLine: {'line': b'-- Up-to-date: /home/px4/ros2/ws/install/px4_msgs/include/px4_msgs/px4_msgs/msg/detail/dataman_response__rosidl_typesupport_fastrtps_c.h\n'}
[1.554747] (px4_msgs) StdoutLine: {'line': b'-- Up-to-date: /home/px4/ros2/ws/install/px4_msgs/include/px4_msgs/px4_msgs/msg/detail/estimator_bias__rosidl_typesupport_fastrtps_c.h\n'}
[1.554810] (px4_msgs) StdoutLine: {'line': b'-- Up-to-date: /home/px4/ros2/ws/install/px4_msgs/include/px4_msgs/px4_msgs/msg/detail/input_rc__rosidl_typesupport_fastrtps_c.h\n'}
[1.554894] (px4_msgs) StdoutLine: {'line': b'-- Up-to-date: /home/px4/ros2/ws/install/px4_msgs/include/px4_msgs/px4_msgs/msg/detail/yaw_estimator_status__rosidl_typesupport_fastrtps_c.h\n'}
[1.554970] (px4_msgs) StdoutLine: {'line': b'-- Up-to-date: /home/px4/ros2/ws/install/px4_msgs/include/px4_msgs/px4_msgs/msg/detail/offboard_control_mode__rosidl_typesupport_fastrtps_c.h\n'}
[1.555034] (px4_msgs) StdoutLine: {'line': b'-- Up-to-date: /home/px4/ros2/ws/install/px4_msgs/include/px4_msgs/px4_msgs/msg/detail/geofence_status__rosidl_typesupport_fastrtps_c.h\n'}
[1.555104] (px4_msgs) StdoutLine: {'line': b'-- Up-to-date: /home/px4/ros2/ws/install/px4_msgs/include/px4_msgs/px4_msgs/msg/detail/sensor_hygrometer__rosidl_typesupport_fastrtps_c.h\n'}
[1.555165] (px4_msgs) StdoutLine: {'line': b'-- Up-to-date: /home/px4/ros2/ws/install/px4_msgs/include/px4_msgs/px4_msgs/msg/detail/satellite_info__rosidl_typesupport_fastrtps_c.h\n'}
[1.555227] (px4_msgs) StdoutLine: {'line': b'-- Up-to-date: /home/px4/ros2/ws/install/px4_msgs/include/px4_msgs/px4_msgs/msg/rosidl_typesupport_fastrtps_c__visibility_control.h\n'}
[1.555289] (px4_msgs) StdoutLine: {'line': b'-- Up-to-date: /home/px4/ros2/ws/install/px4_msgs/include/px4_msgs/px4_msgs/srv\n'}
[1.555352] (px4_msgs) StdoutLine: {'line': b'-- Up-to-date: /home/px4/ros2/ws/install/px4_msgs/include/px4_msgs/px4_msgs/srv/detail\n'}
[1.555410] (px4_msgs) StdoutLine: {'line': b'-- Up-to-date: /home/px4/ros2/ws/install/px4_msgs/include/px4_msgs/px4_msgs/srv/detail/vehicle_command__rosidl_typesupport_fastrtps_c.h\n'}
[1.555465] (px4_msgs) StdoutLine: {'line': b'-- Up-to-date: /home/px4/ros2/ws/install/px4_msgs/lib/libpx4_msgs__rosidl_typesupport_fastrtps_c.so\n'}
[1.555539] (px4_msgs) StdoutLine: {'line': b'-- Up-to-date: /home/px4/ros2/ws/install/px4_msgs/include/px4_msgs/px4_msgs\n'}
[1.555615] (px4_msgs) StdoutLine: {'line': b'-- Up-to-date: /home/px4/ros2/ws/install/px4_msgs/include/px4_msgs/px4_msgs/msg\n'}
[1.555677] (px4_msgs) StdoutLine: {'line': b'-- Up-to-date: /home/px4/ros2/ws/install/px4_msgs/include/px4_msgs/px4_msgs/msg/parameter_update.hpp\n'}
[1.555740] (px4_msgs) StdoutLine: {'line': b'-- Up-to-date: /home/px4/ros2/ws/install/px4_msgs/include/px4_msgs/px4_msgs/msg/sensor_accel_fifo.hpp\n'}
[1.555788] (px4_msgs) StdoutLine: {'line': b'-- Up-to-date: /home/px4/ros2/ws/install/px4_msgs/include/px4_msgs/px4_msgs/msg/tiltrotor_extra_controls.hpp\n'}
[1.555835] (px4_msgs) StdoutLine: {'line': b'-- Up-to-date: /home/px4/ros2/ws/install/px4_msgs/include/px4_msgs/px4_msgs/msg/debug_value.hpp\n'}
[1.555894] (px4_msgs) StdoutLine: {'line': b'-- Up-to-date: /home/px4/ros2/ws/install/px4_msgs/include/px4_msgs/px4_msgs/msg/tecs_status.hpp\n'}
[1.555952] (px4_msgs) StdoutLine: {'line': b'-- Up-to-date: /home/px4/ros2/ws/install/px4_msgs/include/px4_msgs/px4_msgs/msg/lateral_control_configuration.hpp\n'}
[1.556000] (px4_msgs) StdoutLine: {'line': b'-- Up-to-date: /home/px4/ros2/ws/install/px4_msgs/include/px4_msgs/px4_msgs/msg/gripper.hpp\n'}
[1.556057] (px4_msgs) StdoutLine: {'line': b'-- Up-to-date: /home/px4/ros2/ws/install/px4_msgs/include/px4_msgs/px4_msgs/msg/vehicle_local_position_setpoint.hpp\n'}
[1.556120] (px4_msgs) StdoutLine: {'line': b'-- Up-to-date: /home/px4/ros2/ws/install/px4_msgs/include/px4_msgs/px4_msgs/msg/airspeed_validated.hpp\n'}
[1.556168] (px4_msgs) StdoutLine: {'line': b'-- Up-to-date: /home/px4/ros2/ws/install/px4_msgs/include/px4_msgs/px4_msgs/msg/velocity_limits.hpp\n'}
[1.556216] (px4_msgs) StdoutLine: {'line': b'-- Up-to-date: /home/px4/ros2/ws/install/px4_msgs/include/px4_msgs/px4_msgs/msg/qshell_retval.hpp\n'}
[1.556262] (px4_msgs) StdoutLine: {'line': b'-- Up-to-date: /home/px4/ros2/ws/install/px4_msgs/include/px4_msgs/px4_msgs/msg/navigator_mission_item.hpp\n'}
[1.556317] (px4_msgs) StdoutLine: {'line': b'-- Up-to-date: /home/px4/ros2/ws/install/px4_msgs/include/px4_msgs/px4_msgs/msg/vehicle_optical_flow_vel.hpp\n'}
[1.556363] (px4_msgs) StdoutLine: {'line': b'-- Up-to-date: /home/px4/ros2/ws/install/px4_msgs/include/px4_msgs/px4_msgs/msg/heater_status.hpp\n'}
[1.556408] (px4_msgs) StdoutLine: {'line': b'-- Up-to-date: /home/px4/ros2/ws/install/px4_msgs/include/px4_msgs/px4_msgs/msg/vehicle_thrust_setpoint.hpp\n'}
[1.556454] (px4_msgs) StdoutLine: {'line': b'-- Up-to-date: /home/px4/ros2/ws/install/px4_msgs/include/px4_msgs/px4_msgs/msg/internal_combustion_engine_control.hpp\n'}
[1.556501] (px4_msgs) StdoutLine: {'line': b'-- Up-to-date: /home/px4/ros2/ws/install/px4_msgs/include/px4_msgs/px4_msgs/msg/transponder_report.hpp\n'}
[1.556546] (px4_msgs) StdoutLine: {'line': b'-- Up-to-date: /home/px4/ros2/ws/install/px4_msgs/include/px4_msgs/px4_msgs/msg/fuel_tank_status.hpp\n'}
[1.556608] (px4_msgs) StdoutLine: {'line': b'-- Up-to-date: /home/px4/ros2/ws/install/px4_msgs/include/px4_msgs/px4_msgs/msg/uavcan_parameter_request.hpp\n'}
[1.556654] (px4_msgs) StdoutLine: {'line': b'-- Up-to-date: /home/px4/ros2/ws/install/px4_msgs/include/px4_msgs/px4_msgs/msg/position_controller_status.hpp\n'}
[1.556700] (px4_msgs) StdoutLine: {'line': b'-- Up-to-date: /home/px4/ros2/ws/install/px4_msgs/include/px4_msgs/px4_msgs/msg/onboard_computer_status.hpp\n'}
[1.556745] (px4_msgs) StdoutLine: {'line': b'-- Up-to-date: /home/px4/ros2/ws/install/px4_msgs/include/px4_msgs/px4_msgs/msg/message_format_response.hpp\n'}
[1.556790] (px4_msgs) StdoutLine: {'line': b'-- Up-to-date: /home/px4/ros2/ws/install/px4_msgs/include/px4_msgs/px4_msgs/msg/fixed_wing_lateral_setpoint.hpp\n'}
[1.556841] (px4_msgs) StdoutLine: {'line': b'-- Up-to-date: /home/px4/ros2/ws/install/px4_msgs/include/px4_msgs/px4_msgs/msg/rtl_time_estimate.hpp\n'}
[1.556903] (px4_msgs) StdoutLine: {'line': b'-- Up-to-date: /home/px4/ros2/ws/install/px4_msgs/include/px4_msgs/px4_msgs/msg/iridiumsbd_status.hpp\n'}
[1.556953] (px4_msgs) StdoutLine: {'line': b'-- Up-to-date: /home/px4/ros2/ws/install/px4_msgs/include/px4_msgs/px4_msgs/msg/rover_attitude_setpoint.hpp\n'}
[1.557001] (px4_msgs) StdoutLine: {'line': b'-- Up-to-date: /home/px4/ros2/ws/install/px4_msgs/include/px4_msgs/px4_msgs/msg/open_drone_id_system.hpp\n'}
[1.557046] (px4_msgs) StdoutLine: {'line': b'-- Up-to-date: /home/px4/ros2/ws/install/px4_msgs/include/px4_msgs/px4_msgs/msg/vehicle_attitude.hpp\n'}
[1.557111] (px4_msgs) StdoutLine: {'line': b'-- Up-to-date: /home/px4/ros2/ws/install/px4_msgs/include/px4_msgs/px4_msgs/msg/arming_check_request.hpp\n'}
[1.557175] (px4_msgs) StdoutLine: {'line': b'-- Up-to-date: /home/px4/ros2/ws/install/px4_msgs/include/px4_msgs/px4_msgs/msg/gpio_config.hpp\n'}
[1.557223] (px4_msgs) StdoutLine: {'line': b'-- Up-to-date: /home/px4/ros2/ws/install/px4_msgs/include/px4_msgs/px4_msgs/msg/sensor_gnss_relative.hpp\n'}
[1.557270] (px4_msgs) StdoutLine: {'line': b'-- Up-to-date: /home/px4/ros2/ws/install/px4_msgs/include/px4_msgs/px4_msgs/msg/sensor_gyro_fifo.hpp\n'}
[1.557317] (px4_msgs) StdoutLine: {'line': b'-- Up-to-date: /home/px4/ros2/ws/install/px4_msgs/include/px4_msgs/px4_msgs/msg/detail\n'}
[1.557363] (px4_msgs) StdoutLine: {'line': b'-- Up-to-date: /home/px4/ros2/ws/install/px4_msgs/include/px4_msgs/px4_msgs/msg/detail/neural_control__struct.hpp\n'}
[1.557423] (px4_msgs) StdoutLine: {'line': b'-- Up-to-date: /home/px4/ros2/ws/install/px4_msgs/include/px4_msgs/px4_msgs/msg/detail/estimator_bias3d__traits.hpp\n'}
[1.557478] (px4_msgs) StdoutLine: {'line': b'-- Up-to-date: /home/px4/ros2/ws/install/px4_msgs/include/px4_msgs/px4_msgs/msg/detail/parameter_set_used_request__type_support.hpp\n'}
[1.557542] (px4_msgs) StdoutLine: {'line': b'-- Up-to-date: /home/px4/ros2/ws/install/px4_msgs/include/px4_msgs/px4_msgs/msg/detail/task_stack_info__traits.hpp\n'}
[1.557604] (px4_msgs) StdoutLine: {'line': b'-- Up-to-date: /home/px4/ros2/ws/install/px4_msgs/include/px4_msgs/px4_msgs/msg/detail/estimator_bias__traits.hpp\n'}
[1.557702] (px4_msgs) StdoutLine: {'line': b'-- Up-to-date: /home/px4/ros2/ws/install/px4_msgs/include/px4_msgs/px4_msgs/msg/detail/tune_control__type_support.hpp\n'}
[1.557783] (px4_msgs) StdoutLine: {'line': b'-- Up-to-date: /home/px4/ros2/ws/install/px4_msgs/include/px4_msgs/px4_msgs/msg/detail/dronecan_node_status__builder.hpp\n'}
[1.557848] (px4_msgs) StdoutLine: {'line': b'-- Up-to-date: /home/px4/ros2/ws/install/px4_msgs/include/px4_msgs/px4_msgs/msg/detail/normalized_unsigned_setpoint__type_support.hpp\n'}
[1.557957] (px4_msgs) StdoutLine: {'line': b'-- Up-to-date: /home/px4/ros2/ws/install/px4_msgs/include/px4_msgs/px4_msgs/msg/detail/rover_attitude_status__type_support.hpp\n'}
[1.558022] (px4_msgs) StdoutLine: {'line': b'-- Up-to-date: /home/px4/ros2/ws/install/px4_msgs/include/px4_msgs/px4_msgs/msg/detail/irlock_report__traits.hpp\n'}
[1.558111] (px4_msgs) StdoutLine: {'line': b'-- Up-to-date: /home/px4/ros2/ws/install/px4_msgs/include/px4_msgs/px4_msgs/msg/detail/parameter_update__traits.hpp\n'}
[1.558192] (px4_msgs) StdoutLine: {'line': b'-- Up-to-date: /home/px4/ros2/ws/install/px4_msgs/include/px4_msgs/px4_msgs/msg/detail/estimator_aid_source3d__traits.hpp\n'}
[1.558315] (px4_msgs) StdoutLine: {'line': b'-- Up-to-date: /home/px4/ros2/ws/install/px4_msgs/include/px4_msgs/px4_msgs/msg/detail/gimbal_controls__traits.hpp\n'}
[1.558384] (px4_msgs) StdoutLine: {'line': b'-- Up-to-date: /home/px4/ros2/ws/install/px4_msgs/include/px4_msgs/px4_msgs/msg/detail/internal_combustion_engine_control__struct.hpp\n'}
[1.558448] (px4_msgs) StdoutLine: {'line': b'-- Up-to-date: /home/px4/ros2/ws/install/px4_msgs/include/px4_msgs/px4_msgs/msg/detail/sensor_preflight_mag__traits.hpp\n'}
[1.558535] (px4_msgs) StdoutLine: {'line': b'-- Up-to-date: /home/px4/ros2/ws/install/px4_msgs/include/px4_msgs/px4_msgs/msg/detail/sensor_gyro_fifo__traits.hpp\n'}
[1.558627] (px4_msgs) StdoutLine: {'line': b'-- Up-to-date: /home/px4/ros2/ws/install/px4_msgs/include/px4_msgs/px4_msgs/msg/detail/dataman_response__type_support.hpp\n'}
[1.558697] (px4_msgs) StdoutLine: {'line': b'-- Up-to-date: /home/px4/ros2/ws/install/px4_msgs/include/px4_msgs/px4_msgs/msg/detail/system_power__builder.hpp\n'}
[1.558803] (px4_msgs) StdoutLine: {'line': b'-- Up-to-date: /home/px4/ros2/ws/install/px4_msgs/include/px4_msgs/px4_msgs/msg/detail/estimator_states__builder.hpp\n'}
[1.558901] (px4_msgs) StdoutLine: {'line': b'-- Up-to-date: /home/px4/ros2/ws/install/px4_msgs/include/px4_msgs/px4_msgs/msg/detail/ping__builder.hpp\n'}
[1.558986] (px4_msgs) StdoutLine: {'line': b'-- Up-to-date: /home/px4/ros2/ws/install/px4_msgs/include/px4_msgs/px4_msgs/msg/detail/normalized_unsigned_setpoint__traits.hpp\n'}
[1.559050] (px4_msgs) StdoutLine: {'line': b'-- Up-to-date: /home/px4/ros2/ws/install/px4_msgs/include/px4_msgs/px4_msgs/msg/detail/orb_test_large__builder.hpp\n'}
[1.559121] (px4_msgs) StdoutLine: {'line': b'-- Up-to-date: /home/px4/ros2/ws/install/px4_msgs/include/px4_msgs/px4_msgs/msg/detail/gimbal_device_information__type_support.hpp\n'}
[1.559203] (px4_msgs) StdoutLine: {'line': b'-- Up-to-date: /home/px4/ros2/ws/install/px4_msgs/include/px4_msgs/px4_msgs/msg/detail/rtl_time_estimate__traits.hpp\n'}
[1.559275] (px4_msgs) StdoutLine: {'line': b'-- Up-to-date: /home/px4/ros2/ws/install/px4_msgs/include/px4_msgs/px4_msgs/msg/detail/sensor_accel_fifo__struct.hpp\n'}
[1.559362] (px4_msgs) StdoutLine: {'line': b'-- Up-to-date: /home/px4/ros2/ws/install/px4_msgs/include/px4_msgs/px4_msgs/msg/detail/estimator_bias__builder.hpp\n'}
[1.559432] (px4_msgs) StdoutLine: {'line': b'-- Up-to-date: /home/px4/ros2/ws/install/px4_msgs/include/px4_msgs/px4_msgs/msg/detail/estimator_status_flags__type_support.hpp\n'}
[1.559496] (px4_msgs) StdoutLine: {'line': b'-- Up-to-date: /home/px4/ros2/ws/install/px4_msgs/include/px4_msgs/px4_msgs/msg/detail/vehicle_angular_acceleration_setpoint__struct.hpp\n'}
[1.559554] (px4_msgs) StdoutLine: {'line': b'-- Up-to-date: /home/px4/ros2/ws/install/px4_msgs/include/px4_msgs/px4_msgs/msg/detail/generator_status__type_support.hpp\n'}
[1.559640] (px4_msgs) StdoutLine: {'line': b'-- Up-to-date: /home/px4/ros2/ws/install/px4_msgs/include/px4_msgs/px4_msgs/msg/detail/launch_detection_status__type_support.hpp\n'}
[1.559704] (px4_msgs) StdoutLine: {'line': b'-- Up-to-date: /home/px4/ros2/ws/install/px4_msgs/include/px4_msgs/px4_msgs/msg/detail/takeoff_status__traits.hpp\n'}
[1.559776] (px4_msgs) StdoutLine: {'line': b'-- Up-to-date: /home/px4/ros2/ws/install/px4_msgs/include/px4_msgs/px4_msgs/msg/detail/orb_test_medium__type_support.hpp\n'}
[1.559840] (px4_msgs) StdoutLine: {'line': b'-- Up-to-date: /home/px4/ros2/ws/install/px4_msgs/include/px4_msgs/px4_msgs/msg/detail/sensor_combined__traits.hpp\n'}
[1.559912] (px4_msgs) StdoutLine: {'line': b'-- Up-to-date: /home/px4/ros2/ws/install/px4_msgs/include/px4_msgs/px4_msgs/msg/detail/mission_result__type_support.hpp\n'}
[1.559995] (px4_msgs) StdoutLine: {'line': b'-- Up-to-date: /home/px4/ros2/ws/install/px4_msgs/include/px4_msgs/px4_msgs/msg/detail/open_drone_id_self_id__struct.hpp\n'}
[1.560057] (px4_msgs) StdoutLine: {'line': b'-- Up-to-date: /home/px4/ros2/ws/install/px4_msgs/include/px4_msgs/px4_msgs/msg/detail/failsafe_flags__struct.hpp\n'}
[1.560129] (px4_msgs) StdoutLine: {'line': b'-- Up-to-date: /home/px4/ros2/ws/install/px4_msgs/include/px4_msgs/px4_msgs/msg/detail/sensor_combined__builder.hpp\n'}
[1.560187] (px4_msgs) StdoutLine: {'line': b'-- Up-to-date: /home/px4/ros2/ws/install/px4_msgs/include/px4_msgs/px4_msgs/msg/detail/onboard_computer_status__traits.hpp\n'}
[1.560266] (px4_msgs) StdoutLine: {'line': b'-- Up-to-date: /home/px4/ros2/ws/install/px4_msgs/include/px4_msgs/px4_msgs/msg/detail/navigator_status__type_support.hpp\n'}
[1.560350] (px4_msgs) StdoutLine: {'line': b'-- Up-to-date: /home/px4/ros2/ws/install/px4_msgs/include/px4_msgs/px4_msgs/msg/detail/battery_status__traits.hpp\n'}
[1.560409] (px4_msgs) StdoutLine: {'line': b'-- Up-to-date: /home/px4/ros2/ws/install/px4_msgs/include/px4_msgs/px4_msgs/msg/detail/estimator_status__builder.hpp\n'}
[1.560466] (px4_msgs) StdoutLine: {'line': b'-- Up-to-date: /home/px4/ros2/ws/install/px4_msgs/include/px4_msgs/px4_msgs/msg/detail/vehicle_magnetometer__builder.hpp\n'}
[1.560524] (px4_msgs) StdoutLine: {'line': b'-- Up-to-date: /home/px4/ros2/ws/install/px4_msgs/include/px4_msgs/px4_msgs/msg/detail/sensor_preflight_mag__struct.hpp\n'}
[1.560585] (px4_msgs) StdoutLine: {'line': b'-- Up-to-date: /home/px4/ros2/ws/install/px4_msgs/include/px4_msgs/px4_msgs/msg/detail/lateral_control_configuration__traits.hpp\n'}
[1.560642] (px4_msgs) StdoutLine: {'line': b'-- Up-to-date: /home/px4/ros2/ws/install/px4_msgs/include/px4_msgs/px4_msgs/msg/detail/mavlink_tunnel__builder.hpp\n'}
[1.560699] (px4_msgs) StdoutLine: {'line': b'-- Up-to-date: /home/px4/ros2/ws/install/px4_msgs/include/px4_msgs/px4_msgs/msg/detail/estimator_aid_source1d__struct.hpp\n'}
[1.560760] (px4_msgs) StdoutLine: {'line': b'-- Up-to-date: /home/px4/ros2/ws/install/px4_msgs/include/px4_msgs/px4_msgs/msg/detail/iridiumsbd_status__struct.hpp\n'}
[1.560820] (px4_msgs) StdoutLine: {'line': b'-- Up-to-date: /home/px4/ros2/ws/install/px4_msgs/include/px4_msgs/px4_msgs/msg/detail/parameter_set_value_request__struct.hpp\n'}
[1.560890] (px4_msgs) StdoutLine: {'line': b'-- Up-to-date: /home/px4/ros2/ws/install/px4_msgs/include/px4_msgs/px4_msgs/msg/detail/position_controller_landing_status__struct.hpp\n'}
[1.561004] (px4_msgs) StdoutLine: {'line': b'-- Up-to-date: /home/px4/ros2/ws/install/px4_msgs/include/px4_msgs/px4_msgs/msg/detail/ekf2_timestamps__traits.hpp\n'}
[1.561065] (px4_msgs) StdoutLine: {'line': b'-- Up-to-date: /home/px4/ros2/ws/install/px4_msgs/include/px4_msgs/px4_msgs/msg/detail/parameter_reset_request__struct.hpp\n'}
[1.561123] (px4_msgs) StdoutLine: {'line': b'-- Up-to-date: /home/px4/ros2/ws/install/px4_msgs/include/px4_msgs/px4_msgs/msg/detail/rover_rate_setpoint__struct.hpp\n'}
[1.561207] (px4_msgs) StdoutLine: {'line': b'-- Up-to-date: /home/px4/ros2/ws/install/px4_msgs/include/px4_msgs/px4_msgs/msg/detail/power_button_state__builder.hpp\n'}
[1.561271] (px4_msgs) StdoutLine: {'line': b'-- Up-to-date: /home/px4/ros2/ws/install/px4_msgs/include/px4_msgs/px4_msgs/msg/detail/gimbal_manager_set_attitude__type_support.hpp\n'}
[1.561352] (px4_msgs) StdoutLine: {'line': b'-- Up-to-date: /home/px4/ros2/ws/install/px4_msgs/include/px4_msgs/px4_msgs/msg/detail/parameter_set_value_response__builder.hpp\n'}
[1.561423] (px4_msgs) StdoutLine: {'line': b'-- Up-to-date: /home/px4/ros2/ws/install/px4_msgs/include/px4_msgs/px4_msgs/msg/detail/rover_position_setpoint__struct.hpp\n'}
[1.561483] (px4_msgs) StdoutLine: {'line': b'-- Up-to-date: /home/px4/ros2/ws/install/px4_msgs/include/px4_msgs/px4_msgs/msg/detail/sensor_accel__type_support.hpp\n'}
[1.561547] (px4_msgs) StdoutLine: {'line': b'-- Up-to-date: /home/px4/ros2/ws/install/px4_msgs/include/px4_msgs/px4_msgs/msg/detail/estimator_aid_source2d__builder.hpp\n'}
[1.561622] (px4_msgs) StdoutLine: {'line': b'-- Up-to-date: /home/px4/ros2/ws/install/px4_msgs/include/px4_msgs/px4_msgs/msg/detail/obstacle_distance__traits.hpp\n'}
[1.561681] (px4_msgs) StdoutLine: {'line': b'-- Up-to-date: /home/px4/ros2/ws/install/px4_msgs/include/px4_msgs/px4_msgs/msg/detail/power_monitor__struct.hpp\n'}
[1.561745] (px4_msgs) StdoutLine: {'line': b'-- Up-to-date: /home/px4/ros2/ws/install/px4_msgs/include/px4_msgs/px4_msgs/msg/detail/trajectory_setpoint6dof__type_support.hpp\n'}
[1.561815] (px4_msgs) StdoutLine: {'line': b'-- Up-to-date: /home/px4/ros2/ws/install/px4_msgs/include/px4_msgs/px4_msgs/msg/detail/launch_detection_status__struct.hpp\n'}
[1.561883] (px4_msgs) StdoutLine: {'line': b'-- Up-to-date: /home/px4/ros2/ws/install/px4_msgs/include/px4_msgs/px4_msgs/msg/detail/navigator_status__traits.hpp\n'}
[1.561965] (px4_msgs) StdoutLine: {'line': b'-- Up-to-date: /home/px4/ros2/ws/install/px4_msgs/include/px4_msgs/px4_msgs/msg/detail/airspeed_validated__struct.hpp\n'}
[1.562024] (px4_msgs) StdoutLine: {'line': b'-- Up-to-date: /home/px4/ros2/ws/install/px4_msgs/include/px4_msgs/px4_msgs/msg/detail/onboard_computer_status__struct.hpp\n'}
[1.562089] (px4_msgs) StdoutLine: {'line': b'-- Up-to-date: /home/px4/ros2/ws/install/px4_msgs/include/px4_msgs/px4_msgs/msg/detail/autotune_attitude_control_status__struct.hpp\n'}
[1.562147] (px4_msgs) StdoutLine: {'line': b'-- Up-to-date: /home/px4/ros2/ws/install/px4_msgs/include/px4_msgs/px4_msgs/msg/detail/estimator_bias3d__struct.hpp\n'}
[1.562211] (px4_msgs) StdoutLine: {'line': b'-- Up-to-date: /home/px4/ros2/ws/install/px4_msgs/include/px4_msgs/px4_msgs/msg/detail/actuator_outputs__struct.hpp\n'}
[1.562269] (px4_msgs) StdoutLine: {'line': b'-- Up-to-date: /home/px4/ros2/ws/install/px4_msgs/include/px4_msgs/px4_msgs/msg/detail/orb_test__builder.hpp\n'}
[1.562340] (px4_msgs) StdoutLine: {'line': b'-- Up-to-date: /home/px4/ros2/ws/install/px4_msgs/include/px4_msgs/px4_msgs/msg/detail/transponder_report__traits.hpp\n'}
[1.562408] (px4_msgs) StdoutLine: {'line': b'-- Up-to-date: /home/px4/ros2/ws/install/px4_msgs/include/px4_msgs/px4_msgs/msg/detail/actuator_outputs__builder.hpp\n'}
[1.562472] (px4_msgs) StdoutLine: {'line': b'-- Up-to-date: /home/px4/ros2/ws/install/px4_msgs/include/px4_msgs/px4_msgs/msg/detail/rover_position_setpoint__builder.hpp\n'}
[1.562544] (px4_msgs) StdoutLine: {'line': b'-- Up-to-date: /home/px4/ros2/ws/install/px4_msgs/include/px4_msgs/px4_msgs/msg/detail/camera_trigger__struct.hpp\n'}
[1.562616] (px4_msgs) StdoutLine: {'line': b'-- Up-to-date: /home/px4/ros2/ws/install/px4_msgs/include/px4_msgs/px4_msgs/msg/detail/tecs_status__struct.hpp\n'}
[1.562676] (px4_msgs) StdoutLine: {'line': b'-- Up-to-date: /home/px4/ros2/ws/install/px4_msgs/include/px4_msgs/px4_msgs/msg/detail/rtl_status__traits.hpp\n'}
[1.562747] (px4_msgs) StdoutLine: {'line': b'-- Up-to-date: /home/px4/ros2/ws/install/px4_msgs/include/px4_msgs/px4_msgs/msg/detail/distance_sensor_mode_change_request__traits.hpp\n'}
[1.562806] (px4_msgs) StdoutLine: {'line': b'-- Up-to-date: /home/px4/ros2/ws/install/px4_msgs/include/px4_msgs/px4_msgs/msg/detail/uavcan_parameter_value__type_support.hpp\n'}
[1.562877] (px4_msgs) StdoutLine: {'line': b'-- Up-to-date: /home/px4/ros2/ws/install/px4_msgs/include/px4_msgs/px4_msgs/msg/detail/sensors_status__type_support.hpp\n'}
[1.562976] (px4_msgs) StdoutLine: {'line': b'-- Up-to-date: /home/px4/ros2/ws/install/px4_msgs/include/px4_msgs/px4_msgs/msg/detail/gpio_request__traits.hpp\n'}
[1.563034] (px4_msgs) StdoutLine: {'line': b'-- Up-to-date: /home/px4/ros2/ws/install/px4_msgs/include/px4_msgs/px4_msgs/msg/detail/distance_sensor_mode_change_request__type_support.hpp\n'}
[1.563087] (px4_msgs) StdoutLine: {'line': b'-- Up-to-date: /home/px4/ros2/ws/install/px4_msgs/include/px4_msgs/px4_msgs/msg/detail/orb_test__struct.hpp\n'}
[1.563167] (px4_msgs) StdoutLine: {'line': b'-- Up-to-date: /home/px4/ros2/ws/install/px4_msgs/include/px4_msgs/px4_msgs/msg/detail/rtl_time_estimate__builder.hpp\n'}
[1.563239] (px4_msgs) StdoutLine: {'line': b'-- Up-to-date: /home/px4/ros2/ws/install/px4_msgs/include/px4_msgs/px4_msgs/msg/detail/vehicle_constraints__struct.hpp\n'}
[1.563298] (px4_msgs) StdoutLine: {'line': b'-- Up-to-date: /home/px4/ros2/ws/install/px4_msgs/include/px4_msgs/px4_msgs/msg/detail/rpm__type_support.hpp\n'}
[1.563363] (px4_msgs) StdoutLine: {'line': b'-- Up-to-date: /home/px4/ros2/ws/install/px4_msgs/include/px4_msgs/px4_msgs/msg/detail/geofence_result__type_support.hpp\n'}
[1.563422] (px4_msgs) StdoutLine: {'line': b'-- Up-to-date: /home/px4/ros2/ws/install/px4_msgs/include/px4_msgs/px4_msgs/msg/detail/internal_combustion_engine_control__traits.hpp\n'}
[1.563488] (px4_msgs) StdoutLine: {'line': b'-- Up-to-date: /home/px4/ros2/ws/install/px4_msgs/include/px4_msgs/px4_msgs/msg/detail/config_overrides__struct.hpp\n'}
[1.563546] (px4_msgs) StdoutLine: {'line': b'-- Up-to-date: /home/px4/ros2/ws/install/px4_msgs/include/px4_msgs/px4_msgs/msg/detail/uavcan_parameter_request__traits.hpp\n'}
[1.563603] (px4_msgs) StdoutLine: {'line': b'-- Up-to-date: /home/px4/ros2/ws/install/px4_msgs/include/px4_msgs/px4_msgs/msg/detail/offboard_control_mode__builder.hpp\n'}
[1.563663] (px4_msgs) StdoutLine: {'line': b'-- Up-to-date: /home/px4/ros2/ws/install/px4_msgs/include/px4_msgs/px4_msgs/msg/detail/orb_test_large__struct.hpp\n'}
[1.563715] (px4_msgs) StdoutLine: {'line': b'-- Up-to-date: /home/px4/ros2/ws/install/px4_msgs/include/px4_msgs/px4_msgs/msg/detail/config_overrides__type_support.hpp\n'}
[1.563773] (px4_msgs) StdoutLine: {'line': b'-- Up-to-date: /home/px4/ros2/ws/install/px4_msgs/include/px4_msgs/px4_msgs/msg/detail/message_format_response__traits.hpp\n'}
[1.563829] (px4_msgs) StdoutLine: {'line': b'-- Up-to-date: /home/px4/ros2/ws/install/px4_msgs/include/px4_msgs/px4_msgs/msg/detail/internal_combustion_engine_control__builder.hpp\n'}
[1.563944] (px4_msgs) StdoutLine: {'line': b'-- Up-to-date: /home/px4/ros2/ws/install/px4_msgs/include/px4_msgs/px4_msgs/msg/detail/estimator_aid_source2d__traits.hpp\n'}
[1.564035] (px4_msgs) StdoutLine: {'line': b'-- Up-to-date: /home/px4/ros2/ws/install/px4_msgs/include/px4_msgs/px4_msgs/msg/detail/offboard_control_mode__struct.hpp\n'}
[1.564096] (px4_msgs) StdoutLine: {'line': b'-- Up-to-date: /home/px4/ros2/ws/install/px4_msgs/include/px4_msgs/px4_msgs/msg/detail/log_message__struct.hpp\n'}
[1.564168] (px4_msgs) StdoutLine: {'line': b'-- Up-to-date: /home/px4/ros2/ws/install/px4_msgs/include/px4_msgs/px4_msgs/msg/detail/figure_eight_status__traits.hpp\n'}
[1.564235] (px4_msgs) StdoutLine: {'line': b'-- Up-to-date: /home/px4/ros2/ws/install/px4_msgs/include/px4_msgs/px4_msgs/msg/detail/failure_detector_status__builder.hpp\n'}
[1.564297] (px4_msgs) StdoutLine: {'line': b'-- Up-to-date: /home/px4/ros2/ws/install/px4_msgs/include/px4_msgs/px4_msgs/msg/detail/navigator_status__struct.hpp\n'}
[1.564376] (px4_msgs) StdoutLine: {'line': b'-- Up-to-date: /home/px4/ros2/ws/install/px4_msgs/include/px4_msgs/px4_msgs/msg/detail/parameter_set_value_response__type_support.hpp\n'}
[1.564436] (px4_msgs) StdoutLine: {'line': b'-- Up-to-date: /home/px4/ros2/ws/install/px4_msgs/include/px4_msgs/px4_msgs/msg/detail/estimator_bias__type_support.hpp\n'}
[1.564508] (px4_msgs) StdoutLine: {'line': b'-- Up-to-date: /home/px4/ros2/ws/install/px4_msgs/include/px4_msgs/px4_msgs/msg/detail/gps_inject_data__traits.hpp\n'}
[1.564576] (px4_msgs) StdoutLine: {'line': b'-- Up-to-date: /home/px4/ros2/ws/install/px4_msgs/include/px4_msgs/px4_msgs/msg/detail/vehicle_attitude_setpoint__type_support.hpp\n'}
[1.564645] (px4_msgs) StdoutLine: {'line': b'-- Up-to-date: /home/px4/ros2/ws/install/px4_msgs/include/px4_msgs/px4_msgs/msg/detail/rover_velocity_status__type_support.hpp\n'}
[1.564704] (px4_msgs) StdoutLine: {'line': b'-- Up-to-date: /home/px4/ros2/ws/install/px4_msgs/include/px4_msgs/px4_msgs/msg/detail/gimbal_device_set_attitude__struct.hpp\n'}
[1.564776] (px4_msgs) StdoutLine: {'line': b'-- Up-to-date: /home/px4/ros2/ws/install/px4_msgs/include/px4_msgs/px4_msgs/msg/detail/vehicle_angular_acceleration_setpoint__type_support.hpp\n'}
[1.564857] (px4_msgs) StdoutLine: {'line': b'-- Up-to-date: /home/px4/ros2/ws/install/px4_msgs/include/px4_msgs/px4_msgs/msg/detail/landing_gear_wheel__type_support.hpp\n'}
[1.564942] (px4_msgs) StdoutLine: {'line': b'-- Up-to-date: /home/px4/ros2/ws/install/px4_msgs/include/px4_msgs/px4_msgs/msg/detail/manual_control_setpoint__type_support.hpp\n'}
[1.565003] (px4_msgs) StdoutLine: {'line': b'-- Up-to-date: /home/px4/ros2/ws/install/px4_msgs/include/px4_msgs/px4_msgs/msg/detail/vehicle_command__type_support.hpp\n'}
[1.565061] (px4_msgs) StdoutLine: {'line': b'-- Up-to-date: /home/px4/ros2/ws/install/px4_msgs/include/px4_msgs/px4_msgs/msg/detail/follow_target_estimator__struct.hpp\n'}
[1.565119] (px4_msgs) StdoutLine: {'line': b'-- Up-to-date: /home/px4/ros2/ws/install/px4_msgs/include/px4_msgs/px4_msgs/msg/detail/gimbal_manager_status__traits.hpp\n'}
[1.565196] (px4_msgs) StdoutLine: {'line': b'-- Up-to-date: /home/px4/ros2/ws/install/px4_msgs/include/px4_msgs/px4_msgs/msg/detail/radio_status__struct.hpp\n'}
[1.565262] (px4_msgs) StdoutLine: {'line': b'-- Up-to-date: /home/px4/ros2/ws/install/px4_msgs/include/px4_msgs/px4_msgs/msg/detail/sensor_airflow__type_support.hpp\n'}
[1.565319] (px4_msgs) StdoutLine: {'line': b'-- Up-to-date: /home/px4/ros2/ws/install/px4_msgs/include/px4_msgs/px4_msgs/msg/detail/landing_target_pose__struct.hpp\n'}
[1.565387] (px4_msgs) StdoutLine: {'line': b'-- Up-to-date: /home/px4/ros2/ws/install/px4_msgs/include/px4_msgs/px4_msgs/msg/detail/actuator_controls_status__traits.hpp\n'}
[1.565448] (px4_msgs) StdoutLine: {'line': b'-- Up-to-date: /home/px4/ros2/ws/install/px4_msgs/include/px4_msgs/px4_msgs/msg/detail/vehicle_control_mode__type_support.hpp\n'}
[1.565510] (px4_msgs) StdoutLine: {'line': b'-- Up-to-date: /home/px4/ros2/ws/install/px4_msgs/include/px4_msgs/px4_msgs/msg/detail/rover_velocity_status__traits.hpp\n'}
[1.565581] (px4_msgs) StdoutLine: {'line': b'-- Up-to-date: /home/px4/ros2/ws/install/px4_msgs/include/px4_msgs/px4_msgs/msg/detail/gimbal_manager_set_manual_control__type_support.hpp\n'}
[1.565635] (px4_msgs) StdoutLine: {'line': b'-- Up-to-date: /home/px4/ros2/ws/install/px4_msgs/include/px4_msgs/px4_msgs/msg/detail/actuator_controls_status__type_support.hpp\n'}
[1.565696] (px4_msgs) StdoutLine: {'line': b'-- Up-to-date: /home/px4/ros2/ws/install/px4_msgs/include/px4_msgs/px4_msgs/msg/detail/rover_throttle_setpoint__type_support.hpp\n'}
[1.565770] (px4_msgs) StdoutLine: {'line': b'-- Up-to-date: /home/px4/ros2/ws/install/px4_msgs/include/px4_msgs/px4_msgs/msg/detail/estimator_bias__struct.hpp\n'}
[1.565829] (px4_msgs) StdoutLine: {'line': b'-- Up-to-date: /home/px4/ros2/ws/install/px4_msgs/include/px4_msgs/px4_msgs/msg/detail/vehicle_local_position__struct.hpp\n'}
[1.565924] (px4_msgs) StdoutLine: {'line': b'-- Up-to-date: /home/px4/ros2/ws/install/px4_msgs/include/px4_msgs/px4_msgs/msg/detail/fixed_wing_lateral_guidance_status__builder.hpp\n'}
[1.565983] (px4_msgs) StdoutLine: {'line': b'-- Up-to-date: /home/px4/ros2/ws/install/px4_msgs/include/px4_msgs/px4_msgs/msg/detail/uavcan_parameter_value__struct.hpp\n'}
[1.566046] (px4_msgs) StdoutLine: {'line': b'-- Up-to-date: /home/px4/ros2/ws/install/px4_msgs/include/px4_msgs/px4_msgs/msg/detail/open_drone_id_self_id__builder.hpp\n'}
[1.566119] (px4_msgs) StdoutLine: {'line': b'-- Up-to-date: /home/px4/ros2/ws/install/px4_msgs/include/px4_msgs/px4_msgs/msg/detail/qshell_req__builder.hpp\n'}
[1.566182] (px4_msgs) StdoutLine: {'line': b'-- Up-to-date: /home/px4/ros2/ws/install/px4_msgs/include/px4_msgs/px4_msgs/msg/detail/vehicle_thrust_setpoint__traits.hpp\n'}
[1.566244] (px4_msgs) StdoutLine: {'line': b'-- Up-to-date: /home/px4/ros2/ws/install/px4_msgs/include/px4_msgs/px4_msgs/msg/detail/mode_completed__traits.hpp\n'}
[1.566304] (px4_msgs) StdoutLine: {'line': b'-- Up-to-date: /home/px4/ros2/ws/install/px4_msgs/include/px4_msgs/px4_msgs/msg/detail/adc_report__type_support.hpp\n'}
[1.566382] (px4_msgs) StdoutLine: {'line': b'-- Up-to-date: /home/px4/ros2/ws/install/px4_msgs/include/px4_msgs/px4_msgs/msg/detail/battery_info__traits.hpp\n'}
[1.566444] (px4_msgs) StdoutLine: {'line': b'-- Up-to-date: /home/px4/ros2/ws/install/px4_msgs/include/px4_msgs/px4_msgs/msg/detail/rtl_status__struct.hpp\n'}
[1.566504] (px4_msgs) StdoutLine: {'line': b'-- Up-to-date: /home/px4/ros2/ws/install/px4_msgs/include/px4_msgs/px4_msgs/msg/detail/parameter_reset_request__type_support.hpp\n'}
[1.566563] (px4_msgs) StdoutLine: {'line': b'-- Up-to-date: /home/px4/ros2/ws/install/px4_msgs/include/px4_msgs/px4_msgs/msg/detail/iridiumsbd_status__type_support.hpp\n'}
[1.566646] (px4_msgs) StdoutLine: {'line': b'-- Up-to-date: /home/px4/ros2/ws/install/px4_msgs/include/px4_msgs/px4_msgs/msg/detail/follow_target_status__type_support.hpp\n'}
[1.566706] (px4_msgs) StdoutLine: {'line': b'-- Up-to-date: /home/px4/ros2/ws/install/px4_msgs/include/px4_msgs/px4_msgs/msg/detail/sensor_baro__traits.hpp\n'}
[1.566776] (px4_msgs) StdoutLine: {'line': b'-- Up-to-date: /home/px4/ros2/ws/install/px4_msgs/include/px4_msgs/px4_msgs/msg/detail/obstacle_distance__builder.hpp\n'}
[1.566839] (px4_msgs) StdoutLine: {'line': b'-- Up-to-date: /home/px4/ros2/ws/install/px4_msgs/include/px4_msgs/px4_msgs/msg/detail/esc_status__traits.hpp\n'}
[1.566906] (px4_msgs) StdoutLine: {'line': b'-- Up-to-date: /home/px4/ros2/ws/install/px4_msgs/include/px4_msgs/px4_msgs/msg/detail/open_drone_id_arm_status__type_support.hpp\n'}
[1.566961] (px4_msgs) StdoutLine: {'line': b'-- Up-to-date: /home/px4/ros2/ws/install/px4_msgs/include/px4_msgs/px4_msgs/msg/detail/estimator_aid_source2d__struct.hpp\n'}
[1.567018] (px4_msgs) StdoutLine: {'line': b'-- Up-to-date: /home/px4/ros2/ws/install/px4_msgs/include/px4_msgs/px4_msgs/msg/detail/tecs_status__type_support.hpp\n'}
[1.567110] (px4_msgs) StdoutLine: {'line': b'-- Up-to-date: /home/px4/ros2/ws/install/px4_msgs/include/px4_msgs/px4_msgs/msg/detail/gimbal_device_attitude_status__struct.hpp\n'}
[1.567172] (px4_msgs) StdoutLine: {'line': b'-- Up-to-date: /home/px4/ros2/ws/install/px4_msgs/include/px4_msgs/px4_msgs/msg/detail/button_event__traits.hpp\n'}
[1.567231] (px4_msgs) StdoutLine: {'line': b'-- Up-to-date: /home/px4/ros2/ws/install/px4_msgs/include/px4_msgs/px4_msgs/msg/detail/action_request__type_support.hpp\n'}
[1.567308] (px4_msgs) StdoutLine: {'line': b'-- Up-to-date: /home/px4/ros2/ws/install/px4_msgs/include/px4_msgs/px4_msgs/msg/detail/sensor_preflight_mag__type_support.hpp\n'}
[1.567372] (px4_msgs) StdoutLine: {'line': b'-- Up-to-date: /home/px4/ros2/ws/install/px4_msgs/include/px4_msgs/px4_msgs/msg/detail/longitudinal_control_configuration__type_support.hpp\n'}
[1.567431] (px4_msgs) StdoutLine: {'line': b'-- Up-to-date: /home/px4/ros2/ws/install/px4_msgs/include/px4_msgs/px4_msgs/msg/detail/sensor_selection__type_support.hpp\n'}
[1.567491] (px4_msgs) StdoutLine: {'line': b'-- Up-to-date: /home/px4/ros2/ws/install/px4_msgs/include/px4_msgs/px4_msgs/msg/detail/mag_worker_data__traits.hpp\n'}
[1.567562] (px4_msgs) StdoutLine: {'line': b'-- Up-to-date: /home/px4/ros2/ws/install/px4_msgs/include/px4_msgs/px4_msgs/msg/detail/radio_status__traits.hpp\n'}
[1.567620] (px4_msgs) StdoutLine: {'line': b'-- Up-to-date: /home/px4/ros2/ws/install/px4_msgs/include/px4_msgs/px4_msgs/msg/detail/trajectory_setpoint6dof__builder.hpp\n'}
[1.567702] (px4_msgs) StdoutLine: {'line': b'-- Up-to-date: /home/px4/ros2/ws/install/px4_msgs/include/px4_msgs/px4_msgs/msg/detail/estimator_innovations__struct.hpp\n'}
[1.567799] (px4_msgs) StdoutLine: {'line': b'-- Up-to-date: /home/px4/ros2/ws/install/px4_msgs/include/px4_msgs/px4_msgs/msg/detail/transponder_report__type_support.hpp\n'}
[1.567878] (px4_msgs) StdoutLine: {'line': b'-- Up-to-date: /home/px4/ros2/ws/install/px4_msgs/include/px4_msgs/px4_msgs/msg/detail/distance_sensor__struct.hpp\n'}
[1.567952] (px4_msgs) StdoutLine: {'line': b'-- Up-to-date: /home/px4/ros2/ws/install/px4_msgs/include/px4_msgs/px4_msgs/msg/detail/navigator_mission_item__builder.hpp\n'}
[1.568016] (px4_msgs) StdoutLine: {'line': b'-- Up-to-date: /home/px4/ros2/ws/install/px4_msgs/include/px4_msgs/px4_msgs/msg/detail/qshell_retval__type_support.hpp\n'}
[1.568074] (px4_msgs) StdoutLine: {'line': b'-- Up-to-date: /home/px4/ros2/ws/install/px4_msgs/include/px4_msgs/px4_msgs/msg/detail/gps_dump__traits.hpp\n'}
[1.568131] (px4_msgs) StdoutLine: {'line': b'-- Up-to-date: /home/px4/ros2/ws/install/px4_msgs/include/px4_msgs/px4_msgs/msg/detail/vehicle_global_position__type_support.hpp\n'}
[1.568183] (px4_msgs) StdoutLine: {'line': b'-- Up-to-date: /home/px4/ros2/ws/install/px4_msgs/include/px4_msgs/px4_msgs/msg/detail/vtol_vehicle_status__struct.hpp\n'}
[1.568271] (px4_msgs) StdoutLine: {'line': b'-- Up-to-date: /home/px4/ros2/ws/install/px4_msgs/include/px4_msgs/px4_msgs/msg/detail/logger_status__type_support.hpp\n'}
[1.568329] (px4_msgs) StdoutLine: {'line': b'-- Up-to-date: /home/px4/ros2/ws/install/px4_msgs/include/px4_msgs/px4_msgs/msg/detail/estimator_aid_source2d__type_support.hpp\n'}
[1.568402] (px4_msgs) StdoutLine: {'line': b'-- Up-to-date: /home/px4/ros2/ws/install/px4_msgs/include/px4_msgs/px4_msgs/msg/detail/esc_status__builder.hpp\n'}
[1.568466] (px4_msgs) StdoutLine: {'line': b'-- Up-to-date: /home/px4/ros2/ws/install/px4_msgs/include/px4_msgs/px4_msgs/msg/detail/follow_target__builder.hpp\n'}
[1.568524] (px4_msgs) StdoutLine: {'line': b'-- Up-to-date: /home/px4/ros2/ws/install/px4_msgs/include/px4_msgs/px4_msgs/msg/detail/pwm_input__struct.hpp\n'}
[1.568594] (px4_msgs) StdoutLine: {'line': b'-- Up-to-date: /home/px4/ros2/ws/install/px4_msgs/include/px4_msgs/px4_msgs/msg/detail/dataman_request__traits.hpp\n'}
[1.568659] (px4_msgs) StdoutLine: {'line': b'-- Up-to-date: /home/px4/ros2/ws/install/px4_msgs/include/px4_msgs/px4_msgs/msg/detail/follow_target_estimator__builder.hpp\n'}
[1.568721] (px4_msgs) StdoutLine: {'line': b'-- Up-to-date: /home/px4/ros2/ws/install/px4_msgs/include/px4_msgs/px4_msgs/msg/detail/tune_control__builder.hpp\n'}
[1.568780] (px4_msgs) StdoutLine: {'line': b'-- Up-to-date: /home/px4/ros2/ws/install/px4_msgs/include/px4_msgs/px4_msgs/msg/detail/gpio_config__traits.hpp\n'}
[1.568838] (px4_msgs) StdoutLine: {'line': b'-- Up-to-date: /home/px4/ros2/ws/install/px4_msgs/include/px4_msgs/px4_msgs/msg/detail/airspeed__type_support.hpp\n'}
[1.568959] (px4_msgs) StdoutLine: {'line': b'-- Up-to-date: /home/px4/ros2/ws/install/px4_msgs/include/px4_msgs/px4_msgs/msg/detail/landing_target_pose__builder.hpp\n'}
[1.569037] (px4_msgs) StdoutLine: {'line': b'-- Up-to-date: /home/px4/ros2/ws/install/px4_msgs/include/px4_msgs/px4_msgs/msg/detail/vehicle_thrust_setpoint__builder.hpp\n'}
[1.569101] (px4_msgs) StdoutLine: {'line': b'-- Up-to-date: /home/px4/ros2/ws/install/px4_msgs/include/px4_msgs/px4_msgs/msg/detail/system_power__type_support.hpp\n'}
[1.569189] (px4_msgs) StdoutLine: {'line': b'-- Up-to-date: /home/px4/ros2/ws/install/px4_msgs/include/px4_msgs/px4_msgs/msg/detail/open_drone_id_self_id__type_support.hpp\n'}
[1.569251] (px4_msgs) StdoutLine: {'line': b'-- Up-to-date: /home/px4/ros2/ws/install/px4_msgs/include/px4_msgs/px4_msgs/msg/detail/uavcan_parameter_value__builder.hpp\n'}
[1.569321] (px4_msgs) StdoutLine: {'line': b'-- Up-to-date: /home/px4/ros2/ws/install/px4_msgs/include/px4_msgs/px4_msgs/msg/detail/led_control__builder.hpp\n'}
[1.569384] (px4_msgs) StdoutLine: {'line': b'-- Up-to-date: /home/px4/ros2/ws/install/px4_msgs/include/px4_msgs/px4_msgs/msg/detail/sensor_uwb__builder.hpp\n'}
[1.569489] (px4_msgs) StdoutLine: {'line': b'-- Up-to-date: /home/px4/ros2/ws/install/px4_msgs/include/px4_msgs/px4_msgs/msg/detail/vehicle_global_position__builder.hpp\n'}
[1.569550] (px4_msgs) StdoutLine: {'line': b'-- Up-to-date: /home/px4/ros2/ws/install/px4_msgs/include/px4_msgs/px4_msgs/msg/detail/manual_control_setpoint__builder.hpp\n'}
[1.569613] (px4_msgs) StdoutLine: {'line': b'-- Up-to-date: /home/px4/ros2/ws/install/px4_msgs/include/px4_msgs/px4_msgs/msg/detail/gimbal_manager_set_attitude__struct.hpp\n'}
[1.569675] (px4_msgs) StdoutLine: {'line': b'-- Up-to-date: /home/px4/ros2/ws/install/px4_msgs/include/px4_msgs/px4_msgs/msg/detail/wheel_encoders__type_support.hpp\n'}
[1.569749] (px4_msgs) StdoutLine: {'line': b'-- Up-to-date: /home/px4/ros2/ws/install/px4_msgs/include/px4_msgs/px4_msgs/msg/detail/uavcan_parameter_request__builder.hpp\n'}
[1.569810] (px4_msgs) StdoutLine: {'line': b'-- Up-to-date: /home/px4/ros2/ws/install/px4_msgs/include/px4_msgs/px4_msgs/msg/detail/estimator_innovations__traits.hpp\n'}
[1.569881] (px4_msgs) StdoutLine: {'line': b'-- Up-to-date: /home/px4/ros2/ws/install/px4_msgs/include/px4_msgs/px4_msgs/msg/detail/system_power__struct.hpp\n'}
[1.569969] (px4_msgs) StdoutLine: {'line': b'-- Up-to-date: /home/px4/ros2/ws/install/px4_msgs/include/px4_msgs/px4_msgs/msg/detail/message_format_request__struct.hpp\n'}
[1.570035] (px4_msgs) StdoutLine: {'line': b'-- Up-to-date: /home/px4/ros2/ws/install/px4_msgs/include/px4_msgs/px4_msgs/msg/detail/button_event__builder.hpp\n'}
[1.570096] (px4_msgs) StdoutLine: {'line': b'-- Up-to-date: /home/px4/ros2/ws/install/px4_msgs/include/px4_msgs/px4_msgs/msg/detail/landing_target_pose__traits.hpp\n'}
[1.570156] (px4_msgs) StdoutLine: {'line': b'-- Up-to-date: /home/px4/ros2/ws/install/px4_msgs/include/px4_msgs/px4_msgs/msg/detail/parameter_set_used_request__struct.hpp\n'}
[1.570238] (px4_msgs) StdoutLine: {'line': b'-- Up-to-date: /home/px4/ros2/ws/install/px4_msgs/include/px4_msgs/px4_msgs/msg/detail/vehicle_constraints__builder.hpp\n'}
[1.570301] (px4_msgs) StdoutLine: {'line': b'-- Up-to-date: /home/px4/ros2/ws/install/px4_msgs/include/px4_msgs/px4_msgs/msg/detail/actuator_armed__type_support.hpp\n'}
[1.570364] (px4_msgs) StdoutLine: {'line': b'-- Up-to-date: /home/px4/ros2/ws/install/px4_msgs/include/px4_msgs/px4_msgs/msg/detail/parameter_set_value_response__traits.hpp\n'}
[1.570430] (px4_msgs) StdoutLine: {'line': b'-- Up-to-date: /home/px4/ros2/ws/install/px4_msgs/include/px4_msgs/px4_msgs/msg/detail/config_overrides__traits.hpp\n'}
[1.570489] (px4_msgs) StdoutLine: {'line': b'-- Up-to-date: /home/px4/ros2/ws/install/px4_msgs/include/px4_msgs/px4_msgs/msg/detail/failure_detector_status__type_support.hpp\n'}
[1.570555] (px4_msgs) StdoutLine: {'line': b'-- Up-to-date: /home/px4/ros2/ws/install/px4_msgs/include/px4_msgs/px4_msgs/msg/detail/vehicle_air_data__builder.hpp\n'}
[1.570613] (px4_msgs) StdoutLine: {'line': b'-- Up-to-date: /home/px4/ros2/ws/install/px4_msgs/include/px4_msgs/px4_msgs/msg/detail/fixed_wing_lateral_setpoint__type_support.hpp\n'}
[1.570678] (px4_msgs) StdoutLine: {'line': b'-- Up-to-date: /home/px4/ros2/ws/install/px4_msgs/include/px4_msgs/px4_msgs/msg/detail/power_monitor__traits.hpp\n'}
[1.570737] (px4_msgs) StdoutLine: {'line': b'-- Up-to-date: /home/px4/ros2/ws/install/px4_msgs/include/px4_msgs/px4_msgs/msg/detail/rc_parameter_map__traits.hpp\n'}
[1.570794] (px4_msgs) StdoutLine: {'line': b'-- Up-to-date: /home/px4/ros2/ws/install/px4_msgs/include/px4_msgs/px4_msgs/msg/detail/sensor_airflow__builder.hpp\n'}
[1.570853] (px4_msgs) StdoutLine: {'line': b'-- Up-to-date: /home/px4/ros2/ws/install/px4_msgs/include/px4_msgs/px4_msgs/msg/detail/pwm_input__traits.hpp\n'}
[1.570921] (px4_msgs) StdoutLine: {'line': b'-- Up-to-date: /home/px4/ros2/ws/install/px4_msgs/include/px4_msgs/px4_msgs/msg/detail/sensor_gps__traits.hpp\n'}
[1.570983] (px4_msgs) StdoutLine: {'line': b'-- Up-to-date: /home/px4/ros2/ws/install/px4_msgs/include/px4_msgs/px4_msgs/msg/detail/generator_status__builder.hpp\n'}
[1.571053] (px4_msgs) StdoutLine: {'line': b'-- Up-to-date: /home/px4/ros2/ws/install/px4_msgs/include/px4_msgs/px4_msgs/msg/detail/debug_value__traits.hpp\n'}
[1.571143] (px4_msgs) StdoutLine: {'line': b'-- Up-to-date: /home/px4/ros2/ws/install/px4_msgs/include/px4_msgs/px4_msgs/msg/detail/vehicle_torque_setpoint__struct.hpp\n'}
[1.571201] (px4_msgs) StdoutLine: {'line': b'-- Up-to-date: /home/px4/ros2/ws/install/px4_msgs/include/px4_msgs/px4_msgs/msg/detail/airspeed_wind__type_support.hpp\n'}
[1.571264] (px4_msgs) StdoutLine: {'line': b'-- Up-to-date: /home/px4/ros2/ws/install/px4_msgs/include/px4_msgs/px4_msgs/msg/detail/sensor_optical_flow__type_support.hpp\n'}
[1.571312] (px4_msgs) StdoutLine: {'line': b'-- Up-to-date: /home/px4/ros2/ws/install/px4_msgs/include/px4_msgs/px4_msgs/msg/detail/cellular_status__builder.hpp\n'}
[1.571359] (px4_msgs) StdoutLine: {'line': b'-- Up-to-date: /home/px4/ros2/ws/install/px4_msgs/include/px4_msgs/px4_msgs/msg/detail/message_format_response__builder.hpp\n'}
[1.571406] (px4_msgs) StdoutLine: {'line': b'-- Up-to-date: /home/px4/ros2/ws/install/px4_msgs/include/px4_msgs/px4_msgs/msg/detail/vehicle_roi__builder.hpp\n'}
[1.571452] (px4_msgs) StdoutLine: {'line': b'-- Up-to-date: /home/px4/ros2/ws/install/px4_msgs/include/px4_msgs/px4_msgs/msg/detail/vehicle_angular_velocity__struct.hpp\n'}
[1.571499] (px4_msgs) StdoutLine: {'line': b'-- Up-to-date: /home/px4/ros2/ws/install/px4_msgs/include/px4_msgs/px4_msgs/msg/detail/vehicle_imu_status__traits.hpp\n'}
[1.571545] (px4_msgs) StdoutLine: {'line': b'-- Up-to-date: /home/px4/ros2/ws/install/px4_msgs/include/px4_msgs/px4_msgs/msg/detail/vehicle_land_detected__type_support.hpp\n'}
[1.571592] (px4_msgs) StdoutLine: {'line': b'-- Up-to-date: /home/px4/ros2/ws/install/px4_msgs/include/px4_msgs/px4_msgs/msg/detail/gpio_config__type_support.hpp\n'}
[1.571652] (px4_msgs) StdoutLine: {'line': b'-- Up-to-date: /home/px4/ros2/ws/install/px4_msgs/include/px4_msgs/px4_msgs/msg/detail/vehicle_optical_flow_vel__builder.hpp\n'}
[1.571697] (px4_msgs) StdoutLine: {'line': b'-- Up-to-date: /home/px4/ros2/ws/install/px4_msgs/include/px4_msgs/px4_msgs/msg/detail/sensor_correction__struct.hpp\n'}
[1.571760] (px4_msgs) StdoutLine: {'line': b'-- Up-to-date: /home/px4/ros2/ws/install/px4_msgs/include/px4_msgs/px4_msgs/msg/detail/estimator_aid_source1d__type_support.hpp\n'}
[1.571808] (px4_msgs) StdoutLine: {'line': b'-- Up-to-date: /home/px4/ros2/ws/install/px4_msgs/include/px4_msgs/px4_msgs/msg/detail/vehicle_constraints__type_support.hpp\n'}
[1.571860] (px4_msgs) StdoutLine: {'line': b'-- Up-to-date: /home/px4/ros2/ws/install/px4_msgs/include/px4_msgs/px4_msgs/msg/detail/gimbal_controls__struct.hpp\n'}
[1.571935] (px4_msgs) StdoutLine: {'line': b'-- Up-to-date: /home/px4/ros2/ws/install/px4_msgs/include/px4_msgs/px4_msgs/msg/detail/message_format_request__type_support.hpp\n'}
[1.571983] (px4_msgs) StdoutLine: {'line': b'-- Up-to-date: /home/px4/ros2/ws/install/px4_msgs/include/px4_msgs/px4_msgs/msg/detail/gpio_config__builder.hpp\n'}
[1.572030] (px4_msgs) StdoutLine: {'line': b'-- Up-to-date: /home/px4/ros2/ws/install/px4_msgs/include/px4_msgs/px4_msgs/msg/detail/sensors_status_imu__struct.hpp\n'}
[1.572078] (px4_msgs) StdoutLine: {'line': b'-- Up-to-date: /home/px4/ros2/ws/install/px4_msgs/include/px4_msgs/px4_msgs/msg/detail/vehicle_magnetometer__traits.hpp\n'}
[1.572125] (px4_msgs) StdoutLine: {'line': b'-- Up-to-date: /home/px4/ros2/ws/install/px4_msgs/include/px4_msgs/px4_msgs/msg/detail/register_ext_component_reply__builder.hpp\n'}
[1.572172] (px4_msgs) StdoutLine: {'line': b'-- Up-to-date: /home/px4/ros2/ws/install/px4_msgs/include/px4_msgs/px4_msgs/msg/detail/fuel_tank_status__type_support.hpp\n'}
[1.572233] (px4_msgs) StdoutLine: {'line': b'-- Up-to-date: /home/px4/ros2/ws/install/px4_msgs/include/px4_msgs/px4_msgs/msg/detail/rover_throttle_setpoint__builder.hpp\n'}
[1.572281] (px4_msgs) StdoutLine: {'line': b'-- Up-to-date: /home/px4/ros2/ws/install/px4_msgs/include/px4_msgs/px4_msgs/msg/detail/normalized_unsigned_setpoint__builder.hpp\n'}
[1.572335] (px4_msgs) StdoutLine: {'line': b'-- Up-to-date: /home/px4/ros2/ws/install/px4_msgs/include/px4_msgs/px4_msgs/msg/detail/differential_pressure__builder.hpp\n'}
[1.572382] (px4_msgs) StdoutLine: {'line': b'-- Up-to-date: /home/px4/ros2/ws/install/px4_msgs/include/px4_msgs/px4_msgs/msg/detail/input_rc__type_support.hpp\n'}
[1.572429] (px4_msgs) StdoutLine: {'line': b'-- Up-to-date: /home/px4/ros2/ws/install/px4_msgs/include/px4_msgs/px4_msgs/msg/detail/arming_check_request__builder.hpp\n'}
[1.572476] (px4_msgs) StdoutLine: {'line': b'-- Up-to-date: /home/px4/ros2/ws/install/px4_msgs/include/px4_msgs/px4_msgs/msg/detail/position_setpoint__builder.hpp\n'}
[1.572521] (px4_msgs) StdoutLine: {'line': b'-- Up-to-date: /home/px4/ros2/ws/install/px4_msgs/include/px4_msgs/px4_msgs/msg/detail/rover_rate_setpoint__type_support.hpp\n'}
[1.572567] (px4_msgs) StdoutLine: {'line': b'-- Up-to-date: /home/px4/ros2/ws/install/px4_msgs/include/px4_msgs/px4_msgs/msg/detail/landing_gear_wheel__struct.hpp\n'}
[1.572613] (px4_msgs) StdoutLine: {'line': b'-- Up-to-date: /home/px4/ros2/ws/install/px4_msgs/include/px4_msgs/px4_msgs/msg/detail/wheel_encoders__struct.hpp\n'}
[1.572660] (px4_msgs) StdoutLine: {'line': b'-- Up-to-date: /home/px4/ros2/ws/install/px4_msgs/include/px4_msgs/px4_msgs/msg/detail/actuator_servos__type_support.hpp\n'}
[1.572707] (px4_msgs) StdoutLine: {'line': b'-- Up-to-date: /home/px4/ros2/ws/install/px4_msgs/include/px4_msgs/px4_msgs/msg/detail/landing_gear__builder.hpp\n'}
[1.572754] (px4_msgs) StdoutLine: {'line': b'-- Up-to-date: /home/px4/ros2/ws/install/px4_msgs/include/px4_msgs/px4_msgs/msg/detail/sensor_gyro_fft__traits.hpp\n'}
[1.572801] (px4_msgs) StdoutLine: {'line': b'-- Up-to-date: /home/px4/ros2/ws/install/px4_msgs/include/px4_msgs/px4_msgs/msg/detail/vehicle_land_detected__builder.hpp\n'}
[1.572847] (px4_msgs) StdoutLine: {'line': b'-- Up-to-date: /home/px4/ros2/ws/install/px4_msgs/include/px4_msgs/px4_msgs/msg/detail/rover_attitude_status__traits.hpp\n'}
[1.572909] (px4_msgs) StdoutLine: {'line': b'-- Up-to-date: /home/px4/ros2/ws/install/px4_msgs/include/px4_msgs/px4_msgs/msg/detail/gimbal_device_set_attitude__traits.hpp\n'}
[1.572975] (px4_msgs) StdoutLine: {'line': b'-- Up-to-date: /home/px4/ros2/ws/install/px4_msgs/include/px4_msgs/px4_msgs/msg/detail/timesync_status__type_support.hpp\n'}
[1.573024] (px4_msgs) StdoutLine: {'line': b'-- Up-to-date: /home/px4/ros2/ws/install/px4_msgs/include/px4_msgs/px4_msgs/msg/detail/debug_array__builder.hpp\n'}
[1.573070] (px4_msgs) StdoutLine: {'line': b'-- Up-to-date: /home/px4/ros2/ws/install/px4_msgs/include/px4_msgs/px4_msgs/msg/detail/px4io_status__type_support.hpp\n'}
[1.573116] (px4_msgs) StdoutLine: {'line': b'-- Up-to-date: /home/px4/ros2/ws/install/px4_msgs/include/px4_msgs/px4_msgs/msg/detail/vehicle_constraints__traits.hpp\n'}
[1.573161] (px4_msgs) StdoutLine: {'line': b'-- Up-to-date: /home/px4/ros2/ws/install/px4_msgs/include/px4_msgs/px4_msgs/msg/detail/rover_throttle_setpoint__struct.hpp\n'}
[1.573205] (px4_msgs) StdoutLine: {'line': b'-- Up-to-date: /home/px4/ros2/ws/install/px4_msgs/include/px4_msgs/px4_msgs/msg/detail/failsafe_flags__traits.hpp\n'}
[1.573250] (px4_msgs) StdoutLine: {'line': b'-- Up-to-date: /home/px4/ros2/ws/install/px4_msgs/include/px4_msgs/px4_msgs/msg/detail/vehicle_status__type_support.hpp\n'}
[1.573294] (px4_msgs) StdoutLine: {'line': b'-- Up-to-date: /home/px4/ros2/ws/install/px4_msgs/include/px4_msgs/px4_msgs/msg/detail/control_allocator_status__type_support.hpp\n'}
[1.573350] (px4_msgs) StdoutLine: {'line': b'-- Up-to-date: /home/px4/ros2/ws/install/px4_msgs/include/px4_msgs/px4_msgs/msg/detail/estimator_status_flags__struct.hpp\n'}
[1.573403] (px4_msgs) StdoutLine: {'line': b'-- Up-to-date: /home/px4/ros2/ws/install/px4_msgs/include/px4_msgs/px4_msgs/msg/detail/iridiumsbd_status__builder.hpp\n'}
[1.573463] (px4_msgs) StdoutLine: {'line': b'-- Up-to-date: /home/px4/ros2/ws/install/px4_msgs/include/px4_msgs/px4_msgs/msg/detail/differential_pressure__traits.hpp\n'}
[1.573509] (px4_msgs) StdoutLine: {'line': b'-- Up-to-date: /home/px4/ros2/ws/install/px4_msgs/include/px4_msgs/px4_msgs/msg/detail/magnetometer_bias_estimate__traits.hpp\n'}
[1.573561] (px4_msgs) StdoutLine: {'line': b'-- Up-to-date: /home/px4/ros2/ws/install/px4_msgs/include/px4_msgs/px4_msgs/msg/detail/vehicle_odometry__struct.hpp\n'}
[1.573607] (px4_msgs) StdoutLine: {'line': b'-- Up-to-date: /home/px4/ros2/ws/install/px4_msgs/include/px4_msgs/px4_msgs/msg/detail/arming_check_reply__struct.hpp\n'}
[1.573653] (px4_msgs) StdoutLine: {'line': b'-- Up-to-date: /home/px4/ros2/ws/install/px4_msgs/include/px4_msgs/px4_msgs/msg/detail/estimator_status__type_support.hpp\n'}
[1.573697] (px4_msgs) StdoutLine: {'line': b'-- Up-to-date: /home/px4/ros2/ws/install/px4_msgs/include/px4_msgs/px4_msgs/msg/detail/dronecan_node_status__struct.hpp\n'}
[1.573760] (px4_msgs) StdoutLine: {'line': b'-- Up-to-date: /home/px4/ros2/ws/install/px4_msgs/include/px4_msgs/px4_msgs/msg/detail/magnetometer_bias_estimate__struct.hpp\n'}
[1.573831] (px4_msgs) StdoutLine: {'line': b'-- Up-to-date: /home/px4/ros2/ws/install/px4_msgs/include/px4_msgs/px4_msgs/msg/detail/vehicle_attitude__struct.hpp\n'}
[1.573891] (px4_msgs) StdoutLine: {'line': b'-- Up-to-date: /home/px4/ros2/ws/install/px4_msgs/include/px4_msgs/px4_msgs/msg/detail/rtl_time_estimate__type_support.hpp\n'}
[1.573944] (px4_msgs) StdoutLine: {'line': b'-- Up-to-date: /home/px4/ros2/ws/install/px4_msgs/include/px4_msgs/px4_msgs/msg/detail/input_rc__builder.hpp\n'}
[1.573988] (px4_msgs) StdoutLine: {'line': b'-- Up-to-date: /home/px4/ros2/ws/install/px4_msgs/include/px4_msgs/px4_msgs/msg/detail/vehicle_thrust_setpoint__type_support.hpp\n'}
[1.574051] (px4_msgs) StdoutLine: {'line': b'-- Up-to-date: /home/px4/ros2/ws/install/px4_msgs/include/px4_msgs/px4_msgs/msg/detail/rate_ctrl_status__builder.hpp\n'}
[1.574099] (px4_msgs) StdoutLine: {'line': b'-- Up-to-date: /home/px4/ros2/ws/install/px4_msgs/include/px4_msgs/px4_msgs/msg/detail/vehicle_attitude_setpoint__traits.hpp\n'}
[1.574144] (px4_msgs) StdoutLine: {'line': b'-- Up-to-date: /home/px4/ros2/ws/install/px4_msgs/include/px4_msgs/px4_msgs/msg/detail/mavlink_tunnel__type_support.hpp\n'}
[1.574206] (px4_msgs) StdoutLine: {'line': b'-- Up-to-date: /home/px4/ros2/ws/install/px4_msgs/include/px4_msgs/px4_msgs/msg/detail/distance_sensor_mode_change_request__builder.hpp\n'}
[1.574253] (px4_msgs) StdoutLine: {'line': b'-- Up-to-date: /home/px4/ros2/ws/install/px4_msgs/include/px4_msgs/px4_msgs/msg/detail/open_drone_id_system__builder.hpp\n'}
[1.574299] (px4_msgs) StdoutLine: {'line': b'-- Up-to-date: /home/px4/ros2/ws/install/px4_msgs/include/px4_msgs/px4_msgs/msg/detail/vehicle_optical_flow__type_support.hpp\n'}
[1.574360] (px4_msgs) StdoutLine: {'line': b'-- Up-to-date: /home/px4/ros2/ws/install/px4_msgs/include/px4_msgs/px4_msgs/msg/detail/sensor_mag__builder.hpp\n'}
[1.574407] (px4_msgs) StdoutLine: {'line': b'-- Up-to-date: /home/px4/ros2/ws/install/px4_msgs/include/px4_msgs/px4_msgs/msg/detail/flight_phase_estimation__builder.hpp\n'}
[1.574453] (px4_msgs) StdoutLine: {'line': b'-- Up-to-date: /home/px4/ros2/ws/install/px4_msgs/include/px4_msgs/px4_msgs/msg/detail/actuator_motors__struct.hpp\n'}
[1.574498] (px4_msgs) StdoutLine: {'line': b'-- Up-to-date: /home/px4/ros2/ws/install/px4_msgs/include/px4_msgs/px4_msgs/msg/detail/landing_gear__type_support.hpp\n'}
[1.574545] (px4_msgs) StdoutLine: {'line': b'-- Up-to-date: /home/px4/ros2/ws/install/px4_msgs/include/px4_msgs/px4_msgs/msg/detail/timesync_status__builder.hpp\n'}
[1.574590] (px4_msgs) StdoutLine: {'line': b'-- Up-to-date: /home/px4/ros2/ws/install/px4_msgs/include/px4_msgs/px4_msgs/msg/detail/unregister_ext_component__builder.hpp\n'}
[1.574636] (px4_msgs) StdoutLine: {'line': b'-- Up-to-date: /home/px4/ros2/ws/install/px4_msgs/include/px4_msgs/px4_msgs/msg/detail/cpuload__traits.hpp\n'}
[1.574681] (px4_msgs) StdoutLine: {'line': b'-- Up-to-date: /home/px4/ros2/ws/install/px4_msgs/include/px4_msgs/px4_msgs/msg/detail/rover_steering_setpoint__traits.hpp\n'}
[1.574742] (px4_msgs) StdoutLine: {'line': b'-- Up-to-date: /home/px4/ros2/ws/install/px4_msgs/include/px4_msgs/px4_msgs/msg/detail/wheel_encoders__traits.hpp\n'}
[1.574810] (px4_msgs) StdoutLine: {'line': b'-- Up-to-date: /home/px4/ros2/ws/install/px4_msgs/include/px4_msgs/px4_msgs/msg/detail/vehicle_optical_flow__builder.hpp\n'}
[1.574877] (px4_msgs) StdoutLine: {'line': b'-- Up-to-date: /home/px4/ros2/ws/install/px4_msgs/include/px4_msgs/px4_msgs/msg/detail/rc_parameter_map__type_support.hpp\n'}
[1.574969] (px4_msgs) StdoutLine: {'line': b'-- Up-to-date: /home/px4/ros2/ws/install/px4_msgs/include/px4_msgs/px4_msgs/msg/detail/fuel_tank_status__traits.hpp\n'}
[1.575019] (px4_msgs) StdoutLine: {'line': b'-- Up-to-date: /home/px4/ros2/ws/install/px4_msgs/include/px4_msgs/px4_msgs/msg/detail/takeoff_status__type_support.hpp\n'}
[1.575067] (px4_msgs) StdoutLine: {'line': b'-- Up-to-date: /home/px4/ros2/ws/install/px4_msgs/include/px4_msgs/px4_msgs/msg/detail/logger_status__traits.hpp\n'}
[1.575117] (px4_msgs) StdoutLine: {'line': b'-- Up-to-date: /home/px4/ros2/ws/install/px4_msgs/include/px4_msgs/px4_msgs/msg/detail/generator_status__struct.hpp\n'}
[1.575188] (px4_msgs) StdoutLine: {'line': b'-- Up-to-date: /home/px4/ros2/ws/install/px4_msgs/include/px4_msgs/px4_msgs/msg/detail/gpio_config__struct.hpp\n'}
[1.575249] (px4_msgs) StdoutLine: {'line': b'-- Up-to-date: /home/px4/ros2/ws/install/px4_msgs/include/px4_msgs/px4_msgs/msg/detail/vehicle_rates_setpoint__type_support.hpp\n'}
[1.575304] (px4_msgs) StdoutLine: {'line': b'-- Up-to-date: /home/px4/ros2/ws/install/px4_msgs/include/px4_msgs/px4_msgs/msg/detail/vehicle_imu_status__struct.hpp\n'}
[1.575365] (px4_msgs) StdoutLine: {'line': b'-- Up-to-date: /home/px4/ros2/ws/install/px4_msgs/include/px4_msgs/px4_msgs/msg/detail/cpuload__builder.hpp\n'}
[1.575426] (px4_msgs) StdoutLine: {'line': b'-- Up-to-date: /home/px4/ros2/ws/install/px4_msgs/include/px4_msgs/px4_msgs/msg/detail/home_position__struct.hpp\n'}
[1.575489] (px4_msgs) StdoutLine: {'line': b'-- Up-to-date: /home/px4/ros2/ws/install/px4_msgs/include/px4_msgs/px4_msgs/msg/detail/vehicle_command__builder.hpp\n'}
[1.575548] (px4_msgs) StdoutLine: {'line': b'-- Up-to-date: /home/px4/ros2/ws/install/px4_msgs/include/px4_msgs/px4_msgs/msg/detail/internal_combustion_engine_status__builder.hpp\n'}
[1.575622] (px4_msgs) StdoutLine: {'line': b'-- Up-to-date: /home/px4/ros2/ws/install/px4_msgs/include/px4_msgs/px4_msgs/msg/detail/estimator_sensor_bias__builder.hpp\n'}
[1.575680] (px4_msgs) StdoutLine: {'line': b'-- Up-to-date: /home/px4/ros2/ws/install/px4_msgs/include/px4_msgs/px4_msgs/msg/detail/gps_inject_data__struct.hpp\n'}
[1.575737] (px4_msgs) StdoutLine: {'line': b'-- Up-to-date: /home/px4/ros2/ws/install/px4_msgs/include/px4_msgs/px4_msgs/msg/detail/mission__type_support.hpp\n'}
[1.575807] (px4_msgs) StdoutLine: {'line': b'-- Up-to-date: /home/px4/ros2/ws/install/px4_msgs/include/px4_msgs/px4_msgs/msg/detail/airspeed__traits.hpp\n'}
[1.575878] (px4_msgs) StdoutLine: {'line': b'-- Up-to-date: /home/px4/ros2/ws/install/px4_msgs/include/px4_msgs/px4_msgs/msg/detail/debug_vect__struct.hpp\n'}
[1.575944] (px4_msgs) StdoutLine: {'line': b'-- Up-to-date: /home/px4/ros2/ws/install/px4_msgs/include/px4_msgs/px4_msgs/msg/detail/landing_gear__traits.hpp\n'}
[1.576013] (px4_msgs) StdoutLine: {'line': b'-- Up-to-date: /home/px4/ros2/ws/install/px4_msgs/include/px4_msgs/px4_msgs/msg/detail/sensor_gnss_relative__traits.hpp\n'}
[1.576072] (px4_msgs) StdoutLine: {'line': b'-- Up-to-date: /home/px4/ros2/ws/install/px4_msgs/include/px4_msgs/px4_msgs/msg/detail/gimbal_manager_information__type_support.hpp\n'}
[1.576126] (px4_msgs) StdoutLine: {'line': b'-- Up-to-date: /home/px4/ros2/ws/install/px4_msgs/include/px4_msgs/px4_msgs/msg/detail/debug_vect__builder.hpp\n'}
[1.576191] (px4_msgs) StdoutLine: {'line': b'-- Up-to-date: /home/px4/ros2/ws/install/px4_msgs/include/px4_msgs/px4_msgs/msg/detail/fixed_wing_lateral_status__type_support.hpp\n'}
[1.576254] (px4_msgs) StdoutLine: {'line': b'-- Up-to-date: /home/px4/ros2/ws/install/px4_msgs/include/px4_msgs/px4_msgs/msg/detail/fixed_wing_lateral_guidance_status__traits.hpp\n'}
[1.576334] (px4_msgs) StdoutLine: {'line': b'-- Up-to-date: /home/px4/ros2/ws/install/px4_msgs/include/px4_msgs/px4_msgs/msg/detail/sensor_hygrometer__traits.hpp\n'}
[1.576394] (px4_msgs) StdoutLine: {'line': b'-- Up-to-date: /home/px4/ros2/ws/install/px4_msgs/include/px4_msgs/px4_msgs/msg/detail/estimator_gps_status__struct.hpp\n'}
[1.576454] (px4_msgs) StdoutLine: {'line': b'-- Up-to-date: /home/px4/ros2/ws/install/px4_msgs/include/px4_msgs/px4_msgs/msg/detail/actuator_outputs__traits.hpp\n'}
[1.576530] (px4_msgs) StdoutLine: {'line': b'-- Up-to-date: /home/px4/ros2/ws/install/px4_msgs/include/px4_msgs/px4_msgs/msg/detail/sensor_gyro__struct.hpp\n'}
[1.576590] (px4_msgs) StdoutLine: {'line': b'-- Up-to-date: /home/px4/ros2/ws/install/px4_msgs/include/px4_msgs/px4_msgs/msg/detail/wind__struct.hpp\n'}
[1.576656] (px4_msgs) StdoutLine: {'line': b'-- Up-to-date: /home/px4/ros2/ws/install/px4_msgs/include/px4_msgs/px4_msgs/msg/detail/pwm_input__builder.hpp\n'}
[1.576709] (px4_msgs) StdoutLine: {'line': b'-- Up-to-date: /home/px4/ros2/ws/install/px4_msgs/include/px4_msgs/px4_msgs/msg/detail/home_position__traits.hpp\n'}
[1.576766] (px4_msgs) StdoutLine: {'line': b'-- Up-to-date: /home/px4/ros2/ws/install/px4_msgs/include/px4_msgs/px4_msgs/msg/detail/cpuload__type_support.hpp\n'}
[1.576844] (px4_msgs) StdoutLine: {'line': b'-- Up-to-date: /home/px4/ros2/ws/install/px4_msgs/include/px4_msgs/px4_msgs/msg/detail/gpio_request__builder.hpp\n'}
[1.576912] (px4_msgs) StdoutLine: {'line': b'-- Up-to-date: /home/px4/ros2/ws/install/px4_msgs/include/px4_msgs/px4_msgs/msg/detail/follow_target__type_support.hpp\n'}
[1.576983] (px4_msgs) StdoutLine: {'line': b'-- Up-to-date: /home/px4/ros2/ws/install/px4_msgs/include/px4_msgs/px4_msgs/msg/detail/can_interface_status__struct.hpp\n'}
[1.577054] (px4_msgs) StdoutLine: {'line': b'-- Up-to-date: /home/px4/ros2/ws/install/px4_msgs/include/px4_msgs/px4_msgs/msg/detail/estimator_status__traits.hpp\n'}
[1.577118] (px4_msgs) StdoutLine: {'line': b'-- Up-to-date: /home/px4/ros2/ws/install/px4_msgs/include/px4_msgs/px4_msgs/msg/detail/vehicle_global_position__traits.hpp\n'}
[1.577179] (px4_msgs) StdoutLine: {'line': b'-- Up-to-date: /home/px4/ros2/ws/install/px4_msgs/include/px4_msgs/px4_msgs/msg/detail/estimator_event_flags__traits.hpp\n'}
[1.577256] (px4_msgs) StdoutLine: {'line': b'-- Up-to-date: /home/px4/ros2/ws/install/px4_msgs/include/px4_msgs/px4_msgs/msg/detail/sensor_uwb__type_support.hpp\n'}
[1.577316] (px4_msgs) StdoutLine: {'line': b'-- Up-to-date: /home/px4/ros2/ws/install/px4_msgs/include/px4_msgs/px4_msgs/msg/detail/vehicle_local_position_setpoint__builder.hpp\n'}
[1.577377] (px4_msgs) StdoutLine: {'line': b'-- Up-to-date: /home/px4/ros2/ws/install/px4_msgs/include/px4_msgs/px4_msgs/msg/detail/parameter_set_value_response__struct.hpp\n'}
[1.577452] (px4_msgs) StdoutLine: {'line': b'-- Up-to-date: /home/px4/ros2/ws/install/px4_msgs/include/px4_msgs/px4_msgs/msg/detail/vehicle_local_position_setpoint__type_support.hpp\n'}
[1.577510] (px4_msgs) StdoutLine: {'line': b'-- Up-to-date: /home/px4/ros2/ws/install/px4_msgs/include/px4_msgs/px4_msgs/msg/detail/vehicle_torque_setpoint__traits.hpp\n'}
[1.577567] (px4_msgs) StdoutLine: {'line': b'-- Up-to-date: /home/px4/ros2/ws/install/px4_msgs/include/px4_msgs/px4_msgs/msg/detail/actuator_controls_status__builder.hpp\n'}
[1.577638] (px4_msgs) StdoutLine: {'line': b'-- Up-to-date: /home/px4/ros2/ws/install/px4_msgs/include/px4_msgs/px4_msgs/msg/detail/actuator_controls_status__struct.hpp\n'}
[1.577704] (px4_msgs) StdoutLine: {'line': b'-- Up-to-date: /home/px4/ros2/ws/install/px4_msgs/include/px4_msgs/px4_msgs/msg/detail/qshell_req__type_support.hpp\n'}
[1.577770] (px4_msgs) StdoutLine: {'line': b'-- Up-to-date: /home/px4/ros2/ws/install/px4_msgs/include/px4_msgs/px4_msgs/msg/detail/ulog_stream__traits.hpp\n'}
[1.577834] (px4_msgs) StdoutLine: {'line': b'-- Up-to-date: /home/px4/ros2/ws/install/px4_msgs/include/px4_msgs/px4_msgs/msg/detail/figure_eight_status__builder.hpp\n'}
[1.577899] (px4_msgs) StdoutLine: {'line': b'-- Up-to-date: /home/px4/ros2/ws/install/px4_msgs/include/px4_msgs/px4_msgs/msg/detail/debug_array__traits.hpp\n'}
[1.577978] (px4_msgs) StdoutLine: {'line': b'-- Up-to-date: /home/px4/ros2/ws/install/px4_msgs/include/px4_msgs/px4_msgs/msg/detail/estimator_gps_status__builder.hpp\n'}
[1.578041] (px4_msgs) StdoutLine: {'line': b'-- Up-to-date: /home/px4/ros2/ws/install/px4_msgs/include/px4_msgs/px4_msgs/msg/detail/vehicle_imu__builder.hpp\n'}
[1.578108] (px4_msgs) StdoutLine: {'line': b'-- Up-to-date: /home/px4/ros2/ws/install/px4_msgs/include/px4_msgs/px4_msgs/msg/detail/home_position__type_support.hpp\n'}
[1.578169] (px4_msgs) StdoutLine: {'line': b'-- Up-to-date: /home/px4/ros2/ws/install/px4_msgs/include/px4_msgs/px4_msgs/msg/detail/vehicle_land_detected__struct.hpp\n'}
[1.578232] (px4_msgs) StdoutLine: {'line': b'-- Up-to-date: /home/px4/ros2/ws/install/px4_msgs/include/px4_msgs/px4_msgs/msg/detail/gps_dump__builder.hpp\n'}
[1.578290] (px4_msgs) StdoutLine: {'line': b'-- Up-to-date: /home/px4/ros2/ws/install/px4_msgs/include/px4_msgs/px4_msgs/msg/detail/rover_velocity_status__struct.hpp\n'}
[1.578349] (px4_msgs) StdoutLine: {'line': b'-- Up-to-date: /home/px4/ros2/ws/install/px4_msgs/include/px4_msgs/px4_msgs/msg/detail/parameter_update__struct.hpp\n'}
[1.578406] (px4_msgs) StdoutLine: {'line': b'-- Up-to-date: /home/px4/ros2/ws/install/px4_msgs/include/px4_msgs/px4_msgs/msg/detail/sensor_accel__struct.hpp\n'}
[1.578470] (px4_msgs) StdoutLine: {'line': b'-- Up-to-date: /home/px4/ros2/ws/install/px4_msgs/include/px4_msgs/px4_msgs/msg/detail/offboard_control_mode__type_support.hpp\n'}
[1.578532] (px4_msgs) StdoutLine: {'line': b'-- Up-to-date: /home/px4/ros2/ws/install/px4_msgs/include/px4_msgs/px4_msgs/msg/detail/mavlink_log__builder.hpp\n'}
[1.578593] (px4_msgs) StdoutLine: {'line': b'-- Up-to-date: /home/px4/ros2/ws/install/px4_msgs/include/px4_msgs/px4_msgs/msg/detail/estimator_sensor_bias__struct.hpp\n'}
[1.578657] (px4_msgs) StdoutLine: {'line': b'-- Up-to-date: /home/px4/ros2/ws/install/px4_msgs/include/px4_msgs/px4_msgs/msg/detail/event__struct.hpp\n'}
[1.578718] (px4_msgs) StdoutLine: {'line': b'-- Up-to-date: /home/px4/ros2/ws/install/px4_msgs/include/px4_msgs/px4_msgs/msg/detail/vehicle_attitude_setpoint__struct.hpp\n'}
[1.578775] (px4_msgs) StdoutLine: {'line': b'-- Up-to-date: /home/px4/ros2/ws/install/px4_msgs/include/px4_msgs/px4_msgs/msg/detail/system_power__traits.hpp\n'}
[1.578837] (px4_msgs) StdoutLine: {'line': b'-- Up-to-date: /home/px4/ros2/ws/install/px4_msgs/include/px4_msgs/px4_msgs/msg/detail/vtol_vehicle_status__builder.hpp\n'}
[1.578900] (px4_msgs) StdoutLine: {'line': b'-- Up-to-date: /home/px4/ros2/ws/install/px4_msgs/include/px4_msgs/px4_msgs/msg/detail/rc_parameter_map__builder.hpp\n'}
[1.578964] (px4_msgs) StdoutLine: {'line': b'-- Up-to-date: /home/px4/ros2/ws/install/px4_msgs/include/px4_msgs/px4_msgs/msg/detail/pps_capture__traits.hpp\n'}
[1.579042] (px4_msgs) StdoutLine: {'line': b'-- Up-to-date: /home/px4/ros2/ws/install/px4_msgs/include/px4_msgs/px4_msgs/msg/detail/rate_ctrl_status__traits.hpp\n'}
[1.579104] (px4_msgs) StdoutLine: {'line': b'-- Up-to-date: /home/px4/ros2/ws/install/px4_msgs/include/px4_msgs/px4_msgs/msg/detail/estimator_aid_source1d__builder.hpp\n'}
[1.579166] (px4_msgs) StdoutLine: {'line': b'-- Up-to-date: /home/px4/ros2/ws/install/px4_msgs/include/px4_msgs/px4_msgs/msg/detail/gimbal_device_set_attitude__type_support.hpp\n'}
[1.579226] (px4_msgs) StdoutLine: {'line': b'-- Up-to-date: /home/px4/ros2/ws/install/px4_msgs/include/px4_msgs/px4_msgs/msg/detail/velocity_limits__struct.hpp\n'}
[1.579309] (px4_msgs) StdoutLine: {'line': b'-- Up-to-date: /home/px4/ros2/ws/install/px4_msgs/include/px4_msgs/px4_msgs/msg/detail/airspeed_validated__traits.hpp\n'}
[1.579376] (px4_msgs) StdoutLine: {'line': b'-- Up-to-date: /home/px4/ros2/ws/install/px4_msgs/include/px4_msgs/px4_msgs/msg/detail/power_button_state__struct.hpp\n'}
[1.579470] (px4_msgs) StdoutLine: {'line': b'-- Up-to-date: /home/px4/ros2/ws/install/px4_msgs/include/px4_msgs/px4_msgs/msg/detail/ulog_stream__type_support.hpp\n'}
[1.579558] (px4_msgs) StdoutLine: {'line': b'-- Up-to-date: /home/px4/ros2/ws/install/px4_msgs/include/px4_msgs/px4_msgs/msg/detail/landing_gear_wheel__traits.hpp\n'}
[1.579621] (px4_msgs) StdoutLine: {'line': b'-- Up-to-date: /home/px4/ros2/ws/install/px4_msgs/include/px4_msgs/px4_msgs/msg/detail/internal_combustion_engine_status__traits.hpp\n'}
[1.579732] (px4_msgs) StdoutLine: {'line': b'-- Up-to-date: /home/px4/ros2/ws/install/px4_msgs/include/px4_msgs/px4_msgs/msg/detail/mount_orientation__builder.hpp\n'}
[1.579814] (px4_msgs) StdoutLine: {'line': b'-- Up-to-date: /home/px4/ros2/ws/install/px4_msgs/include/px4_msgs/px4_msgs/msg/detail/obstacle_distance__struct.hpp\n'}
[1.579895] (px4_msgs) StdoutLine: {'line': b'-- Up-to-date: /home/px4/ros2/ws/install/px4_msgs/include/px4_msgs/px4_msgs/msg/detail/vehicle_rates_setpoint__struct.hpp\n'}
[1.580000] (px4_msgs) StdoutLine: {'line': b'-- Up-to-date: /home/px4/ros2/ws/install/px4_msgs/include/px4_msgs/px4_msgs/msg/detail/estimator_selector_status__type_support.hpp\n'}
[1.580062] (px4_msgs) StdoutLine: {'line': b'-- Up-to-date: /home/px4/ros2/ws/install/px4_msgs/include/px4_msgs/px4_msgs/msg/detail/uavcan_parameter_value__traits.hpp\n'}
[1.580120] (px4_msgs) StdoutLine: {'line': b'-- Up-to-date: /home/px4/ros2/ws/install/px4_msgs/include/px4_msgs/px4_msgs/msg/detail/vehicle_odometry__builder.hpp\n'}
[1.580178] (px4_msgs) StdoutLine: {'line': b'-- Up-to-date: /home/px4/ros2/ws/install/px4_msgs/include/px4_msgs/px4_msgs/msg/detail/sensors_status_imu__type_support.hpp\n'}
[1.580258] (px4_msgs) StdoutLine: {'line': b'-- Up-to-date: /home/px4/ros2/ws/install/px4_msgs/include/px4_msgs/px4_msgs/msg/detail/satellite_info__type_support.hpp\n'}
[1.580321] (px4_msgs) StdoutLine: {'line': b'-- Up-to-date: /home/px4/ros2/ws/install/px4_msgs/include/px4_msgs/px4_msgs/msg/detail/tiltrotor_extra_controls__builder.hpp\n'}
[1.580394] (px4_msgs) StdoutLine: {'line': b'-- Up-to-date: /home/px4/ros2/ws/install/px4_msgs/include/px4_msgs/px4_msgs/msg/detail/cellular_status__type_support.hpp\n'}
[1.580457] (px4_msgs) StdoutLine: {'line': b'-- Up-to-date: /home/px4/ros2/ws/install/px4_msgs/include/px4_msgs/px4_msgs/msg/detail/register_ext_component_reply__traits.hpp\n'}
[1.580522] (px4_msgs) StdoutLine: {'line': b'-- Up-to-date: /home/px4/ros2/ws/install/px4_msgs/include/px4_msgs/px4_msgs/msg/detail/rover_rate_status__builder.hpp\n'}
[1.580583] (px4_msgs) StdoutLine: {'line': b'-- Up-to-date: /home/px4/ros2/ws/install/px4_msgs/include/px4_msgs/px4_msgs/msg/detail/estimator_event_flags__struct.hpp\n'}
[1.580648] (px4_msgs) StdoutLine: {'line': b'-- Up-to-date: /home/px4/ros2/ws/install/px4_msgs/include/px4_msgs/px4_msgs/msg/detail/action_request__builder.hpp\n'}
[1.580703] (px4_msgs) StdoutLine: {'line': b'-- Up-to-date: /home/px4/ros2/ws/install/px4_msgs/include/px4_msgs/px4_msgs/msg/detail/rover_velocity_setpoint__traits.hpp\n'}
[1.580762] (px4_msgs) StdoutLine: {'line': b'-- Up-to-date: /home/px4/ros2/ws/install/px4_msgs/include/px4_msgs/px4_msgs/msg/detail/tiltrotor_extra_controls__traits.hpp\n'}
[1.580833] (px4_msgs) StdoutLine: {'line': b'-- Up-to-date: /home/px4/ros2/ws/install/px4_msgs/include/px4_msgs/px4_msgs/msg/detail/position_controller_status__type_support.hpp\n'}
[1.580899] (px4_msgs) StdoutLine: {'line': b'-- Up-to-date: /home/px4/ros2/ws/install/px4_msgs/include/px4_msgs/px4_msgs/msg/detail/heater_status__struct.hpp\n'}
[1.580964] (px4_msgs) StdoutLine: {'line': b'-- Up-to-date: /home/px4/ros2/ws/install/px4_msgs/include/px4_msgs/px4_msgs/msg/detail/actuator_servos_trim__type_support.hpp\n'}
[1.581023] (px4_msgs) StdoutLine: {'line': b'-- Up-to-date: /home/px4/ros2/ws/install/px4_msgs/include/px4_msgs/px4_msgs/msg/detail/longitudinal_control_configuration__struct.hpp\n'}
[1.581100] (px4_msgs) StdoutLine: {'line': b'-- Up-to-date: /home/px4/ros2/ws/install/px4_msgs/include/px4_msgs/px4_msgs/msg/detail/gpio_out__type_support.hpp\n'}
[1.581158] (px4_msgs) StdoutLine: {'line': b'-- Up-to-date: /home/px4/ros2/ws/install/px4_msgs/include/px4_msgs/px4_msgs/msg/detail/navigator_mission_item__traits.hpp\n'}
[1.581236] (px4_msgs) StdoutLine: {'line': b'-- Up-to-date: /home/px4/ros2/ws/install/px4_msgs/include/px4_msgs/px4_msgs/msg/detail/rate_ctrl_status__type_support.hpp\n'}
[1.581304] (px4_msgs) StdoutLine: {'line': b'-- Up-to-date: /home/px4/ros2/ws/install/px4_msgs/include/px4_msgs/px4_msgs/msg/detail/geofence_status__struct.hpp\n'}
[1.581364] (px4_msgs) StdoutLine: {'line': b'-- Up-to-date: /home/px4/ros2/ws/install/px4_msgs/include/px4_msgs/px4_msgs/msg/detail/follow_target__traits.hpp\n'}
[1.581427] (px4_msgs) StdoutLine: {'line': b'-- Up-to-date: /home/px4/ros2/ws/install/px4_msgs/include/px4_msgs/px4_msgs/msg/detail/battery_status__type_support.hpp\n'}
[1.581495] (px4_msgs) StdoutLine: {'line': b'-- Up-to-date: /home/px4/ros2/ws/install/px4_msgs/include/px4_msgs/px4_msgs/msg/detail/mission__struct.hpp\n'}
[1.581562] (px4_msgs) StdoutLine: {'line': b'-- Up-to-date: /home/px4/ros2/ws/install/px4_msgs/include/px4_msgs/px4_msgs/msg/detail/vehicle_torque_setpoint__type_support.hpp\n'}
[1.581620] (px4_msgs) StdoutLine: {'line': b'-- Up-to-date: /home/px4/ros2/ws/install/px4_msgs/include/px4_msgs/px4_msgs/msg/detail/fixed_wing_runway_control__type_support.hpp\n'}
[1.581674] (px4_msgs) StdoutLine: {'line': b'-- Up-to-date: /home/px4/ros2/ws/install/px4_msgs/include/px4_msgs/px4_msgs/msg/detail/sensor_uwb__struct.hpp\n'}
[1.581736] (px4_msgs) StdoutLine: {'line': b'-- Up-to-date: /home/px4/ros2/ws/install/px4_msgs/include/px4_msgs/px4_msgs/msg/detail/tune_control__struct.hpp\n'}
[1.581806] (px4_msgs) StdoutLine: {'line': b'-- Up-to-date: /home/px4/ros2/ws/install/px4_msgs/include/px4_msgs/px4_msgs/msg/detail/neural_control__traits.hpp\n'}
[1.581872] (px4_msgs) StdoutLine: {'line': b'-- Up-to-date: /home/px4/ros2/ws/install/px4_msgs/include/px4_msgs/px4_msgs/msg/detail/position_setpoint_triplet__type_support.hpp\n'}
[1.581961] (px4_msgs) StdoutLine: {'line': b'-- Up-to-date: /home/px4/ros2/ws/install/px4_msgs/include/px4_msgs/px4_msgs/msg/detail/control_allocator_status__traits.hpp\n'}
[1.582049] (px4_msgs) StdoutLine: {'line': b'-- Up-to-date: /home/px4/ros2/ws/install/px4_msgs/include/px4_msgs/px4_msgs/msg/detail/irlock_report__struct.hpp\n'}
[1.582111] (px4_msgs) StdoutLine: {'line': b'-- Up-to-date: /home/px4/ros2/ws/install/px4_msgs/include/px4_msgs/px4_msgs/msg/detail/sensor_accel__traits.hpp\n'}
[1.582173] (px4_msgs) StdoutLine: {'line': b'-- Up-to-date: /home/px4/ros2/ws/install/px4_msgs/include/px4_msgs/px4_msgs/msg/detail/event__builder.hpp\n'}
[1.582243] (px4_msgs) StdoutLine: {'line': b'-- Up-to-date: /home/px4/ros2/ws/install/px4_msgs/include/px4_msgs/px4_msgs/msg/detail/camera_capture__builder.hpp\n'}
[1.582306] (px4_msgs) StdoutLine: {'line': b'-- Up-to-date: /home/px4/ros2/ws/install/px4_msgs/include/px4_msgs/px4_msgs/msg/detail/rover_attitude_setpoint__struct.hpp\n'}
[1.582371] (px4_msgs) StdoutLine: {'line': b'-- Up-to-date: /home/px4/ros2/ws/install/px4_msgs/include/px4_msgs/px4_msgs/msg/detail/estimator_aid_source3d__type_support.hpp\n'}
[1.582435] (px4_msgs) StdoutLine: {'line': b'-- Up-to-date: /home/px4/ros2/ws/install/px4_msgs/include/px4_msgs/px4_msgs/msg/detail/actuator_test__traits.hpp\n'}
[1.582514] (px4_msgs) StdoutLine: {'line': b'-- Up-to-date: /home/px4/ros2/ws/install/px4_msgs/include/px4_msgs/px4_msgs/msg/detail/mount_orientation__traits.hpp\n'}
[1.582576] (px4_msgs) StdoutLine: {'line': b'-- Up-to-date: /home/px4/ros2/ws/install/px4_msgs/include/px4_msgs/px4_msgs/msg/detail/debug_array__struct.hpp\n'}
[1.582644] (px4_msgs) StdoutLine: {'line': b'-- Up-to-date: /home/px4/ros2/ws/install/px4_msgs/include/px4_msgs/px4_msgs/msg/detail/wheel_encoders__builder.hpp\n'}
[1.582699] (px4_msgs) StdoutLine: {'line': b'-- Up-to-date: /home/px4/ros2/ws/install/px4_msgs/include/px4_msgs/px4_msgs/msg/detail/health_report__struct.hpp\n'}
[1.582772] (px4_msgs) StdoutLine: {'line': b'-- Up-to-date: /home/px4/ros2/ws/install/px4_msgs/include/px4_msgs/px4_msgs/msg/detail/mission__builder.hpp\n'}
[1.582832] (px4_msgs) StdoutLine: {'line': b'-- Up-to-date: /home/px4/ros2/ws/install/px4_msgs/include/px4_msgs/px4_msgs/msg/detail/autotune_attitude_control_status__traits.hpp\n'}
[1.582918] (px4_msgs) StdoutLine: {'line': b'-- Up-to-date: /home/px4/ros2/ws/install/px4_msgs/include/px4_msgs/px4_msgs/msg/detail/open_drone_id_operator_id__builder.hpp\n'}
[1.582980] (px4_msgs) StdoutLine: {'line': b'-- Up-to-date: /home/px4/ros2/ws/install/px4_msgs/include/px4_msgs/px4_msgs/msg/detail/rtl_status__builder.hpp\n'}
[1.583059] (px4_msgs) StdoutLine: {'line': b'-- Up-to-date: /home/px4/ros2/ws/install/px4_msgs/include/px4_msgs/px4_msgs/msg/detail/failsafe_flags__type_support.hpp\n'}
[1.583132] (px4_msgs) StdoutLine: {'line': b'-- Up-to-date: /home/px4/ros2/ws/install/px4_msgs/include/px4_msgs/px4_msgs/msg/detail/follow_target_status__builder.hpp\n'}
[1.583192] (px4_msgs) StdoutLine: {'line': b'-- Up-to-date: /home/px4/ros2/ws/install/px4_msgs/include/px4_msgs/px4_msgs/msg/detail/neural_control__type_support.hpp\n'}
[1.583256] (px4_msgs) StdoutLine: {'line': b'-- Up-to-date: /home/px4/ros2/ws/install/px4_msgs/include/px4_msgs/px4_msgs/msg/detail/arming_check_reply__builder.hpp\n'}
[1.583317] (px4_msgs) StdoutLine: {'line': b'-- Up-to-date: /home/px4/ros2/ws/install/px4_msgs/include/px4_msgs/px4_msgs/msg/detail/timesync_status__traits.hpp\n'}
[1.583375] (px4_msgs) StdoutLine: {'line': b'-- Up-to-date: /home/px4/ros2/ws/install/px4_msgs/include/px4_msgs/px4_msgs/msg/detail/vehicle_status__traits.hpp\n'}
[1.583444] (px4_msgs) StdoutLine: {'line': b'-- Up-to-date: /home/px4/ros2/ws/install/px4_msgs/include/px4_msgs/px4_msgs/msg/detail/estimator_selector_status__traits.hpp\n'}
[1.583514] (px4_msgs) StdoutLine: {'line': b'-- Up-to-date: /home/px4/ros2/ws/install/px4_msgs/include/px4_msgs/px4_msgs/msg/detail/position_controller_landing_status__traits.hpp\n'}
[1.583567] (px4_msgs) StdoutLine: {'line': b'-- Up-to-date: /home/px4/ros2/ws/install/px4_msgs/include/px4_msgs/px4_msgs/msg/detail/rover_velocity_setpoint__builder.hpp\n'}
[1.583636] (px4_msgs) StdoutLine: {'line': b'-- Up-to-date: /home/px4/ros2/ws/install/px4_msgs/include/px4_msgs/px4_msgs/msg/detail/rover_attitude_setpoint__builder.hpp\n'}
[1.583700] (px4_msgs) StdoutLine: {'line': b'-- Up-to-date: /home/px4/ros2/ws/install/px4_msgs/include/px4_msgs/px4_msgs/msg/detail/actuator_outputs__type_support.hpp\n'}
[1.583771] (px4_msgs) StdoutLine: {'line': b'-- Up-to-date: /home/px4/ros2/ws/install/px4_msgs/include/px4_msgs/px4_msgs/msg/detail/debug_value__type_support.hpp\n'}
[1.583829] (px4_msgs) StdoutLine: {'line': b'-- Up-to-date: /home/px4/ros2/ws/install/px4_msgs/include/px4_msgs/px4_msgs/msg/detail/register_ext_component_request__type_support.hpp\n'}
[1.583927] (px4_msgs) StdoutLine: {'line': b'-- Up-to-date: /home/px4/ros2/ws/install/px4_msgs/include/px4_msgs/px4_msgs/msg/detail/mag_worker_data__struct.hpp\n'}
[1.583987] (px4_msgs) StdoutLine: {'line': b'-- Up-to-date: /home/px4/ros2/ws/install/px4_msgs/include/px4_msgs/px4_msgs/msg/detail/vehicle_local_position__traits.hpp\n'}
[1.584057] (px4_msgs) StdoutLine: {'line': b'-- Up-to-date: /home/px4/ros2/ws/install/px4_msgs/include/px4_msgs/px4_msgs/msg/detail/position_controller_status__builder.hpp\n'}
[1.584122] (px4_msgs) StdoutLine: {'line': b'-- Up-to-date: /home/px4/ros2/ws/install/px4_msgs/include/px4_msgs/px4_msgs/msg/detail/autotune_attitude_control_status__type_support.hpp\n'}
[1.584179] (px4_msgs) StdoutLine: {'line': b'-- Up-to-date: /home/px4/ros2/ws/install/px4_msgs/include/px4_msgs/px4_msgs/msg/detail/figure_eight_status__type_support.hpp\n'}
[1.584240] (px4_msgs) StdoutLine: {'line': b'-- Up-to-date: /home/px4/ros2/ws/install/px4_msgs/include/px4_msgs/px4_msgs/msg/detail/hover_thrust_estimate__type_support.hpp\n'}
[1.584378] (px4_msgs) StdoutLine: {'line': b'-- Up-to-date: /home/px4/ros2/ws/install/px4_msgs/include/px4_msgs/px4_msgs/msg/detail/magnetometer_bias_estimate__type_support.hpp\n'}
[1.584440] (px4_msgs) StdoutLine: {'line': b'-- Up-to-date: /home/px4/ros2/ws/install/px4_msgs/include/px4_msgs/px4_msgs/msg/detail/lateral_control_configuration__builder.hpp\n'}
[1.584500] (px4_msgs) StdoutLine: {'line': b'-- Up-to-date: /home/px4/ros2/ws/install/px4_msgs/include/px4_msgs/px4_msgs/msg/detail/rc_parameter_map__struct.hpp\n'}
[1.584597] (px4_msgs) StdoutLine: {'line': b'-- Up-to-date: /home/px4/ros2/ws/install/px4_msgs/include/px4_msgs/px4_msgs/msg/detail/mission_result__traits.hpp\n'}
[1.584661] (px4_msgs) StdoutLine: {'line': b'-- Up-to-date: /home/px4/ros2/ws/install/px4_msgs/include/px4_msgs/px4_msgs/msg/detail/telemetry_status__traits.hpp\n'}
[1.584719] (px4_msgs) StdoutLine: {'line': b'-- Up-to-date: /home/px4/ros2/ws/install/px4_msgs/include/px4_msgs/px4_msgs/msg/detail/collision_constraints__traits.hpp\n'}
[1.584778] (px4_msgs) StdoutLine: {'line': b'-- Up-to-date: /home/px4/ros2/ws/install/px4_msgs/include/px4_msgs/px4_msgs/msg/detail/telemetry_status__type_support.hpp\n'}
[1.584835] (px4_msgs) StdoutLine: {'line': b'-- Up-to-date: /home/px4/ros2/ws/install/px4_msgs/include/px4_msgs/px4_msgs/msg/detail/vehicle_roi__traits.hpp\n'}
[1.584914] (px4_msgs) StdoutLine: {'line': b'-- Up-to-date: /home/px4/ros2/ws/install/px4_msgs/include/px4_msgs/px4_msgs/msg/detail/rover_rate_status__traits.hpp\n'}
[1.584970] (px4_msgs) StdoutLine: {'line': b'-- Up-to-date: /home/px4/ros2/ws/install/px4_msgs/include/px4_msgs/px4_msgs/msg/detail/mag_worker_data__builder.hpp\n'}
[1.585099] (px4_msgs) StdoutLine: {'line': b'-- Up-to-date: /home/px4/ros2/ws/install/px4_msgs/include/px4_msgs/px4_msgs/msg/detail/geofence_result__traits.hpp\n'}
[1.585190] (px4_msgs) StdoutLine: {'line': b'-- Up-to-date: /home/px4/ros2/ws/install/px4_msgs/include/px4_msgs/px4_msgs/msg/detail/fixed_wing_longitudinal_setpoint__builder.hpp\n'}
[1.585242] (px4_msgs) StdoutLine: {'line': b'-- Up-to-date: /home/px4/ros2/ws/install/px4_msgs/include/px4_msgs/px4_msgs/msg/detail/sensors_status__builder.hpp\n'}
[1.585316] (px4_msgs) StdoutLine: {'line': b'-- Up-to-date: /home/px4/ros2/ws/install/px4_msgs/include/px4_msgs/px4_msgs/msg/detail/actuator_armed__struct.hpp\n'}
[1.585381] (px4_msgs) StdoutLine: {'line': b'-- Up-to-date: /home/px4/ros2/ws/install/px4_msgs/include/px4_msgs/px4_msgs/msg/detail/dronecan_node_status__traits.hpp\n'}
[1.585451] (px4_msgs) StdoutLine: {'line': b'-- Up-to-date: /home/px4/ros2/ws/install/px4_msgs/include/px4_msgs/px4_msgs/msg/detail/fixed_wing_runway_control__builder.hpp\n'}
[1.585520] (px4_msgs) StdoutLine: {'line': b'-- Up-to-date: /home/px4/ros2/ws/install/px4_msgs/include/px4_msgs/px4_msgs/msg/detail/ekf2_timestamps__type_support.hpp\n'}
[1.585578] (px4_msgs) StdoutLine: {'line': b'-- Up-to-date: /home/px4/ros2/ws/install/px4_msgs/include/px4_msgs/px4_msgs/msg/detail/sensor_gps__struct.hpp\n'}
[1.585648] (px4_msgs) StdoutLine: {'line': b'-- Up-to-date: /home/px4/ros2/ws/install/px4_msgs/include/px4_msgs/px4_msgs/msg/detail/sensor_baro__struct.hpp\n'}
[1.585718] (px4_msgs) StdoutLine: {'line': b'-- Up-to-date: /home/px4/ros2/ws/install/px4_msgs/include/px4_msgs/px4_msgs/msg/detail/irlock_report__type_support.hpp\n'}
[1.585787] (px4_msgs) StdoutLine: {'line': b'-- Up-to-date: /home/px4/ros2/ws/install/px4_msgs/include/px4_msgs/px4_msgs/msg/detail/manual_control_setpoint__struct.hpp\n'}
[1.585871] (px4_msgs) StdoutLine: {'line': b'-- Up-to-date: /home/px4/ros2/ws/install/px4_msgs/include/px4_msgs/px4_msgs/msg/detail/irlock_report__builder.hpp\n'}
[1.585943] (px4_msgs) StdoutLine: {'line': b'-- Up-to-date: /home/px4/ros2/ws/install/px4_msgs/include/px4_msgs/px4_msgs/msg/detail/flight_phase_estimation__struct.hpp\n'}
[1.586008] (px4_msgs) StdoutLine: {'line': b'-- Up-to-date: /home/px4/ros2/ws/install/px4_msgs/include/px4_msgs/px4_msgs/msg/detail/health_report__traits.hpp\n'}
[1.586069] (px4_msgs) StdoutLine: {'line': b'-- Up-to-date: /home/px4/ros2/ws/install/px4_msgs/include/px4_msgs/px4_msgs/msg/detail/transponder_report__struct.hpp\n'}
[1.586142] (px4_msgs) StdoutLine: {'line': b'-- Up-to-date: /home/px4/ros2/ws/install/px4_msgs/include/px4_msgs/px4_msgs/msg/detail/ekf2_timestamps__builder.hpp\n'}
[1.586233] (px4_msgs) StdoutLine: {'line': b'-- Up-to-date: /home/px4/ros2/ws/install/px4_msgs/include/px4_msgs/px4_msgs/msg/detail/gimbal_manager_status__type_support.hpp\n'}
[1.586307] (px4_msgs) StdoutLine: {'line': b'-- Up-to-date: /home/px4/ros2/ws/install/px4_msgs/include/px4_msgs/px4_msgs/msg/detail/power_monitor__builder.hpp\n'}
[1.586369] (px4_msgs) StdoutLine: {'line': b'-- Up-to-date: /home/px4/ros2/ws/install/px4_msgs/include/px4_msgs/px4_msgs/msg/detail/led_control__type_support.hpp\n'}
[1.586439] (px4_msgs) StdoutLine: {'line': b'-- Up-to-date: /home/px4/ros2/ws/install/px4_msgs/include/px4_msgs/px4_msgs/msg/detail/esc_status__struct.hpp\n'}
[1.586498] (px4_msgs) StdoutLine: {'line': b'-- Up-to-date: /home/px4/ros2/ws/install/px4_msgs/include/px4_msgs/px4_msgs/msg/detail/collision_constraints__builder.hpp\n'}
[1.586569] (px4_msgs) StdoutLine: {'line': b'-- Up-to-date: /home/px4/ros2/ws/install/px4_msgs/include/px4_msgs/px4_msgs/msg/detail/camera_capture__struct.hpp\n'}
[1.586632] (px4_msgs) StdoutLine: {'line': b'-- Up-to-date: /home/px4/ros2/ws/install/px4_msgs/include/px4_msgs/px4_msgs/msg/detail/vehicle_air_data__type_support.hpp\n'}
[1.586690] (px4_msgs) StdoutLine: {'line': b'-- Up-to-date: /home/px4/ros2/ws/install/px4_msgs/include/px4_msgs/px4_msgs/msg/detail/manual_control_setpoint__traits.hpp\n'}
[1.586772] (px4_msgs) StdoutLine: {'line': b'-- Up-to-date: /home/px4/ros2/ws/install/px4_msgs/include/px4_msgs/px4_msgs/msg/detail/satellite_info__traits.hpp\n'}
[1.586835] (px4_msgs) StdoutLine: {'line': b'-- Up-to-date: /home/px4/ros2/ws/install/px4_msgs/include/px4_msgs/px4_msgs/msg/detail/estimator_bias3d__builder.hpp\n'}
[1.586900] (px4_msgs) StdoutLine: {'line': b'-- Up-to-date: /home/px4/ros2/ws/install/px4_msgs/include/px4_msgs/px4_msgs/msg/detail/goto_setpoint__struct.hpp\n'}
[1.586965] (px4_msgs) StdoutLine: {'line': b'-- Up-to-date: /home/px4/ros2/ws/install/px4_msgs/include/px4_msgs/px4_msgs/msg/detail/estimator_selector_status__builder.hpp\n'}
[1.587023] (px4_msgs) StdoutLine: {'line': b'-- Up-to-date: /home/px4/ros2/ws/install/px4_msgs/include/px4_msgs/px4_msgs/msg/detail/collision_constraints__struct.hpp\n'}
[1.587108] (px4_msgs) StdoutLine: {'line': b'-- Up-to-date: /home/px4/ros2/ws/install/px4_msgs/include/px4_msgs/px4_msgs/msg/detail/cellular_status__traits.hpp\n'}
[1.587176] (px4_msgs) StdoutLine: {'line': b'-- Up-to-date: /home/px4/ros2/ws/install/px4_msgs/include/px4_msgs/px4_msgs/msg/detail/gimbal_manager_set_manual_control__builder.hpp\n'}
[1.587237] (px4_msgs) StdoutLine: {'line': b'-- Up-to-date: /home/px4/ros2/ws/install/px4_msgs/include/px4_msgs/px4_msgs/msg/detail/mode_completed__type_support.hpp\n'}
[1.587298] (px4_msgs) StdoutLine: {'line': b'-- Up-to-date: /home/px4/ros2/ws/install/px4_msgs/include/px4_msgs/px4_msgs/msg/detail/task_stack_info__struct.hpp\n'}
[1.587355] (px4_msgs) StdoutLine: {'line': b'-- Up-to-date: /home/px4/ros2/ws/install/px4_msgs/include/px4_msgs/px4_msgs/msg/detail/sensors_status__traits.hpp\n'}
[1.587432] (px4_msgs) StdoutLine: {'line': b'-- Up-to-date: /home/px4/ros2/ws/install/px4_msgs/include/px4_msgs/px4_msgs/msg/detail/actuator_servos__traits.hpp\n'}
[1.587493] (px4_msgs) StdoutLine: {'line': b'-- Up-to-date: /home/px4/ros2/ws/install/px4_msgs/include/px4_msgs/px4_msgs/msg/detail/px4io_status__builder.hpp\n'}
[1.587572] (px4_msgs) StdoutLine: {'line': b'-- Up-to-date: /home/px4/ros2/ws/install/px4_msgs/include/px4_msgs/px4_msgs/msg/detail/sensor_baro__type_support.hpp\n'}
[1.587635] (px4_msgs) StdoutLine: {'line': b'-- Up-to-date: /home/px4/ros2/ws/install/px4_msgs/include/px4_msgs/px4_msgs/msg/detail/camera_trigger__traits.hpp\n'}
[1.587715] (px4_msgs) StdoutLine: {'line': b'-- Up-to-date: /home/px4/ros2/ws/install/px4_msgs/include/px4_msgs/px4_msgs/msg/detail/vehicle_command_ack__struct.hpp\n'}
[1.587771] (px4_msgs) StdoutLine: {'line': b'-- Up-to-date: /home/px4/ros2/ws/install/px4_msgs/include/px4_msgs/px4_msgs/msg/detail/dataman_request__struct.hpp\n'}
[1.587829] (px4_msgs) StdoutLine: {'line': b'-- Up-to-date: /home/px4/ros2/ws/install/px4_msgs/include/px4_msgs/px4_msgs/msg/detail/internal_combustion_engine_status__struct.hpp\n'}
[1.587906] (px4_msgs) StdoutLine: {'line': b'-- Up-to-date: /home/px4/ros2/ws/install/px4_msgs/include/px4_msgs/px4_msgs/msg/detail/tecs_status__builder.hpp\n'}
[1.587968] (px4_msgs) StdoutLine: {'line': b'-- Up-to-date: /home/px4/ros2/ws/install/px4_msgs/include/px4_msgs/px4_msgs/msg/detail/qshell_retval__traits.hpp\n'}
[1.588017] (px4_msgs) StdoutLine: {'line': b'-- Up-to-date: /home/px4/ros2/ws/install/px4_msgs/include/px4_msgs/px4_msgs/msg/detail/fixed_wing_lateral_status__builder.hpp\n'}
[1.588070] (px4_msgs) StdoutLine: {'line': b'-- Up-to-date: /home/px4/ros2/ws/install/px4_msgs/include/px4_msgs/px4_msgs/msg/detail/event__type_support.hpp\n'}
[1.588118] (px4_msgs) StdoutLine: {'line': b'-- Up-to-date: /home/px4/ros2/ws/install/px4_msgs/include/px4_msgs/px4_msgs/msg/detail/sensor_gyro_fft__type_support.hpp\n'}
[1.588164] (px4_msgs) StdoutLine: {'line': b'-- Up-to-date: /home/px4/ros2/ws/install/px4_msgs/include/px4_msgs/px4_msgs/msg/detail/follow_target_status__struct.hpp\n'}
[1.588211] (px4_msgs) StdoutLine: {'line': b'-- Up-to-date: /home/px4/ros2/ws/install/px4_msgs/include/px4_msgs/px4_msgs/msg/detail/estimator_bias3d__type_support.hpp\n'}
[1.588256] (px4_msgs) StdoutLine: {'line': b'-- Up-to-date: /home/px4/ros2/ws/install/px4_msgs/include/px4_msgs/px4_msgs/msg/detail/actuator_servos_trim__struct.hpp\n'}
[1.588301] (px4_msgs) StdoutLine: {'line': b'-- Up-to-date: /home/px4/ros2/ws/install/px4_msgs/include/px4_msgs/px4_msgs/msg/detail/rover_rate_setpoint__traits.hpp\n'}
[1.588348] (px4_msgs) StdoutLine: {'line': b'-- Up-to-date: /home/px4/ros2/ws/install/px4_msgs/include/px4_msgs/px4_msgs/msg/detail/sensor_airflow__traits.hpp\n'}
[1.588394] (px4_msgs) StdoutLine: {'line': b'-- Up-to-date: /home/px4/ros2/ws/install/px4_msgs/include/px4_msgs/px4_msgs/msg/detail/mission__traits.hpp\n'}
[1.588439] (px4_msgs) StdoutLine: {'line': b'-- Up-to-date: /home/px4/ros2/ws/install/px4_msgs/include/px4_msgs/px4_msgs/msg/detail/fixed_wing_lateral_setpoint__traits.hpp\n'}
[1.588485] (px4_msgs) StdoutLine: {'line': b'-- Up-to-date: /home/px4/ros2/ws/install/px4_msgs/include/px4_msgs/px4_msgs/msg/detail/gpio_in__builder.hpp\n'}
[1.588531] (px4_msgs) StdoutLine: {'line': b'-- Up-to-date: /home/px4/ros2/ws/install/px4_msgs/include/px4_msgs/px4_msgs/msg/detail/airspeed_wind__builder.hpp\n'}
[1.588577] (px4_msgs) StdoutLine: {'line': b'-- Up-to-date: /home/px4/ros2/ws/install/px4_msgs/include/px4_msgs/px4_msgs/msg/detail/orb_test__type_support.hpp\n'}
[1.588623] (px4_msgs) StdoutLine: {'line': b'-- Up-to-date: /home/px4/ros2/ws/install/px4_msgs/include/px4_msgs/px4_msgs/msg/detail/open_drone_id_arm_status__traits.hpp\n'}
[1.588669] (px4_msgs) StdoutLine: {'line': b'-- Up-to-date: /home/px4/ros2/ws/install/px4_msgs/include/px4_msgs/px4_msgs/msg/detail/geofence_result__builder.hpp\n'}
[1.588712] (px4_msgs) StdoutLine: {'line': b'-- Up-to-date: /home/px4/ros2/ws/install/px4_msgs/include/px4_msgs/px4_msgs/msg/detail/gripper__struct.hpp\n'}
[1.588769] (px4_msgs) StdoutLine: {'line': b'-- Up-to-date: /home/px4/ros2/ws/install/px4_msgs/include/px4_msgs/px4_msgs/msg/detail/tecs_status__traits.hpp\n'}
[1.588815] (px4_msgs) StdoutLine: {'line': b'-- Up-to-date: /home/px4/ros2/ws/install/px4_msgs/include/px4_msgs/px4_msgs/msg/detail/ulog_stream_ack__type_support.hpp\n'}
[1.588861] (px4_msgs) StdoutLine: {'line': b'-- Up-to-date: /home/px4/ros2/ws/install/px4_msgs/include/px4_msgs/px4_msgs/msg/detail/vehicle_rates_setpoint__traits.hpp\n'}
[1.588925] (px4_msgs) StdoutLine: {'line': b'-- Up-to-date: /home/px4/ros2/ws/install/px4_msgs/include/px4_msgs/px4_msgs/msg/detail/trajectory_setpoint__type_support.hpp\n'}
[1.588971] (px4_msgs) StdoutLine: {'line': b'-- Up-to-date: /home/px4/ros2/ws/install/px4_msgs/include/px4_msgs/px4_msgs/msg/detail/velocity_limits__builder.hpp\n'}
[1.589016] (px4_msgs) StdoutLine: {'line': b'-- Up-to-date: /home/px4/ros2/ws/install/px4_msgs/include/px4_msgs/px4_msgs/msg/detail/open_drone_id_arm_status__builder.hpp\n'}
[1.589062] (px4_msgs) StdoutLine: {'line': b'-- Up-to-date: /home/px4/ros2/ws/install/px4_msgs/include/px4_msgs/px4_msgs/msg/detail/rover_steering_setpoint__builder.hpp\n'}
[1.589114] (px4_msgs) StdoutLine: {'line': b'-- Up-to-date: /home/px4/ros2/ws/install/px4_msgs/include/px4_msgs/px4_msgs/msg/detail/sensor_gnss_relative__struct.hpp\n'}
[1.589160] (px4_msgs) StdoutLine: {'line': b'-- Up-to-date: /home/px4/ros2/ws/install/px4_msgs/include/px4_msgs/px4_msgs/msg/detail/fixed_wing_longitudinal_setpoint__type_support.hpp\n'}
[1.589206] (px4_msgs) StdoutLine: {'line': b'-- Up-to-date: /home/px4/ros2/ws/install/px4_msgs/include/px4_msgs/px4_msgs/msg/detail/event__traits.hpp\n'}
[1.589252] (px4_msgs) StdoutLine: {'line': b'-- Up-to-date: /home/px4/ros2/ws/install/px4_msgs/include/px4_msgs/px4_msgs/msg/detail/arming_check_reply__type_support.hpp\n'}
[1.589299] (px4_msgs) StdoutLine: {'line': b'-- Up-to-date: /home/px4/ros2/ws/install/px4_msgs/include/px4_msgs/px4_msgs/msg/detail/actuator_servos_trim__builder.hpp\n'}
[1.589344] (px4_msgs) StdoutLine: {'line': b'-- Up-to-date: /home/px4/ros2/ws/install/px4_msgs/include/px4_msgs/px4_msgs/msg/detail/airspeed__struct.hpp\n'}
[1.589389] (px4_msgs) StdoutLine: {'line': b'-- Up-to-date: /home/px4/ros2/ws/install/px4_msgs/include/px4_msgs/px4_msgs/msg/detail/arming_check_request__struct.hpp\n'}
[1.589436] (px4_msgs) StdoutLine: {'line': b'-- Up-to-date: /home/px4/ros2/ws/install/px4_msgs/include/px4_msgs/px4_msgs/msg/detail/power_button_state__type_support.hpp\n'}
[1.589482] (px4_msgs) StdoutLine: {'line': b'-- Up-to-date: /home/px4/ros2/ws/install/px4_msgs/include/px4_msgs/px4_msgs/msg/detail/trajectory_setpoint__struct.hpp\n'}
[1.589528] (px4_msgs) StdoutLine: {'line': b'-- Up-to-date: /home/px4/ros2/ws/install/px4_msgs/include/px4_msgs/px4_msgs/msg/detail/satellite_info__struct.hpp\n'}
[1.589579] (px4_msgs) StdoutLine: {'line': b'-- Up-to-date: /home/px4/ros2/ws/install/px4_msgs/include/px4_msgs/px4_msgs/msg/detail/rc_channels__type_support.hpp\n'}
[1.589626] (px4_msgs) StdoutLine: {'line': b'-- Up-to-date: /home/px4/ros2/ws/install/px4_msgs/include/px4_msgs/px4_msgs/msg/detail/logger_status__struct.hpp\n'}
[1.589672] (px4_msgs) StdoutLine: {'line': b'-- Up-to-date: /home/px4/ros2/ws/install/px4_msgs/include/px4_msgs/px4_msgs/msg/detail/camera_trigger__builder.hpp\n'}
[1.589716] (px4_msgs) StdoutLine: {'line': b'-- Up-to-date: /home/px4/ros2/ws/install/px4_msgs/include/px4_msgs/px4_msgs/msg/detail/pure_pursuit_status__struct.hpp\n'}
[1.589761] (px4_msgs) StdoutLine: {'line': b'-- Up-to-date: /home/px4/ros2/ws/install/px4_msgs/include/px4_msgs/px4_msgs/msg/detail/rpm__struct.hpp\n'}
[1.589806] (px4_msgs) StdoutLine: {'line': b'-- Up-to-date: /home/px4/ros2/ws/install/px4_msgs/include/px4_msgs/px4_msgs/msg/detail/landing_target_innovations__traits.hpp\n'}
[1.589852] (px4_msgs) StdoutLine: {'line': b'-- Up-to-date: /home/px4/ros2/ws/install/px4_msgs/include/px4_msgs/px4_msgs/msg/detail/estimator_selector_status__struct.hpp\n'}
[1.589913] (px4_msgs) StdoutLine: {'line': b'-- Up-to-date: /home/px4/ros2/ws/install/px4_msgs/include/px4_msgs/px4_msgs/msg/detail/vehicle_acceleration__traits.hpp\n'}
[1.589962] (px4_msgs) StdoutLine: {'line': b'-- Up-to-date: /home/px4/ros2/ws/install/px4_msgs/include/px4_msgs/px4_msgs/msg/detail/autotune_attitude_control_status__builder.hpp\n'}
[1.590009] (px4_msgs) StdoutLine: {'line': b'-- Up-to-date: /home/px4/ros2/ws/install/px4_msgs/include/px4_msgs/px4_msgs/msg/detail/dataman_response__traits.hpp\n'}
[1.590055] (px4_msgs) StdoutLine: {'line': b'-- Up-to-date: /home/px4/ros2/ws/install/px4_msgs/include/px4_msgs/px4_msgs/msg/detail/vehicle_angular_acceleration_setpoint__traits.hpp\n'}
[1.590100] (px4_msgs) StdoutLine: {'line': b'-- Up-to-date: /home/px4/ros2/ws/install/px4_msgs/include/px4_msgs/px4_msgs/msg/detail/task_stack_info__builder.hpp\n'}
[1.590145] (px4_msgs) StdoutLine: {'line': b'-- Up-to-date: /home/px4/ros2/ws/install/px4_msgs/include/px4_msgs/px4_msgs/msg/detail/follow_target_status__traits.hpp\n'}
[1.590191] (px4_msgs) StdoutLine: {'line': b'-- Up-to-date: /home/px4/ros2/ws/install/px4_msgs/include/px4_msgs/px4_msgs/msg/detail/heater_status__type_support.hpp\n'}
[1.590236] (px4_msgs) StdoutLine: {'line': b'-- Up-to-date: /home/px4/ros2/ws/install/px4_msgs/include/px4_msgs/px4_msgs/msg/detail/launch_detection_status__traits.hpp\n'}
[1.590288] (px4_msgs) StdoutLine: {'line': b'-- Up-to-date: /home/px4/ros2/ws/install/px4_msgs/include/px4_msgs/px4_msgs/msg/detail/ulog_stream__builder.hpp\n'}
[1.590334] (px4_msgs) StdoutLine: {'line': b'-- Up-to-date: /home/px4/ros2/ws/install/px4_msgs/include/px4_msgs/px4_msgs/msg/detail/landing_target_innovations__type_support.hpp\n'}
[1.590389] (px4_msgs) StdoutLine: {'line': b'-- Up-to-date: /home/px4/ros2/ws/install/px4_msgs/include/px4_msgs/px4_msgs/msg/detail/gimbal_manager_set_manual_control__struct.hpp\n'}
[1.590436] (px4_msgs) StdoutLine: {'line': b'-- Up-to-date: /home/px4/ros2/ws/install/px4_msgs/include/px4_msgs/px4_msgs/msg/detail/velocity_limits__traits.hpp\n'}
[1.590481] (px4_msgs) StdoutLine: {'line': b'-- Up-to-date: /home/px4/ros2/ws/install/px4_msgs/include/px4_msgs/px4_msgs/msg/detail/sensor_mag__type_support.hpp\n'}
[1.590526] (px4_msgs) StdoutLine: {'line': b'-- Up-to-date: /home/px4/ros2/ws/install/px4_msgs/include/px4_msgs/px4_msgs/msg/detail/hover_thrust_estimate__builder.hpp\n'}
[1.590571] (px4_msgs) StdoutLine: {'line': b'-- Up-to-date: /home/px4/ros2/ws/install/px4_msgs/include/px4_msgs/px4_msgs/msg/detail/sensor_optical_flow__traits.hpp\n'}
[1.590616] (px4_msgs) StdoutLine: {'line': b'-- Up-to-date: /home/px4/ros2/ws/install/px4_msgs/include/px4_msgs/px4_msgs/msg/detail/distance_sensor_mode_change_request__struct.hpp\n'}
[1.590662] (px4_msgs) StdoutLine: {'line': b'-- Up-to-date: /home/px4/ros2/ws/install/px4_msgs/include/px4_msgs/px4_msgs/msg/detail/orbit_status__builder.hpp\n'}
[1.590708] (px4_msgs) StdoutLine: {'line': b'-- Up-to-date: /home/px4/ros2/ws/install/px4_msgs/include/px4_msgs/px4_msgs/msg/detail/control_allocator_status__struct.hpp\n'}
[1.590753] (px4_msgs) StdoutLine: {'line': b'-- Up-to-date: /home/px4/ros2/ws/install/px4_msgs/include/px4_msgs/px4_msgs/msg/detail/fuel_tank_status__struct.hpp\n'}
[1.590798] (px4_msgs) StdoutLine: {'line': b'-- Up-to-date: /home/px4/ros2/ws/install/px4_msgs/include/px4_msgs/px4_msgs/msg/detail/onboard_computer_status__type_support.hpp\n'}
[1.590843] (px4_msgs) StdoutLine: {'line': b'-- Up-to-date: /home/px4/ros2/ws/install/px4_msgs/include/px4_msgs/px4_msgs/msg/detail/sensor_hygrometer__builder.hpp\n'}
[1.590901] (px4_msgs) StdoutLine: {'line': b'-- Up-to-date: /home/px4/ros2/ws/install/px4_msgs/include/px4_msgs/px4_msgs/msg/detail/sensor_gyro_fifo__builder.hpp\n'}
[1.590955] (px4_msgs) StdoutLine: {'line': b'-- Up-to-date: /home/px4/ros2/ws/install/px4_msgs/include/px4_msgs/px4_msgs/msg/detail/mavlink_log__traits.hpp\n'}
[1.591001] (px4_msgs) StdoutLine: {'line': b'-- Up-to-date: /home/px4/ros2/ws/install/px4_msgs/include/px4_msgs/px4_msgs/msg/detail/gpio_request__struct.hpp\n'}
[1.591046] (px4_msgs) StdoutLine: {'line': b'-- Up-to-date: /home/px4/ros2/ws/install/px4_msgs/include/px4_msgs/px4_msgs/msg/detail/actuator_servos__struct.hpp\n'}
[1.591097] (px4_msgs) StdoutLine: {'line': b'-- Up-to-date: /home/px4/ros2/ws/install/px4_msgs/include/px4_msgs/px4_msgs/msg/detail/debug_key_value__traits.hpp\n'}
[1.591144] (px4_msgs) StdoutLine: {'line': b'-- Up-to-date: /home/px4/ros2/ws/install/px4_msgs/include/px4_msgs/px4_msgs/msg/detail/rover_throttle_setpoint__traits.hpp\n'}
[1.591189] (px4_msgs) StdoutLine: {'line': b'-- Up-to-date: /home/px4/ros2/ws/install/px4_msgs/include/px4_msgs/px4_msgs/msg/detail/vehicle_global_position__struct.hpp\n'}
[1.591234] (px4_msgs) StdoutLine: {'line': b'-- Up-to-date: /home/px4/ros2/ws/install/px4_msgs/include/px4_msgs/px4_msgs/msg/detail/actuator_test__builder.hpp\n'}
[1.591279] (px4_msgs) StdoutLine: {'line': b'-- Up-to-date: /home/px4/ros2/ws/install/px4_msgs/include/px4_msgs/px4_msgs/msg/detail/vehicle_air_data__struct.hpp\n'}
[1.591324] (px4_msgs) StdoutLine: {'line': b'-- Up-to-date: /home/px4/ros2/ws/install/px4_msgs/include/px4_msgs/px4_msgs/msg/detail/sensor_preflight_mag__builder.hpp\n'}
[1.591370] (px4_msgs) StdoutLine: {'line': b'-- Up-to-date: /home/px4/ros2/ws/install/px4_msgs/include/px4_msgs/px4_msgs/msg/detail/vehicle_land_detected__traits.hpp\n'}
[1.591422] (px4_msgs) StdoutLine: {'line': b'-- Up-to-date: /home/px4/ros2/ws/install/px4_msgs/include/px4_msgs/px4_msgs/msg/detail/sensor_correction__builder.hpp\n'}
[1.591468] (px4_msgs) StdoutLine: {'line': b'-- Up-to-date: /home/px4/ros2/ws/install/px4_msgs/include/px4_msgs/px4_msgs/msg/detail/pure_pursuit_status__builder.hpp\n'}
[1.591513] (px4_msgs) StdoutLine: {'line': b'-- Up-to-date: /home/px4/ros2/ws/install/px4_msgs/include/px4_msgs/px4_msgs/msg/detail/dataman_request__type_support.hpp\n'}
[1.591559] (px4_msgs) StdoutLine: {'line': b'-- Up-to-date: /home/px4/ros2/ws/install/px4_msgs/include/px4_msgs/px4_msgs/msg/detail/failsafe_flags__builder.hpp\n'}
[1.591605] (px4_msgs) StdoutLine: {'line': b'-- Up-to-date: /home/px4/ros2/ws/install/px4_msgs/include/px4_msgs/px4_msgs/msg/detail/camera_capture__type_support.hpp\n'}
[1.591651] (px4_msgs) StdoutLine: {'line': b'-- Up-to-date: /home/px4/ros2/ws/install/px4_msgs/include/px4_msgs/px4_msgs/msg/detail/vehicle_attitude__builder.hpp\n'}
[1.591697] (px4_msgs) StdoutLine: {'line': b'-- Up-to-date: /home/px4/ros2/ws/install/px4_msgs/include/px4_msgs/px4_msgs/msg/detail/wind__traits.hpp\n'}
[1.591742] (px4_msgs) StdoutLine: {'line': b'-- Up-to-date: /home/px4/ros2/ws/install/px4_msgs/include/px4_msgs/px4_msgs/msg/detail/airspeed_wind__struct.hpp\n'}
[1.591787] (px4_msgs) StdoutLine: {'line': b'-- Up-to-date: /home/px4/ros2/ws/install/px4_msgs/include/px4_msgs/px4_msgs/msg/detail/rover_velocity_status__builder.hpp\n'}
[1.591832] (px4_msgs) StdoutLine: {'line': b'-- Up-to-date: /home/px4/ros2/ws/install/px4_msgs/include/px4_msgs/px4_msgs/msg/detail/actuator_motors__traits.hpp\n'}
[1.591903] (px4_msgs) StdoutLine: {'line': b'-- Up-to-date: /home/px4/ros2/ws/install/px4_msgs/include/px4_msgs/px4_msgs/msg/detail/sensor_correction__traits.hpp\n'}
[1.591965] (px4_msgs) StdoutLine: {'line': b'-- Up-to-date: /home/px4/ros2/ws/install/px4_msgs/include/px4_msgs/px4_msgs/msg/detail/orb_test_medium__struct.hpp\n'}
[1.592011] (px4_msgs) StdoutLine: {'line': b'-- Up-to-date: /home/px4/ros2/ws/install/px4_msgs/include/px4_msgs/px4_msgs/msg/detail/offboard_control_mode__traits.hpp\n'}
[1.592071] (px4_msgs) StdoutLine: {'line': b'-- Up-to-date: /home/px4/ros2/ws/install/px4_msgs/include/px4_msgs/px4_msgs/msg/detail/sensor_selection__traits.hpp\n'}
[1.592118] (px4_msgs) StdoutLine: {'line': b'-- Up-to-date: /home/px4/ros2/ws/install/px4_msgs/include/px4_msgs/px4_msgs/msg/detail/vehicle_acceleration__struct.hpp\n'}
[1.592163] (px4_msgs) StdoutLine: {'line': b'-- Up-to-date: /home/px4/ros2/ws/install/px4_msgs/include/px4_msgs/px4_msgs/msg/detail/landing_target_innovations__builder.hpp\n'}
[1.592209] (px4_msgs) StdoutLine: {'line': b'-- Up-to-date: /home/px4/ros2/ws/install/px4_msgs/include/px4_msgs/px4_msgs/msg/detail/gpio_out__struct.hpp\n'}
[1.592254] (px4_msgs) StdoutLine: {'line': b'-- Up-to-date: /home/px4/ros2/ws/install/px4_msgs/include/px4_msgs/px4_msgs/msg/detail/normalized_unsigned_setpoint__struct.hpp\n'}
[1.592298] (px4_msgs) StdoutLine: {'line': b'-- Up-to-date: /home/px4/ros2/ws/install/px4_msgs/include/px4_msgs/px4_msgs/msg/detail/gimbal_device_attitude_status__type_support.hpp\n'}
[1.592344] (px4_msgs) StdoutLine: {'line': b'-- Up-to-date: /home/px4/ros2/ws/install/px4_msgs/include/px4_msgs/px4_msgs/msg/detail/fixed_wing_longitudinal_setpoint__struct.hpp\n'}
[1.592389] (px4_msgs) StdoutLine: {'line': b'-- Up-to-date: /home/px4/ros2/ws/install/px4_msgs/include/px4_msgs/px4_msgs/msg/detail/parameter_set_used_request__traits.hpp\n'}
[1.592435] (px4_msgs) StdoutLine: {'line': b'-- Up-to-date: /home/px4/ros2/ws/install/px4_msgs/include/px4_msgs/px4_msgs/msg/detail/vehicle_odometry__traits.hpp\n'}
[1.592480] (px4_msgs) StdoutLine: {'line': b'-- Up-to-date: /home/px4/ros2/ws/install/px4_msgs/include/px4_msgs/px4_msgs/msg/detail/telemetry_status__struct.hpp\n'}
[1.592525] (px4_msgs) StdoutLine: {'line': b'-- Up-to-date: /home/px4/ros2/ws/install/px4_msgs/include/px4_msgs/px4_msgs/msg/detail/manual_control_switches__struct.hpp\n'}
[1.592576] (px4_msgs) StdoutLine: {'line': b'-- Up-to-date: /home/px4/ros2/ws/install/px4_msgs/include/px4_msgs/px4_msgs/msg/detail/orb_test__traits.hpp\n'}
[1.592628] (px4_msgs) StdoutLine: {'line': b'-- Up-to-date: /home/px4/ros2/ws/install/px4_msgs/include/px4_msgs/px4_msgs/msg/detail/rover_steering_setpoint__type_support.hpp\n'}
[1.592676] (px4_msgs) StdoutLine: {'line': b'-- Up-to-date: /home/px4/ros2/ws/install/px4_msgs/include/px4_msgs/px4_msgs/msg/detail/trajectory_setpoint6dof__traits.hpp\n'}
[1.592721] (px4_msgs) StdoutLine: {'line': b'-- Up-to-date: /home/px4/ros2/ws/install/px4_msgs/include/px4_msgs/px4_msgs/msg/detail/sensor_selection__struct.hpp\n'}
[1.592766] (px4_msgs) StdoutLine: {'line': b'-- Up-to-date: /home/px4/ros2/ws/install/px4_msgs/include/px4_msgs/px4_msgs/msg/detail/debug_key_value__builder.hpp\n'}
[1.592811] (px4_msgs) StdoutLine: {'line': b'-- Up-to-date: /home/px4/ros2/ws/install/px4_msgs/include/px4_msgs/px4_msgs/msg/detail/goto_setpoint__type_support.hpp\n'}
[1.592856] (px4_msgs) StdoutLine: {'line': b'-- Up-to-date: /home/px4/ros2/ws/install/px4_msgs/include/px4_msgs/px4_msgs/msg/detail/geofence_result__struct.hpp\n'}
[1.592920] (px4_msgs) StdoutLine: {'line': b'-- Up-to-date: /home/px4/ros2/ws/install/px4_msgs/include/px4_msgs/px4_msgs/msg/detail/parameter_set_value_request__type_support.hpp\n'}
[1.592968] (px4_msgs) StdoutLine: {'line': b'-- Up-to-date: /home/px4/ros2/ws/install/px4_msgs/include/px4_msgs/px4_msgs/msg/detail/camera_status__traits.hpp\n'}
[1.593013] (px4_msgs) StdoutLine: {'line': b'-- Up-to-date: /home/px4/ros2/ws/install/px4_msgs/include/px4_msgs/px4_msgs/msg/detail/gps_dump__type_support.hpp\n'}
[1.593058] (px4_msgs) StdoutLine: {'line': b'-- Up-to-date: /home/px4/ros2/ws/install/px4_msgs/include/px4_msgs/px4_msgs/msg/detail/obstacle_distance__type_support.hpp\n'}
[1.593104] (px4_msgs) StdoutLine: {'line': b'-- Up-to-date: /home/px4/ros2/ws/install/px4_msgs/include/px4_msgs/px4_msgs/msg/detail/sensor_optical_flow__builder.hpp\n'}
[1.593149] (px4_msgs) StdoutLine: {'line': b'-- Up-to-date: /home/px4/ros2/ws/install/px4_msgs/include/px4_msgs/px4_msgs/msg/detail/vehicle_imu_status__type_support.hpp\n'}
[1.593193] (px4_msgs) StdoutLine: {'line': b'-- Up-to-date: /home/px4/ros2/ws/install/px4_msgs/include/px4_msgs/px4_msgs/msg/detail/can_interface_status__traits.hpp\n'}
[1.593240] (px4_msgs) StdoutLine: {'line': b'-- Up-to-date: /home/px4/ros2/ws/install/px4_msgs/include/px4_msgs/px4_msgs/msg/detail/fixed_wing_lateral_setpoint__builder.hpp\n'}
[1.593286] (px4_msgs) StdoutLine: {'line': b'-- Up-to-date: /home/px4/ros2/ws/install/px4_msgs/include/px4_msgs/px4_msgs/msg/detail/vehicle_acceleration__type_support.hpp\n'}
[1.593331] (px4_msgs) StdoutLine: {'line': b'-- Up-to-date: /home/px4/ros2/ws/install/px4_msgs/include/px4_msgs/px4_msgs/msg/detail/distance_sensor__type_support.hpp\n'}
[1.593378] (px4_msgs) StdoutLine: {'line': b'-- Up-to-date: /home/px4/ros2/ws/install/px4_msgs/include/px4_msgs/px4_msgs/msg/detail/sensor_gyro__traits.hpp\n'}
[1.593423] (px4_msgs) StdoutLine: {'line': b'-- Up-to-date: /home/px4/ros2/ws/install/px4_msgs/include/px4_msgs/px4_msgs/msg/detail/arming_check_request__type_support.hpp\n'}
[1.593468] (px4_msgs) StdoutLine: {'line': b'-- Up-to-date: /home/px4/ros2/ws/install/px4_msgs/include/px4_msgs/px4_msgs/msg/detail/uavcan_parameter_request__type_support.hpp\n'}
[1.593514] (px4_msgs) StdoutLine: {'line': b'-- Up-to-date: /home/px4/ros2/ws/install/px4_msgs/include/px4_msgs/px4_msgs/msg/detail/orb_test_medium__builder.hpp\n'}
[1.593560] (px4_msgs) StdoutLine: {'line': b'-- Up-to-date: /home/px4/ros2/ws/install/px4_msgs/include/px4_msgs/px4_msgs/msg/detail/gpio_out__traits.hpp\n'}
[1.593604] (px4_msgs) StdoutLine: {'line': b'-- Up-to-date: /home/px4/ros2/ws/install/px4_msgs/include/px4_msgs/px4_msgs/msg/detail/gimbal_manager_status__struct.hpp\n'}
[1.593660] (px4_msgs) StdoutLine: {'line': b'-- Up-to-date: /home/px4/ros2/ws/install/px4_msgs/include/px4_msgs/px4_msgs/msg/detail/rover_position_setpoint__type_support.hpp\n'}
[1.593713] (px4_msgs) StdoutLine: {'line': b'-- Up-to-date: /home/px4/ros2/ws/install/px4_msgs/include/px4_msgs/px4_msgs/msg/detail/fixed_wing_longitudinal_setpoint__traits.hpp\n'}
[1.593759] (px4_msgs) StdoutLine: {'line': b'-- Up-to-date: /home/px4/ros2/ws/install/px4_msgs/include/px4_msgs/px4_msgs/msg/detail/debug_key_value__type_support.hpp\n'}
[1.593804] (px4_msgs) StdoutLine: {'line': b'-- Up-to-date: /home/px4/ros2/ws/install/px4_msgs/include/px4_msgs/px4_msgs/msg/detail/rpm__traits.hpp\n'}
[1.593849] (px4_msgs) StdoutLine: {'line': b'-- Up-to-date: /home/px4/ros2/ws/install/px4_msgs/include/px4_msgs/px4_msgs/msg/detail/gpio_out__builder.hpp\n'}
[1.593913] (px4_msgs) StdoutLine: {'line': b'-- Up-to-date: /home/px4/ros2/ws/install/px4_msgs/include/px4_msgs/px4_msgs/msg/detail/estimator_gps_status__traits.hpp\n'}
[1.593961] (px4_msgs) StdoutLine: {'line': b'-- Up-to-date: /home/px4/ros2/ws/install/px4_msgs/include/px4_msgs/px4_msgs/msg/detail/mode_completed__builder.hpp\n'}
[1.594007] (px4_msgs) StdoutLine: {'line': b'-- Up-to-date: /home/px4/ros2/ws/install/px4_msgs/include/px4_msgs/px4_msgs/msg/detail/gimbal_device_attitude_status__traits.hpp\n'}
[1.594052] (px4_msgs) StdoutLine: {'line': b'-- Up-to-date: /home/px4/ros2/ws/install/px4_msgs/include/px4_msgs/px4_msgs/msg/detail/esc_status__type_support.hpp\n'}
[1.594098] (px4_msgs) StdoutLine: {'line': b'-- Up-to-date: /home/px4/ros2/ws/install/px4_msgs/include/px4_msgs/px4_msgs/msg/detail/estimator_status__struct.hpp\n'}
[1.594149] (px4_msgs) StdoutLine: {'line': b'-- Up-to-date: /home/px4/ros2/ws/install/px4_msgs/include/px4_msgs/px4_msgs/msg/detail/failure_detector_status__struct.hpp\n'}
[1.594197] (px4_msgs) StdoutLine: {'line': b'-- Up-to-date: /home/px4/ros2/ws/install/px4_msgs/include/px4_msgs/px4_msgs/msg/detail/open_drone_id_operator_id__type_support.hpp\n'}
[1.594242] (px4_msgs) StdoutLine: {'line': b'-- Up-to-date: /home/px4/ros2/ws/install/px4_msgs/include/px4_msgs/px4_msgs/msg/detail/gpio_request__type_support.hpp\n'}
[1.594288] (px4_msgs) StdoutLine: {'line': b'-- Up-to-date: /home/px4/ros2/ws/install/px4_msgs/include/px4_msgs/px4_msgs/msg/detail/wind__type_support.hpp\n'}
[1.594334] (px4_msgs) StdoutLine: {'line': b'-- Up-to-date: /home/px4/ros2/ws/install/px4_msgs/include/px4_msgs/px4_msgs/msg/detail/position_controller_landing_status__builder.hpp\n'}
[1.594380] (px4_msgs) StdoutLine: {'line': b'-- Up-to-date: /home/px4/ros2/ws/install/px4_msgs/include/px4_msgs/px4_msgs/msg/detail/rover_attitude_status__builder.hpp\n'}
[1.594425] (px4_msgs) StdoutLine: {'line': b'-- Up-to-date: /home/px4/ros2/ws/install/px4_msgs/include/px4_msgs/px4_msgs/msg/detail/vehicle_optical_flow_vel__type_support.hpp\n'}
[1.594471] (px4_msgs) StdoutLine: {'line': b'-- Up-to-date: /home/px4/ros2/ws/install/px4_msgs/include/px4_msgs/px4_msgs/msg/detail/button_event__struct.hpp\n'}
[1.594516] (px4_msgs) StdoutLine: {'line': b'-- Up-to-date: /home/px4/ros2/ws/install/px4_msgs/include/px4_msgs/px4_msgs/msg/detail/differential_pressure__struct.hpp\n'}
[1.594561] (px4_msgs) StdoutLine: {'line': b'-- Up-to-date: /home/px4/ros2/ws/install/px4_msgs/include/px4_msgs/px4_msgs/msg/detail/ping__struct.hpp\n'}
[1.594607] (px4_msgs) StdoutLine: {'line': b'-- Up-to-date: /home/px4/ros2/ws/install/px4_msgs/include/px4_msgs/px4_msgs/msg/detail/sensor_baro__builder.hpp\n'}
[1.594652] (px4_msgs) StdoutLine: {'line': b'-- Up-to-date: /home/px4/ros2/ws/install/px4_msgs/include/px4_msgs/px4_msgs/msg/detail/esc_report__type_support.hpp\n'}
[1.594696] (px4_msgs) StdoutLine: {'line': b'-- Up-to-date: /home/px4/ros2/ws/install/px4_msgs/include/px4_msgs/px4_msgs/msg/detail/estimator_aid_source1d__traits.hpp\n'}
[1.594741] (px4_msgs) StdoutLine: {'line': b'-- Up-to-date: /home/px4/ros2/ws/install/px4_msgs/include/px4_msgs/px4_msgs/msg/detail/follow_target_estimator__type_support.hpp\n'}
[1.594786] (px4_msgs) StdoutLine: {'line': b'-- Up-to-date: /home/px4/ros2/ws/install/px4_msgs/include/px4_msgs/px4_msgs/msg/detail/fixed_wing_lateral_status__traits.hpp\n'}
[1.594831] (px4_msgs) StdoutLine: {'line': b'-- Up-to-date: /home/px4/ros2/ws/install/px4_msgs/include/px4_msgs/px4_msgs/msg/detail/estimator_aid_source3d__struct.hpp\n'}
[1.594898] (px4_msgs) StdoutLine: {'line': b'-- Up-to-date: /home/px4/ros2/ws/install/px4_msgs/include/px4_msgs/px4_msgs/msg/detail/dataman_response__builder.hpp\n'}
[1.594949] (px4_msgs) StdoutLine: {'line': b'-- Up-to-date: /home/px4/ros2/ws/install/px4_msgs/include/px4_msgs/px4_msgs/msg/detail/rpm__builder.hpp\n'}
[1.594995] (px4_msgs) StdoutLine: {'line': b'-- Up-to-date: /home/px4/ros2/ws/install/px4_msgs/include/px4_msgs/px4_msgs/msg/detail/yaw_estimator_status__type_support.hpp\n'}
[1.595040] (px4_msgs) StdoutLine: {'line': b'-- Up-to-date: /home/px4/ros2/ws/install/px4_msgs/include/px4_msgs/px4_msgs/msg/detail/health_report__type_support.hpp\n'}
[1.595085] (px4_msgs) StdoutLine: {'line': b'-- Up-to-date: /home/px4/ros2/ws/install/px4_msgs/include/px4_msgs/px4_msgs/msg/detail/landing_gear__struct.hpp\n'}
[1.595130] (px4_msgs) StdoutLine: {'line': b'-- Up-to-date: /home/px4/ros2/ws/install/px4_msgs/include/px4_msgs/px4_msgs/msg/detail/position_setpoint__traits.hpp\n'}
[1.595175] (px4_msgs) StdoutLine: {'line': b'-- Up-to-date: /home/px4/ros2/ws/install/px4_msgs/include/px4_msgs/px4_msgs/msg/detail/manual_control_switches__builder.hpp\n'}
[1.595219] (px4_msgs) StdoutLine: {'line': b'-- Up-to-date: /home/px4/ros2/ws/install/px4_msgs/include/px4_msgs/px4_msgs/msg/detail/battery_info__struct.hpp\n'}
[1.595275] (px4_msgs) StdoutLine: {'line': b'-- Up-to-date: /home/px4/ros2/ws/install/px4_msgs/include/px4_msgs/px4_msgs/msg/detail/message_format_response__struct.hpp\n'}
[1.595321] (px4_msgs) StdoutLine: {'line': b'-- Up-to-date: /home/px4/ros2/ws/install/px4_msgs/include/px4_msgs/px4_msgs/msg/detail/input_rc__struct.hpp\n'}
[1.595365] (px4_msgs) StdoutLine: {'line': b'-- Up-to-date: /home/px4/ros2/ws/install/px4_msgs/include/px4_msgs/px4_msgs/msg/detail/follow_target__struct.hpp\n'}
[1.595411] (px4_msgs) StdoutLine: {'line': b'-- Up-to-date: /home/px4/ros2/ws/install/px4_msgs/include/px4_msgs/px4_msgs/msg/detail/gimbal_manager_information__builder.hpp\n'}
[1.595456] (px4_msgs) StdoutLine: {'line': b'-- Up-to-date: /home/px4/ros2/ws/install/px4_msgs/include/px4_msgs/px4_msgs/msg/detail/qshell_req__traits.hpp\n'}
[1.595500] (px4_msgs) StdoutLine: {'line': b'-- Up-to-date: /home/px4/ros2/ws/install/px4_msgs/include/px4_msgs/px4_msgs/msg/detail/esc_report__struct.hpp\n'}
[1.595545] (px4_msgs) StdoutLine: {'line': b'-- Up-to-date: /home/px4/ros2/ws/install/px4_msgs/include/px4_msgs/px4_msgs/msg/detail/sensor_selection__builder.hpp\n'}
[1.595590] (px4_msgs) StdoutLine: {'line': b'-- Up-to-date: /home/px4/ros2/ws/install/px4_msgs/include/px4_msgs/px4_msgs/msg/detail/estimator_sensor_bias__traits.hpp\n'}
[1.595640] (px4_msgs) StdoutLine: {'line': b'-- Up-to-date: /home/px4/ros2/ws/install/px4_msgs/include/px4_msgs/px4_msgs/msg/detail/mount_orientation__type_support.hpp\n'}
[1.595731] (px4_msgs) StdoutLine: {'line': b'-- Up-to-date: /home/px4/ros2/ws/install/px4_msgs/include/px4_msgs/px4_msgs/msg/detail/battery_status__builder.hpp\n'}
[1.595779] (px4_msgs) StdoutLine: {'line': b'-- Up-to-date: /home/px4/ros2/ws/install/px4_msgs/include/px4_msgs/px4_msgs/msg/detail/iridiumsbd_status__traits.hpp\n'}
[1.595824] (px4_msgs) StdoutLine: {'line': b'-- Up-to-date: /home/px4/ros2/ws/install/px4_msgs/include/px4_msgs/px4_msgs/msg/detail/open_drone_id_system__traits.hpp\n'}
[1.595876] (px4_msgs) StdoutLine: {'line': b'-- Up-to-date: /home/px4/ros2/ws/install/px4_msgs/include/px4_msgs/px4_msgs/msg/detail/gps_inject_data__type_support.hpp\n'}
[1.595935] (px4_msgs) StdoutLine: {'line': b'-- Up-to-date: /home/px4/ros2/ws/install/px4_msgs/include/px4_msgs/px4_msgs/msg/detail/takeoff_status__builder.hpp\n'}
[1.595982] (px4_msgs) StdoutLine: {'line': b'-- Up-to-date: /home/px4/ros2/ws/install/px4_msgs/include/px4_msgs/px4_msgs/msg/detail/mag_worker_data__type_support.hpp\n'}
[1.596027] (px4_msgs) StdoutLine: {'line': b'-- Up-to-date: /home/px4/ros2/ws/install/px4_msgs/include/px4_msgs/px4_msgs/msg/detail/register_ext_component_request__traits.hpp\n'}
[1.596079] (px4_msgs) StdoutLine: {'line': b'-- Up-to-date: /home/px4/ros2/ws/install/px4_msgs/include/px4_msgs/px4_msgs/msg/detail/led_control__struct.hpp\n'}
[1.596125] (px4_msgs) StdoutLine: {'line': b'-- Up-to-date: /home/px4/ros2/ws/install/px4_msgs/include/px4_msgs/px4_msgs/msg/detail/parameter_update__builder.hpp\n'}
[1.596169] (px4_msgs) StdoutLine: {'line': b'-- Up-to-date: /home/px4/ros2/ws/install/px4_msgs/include/px4_msgs/px4_msgs/msg/detail/arming_check_reply__traits.hpp\n'}
[1.596215] (px4_msgs) StdoutLine: {'line': b'-- Up-to-date: /home/px4/ros2/ws/install/px4_msgs/include/px4_msgs/px4_msgs/msg/detail/actuator_servos_trim__traits.hpp\n'}
[1.596259] (px4_msgs) StdoutLine: {'line': b'-- Up-to-date: /home/px4/ros2/ws/install/px4_msgs/include/px4_msgs/px4_msgs/msg/detail/gimbal_controls__builder.hpp\n'}
[1.596304] (px4_msgs) StdoutLine: {'line': b'-- Up-to-date: /home/px4/ros2/ws/install/px4_msgs/include/px4_msgs/px4_msgs/msg/detail/px4io_status__traits.hpp\n'}
[1.596349] (px4_msgs) StdoutLine: {'line': b'-- Up-to-date: /home/px4/ros2/ws/install/px4_msgs/include/px4_msgs/px4_msgs/msg/detail/longitudinal_control_configuration__builder.hpp\n'}
[1.596394] (px4_msgs) StdoutLine: {'line': b'-- Up-to-date: /home/px4/ros2/ws/install/px4_msgs/include/px4_msgs/px4_msgs/msg/detail/actuator_servos__builder.hpp\n'}
[1.596439] (px4_msgs) StdoutLine: {'line': b'-- Up-to-date: /home/px4/ros2/ws/install/px4_msgs/include/px4_msgs/px4_msgs/msg/detail/dataman_request__builder.hpp\n'}
[1.596483] (px4_msgs) StdoutLine: {'line': b'-- Up-to-date: /home/px4/ros2/ws/install/px4_msgs/include/px4_msgs/px4_msgs/msg/detail/adc_report__struct.hpp\n'}
[1.596529] (px4_msgs) StdoutLine: {'line': b'-- Up-to-date: /home/px4/ros2/ws/install/px4_msgs/include/px4_msgs/px4_msgs/msg/detail/position_setpoint_triplet__builder.hpp\n'}
[1.596574] (px4_msgs) StdoutLine: {'line': b'-- Up-to-date: /home/px4/ros2/ws/install/px4_msgs/include/px4_msgs/px4_msgs/msg/detail/airspeed_validated__type_support.hpp\n'}
[1.596618] (px4_msgs) StdoutLine: {'line': b'-- Up-to-date: /home/px4/ros2/ws/install/px4_msgs/include/px4_msgs/px4_msgs/msg/detail/open_drone_id_arm_status__struct.hpp\n'}
[1.596664] (px4_msgs) StdoutLine: {'line': b'-- Up-to-date: /home/px4/ros2/ws/install/px4_msgs/include/px4_msgs/px4_msgs/msg/detail/gimbal_manager_set_manual_control__traits.hpp\n'}
[1.596709] (px4_msgs) StdoutLine: {'line': b'-- Up-to-date: /home/px4/ros2/ws/install/px4_msgs/include/px4_msgs/px4_msgs/msg/detail/gps_dump__struct.hpp\n'}
[1.596754] (px4_msgs) StdoutLine: {'line': b'-- Up-to-date: /home/px4/ros2/ws/install/px4_msgs/include/px4_msgs/px4_msgs/msg/detail/vehicle_command_ack__builder.hpp\n'}
[1.596799] (px4_msgs) StdoutLine: {'line': b'-- Up-to-date: /home/px4/ros2/ws/install/px4_msgs/include/px4_msgs/px4_msgs/msg/detail/px4io_status__struct.hpp\n'}
[1.596843] (px4_msgs) StdoutLine: {'line': b'-- Up-to-date: /home/px4/ros2/ws/install/px4_msgs/include/px4_msgs/px4_msgs/msg/detail/flight_phase_estimation__traits.hpp\n'}
[1.596909] (px4_msgs) StdoutLine: {'line': b'-- Up-to-date: /home/px4/ros2/ws/install/px4_msgs/include/px4_msgs/px4_msgs/msg/detail/qshell_retval__struct.hpp\n'}
[1.596970] (px4_msgs) StdoutLine: {'line': b'-- Up-to-date: /home/px4/ros2/ws/install/px4_msgs/include/px4_msgs/px4_msgs/msg/detail/rtl_time_estimate__struct.hpp\n'}
[1.597016] (px4_msgs) StdoutLine: {'line': b'-- Up-to-date: /home/px4/ros2/ws/install/px4_msgs/include/px4_msgs/px4_msgs/msg/detail/yaw_estimator_status__traits.hpp\n'}
[1.597062] (px4_msgs) StdoutLine: {'line': b'-- Up-to-date: /home/px4/ros2/ws/install/px4_msgs/include/px4_msgs/px4_msgs/msg/detail/sensors_status_imu__builder.hpp\n'}
[1.597107] (px4_msgs) StdoutLine: {'line': b'-- Up-to-date: /home/px4/ros2/ws/install/px4_msgs/include/px4_msgs/px4_msgs/msg/detail/vehicle_thrust_setpoint__struct.hpp\n'}
[1.597152] (px4_msgs) StdoutLine: {'line': b'-- Up-to-date: /home/px4/ros2/ws/install/px4_msgs/include/px4_msgs/px4_msgs/msg/detail/vehicle_acceleration__builder.hpp\n'}
[1.597203] (px4_msgs) StdoutLine: {'line': b'-- Up-to-date: /home/px4/ros2/ws/install/px4_msgs/include/px4_msgs/px4_msgs/msg/detail/sensor_optical_flow__struct.hpp\n'}
[1.597255] (px4_msgs) StdoutLine: {'line': b'-- Up-to-date: /home/px4/ros2/ws/install/px4_msgs/include/px4_msgs/px4_msgs/msg/detail/neural_control__builder.hpp\n'}
[1.597300] (px4_msgs) StdoutLine: {'line': b'-- Up-to-date: /home/px4/ros2/ws/install/px4_msgs/include/px4_msgs/px4_msgs/msg/detail/vehicle_local_position__builder.hpp\n'}
[1.597345] (px4_msgs) StdoutLine: {'line': b'-- Up-to-date: /home/px4/ros2/ws/install/px4_msgs/include/px4_msgs/px4_msgs/msg/detail/failure_detector_status__traits.hpp\n'}
[1.597390] (px4_msgs) StdoutLine: {'line': b'-- Up-to-date: /home/px4/ros2/ws/install/px4_msgs/include/px4_msgs/px4_msgs/msg/detail/sensor_gyro_fft__struct.hpp\n'}
[1.597436] (px4_msgs) StdoutLine: {'line': b'-- Up-to-date: /home/px4/ros2/ws/install/px4_msgs/include/px4_msgs/px4_msgs/msg/detail/pwm_input__type_support.hpp\n'}
[1.597481] (px4_msgs) StdoutLine: {'line': b'-- Up-to-date: /home/px4/ros2/ws/install/px4_msgs/include/px4_msgs/px4_msgs/msg/detail/rover_attitude_status__struct.hpp\n'}
[1.597525] (px4_msgs) StdoutLine: {'line': b'-- Up-to-date: /home/px4/ros2/ws/install/px4_msgs/include/px4_msgs/px4_msgs/msg/detail/sensor_accel_fifo__traits.hpp\n'}
[1.597570] (px4_msgs) StdoutLine: {'line': b'-- Up-to-date: /home/px4/ros2/ws/install/px4_msgs/include/px4_msgs/px4_msgs/msg/detail/magnetometer_bias_estimate__builder.hpp\n'}
[1.597615] (px4_msgs) StdoutLine: {'line': b'-- Up-to-date: /home/px4/ros2/ws/install/px4_msgs/include/px4_msgs/px4_msgs/msg/detail/register_ext_component_reply__struct.hpp\n'}
[1.597660] (px4_msgs) StdoutLine: {'line': b'-- Up-to-date: /home/px4/ros2/ws/install/px4_msgs/include/px4_msgs/px4_msgs/msg/detail/ping__traits.hpp\n'}
[1.597705] (px4_msgs) StdoutLine: {'line': b'-- Up-to-date: /home/px4/ros2/ws/install/px4_msgs/include/px4_msgs/px4_msgs/msg/detail/navigator_mission_item__type_support.hpp\n'}
[1.597750] (px4_msgs) StdoutLine: {'line': b'-- Up-to-date: /home/px4/ros2/ws/install/px4_msgs/include/px4_msgs/px4_msgs/msg/detail/velocity_limits__type_support.hpp\n'}
[1.597795] (px4_msgs) StdoutLine: {'line': b'-- Up-to-date: /home/px4/ros2/ws/install/px4_msgs/include/px4_msgs/px4_msgs/msg/detail/esc_report__traits.hpp\n'}
[1.597838] (px4_msgs) StdoutLine: {'line': b'-- Up-to-date: /home/px4/ros2/ws/install/px4_msgs/include/px4_msgs/px4_msgs/msg/detail/navigator_status__builder.hpp\n'}
[1.597896] (px4_msgs) StdoutLine: {'line': b'-- Up-to-date: /home/px4/ros2/ws/install/px4_msgs/include/px4_msgs/px4_msgs/msg/detail/vehicle_local_position__type_support.hpp\n'}
[1.597953] (px4_msgs) StdoutLine: {'line': b'-- Up-to-date: /home/px4/ros2/ws/install/px4_msgs/include/px4_msgs/px4_msgs/msg/detail/trajectory_setpoint__traits.hpp\n'}
[1.597998] (px4_msgs) StdoutLine: {'line': b'-- Up-to-date: /home/px4/ros2/ws/install/px4_msgs/include/px4_msgs/px4_msgs/msg/detail/estimator_event_flags__builder.hpp\n'}
[1.598044] (px4_msgs) StdoutLine: {'line': b'-- Up-to-date: /home/px4/ros2/ws/install/px4_msgs/include/px4_msgs/px4_msgs/msg/detail/manual_control_switches__type_support.hpp\n'}
[1.598089] (px4_msgs) StdoutLine: {'line': b'-- Up-to-date: /home/px4/ros2/ws/install/px4_msgs/include/px4_msgs/px4_msgs/msg/detail/position_setpoint_triplet__traits.hpp\n'}
[1.598134] (px4_msgs) StdoutLine: {'line': b'-- Up-to-date: /home/px4/ros2/ws/install/px4_msgs/include/px4_msgs/px4_msgs/msg/detail/mission_result__builder.hpp\n'}
[1.598179] (px4_msgs) StdoutLine: {'line': b'-- Up-to-date: /home/px4/ros2/ws/install/px4_msgs/include/px4_msgs/px4_msgs/msg/detail/camera_status__builder.hpp\n'}
[1.598224] (px4_msgs) StdoutLine: {'line': b'-- Up-to-date: /home/px4/ros2/ws/install/px4_msgs/include/px4_msgs/px4_msgs/msg/detail/vehicle_status__builder.hpp\n'}
[1.598269] (px4_msgs) StdoutLine: {'line': b'-- Up-to-date: /home/px4/ros2/ws/install/px4_msgs/include/px4_msgs/px4_msgs/msg/detail/gimbal_device_information__traits.hpp\n'}
[1.598314] (px4_msgs) StdoutLine: {'line': b'-- Up-to-date: /home/px4/ros2/ws/install/px4_msgs/include/px4_msgs/px4_msgs/msg/detail/action_request__struct.hpp\n'}
[1.598366] (px4_msgs) StdoutLine: {'line': b'-- Up-to-date: /home/px4/ros2/ws/install/px4_msgs/include/px4_msgs/px4_msgs/msg/detail/yaw_estimator_status__builder.hpp\n'}
[1.598412] (px4_msgs) StdoutLine: {'line': b'-- Up-to-date: /home/px4/ros2/ws/install/px4_msgs/include/px4_msgs/px4_msgs/msg/detail/landing_target_innovations__struct.hpp\n'}
[1.598456] (px4_msgs) StdoutLine: {'line': b'-- Up-to-date: /home/px4/ros2/ws/install/px4_msgs/include/px4_msgs/px4_msgs/msg/detail/onboard_computer_status__builder.hpp\n'}
[1.598500] (px4_msgs) StdoutLine: {'line': b'-- Up-to-date: /home/px4/ros2/ws/install/px4_msgs/include/px4_msgs/px4_msgs/msg/detail/health_report__builder.hpp\n'}
[1.598554] (px4_msgs) StdoutLine: {'line': b'-- Up-to-date: /home/px4/ros2/ws/install/px4_msgs/include/px4_msgs/px4_msgs/msg/detail/qshell_retval__builder.hpp\n'}
[1.598599] (px4_msgs) StdoutLine: {'line': b'-- Up-to-date: /home/px4/ros2/ws/install/px4_msgs/include/px4_msgs/px4_msgs/msg/detail/vehicle_command__struct.hpp\n'}
[1.598643] (px4_msgs) StdoutLine: {'line': b'-- Up-to-date: /home/px4/ros2/ws/install/px4_msgs/include/px4_msgs/px4_msgs/msg/detail/sensor_gyro_fifo__struct.hpp\n'}
[1.598693] (px4_msgs) StdoutLine: {'line': b'-- Up-to-date: /home/px4/ros2/ws/install/px4_msgs/include/px4_msgs/px4_msgs/msg/detail/dronecan_node_status__type_support.hpp\n'}
[1.598738] (px4_msgs) StdoutLine: {'line': b'-- Up-to-date: /home/px4/ros2/ws/install/px4_msgs/include/px4_msgs/px4_msgs/msg/detail/orb_test_medium__traits.hpp\n'}
[1.598783] (px4_msgs) StdoutLine: {'line': b'-- Up-to-date: /home/px4/ros2/ws/install/px4_msgs/include/px4_msgs/px4_msgs/msg/detail/parameter_set_value_request__traits.hpp\n'}
[1.598829] (px4_msgs) StdoutLine: {'line': b'-- Up-to-date: /home/px4/ros2/ws/install/px4_msgs/include/px4_msgs/px4_msgs/msg/detail/sensor_mag__traits.hpp\n'}
[1.598881] (px4_msgs) StdoutLine: {'line': b'-- Up-to-date: /home/px4/ros2/ws/install/px4_msgs/include/px4_msgs/px4_msgs/msg/detail/rover_steering_setpoint__struct.hpp\n'}
[1.598942] (px4_msgs) StdoutLine: {'line': b'-- Up-to-date: /home/px4/ros2/ws/install/px4_msgs/include/px4_msgs/px4_msgs/msg/detail/sensor_accel__builder.hpp\n'}
[1.598988] (px4_msgs) StdoutLine: {'line': b'-- Up-to-date: /home/px4/ros2/ws/install/px4_msgs/include/px4_msgs/px4_msgs/msg/detail/internal_combustion_engine_control__type_support.hpp\n'}
[1.599033] (px4_msgs) StdoutLine: {'line': b'-- Up-to-date: /home/px4/ros2/ws/install/px4_msgs/include/px4_msgs/px4_msgs/msg/detail/navigator_mission_item__struct.hpp\n'}
[1.599077] (px4_msgs) StdoutLine: {'line': b'-- Up-to-date: /home/px4/ros2/ws/install/px4_msgs/include/px4_msgs/px4_msgs/msg/detail/vehicle_angular_velocity__builder.hpp\n'}
[1.599121] (px4_msgs) StdoutLine: {'line': b'-- Up-to-date: /home/px4/ros2/ws/install/px4_msgs/include/px4_msgs/px4_msgs/msg/detail/vehicle_imu_status__builder.hpp\n'}
[1.599165] (px4_msgs) StdoutLine: {'line': b'-- Up-to-date: /home/px4/ros2/ws/install/px4_msgs/include/px4_msgs/px4_msgs/msg/detail/vehicle_attitude__traits.hpp\n'}
[1.599209] (px4_msgs) StdoutLine: {'line': b'-- Up-to-date: /home/px4/ros2/ws/install/px4_msgs/include/px4_msgs/px4_msgs/msg/detail/fixed_wing_lateral_guidance_status__struct.hpp\n'}
[1.599254] (px4_msgs) StdoutLine: {'line': b'-- Up-to-date: /home/px4/ros2/ws/install/px4_msgs/include/px4_msgs/px4_msgs/msg/detail/sensor_mag__struct.hpp\n'}
[1.599298] (px4_msgs) StdoutLine: {'line': b'-- Up-to-date: /home/px4/ros2/ws/install/px4_msgs/include/px4_msgs/px4_msgs/msg/detail/estimator_states__struct.hpp\n'}
[1.599342] (px4_msgs) StdoutLine: {'line': b'-- Up-to-date: /home/px4/ros2/ws/install/px4_msgs/include/px4_msgs/px4_msgs/msg/detail/vehicle_local_position_setpoint__struct.hpp\n'}
[1.599386] (px4_msgs) StdoutLine: {'line': b'-- Up-to-date: /home/px4/ros2/ws/install/px4_msgs/include/px4_msgs/px4_msgs/msg/detail/estimator_status_flags__traits.hpp\n'}
[1.599430] (px4_msgs) StdoutLine: {'line': b'-- Up-to-date: /home/px4/ros2/ws/install/px4_msgs/include/px4_msgs/px4_msgs/msg/detail/fixed_wing_lateral_status__struct.hpp\n'}
[1.599481] (px4_msgs) StdoutLine: {'line': b'-- Up-to-date: /home/px4/ros2/ws/install/px4_msgs/include/px4_msgs/px4_msgs/msg/detail/tune_control__traits.hpp\n'}
[1.599527] (px4_msgs) StdoutLine: {'line': b'-- Up-to-date: /home/px4/ros2/ws/install/px4_msgs/include/px4_msgs/px4_msgs/msg/detail/debug_value__struct.hpp\n'}
[1.599572] (px4_msgs) StdoutLine: {'line': b'-- Up-to-date: /home/px4/ros2/ws/install/px4_msgs/include/px4_msgs/px4_msgs/msg/detail/vehicle_command_ack__type_support.hpp\n'}
[1.599617] (px4_msgs) StdoutLine: {'line': b'-- Up-to-date: /home/px4/ros2/ws/install/px4_msgs/include/px4_msgs/px4_msgs/msg/detail/power_button_state__traits.hpp\n'}
[1.599661] (px4_msgs) StdoutLine: {'line': b'-- Up-to-date: /home/px4/ros2/ws/install/px4_msgs/include/px4_msgs/px4_msgs/msg/detail/rover_position_setpoint__traits.hpp\n'}
[1.599720] (px4_msgs) StdoutLine: {'line': b'-- Up-to-date: /home/px4/ros2/ws/install/px4_msgs/include/px4_msgs/px4_msgs/msg/detail/geofence_status__type_support.hpp\n'}
[1.599766] (px4_msgs) StdoutLine: {'line': b'-- Up-to-date: /home/px4/ros2/ws/install/px4_msgs/include/px4_msgs/px4_msgs/msg/detail/task_stack_info__type_support.hpp\n'}
[1.599810] (px4_msgs) StdoutLine: {'line': b'-- Up-to-date: /home/px4/ros2/ws/install/px4_msgs/include/px4_msgs/px4_msgs/msg/detail/fixed_wing_runway_control__traits.hpp\n'}
[1.599855] (px4_msgs) StdoutLine: {'line': b'-- Up-to-date: /home/px4/ros2/ws/install/px4_msgs/include/px4_msgs/px4_msgs/msg/detail/distance_sensor__builder.hpp\n'}
[1.599921] (px4_msgs) StdoutLine: {'line': b'-- Up-to-date: /home/px4/ros2/ws/install/px4_msgs/include/px4_msgs/px4_msgs/msg/detail/airspeed_validated__builder.hpp\n'}
[1.599970] (px4_msgs) StdoutLine: {'line': b'-- Up-to-date: /home/px4/ros2/ws/install/px4_msgs/include/px4_msgs/px4_msgs/msg/detail/follow_target_estimator__traits.hpp\n'}
[1.600017] (px4_msgs) StdoutLine: {'line': b'-- Up-to-date: /home/px4/ros2/ws/install/px4_msgs/include/px4_msgs/px4_msgs/msg/detail/gimbal_manager_information__struct.hpp\n'}
[1.600062] (px4_msgs) StdoutLine: {'line': b'-- Up-to-date: /home/px4/ros2/ws/install/px4_msgs/include/px4_msgs/px4_msgs/msg/detail/gimbal_device_attitude_status__builder.hpp\n'}
[1.600107] (px4_msgs) StdoutLine: {'line': b'-- Up-to-date: /home/px4/ros2/ws/install/px4_msgs/include/px4_msgs/px4_msgs/msg/detail/estimator_innovations__builder.hpp\n'}
[1.600169] (px4_msgs) StdoutLine: {'line': b'-- Up-to-date: /home/px4/ros2/ws/install/px4_msgs/include/px4_msgs/px4_msgs/msg/detail/position_setpoint__type_support.hpp\n'}
[1.600215] (px4_msgs) StdoutLine: {'line': b'-- Up-to-date: /home/px4/ros2/ws/install/px4_msgs/include/px4_msgs/px4_msgs/msg/detail/telemetry_status__builder.hpp\n'}
[1.600260] (px4_msgs) StdoutLine: {'line': b'-- Up-to-date: /home/px4/ros2/ws/install/px4_msgs/include/px4_msgs/px4_msgs/msg/detail/register_ext_component_request__builder.hpp\n'}
[1.600304] (px4_msgs) StdoutLine: {'line': b'-- Up-to-date: /home/px4/ros2/ws/install/px4_msgs/include/px4_msgs/px4_msgs/msg/detail/button_event__type_support.hpp\n'}
[1.600348] (px4_msgs) StdoutLine: {'line': b'-- Up-to-date: /home/px4/ros2/ws/install/px4_msgs/include/px4_msgs/px4_msgs/msg/detail/vehicle_imu__type_support.hpp\n'}
[1.600392] (px4_msgs) StdoutLine: {'line': b'-- Up-to-date: /home/px4/ros2/ws/install/px4_msgs/include/px4_msgs/px4_msgs/msg/detail/gripper__builder.hpp\n'}
[1.600436] (px4_msgs) StdoutLine: {'line': b'-- Up-to-date: /home/px4/ros2/ws/install/px4_msgs/include/px4_msgs/px4_msgs/msg/detail/vtol_vehicle_status__traits.hpp\n'}
[1.600480] (px4_msgs) StdoutLine: {'line': b'-- Up-to-date: /home/px4/ros2/ws/install/px4_msgs/include/px4_msgs/px4_msgs/msg/detail/parameter_reset_request__traits.hpp\n'}
[1.600526] (px4_msgs) StdoutLine: {'line': b'-- Up-to-date: /home/px4/ros2/ws/install/px4_msgs/include/px4_msgs/px4_msgs/msg/detail/landing_target_pose__type_support.hpp\n'}
[1.600572] (px4_msgs) StdoutLine: {'line': b'-- Up-to-date: /home/px4/ros2/ws/install/px4_msgs/include/px4_msgs/px4_msgs/msg/detail/sensor_gps__builder.hpp\n'}
[1.600624] (px4_msgs) StdoutLine: {'line': b'-- Up-to-date: /home/px4/ros2/ws/install/px4_msgs/include/px4_msgs/px4_msgs/msg/detail/sensor_gps__type_support.hpp\n'}
[1.600670] (px4_msgs) StdoutLine: {'line': b'-- Up-to-date: /home/px4/ros2/ws/install/px4_msgs/include/px4_msgs/px4_msgs/msg/detail/unregister_ext_component__traits.hpp\n'}
[1.600715] (px4_msgs) StdoutLine: {'line': b'-- Up-to-date: /home/px4/ros2/ws/install/px4_msgs/include/px4_msgs/px4_msgs/msg/detail/vehicle_magnetometer__type_support.hpp\n'}
[1.600761] (px4_msgs) StdoutLine: {'line': b'-- Up-to-date: /home/px4/ros2/ws/install/px4_msgs/include/px4_msgs/px4_msgs/msg/detail/dataman_response__struct.hpp\n'}
[1.600806] (px4_msgs) StdoutLine: {'line': b'-- Up-to-date: /home/px4/ros2/ws/install/px4_msgs/include/px4_msgs/px4_msgs/msg/detail/ulog_stream__struct.hpp\n'}
[1.600852] (px4_msgs) StdoutLine: {'line': b'-- Up-to-date: /home/px4/ros2/ws/install/px4_msgs/include/px4_msgs/px4_msgs/msg/detail/register_ext_component_reply__type_support.hpp\n'}
[1.600915] (px4_msgs) StdoutLine: {'line': b'-- Up-to-date: /home/px4/ros2/ws/install/px4_msgs/include/px4_msgs/px4_msgs/msg/detail/timesync_status__struct.hpp\n'}
[1.600963] (px4_msgs) StdoutLine: {'line': b'-- Up-to-date: /home/px4/ros2/ws/install/px4_msgs/include/px4_msgs/px4_msgs/msg/detail/position_controller_landing_status__type_support.hpp\n'}
[1.601009] (px4_msgs) StdoutLine: {'line': b'-- Up-to-date: /home/px4/ros2/ws/install/px4_msgs/include/px4_msgs/px4_msgs/msg/detail/goto_setpoint__traits.hpp\n'}
[1.601055] (px4_msgs) StdoutLine: {'line': b'-- Up-to-date: /home/px4/ros2/ws/install/px4_msgs/include/px4_msgs/px4_msgs/msg/detail/pure_pursuit_status__traits.hpp\n'}
[1.601100] (px4_msgs) StdoutLine: {'line': b'-- Up-to-date: /home/px4/ros2/ws/install/px4_msgs/include/px4_msgs/px4_msgs/msg/detail/vehicle_angular_velocity__traits.hpp\n'}
[1.601146] (px4_msgs) StdoutLine: {'line': b'-- Up-to-date: /home/px4/ros2/ws/install/px4_msgs/include/px4_msgs/px4_msgs/msg/detail/rover_rate_status__type_support.hpp\n'}
[1.601191] (px4_msgs) StdoutLine: {'line': b'-- Up-to-date: /home/px4/ros2/ws/install/px4_msgs/include/px4_msgs/px4_msgs/msg/detail/tiltrotor_extra_controls__type_support.hpp\n'}
[1.601238] (px4_msgs) StdoutLine: {'line': b'-- Up-to-date: /home/px4/ros2/ws/install/px4_msgs/include/px4_msgs/px4_msgs/msg/detail/register_ext_component_request__struct.hpp\n'}
[1.601284] (px4_msgs) StdoutLine: {'line': b'-- Up-to-date: /home/px4/ros2/ws/install/px4_msgs/include/px4_msgs/px4_msgs/msg/detail/gpio_in__type_support.hpp\n'}
[1.601330] (px4_msgs) StdoutLine: {'line': b'-- Up-to-date: /home/px4/ros2/ws/install/px4_msgs/include/px4_msgs/px4_msgs/msg/detail/position_controller_status__struct.hpp\n'}
[1.601376] (px4_msgs) StdoutLine: {'line': b'-- Up-to-date: /home/px4/ros2/ws/install/px4_msgs/include/px4_msgs/px4_msgs/msg/detail/sensor_gyro_fft__builder.hpp\n'}
[1.601422] (px4_msgs) StdoutLine: {'line': b'-- Up-to-date: /home/px4/ros2/ws/install/px4_msgs/include/px4_msgs/px4_msgs/msg/detail/ulog_stream_ack__struct.hpp\n'}
[1.601467] (px4_msgs) StdoutLine: {'line': b'-- Up-to-date: /home/px4/ros2/ws/install/px4_msgs/include/px4_msgs/px4_msgs/msg/detail/qshell_req__struct.hpp\n'}
[1.601513] (px4_msgs) StdoutLine: {'line': b'-- Up-to-date: /home/px4/ros2/ws/install/px4_msgs/include/px4_msgs/px4_msgs/msg/detail/gripper__type_support.hpp\n'}
[1.601557] (px4_msgs) StdoutLine: {'line': b'-- Up-to-date: /home/px4/ros2/ws/install/px4_msgs/include/px4_msgs/px4_msgs/msg/detail/gpio_in__struct.hpp\n'}
[1.601602] (px4_msgs) StdoutLine: {'line': b'-- Up-to-date: /home/px4/ros2/ws/install/px4_msgs/include/px4_msgs/px4_msgs/msg/detail/trajectory_setpoint6dof__struct.hpp\n'}
[1.601653] (px4_msgs) StdoutLine: {'line': b'-- Up-to-date: /home/px4/ros2/ws/install/px4_msgs/include/px4_msgs/px4_msgs/msg/detail/gimbal_manager_set_attitude__traits.hpp\n'}
[1.601698] (px4_msgs) StdoutLine: {'line': b'-- Up-to-date: /home/px4/ros2/ws/install/px4_msgs/include/px4_msgs/px4_msgs/msg/detail/wind__builder.hpp\n'}
[1.601754] (px4_msgs) StdoutLine: {'line': b'-- Up-to-date: /home/px4/ros2/ws/install/px4_msgs/include/px4_msgs/px4_msgs/msg/detail/flight_phase_estimation__type_support.hpp\n'}
[1.601805] (px4_msgs) StdoutLine: {'line': b'-- Up-to-date: /home/px4/ros2/ws/install/px4_msgs/include/px4_msgs/px4_msgs/msg/detail/actuator_motors__type_support.hpp\n'}
[1.601851] (px4_msgs) StdoutLine: {'line': b'-- Up-to-date: /home/px4/ros2/ws/install/px4_msgs/include/px4_msgs/px4_msgs/msg/detail/sensor_gyro__type_support.hpp\n'}
[1.601914] (px4_msgs) StdoutLine: {'line': b'-- Up-to-date: /home/px4/ros2/ws/install/px4_msgs/include/px4_msgs/px4_msgs/msg/detail/control_allocator_status__builder.hpp\n'}
[1.601962] (px4_msgs) StdoutLine: {'line': b'-- Up-to-date: /home/px4/ros2/ws/install/px4_msgs/include/px4_msgs/px4_msgs/msg/detail/estimator_gps_status__type_support.hpp\n'}
[1.602007] (px4_msgs) StdoutLine: {'line': b'-- Up-to-date: /home/px4/ros2/ws/install/px4_msgs/include/px4_msgs/px4_msgs/msg/detail/gimbal_device_set_attitude__builder.hpp\n'}
[1.602050] (-) TimerEvent: {}
[1.602133] (px4_msgs) StdoutLine: {'line': b'-- Up-to-date: /home/px4/ros2/ws/install/px4_msgs/include/px4_msgs/px4_msgs/msg/detail/open_drone_id_system__type_support.hpp\n'}
[1.602190] (px4_msgs) StdoutLine: {'line': b'-- Up-to-date: /home/px4/ros2/ws/install/px4_msgs/include/px4_msgs/px4_msgs/msg/detail/vehicle_attitude__type_support.hpp\n'}
[1.602275] (px4_msgs) StdoutLine: {'line': b'-- Up-to-date: /home/px4/ros2/ws/install/px4_msgs/include/px4_msgs/px4_msgs/msg/detail/camera_status__type_support.hpp\n'}
[1.602347] (px4_msgs) StdoutLine: {'line': b'-- Up-to-date: /home/px4/ros2/ws/install/px4_msgs/include/px4_msgs/px4_msgs/msg/detail/battery_info__builder.hpp\n'}
[1.602396] (px4_msgs) StdoutLine: {'line': b'-- Up-to-date: /home/px4/ros2/ws/install/px4_msgs/include/px4_msgs/px4_msgs/msg/detail/vehicle_optical_flow_vel__struct.hpp\n'}
[1.602442] (px4_msgs) StdoutLine: {'line': b'-- Up-to-date: /home/px4/ros2/ws/install/px4_msgs/include/px4_msgs/px4_msgs/msg/detail/rover_velocity_setpoint__struct.hpp\n'}
[1.602489] (px4_msgs) StdoutLine: {'line': b'-- Up-to-date: /home/px4/ros2/ws/install/px4_msgs/include/px4_msgs/px4_msgs/msg/detail/debug_vect__type_support.hpp\n'}
[1.602534] (px4_msgs) StdoutLine: {'line': b'-- Up-to-date: /home/px4/ros2/ws/install/px4_msgs/include/px4_msgs/px4_msgs/msg/detail/goto_setpoint__builder.hpp\n'}
[1.602581] (px4_msgs) StdoutLine: {'line': b'-- Up-to-date: /home/px4/ros2/ws/install/px4_msgs/include/px4_msgs/px4_msgs/msg/detail/ulog_stream_ack__traits.hpp\n'}
[1.602627] (px4_msgs) StdoutLine: {'line': b'-- Up-to-date: /home/px4/ros2/ws/install/px4_msgs/include/px4_msgs/px4_msgs/msg/detail/vehicle_air_data__traits.hpp\n'}
[1.602673] (px4_msgs) StdoutLine: {'line': b'-- Up-to-date: /home/px4/ros2/ws/install/px4_msgs/include/px4_msgs/px4_msgs/msg/detail/home_position__builder.hpp\n'}
[1.602718] (px4_msgs) StdoutLine: {'line': b'-- Up-to-date: /home/px4/ros2/ws/install/px4_msgs/include/px4_msgs/px4_msgs/msg/detail/vehicle_angular_acceleration_setpoint__builder.hpp\n'}
[1.602765] (px4_msgs) StdoutLine: {'line': b'-- Up-to-date: /home/px4/ros2/ws/install/px4_msgs/include/px4_msgs/px4_msgs/msg/detail/vehicle_optical_flow__struct.hpp\n'}
[1.602812] (px4_msgs) StdoutLine: {'line': b'-- Up-to-date: /home/px4/ros2/ws/install/px4_msgs/include/px4_msgs/px4_msgs/msg/detail/orbit_status__traits.hpp\n'}
[1.602858] (px4_msgs) StdoutLine: {'line': b'-- Up-to-date: /home/px4/ros2/ws/install/px4_msgs/include/px4_msgs/px4_msgs/msg/detail/lateral_control_configuration__struct.hpp\n'}
[1.602924] (px4_msgs) StdoutLine: {'line': b'-- Up-to-date: /home/px4/ros2/ws/install/px4_msgs/include/px4_msgs/px4_msgs/msg/detail/yaw_estimator_status__struct.hpp\n'}
[1.602975] (px4_msgs) StdoutLine: {'line': b'-- Up-to-date: /home/px4/ros2/ws/install/px4_msgs/include/px4_msgs/px4_msgs/msg/detail/fixed_wing_lateral_guidance_status__type_support.hpp\n'}
[1.603022] (px4_msgs) StdoutLine: {'line': b'-- Up-to-date: /home/px4/ros2/ws/install/px4_msgs/include/px4_msgs/px4_msgs/msg/detail/sensor_correction__type_support.hpp\n'}
[1.603077] (px4_msgs) StdoutLine: {'line': b'-- Up-to-date: /home/px4/ros2/ws/install/px4_msgs/include/px4_msgs/px4_msgs/msg/detail/heater_status__traits.hpp\n'}
[1.603125] (px4_msgs) StdoutLine: {'line': b'-- Up-to-date: /home/px4/ros2/ws/install/px4_msgs/include/px4_msgs/px4_msgs/msg/detail/estimator_sensor_bias__type_support.hpp\n'}
[1.603171] (px4_msgs) StdoutLine: {'line': b'-- Up-to-date: /home/px4/ros2/ws/install/px4_msgs/include/px4_msgs/px4_msgs/msg/detail/estimator_states__type_support.hpp\n'}
[1.603218] (px4_msgs) StdoutLine: {'line': b'-- Up-to-date: /home/px4/ros2/ws/install/px4_msgs/include/px4_msgs/px4_msgs/msg/detail/arming_check_request__traits.hpp\n'}
[1.603263] (px4_msgs) StdoutLine: {'line': b'-- Up-to-date: /home/px4/ros2/ws/install/px4_msgs/include/px4_msgs/px4_msgs/msg/detail/vehicle_rates_setpoint__builder.hpp\n'}
[1.603316] (px4_msgs) StdoutLine: {'line': b'-- Up-to-date: /home/px4/ros2/ws/install/px4_msgs/include/px4_msgs/px4_msgs/msg/detail/vehicle_control_mode__traits.hpp\n'}
[1.603364] (px4_msgs) StdoutLine: {'line': b'-- Up-to-date: /home/px4/ros2/ws/install/px4_msgs/include/px4_msgs/px4_msgs/msg/detail/sensor_hygrometer__type_support.hpp\n'}
[1.603410] (px4_msgs) StdoutLine: {'line': b'-- Up-to-date: /home/px4/ros2/ws/install/px4_msgs/include/px4_msgs/px4_msgs/msg/detail/sensors_status_imu__traits.hpp\n'}
[1.603462] (px4_msgs) StdoutLine: {'line': b'-- Up-to-date: /home/px4/ros2/ws/install/px4_msgs/include/px4_msgs/px4_msgs/msg/detail/rate_ctrl_status__struct.hpp\n'}
[1.603506] (px4_msgs) StdoutLine: {'line': b'-- Up-to-date: /home/px4/ros2/ws/install/px4_msgs/include/px4_msgs/px4_msgs/msg/detail/sensor_gyro_fifo__type_support.hpp\n'}
[1.603562] (px4_msgs) StdoutLine: {'line': b'-- Up-to-date: /home/px4/ros2/ws/install/px4_msgs/include/px4_msgs/px4_msgs/msg/detail/estimator_event_flags__type_support.hpp\n'}
[1.603606] (px4_msgs) StdoutLine: {'line': b'-- Up-to-date: /home/px4/ros2/ws/install/px4_msgs/include/px4_msgs/px4_msgs/msg/detail/debug_key_value__struct.hpp\n'}
[1.603650] (px4_msgs) StdoutLine: {'line': b'-- Up-to-date: /home/px4/ros2/ws/install/px4_msgs/include/px4_msgs/px4_msgs/msg/detail/vehicle_odometry__type_support.hpp\n'}
[1.603698] (px4_msgs) StdoutLine: {'line': b'-- Up-to-date: /home/px4/ros2/ws/install/px4_msgs/include/px4_msgs/px4_msgs/msg/detail/geofence_status__builder.hpp\n'}
[1.603742] (px4_msgs) StdoutLine: {'line': b'-- Up-to-date: /home/px4/ros2/ws/install/px4_msgs/include/px4_msgs/px4_msgs/msg/detail/action_request__traits.hpp\n'}
[1.603786] (px4_msgs) StdoutLine: {'line': b'-- Up-to-date: /home/px4/ros2/ws/install/px4_msgs/include/px4_msgs/px4_msgs/msg/detail/sensor_accel_fifo__type_support.hpp\n'}
[1.603828] (px4_msgs) StdoutLine: {'line': b'-- Up-to-date: /home/px4/ros2/ws/install/px4_msgs/include/px4_msgs/px4_msgs/msg/detail/gpio_in__traits.hpp\n'}
[1.603881] (px4_msgs) StdoutLine: {'line': b'-- Up-to-date: /home/px4/ros2/ws/install/px4_msgs/include/px4_msgs/px4_msgs/msg/detail/open_drone_id_system__struct.hpp\n'}
[1.603936] (px4_msgs) StdoutLine: {'line': b'-- Up-to-date: /home/px4/ros2/ws/install/px4_msgs/include/px4_msgs/px4_msgs/msg/detail/gimbal_manager_information__traits.hpp\n'}
[1.603980] (px4_msgs) StdoutLine: {'line': b'-- Up-to-date: /home/px4/ros2/ws/install/px4_msgs/include/px4_msgs/px4_msgs/msg/detail/gimbal_device_information__struct.hpp\n'}
[1.604026] (px4_msgs) StdoutLine: {'line': b'-- Up-to-date: /home/px4/ros2/ws/install/px4_msgs/include/px4_msgs/px4_msgs/msg/detail/estimator_innovations__type_support.hpp\n'}
[1.604071] (px4_msgs) StdoutLine: {'line': b'-- Up-to-date: /home/px4/ros2/ws/install/px4_msgs/include/px4_msgs/px4_msgs/msg/detail/vehicle_control_mode__struct.hpp\n'}
[1.604116] (px4_msgs) StdoutLine: {'line': b'-- Up-to-date: /home/px4/ros2/ws/install/px4_msgs/include/px4_msgs/px4_msgs/msg/detail/vehicle_magnetometer__struct.hpp\n'}
[1.604162] (px4_msgs) StdoutLine: {'line': b'-- Up-to-date: /home/px4/ros2/ws/install/px4_msgs/include/px4_msgs/px4_msgs/msg/detail/rc_channels__builder.hpp\n'}
[1.604207] (px4_msgs) StdoutLine: {'line': b'-- Up-to-date: /home/px4/ros2/ws/install/px4_msgs/include/px4_msgs/px4_msgs/msg/detail/log_message__builder.hpp\n'}
[1.604260] (px4_msgs) StdoutLine: {'line': b'-- Up-to-date: /home/px4/ros2/ws/install/px4_msgs/include/px4_msgs/px4_msgs/msg/detail/open_drone_id_operator_id__traits.hpp\n'}
[1.604306] (px4_msgs) StdoutLine: {'line': b'-- Up-to-date: /home/px4/ros2/ws/install/px4_msgs/include/px4_msgs/px4_msgs/msg/detail/cellular_status__struct.hpp\n'}
[1.604351] (px4_msgs) StdoutLine: {'line': b'-- Up-to-date: /home/px4/ros2/ws/install/px4_msgs/include/px4_msgs/px4_msgs/msg/detail/gimbal_manager_status__builder.hpp\n'}
[1.604396] (px4_msgs) StdoutLine: {'line': b'-- Up-to-date: /home/px4/ros2/ws/install/px4_msgs/include/px4_msgs/px4_msgs/msg/detail/debug_value__builder.hpp\n'}
[1.604440] (px4_msgs) StdoutLine: {'line': b'-- Up-to-date: /home/px4/ros2/ws/install/px4_msgs/include/px4_msgs/px4_msgs/msg/detail/message_format_response__type_support.hpp\n'}
[1.604488] (px4_msgs) StdoutLine: {'line': b'-- Up-to-date: /home/px4/ros2/ws/install/px4_msgs/include/px4_msgs/px4_msgs/msg/detail/rover_velocity_setpoint__type_support.hpp\n'}
[1.604533] (px4_msgs) StdoutLine: {'line': b'-- Up-to-date: /home/px4/ros2/ws/install/px4_msgs/include/px4_msgs/px4_msgs/msg/detail/vehicle_optical_flow_vel__traits.hpp\n'}
[1.604578] (px4_msgs) StdoutLine: {'line': b'-- Up-to-date: /home/px4/ros2/ws/install/px4_msgs/include/px4_msgs/px4_msgs/msg/detail/mount_orientation__struct.hpp\n'}
[1.604624] (px4_msgs) StdoutLine: {'line': b'-- Up-to-date: /home/px4/ros2/ws/install/px4_msgs/include/px4_msgs/px4_msgs/msg/detail/logger_status__builder.hpp\n'}
[1.604669] (px4_msgs) StdoutLine: {'line': b'-- Up-to-date: /home/px4/ros2/ws/install/px4_msgs/include/px4_msgs/px4_msgs/msg/detail/can_interface_status__builder.hpp\n'}
[1.604715] (px4_msgs) StdoutLine: {'line': b'-- Up-to-date: /home/px4/ros2/ws/install/px4_msgs/include/px4_msgs/px4_msgs/msg/detail/open_drone_id_self_id__traits.hpp\n'}
[1.604760] (px4_msgs) StdoutLine: {'line': b'-- Up-to-date: /home/px4/ros2/ws/install/px4_msgs/include/px4_msgs/px4_msgs/msg/detail/position_setpoint_triplet__struct.hpp\n'}
[1.604811] (px4_msgs) StdoutLine: {'line': b'-- Up-to-date: /home/px4/ros2/ws/install/px4_msgs/include/px4_msgs/px4_msgs/msg/detail/vehicle_local_position_setpoint__traits.hpp\n'}
[1.604858] (px4_msgs) StdoutLine: {'line': b'-- Up-to-date: /home/px4/ros2/ws/install/px4_msgs/include/px4_msgs/px4_msgs/msg/detail/geofence_status__traits.hpp\n'}
[1.604923] (px4_msgs) StdoutLine: {'line': b'-- Up-to-date: /home/px4/ros2/ws/install/px4_msgs/include/px4_msgs/px4_msgs/msg/detail/camera_status__struct.hpp\n'}
[1.604972] (px4_msgs) StdoutLine: {'line': b'-- Up-to-date: /home/px4/ros2/ws/install/px4_msgs/include/px4_msgs/px4_msgs/msg/detail/ekf2_timestamps__struct.hpp\n'}
[1.605017] (px4_msgs) StdoutLine: {'line': b'-- Up-to-date: /home/px4/ros2/ws/install/px4_msgs/include/px4_msgs/px4_msgs/msg/detail/message_format_request__builder.hpp\n'}
[1.605064] (px4_msgs) StdoutLine: {'line': b'-- Up-to-date: /home/px4/ros2/ws/install/px4_msgs/include/px4_msgs/px4_msgs/msg/detail/gripper__traits.hpp\n'}
[1.605109] (px4_msgs) StdoutLine: {'line': b'-- Up-to-date: /home/px4/ros2/ws/install/px4_msgs/include/px4_msgs/px4_msgs/msg/detail/estimator_aid_source3d__builder.hpp\n'}
[1.605164] (px4_msgs) StdoutLine: {'line': b'-- Up-to-date: /home/px4/ros2/ws/install/px4_msgs/include/px4_msgs/px4_msgs/msg/detail/open_drone_id_operator_id__struct.hpp\n'}
[1.605211] (px4_msgs) StdoutLine: {'line': b'-- Up-to-date: /home/px4/ros2/ws/install/px4_msgs/include/px4_msgs/px4_msgs/msg/detail/mavlink_tunnel__struct.hpp\n'}
[1.605256] (px4_msgs) StdoutLine: {'line': b'-- Up-to-date: /home/px4/ros2/ws/install/px4_msgs/include/px4_msgs/px4_msgs/msg/detail/mode_completed__struct.hpp\n'}
[1.605301] (px4_msgs) StdoutLine: {'line': b'-- Up-to-date: /home/px4/ros2/ws/install/px4_msgs/include/px4_msgs/px4_msgs/msg/detail/sensor_combined__type_support.hpp\n'}
[1.605346] (px4_msgs) StdoutLine: {'line': b'-- Up-to-date: /home/px4/ros2/ws/install/px4_msgs/include/px4_msgs/px4_msgs/msg/detail/vehicle_roi__type_support.hpp\n'}
[1.605397] (px4_msgs) StdoutLine: {'line': b'-- Up-to-date: /home/px4/ros2/ws/install/px4_msgs/include/px4_msgs/px4_msgs/msg/detail/rc_channels__traits.hpp\n'}
[1.605443] (px4_msgs) StdoutLine: {'line': b'-- Up-to-date: /home/px4/ros2/ws/install/px4_msgs/include/px4_msgs/px4_msgs/msg/detail/orb_test_large__type_support.hpp\n'}
[1.605488] (px4_msgs) StdoutLine: {'line': b'-- Up-to-date: /home/px4/ros2/ws/install/px4_msgs/include/px4_msgs/px4_msgs/msg/detail/rover_rate_setpoint__builder.hpp\n'}
[1.605534] (px4_msgs) StdoutLine: {'line': b'-- Up-to-date: /home/px4/ros2/ws/install/px4_msgs/include/px4_msgs/px4_msgs/msg/detail/generator_status__traits.hpp\n'}
[1.605579] (px4_msgs) StdoutLine: {'line': b'-- Up-to-date: /home/px4/ros2/ws/install/px4_msgs/include/px4_msgs/px4_msgs/msg/detail/sensor_gyro__builder.hpp\n'}
[1.605625] (px4_msgs) StdoutLine: {'line': b'-- Up-to-date: /home/px4/ros2/ws/install/px4_msgs/include/px4_msgs/px4_msgs/msg/detail/actuator_test__type_support.hpp\n'}
[1.605670] (px4_msgs) StdoutLine: {'line': b'-- Up-to-date: /home/px4/ros2/ws/install/px4_msgs/include/px4_msgs/px4_msgs/msg/detail/hover_thrust_estimate__struct.hpp\n'}
[1.605716] (px4_msgs) StdoutLine: {'line': b'-- Up-to-date: /home/px4/ros2/ws/install/px4_msgs/include/px4_msgs/px4_msgs/msg/detail/parameter_set_value_request__builder.hpp\n'}
[1.605762] (px4_msgs) StdoutLine: {'line': b'-- Up-to-date: /home/px4/ros2/ws/install/px4_msgs/include/px4_msgs/px4_msgs/msg/detail/orbit_status__type_support.hpp\n'}
[1.605808] (px4_msgs) StdoutLine: {'line': b'-- Up-to-date: /home/px4/ros2/ws/install/px4_msgs/include/px4_msgs/px4_msgs/msg/detail/transponder_report__builder.hpp\n'}
[1.605853] (px4_msgs) StdoutLine: {'line': b'-- Up-to-date: /home/px4/ros2/ws/install/px4_msgs/include/px4_msgs/px4_msgs/msg/detail/hover_thrust_estimate__traits.hpp\n'}
[1.605916] (px4_msgs) StdoutLine: {'line': b'-- Up-to-date: /home/px4/ros2/ws/install/px4_msgs/include/px4_msgs/px4_msgs/msg/detail/esc_report__builder.hpp\n'}
[1.605964] (px4_msgs) StdoutLine: {'line': b'-- Up-to-date: /home/px4/ros2/ws/install/px4_msgs/include/px4_msgs/px4_msgs/msg/detail/log_message__type_support.hpp\n'}
[1.606010] (px4_msgs) StdoutLine: {'line': b'-- Up-to-date: /home/px4/ros2/ws/install/px4_msgs/include/px4_msgs/px4_msgs/msg/detail/vehicle_optical_flow__traits.hpp\n'}
[1.606055] (px4_msgs) StdoutLine: {'line': b'-- Up-to-date: /home/px4/ros2/ws/install/px4_msgs/include/px4_msgs/px4_msgs/msg/detail/internal_combustion_engine_status__type_support.hpp\n'}
[1.606102] (px4_msgs) StdoutLine: {'line': b'-- Up-to-date: /home/px4/ros2/ws/install/px4_msgs/include/px4_msgs/px4_msgs/msg/detail/vehicle_roi__struct.hpp\n'}
[1.606146] (px4_msgs) StdoutLine: {'line': b'-- Up-to-date: /home/px4/ros2/ws/install/px4_msgs/include/px4_msgs/px4_msgs/msg/detail/gimbal_device_information__builder.hpp\n'}
[1.606191] (px4_msgs) StdoutLine: {'line': b'-- Up-to-date: /home/px4/ros2/ws/install/px4_msgs/include/px4_msgs/px4_msgs/msg/detail/vehicle_attitude_setpoint__builder.hpp\n'}
[1.606236] (px4_msgs) StdoutLine: {'line': b'-- Up-to-date: /home/px4/ros2/ws/install/px4_msgs/include/px4_msgs/px4_msgs/msg/detail/vehicle_imu__traits.hpp\n'}
[1.606281] (px4_msgs) StdoutLine: {'line': b'-- Up-to-date: /home/px4/ros2/ws/install/px4_msgs/include/px4_msgs/px4_msgs/msg/detail/parameter_update__type_support.hpp\n'}
[1.606334] (px4_msgs) StdoutLine: {'line': b'-- Up-to-date: /home/px4/ros2/ws/install/px4_msgs/include/px4_msgs/px4_msgs/msg/detail/sensor_combined__struct.hpp\n'}
[1.606382] (px4_msgs) StdoutLine: {'line': b'-- Up-to-date: /home/px4/ros2/ws/install/px4_msgs/include/px4_msgs/px4_msgs/msg/detail/fixed_wing_runway_control__struct.hpp\n'}
[1.606427] (px4_msgs) StdoutLine: {'line': b'-- Up-to-date: /home/px4/ros2/ws/install/px4_msgs/include/px4_msgs/px4_msgs/msg/detail/position_controller_status__traits.hpp\n'}
[1.606472] (px4_msgs) StdoutLine: {'line': b'-- Up-to-date: /home/px4/ros2/ws/install/px4_msgs/include/px4_msgs/px4_msgs/msg/detail/ping__type_support.hpp\n'}
[1.606524] (px4_msgs) StdoutLine: {'line': b'-- Up-to-date: /home/px4/ros2/ws/install/px4_msgs/include/px4_msgs/px4_msgs/msg/detail/debug_vect__traits.hpp\n'}
[1.606570] (px4_msgs) StdoutLine: {'line': b'-- Up-to-date: /home/px4/ros2/ws/install/px4_msgs/include/px4_msgs/px4_msgs/msg/detail/vehicle_command__traits.hpp\n'}
[1.606615] (px4_msgs) StdoutLine: {'line': b'-- Up-to-date: /home/px4/ros2/ws/install/px4_msgs/include/px4_msgs/px4_msgs/msg/detail/vehicle_imu__struct.hpp\n'}
[1.606660] (px4_msgs) StdoutLine: {'line': b'-- Up-to-date: /home/px4/ros2/ws/install/px4_msgs/include/px4_msgs/px4_msgs/msg/detail/camera_trigger__type_support.hpp\n'}
[1.606718] (px4_msgs) StdoutLine: {'line': b'-- Up-to-date: /home/px4/ros2/ws/install/px4_msgs/include/px4_msgs/px4_msgs/msg/detail/sensor_airflow__struct.hpp\n'}
[1.606763] (px4_msgs) StdoutLine: {'line': b'-- Up-to-date: /home/px4/ros2/ws/install/px4_msgs/include/px4_msgs/px4_msgs/msg/detail/debug_array__type_support.hpp\n'}
[1.606818] (px4_msgs) StdoutLine: {'line': b'-- Up-to-date: /home/px4/ros2/ws/install/px4_msgs/include/px4_msgs/px4_msgs/msg/detail/vehicle_torque_setpoint__builder.hpp\n'}
[1.606874] (px4_msgs) StdoutLine: {'line': b'-- Up-to-date: /home/px4/ros2/ws/install/px4_msgs/include/px4_msgs/px4_msgs/msg/detail/gimbal_controls__type_support.hpp\n'}
[1.606931] (px4_msgs) StdoutLine: {'line': b'-- Up-to-date: /home/px4/ros2/ws/install/px4_msgs/include/px4_msgs/px4_msgs/msg/detail/rover_attitude_setpoint__traits.hpp\n'}
[1.606977] (px4_msgs) StdoutLine: {'line': b'-- Up-to-date: /home/px4/ros2/ws/install/px4_msgs/include/px4_msgs/px4_msgs/msg/detail/tiltrotor_extra_controls__struct.hpp\n'}
[1.607023] (px4_msgs) StdoutLine: {'line': b'-- Up-to-date: /home/px4/ros2/ws/install/px4_msgs/include/px4_msgs/px4_msgs/msg/detail/ulog_stream_ack__builder.hpp\n'}
[1.607068] (px4_msgs) StdoutLine: {'line': b'-- Up-to-date: /home/px4/ros2/ws/install/px4_msgs/include/px4_msgs/px4_msgs/msg/detail/vehicle_status__struct.hpp\n'}
[1.607113] (px4_msgs) StdoutLine: {'line': b'-- Up-to-date: /home/px4/ros2/ws/install/px4_msgs/include/px4_msgs/px4_msgs/msg/detail/pure_pursuit_status__type_support.hpp\n'}
[1.607158] (px4_msgs) StdoutLine: {'line': b'-- Up-to-date: /home/px4/ros2/ws/install/px4_msgs/include/px4_msgs/px4_msgs/msg/detail/actuator_motors__builder.hpp\n'}
[1.607203] (px4_msgs) StdoutLine: {'line': b'-- Up-to-date: /home/px4/ros2/ws/install/px4_msgs/include/px4_msgs/px4_msgs/msg/detail/orbit_status__struct.hpp\n'}
[1.607248] (px4_msgs) StdoutLine: {'line': b'-- Up-to-date: /home/px4/ros2/ws/install/px4_msgs/include/px4_msgs/px4_msgs/msg/detail/manual_control_switches__traits.hpp\n'}
[1.607293] (px4_msgs) StdoutLine: {'line': b'-- Up-to-date: /home/px4/ros2/ws/install/px4_msgs/include/px4_msgs/px4_msgs/msg/detail/sensors_status__struct.hpp\n'}
[1.607338] (px4_msgs) StdoutLine: {'line': b'-- Up-to-date: /home/px4/ros2/ws/install/px4_msgs/include/px4_msgs/px4_msgs/msg/detail/figure_eight_status__struct.hpp\n'}
[1.607383] (px4_msgs) StdoutLine: {'line': b'-- Up-to-date: /home/px4/ros2/ws/install/px4_msgs/include/px4_msgs/px4_msgs/msg/detail/rc_channels__struct.hpp\n'}
[1.607427] (px4_msgs) StdoutLine: {'line': b'-- Up-to-date: /home/px4/ros2/ws/install/px4_msgs/include/px4_msgs/px4_msgs/msg/detail/rtl_status__type_support.hpp\n'}
[1.607472] (px4_msgs) StdoutLine: {'line': b'-- Up-to-date: /home/px4/ros2/ws/install/px4_msgs/include/px4_msgs/px4_msgs/msg/detail/estimator_states__traits.hpp\n'}
[1.607516] (px4_msgs) StdoutLine: {'line': b'-- Up-to-date: /home/px4/ros2/ws/install/px4_msgs/include/px4_msgs/px4_msgs/msg/detail/vtol_vehicle_status__type_support.hpp\n'}
[1.607562] (px4_msgs) StdoutLine: {'line': b'-- Up-to-date: /home/px4/ros2/ws/install/px4_msgs/include/px4_msgs/px4_msgs/msg/detail/collision_constraints__type_support.hpp\n'}
[1.607605] (px4_msgs) StdoutLine: {'line': b'-- Up-to-date: /home/px4/ros2/ws/install/px4_msgs/include/px4_msgs/px4_msgs/msg/detail/launch_detection_status__builder.hpp\n'}
[1.607651] (px4_msgs) StdoutLine: {'line': b'-- Up-to-date: /home/px4/ros2/ws/install/px4_msgs/include/px4_msgs/px4_msgs/msg/detail/sensor_hygrometer__struct.hpp\n'}
[1.607703] (px4_msgs) StdoutLine: {'line': b'-- Up-to-date: /home/px4/ros2/ws/install/px4_msgs/include/px4_msgs/px4_msgs/msg/detail/satellite_info__builder.hpp\n'}
[1.607749] (px4_msgs) StdoutLine: {'line': b'-- Up-to-date: /home/px4/ros2/ws/install/px4_msgs/include/px4_msgs/px4_msgs/msg/detail/vehicle_control_mode__builder.hpp\n'}
[1.607794] (px4_msgs) StdoutLine: {'line': b'-- Up-to-date: /home/px4/ros2/ws/install/px4_msgs/include/px4_msgs/px4_msgs/msg/detail/actuator_armed__builder.hpp\n'}
[1.607851] (px4_msgs) StdoutLine: {'line': b'-- Up-to-date: /home/px4/ros2/ws/install/px4_msgs/include/px4_msgs/px4_msgs/msg/detail/vehicle_angular_velocity__type_support.hpp\n'}
[1.607952] (px4_msgs) StdoutLine: {'line': b'-- Up-to-date: /home/px4/ros2/ws/install/px4_msgs/include/px4_msgs/px4_msgs/msg/detail/unregister_ext_component__struct.hpp\n'}
[1.608015] (px4_msgs) StdoutLine: {'line': b'-- Up-to-date: /home/px4/ros2/ws/install/px4_msgs/include/px4_msgs/px4_msgs/msg/detail/sensor_gnss_relative__builder.hpp\n'}
[1.608063] (px4_msgs) StdoutLine: {'line': b'-- Up-to-date: /home/px4/ros2/ws/install/px4_msgs/include/px4_msgs/px4_msgs/msg/detail/battery_status__struct.hpp\n'}
[1.608110] (px4_msgs) StdoutLine: {'line': b'-- Up-to-date: /home/px4/ros2/ws/install/px4_msgs/include/px4_msgs/px4_msgs/msg/detail/can_interface_status__type_support.hpp\n'}
[1.608156] (px4_msgs) StdoutLine: {'line': b'-- Up-to-date: /home/px4/ros2/ws/install/px4_msgs/include/px4_msgs/px4_msgs/msg/detail/fixed_wing_lateral_setpoint__struct.hpp\n'}
[1.608202] (px4_msgs) StdoutLine: {'line': b'-- Up-to-date: /home/px4/ros2/ws/install/px4_msgs/include/px4_msgs/px4_msgs/msg/detail/position_setpoint__struct.hpp\n'}
[1.608249] (px4_msgs) StdoutLine: {'line': b'-- Up-to-date: /home/px4/ros2/ws/install/px4_msgs/include/px4_msgs/px4_msgs/msg/detail/lateral_control_configuration__type_support.hpp\n'}
[1.608295] (px4_msgs) StdoutLine: {'line': b'-- Up-to-date: /home/px4/ros2/ws/install/px4_msgs/include/px4_msgs/px4_msgs/msg/detail/radio_status__type_support.hpp\n'}
[1.608341] (px4_msgs) StdoutLine: {'line': b'-- Up-to-date: /home/px4/ros2/ws/install/px4_msgs/include/px4_msgs/px4_msgs/msg/detail/config_overrides__builder.hpp\n'}
[1.608386] (px4_msgs) StdoutLine: {'line': b'-- Up-to-date: /home/px4/ros2/ws/install/px4_msgs/include/px4_msgs/px4_msgs/msg/detail/uavcan_parameter_request__struct.hpp\n'}
[1.608432] (px4_msgs) StdoutLine: {'line': b'-- Up-to-date: /home/px4/ros2/ws/install/px4_msgs/include/px4_msgs/px4_msgs/msg/detail/unregister_ext_component__type_support.hpp\n'}
[1.608489] (px4_msgs) StdoutLine: {'line': b'-- Up-to-date: /home/px4/ros2/ws/install/px4_msgs/include/px4_msgs/px4_msgs/msg/detail/distance_sensor__traits.hpp\n'}
[1.608535] (px4_msgs) StdoutLine: {'line': b'-- Up-to-date: /home/px4/ros2/ws/install/px4_msgs/include/px4_msgs/px4_msgs/msg/detail/fuel_tank_status__builder.hpp\n'}
[1.608579] (px4_msgs) StdoutLine: {'line': b'-- Up-to-date: /home/px4/ros2/ws/install/px4_msgs/include/px4_msgs/px4_msgs/msg/detail/pps_capture__type_support.hpp\n'}
[1.608624] (px4_msgs) StdoutLine: {'line': b'-- Up-to-date: /home/px4/ros2/ws/install/px4_msgs/include/px4_msgs/px4_msgs/msg/detail/mavlink_log__type_support.hpp\n'}
[1.608670] (px4_msgs) StdoutLine: {'line': b'-- Up-to-date: /home/px4/ros2/ws/install/px4_msgs/include/px4_msgs/px4_msgs/msg/detail/battery_info__type_support.hpp\n'}
[1.608715] (px4_msgs) StdoutLine: {'line': b'-- Up-to-date: /home/px4/ros2/ws/install/px4_msgs/include/px4_msgs/px4_msgs/msg/detail/mavlink_log__struct.hpp\n'}
[1.608761] (px4_msgs) StdoutLine: {'line': b'-- Up-to-date: /home/px4/ros2/ws/install/px4_msgs/include/px4_msgs/px4_msgs/msg/detail/takeoff_status__struct.hpp\n'}
[1.608805] (px4_msgs) StdoutLine: {'line': b'-- Up-to-date: /home/px4/ros2/ws/install/px4_msgs/include/px4_msgs/px4_msgs/msg/detail/adc_report__traits.hpp\n'}
[1.608849] (px4_msgs) StdoutLine: {'line': b'-- Up-to-date: /home/px4/ros2/ws/install/px4_msgs/include/px4_msgs/px4_msgs/msg/detail/trajectory_setpoint__builder.hpp\n'}
[1.608917] (px4_msgs) StdoutLine: {'line': b'-- Up-to-date: /home/px4/ros2/ws/install/px4_msgs/include/px4_msgs/px4_msgs/msg/detail/heater_status__builder.hpp\n'}
[1.608967] (px4_msgs) StdoutLine: {'line': b'-- Up-to-date: /home/px4/ros2/ws/install/px4_msgs/include/px4_msgs/px4_msgs/msg/detail/sensor_uwb__traits.hpp\n'}
[1.609012] (px4_msgs) StdoutLine: {'line': b'-- Up-to-date: /home/px4/ros2/ws/install/px4_msgs/include/px4_msgs/px4_msgs/msg/detail/power_monitor__type_support.hpp\n'}
[1.609071] (px4_msgs) StdoutLine: {'line': b'-- Up-to-date: /home/px4/ros2/ws/install/px4_msgs/include/px4_msgs/px4_msgs/msg/detail/actuator_test__struct.hpp\n'}
[1.609115] (px4_msgs) StdoutLine: {'line': b'-- Up-to-date: /home/px4/ros2/ws/install/px4_msgs/include/px4_msgs/px4_msgs/msg/detail/adc_report__builder.hpp\n'}
[1.609160] (px4_msgs) StdoutLine: {'line': b'-- Up-to-date: /home/px4/ros2/ws/install/px4_msgs/include/px4_msgs/px4_msgs/msg/detail/cpuload__struct.hpp\n'}
[1.609204] (px4_msgs) StdoutLine: {'line': b'-- Up-to-date: /home/px4/ros2/ws/install/px4_msgs/include/px4_msgs/px4_msgs/msg/detail/radio_status__builder.hpp\n'}
[1.609248] (px4_msgs) StdoutLine: {'line': b'-- Up-to-date: /home/px4/ros2/ws/install/px4_msgs/include/px4_msgs/px4_msgs/msg/detail/gimbal_manager_set_attitude__builder.hpp\n'}
[1.609291] (px4_msgs) StdoutLine: {'line': b'-- Up-to-date: /home/px4/ros2/ws/install/px4_msgs/include/px4_msgs/px4_msgs/msg/detail/longitudinal_control_configuration__traits.hpp\n'}
[1.609335] (px4_msgs) StdoutLine: {'line': b'-- Up-to-date: /home/px4/ros2/ws/install/px4_msgs/include/px4_msgs/px4_msgs/msg/detail/parameter_reset_request__builder.hpp\n'}
[1.609379] (px4_msgs) StdoutLine: {'line': b'-- Up-to-date: /home/px4/ros2/ws/install/px4_msgs/include/px4_msgs/px4_msgs/msg/detail/log_message__traits.hpp\n'}
[1.609428] (px4_msgs) StdoutLine: {'line': b'-- Up-to-date: /home/px4/ros2/ws/install/px4_msgs/include/px4_msgs/px4_msgs/msg/detail/rover_attitude_setpoint__type_support.hpp\n'}
[1.609477] (px4_msgs) StdoutLine: {'line': b'-- Up-to-date: /home/px4/ros2/ws/install/px4_msgs/include/px4_msgs/px4_msgs/msg/detail/orb_test_large__traits.hpp\n'}
[1.609534] (px4_msgs) StdoutLine: {'line': b'-- Up-to-date: /home/px4/ros2/ws/install/px4_msgs/include/px4_msgs/px4_msgs/msg/detail/led_control__traits.hpp\n'}
[1.609578] (px4_msgs) StdoutLine: {'line': b'-- Up-to-date: /home/px4/ros2/ws/install/px4_msgs/include/px4_msgs/px4_msgs/msg/detail/estimator_status_flags__builder.hpp\n'}
[1.609623] (px4_msgs) StdoutLine: {'line': b'-- Up-to-date: /home/px4/ros2/ws/install/px4_msgs/include/px4_msgs/px4_msgs/msg/detail/airspeed__builder.hpp\n'}
[1.609667] (px4_msgs) StdoutLine: {'line': b'-- Up-to-date: /home/px4/ros2/ws/install/px4_msgs/include/px4_msgs/px4_msgs/msg/detail/mavlink_tunnel__traits.hpp\n'}
[1.609723] (px4_msgs) StdoutLine: {'line': b'-- Up-to-date: /home/px4/ros2/ws/install/px4_msgs/include/px4_msgs/px4_msgs/msg/detail/pps_capture__struct.hpp\n'}
[1.609767] (px4_msgs) StdoutLine: {'line': b'-- Up-to-date: /home/px4/ros2/ws/install/px4_msgs/include/px4_msgs/px4_msgs/msg/detail/rover_rate_status__struct.hpp\n'}
[1.609810] (px4_msgs) StdoutLine: {'line': b'-- Up-to-date: /home/px4/ros2/ws/install/px4_msgs/include/px4_msgs/px4_msgs/msg/detail/gps_inject_data__builder.hpp\n'}
[1.609854] (px4_msgs) StdoutLine: {'line': b'-- Up-to-date: /home/px4/ros2/ws/install/px4_msgs/include/px4_msgs/px4_msgs/msg/detail/differential_pressure__type_support.hpp\n'}
[1.609915] (px4_msgs) StdoutLine: {'line': b'-- Up-to-date: /home/px4/ros2/ws/install/px4_msgs/include/px4_msgs/px4_msgs/msg/detail/landing_gear_wheel__builder.hpp\n'}
[1.609964] (px4_msgs) StdoutLine: {'line': b'-- Up-to-date: /home/px4/ros2/ws/install/px4_msgs/include/px4_msgs/px4_msgs/msg/detail/sensor_accel_fifo__builder.hpp\n'}
[1.610009] (px4_msgs) StdoutLine: {'line': b'-- Up-to-date: /home/px4/ros2/ws/install/px4_msgs/include/px4_msgs/px4_msgs/msg/detail/parameter_set_used_request__builder.hpp\n'}
[1.610053] (px4_msgs) StdoutLine: {'line': b'-- Up-to-date: /home/px4/ros2/ws/install/px4_msgs/include/px4_msgs/px4_msgs/msg/detail/camera_capture__traits.hpp\n'}
[1.610107] (px4_msgs) StdoutLine: {'line': b'-- Up-to-date: /home/px4/ros2/ws/install/px4_msgs/include/px4_msgs/px4_msgs/msg/detail/sensor_gnss_relative__type_support.hpp\n'}
[1.610162] (px4_msgs) StdoutLine: {'line': b'-- Up-to-date: /home/px4/ros2/ws/install/px4_msgs/include/px4_msgs/px4_msgs/msg/detail/mission_result__struct.hpp\n'}
[1.610220] (px4_msgs) StdoutLine: {'line': b'-- Up-to-date: /home/px4/ros2/ws/install/px4_msgs/include/px4_msgs/px4_msgs/msg/detail/vehicle_command_ack__traits.hpp\n'}
[1.610266] (px4_msgs) StdoutLine: {'line': b'-- Up-to-date: /home/px4/ros2/ws/install/px4_msgs/include/px4_msgs/px4_msgs/msg/detail/pps_capture__builder.hpp\n'}
[1.610312] (px4_msgs) StdoutLine: {'line': b'-- Up-to-date: /home/px4/ros2/ws/install/px4_msgs/include/px4_msgs/px4_msgs/msg/detail/airspeed_wind__traits.hpp\n'}
[1.610355] (px4_msgs) StdoutLine: {'line': b'-- Up-to-date: /home/px4/ros2/ws/install/px4_msgs/include/px4_msgs/px4_msgs/msg/detail/input_rc__traits.hpp\n'}
[1.610399] (px4_msgs) StdoutLine: {'line': b'-- Up-to-date: /home/px4/ros2/ws/install/px4_msgs/include/px4_msgs/px4_msgs/msg/detail/message_format_request__traits.hpp\n'}
[1.610443] (px4_msgs) StdoutLine: {'line': b'-- Up-to-date: /home/px4/ros2/ws/install/px4_msgs/include/px4_msgs/px4_msgs/msg/detail/actuator_armed__traits.hpp\n'}
[1.610486] (px4_msgs) StdoutLine: {'line': b'-- Up-to-date: /home/px4/ros2/ws/install/px4_msgs/include/px4_msgs/px4_msgs/msg/camera_capture.hpp\n'}
[1.610530] (px4_msgs) StdoutLine: {'line': b'-- Up-to-date: /home/px4/ros2/ws/install/px4_msgs/include/px4_msgs/px4_msgs/msg/rover_position_setpoint.hpp\n'}
[1.610574] (px4_msgs) StdoutLine: {'line': b'-- Up-to-date: /home/px4/ros2/ws/install/px4_msgs/include/px4_msgs/px4_msgs/msg/ulog_stream.hpp\n'}
[1.610618] (px4_msgs) StdoutLine: {'line': b'-- Up-to-date: /home/px4/ros2/ws/install/px4_msgs/include/px4_msgs/px4_msgs/msg/vtol_vehicle_status.hpp\n'}
[1.610662] (px4_msgs) StdoutLine: {'line': b'-- Up-to-date: /home/px4/ros2/ws/install/px4_msgs/include/px4_msgs/px4_msgs/msg/position_controller_landing_status.hpp\n'}
[1.610706] (px4_msgs) StdoutLine: {'line': b'-- Up-to-date: /home/px4/ros2/ws/install/px4_msgs/include/px4_msgs/px4_msgs/msg/hover_thrust_estimate.hpp\n'}
[1.610749] (px4_msgs) StdoutLine: {'line': b'-- Up-to-date: /home/px4/ros2/ws/install/px4_msgs/include/px4_msgs/px4_msgs/msg/uavcan_parameter_value.hpp\n'}
[1.610793] (px4_msgs) StdoutLine: {'line': b'-- Up-to-date: /home/px4/ros2/ws/install/px4_msgs/include/px4_msgs/px4_msgs/msg/figure_eight_status.hpp\n'}
[1.610837] (px4_msgs) StdoutLine: {'line': b'-- Up-to-date: /home/px4/ros2/ws/install/px4_msgs/include/px4_msgs/px4_msgs/msg/parameter_reset_request.hpp\n'}
[1.610893] (px4_msgs) StdoutLine: {'line': b'-- Up-to-date: /home/px4/ros2/ws/install/px4_msgs/include/px4_msgs/px4_msgs/msg/estimator_aid_source3d.hpp\n'}
[1.610946] (px4_msgs) StdoutLine: {'line': b'-- Up-to-date: /home/px4/ros2/ws/install/px4_msgs/include/px4_msgs/px4_msgs/msg/gimbal_manager_status.hpp\n'}
[1.610993] (px4_msgs) StdoutLine: {'line': b'-- Up-to-date: /home/px4/ros2/ws/install/px4_msgs/include/px4_msgs/px4_msgs/msg/vehicle_attitude_setpoint.hpp\n'}
[1.611046] (px4_msgs) StdoutLine: {'line': b'-- Up-to-date: /home/px4/ros2/ws/install/px4_msgs/include/px4_msgs/px4_msgs/msg/tune_control.hpp\n'}
[1.611093] (px4_msgs) StdoutLine: {'line': b'-- Up-to-date: /home/px4/ros2/ws/install/px4_msgs/include/px4_msgs/px4_msgs/msg/position_setpoint_triplet.hpp\n'}
[1.611139] (px4_msgs) StdoutLine: {'line': b'-- Up-to-date: /home/px4/ros2/ws/install/px4_msgs/include/px4_msgs/px4_msgs/msg/gpio_out.hpp\n'}
[1.611185] (px4_msgs) StdoutLine: {'line': b'-- Up-to-date: /home/px4/ros2/ws/install/px4_msgs/include/px4_msgs/px4_msgs/msg/vehicle_odometry.hpp\n'}
[1.611231] (px4_msgs) StdoutLine: {'line': b'-- Up-to-date: /home/px4/ros2/ws/install/px4_msgs/include/px4_msgs/px4_msgs/msg/debug_array.hpp\n'}
[1.611275] (px4_msgs) StdoutLine: {'line': b'-- Up-to-date: /home/px4/ros2/ws/install/px4_msgs/include/px4_msgs/px4_msgs/msg/actuator_outputs.hpp\n'}
[1.611327] (px4_msgs) StdoutLine: {'line': b'-- Up-to-date: /home/px4/ros2/ws/install/px4_msgs/include/px4_msgs/px4_msgs/msg/wheel_encoders.hpp\n'}
[1.611371] (px4_msgs) StdoutLine: {'line': b'-- Up-to-date: /home/px4/ros2/ws/install/px4_msgs/include/px4_msgs/px4_msgs/msg/pps_capture.hpp\n'}
[1.611415] (px4_msgs) StdoutLine: {'line': b'-- Up-to-date: /home/px4/ros2/ws/install/px4_msgs/include/px4_msgs/px4_msgs/msg/estimator_sensor_bias.hpp\n'}
[1.611470] (px4_msgs) StdoutLine: {'line': b'-- Up-to-date: /home/px4/ros2/ws/install/px4_msgs/include/px4_msgs/px4_msgs/msg/pwm_input.hpp\n'}
[1.611518] (px4_msgs) StdoutLine: {'line': b'-- Up-to-date: /home/px4/ros2/ws/install/px4_msgs/include/px4_msgs/px4_msgs/msg/rover_rate_status.hpp\n'}
[1.611562] (px4_msgs) StdoutLine: {'line': b'-- Up-to-date: /home/px4/ros2/ws/install/px4_msgs/include/px4_msgs/px4_msgs/msg/vehicle_rates_setpoint.hpp\n'}
[1.611620] (px4_msgs) StdoutLine: {'line': b'-- Up-to-date: /home/px4/ros2/ws/install/px4_msgs/include/px4_msgs/px4_msgs/msg/sensor_baro.hpp\n'}
[1.611663] (px4_msgs) StdoutLine: {'line': b'-- Up-to-date: /home/px4/ros2/ws/install/px4_msgs/include/px4_msgs/px4_msgs/msg/parameter_set_used_request.hpp\n'}
[1.611707] (px4_msgs) StdoutLine: {'line': b'-- Up-to-date: /home/px4/ros2/ws/install/px4_msgs/include/px4_msgs/px4_msgs/msg/estimator_innovations.hpp\n'}
[1.611752] (px4_msgs) StdoutLine: {'line': b'-- Up-to-date: /home/px4/ros2/ws/install/px4_msgs/include/px4_msgs/px4_msgs/msg/actuator_motors.hpp\n'}
[1.611798] (px4_msgs) StdoutLine: {'line': b'-- Up-to-date: /home/px4/ros2/ws/install/px4_msgs/include/px4_msgs/px4_msgs/msg/can_interface_status.hpp\n'}
[1.611843] (px4_msgs) StdoutLine: {'line': b'-- Up-to-date: /home/px4/ros2/ws/install/px4_msgs/include/px4_msgs/px4_msgs/msg/gimbal_device_attitude_status.hpp\n'}
[1.611903] (px4_msgs) StdoutLine: {'line': b'-- Up-to-date: /home/px4/ros2/ws/install/px4_msgs/include/px4_msgs/px4_msgs/msg/vehicle_angular_acceleration_setpoint.hpp\n'}
[1.611963] (px4_msgs) StdoutLine: {'line': b'-- Up-to-date: /home/px4/ros2/ws/install/px4_msgs/include/px4_msgs/px4_msgs/msg/estimator_event_flags.hpp\n'}
[1.612010] (px4_msgs) StdoutLine: {'line': b'-- Up-to-date: /home/px4/ros2/ws/install/px4_msgs/include/px4_msgs/px4_msgs/msg/vehicle_constraints.hpp\n'}
[1.612055] (px4_msgs) StdoutLine: {'line': b'-- Up-to-date: /home/px4/ros2/ws/install/px4_msgs/include/px4_msgs/px4_msgs/msg/fixed_wing_longitudinal_setpoint.hpp\n'}
[1.612100] (px4_msgs) StdoutLine: {'line': b'-- Up-to-date: /home/px4/ros2/ws/install/px4_msgs/include/px4_msgs/px4_msgs/msg/led_control.hpp\n'}
[1.612146] (px4_msgs) StdoutLine: {'line': b'-- Up-to-date: /home/px4/ros2/ws/install/px4_msgs/include/px4_msgs/px4_msgs/msg/sensor_gyro_fft.hpp\n'}
[1.612191] (px4_msgs) StdoutLine: {'line': b'-- Up-to-date: /home/px4/ros2/ws/install/px4_msgs/include/px4_msgs/px4_msgs/msg/sensor_combined.hpp\n'}
[1.612237] (px4_msgs) StdoutLine: {'line': b'-- Up-to-date: /home/px4/ros2/ws/install/px4_msgs/include/px4_msgs/px4_msgs/msg/landing_gear.hpp\n'}
[1.612281] (px4_msgs) StdoutLine: {'line': b'-- Up-to-date: /home/px4/ros2/ws/install/px4_msgs/include/px4_msgs/px4_msgs/msg/debug_key_value.hpp\n'}
[1.612326] (px4_msgs) StdoutLine: {'line': b'-- Up-to-date: /home/px4/ros2/ws/install/px4_msgs/include/px4_msgs/px4_msgs/msg/rover_velocity_status.hpp\n'}
[1.612371] (px4_msgs) StdoutLine: {'line': b'-- Up-to-date: /home/px4/ros2/ws/install/px4_msgs/include/px4_msgs/px4_msgs/msg/dataman_response.hpp\n'}
[1.612416] (px4_msgs) StdoutLine: {'line': b'-- Up-to-date: /home/px4/ros2/ws/install/px4_msgs/include/px4_msgs/px4_msgs/msg/cellular_status.hpp\n'}
[1.612461] (px4_msgs) StdoutLine: {'line': b'-- Up-to-date: /home/px4/ros2/ws/install/px4_msgs/include/px4_msgs/px4_msgs/msg/estimator_states.hpp\n'}
[1.612506] (px4_msgs) StdoutLine: {'line': b'-- Up-to-date: /home/px4/ros2/ws/install/px4_msgs/include/px4_msgs/px4_msgs/msg/airspeed_wind.hpp\n'}
[1.612550] (px4_msgs) StdoutLine: {'line': b'-- Up-to-date: /home/px4/ros2/ws/install/px4_msgs/include/px4_msgs/px4_msgs/msg/open_drone_id_operator_id.hpp\n'}
[1.612602] (px4_msgs) StdoutLine: {'line': b'-- Up-to-date: /home/px4/ros2/ws/install/px4_msgs/include/px4_msgs/px4_msgs/msg/sensor_gps.hpp\n'}
[1.612650] (px4_msgs) StdoutLine: {'line': b'-- Up-to-date: /home/px4/ros2/ws/install/px4_msgs/include/px4_msgs/px4_msgs/msg/gimbal_controls.hpp\n'}
[1.612696] (px4_msgs) StdoutLine: {'line': b'-- Up-to-date: /home/px4/ros2/ws/install/px4_msgs/include/px4_msgs/px4_msgs/msg/trajectory_setpoint6dof.hpp\n'}
[1.612746] (px4_msgs) StdoutLine: {'line': b'-- Up-to-date: /home/px4/ros2/ws/install/px4_msgs/include/px4_msgs/px4_msgs/msg/rtl_status.hpp\n'}
[1.612793] (px4_msgs) StdoutLine: {'line': b'-- Up-to-date: /home/px4/ros2/ws/install/px4_msgs/include/px4_msgs/px4_msgs/msg/actuator_servos_trim.hpp\n'}
[1.612839] (px4_msgs) StdoutLine: {'line': b'-- Up-to-date: /home/px4/ros2/ws/install/px4_msgs/include/px4_msgs/px4_msgs/msg/takeoff_status.hpp\n'}
[1.612898] (px4_msgs) StdoutLine: {'line': b'-- Up-to-date: /home/px4/ros2/ws/install/px4_msgs/include/px4_msgs/px4_msgs/msg/vehicle_control_mode.hpp\n'}
[1.612948] (px4_msgs) StdoutLine: {'line': b'-- Up-to-date: /home/px4/ros2/ws/install/px4_msgs/include/px4_msgs/px4_msgs/msg/battery_info.hpp\n'}
[1.612993] (px4_msgs) StdoutLine: {'line': b'-- Up-to-date: /home/px4/ros2/ws/install/px4_msgs/include/px4_msgs/px4_msgs/msg/unregister_ext_component.hpp\n'}
[1.613038] (px4_msgs) StdoutLine: {'line': b'-- Up-to-date: /home/px4/ros2/ws/install/px4_msgs/include/px4_msgs/px4_msgs/msg/collision_constraints.hpp\n'}
[1.613083] (px4_msgs) StdoutLine: {'line': b'-- Up-to-date: /home/px4/ros2/ws/install/px4_msgs/include/px4_msgs/px4_msgs/msg/vehicle_command.hpp\n'}
[1.613127] (px4_msgs) StdoutLine: {'line': b'-- Up-to-date: /home/px4/ros2/ws/install/px4_msgs/include/px4_msgs/px4_msgs/msg/rover_rate_setpoint.hpp\n'}
[1.613172] (px4_msgs) StdoutLine: {'line': b'-- Up-to-date: /home/px4/ros2/ws/install/px4_msgs/include/px4_msgs/px4_msgs/msg/rover_throttle_setpoint.hpp\n'}
[1.613217] (px4_msgs) StdoutLine: {'line': b'-- Up-to-date: /home/px4/ros2/ws/install/px4_msgs/include/px4_msgs/px4_msgs/msg/landing_gear_wheel.hpp\n'}
[1.613261] (px4_msgs) StdoutLine: {'line': b'-- Up-to-date: /home/px4/ros2/ws/install/px4_msgs/include/px4_msgs/px4_msgs/msg/gpio_in.hpp\n'}
[1.613306] (px4_msgs) StdoutLine: {'line': b'-- Up-to-date: /home/px4/ros2/ws/install/px4_msgs/include/px4_msgs/px4_msgs/msg/rpm.hpp\n'}
[1.613351] (px4_msgs) StdoutLine: {'line': b'-- Up-to-date: /home/px4/ros2/ws/install/px4_msgs/include/px4_msgs/px4_msgs/msg/mount_orientation.hpp\n'}
[1.613396] (px4_msgs) StdoutLine: {'line': b'-- Up-to-date: /home/px4/ros2/ws/install/px4_msgs/include/px4_msgs/px4_msgs/msg/orb_test.hpp\n'}
[1.613442] (px4_msgs) StdoutLine: {'line': b'-- Up-to-date: /home/px4/ros2/ws/install/px4_msgs/include/px4_msgs/px4_msgs/msg/camera_trigger.hpp\n'}
[1.613487] (px4_msgs) StdoutLine: {'line': b'-- Up-to-date: /home/px4/ros2/ws/install/px4_msgs/include/px4_msgs/px4_msgs/msg/vehicle_air_data.hpp\n'}
[1.613532] (px4_msgs) StdoutLine: {'line': b'-- Up-to-date: /home/px4/ros2/ws/install/px4_msgs/include/px4_msgs/px4_msgs/msg/vehicle_optical_flow.hpp\n'}
[1.613592] (px4_msgs) StdoutLine: {'line': b'-- Up-to-date: /home/px4/ros2/ws/install/px4_msgs/include/px4_msgs/px4_msgs/msg/flight_phase_estimation.hpp\n'}
[1.613637] (px4_msgs) StdoutLine: {'line': b'-- Up-to-date: /home/px4/ros2/ws/install/px4_msgs/include/px4_msgs/px4_msgs/msg/vehicle_local_position.hpp\n'}
[1.613681] (px4_msgs) StdoutLine: {'line': b'-- Up-to-date: /home/px4/ros2/ws/install/px4_msgs/include/px4_msgs/px4_msgs/msg/sensor_accel.hpp\n'}
[1.613727] (px4_msgs) StdoutLine: {'line': b'-- Up-to-date: /home/px4/ros2/ws/install/px4_msgs/include/px4_msgs/px4_msgs/msg/estimator_bias.hpp\n'}
[1.613773] (px4_msgs) StdoutLine: {'line': b'-- Up-to-date: /home/px4/ros2/ws/install/px4_msgs/include/px4_msgs/px4_msgs/msg/debug_vect.hpp\n'}
[1.613818] (px4_msgs) StdoutLine: {'line': b'-- Up-to-date: /home/px4/ros2/ws/install/px4_msgs/include/px4_msgs/px4_msgs/msg/open_drone_id_arm_status.hpp\n'}
[1.613892] (px4_msgs) StdoutLine: {'line': b'-- Up-to-date: /home/px4/ros2/ws/install/px4_msgs/include/px4_msgs/px4_msgs/msg/mission_result.hpp\n'}
[1.613943] (px4_msgs) StdoutLine: {'line': b'-- Up-to-date: /home/px4/ros2/ws/install/px4_msgs/include/px4_msgs/px4_msgs/msg/health_report.hpp\n'}
[1.613989] (px4_msgs) StdoutLine: {'line': b'-- Up-to-date: /home/px4/ros2/ws/install/px4_msgs/include/px4_msgs/px4_msgs/msg/parameter_set_value_response.hpp\n'}
[1.614035] (px4_msgs) StdoutLine: {'line': b'-- Up-to-date: /home/px4/ros2/ws/install/px4_msgs/include/px4_msgs/px4_msgs/msg/gimbal_manager_set_manual_control.hpp\n'}
[1.614081] (px4_msgs) StdoutLine: {'line': b'-- Up-to-date: /home/px4/ros2/ws/install/px4_msgs/include/px4_msgs/px4_msgs/msg/vehicle_land_detected.hpp\n'}
[1.614126] (px4_msgs) StdoutLine: {'line': b'-- Up-to-date: /home/px4/ros2/ws/install/px4_msgs/include/px4_msgs/px4_msgs/msg/navigator_status.hpp\n'}
[1.614172] (px4_msgs) StdoutLine: {'line': b'-- Up-to-date: /home/px4/ros2/ws/install/px4_msgs/include/px4_msgs/px4_msgs/msg/rosidl_generator_cpp__visibility_control.hpp\n'}
[1.614217] (px4_msgs) StdoutLine: {'line': b'-- Up-to-date: /home/px4/ros2/ws/install/px4_msgs/include/px4_msgs/px4_msgs/msg/magnetometer_bias_estimate.hpp\n'}
[1.614262] (px4_msgs) StdoutLine: {'line': b'-- Up-to-date: /home/px4/ros2/ws/install/px4_msgs/include/px4_msgs/px4_msgs/msg/estimator_status.hpp\n'}
[1.614307] (px4_msgs) StdoutLine: {'line': b'-- Up-to-date: /home/px4/ros2/ws/install/px4_msgs/include/px4_msgs/px4_msgs/msg/distance_sensor_mode_change_request.hpp\n'}
[1.614352] (px4_msgs) StdoutLine: {'line': b'-- Up-to-date: /home/px4/ros2/ws/install/px4_msgs/include/px4_msgs/px4_msgs/msg/gps_dump.hpp\n'}
[1.614398] (px4_msgs) StdoutLine: {'line': b'-- Up-to-date: /home/px4/ros2/ws/install/px4_msgs/include/px4_msgs/px4_msgs/msg/goto_setpoint.hpp\n'}
[1.614444] (px4_msgs) StdoutLine: {'line': b'-- Up-to-date: /home/px4/ros2/ws/install/px4_msgs/include/px4_msgs/px4_msgs/msg/gimbal_manager_information.hpp\n'}
[1.614495] (px4_msgs) StdoutLine: {'line': b'-- Up-to-date: /home/px4/ros2/ws/install/px4_msgs/include/px4_msgs/px4_msgs/msg/orb_test_large.hpp\n'}
[1.614542] (px4_msgs) StdoutLine: {'line': b'-- Up-to-date: /home/px4/ros2/ws/install/px4_msgs/include/px4_msgs/px4_msgs/msg/ekf2_timestamps.hpp\n'}
[1.614587] (px4_msgs) StdoutLine: {'line': b'-- Up-to-date: /home/px4/ros2/ws/install/px4_msgs/include/px4_msgs/px4_msgs/msg/open_drone_id_self_id.hpp\n'}
[1.614631] (px4_msgs) StdoutLine: {'line': b'-- Up-to-date: /home/px4/ros2/ws/install/px4_msgs/include/px4_msgs/px4_msgs/msg/satellite_info.hpp\n'}
[1.614677] (px4_msgs) StdoutLine: {'line': b'-- Up-to-date: /home/px4/ros2/ws/install/px4_msgs/include/px4_msgs/px4_msgs/msg/sensor_uwb.hpp\n'}
[1.614722] (px4_msgs) StdoutLine: {'line': b'-- Up-to-date: /home/px4/ros2/ws/install/px4_msgs/include/px4_msgs/px4_msgs/msg/vehicle_magnetometer.hpp\n'}
[1.614768] (px4_msgs) StdoutLine: {'line': b'-- Up-to-date: /home/px4/ros2/ws/install/px4_msgs/include/px4_msgs/px4_msgs/msg/sensor_mag.hpp\n'}
[1.614813] (px4_msgs) StdoutLine: {'line': b'-- Up-to-date: /home/px4/ros2/ws/install/px4_msgs/include/px4_msgs/px4_msgs/msg/estimator_status_flags.hpp\n'}
[1.614858] (px4_msgs) StdoutLine: {'line': b'-- Up-to-date: /home/px4/ros2/ws/install/px4_msgs/include/px4_msgs/px4_msgs/msg/telemetry_status.hpp\n'}
[1.614920] (px4_msgs) StdoutLine: {'line': b'-- Up-to-date: /home/px4/ros2/ws/install/px4_msgs/include/px4_msgs/px4_msgs/msg/wind.hpp\n'}
[1.614969] (px4_msgs) StdoutLine: {'line': b'-- Up-to-date: /home/px4/ros2/ws/install/px4_msgs/include/px4_msgs/px4_msgs/msg/input_rc.hpp\n'}
[1.615013] (px4_msgs) StdoutLine: {'line': b'-- Up-to-date: /home/px4/ros2/ws/install/px4_msgs/include/px4_msgs/px4_msgs/msg/position_setpoint.hpp\n'}
[1.615059] (px4_msgs) StdoutLine: {'line': b'-- Up-to-date: /home/px4/ros2/ws/install/px4_msgs/include/px4_msgs/px4_msgs/msg/vehicle_global_position.hpp\n'}
[1.615103] (px4_msgs) StdoutLine: {'line': b'-- Up-to-date: /home/px4/ros2/ws/install/px4_msgs/include/px4_msgs/px4_msgs/msg/sensor_selection.hpp\n'}
[1.615155] (px4_msgs) StdoutLine: {'line': b'-- Up-to-date: /home/px4/ros2/ws/install/px4_msgs/include/px4_msgs/px4_msgs/msg/esc_report.hpp\n'}
[1.615204] (px4_msgs) StdoutLine: {'line': b'-- Up-to-date: /home/px4/ros2/ws/install/px4_msgs/include/px4_msgs/px4_msgs/msg/actuator_servos.hpp\n'}
[1.615250] (px4_msgs) StdoutLine: {'line': b'-- Up-to-date: /home/px4/ros2/ws/install/px4_msgs/include/px4_msgs/px4_msgs/msg/obstacle_distance.hpp\n'}
[1.615295] (px4_msgs) StdoutLine: {'line': b'-- Up-to-date: /home/px4/ros2/ws/install/px4_msgs/include/px4_msgs/px4_msgs/msg/ulog_stream_ack.hpp\n'}
[1.615341] (px4_msgs) StdoutLine: {'line': b'-- Up-to-date: /home/px4/ros2/ws/install/px4_msgs/include/px4_msgs/px4_msgs/msg/vehicle_roi.hpp\n'}
[1.615386] (px4_msgs) StdoutLine: {'line': b'-- Up-to-date: /home/px4/ros2/ws/install/px4_msgs/include/px4_msgs/px4_msgs/msg/follow_target.hpp\n'}
[1.615432] (px4_msgs) StdoutLine: {'line': b'-- Up-to-date: /home/px4/ros2/ws/install/px4_msgs/include/px4_msgs/px4_msgs/msg/estimator_bias3d.hpp\n'}
[1.615477] (px4_msgs) StdoutLine: {'line': b'-- Up-to-date: /home/px4/ros2/ws/install/px4_msgs/include/px4_msgs/px4_msgs/msg/orb_test_medium.hpp\n'}
[1.615522] (px4_msgs) StdoutLine: {'line': b'-- Up-to-date: /home/px4/ros2/ws/install/px4_msgs/include/px4_msgs/px4_msgs/msg/follow_target_status.hpp\n'}
[1.615567] (px4_msgs) StdoutLine: {'line': b'-- Up-to-date: /home/px4/ros2/ws/install/px4_msgs/include/px4_msgs/px4_msgs/msg/action_request.hpp\n'}
[1.615612] (px4_msgs) StdoutLine: {'line': b'-- Up-to-date: /home/px4/ros2/ws/install/px4_msgs/include/px4_msgs/px4_msgs/msg/manual_control_setpoint.hpp\n'}
[1.615658] (px4_msgs) StdoutLine: {'line': b'-- Up-to-date: /home/px4/ros2/ws/install/px4_msgs/include/px4_msgs/px4_msgs/msg/sensors_status_imu.hpp\n'}
[1.615713] (px4_msgs) StdoutLine: {'line': b'-- Up-to-date: /home/px4/ros2/ws/install/px4_msgs/include/px4_msgs/px4_msgs/msg/rc_parameter_map.hpp\n'}
[1.615760] (px4_msgs) StdoutLine: {'line': b'-- Up-to-date: /home/px4/ros2/ws/install/px4_msgs/include/px4_msgs/px4_msgs/msg/actuator_controls_status.hpp\n'}
[1.615805] (px4_msgs) StdoutLine: {'line': b'-- Up-to-date: /home/px4/ros2/ws/install/px4_msgs/include/px4_msgs/px4_msgs/msg/launch_detection_status.hpp\n'}
[1.615850] (px4_msgs) StdoutLine: {'line': b'-- Up-to-date: /home/px4/ros2/ws/install/px4_msgs/include/px4_msgs/px4_msgs/msg/follow_target_estimator.hpp\n'}
[1.615911] (px4_msgs) StdoutLine: {'line': b'-- Up-to-date: /home/px4/ros2/ws/install/px4_msgs/include/px4_msgs/px4_msgs/msg/sensor_preflight_mag.hpp\n'}
[1.615960] (px4_msgs) StdoutLine: {'line': b'-- Up-to-date: /home/px4/ros2/ws/install/px4_msgs/include/px4_msgs/px4_msgs/msg/parameter_set_value_request.hpp\n'}
[1.616005] (px4_msgs) StdoutLine: {'line': b'-- Up-to-date: /home/px4/ros2/ws/install/px4_msgs/include/px4_msgs/px4_msgs/msg/arming_check_reply.hpp\n'}
[1.616050] (px4_msgs) StdoutLine: {'line': b'-- Up-to-date: /home/px4/ros2/ws/install/px4_msgs/include/px4_msgs/px4_msgs/msg/message_format_request.hpp\n'}
[1.616096] (px4_msgs) StdoutLine: {'line': b'-- Up-to-date: /home/px4/ros2/ws/install/px4_msgs/include/px4_msgs/px4_msgs/msg/landing_target_innovations.hpp\n'}
[1.616140] (px4_msgs) StdoutLine: {'line': b'-- Up-to-date: /home/px4/ros2/ws/install/px4_msgs/include/px4_msgs/px4_msgs/msg/vehicle_imu.hpp\n'}
[1.616185] (px4_msgs) StdoutLine: {'line': b'-- Up-to-date: /home/px4/ros2/ws/install/px4_msgs/include/px4_msgs/px4_msgs/msg/sensor_gyro.hpp\n'}
[1.616236] (px4_msgs) StdoutLine: {'line': b'-- Up-to-date: /home/px4/ros2/ws/install/px4_msgs/include/px4_msgs/px4_msgs/msg/internal_combustion_engine_status.hpp\n'}
[1.616283] (px4_msgs) StdoutLine: {'line': b'-- Up-to-date: /home/px4/ros2/ws/install/px4_msgs/include/px4_msgs/px4_msgs/msg/timesync_status.hpp\n'}
[1.616329] (px4_msgs) StdoutLine: {'line': b'-- Up-to-date: /home/px4/ros2/ws/install/px4_msgs/include/px4_msgs/px4_msgs/msg/dronecan_node_status.hpp\n'}
[1.616374] (px4_msgs) StdoutLine: {'line': b'-- Up-to-date: /home/px4/ros2/ws/install/px4_msgs/include/px4_msgs/px4_msgs/msg/sensor_hygrometer.hpp\n'}
[1.616425] (px4_msgs) StdoutLine: {'line': b'-- Up-to-date: /home/px4/ros2/ws/install/px4_msgs/include/px4_msgs/px4_msgs/msg/mag_worker_data.hpp\n'}
[1.616469] (px4_msgs) StdoutLine: {'line': b'-- Up-to-date: /home/px4/ros2/ws/install/px4_msgs/include/px4_msgs/px4_msgs/msg/task_stack_info.hpp\n'}
[1.616514] (px4_msgs) StdoutLine: {'line': b'-- Up-to-date: /home/px4/ros2/ws/install/px4_msgs/include/px4_msgs/px4_msgs/msg/fixed_wing_runway_control.hpp\n'}
[1.616560] (px4_msgs) StdoutLine: {'line': b'-- Up-to-date: /home/px4/ros2/ws/install/px4_msgs/include/px4_msgs/px4_msgs/msg/logger_status.hpp\n'}
[1.616605] (px4_msgs) StdoutLine: {'line': b'-- Up-to-date: /home/px4/ros2/ws/install/px4_msgs/include/px4_msgs/px4_msgs/msg/mode_completed.hpp\n'}
[1.616651] (px4_msgs) StdoutLine: {'line': b'-- Up-to-date: /home/px4/ros2/ws/install/px4_msgs/include/px4_msgs/px4_msgs/msg/landing_target_pose.hpp\n'}
[1.616697] (px4_msgs) StdoutLine: {'line': b'-- Up-to-date: /home/px4/ros2/ws/install/px4_msgs/include/px4_msgs/px4_msgs/msg/normalized_unsigned_setpoint.hpp\n'}
[1.616742] (px4_msgs) StdoutLine: {'line': b'-- Up-to-date: /home/px4/ros2/ws/install/px4_msgs/include/px4_msgs/px4_msgs/msg/register_ext_component_reply.hpp\n'}
[1.616787] (px4_msgs) StdoutLine: {'line': b'-- Up-to-date: /home/px4/ros2/ws/install/px4_msgs/include/px4_msgs/px4_msgs/msg/vehicle_torque_setpoint.hpp\n'}
[1.616831] (px4_msgs) StdoutLine: {'line': b'-- Up-to-date: /home/px4/ros2/ws/install/px4_msgs/include/px4_msgs/px4_msgs/msg/autotune_attitude_control_status.hpp\n'}
[1.616889] (px4_msgs) StdoutLine: {'line': b'-- Up-to-date: /home/px4/ros2/ws/install/px4_msgs/include/px4_msgs/px4_msgs/msg/offboard_control_mode.hpp\n'}
[1.616941] (px4_msgs) StdoutLine: {'line': b'-- Up-to-date: /home/px4/ros2/ws/install/px4_msgs/include/px4_msgs/px4_msgs/msg/sensors_status.hpp\n'}
[1.616988] (px4_msgs) StdoutLine: {'line': b'-- Up-to-date: /home/px4/ros2/ws/install/px4_msgs/include/px4_msgs/px4_msgs/msg/rover_steering_setpoint.hpp\n'}
[1.617034] (px4_msgs) StdoutLine: {'line': b'-- Up-to-date: /home/px4/ros2/ws/install/px4_msgs/include/px4_msgs/px4_msgs/msg/camera_status.hpp\n'}
[1.617079] (px4_msgs) StdoutLine: {'line': b'-- Up-to-date: /home/px4/ros2/ws/install/px4_msgs/include/px4_msgs/px4_msgs/msg/gpio_request.hpp\n'}
[1.617125] (px4_msgs) StdoutLine: {'line': b'-- Up-to-date: /home/px4/ros2/ws/install/px4_msgs/include/px4_msgs/px4_msgs/msg/yaw_estimator_status.hpp\n'}
[1.617170] (px4_msgs) StdoutLine: {'line': b'-- Up-to-date: /home/px4/ros2/ws/install/px4_msgs/include/px4_msgs/px4_msgs/msg/sensor_correction.hpp\n'}
[1.617215] (px4_msgs) StdoutLine: {'line': b'-- Up-to-date: /home/px4/ros2/ws/install/px4_msgs/include/px4_msgs/px4_msgs/msg/esc_status.hpp\n'}
[1.617262] (px4_msgs) StdoutLine: {'line': b'-- Up-to-date: /home/px4/ros2/ws/install/px4_msgs/include/px4_msgs/px4_msgs/msg/gimbal_manager_set_attitude.hpp\n'}
[1.617307] (px4_msgs) StdoutLine: {'line': b'-- Up-to-date: /home/px4/ros2/ws/install/px4_msgs/include/px4_msgs/px4_msgs/msg/estimator_aid_source1d.hpp\n'}
[1.617352] (px4_msgs) StdoutLine: {'line': b'-- Up-to-date: /home/px4/ros2/ws/install/px4_msgs/include/px4_msgs/px4_msgs/msg/mission.hpp\n'}
[1.617398] (px4_msgs) StdoutLine: {'line': b'-- Up-to-date: /home/px4/ros2/ws/install/px4_msgs/include/px4_msgs/px4_msgs/msg/power_monitor.hpp\n'}
[1.617442] (px4_msgs) StdoutLine: {'line': b'-- Up-to-date: /home/px4/ros2/ws/install/px4_msgs/include/px4_msgs/px4_msgs/msg/sensor_optical_flow.hpp\n'}
[1.617488] (px4_msgs) StdoutLine: {'line': b'-- Up-to-date: /home/px4/ros2/ws/install/px4_msgs/include/px4_msgs/px4_msgs/msg/sensor_airflow.hpp\n'}
[1.617533] (px4_msgs) StdoutLine: {'line': b'-- Up-to-date: /home/px4/ros2/ws/install/px4_msgs/include/px4_msgs/px4_msgs/msg/rate_ctrl_status.hpp\n'}
[1.617589] (px4_msgs) StdoutLine: {'line': b'-- Up-to-date: /home/px4/ros2/ws/install/px4_msgs/include/px4_msgs/px4_msgs/msg/rc_channels.hpp\n'}
[1.617635] (px4_msgs) StdoutLine: {'line': b'-- Up-to-date: /home/px4/ros2/ws/install/px4_msgs/include/px4_msgs/px4_msgs/msg/distance_sensor.hpp\n'}
[1.617687] (px4_msgs) StdoutLine: {'line': b'-- Up-to-date: /home/px4/ros2/ws/install/px4_msgs/include/px4_msgs/px4_msgs/msg/log_message.hpp\n'}
[1.617732] (px4_msgs) StdoutLine: {'line': b'-- Up-to-date: /home/px4/ros2/ws/install/px4_msgs/include/px4_msgs/px4_msgs/msg/ping.hpp\n'}
[1.617777] (px4_msgs) StdoutLine: {'line': b'-- Up-to-date: /home/px4/ros2/ws/install/px4_msgs/include/px4_msgs/px4_msgs/msg/event.hpp\n'}
[1.617822] (px4_msgs) StdoutLine: {'line': b'-- Up-to-date: /home/px4/ros2/ws/install/px4_msgs/include/px4_msgs/px4_msgs/msg/gimbal_device_information.hpp\n'}
[1.617876] (px4_msgs) StdoutLine: {'line': b'-- Up-to-date: /home/px4/ros2/ws/install/px4_msgs/include/px4_msgs/px4_msgs/msg/irlock_report.hpp\n'}
[1.617929] (px4_msgs) StdoutLine: {'line': b'-- Up-to-date: /home/px4/ros2/ws/install/px4_msgs/include/px4_msgs/px4_msgs/msg/adc_report.hpp\n'}
[1.617981] (px4_msgs) StdoutLine: {'line': b'-- Up-to-date: /home/px4/ros2/ws/install/px4_msgs/include/px4_msgs/px4_msgs/msg/differential_pressure.hpp\n'}
[1.618028] (px4_msgs) StdoutLine: {'line': b'-- Up-to-date: /home/px4/ros2/ws/install/px4_msgs/include/px4_msgs/px4_msgs/msg/config_overrides.hpp\n'}
[1.618075] (px4_msgs) StdoutLine: {'line': b'-- Up-to-date: /home/px4/ros2/ws/install/px4_msgs/include/px4_msgs/px4_msgs/msg/failsafe_flags.hpp\n'}
[1.618119] (px4_msgs) StdoutLine: {'line': b'-- Up-to-date: /home/px4/ros2/ws/install/px4_msgs/include/px4_msgs/px4_msgs/msg/home_position.hpp\n'}
[1.618164] (px4_msgs) StdoutLine: {'line': b'-- Up-to-date: /home/px4/ros2/ws/install/px4_msgs/include/px4_msgs/px4_msgs/msg/power_button_state.hpp\n'}
[1.618208] (px4_msgs) StdoutLine: {'line': b'-- Up-to-date: /home/px4/ros2/ws/install/px4_msgs/include/px4_msgs/px4_msgs/msg/fixed_wing_lateral_status.hpp\n'}
[1.618252] (px4_msgs) StdoutLine: {'line': b'-- Up-to-date: /home/px4/ros2/ws/install/px4_msgs/include/px4_msgs/px4_msgs/msg/orbit_status.hpp\n'}
[1.618304] (px4_msgs) StdoutLine: {'line': b'-- Up-to-date: /home/px4/ros2/ws/install/px4_msgs/include/px4_msgs/px4_msgs/msg/generator_status.hpp\n'}
[1.618355] (px4_msgs) StdoutLine: {'line': b'-- Up-to-date: /home/px4/ros2/ws/install/px4_msgs/include/px4_msgs/px4_msgs/msg/vehicle_angular_velocity.hpp\n'}
[1.618399] (px4_msgs) StdoutLine: {'line': b'-- Up-to-date: /home/px4/ros2/ws/install/px4_msgs/include/px4_msgs/px4_msgs/msg/actuator_test.hpp\n'}
[1.618443] (px4_msgs) StdoutLine: {'line': b'-- Up-to-date: /home/px4/ros2/ws/install/px4_msgs/include/px4_msgs/px4_msgs/msg/trajectory_setpoint.hpp\n'}
[1.618488] (px4_msgs) StdoutLine: {'line': b'-- Up-to-date: /home/px4/ros2/ws/install/px4_msgs/include/px4_msgs/px4_msgs/msg/system_power.hpp\n'}
[1.618534] (px4_msgs) StdoutLine: {'line': b'-- Up-to-date: /home/px4/ros2/ws/install/px4_msgs/include/px4_msgs/px4_msgs/msg/gimbal_device_set_attitude.hpp\n'}
[1.618579] (px4_msgs) StdoutLine: {'line': b'-- Up-to-date: /home/px4/ros2/ws/install/px4_msgs/include/px4_msgs/px4_msgs/msg/vehicle_command_ack.hpp\n'}
[1.618623] (px4_msgs) StdoutLine: {'line': b'-- Up-to-date: /home/px4/ros2/ws/install/px4_msgs/include/px4_msgs/px4_msgs/msg/estimator_gps_status.hpp\n'}
[1.618668] (px4_msgs) StdoutLine: {'line': b'-- Up-to-date: /home/px4/ros2/ws/install/px4_msgs/include/px4_msgs/px4_msgs/msg/vehicle_imu_status.hpp\n'}
[1.618713] (px4_msgs) StdoutLine: {'line': b'-- Up-to-date: /home/px4/ros2/ws/install/px4_msgs/include/px4_msgs/px4_msgs/msg/radio_status.hpp\n'}
[1.618758] (px4_msgs) StdoutLine: {'line': b'-- Up-to-date: /home/px4/ros2/ws/install/px4_msgs/include/px4_msgs/px4_msgs/msg/rover_velocity_setpoint.hpp\n'}
[1.618803] (px4_msgs) StdoutLine: {'line': b'-- Up-to-date: /home/px4/ros2/ws/install/px4_msgs/include/px4_msgs/px4_msgs/msg/register_ext_component_request.hpp\n'}
[1.618848] (px4_msgs) StdoutLine: {'line': b'-- Up-to-date: /home/px4/ros2/ws/install/px4_msgs/include/px4_msgs/px4_msgs/msg/button_event.hpp\n'}
[1.618914] (px4_msgs) StdoutLine: {'line': b'-- Up-to-date: /home/px4/ros2/ws/install/px4_msgs/include/px4_msgs/px4_msgs/msg/geofence_result.hpp\n'}
[1.618968] (px4_msgs) StdoutLine: {'line': b'-- Up-to-date: /home/px4/ros2/ws/install/px4_msgs/include/px4_msgs/px4_msgs/msg/control_allocator_status.hpp\n'}
[1.619015] (px4_msgs) StdoutLine: {'line': b'-- Up-to-date: /home/px4/ros2/ws/install/px4_msgs/include/px4_msgs/px4_msgs/msg/gps_inject_data.hpp\n'}
[1.619059] (px4_msgs) StdoutLine: {'line': b'-- Up-to-date: /home/px4/ros2/ws/install/px4_msgs/include/px4_msgs/px4_msgs/msg/manual_control_switches.hpp\n'}
[1.619104] (px4_msgs) StdoutLine: {'line': b'-- Up-to-date: /home/px4/ros2/ws/install/px4_msgs/include/px4_msgs/px4_msgs/msg/px4io_status.hpp\n'}
[1.619150] (px4_msgs) StdoutLine: {'line': b'-- Up-to-date: /home/px4/ros2/ws/install/px4_msgs/include/px4_msgs/px4_msgs/msg/estimator_aid_source2d.hpp\n'}
[1.619194] (px4_msgs) StdoutLine: {'line': b'-- Up-to-date: /home/px4/ros2/ws/install/px4_msgs/include/px4_msgs/px4_msgs/msg/qshell_req.hpp\n'}
[1.619240] (px4_msgs) StdoutLine: {'line': b'-- Up-to-date: /home/px4/ros2/ws/install/px4_msgs/include/px4_msgs/px4_msgs/msg/rover_attitude_status.hpp\n'}
[1.619285] (px4_msgs) StdoutLine: {'line': b'-- Up-to-date: /home/px4/ros2/ws/install/px4_msgs/include/px4_msgs/px4_msgs/msg/dataman_request.hpp\n'}
[1.619330] (px4_msgs) StdoutLine: {'line': b'-- Up-to-date: /home/px4/ros2/ws/install/px4_msgs/include/px4_msgs/px4_msgs/msg/airspeed.hpp\n'}
[1.619376] (px4_msgs) StdoutLine: {'line': b'-- Up-to-date: /home/px4/ros2/ws/install/px4_msgs/include/px4_msgs/px4_msgs/msg/battery_status.hpp\n'}
[1.619422] (px4_msgs) StdoutLine: {'line': b'-- Up-to-date: /home/px4/ros2/ws/install/px4_msgs/include/px4_msgs/px4_msgs/msg/vehicle_acceleration.hpp\n'}
[1.619478] (px4_msgs) StdoutLine: {'line': b'-- Up-to-date: /home/px4/ros2/ws/install/px4_msgs/include/px4_msgs/px4_msgs/msg/mavlink_log.hpp\n'}
[1.619524] (px4_msgs) StdoutLine: {'line': b'-- Up-to-date: /home/px4/ros2/ws/install/px4_msgs/include/px4_msgs/px4_msgs/msg/pure_pursuit_status.hpp\n'}
[1.619569] (px4_msgs) StdoutLine: {'line': b'-- Up-to-date: /home/px4/ros2/ws/install/px4_msgs/include/px4_msgs/px4_msgs/msg/actuator_armed.hpp\n'}
[1.619615] (px4_msgs) StdoutLine: {'line': b'-- Up-to-date: /home/px4/ros2/ws/install/px4_msgs/include/px4_msgs/px4_msgs/msg/estimator_selector_status.hpp\n'}
[1.619667] (px4_msgs) StdoutLine: {'line': b'-- Up-to-date: /home/px4/ros2/ws/install/px4_msgs/include/px4_msgs/px4_msgs/msg/cpuload.hpp\n'}
[1.619713] (px4_msgs) StdoutLine: {'line': b'-- Up-to-date: /home/px4/ros2/ws/install/px4_msgs/include/px4_msgs/px4_msgs/msg/neural_control.hpp\n'}
[1.619758] (px4_msgs) StdoutLine: {'line': b'-- Up-to-date: /home/px4/ros2/ws/install/px4_msgs/include/px4_msgs/px4_msgs/msg/geofence_status.hpp\n'}
[1.619803] (px4_msgs) StdoutLine: {'line': b'-- Up-to-date: /home/px4/ros2/ws/install/px4_msgs/include/px4_msgs/px4_msgs/msg/failure_detector_status.hpp\n'}
[1.619848] (px4_msgs) StdoutLine: {'line': b'-- Up-to-date: /home/px4/ros2/ws/install/px4_msgs/include/px4_msgs/px4_msgs/msg/fixed_wing_lateral_guidance_status.hpp\n'}
[1.619913] (px4_msgs) StdoutLine: {'line': b'-- Up-to-date: /home/px4/ros2/ws/install/px4_msgs/include/px4_msgs/px4_msgs/msg/mavlink_tunnel.hpp\n'}
[1.619961] (px4_msgs) StdoutLine: {'line': b'-- Up-to-date: /home/px4/ros2/ws/install/px4_msgs/include/px4_msgs/px4_msgs/msg/vehicle_status.hpp\n'}
[1.620007] (px4_msgs) StdoutLine: {'line': b'-- Up-to-date: /home/px4/ros2/ws/install/px4_msgs/include/px4_msgs/px4_msgs/msg/longitudinal_control_configuration.hpp\n'}
[1.620052] (px4_msgs) StdoutLine: {'line': b'-- Up-to-date: /home/px4/ros2/ws/install/px4_msgs/include/px4_msgs/px4_msgs/srv\n'}
[1.620098] (px4_msgs) StdoutLine: {'line': b'-- Up-to-date: /home/px4/ros2/ws/install/px4_msgs/include/px4_msgs/px4_msgs/srv/detail\n'}
[1.620144] (px4_msgs) StdoutLine: {'line': b'-- Up-to-date: /home/px4/ros2/ws/install/px4_msgs/include/px4_msgs/px4_msgs/srv/detail/vehicle_command__type_support.hpp\n'}
[1.620190] (px4_msgs) StdoutLine: {'line': b'-- Up-to-date: /home/px4/ros2/ws/install/px4_msgs/include/px4_msgs/px4_msgs/srv/detail/vehicle_command__builder.hpp\n'}
[1.620242] (px4_msgs) StdoutLine: {'line': b'-- Up-to-date: /home/px4/ros2/ws/install/px4_msgs/include/px4_msgs/px4_msgs/srv/detail/vehicle_command__struct.hpp\n'}
[1.620288] (px4_msgs) StdoutLine: {'line': b'-- Up-to-date: /home/px4/ros2/ws/install/px4_msgs/include/px4_msgs/px4_msgs/srv/detail/vehicle_command__traits.hpp\n'}
[1.620333] (px4_msgs) StdoutLine: {'line': b'-- Up-to-date: /home/px4/ros2/ws/install/px4_msgs/include/px4_msgs/px4_msgs/srv/vehicle_command.hpp\n'}
[1.620379] (px4_msgs) StdoutLine: {'line': b'-- Up-to-date: /home/px4/ros2/ws/install/px4_msgs/include/px4_msgs/px4_msgs\n'}
[1.620424] (px4_msgs) StdoutLine: {'line': b'-- Up-to-date: /home/px4/ros2/ws/install/px4_msgs/include/px4_msgs/px4_msgs/msg\n'}
[1.620469] (px4_msgs) StdoutLine: {'line': b'-- Up-to-date: /home/px4/ros2/ws/install/px4_msgs/include/px4_msgs/px4_msgs/msg/detail\n'}
[1.620514] (px4_msgs) StdoutLine: {'line': b'-- Up-to-date: /home/px4/ros2/ws/install/px4_msgs/include/px4_msgs/px4_msgs/msg/detail/neural_control__rosidl_typesupport_fastrtps_cpp.hpp\n'}
[1.620559] (px4_msgs) StdoutLine: {'line': b'-- Up-to-date: /home/px4/ros2/ws/install/px4_msgs/include/px4_msgs/px4_msgs/msg/detail/sensor_gyro_fft__rosidl_typesupport_fastrtps_cpp.hpp\n'}
[1.620604] (px4_msgs) StdoutLine: {'line': b'-- Up-to-date: /home/px4/ros2/ws/install/px4_msgs/include/px4_msgs/px4_msgs/msg/detail/vehicle_angular_velocity__rosidl_typesupport_fastrtps_cpp.hpp\n'}
[1.620650] (px4_msgs) StdoutLine: {'line': b'-- Up-to-date: /home/px4/ros2/ws/install/px4_msgs/include/px4_msgs/px4_msgs/msg/detail/adc_report__rosidl_typesupport_fastrtps_cpp.hpp\n'}
[1.620696] (px4_msgs) StdoutLine: {'line': b'-- Up-to-date: /home/px4/ros2/ws/install/px4_msgs/include/px4_msgs/px4_msgs/msg/detail/vehicle_torque_setpoint__rosidl_typesupport_fastrtps_cpp.hpp\n'}
[1.620741] (px4_msgs) StdoutLine: {'line': b'-- Up-to-date: /home/px4/ros2/ws/install/px4_msgs/include/px4_msgs/px4_msgs/msg/detail/autotune_attitude_control_status__rosidl_typesupport_fastrtps_cpp.hpp\n'}
[1.620786] (px4_msgs) StdoutLine: {'line': b'-- Up-to-date: /home/px4/ros2/ws/install/px4_msgs/include/px4_msgs/px4_msgs/msg/detail/vehicle_imu_status__rosidl_typesupport_fastrtps_cpp.hpp\n'}
[1.620832] (px4_msgs) StdoutLine: {'line': b'-- Up-to-date: /home/px4/ros2/ws/install/px4_msgs/include/px4_msgs/px4_msgs/msg/detail/qshell_req__rosidl_typesupport_fastrtps_cpp.hpp\n'}
[1.620892] (px4_msgs) StdoutLine: {'line': b'-- Up-to-date: /home/px4/ros2/ws/install/px4_msgs/include/px4_msgs/px4_msgs/msg/detail/yaw_estimator_status__rosidl_typesupport_fastrtps_cpp.hpp\n'}
[1.620943] (px4_msgs) StdoutLine: {'line': b'-- Up-to-date: /home/px4/ros2/ws/install/px4_msgs/include/px4_msgs/px4_msgs/msg/detail/gimbal_manager_set_attitude__rosidl_typesupport_fastrtps_cpp.hpp\n'}
[1.620989] (px4_msgs) StdoutLine: {'line': b'-- Up-to-date: /home/px4/ros2/ws/install/px4_msgs/include/px4_msgs/px4_msgs/msg/detail/fixed_wing_lateral_setpoint__rosidl_typesupport_fastrtps_cpp.hpp\n'}
[1.621034] (px4_msgs) StdoutLine: {'line': b'-- Up-to-date: /home/px4/ros2/ws/install/px4_msgs/include/px4_msgs/px4_msgs/msg/detail/led_control__rosidl_typesupport_fastrtps_cpp.hpp\n'}
[1.621079] (px4_msgs) StdoutLine: {'line': b'-- Up-to-date: /home/px4/ros2/ws/install/px4_msgs/include/px4_msgs/px4_msgs/msg/detail/vehicle_attitude__rosidl_typesupport_fastrtps_cpp.hpp\n'}
[1.621135] (px4_msgs) StdoutLine: {'line': b'-- Up-to-date: /home/px4/ros2/ws/install/px4_msgs/include/px4_msgs/px4_msgs/msg/detail/tune_control__rosidl_typesupport_fastrtps_cpp.hpp\n'}
[1.621186] (px4_msgs) StdoutLine: {'line': b'-- Up-to-date: /home/px4/ros2/ws/install/px4_msgs/include/px4_msgs/px4_msgs/msg/detail/rover_rate_status__rosidl_typesupport_fastrtps_cpp.hpp\n'}
[1.621232] (px4_msgs) StdoutLine: {'line': b'-- Up-to-date: /home/px4/ros2/ws/install/px4_msgs/include/px4_msgs/px4_msgs/msg/detail/esc_report__rosidl_typesupport_fastrtps_cpp.hpp\n'}
[1.621277] (px4_msgs) StdoutLine: {'line': b'-- Up-to-date: /home/px4/ros2/ws/install/px4_msgs/include/px4_msgs/px4_msgs/msg/detail/vehicle_imu__rosidl_typesupport_fastrtps_cpp.hpp\n'}
[1.621327] (px4_msgs) StdoutLine: {'line': b'-- Up-to-date: /home/px4/ros2/ws/install/px4_msgs/include/px4_msgs/px4_msgs/msg/detail/vehicle_local_position_setpoint__rosidl_typesupport_fastrtps_cpp.hpp\n'}
[1.621373] (px4_msgs) StdoutLine: {'line': b'-- Up-to-date: /home/px4/ros2/ws/install/px4_msgs/include/px4_msgs/px4_msgs/msg/detail/system_power__rosidl_typesupport_fastrtps_cpp.hpp\n'}
[1.621418] (px4_msgs) StdoutLine: {'line': b'-- Up-to-date: /home/px4/ros2/ws/install/px4_msgs/include/px4_msgs/px4_msgs/msg/detail/orb_test_medium__rosidl_typesupport_fastrtps_cpp.hpp\n'}
[1.621464] (px4_msgs) StdoutLine: {'line': b'-- Up-to-date: /home/px4/ros2/ws/install/px4_msgs/include/px4_msgs/px4_msgs/msg/detail/orb_test_large__rosidl_typesupport_fastrtps_cpp.hpp\n'}
[1.621509] (px4_msgs) StdoutLine: {'line': b'-- Up-to-date: /home/px4/ros2/ws/install/px4_msgs/include/px4_msgs/px4_msgs/msg/detail/radio_status__rosidl_typesupport_fastrtps_cpp.hpp\n'}
[1.621553] (px4_msgs) StdoutLine: {'line': b'-- Up-to-date: /home/px4/ros2/ws/install/px4_msgs/include/px4_msgs/px4_msgs/msg/detail/internal_combustion_engine_status__rosidl_typesupport_fastrtps_cpp.hpp\n'}
[1.621598] (px4_msgs) StdoutLine: {'line': b'-- Up-to-date: /home/px4/ros2/ws/install/px4_msgs/include/px4_msgs/px4_msgs/msg/detail/position_controller_landing_status__rosidl_typesupport_fastrtps_cpp.hpp\n'}
[1.621642] (px4_msgs) StdoutLine: {'line': b'-- Up-to-date: /home/px4/ros2/ws/install/px4_msgs/include/px4_msgs/px4_msgs/msg/detail/camera_trigger__rosidl_typesupport_fastrtps_cpp.hpp\n'}
[1.621687] (px4_msgs) StdoutLine: {'line': b'-- Up-to-date: /home/px4/ros2/ws/install/px4_msgs/include/px4_msgs/px4_msgs/msg/detail/rover_position_setpoint__rosidl_typesupport_fastrtps_cpp.hpp\n'}
[1.621731] (px4_msgs) StdoutLine: {'line': b'-- Up-to-date: /home/px4/ros2/ws/install/px4_msgs/include/px4_msgs/px4_msgs/msg/detail/onboard_computer_status__rosidl_typesupport_fastrtps_cpp.hpp\n'}
[1.621776] (px4_msgs) StdoutLine: {'line': b'-- Up-to-date: /home/px4/ros2/ws/install/px4_msgs/include/px4_msgs/px4_msgs/msg/detail/vehicle_local_position__rosidl_typesupport_fastrtps_cpp.hpp\n'}
[1.621820] (px4_msgs) StdoutLine: {'line': b'-- Up-to-date: /home/px4/ros2/ws/install/px4_msgs/include/px4_msgs/px4_msgs/msg/detail/vehicle_optical_flow__rosidl_typesupport_fastrtps_cpp.hpp\n'}
[1.621873] (px4_msgs) StdoutLine: {'line': b'-- Up-to-date: /home/px4/ros2/ws/install/px4_msgs/include/px4_msgs/px4_msgs/msg/detail/ping__rosidl_typesupport_fastrtps_cpp.hpp\n'}
[1.621926] (px4_msgs) StdoutLine: {'line': b'-- Up-to-date: /home/px4/ros2/ws/install/px4_msgs/include/px4_msgs/px4_msgs/msg/detail/landing_target_pose__rosidl_typesupport_fastrtps_cpp.hpp\n'}
[1.621973] (px4_msgs) StdoutLine: {'line': b'-- Up-to-date: /home/px4/ros2/ws/install/px4_msgs/include/px4_msgs/px4_msgs/msg/detail/message_format_request__rosidl_typesupport_fastrtps_cpp.hpp\n'}
[1.622018] (px4_msgs) StdoutLine: {'line': b'-- Up-to-date: /home/px4/ros2/ws/install/px4_msgs/include/px4_msgs/px4_msgs/msg/detail/vehicle_optical_flow_vel__rosidl_typesupport_fastrtps_cpp.hpp\n'}
[1.622063] (px4_msgs) StdoutLine: {'line': b'-- Up-to-date: /home/px4/ros2/ws/install/px4_msgs/include/px4_msgs/px4_msgs/msg/detail/mag_worker_data__rosidl_typesupport_fastrtps_cpp.hpp\n'}
[1.622109] (px4_msgs) StdoutLine: {'line': b'-- Up-to-date: /home/px4/ros2/ws/install/px4_msgs/include/px4_msgs/px4_msgs/msg/detail/landing_gear__rosidl_typesupport_fastrtps_cpp.hpp\n'}
[1.622154] (px4_msgs) StdoutLine: {'line': b'-- Up-to-date: /home/px4/ros2/ws/install/px4_msgs/include/px4_msgs/px4_msgs/msg/detail/hover_thrust_estimate__rosidl_typesupport_fastrtps_cpp.hpp\n'}
[1.622200] (px4_msgs) StdoutLine: {'line': b'-- Up-to-date: /home/px4/ros2/ws/install/px4_msgs/include/px4_msgs/px4_msgs/msg/detail/camera_status__rosidl_typesupport_fastrtps_cpp.hpp\n'}
[1.622245] (px4_msgs) StdoutLine: {'line': b'-- Up-to-date: /home/px4/ros2/ws/install/px4_msgs/include/px4_msgs/px4_msgs/msg/detail/differential_pressure__rosidl_typesupport_fastrtps_cpp.hpp\n'}
[1.622297] (px4_msgs) StdoutLine: {'line': b'-- Up-to-date: /home/px4/ros2/ws/install/px4_msgs/include/px4_msgs/px4_msgs/msg/detail/position_controller_status__rosidl_typesupport_fastrtps_cpp.hpp\n'}
[1.622343] (px4_msgs) StdoutLine: {'line': b'-- Up-to-date: /home/px4/ros2/ws/install/px4_msgs/include/px4_msgs/px4_msgs/msg/detail/satellite_info__rosidl_typesupport_fastrtps_cpp.hpp\n'}
[1.622388] (px4_msgs) StdoutLine: {'line': b'-- Up-to-date: /home/px4/ros2/ws/install/px4_msgs/include/px4_msgs/px4_msgs/msg/detail/telemetry_status__rosidl_typesupport_fastrtps_cpp.hpp\n'}
[1.622439] (px4_msgs) StdoutLine: {'line': b'-- Up-to-date: /home/px4/ros2/ws/install/px4_msgs/include/px4_msgs/px4_msgs/msg/detail/transponder_report__rosidl_typesupport_fastrtps_cpp.hpp\n'}
[1.622496] (px4_msgs) StdoutLine: {'line': b'-- Up-to-date: /home/px4/ros2/ws/install/px4_msgs/include/px4_msgs/px4_msgs/msg/detail/pps_capture__rosidl_typesupport_fastrtps_cpp.hpp\n'}
[1.622543] (px4_msgs) StdoutLine: {'line': b'-- Up-to-date: /home/px4/ros2/ws/install/px4_msgs/include/px4_msgs/px4_msgs/msg/detail/debug_vect__rosidl_typesupport_fastrtps_cpp.hpp\n'}
[1.622589] (px4_msgs) StdoutLine: {'line': b'-- Up-to-date: /home/px4/ros2/ws/install/px4_msgs/include/px4_msgs/px4_msgs/msg/detail/gimbal_controls__rosidl_typesupport_fastrtps_cpp.hpp\n'}
[1.622634] (px4_msgs) StdoutLine: {'line': b'-- Up-to-date: /home/px4/ros2/ws/install/px4_msgs/include/px4_msgs/px4_msgs/msg/detail/sensor_hygrometer__rosidl_typesupport_fastrtps_cpp.hpp\n'}
[1.622679] (px4_msgs) StdoutLine: {'line': b'-- Up-to-date: /home/px4/ros2/ws/install/px4_msgs/include/px4_msgs/px4_msgs/msg/detail/vehicle_air_data__rosidl_typesupport_fastrtps_cpp.hpp\n'}
[1.622724] (px4_msgs) StdoutLine: {'line': b'-- Up-to-date: /home/px4/ros2/ws/install/px4_msgs/include/px4_msgs/px4_msgs/msg/detail/parameter_set_value_response__rosidl_typesupport_fastrtps_cpp.hpp\n'}
[1.622770] (px4_msgs) StdoutLine: {'line': b'-- Up-to-date: /home/px4/ros2/ws/install/px4_msgs/include/px4_msgs/px4_msgs/msg/detail/battery_status__rosidl_typesupport_fastrtps_cpp.hpp\n'}
[1.622814] (px4_msgs) StdoutLine: {'line': b'-- Up-to-date: /home/px4/ros2/ws/install/px4_msgs/include/px4_msgs/px4_msgs/msg/detail/uavcan_parameter_request__rosidl_typesupport_fastrtps_cpp.hpp\n'}
[1.622860] (px4_msgs) StdoutLine: {'line': b'-- Up-to-date: /home/px4/ros2/ws/install/px4_msgs/include/px4_msgs/px4_msgs/msg/detail/wheel_encoders__rosidl_typesupport_fastrtps_cpp.hpp\n'}
[1.622922] (px4_msgs) StdoutLine: {'line': b'-- Up-to-date: /home/px4/ros2/ws/install/px4_msgs/include/px4_msgs/px4_msgs/msg/detail/trajectory_setpoint6dof__rosidl_typesupport_fastrtps_cpp.hpp\n'}
[1.622969] (px4_msgs) StdoutLine: {'line': b'-- Up-to-date: /home/px4/ros2/ws/install/px4_msgs/include/px4_msgs/px4_msgs/msg/detail/sensor_selection__rosidl_typesupport_fastrtps_cpp.hpp\n'}
[1.623014] (px4_msgs) StdoutLine: {'line': b'-- Up-to-date: /home/px4/ros2/ws/install/px4_msgs/include/px4_msgs/px4_msgs/msg/detail/vehicle_control_mode__rosidl_typesupport_fastrtps_cpp.hpp\n'}
[1.623059] (px4_msgs) StdoutLine: {'line': b'-- Up-to-date: /home/px4/ros2/ws/install/px4_msgs/include/px4_msgs/px4_msgs/msg/detail/sensor_mag__rosidl_typesupport_fastrtps_cpp.hpp\n'}
[1.623104] (px4_msgs) StdoutLine: {'line': b'-- Up-to-date: /home/px4/ros2/ws/install/px4_msgs/include/px4_msgs/px4_msgs/msg/detail/vehicle_command_ack__rosidl_typesupport_fastrtps_cpp.hpp\n'}
[1.623149] (px4_msgs) StdoutLine: {'line': b'-- Up-to-date: /home/px4/ros2/ws/install/px4_msgs/include/px4_msgs/px4_msgs/msg/detail/rtl_time_estimate__rosidl_typesupport_fastrtps_cpp.hpp\n'}
[1.623192] (px4_msgs) StdoutLine: {'line': b'-- Up-to-date: /home/px4/ros2/ws/install/px4_msgs/include/px4_msgs/px4_msgs/msg/detail/distance_sensor__rosidl_typesupport_fastrtps_cpp.hpp\n'}
[1.623237] (px4_msgs) StdoutLine: {'line': b'-- Up-to-date: /home/px4/ros2/ws/install/px4_msgs/include/px4_msgs/px4_msgs/msg/detail/fuel_tank_status__rosidl_typesupport_fastrtps_cpp.hpp\n'}
[1.623289] (px4_msgs) StdoutLine: {'line': b'-- Up-to-date: /home/px4/ros2/ws/install/px4_msgs/include/px4_msgs/px4_msgs/msg/detail/battery_info__rosidl_typesupport_fastrtps_cpp.hpp\n'}
[1.623335] (px4_msgs) StdoutLine: {'line': b'-- Up-to-date: /home/px4/ros2/ws/install/px4_msgs/include/px4_msgs/px4_msgs/msg/detail/arming_check_request__rosidl_typesupport_fastrtps_cpp.hpp\n'}
[1.623381] (px4_msgs) StdoutLine: {'line': b'-- Up-to-date: /home/px4/ros2/ws/install/px4_msgs/include/px4_msgs/px4_msgs/msg/detail/collision_constraints__rosidl_typesupport_fastrtps_cpp.hpp\n'}
[1.623427] (px4_msgs) StdoutLine: {'line': b'-- Up-to-date: /home/px4/ros2/ws/install/px4_msgs/include/px4_msgs/px4_msgs/msg/detail/power_monitor__rosidl_typesupport_fastrtps_cpp.hpp\n'}
[1.623473] (px4_msgs) StdoutLine: {'line': b'-- Up-to-date: /home/px4/ros2/ws/install/px4_msgs/include/px4_msgs/px4_msgs/msg/detail/sensor_gyro__rosidl_typesupport_fastrtps_cpp.hpp\n'}
[1.623518] (px4_msgs) StdoutLine: {'line': b'-- Up-to-date: /home/px4/ros2/ws/install/px4_msgs/include/px4_msgs/px4_msgs/msg/detail/control_allocator_status__rosidl_typesupport_fastrtps_cpp.hpp\n'}
[1.623564] (px4_msgs) StdoutLine: {'line': b'-- Up-to-date: /home/px4/ros2/ws/install/px4_msgs/include/px4_msgs/px4_msgs/msg/detail/camera_capture__rosidl_typesupport_fastrtps_cpp.hpp\n'}
[1.623609] (px4_msgs) StdoutLine: {'line': b'-- Up-to-date: /home/px4/ros2/ws/install/px4_msgs/include/px4_msgs/px4_msgs/msg/detail/wind__rosidl_typesupport_fastrtps_cpp.hpp\n'}
[1.623654] (px4_msgs) StdoutLine: {'line': b'-- Up-to-date: /home/px4/ros2/ws/install/px4_msgs/include/px4_msgs/px4_msgs/msg/detail/estimator_aid_source3d__rosidl_typesupport_fastrtps_cpp.hpp\n'}
[1.623706] (px4_msgs) StdoutLine: {'line': b'-- Up-to-date: /home/px4/ros2/ws/install/px4_msgs/include/px4_msgs/px4_msgs/msg/detail/landing_gear_wheel__rosidl_typesupport_fastrtps_cpp.hpp\n'}
[1.623752] (px4_msgs) StdoutLine: {'line': b'-- Up-to-date: /home/px4/ros2/ws/install/px4_msgs/include/px4_msgs/px4_msgs/msg/detail/unregister_ext_component__rosidl_typesupport_fastrtps_cpp.hpp\n'}
[1.623798] (px4_msgs) StdoutLine: {'line': b'-- Up-to-date: /home/px4/ros2/ws/install/px4_msgs/include/px4_msgs/px4_msgs/msg/detail/ulog_stream__rosidl_typesupport_fastrtps_cpp.hpp\n'}
[1.623853] (px4_msgs) StdoutLine: {'line': b'-- Up-to-date: /home/px4/ros2/ws/install/px4_msgs/include/px4_msgs/px4_msgs/msg/detail/longitudinal_control_configuration__rosidl_typesupport_fastrtps_cpp.hpp\n'}
[1.623915] (px4_msgs) StdoutLine: {'line': b'-- Up-to-date: /home/px4/ros2/ws/install/px4_msgs/include/px4_msgs/px4_msgs/msg/detail/can_interface_status__rosidl_typesupport_fastrtps_cpp.hpp\n'}
[1.623964] (px4_msgs) StdoutLine: {'line': b'-- Up-to-date: /home/px4/ros2/ws/install/px4_msgs/include/px4_msgs/px4_msgs/msg/detail/register_ext_component_request__rosidl_typesupport_fastrtps_cpp.hpp\n'}
[1.624010] (px4_msgs) StdoutLine: {'line': b'-- Up-to-date: /home/px4/ros2/ws/install/px4_msgs/include/px4_msgs/px4_msgs/msg/detail/pure_pursuit_status__rosidl_typesupport_fastrtps_cpp.hpp\n'}
[1.624060] (px4_msgs) StdoutLine: {'line': b'-- Up-to-date: /home/px4/ros2/ws/install/px4_msgs/include/px4_msgs/px4_msgs/msg/detail/parameter_update__rosidl_typesupport_fastrtps_cpp.hpp\n'}
[1.624109] (px4_msgs) StdoutLine: {'line': b'-- Up-to-date: /home/px4/ros2/ws/install/px4_msgs/include/px4_msgs/px4_msgs/msg/detail/velocity_limits__rosidl_typesupport_fastrtps_cpp.hpp\n'}
[1.624209] (px4_msgs) StdoutLine: {'line': b'-- Up-to-date: /home/px4/ros2/ws/install/px4_msgs/include/px4_msgs/px4_msgs/msg/detail/failure_detector_status__rosidl_typesupport_fastrtps_cpp.hpp\n'}
[1.624259] (px4_msgs) StdoutLine: {'line': b'-- Up-to-date: /home/px4/ros2/ws/install/px4_msgs/include/px4_msgs/px4_msgs/msg/detail/vehicle_odometry__rosidl_typesupport_fastrtps_cpp.hpp\n'}
[1.624308] (px4_msgs) StdoutLine: {'line': b'-- Up-to-date: /home/px4/ros2/ws/install/px4_msgs/include/px4_msgs/px4_msgs/msg/detail/parameter_reset_request__rosidl_typesupport_fastrtps_cpp.hpp\n'}
[1.624355] (px4_msgs) StdoutLine: {'line': b'-- Up-to-date: /home/px4/ros2/ws/install/px4_msgs/include/px4_msgs/px4_msgs/msg/detail/actuator_controls_status__rosidl_typesupport_fastrtps_cpp.hpp\n'}
[1.624408] (px4_msgs) StdoutLine: {'line': b'-- Up-to-date: /home/px4/ros2/ws/install/px4_msgs/include/px4_msgs/px4_msgs/msg/detail/mount_orientation__rosidl_typesupport_fastrtps_cpp.hpp\n'}
[1.624454] (px4_msgs) StdoutLine: {'line': b'-- Up-to-date: /home/px4/ros2/ws/install/px4_msgs/include/px4_msgs/px4_msgs/msg/detail/timesync_status__rosidl_typesupport_fastrtps_cpp.hpp\n'}
[1.624500] (px4_msgs) StdoutLine: {'line': b'-- Up-to-date: /home/px4/ros2/ws/install/px4_msgs/include/px4_msgs/px4_msgs/msg/detail/internal_combustion_engine_control__rosidl_typesupport_fastrtps_cpp.hpp\n'}
[1.624546] (px4_msgs) StdoutLine: {'line': b'-- Up-to-date: /home/px4/ros2/ws/install/px4_msgs/include/px4_msgs/px4_msgs/msg/detail/mission__rosidl_typesupport_fastrtps_cpp.hpp\n'}
[1.624592] (px4_msgs) StdoutLine: {'line': b'-- Up-to-date: /home/px4/ros2/ws/install/px4_msgs/include/px4_msgs/px4_msgs/msg/detail/message_format_response__rosidl_typesupport_fastrtps_cpp.hpp\n'}
[1.624648] (px4_msgs) StdoutLine: {'line': b'-- Up-to-date: /home/px4/ros2/ws/install/px4_msgs/include/px4_msgs/px4_msgs/msg/detail/dds_fastrtps\n'}
[1.624692] (px4_msgs) StdoutLine: {'line': b'-- Up-to-date: /home/px4/ros2/ws/install/px4_msgs/include/px4_msgs/px4_msgs/msg/detail/follow_target_estimator__rosidl_typesupport_fastrtps_cpp.hpp\n'}
[1.624738] (px4_msgs) StdoutLine: {'line': b'-- Up-to-date: /home/px4/ros2/ws/install/px4_msgs/include/px4_msgs/px4_msgs/msg/detail/px4io_status__rosidl_typesupport_fastrtps_cpp.hpp\n'}
[1.624784] (px4_msgs) StdoutLine: {'line': b'-- Up-to-date: /home/px4/ros2/ws/install/px4_msgs/include/px4_msgs/px4_msgs/msg/detail/dataman_response__rosidl_typesupport_fastrtps_cpp.hpp\n'}
[1.624837] (px4_msgs) StdoutLine: {'line': b'-- Up-to-date: /home/px4/ros2/ws/install/px4_msgs/include/px4_msgs/px4_msgs/msg/detail/gimbal_manager_set_manual_control__rosidl_typesupport_fastrtps_cpp.hpp\n'}
[1.624902] (px4_msgs) StdoutLine: {'line': b'-- Up-to-date: /home/px4/ros2/ws/install/px4_msgs/include/px4_msgs/px4_msgs/msg/detail/estimator_innovations__rosidl_typesupport_fastrtps_cpp.hpp\n'}
[1.624954] (px4_msgs) StdoutLine: {'line': b'-- Up-to-date: /home/px4/ros2/ws/install/px4_msgs/include/px4_msgs/px4_msgs/msg/detail/logger_status__rosidl_typesupport_fastrtps_cpp.hpp\n'}
[1.625001] (px4_msgs) StdoutLine: {'line': b'-- Up-to-date: /home/px4/ros2/ws/install/px4_msgs/include/px4_msgs/px4_msgs/msg/detail/launch_detection_status__rosidl_typesupport_fastrtps_cpp.hpp\n'}
[1.625046] (px4_msgs) StdoutLine: {'line': b'-- Up-to-date: /home/px4/ros2/ws/install/px4_msgs/include/px4_msgs/px4_msgs/msg/detail/action_request__rosidl_typesupport_fastrtps_cpp.hpp\n'}
[1.625100] (px4_msgs) StdoutLine: {'line': b'-- Up-to-date: /home/px4/ros2/ws/install/px4_msgs/include/px4_msgs/px4_msgs/msg/detail/sensor_combined__rosidl_typesupport_fastrtps_cpp.hpp\n'}
[1.625148] (px4_msgs) StdoutLine: {'line': b'-- Up-to-date: /home/px4/ros2/ws/install/px4_msgs/include/px4_msgs/px4_msgs/msg/detail/rover_rate_setpoint__rosidl_typesupport_fastrtps_cpp.hpp\n'}
[1.625194] (px4_msgs) StdoutLine: {'line': b'-- Up-to-date: /home/px4/ros2/ws/install/px4_msgs/include/px4_msgs/px4_msgs/msg/detail/open_drone_id_system__rosidl_typesupport_fastrtps_cpp.hpp\n'}
[1.625240] (px4_msgs) StdoutLine: {'line': b'-- Up-to-date: /home/px4/ros2/ws/install/px4_msgs/include/px4_msgs/px4_msgs/msg/detail/sensor_gyro_fifo__rosidl_typesupport_fastrtps_cpp.hpp\n'}
[1.625296] (px4_msgs) StdoutLine: {'line': b'-- Up-to-date: /home/px4/ros2/ws/install/px4_msgs/include/px4_msgs/px4_msgs/msg/detail/task_stack_info__rosidl_typesupport_fastrtps_cpp.hpp\n'}
[1.625343] (px4_msgs) StdoutLine: {'line': b'-- Up-to-date: /home/px4/ros2/ws/install/px4_msgs/include/px4_msgs/px4_msgs/msg/detail/vehicle_status__rosidl_typesupport_fastrtps_cpp.hpp\n'}
[1.625389] (px4_msgs) StdoutLine: {'line': b'-- Up-to-date: /home/px4/ros2/ws/install/px4_msgs/include/px4_msgs/px4_msgs/msg/detail/config_overrides__rosidl_typesupport_fastrtps_cpp.hpp\n'}
[1.625441] (px4_msgs) StdoutLine: {'line': b'-- Up-to-date: /home/px4/ros2/ws/install/px4_msgs/include/px4_msgs/px4_msgs/msg/detail/distance_sensor_mode_change_request__rosidl_typesupport_fastrtps_cpp.hpp\n'}
[1.625488] (px4_msgs) StdoutLine: {'line': b'-- Up-to-date: /home/px4/ros2/ws/install/px4_msgs/include/px4_msgs/px4_msgs/msg/detail/dataman_request__rosidl_typesupport_fastrtps_cpp.hpp\n'}
[1.625534] (px4_msgs) StdoutLine: {'line': b'-- Up-to-date: /home/px4/ros2/ws/install/px4_msgs/include/px4_msgs/px4_msgs/msg/detail/vehicle_roi__rosidl_typesupport_fastrtps_cpp.hpp\n'}
[1.625580] (px4_msgs) StdoutLine: {'line': b'-- Up-to-date: /home/px4/ros2/ws/install/px4_msgs/include/px4_msgs/px4_msgs/msg/detail/sensors_status__rosidl_typesupport_fastrtps_cpp.hpp\n'}
[1.625626] (px4_msgs) StdoutLine: {'line': b'-- Up-to-date: /home/px4/ros2/ws/install/px4_msgs/include/px4_msgs/px4_msgs/msg/detail/navigator_status__rosidl_typesupport_fastrtps_cpp.hpp\n'}
[1.625672] (px4_msgs) StdoutLine: {'line': b'-- Up-to-date: /home/px4/ros2/ws/install/px4_msgs/include/px4_msgs/px4_msgs/msg/detail/pwm_input__rosidl_typesupport_fastrtps_cpp.hpp\n'}
[1.625718] (px4_msgs) StdoutLine: {'line': b'-- Up-to-date: /home/px4/ros2/ws/install/px4_msgs/include/px4_msgs/px4_msgs/msg/detail/log_message__rosidl_typesupport_fastrtps_cpp.hpp\n'}
[1.625764] (px4_msgs) StdoutLine: {'line': b'-- Up-to-date: /home/px4/ros2/ws/install/px4_msgs/include/px4_msgs/px4_msgs/msg/detail/debug_array__rosidl_typesupport_fastrtps_cpp.hpp\n'}
[1.625810] (px4_msgs) StdoutLine: {'line': b'-- Up-to-date: /home/px4/ros2/ws/install/px4_msgs/include/px4_msgs/px4_msgs/msg/detail/parameter_set_used_request__rosidl_typesupport_fastrtps_cpp.hpp\n'}
[1.625857] (px4_msgs) StdoutLine: {'line': b'-- Up-to-date: /home/px4/ros2/ws/install/px4_msgs/include/px4_msgs/px4_msgs/msg/detail/heater_status__rosidl_typesupport_fastrtps_cpp.hpp\n'}
[1.625919] (px4_msgs) StdoutLine: {'line': b'-- Up-to-date: /home/px4/ros2/ws/install/px4_msgs/include/px4_msgs/px4_msgs/msg/detail/follow_target__rosidl_typesupport_fastrtps_cpp.hpp\n'}
[1.625967] (px4_msgs) StdoutLine: {'line': b'-- Up-to-date: /home/px4/ros2/ws/install/px4_msgs/include/px4_msgs/px4_msgs/msg/detail/gpio_out__rosidl_typesupport_fastrtps_cpp.hpp\n'}
[1.626014] (px4_msgs) StdoutLine: {'line': b'-- Up-to-date: /home/px4/ros2/ws/install/px4_msgs/include/px4_msgs/px4_msgs/msg/detail/button_event__rosidl_typesupport_fastrtps_cpp.hpp\n'}
[1.626061] (px4_msgs) StdoutLine: {'line': b'-- Up-to-date: /home/px4/ros2/ws/install/px4_msgs/include/px4_msgs/px4_msgs/msg/detail/follow_target_status__rosidl_typesupport_fastrtps_cpp.hpp\n'}
[1.626106] (px4_msgs) StdoutLine: {'line': b'-- Up-to-date: /home/px4/ros2/ws/install/px4_msgs/include/px4_msgs/px4_msgs/msg/detail/rover_throttle_setpoint__rosidl_typesupport_fastrtps_cpp.hpp\n'}
[1.626152] (px4_msgs) StdoutLine: {'line': b'-- Up-to-date: /home/px4/ros2/ws/install/px4_msgs/include/px4_msgs/px4_msgs/msg/detail/arming_check_reply__rosidl_typesupport_fastrtps_cpp.hpp\n'}
[1.626197] (px4_msgs) StdoutLine: {'line': b'-- Up-to-date: /home/px4/ros2/ws/install/px4_msgs/include/px4_msgs/px4_msgs/msg/detail/sensor_baro__rosidl_typesupport_fastrtps_cpp.hpp\n'}
[1.626241] (px4_msgs) StdoutLine: {'line': b'-- Up-to-date: /home/px4/ros2/ws/install/px4_msgs/include/px4_msgs/px4_msgs/msg/detail/normalized_unsigned_setpoint__rosidl_typesupport_fastrtps_cpp.hpp\n'}
[1.626287] (px4_msgs) StdoutLine: {'line': b'-- Up-to-date: /home/px4/ros2/ws/install/px4_msgs/include/px4_msgs/px4_msgs/msg/detail/sensor_accel__rosidl_typesupport_fastrtps_cpp.hpp\n'}
[1.626333] (px4_msgs) StdoutLine: {'line': b'-- Up-to-date: /home/px4/ros2/ws/install/px4_msgs/include/px4_msgs/px4_msgs/msg/detail/manual_control_switches__rosidl_typesupport_fastrtps_cpp.hpp\n'}
[1.626383] (px4_msgs) StdoutLine: {'line': b'-- Up-to-date: /home/px4/ros2/ws/install/px4_msgs/include/px4_msgs/px4_msgs/msg/detail/actuator_test__rosidl_typesupport_fastrtps_cpp.hpp\n'}
[1.626433] (px4_msgs) StdoutLine: {'line': b'-- Up-to-date: /home/px4/ros2/ws/install/px4_msgs/include/px4_msgs/px4_msgs/msg/detail/rate_ctrl_status__rosidl_typesupport_fastrtps_cpp.hpp\n'}
[1.626484] (px4_msgs) StdoutLine: {'line': b'-- Up-to-date: /home/px4/ros2/ws/install/px4_msgs/include/px4_msgs/px4_msgs/msg/detail/gpio_in__rosidl_typesupport_fastrtps_cpp.hpp\n'}
[1.626530] (px4_msgs) StdoutLine: {'line': b'-- Up-to-date: /home/px4/ros2/ws/install/px4_msgs/include/px4_msgs/px4_msgs/msg/detail/estimator_sensor_bias__rosidl_typesupport_fastrtps_cpp.hpp\n'}
[1.626575] (px4_msgs) StdoutLine: {'line': b'-- Up-to-date: /home/px4/ros2/ws/install/px4_msgs/include/px4_msgs/px4_msgs/msg/detail/gimbal_manager_status__rosidl_typesupport_fastrtps_cpp.hpp\n'}
[1.626621] (px4_msgs) StdoutLine: {'line': b'-- Up-to-date: /home/px4/ros2/ws/install/px4_msgs/include/px4_msgs/px4_msgs/msg/detail/home_position__rosidl_typesupport_fastrtps_cpp.hpp\n'}
[1.626674] (px4_msgs) StdoutLine: {'line': b'-- Up-to-date: /home/px4/ros2/ws/install/px4_msgs/include/px4_msgs/px4_msgs/msg/detail/power_button_state__rosidl_typesupport_fastrtps_cpp.hpp\n'}
[1.626721] (px4_msgs) StdoutLine: {'line': b'-- Up-to-date: /home/px4/ros2/ws/install/px4_msgs/include/px4_msgs/px4_msgs/msg/detail/gripper__rosidl_typesupport_fastrtps_cpp.hpp\n'}
[1.626766] (px4_msgs) StdoutLine: {'line': b'-- Up-to-date: /home/px4/ros2/ws/install/px4_msgs/include/px4_msgs/px4_msgs/msg/detail/gimbal_device_set_attitude__rosidl_typesupport_fastrtps_cpp.hpp\n'}
[1.626813] (px4_msgs) StdoutLine: {'line': b'-- Up-to-date: /home/px4/ros2/ws/install/px4_msgs/include/px4_msgs/px4_msgs/msg/detail/gpio_config__rosidl_typesupport_fastrtps_cpp.hpp\n'}
[1.626859] (px4_msgs) StdoutLine: {'line': b'-- Up-to-date: /home/px4/ros2/ws/install/px4_msgs/include/px4_msgs/px4_msgs/msg/detail/mavlink_tunnel__rosidl_typesupport_fastrtps_cpp.hpp\n'}
[1.626922] (px4_msgs) StdoutLine: {'line': b'-- Up-to-date: /home/px4/ros2/ws/install/px4_msgs/include/px4_msgs/px4_msgs/msg/detail/qshell_retval__rosidl_typesupport_fastrtps_cpp.hpp\n'}
[1.626970] (px4_msgs) StdoutLine: {'line': b'-- Up-to-date: /home/px4/ros2/ws/install/px4_msgs/include/px4_msgs/px4_msgs/msg/detail/position_setpoint__rosidl_typesupport_fastrtps_cpp.hpp\n'}
[1.627016] (px4_msgs) StdoutLine: {'line': b'-- Up-to-date: /home/px4/ros2/ws/install/px4_msgs/include/px4_msgs/px4_msgs/msg/detail/gps_dump__rosidl_typesupport_fastrtps_cpp.hpp\n'}
[1.627062] (px4_msgs) StdoutLine: {'line': b'-- Up-to-date: /home/px4/ros2/ws/install/px4_msgs/include/px4_msgs/px4_msgs/msg/detail/sensor_uwb__rosidl_typesupport_fastrtps_cpp.hpp\n'}
[1.627107] (px4_msgs) StdoutLine: {'line': b'-- Up-to-date: /home/px4/ros2/ws/install/px4_msgs/include/px4_msgs/px4_msgs/msg/detail/vehicle_land_detected__rosidl_typesupport_fastrtps_cpp.hpp\n'}
[1.627153] (px4_msgs) StdoutLine: {'line': b'-- Up-to-date: /home/px4/ros2/ws/install/px4_msgs/include/px4_msgs/px4_msgs/msg/detail/rover_steering_setpoint__rosidl_typesupport_fastrtps_cpp.hpp\n'}
[1.627200] (px4_msgs) StdoutLine: {'line': b'-- Up-to-date: /home/px4/ros2/ws/install/px4_msgs/include/px4_msgs/px4_msgs/msg/detail/rover_attitude_status__rosidl_typesupport_fastrtps_cpp.hpp\n'}
[1.627245] (px4_msgs) StdoutLine: {'line': b'-- Up-to-date: /home/px4/ros2/ws/install/px4_msgs/include/px4_msgs/px4_msgs/msg/detail/fixed_wing_longitudinal_setpoint__rosidl_typesupport_fastrtps_cpp.hpp\n'}
[1.627291] (px4_msgs) StdoutLine: {'line': b'-- Up-to-date: /home/px4/ros2/ws/install/px4_msgs/include/px4_msgs/px4_msgs/msg/detail/takeoff_status__rosidl_typesupport_fastrtps_cpp.hpp\n'}
[1.627336] (px4_msgs) StdoutLine: {'line': b'-- Up-to-date: /home/px4/ros2/ws/install/px4_msgs/include/px4_msgs/px4_msgs/msg/detail/vehicle_acceleration__rosidl_typesupport_fastrtps_cpp.hpp\n'}
[1.627382] (px4_msgs) StdoutLine: {'line': b'-- Up-to-date: /home/px4/ros2/ws/install/px4_msgs/include/px4_msgs/px4_msgs/msg/detail/tiltrotor_extra_controls__rosidl_typesupport_fastrtps_cpp.hpp\n'}
[1.627428] (px4_msgs) StdoutLine: {'line': b'-- Up-to-date: /home/px4/ros2/ws/install/px4_msgs/include/px4_msgs/px4_msgs/msg/detail/register_ext_component_reply__rosidl_typesupport_fastrtps_cpp.hpp\n'}
[1.627481] (px4_msgs) StdoutLine: {'line': b'-- Up-to-date: /home/px4/ros2/ws/install/px4_msgs/include/px4_msgs/px4_msgs/msg/detail/cpuload__rosidl_typesupport_fastrtps_cpp.hpp\n'}
[1.627527] (px4_msgs) StdoutLine: {'line': b'-- Up-to-date: /home/px4/ros2/ws/install/px4_msgs/include/px4_msgs/px4_msgs/msg/detail/fixed_wing_runway_control__rosidl_typesupport_fastrtps_cpp.hpp\n'}
[1.627573] (px4_msgs) StdoutLine: {'line': b'-- Up-to-date: /home/px4/ros2/ws/install/px4_msgs/include/px4_msgs/px4_msgs/msg/detail/health_report__rosidl_typesupport_fastrtps_cpp.hpp\n'}
[1.627620] (px4_msgs) StdoutLine: {'line': b'-- Up-to-date: /home/px4/ros2/ws/install/px4_msgs/include/px4_msgs/px4_msgs/msg/detail/sensor_airflow__rosidl_typesupport_fastrtps_cpp.hpp\n'}
[1.627666] (px4_msgs) StdoutLine: {'line': b'-- Up-to-date: /home/px4/ros2/ws/install/px4_msgs/include/px4_msgs/px4_msgs/msg/detail/obstacle_distance__rosidl_typesupport_fastrtps_cpp.hpp\n'}
[1.627718] (px4_msgs) StdoutLine: {'line': b'-- Up-to-date: /home/px4/ros2/ws/install/px4_msgs/include/px4_msgs/px4_msgs/msg/detail/vehicle_attitude_setpoint__rosidl_typesupport_fastrtps_cpp.hpp\n'}
[1.627765] (px4_msgs) StdoutLine: {'line': b'-- Up-to-date: /home/px4/ros2/ws/install/px4_msgs/include/px4_msgs/px4_msgs/msg/detail/estimator_bias__rosidl_typesupport_fastrtps_cpp.hpp\n'}
[1.627811] (px4_msgs) StdoutLine: {'line': b'-- Up-to-date: /home/px4/ros2/ws/install/px4_msgs/include/px4_msgs/px4_msgs/msg/detail/gimbal_manager_information__rosidl_typesupport_fastrtps_cpp.hpp\n'}
[1.627857] (px4_msgs) StdoutLine: {'line': b'-- Up-to-date: /home/px4/ros2/ws/install/px4_msgs/include/px4_msgs/px4_msgs/msg/detail/fixed_wing_lateral_status__rosidl_typesupport_fastrtps_cpp.hpp\n'}
[1.627921] (px4_msgs) StdoutLine: {'line': b'-- Up-to-date: /home/px4/ros2/ws/install/px4_msgs/include/px4_msgs/px4_msgs/msg/detail/vtol_vehicle_status__rosidl_typesupport_fastrtps_cpp.hpp\n'}
[1.627969] (px4_msgs) StdoutLine: {'line': b'-- Up-to-date: /home/px4/ros2/ws/install/px4_msgs/include/px4_msgs/px4_msgs/msg/detail/gimbal_device_attitude_status__rosidl_typesupport_fastrtps_cpp.hpp\n'}
[1.628016] (px4_msgs) StdoutLine: {'line': b'-- Up-to-date: /home/px4/ros2/ws/install/px4_msgs/include/px4_msgs/px4_msgs/msg/detail/orb_test__rosidl_typesupport_fastrtps_cpp.hpp\n'}
[1.628073] (px4_msgs) StdoutLine: {'line': b'-- Up-to-date: /home/px4/ros2/ws/install/px4_msgs/include/px4_msgs/px4_msgs/msg/detail/airspeed__rosidl_typesupport_fastrtps_cpp.hpp\n'}
[1.628120] (px4_msgs) StdoutLine: {'line': b'-- Up-to-date: /home/px4/ros2/ws/install/px4_msgs/include/px4_msgs/px4_msgs/msg/detail/rover_attitude_setpoint__rosidl_typesupport_fastrtps_cpp.hpp\n'}
[1.628167] (px4_msgs) StdoutLine: {'line': b'-- Up-to-date: /home/px4/ros2/ws/install/px4_msgs/include/px4_msgs/px4_msgs/msg/detail/estimator_status_flags__rosidl_typesupport_fastrtps_cpp.hpp\n'}
[1.628212] (px4_msgs) StdoutLine: {'line': b'-- Up-to-date: /home/px4/ros2/ws/install/px4_msgs/include/px4_msgs/px4_msgs/msg/detail/estimator_states__rosidl_typesupport_fastrtps_cpp.hpp\n'}
[1.628258] (px4_msgs) StdoutLine: {'line': b'-- Up-to-date: /home/px4/ros2/ws/install/px4_msgs/include/px4_msgs/px4_msgs/msg/detail/esc_status__rosidl_typesupport_fastrtps_cpp.hpp\n'}
[1.628305] (px4_msgs) StdoutLine: {'line': b'-- Up-to-date: /home/px4/ros2/ws/install/px4_msgs/include/px4_msgs/px4_msgs/msg/detail/ulog_stream_ack__rosidl_typesupport_fastrtps_cpp.hpp\n'}
[1.628350] (px4_msgs) StdoutLine: {'line': b'-- Up-to-date: /home/px4/ros2/ws/install/px4_msgs/include/px4_msgs/px4_msgs/msg/detail/rtl_status__rosidl_typesupport_fastrtps_cpp.hpp\n'}
[1.628396] (px4_msgs) StdoutLine: {'line': b'-- Up-to-date: /home/px4/ros2/ws/install/px4_msgs/include/px4_msgs/px4_msgs/msg/detail/manual_control_setpoint__rosidl_typesupport_fastrtps_cpp.hpp\n'}
[1.628442] (px4_msgs) StdoutLine: {'line': b'-- Up-to-date: /home/px4/ros2/ws/install/px4_msgs/include/px4_msgs/px4_msgs/msg/detail/goto_setpoint__rosidl_typesupport_fastrtps_cpp.hpp\n'}
[1.628488] (px4_msgs) StdoutLine: {'line': b'-- Up-to-date: /home/px4/ros2/ws/install/px4_msgs/include/px4_msgs/px4_msgs/msg/detail/sensor_correction__rosidl_typesupport_fastrtps_cpp.hpp\n'}
[1.628539] (px4_msgs) StdoutLine: {'line': b'-- Up-to-date: /home/px4/ros2/ws/install/px4_msgs/include/px4_msgs/px4_msgs/msg/detail/flight_phase_estimation__rosidl_typesupport_fastrtps_cpp.hpp\n'}
[1.628585] (px4_msgs) StdoutLine: {'line': b'-- Up-to-date: /home/px4/ros2/ws/install/px4_msgs/include/px4_msgs/px4_msgs/msg/detail/tecs_status__rosidl_typesupport_fastrtps_cpp.hpp\n'}
[1.628630] (px4_msgs) StdoutLine: {'line': b'-- Up-to-date: /home/px4/ros2/ws/install/px4_msgs/include/px4_msgs/px4_msgs/msg/detail/actuator_servos_trim__rosidl_typesupport_fastrtps_cpp.hpp\n'}
[1.628676] (px4_msgs) StdoutLine: {'line': b'-- Up-to-date: /home/px4/ros2/ws/install/px4_msgs/include/px4_msgs/px4_msgs/msg/detail/parameter_set_value_request__rosidl_typesupport_fastrtps_cpp.hpp\n'}
[1.628720] (px4_msgs) StdoutLine: {'line': b'-- Up-to-date: /home/px4/ros2/ws/install/px4_msgs/include/px4_msgs/px4_msgs/msg/detail/vehicle_command__rosidl_typesupport_fastrtps_cpp.hpp\n'}
[1.628771] (px4_msgs) StdoutLine: {'line': b'-- Up-to-date: /home/px4/ros2/ws/install/px4_msgs/include/px4_msgs/px4_msgs/msg/detail/estimator_aid_source1d__rosidl_typesupport_fastrtps_cpp.hpp\n'}
[1.628853] (px4_msgs) StdoutLine: {'line': b'-- Up-to-date: /home/px4/ros2/ws/install/px4_msgs/include/px4_msgs/px4_msgs/msg/detail/rover_velocity_setpoint__rosidl_typesupport_fastrtps_cpp.hpp\n'}
[1.628918] (px4_msgs) StdoutLine: {'line': b'-- Up-to-date: /home/px4/ros2/ws/install/px4_msgs/include/px4_msgs/px4_msgs/msg/detail/airspeed_wind__rosidl_typesupport_fastrtps_cpp.hpp\n'}
[1.628968] (px4_msgs) StdoutLine: {'line': b'-- Up-to-date: /home/px4/ros2/ws/install/px4_msgs/include/px4_msgs/px4_msgs/msg/detail/rc_channels__rosidl_typesupport_fastrtps_cpp.hpp\n'}
[1.629014] (px4_msgs) StdoutLine: {'line': b'-- Up-to-date: /home/px4/ros2/ws/install/px4_msgs/include/px4_msgs/px4_msgs/msg/detail/sensors_status_imu__rosidl_typesupport_fastrtps_cpp.hpp\n'}
[1.629067] (px4_msgs) StdoutLine: {'line': b'-- Up-to-date: /home/px4/ros2/ws/install/px4_msgs/include/px4_msgs/px4_msgs/msg/detail/gps_inject_data__rosidl_typesupport_fastrtps_cpp.hpp\n'}
[1.629114] (px4_msgs) StdoutLine: {'line': b'-- Up-to-date: /home/px4/ros2/ws/install/px4_msgs/include/px4_msgs/px4_msgs/msg/detail/iridiumsbd_status__rosidl_typesupport_fastrtps_cpp.hpp\n'}
[1.629160] (px4_msgs) StdoutLine: {'line': b'-- Up-to-date: /home/px4/ros2/ws/install/px4_msgs/include/px4_msgs/px4_msgs/msg/detail/vehicle_thrust_setpoint__rosidl_typesupport_fastrtps_cpp.hpp\n'}
[1.629206] (px4_msgs) StdoutLine: {'line': b'-- Up-to-date: /home/px4/ros2/ws/install/px4_msgs/include/px4_msgs/px4_msgs/msg/detail/sensor_optical_flow__rosidl_typesupport_fastrtps_cpp.hpp\n'}
[1.629252] (px4_msgs) StdoutLine: {'line': b'-- Up-to-date: /home/px4/ros2/ws/install/px4_msgs/include/px4_msgs/px4_msgs/msg/detail/failsafe_flags__rosidl_typesupport_fastrtps_cpp.hpp\n'}
[1.629298] (px4_msgs) StdoutLine: {'line': b'-- Up-to-date: /home/px4/ros2/ws/install/px4_msgs/include/px4_msgs/px4_msgs/msg/detail/vehicle_rates_setpoint__rosidl_typesupport_fastrtps_cpp.hpp\n'}
[1.629344] (px4_msgs) StdoutLine: {'line': b'-- Up-to-date: /home/px4/ros2/ws/install/px4_msgs/include/px4_msgs/px4_msgs/msg/detail/irlock_report__rosidl_typesupport_fastrtps_cpp.hpp\n'}
[1.629389] (px4_msgs) StdoutLine: {'line': b'-- Up-to-date: /home/px4/ros2/ws/install/px4_msgs/include/px4_msgs/px4_msgs/msg/detail/sensor_accel_fifo__rosidl_typesupport_fastrtps_cpp.hpp\n'}
[1.629434] (px4_msgs) StdoutLine: {'line': b'-- Up-to-date: /home/px4/ros2/ws/install/px4_msgs/include/px4_msgs/px4_msgs/msg/detail/geofence_status__rosidl_typesupport_fastrtps_cpp.hpp\n'}
[1.629491] (px4_msgs) StdoutLine: {'line': b'-- Up-to-date: /home/px4/ros2/ws/install/px4_msgs/include/px4_msgs/px4_msgs/msg/detail/input_rc__rosidl_typesupport_fastrtps_cpp.hpp\n'}
[1.629538] (px4_msgs) StdoutLine: {'line': b'-- Up-to-date: /home/px4/ros2/ws/install/px4_msgs/include/px4_msgs/px4_msgs/msg/detail/actuator_armed__rosidl_typesupport_fastrtps_cpp.hpp\n'}
[1.629588] (px4_msgs) StdoutLine: {'line': b'-- Up-to-date: /home/px4/ros2/ws/install/px4_msgs/include/px4_msgs/px4_msgs/msg/detail/vehicle_global_position__rosidl_typesupport_fastrtps_cpp.hpp\n'}
[1.629633] (px4_msgs) StdoutLine: {'line': b'-- Up-to-date: /home/px4/ros2/ws/install/px4_msgs/include/px4_msgs/px4_msgs/msg/detail/trajectory_setpoint__rosidl_typesupport_fastrtps_cpp.hpp\n'}
[1.629696] (px4_msgs) StdoutLine: {'line': b'-- Up-to-date: /home/px4/ros2/ws/install/px4_msgs/include/px4_msgs/px4_msgs/msg/detail/offboard_control_mode__rosidl_typesupport_fastrtps_cpp.hpp\n'}
[1.629742] (px4_msgs) StdoutLine: {'line': b'-- Up-to-date: /home/px4/ros2/ws/install/px4_msgs/include/px4_msgs/px4_msgs/msg/detail/debug_value__rosidl_typesupport_fastrtps_cpp.hpp\n'}
[1.629788] (px4_msgs) StdoutLine: {'line': b'-- Up-to-date: /home/px4/ros2/ws/install/px4_msgs/include/px4_msgs/px4_msgs/msg/detail/mission_result__rosidl_typesupport_fastrtps_cpp.hpp\n'}
[1.629834] (px4_msgs) StdoutLine: {'line': b'-- Up-to-date: /home/px4/ros2/ws/install/px4_msgs/include/px4_msgs/px4_msgs/msg/detail/event__rosidl_typesupport_fastrtps_cpp.hpp\n'}
[1.629893] (px4_msgs) StdoutLine: {'line': b'-- Up-to-date: /home/px4/ros2/ws/install/px4_msgs/include/px4_msgs/px4_msgs/msg/detail/vehicle_magnetometer__rosidl_typesupport_fastrtps_cpp.hpp\n'}
[1.629946] (px4_msgs) StdoutLine: {'line': b'-- Up-to-date: /home/px4/ros2/ws/install/px4_msgs/include/px4_msgs/px4_msgs/msg/detail/mavlink_log__rosidl_typesupport_fastrtps_cpp.hpp\n'}
[1.629992] (px4_msgs) StdoutLine: {'line': b'-- Up-to-date: /home/px4/ros2/ws/install/px4_msgs/include/px4_msgs/px4_msgs/msg/detail/estimator_aid_source2d__rosidl_typesupport_fastrtps_cpp.hpp\n'}
[1.630038] (px4_msgs) StdoutLine: {'line': b'-- Up-to-date: /home/px4/ros2/ws/install/px4_msgs/include/px4_msgs/px4_msgs/msg/detail/rpm__rosidl_typesupport_fastrtps_cpp.hpp\n'}
[1.630084] (px4_msgs) StdoutLine: {'line': b'-- Up-to-date: /home/px4/ros2/ws/install/px4_msgs/include/px4_msgs/px4_msgs/msg/detail/vehicle_angular_acceleration_setpoint__rosidl_typesupport_fastrtps_cpp.hpp\n'}
[1.630130] (px4_msgs) StdoutLine: {'line': b'-- Up-to-date: /home/px4/ros2/ws/install/px4_msgs/include/px4_msgs/px4_msgs/msg/detail/mode_completed__rosidl_typesupport_fastrtps_cpp.hpp\n'}
[1.630176] (px4_msgs) StdoutLine: {'line': b'-- Up-to-date: /home/px4/ros2/ws/install/px4_msgs/include/px4_msgs/px4_msgs/msg/detail/open_drone_id_arm_status__rosidl_typesupport_fastrtps_cpp.hpp\n'}
[1.630221] (px4_msgs) StdoutLine: {'line': b'-- Up-to-date: /home/px4/ros2/ws/install/px4_msgs/include/px4_msgs/px4_msgs/msg/detail/landing_target_innovations__rosidl_typesupport_fastrtps_cpp.hpp\n'}
[1.630267] (px4_msgs) StdoutLine: {'line': b'-- Up-to-date: /home/px4/ros2/ws/install/px4_msgs/include/px4_msgs/px4_msgs/msg/detail/navigator_mission_item__rosidl_typesupport_fastrtps_cpp.hpp\n'}
[1.630335] (px4_msgs) StdoutLine: {'line': b'-- Up-to-date: /home/px4/ros2/ws/install/px4_msgs/include/px4_msgs/px4_msgs/msg/detail/cellular_status__rosidl_typesupport_fastrtps_cpp.hpp\n'}
[1.630389] (px4_msgs) StdoutLine: {'line': b'-- Up-to-date: /home/px4/ros2/ws/install/px4_msgs/include/px4_msgs/px4_msgs/msg/detail/magnetometer_bias_estimate__rosidl_typesupport_fastrtps_cpp.hpp\n'}
[1.630436] (px4_msgs) StdoutLine: {'line': b'-- Up-to-date: /home/px4/ros2/ws/install/px4_msgs/include/px4_msgs/px4_msgs/msg/detail/fixed_wing_lateral_guidance_status__rosidl_typesupport_fastrtps_cpp.hpp\n'}
[1.630482] (px4_msgs) StdoutLine: {'line': b'-- Up-to-date: /home/px4/ros2/ws/install/px4_msgs/include/px4_msgs/px4_msgs/msg/detail/estimator_selector_status__rosidl_typesupport_fastrtps_cpp.hpp\n'}
[1.630528] (px4_msgs) StdoutLine: {'line': b'-- Up-to-date: /home/px4/ros2/ws/install/px4_msgs/include/px4_msgs/px4_msgs/msg/detail/position_setpoint_triplet__rosidl_typesupport_fastrtps_cpp.hpp\n'}
[1.630573] (px4_msgs) StdoutLine: {'line': b'-- Up-to-date: /home/px4/ros2/ws/install/px4_msgs/include/px4_msgs/px4_msgs/msg/detail/generator_status__rosidl_typesupport_fastrtps_cpp.hpp\n'}
[1.630626] (px4_msgs) StdoutLine: {'line': b'-- Up-to-date: /home/px4/ros2/ws/install/px4_msgs/include/px4_msgs/px4_msgs/msg/detail/actuator_motors__rosidl_typesupport_fastrtps_cpp.hpp\n'}
[1.630685] (px4_msgs) StdoutLine: {'line': b'-- Up-to-date: /home/px4/ros2/ws/install/px4_msgs/include/px4_msgs/px4_msgs/msg/detail/estimator_event_flags__rosidl_typesupport_fastrtps_cpp.hpp\n'}
[1.630750] (px4_msgs) StdoutLine: {'line': b'-- Up-to-date: /home/px4/ros2/ws/install/px4_msgs/include/px4_msgs/px4_msgs/msg/detail/uavcan_parameter_value__rosidl_typesupport_fastrtps_cpp.hpp\n'}
[1.630798] (px4_msgs) StdoutLine: {'line': b'-- Up-to-date: /home/px4/ros2/ws/install/px4_msgs/include/px4_msgs/px4_msgs/msg/detail/open_drone_id_self_id__rosidl_typesupport_fastrtps_cpp.hpp\n'}
[1.630844] (px4_msgs) StdoutLine: {'line': b'-- Up-to-date: /home/px4/ros2/ws/install/px4_msgs/include/px4_msgs/px4_msgs/msg/detail/dronecan_node_status__rosidl_typesupport_fastrtps_cpp.hpp\n'}
[1.630920] (px4_msgs) StdoutLine: {'line': b'-- Up-to-date: /home/px4/ros2/ws/install/px4_msgs/include/px4_msgs/px4_msgs/msg/detail/actuator_outputs__rosidl_typesupport_fastrtps_cpp.hpp\n'}
[1.630971] (px4_msgs) StdoutLine: {'line': b'-- Up-to-date: /home/px4/ros2/ws/install/px4_msgs/include/px4_msgs/px4_msgs/msg/detail/estimator_bias3d__rosidl_typesupport_fastrtps_cpp.hpp\n'}
[1.631041] (px4_msgs) StdoutLine: {'line': b'-- Up-to-date: /home/px4/ros2/ws/install/px4_msgs/include/px4_msgs/px4_msgs/msg/detail/lateral_control_configuration__rosidl_typesupport_fastrtps_cpp.hpp\n'}
[1.631109] (px4_msgs) StdoutLine: {'line': b'-- Up-to-date: /home/px4/ros2/ws/install/px4_msgs/include/px4_msgs/px4_msgs/msg/detail/geofence_result__rosidl_typesupport_fastrtps_cpp.hpp\n'}
[1.631158] (px4_msgs) StdoutLine: {'line': b'-- Up-to-date: /home/px4/ros2/ws/install/px4_msgs/include/px4_msgs/px4_msgs/msg/detail/figure_eight_status__rosidl_typesupport_fastrtps_cpp.hpp\n'}
[1.631205] (px4_msgs) StdoutLine: {'line': b'-- Up-to-date: /home/px4/ros2/ws/install/px4_msgs/include/px4_msgs/px4_msgs/msg/detail/gimbal_device_information__rosidl_typesupport_fastrtps_cpp.hpp\n'}
[1.631266] (px4_msgs) StdoutLine: {'line': b'-- Up-to-date: /home/px4/ros2/ws/install/px4_msgs/include/px4_msgs/px4_msgs/msg/detail/actuator_servos__rosidl_typesupport_fastrtps_cpp.hpp\n'}
[1.631313] (px4_msgs) StdoutLine: {'line': b'-- Up-to-date: /home/px4/ros2/ws/install/px4_msgs/include/px4_msgs/px4_msgs/msg/detail/debug_key_value__rosidl_typesupport_fastrtps_cpp.hpp\n'}
[1.631358] (px4_msgs) StdoutLine: {'line': b'-- Up-to-date: /home/px4/ros2/ws/install/px4_msgs/include/px4_msgs/px4_msgs/msg/detail/estimator_status__rosidl_typesupport_fastrtps_cpp.hpp\n'}
[1.631418] (px4_msgs) StdoutLine: {'line': b'-- Up-to-date: /home/px4/ros2/ws/install/px4_msgs/include/px4_msgs/px4_msgs/msg/detail/sensor_gnss_relative__rosidl_typesupport_fastrtps_cpp.hpp\n'}
[1.631465] (px4_msgs) StdoutLine: {'line': b'-- Up-to-date: /home/px4/ros2/ws/install/px4_msgs/include/px4_msgs/px4_msgs/msg/detail/sensor_gps__rosidl_typesupport_fastrtps_cpp.hpp\n'}
[1.631508] (px4_msgs) StdoutLine: {'line': b'-- Up-to-date: /home/px4/ros2/ws/install/px4_msgs/include/px4_msgs/px4_msgs/msg/detail/orbit_status__rosidl_typesupport_fastrtps_cpp.hpp\n'}
[1.631554] (px4_msgs) StdoutLine: {'line': b'-- Up-to-date: /home/px4/ros2/ws/install/px4_msgs/include/px4_msgs/px4_msgs/msg/detail/ekf2_timestamps__rosidl_typesupport_fastrtps_cpp.hpp\n'}
[1.631599] (px4_msgs) StdoutLine: {'line': b'-- Up-to-date: /home/px4/ros2/ws/install/px4_msgs/include/px4_msgs/px4_msgs/msg/detail/sensor_preflight_mag__rosidl_typesupport_fastrtps_cpp.hpp\n'}
[1.631644] (px4_msgs) StdoutLine: {'line': b'-- Up-to-date: /home/px4/ros2/ws/install/px4_msgs/include/px4_msgs/px4_msgs/msg/detail/rover_velocity_status__rosidl_typesupport_fastrtps_cpp.hpp\n'}
[1.631689] (px4_msgs) StdoutLine: {'line': b'-- Up-to-date: /home/px4/ros2/ws/install/px4_msgs/include/px4_msgs/px4_msgs/msg/detail/airspeed_validated__rosidl_typesupport_fastrtps_cpp.hpp\n'}
[1.631747] (px4_msgs) StdoutLine: {'line': b'-- Up-to-date: /home/px4/ros2/ws/install/px4_msgs/include/px4_msgs/px4_msgs/msg/detail/rc_parameter_map__rosidl_typesupport_fastrtps_cpp.hpp\n'}
[1.631794] (px4_msgs) StdoutLine: {'line': b'-- Up-to-date: /home/px4/ros2/ws/install/px4_msgs/include/px4_msgs/px4_msgs/msg/detail/estimator_gps_status__rosidl_typesupport_fastrtps_cpp.hpp\n'}
[1.631839] (px4_msgs) StdoutLine: {'line': b'-- Up-to-date: /home/px4/ros2/ws/install/px4_msgs/include/px4_msgs/px4_msgs/msg/detail/gpio_request__rosidl_typesupport_fastrtps_cpp.hpp\n'}
[1.631898] (px4_msgs) StdoutLine: {'line': b'-- Up-to-date: /home/px4/ros2/ws/install/px4_msgs/include/px4_msgs/px4_msgs/msg/detail/open_drone_id_operator_id__rosidl_typesupport_fastrtps_cpp.hpp\n'}
[1.631950] (px4_msgs) StdoutLine: {'line': b'-- Up-to-date: /home/px4/ros2/ws/install/px4_msgs/include/px4_msgs/px4_msgs/msg/detail/vehicle_constraints__rosidl_typesupport_fastrtps_cpp.hpp\n'}
[1.631996] (px4_msgs) StdoutLine: {'line': b'-- Up-to-date: /home/px4/ros2/ws/install/px4_msgs/include/px4_msgs/px4_msgs/msg/rosidl_typesupport_fastrtps_cpp__visibility_control.h\n'}
[1.632042] (px4_msgs) StdoutLine: {'line': b'-- Up-to-date: /home/px4/ros2/ws/install/px4_msgs/include/px4_msgs/px4_msgs/srv\n'}
[1.632089] (px4_msgs) StdoutLine: {'line': b'-- Up-to-date: /home/px4/ros2/ws/install/px4_msgs/include/px4_msgs/px4_msgs/srv/detail\n'}
[1.632134] (px4_msgs) StdoutLine: {'line': b'-- Up-to-date: /home/px4/ros2/ws/install/px4_msgs/include/px4_msgs/px4_msgs/srv/detail/dds_fastrtps\n'}
[1.632198] (px4_msgs) StdoutLine: {'line': b'-- Up-to-date: /home/px4/ros2/ws/install/px4_msgs/include/px4_msgs/px4_msgs/srv/detail/vehicle_command__rosidl_typesupport_fastrtps_cpp.hpp\n'}
[1.632246] (px4_msgs) StdoutLine: {'line': b'-- Up-to-date: /home/px4/ros2/ws/install/px4_msgs/lib/libpx4_msgs__rosidl_typesupport_fastrtps_cpp.so\n'}
[1.632291] (px4_msgs) StdoutLine: {'line': b'-- Up-to-date: /home/px4/ros2/ws/install/px4_msgs/include/px4_msgs/px4_msgs\n'}
[1.632337] (px4_msgs) StdoutLine: {'line': b'-- Up-to-date: /home/px4/ros2/ws/install/px4_msgs/include/px4_msgs/px4_msgs/msg\n'}
[1.632382] (px4_msgs) StdoutLine: {'line': b'-- Up-to-date: /home/px4/ros2/ws/install/px4_msgs/include/px4_msgs/px4_msgs/msg/detail\n'}
[1.632424] (px4_msgs) StdoutLine: {'line': b'-- Up-to-date: /home/px4/ros2/ws/install/px4_msgs/include/px4_msgs/px4_msgs/msg/detail/follow_target_status__type_support.c\n'}
[1.632484] (px4_msgs) StdoutLine: {'line': b'-- Up-to-date: /home/px4/ros2/ws/install/px4_msgs/include/px4_msgs/px4_msgs/msg/detail/sensor_gnss_relative__rosidl_typesupport_introspection_c.h\n'}
[1.632543] (px4_msgs) StdoutLine: {'line': b'-- Up-to-date: /home/px4/ros2/ws/install/px4_msgs/include/px4_msgs/px4_msgs/msg/detail/sensor_accel_fifo__rosidl_typesupport_introspection_c.h\n'}
[1.632590] (px4_msgs) StdoutLine: {'line': b'-- Up-to-date: /home/px4/ros2/ws/install/px4_msgs/include/px4_msgs/px4_msgs/msg/detail/gimbal_device_attitude_status__rosidl_typesupport_introspection_c.h\n'}
[1.632636] (px4_msgs) StdoutLine: {'line': b'-- Up-to-date: /home/px4/ros2/ws/install/px4_msgs/include/px4_msgs/px4_msgs/msg/detail/sensor_optical_flow__type_support.c\n'}
[1.632682] (px4_msgs) StdoutLine: {'line': b'-- Up-to-date: /home/px4/ros2/ws/install/px4_msgs/include/px4_msgs/px4_msgs/msg/detail/yaw_estimator_status__rosidl_typesupport_introspection_c.h\n'}
[1.632733] (px4_msgs) StdoutLine: {'line': b'-- Up-to-date: /home/px4/ros2/ws/install/px4_msgs/include/px4_msgs/px4_msgs/msg/detail/rover_steering_setpoint__type_support.c\n'}
[1.632801] (px4_msgs) StdoutLine: {'line': b'-- Up-to-date: /home/px4/ros2/ws/install/px4_msgs/include/px4_msgs/px4_msgs/msg/detail/parameter_set_value_response__rosidl_typesupport_introspection_c.h\n'}
[1.632848] (px4_msgs) StdoutLine: {'line': b'-- Up-to-date: /home/px4/ros2/ws/install/px4_msgs/include/px4_msgs/px4_msgs/msg/detail/gpio_in__rosidl_typesupport_introspection_c.h\n'}
[1.632911] (px4_msgs) StdoutLine: {'line': b'-- Up-to-date: /home/px4/ros2/ws/install/px4_msgs/include/px4_msgs/px4_msgs/msg/detail/dataman_request__type_support.c\n'}
[1.632966] (px4_msgs) StdoutLine: {'line': b'-- Up-to-date: /home/px4/ros2/ws/install/px4_msgs/include/px4_msgs/px4_msgs/msg/detail/sensor_gps__rosidl_typesupport_introspection_c.h\n'}
[1.633013] (px4_msgs) StdoutLine: {'line': b'-- Up-to-date: /home/px4/ros2/ws/install/px4_msgs/include/px4_msgs/px4_msgs/msg/detail/vehicle_optical_flow_vel__type_support.c\n'}
[1.633058] (px4_msgs) StdoutLine: {'line': b'-- Up-to-date: /home/px4/ros2/ws/install/px4_msgs/include/px4_msgs/px4_msgs/msg/detail/rover_steering_setpoint__rosidl_typesupport_introspection_c.h\n'}
[1.633104] (px4_msgs) StdoutLine: {'line': b'-- Up-to-date: /home/px4/ros2/ws/install/px4_msgs/include/px4_msgs/px4_msgs/msg/detail/arming_check_reply__rosidl_typesupport_introspection_c.h\n'}
[1.633150] (px4_msgs) StdoutLine: {'line': b'-- Up-to-date: /home/px4/ros2/ws/install/px4_msgs/include/px4_msgs/px4_msgs/msg/detail/geofence_status__type_support.c\n'}
[1.633197] (px4_msgs) StdoutLine: {'line': b'-- Up-to-date: /home/px4/ros2/ws/install/px4_msgs/include/px4_msgs/px4_msgs/msg/detail/input_rc__type_support.c\n'}
[1.633242] (px4_msgs) StdoutLine: {'line': b'-- Up-to-date: /home/px4/ros2/ws/install/px4_msgs/include/px4_msgs/px4_msgs/msg/detail/sensor_baro__type_support.c\n'}
[1.633293] (px4_msgs) StdoutLine: {'line': b'-- Up-to-date: /home/px4/ros2/ws/install/px4_msgs/include/px4_msgs/px4_msgs/msg/detail/longitudinal_control_configuration__rosidl_typesupport_introspection_c.h\n'}
[1.633359] (px4_msgs) StdoutLine: {'line': b'-- Up-to-date: /home/px4/ros2/ws/install/px4_msgs/include/px4_msgs/px4_msgs/msg/detail/sensor_correction__rosidl_typesupport_introspection_c.h\n'}
[1.633407] (px4_msgs) StdoutLine: {'line': b'-- Up-to-date: /home/px4/ros2/ws/install/px4_msgs/include/px4_msgs/px4_msgs/msg/detail/can_interface_status__rosidl_typesupport_introspection_c.h\n'}
[1.633452] (px4_msgs) StdoutLine: {'line': b'-- Up-to-date: /home/px4/ros2/ws/install/px4_msgs/include/px4_msgs/px4_msgs/msg/detail/config_overrides__rosidl_typesupport_introspection_c.h\n'}
[1.633498] (px4_msgs) StdoutLine: {'line': b'-- Up-to-date: /home/px4/ros2/ws/install/px4_msgs/include/px4_msgs/px4_msgs/msg/detail/vehicle_angular_velocity__rosidl_typesupport_introspection_c.h\n'}
[1.633543] (px4_msgs) StdoutLine: {'line': b'-- Up-to-date: /home/px4/ros2/ws/install/px4_msgs/include/px4_msgs/px4_msgs/msg/detail/pure_pursuit_status__type_support.c\n'}
[1.633600] (px4_msgs) StdoutLine: {'line': b'-- Up-to-date: /home/px4/ros2/ws/install/px4_msgs/include/px4_msgs/px4_msgs/msg/detail/gimbal_manager_information__type_support.c\n'}
[1.633647] (px4_msgs) StdoutLine: {'line': b'-- Up-to-date: /home/px4/ros2/ws/install/px4_msgs/include/px4_msgs/px4_msgs/msg/detail/sensor_gyro_fifo__rosidl_typesupport_introspection_c.h\n'}
[1.633693] (px4_msgs) StdoutLine: {'line': b'-- Up-to-date: /home/px4/ros2/ws/install/px4_msgs/include/px4_msgs/px4_msgs/msg/detail/position_controller_landing_status__type_support.c\n'}
[1.633738] (px4_msgs) StdoutLine: {'line': b'-- Up-to-date: /home/px4/ros2/ws/install/px4_msgs/include/px4_msgs/px4_msgs/msg/detail/internal_combustion_engine_status__type_support.c\n'}
[1.633783] (px4_msgs) StdoutLine: {'line': b'-- Up-to-date: /home/px4/ros2/ws/install/px4_msgs/include/px4_msgs/px4_msgs/msg/detail/rover_attitude_status__rosidl_typesupport_introspection_c.h\n'}
[1.633828] (px4_msgs) StdoutLine: {'line': b'-- Up-to-date: /home/px4/ros2/ws/install/px4_msgs/include/px4_msgs/px4_msgs/msg/detail/uavcan_parameter_value__type_support.c\n'}
[1.633892] (px4_msgs) StdoutLine: {'line': b'-- Up-to-date: /home/px4/ros2/ws/install/px4_msgs/include/px4_msgs/px4_msgs/msg/detail/vehicle_thrust_setpoint__type_support.c\n'}
[1.633964] (px4_msgs) StdoutLine: {'line': b'-- Up-to-date: /home/px4/ros2/ws/install/px4_msgs/include/px4_msgs/px4_msgs/msg/detail/distance_sensor__type_support.c\n'}
[1.634011] (px4_msgs) StdoutLine: {'line': b'-- Up-to-date: /home/px4/ros2/ws/install/px4_msgs/include/px4_msgs/px4_msgs/msg/detail/open_drone_id_operator_id__rosidl_typesupport_introspection_c.h\n'}
[1.634073] (px4_msgs) StdoutLine: {'line': b'-- Up-to-date: /home/px4/ros2/ws/install/px4_msgs/include/px4_msgs/px4_msgs/msg/detail/system_power__type_support.c\n'}
[1.634120] (px4_msgs) StdoutLine: {'line': b'-- Up-to-date: /home/px4/ros2/ws/install/px4_msgs/include/px4_msgs/px4_msgs/msg/detail/vehicle_local_position_setpoint__rosidl_typesupport_introspection_c.h\n'}
[1.634166] (px4_msgs) StdoutLine: {'line': b'-- Up-to-date: /home/px4/ros2/ws/install/px4_msgs/include/px4_msgs/px4_msgs/msg/detail/open_drone_id_self_id__rosidl_typesupport_introspection_c.h\n'}
[1.634212] (px4_msgs) StdoutLine: {'line': b'-- Up-to-date: /home/px4/ros2/ws/install/px4_msgs/include/px4_msgs/px4_msgs/msg/detail/rover_throttle_setpoint__type_support.c\n'}
[1.634258] (px4_msgs) StdoutLine: {'line': b'-- Up-to-date: /home/px4/ros2/ws/install/px4_msgs/include/px4_msgs/px4_msgs/msg/detail/landing_target_innovations__type_support.c\n'}
[1.634302] (px4_msgs) StdoutLine: {'line': b'-- Up-to-date: /home/px4/ros2/ws/install/px4_msgs/include/px4_msgs/px4_msgs/msg/detail/vehicle_odometry__rosidl_typesupport_introspection_c.h\n'}
[1.634348] (px4_msgs) StdoutLine: {'line': b'-- Up-to-date: /home/px4/ros2/ws/install/px4_msgs/include/px4_msgs/px4_msgs/msg/detail/radio_status__rosidl_typesupport_introspection_c.h\n'}
[1.634393] (px4_msgs) StdoutLine: {'line': b'-- Up-to-date: /home/px4/ros2/ws/install/px4_msgs/include/px4_msgs/px4_msgs/msg/detail/rover_throttle_setpoint__rosidl_typesupport_introspection_c.h\n'}
[1.634452] (px4_msgs) StdoutLine: {'line': b'-- Up-to-date: /home/px4/ros2/ws/install/px4_msgs/include/px4_msgs/px4_msgs/msg/detail/mount_orientation__rosidl_typesupport_introspection_c.h\n'}
[1.634499] (px4_msgs) StdoutLine: {'line': b'-- Up-to-date: /home/px4/ros2/ws/install/px4_msgs/include/px4_msgs/px4_msgs/msg/detail/register_ext_component_request__rosidl_typesupport_introspection_c.h\n'}
[1.634544] (px4_msgs) StdoutLine: {'line': b'-- Up-to-date: /home/px4/ros2/ws/install/px4_msgs/include/px4_msgs/px4_msgs/msg/detail/flight_phase_estimation__rosidl_typesupport_introspection_c.h\n'}
[1.634589] (px4_msgs) StdoutLine: {'line': b'-- Up-to-date: /home/px4/ros2/ws/install/px4_msgs/include/px4_msgs/px4_msgs/msg/detail/gps_inject_data__type_support.c\n'}
[1.634634] (px4_msgs) StdoutLine: {'line': b'-- Up-to-date: /home/px4/ros2/ws/install/px4_msgs/include/px4_msgs/px4_msgs/msg/detail/distance_sensor_mode_change_request__rosidl_typesupport_introspection_c.h\n'}
[1.634686] (px4_msgs) StdoutLine: {'line': b'-- Up-to-date: /home/px4/ros2/ws/install/px4_msgs/include/px4_msgs/px4_msgs/msg/detail/vehicle_torque_setpoint__rosidl_typesupport_introspection_c.h\n'}
[1.634754] (px4_msgs) StdoutLine: {'line': b'-- Up-to-date: /home/px4/ros2/ws/install/px4_msgs/include/px4_msgs/px4_msgs/msg/detail/landing_target_innovations__rosidl_typesupport_introspection_c.h\n'}
[1.634799] (px4_msgs) StdoutLine: {'line': b'-- Up-to-date: /home/px4/ros2/ws/install/px4_msgs/include/px4_msgs/px4_msgs/msg/detail/esc_status__rosidl_typesupport_introspection_c.h\n'}
[1.634846] (px4_msgs) StdoutLine: {'line': b'-- Up-to-date: /home/px4/ros2/ws/install/px4_msgs/include/px4_msgs/px4_msgs/msg/detail/power_button_state__rosidl_typesupport_introspection_c.h\n'}
[1.634909] (px4_msgs) StdoutLine: {'line': b'-- Up-to-date: /home/px4/ros2/ws/install/px4_msgs/include/px4_msgs/px4_msgs/msg/detail/camera_trigger__type_support.c\n'}
[1.634960] (px4_msgs) StdoutLine: {'line': b'-- Up-to-date: /home/px4/ros2/ws/install/px4_msgs/include/px4_msgs/px4_msgs/msg/detail/generator_status__type_support.c\n'}
[1.635003] (px4_msgs) StdoutLine: {'line': b'-- Up-to-date: /home/px4/ros2/ws/install/px4_msgs/include/px4_msgs/px4_msgs/msg/detail/vehicle_control_mode__type_support.c\n'}
[1.635052] (px4_msgs) StdoutLine: {'line': b'-- Up-to-date: /home/px4/ros2/ws/install/px4_msgs/include/px4_msgs/px4_msgs/msg/detail/esc_report__type_support.c\n'}
[1.635099] (px4_msgs) StdoutLine: {'line': b'-- Up-to-date: /home/px4/ros2/ws/install/px4_msgs/include/px4_msgs/px4_msgs/msg/detail/camera_trigger__rosidl_typesupport_introspection_c.h\n'}
[1.635176] (px4_msgs) StdoutLine: {'line': b'-- Up-to-date: /home/px4/ros2/ws/install/px4_msgs/include/px4_msgs/px4_msgs/msg/detail/sensors_status_imu__type_support.c\n'}
[1.635225] (px4_msgs) StdoutLine: {'line': b'-- Up-to-date: /home/px4/ros2/ws/install/px4_msgs/include/px4_msgs/px4_msgs/msg/detail/vehicle_command_ack__rosidl_typesupport_introspection_c.h\n'}
[1.635272] (px4_msgs) StdoutLine: {'line': b'-- Up-to-date: /home/px4/ros2/ws/install/px4_msgs/include/px4_msgs/px4_msgs/msg/detail/rtl_time_estimate__type_support.c\n'}
[1.635318] (px4_msgs) StdoutLine: {'line': b'-- Up-to-date: /home/px4/ros2/ws/install/px4_msgs/include/px4_msgs/px4_msgs/msg/detail/satellite_info__type_support.c\n'}
[1.635365] (px4_msgs) StdoutLine: {'line': b'-- Up-to-date: /home/px4/ros2/ws/install/px4_msgs/include/px4_msgs/px4_msgs/msg/detail/gimbal_manager_set_attitude__type_support.c\n'}
[1.635409] (px4_msgs) StdoutLine: {'line': b'-- Up-to-date: /home/px4/ros2/ws/install/px4_msgs/include/px4_msgs/px4_msgs/msg/detail/vehicle_rates_setpoint__rosidl_typesupport_introspection_c.h\n'}
[1.635469] (px4_msgs) StdoutLine: {'line': b'-- Up-to-date: /home/px4/ros2/ws/install/px4_msgs/include/px4_msgs/px4_msgs/msg/detail/sensor_mag__type_support.c\n'}
[1.635518] (px4_msgs) StdoutLine: {'line': b'-- Up-to-date: /home/px4/ros2/ws/install/px4_msgs/include/px4_msgs/px4_msgs/msg/detail/actuator_controls_status__rosidl_typesupport_introspection_c.h\n'}
[1.635576] (px4_msgs) StdoutLine: {'line': b'-- Up-to-date: /home/px4/ros2/ws/install/px4_msgs/include/px4_msgs/px4_msgs/msg/detail/rover_attitude_setpoint__type_support.c\n'}
[1.635623] (px4_msgs) StdoutLine: {'line': b'-- Up-to-date: /home/px4/ros2/ws/install/px4_msgs/include/px4_msgs/px4_msgs/msg/detail/log_message__rosidl_typesupport_introspection_c.h\n'}
[1.635669] (px4_msgs) StdoutLine: {'line': b'-- Up-to-date: /home/px4/ros2/ws/install/px4_msgs/include/px4_msgs/px4_msgs/msg/detail/rtl_time_estimate__rosidl_typesupport_introspection_c.h\n'}
[1.635715] (px4_msgs) StdoutLine: {'line': b'-- Up-to-date: /home/px4/ros2/ws/install/px4_msgs/include/px4_msgs/px4_msgs/msg/detail/parameter_set_value_request__type_support.c\n'}
[1.635767] (px4_msgs) StdoutLine: {'line': b'-- Up-to-date: /home/px4/ros2/ws/install/px4_msgs/include/px4_msgs/px4_msgs/msg/detail/vehicle_status__rosidl_typesupport_introspection_c.h\n'}
[1.635829] (px4_msgs) StdoutLine: {'line': b'-- Up-to-date: /home/px4/ros2/ws/install/px4_msgs/include/px4_msgs/px4_msgs/msg/detail/internal_combustion_engine_control__type_support.c\n'}
[1.635888] (px4_msgs) StdoutLine: {'line': b'-- Up-to-date: /home/px4/ros2/ws/install/px4_msgs/include/px4_msgs/px4_msgs/msg/detail/normalized_unsigned_setpoint__rosidl_typesupport_introspection_c.h\n'}
[1.635941] (px4_msgs) StdoutLine: {'line': b'-- Up-to-date: /home/px4/ros2/ws/install/px4_msgs/include/px4_msgs/px4_msgs/msg/detail/pps_capture__rosidl_typesupport_introspection_c.h\n'}
[1.635989] (px4_msgs) StdoutLine: {'line': b'-- Up-to-date: /home/px4/ros2/ws/install/px4_msgs/include/px4_msgs/px4_msgs/msg/detail/ping__type_support.c\n'}
[1.636049] (px4_msgs) StdoutLine: {'line': b'-- Up-to-date: /home/px4/ros2/ws/install/px4_msgs/include/px4_msgs/px4_msgs/msg/detail/sensor_airflow__type_support.c\n'}
[1.636095] (px4_msgs) StdoutLine: {'line': b'-- Up-to-date: /home/px4/ros2/ws/install/px4_msgs/include/px4_msgs/px4_msgs/msg/detail/estimator_states__rosidl_typesupport_introspection_c.h\n'}
[1.636148] (px4_msgs) StdoutLine: {'line': b'-- Up-to-date: /home/px4/ros2/ws/install/px4_msgs/include/px4_msgs/px4_msgs/msg/detail/vehicle_land_detected__type_support.c\n'}
[1.636194] (px4_msgs) StdoutLine: {'line': b'-- Up-to-date: /home/px4/ros2/ws/install/px4_msgs/include/px4_msgs/px4_msgs/msg/detail/follow_target_estimator__rosidl_typesupport_introspection_c.h\n'}
[1.636238] (px4_msgs) StdoutLine: {'line': b'-- Up-to-date: /home/px4/ros2/ws/install/px4_msgs/include/px4_msgs/px4_msgs/msg/detail/debug_key_value__rosidl_typesupport_introspection_c.h\n'}
[1.636284] (px4_msgs) StdoutLine: {'line': b'-- Up-to-date: /home/px4/ros2/ws/install/px4_msgs/include/px4_msgs/px4_msgs/msg/detail/sensor_gps__type_support.c\n'}
[1.636335] (px4_msgs) StdoutLine: {'line': b'-- Up-to-date: /home/px4/ros2/ws/install/px4_msgs/include/px4_msgs/px4_msgs/msg/detail/figure_eight_status__type_support.c\n'}
[1.636399] (px4_msgs) StdoutLine: {'line': b'-- Up-to-date: /home/px4/ros2/ws/install/px4_msgs/include/px4_msgs/px4_msgs/msg/detail/velocity_limits__type_support.c\n'}
[1.636446] (px4_msgs) StdoutLine: {'line': b'-- Up-to-date: /home/px4/ros2/ws/install/px4_msgs/include/px4_msgs/px4_msgs/msg/detail/vehicle_command_ack__type_support.c\n'}
[1.636491] (px4_msgs) StdoutLine: {'line': b'-- Up-to-date: /home/px4/ros2/ws/install/px4_msgs/include/px4_msgs/px4_msgs/msg/detail/rtl_status__rosidl_typesupport_introspection_c.h\n'}
[1.636537] (px4_msgs) StdoutLine: {'line': b'-- Up-to-date: /home/px4/ros2/ws/install/px4_msgs/include/px4_msgs/px4_msgs/msg/detail/system_power__rosidl_typesupport_introspection_c.h\n'}
[1.636581] (px4_msgs) StdoutLine: {'line': b'-- Up-to-date: /home/px4/ros2/ws/install/px4_msgs/include/px4_msgs/px4_msgs/msg/detail/estimator_states__type_support.c\n'}
[1.636639] (px4_msgs) StdoutLine: {'line': b'-- Up-to-date: /home/px4/ros2/ws/install/px4_msgs/include/px4_msgs/px4_msgs/msg/detail/vehicle_attitude__type_support.c\n'}
[1.636686] (px4_msgs) StdoutLine: {'line': b'-- Up-to-date: /home/px4/ros2/ws/install/px4_msgs/include/px4_msgs/px4_msgs/msg/detail/airspeed_wind__type_support.c\n'}
[1.636732] (px4_msgs) StdoutLine: {'line': b'-- Up-to-date: /home/px4/ros2/ws/install/px4_msgs/include/px4_msgs/px4_msgs/msg/detail/actuator_servos__rosidl_typesupport_introspection_c.h\n'}
[1.636777] (px4_msgs) StdoutLine: {'line': b'-- Up-to-date: /home/px4/ros2/ws/install/px4_msgs/include/px4_msgs/px4_msgs/msg/detail/sensors_status__rosidl_typesupport_introspection_c.h\n'}
[1.636823] (px4_msgs) StdoutLine: {'line': b'-- Up-to-date: /home/px4/ros2/ws/install/px4_msgs/include/px4_msgs/px4_msgs/msg/detail/gimbal_device_information__type_support.c\n'}
[1.636878] (px4_msgs) StdoutLine: {'line': b'-- Up-to-date: /home/px4/ros2/ws/install/px4_msgs/include/px4_msgs/px4_msgs/msg/detail/open_drone_id_system__rosidl_typesupport_introspection_c.h\n'}
[1.636934] (px4_msgs) StdoutLine: {'line': b'-- Up-to-date: /home/px4/ros2/ws/install/px4_msgs/include/px4_msgs/px4_msgs/msg/detail/navigator_mission_item__rosidl_typesupport_introspection_c.h\n'}
[1.636997] (px4_msgs) StdoutLine: {'line': b'-- Up-to-date: /home/px4/ros2/ws/install/px4_msgs/include/px4_msgs/px4_msgs/msg/detail/debug_vect__rosidl_typesupport_introspection_c.h\n'}
[1.637044] (px4_msgs) StdoutLine: {'line': b'-- Up-to-date: /home/px4/ros2/ws/install/px4_msgs/include/px4_msgs/px4_msgs/msg/detail/power_monitor__rosidl_typesupport_introspection_c.h\n'}
[1.637092] (px4_msgs) StdoutLine: {'line': b'-- Up-to-date: /home/px4/ros2/ws/install/px4_msgs/include/px4_msgs/px4_msgs/msg/detail/satellite_info__rosidl_typesupport_introspection_c.h\n'}
[1.637149] (px4_msgs) StdoutLine: {'line': b'-- Up-to-date: /home/px4/ros2/ws/install/px4_msgs/include/px4_msgs/px4_msgs/msg/detail/follow_target_estimator__type_support.c\n'}
[1.637196] (px4_msgs) StdoutLine: {'line': b'-- Up-to-date: /home/px4/ros2/ws/install/px4_msgs/include/px4_msgs/px4_msgs/msg/detail/mavlink_log__type_support.c\n'}
[1.637241] (px4_msgs) StdoutLine: {'line': b'-- Up-to-date: /home/px4/ros2/ws/install/px4_msgs/include/px4_msgs/px4_msgs/msg/detail/vehicle_acceleration__type_support.c\n'}
[1.637286] (px4_msgs) StdoutLine: {'line': b'-- Up-to-date: /home/px4/ros2/ws/install/px4_msgs/include/px4_msgs/px4_msgs/msg/detail/sensor_preflight_mag__type_support.c\n'}
[1.637332] (px4_msgs) StdoutLine: {'line': b'-- Up-to-date: /home/px4/ros2/ws/install/px4_msgs/include/px4_msgs/px4_msgs/msg/detail/irlock_report__rosidl_typesupport_introspection_c.h\n'}
[1.637378] (px4_msgs) StdoutLine: {'line': b'-- Up-to-date: /home/px4/ros2/ws/install/px4_msgs/include/px4_msgs/px4_msgs/msg/detail/control_allocator_status__type_support.c\n'}
[1.637426] (px4_msgs) StdoutLine: {'line': b'-- Up-to-date: /home/px4/ros2/ws/install/px4_msgs/include/px4_msgs/px4_msgs/msg/detail/vehicle_air_data__rosidl_typesupport_introspection_c.h\n'}
[1.637483] (px4_msgs) StdoutLine: {'line': b'-- Up-to-date: /home/px4/ros2/ws/install/px4_msgs/include/px4_msgs/px4_msgs/msg/detail/fixed_wing_lateral_setpoint__type_support.c\n'}
[1.637531] (px4_msgs) StdoutLine: {'line': b'-- Up-to-date: /home/px4/ros2/ws/install/px4_msgs/include/px4_msgs/px4_msgs/msg/detail/neural_control__type_support.c\n'}
[1.637577] (px4_msgs) StdoutLine: {'line': b'-- Up-to-date: /home/px4/ros2/ws/install/px4_msgs/include/px4_msgs/px4_msgs/msg/detail/timesync_status__rosidl_typesupport_introspection_c.h\n'}
[1.637628] (px4_msgs) StdoutLine: {'line': b'-- Up-to-date: /home/px4/ros2/ws/install/px4_msgs/include/px4_msgs/px4_msgs/msg/detail/obstacle_distance__type_support.c\n'}
[1.637673] (px4_msgs) StdoutLine: {'line': b'-- Up-to-date: /home/px4/ros2/ws/install/px4_msgs/include/px4_msgs/px4_msgs/msg/detail/adc_report__rosidl_typesupport_introspection_c.h\n'}
[1.637732] (px4_msgs) StdoutLine: {'line': b'-- Up-to-date: /home/px4/ros2/ws/install/px4_msgs/include/px4_msgs/px4_msgs/msg/detail/trajectory_setpoint6dof__type_support.c\n'}
[1.637797] (px4_msgs) StdoutLine: {'line': b'-- Up-to-date: /home/px4/ros2/ws/install/px4_msgs/include/px4_msgs/px4_msgs/msg/detail/vehicle_thrust_setpoint__rosidl_typesupport_introspection_c.h\n'}
[1.637847] (px4_msgs) StdoutLine: {'line': b'-- Up-to-date: /home/px4/ros2/ws/install/px4_msgs/include/px4_msgs/px4_msgs/msg/detail/gimbal_manager_set_manual_control__type_support.c\n'}
[1.637911] (px4_msgs) StdoutLine: {'line': b'-- Up-to-date: /home/px4/ros2/ws/install/px4_msgs/include/px4_msgs/px4_msgs/msg/detail/geofence_status__rosidl_typesupport_introspection_c.h\n'}
[1.637961] (px4_msgs) StdoutLine: {'line': b'-- Up-to-date: /home/px4/ros2/ws/install/px4_msgs/include/px4_msgs/px4_msgs/msg/detail/fixed_wing_runway_control__rosidl_typesupport_introspection_c.h\n'}
[1.638006] (px4_msgs) StdoutLine: {'line': b'-- Up-to-date: /home/px4/ros2/ws/install/px4_msgs/include/px4_msgs/px4_msgs/msg/detail/wind__type_support.c\n'}
[1.638070] (px4_msgs) StdoutLine: {'line': b'-- Up-to-date: /home/px4/ros2/ws/install/px4_msgs/include/px4_msgs/px4_msgs/msg/detail/gimbal_manager_set_attitude__rosidl_typesupport_introspection_c.h\n'}
[1.638118] (px4_msgs) StdoutLine: {'line': b'-- Up-to-date: /home/px4/ros2/ws/install/px4_msgs/include/px4_msgs/px4_msgs/msg/detail/lateral_control_configuration__type_support.c\n'}
[1.638164] (px4_msgs) StdoutLine: {'line': b'-- Up-to-date: /home/px4/ros2/ws/install/px4_msgs/include/px4_msgs/px4_msgs/msg/detail/airspeed_validated__type_support.c\n'}
[1.638210] (px4_msgs) StdoutLine: {'line': b'-- Up-to-date: /home/px4/ros2/ws/install/px4_msgs/include/px4_msgs/px4_msgs/msg/detail/trajectory_setpoint__type_support.c\n'}
[1.638256] (px4_msgs) StdoutLine: {'line': b'-- Up-to-date: /home/px4/ros2/ws/install/px4_msgs/include/px4_msgs/px4_msgs/msg/detail/wind__rosidl_typesupport_introspection_c.h\n'}
[1.638301] (px4_msgs) StdoutLine: {'line': b'-- Up-to-date: /home/px4/ros2/ws/install/px4_msgs/include/px4_msgs/px4_msgs/msg/detail/failure_detector_status__rosidl_typesupport_introspection_c.h\n'}
[1.638347] (px4_msgs) StdoutLine: {'line': b'-- Up-to-date: /home/px4/ros2/ws/install/px4_msgs/include/px4_msgs/px4_msgs/msg/detail/landing_gear__rosidl_typesupport_introspection_c.h\n'}
[1.638392] (px4_msgs) StdoutLine: {'line': b'-- Up-to-date: /home/px4/ros2/ws/install/px4_msgs/include/px4_msgs/px4_msgs/msg/detail/gimbal_manager_status__rosidl_typesupport_introspection_c.h\n'}
[1.638437] (px4_msgs) StdoutLine: {'line': b'-- Up-to-date: /home/px4/ros2/ws/install/px4_msgs/include/px4_msgs/px4_msgs/msg/detail/cellular_status__rosidl_typesupport_introspection_c.h\n'}
[1.638483] (px4_msgs) StdoutLine: {'line': b'-- Up-to-date: /home/px4/ros2/ws/install/px4_msgs/include/px4_msgs/px4_msgs/msg/detail/wheel_encoders__type_support.c\n'}
[1.638527] (px4_msgs) StdoutLine: {'line': b'-- Up-to-date: /home/px4/ros2/ws/install/px4_msgs/include/px4_msgs/px4_msgs/msg/detail/estimator_innovations__type_support.c\n'}
[1.638596] (px4_msgs) StdoutLine: {'line': b'-- Up-to-date: /home/px4/ros2/ws/install/px4_msgs/include/px4_msgs/px4_msgs/msg/detail/sensor_preflight_mag__rosidl_typesupport_introspection_c.h\n'}
[1.638647] (px4_msgs) StdoutLine: {'line': b'-- Up-to-date: /home/px4/ros2/ws/install/px4_msgs/include/px4_msgs/px4_msgs/msg/detail/sensor_selection__rosidl_typesupport_introspection_c.h\n'}
[1.638703] (px4_msgs) StdoutLine: {'line': b'-- Up-to-date: /home/px4/ros2/ws/install/px4_msgs/include/px4_msgs/px4_msgs/msg/detail/px4io_status__rosidl_typesupport_introspection_c.h\n'}
[1.638748] (px4_msgs) StdoutLine: {'line': b'-- Up-to-date: /home/px4/ros2/ws/install/px4_msgs/include/px4_msgs/px4_msgs/msg/detail/offboard_control_mode__rosidl_typesupport_introspection_c.h\n'}
[1.638791] (px4_msgs) StdoutLine: {'line': b'-- Up-to-date: /home/px4/ros2/ws/install/px4_msgs/include/px4_msgs/px4_msgs/msg/detail/fixed_wing_lateral_guidance_status__type_support.c\n'}
[1.638849] (px4_msgs) StdoutLine: {'line': b'-- Up-to-date: /home/px4/ros2/ws/install/px4_msgs/include/px4_msgs/px4_msgs/msg/detail/rate_ctrl_status__rosidl_typesupport_introspection_c.h\n'}
[1.638910] (px4_msgs) StdoutLine: {'line': b'-- Up-to-date: /home/px4/ros2/ws/install/px4_msgs/include/px4_msgs/px4_msgs/msg/detail/task_stack_info__rosidl_typesupport_introspection_c.h\n'}
[1.638958] (px4_msgs) StdoutLine: {'line': b'-- Up-to-date: /home/px4/ros2/ws/install/px4_msgs/include/px4_msgs/px4_msgs/msg/detail/tune_control__rosidl_typesupport_introspection_c.h\n'}
[1.639004] (px4_msgs) StdoutLine: {'line': b'-- Up-to-date: /home/px4/ros2/ws/install/px4_msgs/include/px4_msgs/px4_msgs/msg/detail/takeoff_status__type_support.c\n'}
[1.639056] (px4_msgs) StdoutLine: {'line': b'-- Up-to-date: /home/px4/ros2/ws/install/px4_msgs/include/px4_msgs/px4_msgs/msg/detail/led_control__type_support.c\n'}
[1.639100] (px4_msgs) StdoutLine: {'line': b'-- Up-to-date: /home/px4/ros2/ws/install/px4_msgs/include/px4_msgs/px4_msgs/msg/detail/goto_setpoint__type_support.c\n'}
[1.639162] (px4_msgs) StdoutLine: {'line': b'-- Up-to-date: /home/px4/ros2/ws/install/px4_msgs/include/px4_msgs/px4_msgs/msg/detail/launch_detection_status__type_support.c\n'}
[1.639208] (px4_msgs) StdoutLine: {'line': b'-- Up-to-date: /home/px4/ros2/ws/install/px4_msgs/include/px4_msgs/px4_msgs/msg/detail/gimbal_device_attitude_status__type_support.c\n'}
[1.639253] (px4_msgs) StdoutLine: {'line': b'-- Up-to-date: /home/px4/ros2/ws/install/px4_msgs/include/px4_msgs/px4_msgs/msg/detail/landing_gear_wheel__rosidl_typesupport_introspection_c.h\n'}
[1.639298] (px4_msgs) StdoutLine: {'line': b'-- Up-to-date: /home/px4/ros2/ws/install/px4_msgs/include/px4_msgs/px4_msgs/msg/detail/position_controller_status__type_support.c\n'}
[1.639344] (px4_msgs) StdoutLine: {'line': b'-- Up-to-date: /home/px4/ros2/ws/install/px4_msgs/include/px4_msgs/px4_msgs/msg/detail/vehicle_command__rosidl_typesupport_introspection_c.h\n'}
[1.639388] (px4_msgs) StdoutLine: {'line': b'-- Up-to-date: /home/px4/ros2/ws/install/px4_msgs/include/px4_msgs/px4_msgs/msg/detail/manual_control_setpoint__rosidl_typesupport_introspection_c.h\n'}
[1.639433] (px4_msgs) StdoutLine: {'line': b'-- Up-to-date: /home/px4/ros2/ws/install/px4_msgs/include/px4_msgs/px4_msgs/msg/detail/rover_rate_setpoint__rosidl_typesupport_introspection_c.h\n'}
[1.639478] (px4_msgs) StdoutLine: {'line': b'-- Up-to-date: /home/px4/ros2/ws/install/px4_msgs/include/px4_msgs/px4_msgs/msg/detail/orb_test_large__type_support.c\n'}
[1.639522] (px4_msgs) StdoutLine: {'line': b'-- Up-to-date: /home/px4/ros2/ws/install/px4_msgs/include/px4_msgs/px4_msgs/msg/detail/autotune_attitude_control_status__rosidl_typesupport_introspection_c.h\n'}
[1.639567] (px4_msgs) StdoutLine: {'line': b'-- Up-to-date: /home/px4/ros2/ws/install/px4_msgs/include/px4_msgs/px4_msgs/msg/detail/vehicle_local_position__rosidl_typesupport_introspection_c.h\n'}
[1.639612] (px4_msgs) StdoutLine: {'line': b'-- Up-to-date: /home/px4/ros2/ws/install/px4_msgs/include/px4_msgs/px4_msgs/msg/detail/sensor_combined__type_support.c\n'}
[1.639682] (px4_msgs) StdoutLine: {'line': b'-- Up-to-date: /home/px4/ros2/ws/install/px4_msgs/include/px4_msgs/px4_msgs/msg/detail/position_controller_landing_status__rosidl_typesupport_introspection_c.h\n'}
[1.639731] (px4_msgs) StdoutLine: {'line': b'-- Up-to-date: /home/px4/ros2/ws/install/px4_msgs/include/px4_msgs/px4_msgs/msg/detail/ulog_stream__rosidl_typesupport_introspection_c.h\n'}
[1.639777] (px4_msgs) StdoutLine: {'line': b'-- Up-to-date: /home/px4/ros2/ws/install/px4_msgs/include/px4_msgs/px4_msgs/msg/detail/rate_ctrl_status__type_support.c\n'}
[1.639822] (px4_msgs) StdoutLine: {'line': b'-- Up-to-date: /home/px4/ros2/ws/install/px4_msgs/include/px4_msgs/px4_msgs/msg/detail/debug_vect__type_support.c\n'}
[1.639877] (px4_msgs) StdoutLine: {'line': b'-- Up-to-date: /home/px4/ros2/ws/install/px4_msgs/include/px4_msgs/px4_msgs/msg/detail/goto_setpoint__rosidl_typesupport_introspection_c.h\n'}
[1.639931] (px4_msgs) StdoutLine: {'line': b'-- Up-to-date: /home/px4/ros2/ws/install/px4_msgs/include/px4_msgs/px4_msgs/msg/detail/fixed_wing_lateral_guidance_status__rosidl_typesupport_introspection_c.h\n'}
[1.639997] (px4_msgs) StdoutLine: {'line': b'-- Up-to-date: /home/px4/ros2/ws/install/px4_msgs/include/px4_msgs/px4_msgs/msg/detail/fixed_wing_runway_control__type_support.c\n'}
[1.640043] (px4_msgs) StdoutLine: {'line': b'-- Up-to-date: /home/px4/ros2/ws/install/px4_msgs/include/px4_msgs/px4_msgs/msg/detail/log_message__type_support.c\n'}
[1.640088] (px4_msgs) StdoutLine: {'line': b'-- Up-to-date: /home/px4/ros2/ws/install/px4_msgs/include/px4_msgs/px4_msgs/msg/detail/sensor_airflow__rosidl_typesupport_introspection_c.h\n'}
[1.640133] (px4_msgs) StdoutLine: {'line': b'-- Up-to-date: /home/px4/ros2/ws/install/px4_msgs/include/px4_msgs/px4_msgs/msg/detail/input_rc__rosidl_typesupport_introspection_c.h\n'}
[1.640193] (px4_msgs) StdoutLine: {'line': b'-- Up-to-date: /home/px4/ros2/ws/install/px4_msgs/include/px4_msgs/px4_msgs/msg/detail/gripper__type_support.c\n'}
[1.640253] (px4_msgs) StdoutLine: {'line': b'-- Up-to-date: /home/px4/ros2/ws/install/px4_msgs/include/px4_msgs/px4_msgs/msg/detail/sensor_hygrometer__rosidl_typesupport_introspection_c.h\n'}
[1.640301] (px4_msgs) StdoutLine: {'line': b'-- Up-to-date: /home/px4/ros2/ws/install/px4_msgs/include/px4_msgs/px4_msgs/msg/detail/estimator_aid_source2d__type_support.c\n'}
[1.640348] (px4_msgs) StdoutLine: {'line': b'-- Up-to-date: /home/px4/ros2/ws/install/px4_msgs/include/px4_msgs/px4_msgs/msg/detail/dronecan_node_status__type_support.c\n'}
[1.640394] (px4_msgs) StdoutLine: {'line': b'-- Up-to-date: /home/px4/ros2/ws/install/px4_msgs/include/px4_msgs/px4_msgs/msg/detail/debug_value__rosidl_typesupport_introspection_c.h\n'}
[1.640439] (px4_msgs) StdoutLine: {'line': b'-- Up-to-date: /home/px4/ros2/ws/install/px4_msgs/include/px4_msgs/px4_msgs/msg/detail/estimator_event_flags__type_support.c\n'}
[1.640490] (px4_msgs) StdoutLine: {'line': b'-- Up-to-date: /home/px4/ros2/ws/install/px4_msgs/include/px4_msgs/px4_msgs/msg/detail/mode_completed__type_support.c\n'}
[1.640538] (px4_msgs) StdoutLine: {'line': b'-- Up-to-date: /home/px4/ros2/ws/install/px4_msgs/include/px4_msgs/px4_msgs/msg/detail/trajectory_setpoint__rosidl_typesupport_introspection_c.h\n'}
[1.640584] (px4_msgs) StdoutLine: {'line': b'-- Up-to-date: /home/px4/ros2/ws/install/px4_msgs/include/px4_msgs/px4_msgs/msg/detail/heater_status__type_support.c\n'}
[1.640629] (px4_msgs) StdoutLine: {'line': b'-- Up-to-date: /home/px4/ros2/ws/install/px4_msgs/include/px4_msgs/px4_msgs/msg/detail/orb_test_medium__type_support.c\n'}
[1.640675] (px4_msgs) StdoutLine: {'line': b'-- Up-to-date: /home/px4/ros2/ws/install/px4_msgs/include/px4_msgs/px4_msgs/msg/detail/logger_status__type_support.c\n'}
[1.640721] (px4_msgs) StdoutLine: {'line': b'-- Up-to-date: /home/px4/ros2/ws/install/px4_msgs/include/px4_msgs/px4_msgs/msg/detail/distance_sensor__rosidl_typesupport_introspection_c.h\n'}
[1.640784] (px4_msgs) StdoutLine: {'line': b'-- Up-to-date: /home/px4/ros2/ws/install/px4_msgs/include/px4_msgs/px4_msgs/msg/detail/position_setpoint_triplet__type_support.c\n'}
[1.640838] (px4_msgs) StdoutLine: {'line': b'-- Up-to-date: /home/px4/ros2/ws/install/px4_msgs/include/px4_msgs/px4_msgs/msg/detail/vehicle_air_data__type_support.c\n'}
[1.640899] (px4_msgs) StdoutLine: {'line': b'-- Up-to-date: /home/px4/ros2/ws/install/px4_msgs/include/px4_msgs/px4_msgs/msg/detail/orb_test_medium__rosidl_typesupport_introspection_c.h\n'}
[1.640961] (px4_msgs) StdoutLine: {'line': b'-- Up-to-date: /home/px4/ros2/ws/install/px4_msgs/include/px4_msgs/px4_msgs/msg/detail/health_report__type_support.c\n'}
[1.641027] (px4_msgs) StdoutLine: {'line': b'-- Up-to-date: /home/px4/ros2/ws/install/px4_msgs/include/px4_msgs/px4_msgs/msg/detail/estimator_status_flags__rosidl_typesupport_introspection_c.h\n'}
[1.641076] (px4_msgs) StdoutLine: {'line': b'-- Up-to-date: /home/px4/ros2/ws/install/px4_msgs/include/px4_msgs/px4_msgs/msg/detail/rover_velocity_setpoint__rosidl_typesupport_introspection_c.h\n'}
[1.641122] (px4_msgs) StdoutLine: {'line': b'-- Up-to-date: /home/px4/ros2/ws/install/px4_msgs/include/px4_msgs/px4_msgs/msg/detail/vehicle_rates_setpoint__type_support.c\n'}
[1.641180] (px4_msgs) StdoutLine: {'line': b'-- Up-to-date: /home/px4/ros2/ws/install/px4_msgs/include/px4_msgs/px4_msgs/msg/detail/vehicle_global_position__type_support.c\n'}
[1.641229] (px4_msgs) StdoutLine: {'line': b'-- Up-to-date: /home/px4/ros2/ws/install/px4_msgs/include/px4_msgs/px4_msgs/msg/detail/vehicle_angular_acceleration_setpoint__rosidl_typesupport_introspection_c.h\n'}
[1.641275] (px4_msgs) StdoutLine: {'line': b'-- Up-to-date: /home/px4/ros2/ws/install/px4_msgs/include/px4_msgs/px4_msgs/msg/detail/gimbal_manager_status__type_support.c\n'}
[1.641321] (px4_msgs) StdoutLine: {'line': b'-- Up-to-date: /home/px4/ros2/ws/install/px4_msgs/include/px4_msgs/px4_msgs/msg/detail/vehicle_acceleration__rosidl_typesupport_introspection_c.h\n'}
[1.641366] (px4_msgs) StdoutLine: {'line': b'-- Up-to-date: /home/px4/ros2/ws/install/px4_msgs/include/px4_msgs/px4_msgs/msg/detail/mag_worker_data__rosidl_typesupport_introspection_c.h\n'}
[1.641412] (px4_msgs) StdoutLine: {'line': b'-- Up-to-date: /home/px4/ros2/ws/install/px4_msgs/include/px4_msgs/px4_msgs/msg/detail/uavcan_parameter_value__rosidl_typesupport_introspection_c.h\n'}
[1.641456] (px4_msgs) StdoutLine: {'line': b'-- Up-to-date: /home/px4/ros2/ws/install/px4_msgs/include/px4_msgs/px4_msgs/msg/detail/rover_rate_status__rosidl_typesupport_introspection_c.h\n'}
[1.641502] (px4_msgs) StdoutLine: {'line': b'-- Up-to-date: /home/px4/ros2/ws/install/px4_msgs/include/px4_msgs/px4_msgs/msg/detail/gpio_config__type_support.c\n'}
[1.641548] (px4_msgs) StdoutLine: {'line': b'-- Up-to-date: /home/px4/ros2/ws/install/px4_msgs/include/px4_msgs/px4_msgs/msg/detail/sensor_gyro_fifo__type_support.c\n'}
[1.641594] (px4_msgs) StdoutLine: {'line': b'-- Up-to-date: /home/px4/ros2/ws/install/px4_msgs/include/px4_msgs/px4_msgs/msg/detail/takeoff_status__rosidl_typesupport_introspection_c.h\n'}
[1.641657] (px4_msgs) StdoutLine: {'line': b'-- Up-to-date: /home/px4/ros2/ws/install/px4_msgs/include/px4_msgs/px4_msgs/msg/detail/control_allocator_status__rosidl_typesupport_introspection_c.h\n'}
[1.641704] (px4_msgs) StdoutLine: {'line': b'-- Up-to-date: /home/px4/ros2/ws/install/px4_msgs/include/px4_msgs/px4_msgs/msg/detail/sensor_uwb__rosidl_typesupport_introspection_c.h\n'}
[1.641761] (px4_msgs) StdoutLine: {'line': b'-- Up-to-date: /home/px4/ros2/ws/install/px4_msgs/include/px4_msgs/px4_msgs/msg/detail/mag_worker_data__type_support.c\n'}
[1.641825] (px4_msgs) StdoutLine: {'line': b'-- Up-to-date: /home/px4/ros2/ws/install/px4_msgs/include/px4_msgs/px4_msgs/msg/detail/landing_gear__type_support.c\n'}
[1.641882] (px4_msgs) StdoutLine: {'line': b'-- Up-to-date: /home/px4/ros2/ws/install/px4_msgs/include/px4_msgs/px4_msgs/msg/detail/unregister_ext_component__type_support.c\n'}
[1.641938] (px4_msgs) StdoutLine: {'line': b'-- Up-to-date: /home/px4/ros2/ws/install/px4_msgs/include/px4_msgs/px4_msgs/msg/detail/sensor_baro__rosidl_typesupport_introspection_c.h\n'}
[1.641996] (px4_msgs) StdoutLine: {'line': b'-- Up-to-date: /home/px4/ros2/ws/install/px4_msgs/include/px4_msgs/px4_msgs/msg/detail/wheel_encoders__rosidl_typesupport_introspection_c.h\n'}
[1.642060] (px4_msgs) StdoutLine: {'line': b'-- Up-to-date: /home/px4/ros2/ws/install/px4_msgs/include/px4_msgs/px4_msgs/msg/detail/mount_orientation__type_support.c\n'}
[1.642108] (px4_msgs) StdoutLine: {'line': b'-- Up-to-date: /home/px4/ros2/ws/install/px4_msgs/include/px4_msgs/px4_msgs/msg/detail/ulog_stream__type_support.c\n'}
[1.642154] (px4_msgs) StdoutLine: {'line': b'-- Up-to-date: /home/px4/ros2/ws/install/px4_msgs/include/px4_msgs/px4_msgs/msg/detail/vehicle_angular_velocity__type_support.c\n'}
[1.642200] (px4_msgs) StdoutLine: {'line': b'-- Up-to-date: /home/px4/ros2/ws/install/px4_msgs/include/px4_msgs/px4_msgs/msg/detail/trajectory_setpoint6dof__rosidl_typesupport_introspection_c.h\n'}
[1.642246] (px4_msgs) StdoutLine: {'line': b'-- Up-to-date: /home/px4/ros2/ws/install/px4_msgs/include/px4_msgs/px4_msgs/msg/detail/vehicle_optical_flow__type_support.c\n'}
[1.642291] (px4_msgs) StdoutLine: {'line': b'-- Up-to-date: /home/px4/ros2/ws/install/px4_msgs/include/px4_msgs/px4_msgs/msg/detail/navigator_status__rosidl_typesupport_introspection_c.h\n'}
[1.642337] (px4_msgs) StdoutLine: {'line': b'-- Up-to-date: /home/px4/ros2/ws/install/px4_msgs/include/px4_msgs/px4_msgs/msg/detail/estimator_aid_source1d__type_support.c\n'}
[1.642382] (px4_msgs) StdoutLine: {'line': b'-- Up-to-date: /home/px4/ros2/ws/install/px4_msgs/include/px4_msgs/px4_msgs/msg/detail/register_ext_component_request__type_support.c\n'}
[1.642428] (px4_msgs) StdoutLine: {'line': b'-- Up-to-date: /home/px4/ros2/ws/install/px4_msgs/include/px4_msgs/px4_msgs/msg/detail/pps_capture__type_support.c\n'}
[1.642492] (px4_msgs) StdoutLine: {'line': b'-- Up-to-date: /home/px4/ros2/ws/install/px4_msgs/include/px4_msgs/px4_msgs/msg/detail/vtol_vehicle_status__rosidl_typesupport_introspection_c.h\n'}
[1.642539] (px4_msgs) StdoutLine: {'line': b'-- Up-to-date: /home/px4/ros2/ws/install/px4_msgs/include/px4_msgs/px4_msgs/msg/detail/vtol_vehicle_status__type_support.c\n'}
[1.642585] (px4_msgs) StdoutLine: {'line': b'-- Up-to-date: /home/px4/ros2/ws/install/px4_msgs/include/px4_msgs/px4_msgs/msg/detail/sensors_status__type_support.c\n'}
[1.642644] (px4_msgs) StdoutLine: {'line': b'-- Up-to-date: /home/px4/ros2/ws/install/px4_msgs/include/px4_msgs/px4_msgs/msg/detail/airspeed__type_support.c\n'}
[1.642692] (px4_msgs) StdoutLine: {'line': b'-- Up-to-date: /home/px4/ros2/ws/install/px4_msgs/include/px4_msgs/px4_msgs/msg/detail/mission_result__type_support.c\n'}
[1.642738] (px4_msgs) StdoutLine: {'line': b'-- Up-to-date: /home/px4/ros2/ws/install/px4_msgs/include/px4_msgs/px4_msgs/msg/detail/led_control__rosidl_typesupport_introspection_c.h\n'}
[1.642784] (px4_msgs) StdoutLine: {'line': b'-- Up-to-date: /home/px4/ros2/ws/install/px4_msgs/include/px4_msgs/px4_msgs/msg/detail/orb_test_large__rosidl_typesupport_introspection_c.h\n'}
[1.642829] (px4_msgs) StdoutLine: {'line': b'-- Up-to-date: /home/px4/ros2/ws/install/px4_msgs/include/px4_msgs/px4_msgs/msg/detail/debug_value__type_support.c\n'}
[1.642901] (px4_msgs) StdoutLine: {'line': b'-- Up-to-date: /home/px4/ros2/ws/install/px4_msgs/include/px4_msgs/px4_msgs/msg/detail/tiltrotor_extra_controls__type_support.c\n'}
[1.642955] (px4_msgs) StdoutLine: {'line': b'-- Up-to-date: /home/px4/ros2/ws/install/px4_msgs/include/px4_msgs/px4_msgs/msg/detail/estimator_bias3d__rosidl_typesupport_introspection_c.h\n'}
[1.643001] (px4_msgs) StdoutLine: {'line': b'-- Up-to-date: /home/px4/ros2/ws/install/px4_msgs/include/px4_msgs/px4_msgs/msg/detail/manual_control_switches__rosidl_typesupport_introspection_c.h\n'}
[1.643047] (px4_msgs) StdoutLine: {'line': b'-- Up-to-date: /home/px4/ros2/ws/install/px4_msgs/include/px4_msgs/px4_msgs/msg/detail/cpuload__type_support.c\n'}
[1.643093] (px4_msgs) StdoutLine: {'line': b'-- Up-to-date: /home/px4/ros2/ws/install/px4_msgs/include/px4_msgs/px4_msgs/msg/detail/qshell_retval__type_support.c\n'}
[1.643146] (px4_msgs) StdoutLine: {'line': b'-- Up-to-date: /home/px4/ros2/ws/install/px4_msgs/include/px4_msgs/px4_msgs/msg/detail/vehicle_imu_status__rosidl_typesupport_introspection_c.h\n'}
[1.643193] (px4_msgs) StdoutLine: {'line': b'-- Up-to-date: /home/px4/ros2/ws/install/px4_msgs/include/px4_msgs/px4_msgs/msg/detail/transponder_report__type_support.c\n'}
[1.643239] (px4_msgs) StdoutLine: {'line': b'-- Up-to-date: /home/px4/ros2/ws/install/px4_msgs/include/px4_msgs/px4_msgs/msg/detail/internal_combustion_engine_status__rosidl_typesupport_introspection_c.h\n'}
[1.643287] (px4_msgs) StdoutLine: {'line': b'-- Up-to-date: /home/px4/ros2/ws/install/px4_msgs/include/px4_msgs/px4_msgs/msg/detail/action_request__type_support.c\n'}
[1.643336] (px4_msgs) StdoutLine: {'line': b'-- Up-to-date: /home/px4/ros2/ws/install/px4_msgs/include/px4_msgs/px4_msgs/msg/detail/home_position__rosidl_typesupport_introspection_c.h\n'}
[1.643415] (px4_msgs) StdoutLine: {'line': b'-- Up-to-date: /home/px4/ros2/ws/install/px4_msgs/include/px4_msgs/px4_msgs/msg/detail/actuator_armed__type_support.c\n'}
[1.643485] (px4_msgs) StdoutLine: {'line': b'-- Up-to-date: /home/px4/ros2/ws/install/px4_msgs/include/px4_msgs/px4_msgs/msg/detail/config_overrides__type_support.c\n'}
[1.643534] (px4_msgs) StdoutLine: {'line': b'-- Up-to-date: /home/px4/ros2/ws/install/px4_msgs/include/px4_msgs/px4_msgs/msg/detail/rover_rate_status__type_support.c\n'}
[1.643580] (px4_msgs) StdoutLine: {'line': b'-- Up-to-date: /home/px4/ros2/ws/install/px4_msgs/include/px4_msgs/px4_msgs/msg/detail/sensor_uwb__type_support.c\n'}
[1.643627] (px4_msgs) StdoutLine: {'line': b'-- Up-to-date: /home/px4/ros2/ws/install/px4_msgs/include/px4_msgs/px4_msgs/msg/detail/collision_constraints__rosidl_typesupport_introspection_c.h\n'}
[1.643687] (px4_msgs) StdoutLine: {'line': b'-- Up-to-date: /home/px4/ros2/ws/install/px4_msgs/include/px4_msgs/px4_msgs/msg/detail/estimator_status__type_support.c\n'}
[1.643735] (px4_msgs) StdoutLine: {'line': b'-- Up-to-date: /home/px4/ros2/ws/install/px4_msgs/include/px4_msgs/px4_msgs/msg/detail/gps_dump__type_support.c\n'}
[1.643781] (px4_msgs) StdoutLine: {'line': b'-- Up-to-date: /home/px4/ros2/ws/install/px4_msgs/include/px4_msgs/px4_msgs/msg/detail/failsafe_flags__rosidl_typesupport_introspection_c.h\n'}
[1.643828] (px4_msgs) StdoutLine: {'line': b'-- Up-to-date: /home/px4/ros2/ws/install/px4_msgs/include/px4_msgs/px4_msgs/msg/detail/cellular_status__type_support.c\n'}
[1.643884] (px4_msgs) StdoutLine: {'line': b'-- Up-to-date: /home/px4/ros2/ws/install/px4_msgs/include/px4_msgs/px4_msgs/msg/detail/orbit_status__rosidl_typesupport_introspection_c.h\n'}
[1.643939] (px4_msgs) StdoutLine: {'line': b'-- Up-to-date: /home/px4/ros2/ws/install/px4_msgs/include/px4_msgs/px4_msgs/msg/detail/battery_status__type_support.c\n'}
[1.644013] (px4_msgs) StdoutLine: {'line': b'-- Up-to-date: /home/px4/ros2/ws/install/px4_msgs/include/px4_msgs/px4_msgs/msg/detail/vehicle_angular_acceleration_setpoint__type_support.c\n'}
[1.644062] (px4_msgs) StdoutLine: {'line': b'-- Up-to-date: /home/px4/ros2/ws/install/px4_msgs/include/px4_msgs/px4_msgs/msg/detail/px4io_status__type_support.c\n'}
[1.644108] (px4_msgs) StdoutLine: {'line': b'-- Up-to-date: /home/px4/ros2/ws/install/px4_msgs/include/px4_msgs/px4_msgs/msg/detail/telemetry_status__rosidl_typesupport_introspection_c.h\n'}
[1.644155] (px4_msgs) StdoutLine: {'line': b'-- Up-to-date: /home/px4/ros2/ws/install/px4_msgs/include/px4_msgs/px4_msgs/msg/detail/action_request__rosidl_typesupport_introspection_c.h\n'}
[1.644201] (px4_msgs) StdoutLine: {'line': b'-- Up-to-date: /home/px4/ros2/ws/install/px4_msgs/include/px4_msgs/px4_msgs/msg/detail/vehicle_magnetometer__rosidl_typesupport_introspection_c.h\n'}
[1.644250] (px4_msgs) StdoutLine: {'line': b'-- Up-to-date: /home/px4/ros2/ws/install/px4_msgs/include/px4_msgs/px4_msgs/msg/detail/gimbal_controls__type_support.c\n'}
[1.644313] (px4_msgs) StdoutLine: {'line': b'-- Up-to-date: /home/px4/ros2/ws/install/px4_msgs/include/px4_msgs/px4_msgs/msg/detail/tune_control__type_support.c\n'}
[1.644370] (px4_msgs) StdoutLine: {'line': b'-- Up-to-date: /home/px4/ros2/ws/install/px4_msgs/include/px4_msgs/px4_msgs/msg/detail/vehicle_optical_flow__rosidl_typesupport_introspection_c.h\n'}
[1.644417] (px4_msgs) StdoutLine: {'line': b'-- Up-to-date: /home/px4/ros2/ws/install/px4_msgs/include/px4_msgs/px4_msgs/msg/detail/vehicle_attitude_setpoint__rosidl_typesupport_introspection_c.h\n'}
[1.644463] (px4_msgs) StdoutLine: {'line': b'-- Up-to-date: /home/px4/ros2/ws/install/px4_msgs/include/px4_msgs/px4_msgs/msg/detail/fixed_wing_longitudinal_setpoint__rosidl_typesupport_introspection_c.h\n'}
[1.644510] (px4_msgs) StdoutLine: {'line': b'-- Up-to-date: /home/px4/ros2/ws/install/px4_msgs/include/px4_msgs/px4_msgs/msg/detail/distance_sensor_mode_change_request__type_support.c\n'}
[1.644556] (px4_msgs) StdoutLine: {'line': b'-- Up-to-date: /home/px4/ros2/ws/install/px4_msgs/include/px4_msgs/px4_msgs/msg/detail/magnetometer_bias_estimate__type_support.c\n'}
[1.644619] (px4_msgs) StdoutLine: {'line': b'-- Up-to-date: /home/px4/ros2/ws/install/px4_msgs/include/px4_msgs/px4_msgs/msg/detail/vehicle_constraints__type_support.c\n'}
[1.644668] (px4_msgs) StdoutLine: {'line': b'-- Up-to-date: /home/px4/ros2/ws/install/px4_msgs/include/px4_msgs/px4_msgs/msg/detail/irlock_report__type_support.c\n'}
[1.644713] (px4_msgs) StdoutLine: {'line': b'-- Up-to-date: /home/px4/ros2/ws/install/px4_msgs/include/px4_msgs/px4_msgs/msg/detail/vehicle_optical_flow_vel__rosidl_typesupport_introspection_c.h\n'}
[1.644776] (px4_msgs) StdoutLine: {'line': b'-- Up-to-date: /home/px4/ros2/ws/install/px4_msgs/include/px4_msgs/px4_msgs/msg/detail/health_report__rosidl_typesupport_introspection_c.h\n'}
[1.644824] (px4_msgs) StdoutLine: {'line': b'-- Up-to-date: /home/px4/ros2/ws/install/px4_msgs/include/px4_msgs/px4_msgs/msg/detail/sensor_accel__rosidl_typesupport_introspection_c.h\n'}
[1.644881] (px4_msgs) StdoutLine: {'line': b'-- Up-to-date: /home/px4/ros2/ws/install/px4_msgs/include/px4_msgs/px4_msgs/msg/detail/navigator_status__type_support.c\n'}
[1.644937] (px4_msgs) StdoutLine: {'line': b'-- Up-to-date: /home/px4/ros2/ws/install/px4_msgs/include/px4_msgs/px4_msgs/msg/detail/vehicle_attitude_setpoint__type_support.c\n'}
[1.645006] (px4_msgs) StdoutLine: {'line': b'-- Up-to-date: /home/px4/ros2/ws/install/px4_msgs/include/px4_msgs/px4_msgs/msg/detail/telemetry_status__type_support.c\n'}
[1.645067] (px4_msgs) StdoutLine: {'line': b'-- Up-to-date: /home/px4/ros2/ws/install/px4_msgs/include/px4_msgs/px4_msgs/msg/detail/camera_capture__rosidl_typesupport_introspection_c.h\n'}
[1.645115] (px4_msgs) StdoutLine: {'line': b'-- Up-to-date: /home/px4/ros2/ws/install/px4_msgs/include/px4_msgs/px4_msgs/msg/detail/open_drone_id_arm_status__rosidl_typesupport_introspection_c.h\n'}
[1.645161] (px4_msgs) StdoutLine: {'line': b'-- Up-to-date: /home/px4/ros2/ws/install/px4_msgs/include/px4_msgs/px4_msgs/msg/detail/tiltrotor_extra_controls__rosidl_typesupport_introspection_c.h\n'}
[1.645208] (px4_msgs) StdoutLine: {'line': b'-- Up-to-date: /home/px4/ros2/ws/install/px4_msgs/include/px4_msgs/px4_msgs/msg/detail/fuel_tank_status__type_support.c\n'}
[1.645255] (px4_msgs) StdoutLine: {'line': b'-- Up-to-date: /home/px4/ros2/ws/install/px4_msgs/include/px4_msgs/px4_msgs/msg/detail/sensor_combined__rosidl_typesupport_introspection_c.h\n'}
[1.645302] (px4_msgs) StdoutLine: {'line': b'-- Up-to-date: /home/px4/ros2/ws/install/px4_msgs/include/px4_msgs/px4_msgs/msg/detail/ekf2_timestamps__type_support.c\n'}
[1.645349] (px4_msgs) StdoutLine: {'line': b'-- Up-to-date: /home/px4/ros2/ws/install/px4_msgs/include/px4_msgs/px4_msgs/msg/detail/estimator_aid_source3d__type_support.c\n'}
[1.645396] (px4_msgs) StdoutLine: {'line': b'-- Up-to-date: /home/px4/ros2/ws/install/px4_msgs/include/px4_msgs/px4_msgs/msg/detail/estimator_selector_status__rosidl_typesupport_introspection_c.h\n'}
[1.645460] (px4_msgs) StdoutLine: {'line': b'-- Up-to-date: /home/px4/ros2/ws/install/px4_msgs/include/px4_msgs/px4_msgs/msg/detail/fixed_wing_lateral_status__type_support.c\n'}
[1.645509] (px4_msgs) StdoutLine: {'line': b'-- Up-to-date: /home/px4/ros2/ws/install/px4_msgs/include/px4_msgs/px4_msgs/msg/detail/onboard_computer_status__type_support.c\n'}
[1.645574] (px4_msgs) StdoutLine: {'line': b'-- Up-to-date: /home/px4/ros2/ws/install/px4_msgs/include/px4_msgs/px4_msgs/msg/detail/sensors_status_imu__rosidl_typesupport_introspection_c.h\n'}
[1.645624] (px4_msgs) StdoutLine: {'line': b'-- Up-to-date: /home/px4/ros2/ws/install/px4_msgs/include/px4_msgs/px4_msgs/msg/detail/offboard_control_mode__type_support.c\n'}
[1.645671] (px4_msgs) StdoutLine: {'line': b'-- Up-to-date: /home/px4/ros2/ws/install/px4_msgs/include/px4_msgs/px4_msgs/msg/detail/manual_control_switches__type_support.c\n'}
[1.645718] (px4_msgs) StdoutLine: {'line': b'-- Up-to-date: /home/px4/ros2/ws/install/px4_msgs/include/px4_msgs/px4_msgs/msg/detail/message_format_response__type_support.c\n'}
[1.645763] (px4_msgs) StdoutLine: {'line': b'-- Up-to-date: /home/px4/ros2/ws/install/px4_msgs/include/px4_msgs/px4_msgs/msg/detail/estimator_sensor_bias__type_support.c\n'}
[1.645823] (px4_msgs) StdoutLine: {'line': b'-- Up-to-date: /home/px4/ros2/ws/install/px4_msgs/include/px4_msgs/px4_msgs/msg/detail/home_position__type_support.c\n'}
[1.645882] (px4_msgs) StdoutLine: {'line': b'-- Up-to-date: /home/px4/ros2/ws/install/px4_msgs/include/px4_msgs/px4_msgs/msg/detail/gimbal_manager_set_manual_control__rosidl_typesupport_introspection_c.h\n'}
[1.645938] (px4_msgs) StdoutLine: {'line': b'-- Up-to-date: /home/px4/ros2/ws/install/px4_msgs/include/px4_msgs/px4_msgs/msg/detail/estimator_bias3d__type_support.c\n'}
[1.645984] (px4_msgs) StdoutLine: {'line': b'-- Up-to-date: /home/px4/ros2/ws/install/px4_msgs/include/px4_msgs/px4_msgs/msg/detail/actuator_servos__type_support.c\n'}
[1.646031] (px4_msgs) StdoutLine: {'line': b'-- Up-to-date: /home/px4/ros2/ws/install/px4_msgs/include/px4_msgs/px4_msgs/msg/detail/landing_target_pose__type_support.c\n'}
[1.646078] (px4_msgs) StdoutLine: {'line': b'-- Up-to-date: /home/px4/ros2/ws/install/px4_msgs/include/px4_msgs/px4_msgs/msg/detail/button_event__type_support.c\n'}
[1.646124] (px4_msgs) StdoutLine: {'line': b'-- Up-to-date: /home/px4/ros2/ws/install/px4_msgs/include/px4_msgs/px4_msgs/msg/detail/debug_key_value__type_support.c\n'}
[1.646171] (px4_msgs) StdoutLine: {'line': b'-- Up-to-date: /home/px4/ros2/ws/install/px4_msgs/include/px4_msgs/px4_msgs/msg/detail/transponder_report__rosidl_typesupport_introspection_c.h\n'}
[1.646217] (px4_msgs) StdoutLine: {'line': b'-- Up-to-date: /home/px4/ros2/ws/install/px4_msgs/include/px4_msgs/px4_msgs/msg/detail/open_drone_id_operator_id__type_support.c\n'}
[1.646281] (px4_msgs) StdoutLine: {'line': b'-- Up-to-date: /home/px4/ros2/ws/install/px4_msgs/include/px4_msgs/px4_msgs/msg/detail/parameter_update__rosidl_typesupport_introspection_c.h\n'}
[1.646329] (px4_msgs) StdoutLine: {'line': b'-- Up-to-date: /home/px4/ros2/ws/install/px4_msgs/include/px4_msgs/px4_msgs/msg/detail/event__rosidl_typesupport_introspection_c.h\n'}
[1.646374] (px4_msgs) StdoutLine: {'line': b'-- Up-to-date: /home/px4/ros2/ws/install/px4_msgs/include/px4_msgs/px4_msgs/msg/detail/sensor_accel_fifo__type_support.c\n'}
[1.646437] (px4_msgs) StdoutLine: {'line': b'-- Up-to-date: /home/px4/ros2/ws/install/px4_msgs/include/px4_msgs/px4_msgs/msg/detail/sensor_optical_flow__rosidl_typesupport_introspection_c.h\n'}
[1.646485] (px4_msgs) StdoutLine: {'line': b'-- Up-to-date: /home/px4/ros2/ws/install/px4_msgs/include/px4_msgs/px4_msgs/msg/detail/geofence_result__rosidl_typesupport_introspection_c.h\n'}
[1.646539] (px4_msgs) StdoutLine: {'line': b'-- Up-to-date: /home/px4/ros2/ws/install/px4_msgs/include/px4_msgs/px4_msgs/msg/detail/airspeed__rosidl_typesupport_introspection_c.h\n'}
[1.646586] (px4_msgs) StdoutLine: {'line': b'-- Up-to-date: /home/px4/ros2/ws/install/px4_msgs/include/px4_msgs/px4_msgs/msg/detail/generator_status__rosidl_typesupport_introspection_c.h\n'}
[1.646661] (px4_msgs) StdoutLine: {'line': b'-- Up-to-date: /home/px4/ros2/ws/install/px4_msgs/include/px4_msgs/px4_msgs/msg/detail/hover_thrust_estimate__type_support.c\n'}
[1.646715] (px4_msgs) StdoutLine: {'line': b'-- Up-to-date: /home/px4/ros2/ws/install/px4_msgs/include/px4_msgs/px4_msgs/msg/detail/mode_completed__rosidl_typesupport_introspection_c.h\n'}
[1.646762] (px4_msgs) StdoutLine: {'line': b'-- Up-to-date: /home/px4/ros2/ws/install/px4_msgs/include/px4_msgs/px4_msgs/msg/detail/debug_array__rosidl_typesupport_introspection_c.h\n'}
[1.646808] (px4_msgs) StdoutLine: {'line': b'-- Up-to-date: /home/px4/ros2/ws/install/px4_msgs/include/px4_msgs/px4_msgs/msg/detail/arming_check_request__type_support.c\n'}
[1.646855] (px4_msgs) StdoutLine: {'line': b'-- Up-to-date: /home/px4/ros2/ws/install/px4_msgs/include/px4_msgs/px4_msgs/msg/detail/logger_status__rosidl_typesupport_introspection_c.h\n'}
[1.646918] (px4_msgs) StdoutLine: {'line': b'-- Up-to-date: /home/px4/ros2/ws/install/px4_msgs/include/px4_msgs/px4_msgs/msg/detail/gps_dump__rosidl_typesupport_introspection_c.h\n'}
[1.646968] (px4_msgs) StdoutLine: {'line': b'-- Up-to-date: /home/px4/ros2/ws/install/px4_msgs/include/px4_msgs/px4_msgs/msg/detail/actuator_armed__rosidl_typesupport_introspection_c.h\n'}
[1.647014] (px4_msgs) StdoutLine: {'line': b'-- Up-to-date: /home/px4/ros2/ws/install/px4_msgs/include/px4_msgs/px4_msgs/msg/detail/actuator_controls_status__type_support.c\n'}
[1.647075] (px4_msgs) StdoutLine: {'line': b'-- Up-to-date: /home/px4/ros2/ws/install/px4_msgs/include/px4_msgs/px4_msgs/msg/detail/orb_test__rosidl_typesupport_introspection_c.h\n'}
[1.647123] (px4_msgs) StdoutLine: {'line': b'-- Up-to-date: /home/px4/ros2/ws/install/px4_msgs/include/px4_msgs/px4_msgs/msg/detail/vehicle_imu__rosidl_typesupport_introspection_c.h\n'}
[1.647168] (px4_msgs) StdoutLine: {'line': b'-- Up-to-date: /home/px4/ros2/ws/install/px4_msgs/include/px4_msgs/px4_msgs/msg/detail/open_drone_id_system__type_support.c\n'}
[1.647238] (px4_msgs) StdoutLine: {'line': b'-- Up-to-date: /home/px4/ros2/ws/install/px4_msgs/include/px4_msgs/px4_msgs/msg/detail/sensor_correction__type_support.c\n'}
[1.647286] (px4_msgs) StdoutLine: {'line': b'-- Up-to-date: /home/px4/ros2/ws/install/px4_msgs/include/px4_msgs/px4_msgs/msg/detail/vehicle_odometry__type_support.c\n'}
[1.647333] (px4_msgs) StdoutLine: {'line': b'-- Up-to-date: /home/px4/ros2/ws/install/px4_msgs/include/px4_msgs/px4_msgs/msg/detail/hover_thrust_estimate__rosidl_typesupport_introspection_c.h\n'}
[1.647378] (px4_msgs) StdoutLine: {'line': b'-- Up-to-date: /home/px4/ros2/ws/install/px4_msgs/include/px4_msgs/px4_msgs/msg/detail/mission_result__rosidl_typesupport_introspection_c.h\n'}
[1.647428] (px4_msgs) StdoutLine: {'line': b'-- Up-to-date: /home/px4/ros2/ws/install/px4_msgs/include/px4_msgs/px4_msgs/msg/detail/neural_control__rosidl_typesupport_introspection_c.h\n'}
[1.647491] (px4_msgs) StdoutLine: {'line': b'-- Up-to-date: /home/px4/ros2/ws/install/px4_msgs/include/px4_msgs/px4_msgs/msg/detail/rtl_status__type_support.c\n'}
[1.647538] (px4_msgs) StdoutLine: {'line': b'-- Up-to-date: /home/px4/ros2/ws/install/px4_msgs/include/px4_msgs/px4_msgs/msg/detail/navigator_mission_item__type_support.c\n'}
[1.647585] (px4_msgs) StdoutLine: {'line': b'-- Up-to-date: /home/px4/ros2/ws/install/px4_msgs/include/px4_msgs/px4_msgs/msg/detail/dataman_response__type_support.c\n'}
[1.647631] (px4_msgs) StdoutLine: {'line': b'-- Up-to-date: /home/px4/ros2/ws/install/px4_msgs/include/px4_msgs/px4_msgs/msg/detail/rover_attitude_status__type_support.c\n'}
[1.647677] (px4_msgs) StdoutLine: {'line': b'-- Up-to-date: /home/px4/ros2/ws/install/px4_msgs/include/px4_msgs/px4_msgs/msg/detail/arming_check_request__rosidl_typesupport_introspection_c.h\n'}
[1.647723] (px4_msgs) StdoutLine: {'line': b'-- Up-to-date: /home/px4/ros2/ws/install/px4_msgs/include/px4_msgs/px4_msgs/msg/detail/follow_target__type_support.c\n'}
[1.647769] (px4_msgs) StdoutLine: {'line': b'-- Up-to-date: /home/px4/ros2/ws/install/px4_msgs/include/px4_msgs/px4_msgs/msg/detail/estimator_aid_source2d__rosidl_typesupport_introspection_c.h\n'}
[1.647815] (px4_msgs) StdoutLine: {'line': b'-- Up-to-date: /home/px4/ros2/ws/install/px4_msgs/include/px4_msgs/px4_msgs/msg/detail/landing_gear_wheel__type_support.c\n'}
[1.647880] (px4_msgs) StdoutLine: {'line': b'-- Up-to-date: /home/px4/ros2/ws/install/px4_msgs/include/px4_msgs/px4_msgs/msg/detail/radio_status__type_support.c\n'}
[1.647942] (px4_msgs) StdoutLine: {'line': b'-- Up-to-date: /home/px4/ros2/ws/install/px4_msgs/include/px4_msgs/px4_msgs/msg/detail/gripper__rosidl_typesupport_introspection_c.h\n'}
[1.648004] (px4_msgs) StdoutLine: {'line': b'-- Up-to-date: /home/px4/ros2/ws/install/px4_msgs/include/px4_msgs/px4_msgs/msg/detail/rover_rate_setpoint__type_support.c\n'}
[1.648072] (px4_msgs) StdoutLine: {'line': b'-- Up-to-date: /home/px4/ros2/ws/install/px4_msgs/include/px4_msgs/px4_msgs/msg/detail/sensor_gyro_fft__rosidl_typesupport_introspection_c.h\n'}
[1.648123] (px4_msgs) StdoutLine: {'line': b'-- Up-to-date: /home/px4/ros2/ws/install/px4_msgs/include/px4_msgs/px4_msgs/msg/detail/battery_info__rosidl_typesupport_introspection_c.h\n'}
[1.648169] (px4_msgs) StdoutLine: {'line': b'-- Up-to-date: /home/px4/ros2/ws/install/px4_msgs/include/px4_msgs/px4_msgs/msg/detail/actuator_test__rosidl_typesupport_introspection_c.h\n'}
[1.648217] (px4_msgs) StdoutLine: {'line': b'-- Up-to-date: /home/px4/ros2/ws/install/px4_msgs/include/px4_msgs/px4_msgs/msg/detail/sensor_gyro__rosidl_typesupport_introspection_c.h\n'}
[1.648294] (px4_msgs) StdoutLine: {'line': b'-- Up-to-date: /home/px4/ros2/ws/install/px4_msgs/include/px4_msgs/px4_msgs/msg/detail/rc_parameter_map__rosidl_typesupport_introspection_c.h\n'}
[1.648344] (px4_msgs) StdoutLine: {'line': b'-- Up-to-date: /home/px4/ros2/ws/install/px4_msgs/include/px4_msgs/px4_msgs/msg/detail/power_button_state__type_support.c\n'}
[1.648392] (px4_msgs) StdoutLine: {'line': b'-- Up-to-date: /home/px4/ros2/ws/install/px4_msgs/include/px4_msgs/px4_msgs/msg/detail/tecs_status__type_support.c\n'}
[1.648439] (px4_msgs) StdoutLine: {'line': b'-- Up-to-date: /home/px4/ros2/ws/install/px4_msgs/include/px4_msgs/px4_msgs/msg/detail/rc_parameter_map__type_support.c\n'}
[1.648483] (px4_msgs) StdoutLine: {'line': b'-- Up-to-date: /home/px4/ros2/ws/install/px4_msgs/include/px4_msgs/px4_msgs/msg/detail/geofence_result__type_support.c\n'}
[1.648537] (px4_msgs) StdoutLine: {'line': b'-- Up-to-date: /home/px4/ros2/ws/install/px4_msgs/include/px4_msgs/px4_msgs/msg/detail/airspeed_validated__rosidl_typesupport_introspection_c.h\n'}
[1.648584] (px4_msgs) StdoutLine: {'line': b'-- Up-to-date: /home/px4/ros2/ws/install/px4_msgs/include/px4_msgs/px4_msgs/msg/detail/open_drone_id_arm_status__type_support.c\n'}
[1.648630] (px4_msgs) StdoutLine: {'line': b'-- Up-to-date: /home/px4/ros2/ws/install/px4_msgs/include/px4_msgs/px4_msgs/msg/detail/vehicle_command__type_support.c\n'}
[1.648676] (px4_msgs) StdoutLine: {'line': b'-- Up-to-date: /home/px4/ros2/ws/install/px4_msgs/include/px4_msgs/px4_msgs/msg/detail/actuator_servos_trim__type_support.c\n'}
[1.648730] (px4_msgs) StdoutLine: {'line': b'-- Up-to-date: /home/px4/ros2/ws/install/px4_msgs/include/px4_msgs/px4_msgs/msg/detail/pwm_input__rosidl_typesupport_introspection_c.h\n'}
[1.648776] (px4_msgs) StdoutLine: {'line': b'-- Up-to-date: /home/px4/ros2/ws/install/px4_msgs/include/px4_msgs/px4_msgs/msg/detail/longitudinal_control_configuration__type_support.c\n'}
[1.648822] (px4_msgs) StdoutLine: {'line': b'-- Up-to-date: /home/px4/ros2/ws/install/px4_msgs/include/px4_msgs/px4_msgs/msg/detail/vehicle_roi__type_support.c\n'}
[1.648878] (px4_msgs) StdoutLine: {'line': b'-- Up-to-date: /home/px4/ros2/ws/install/px4_msgs/include/px4_msgs/px4_msgs/msg/detail/rc_channels__type_support.c\n'}
[1.648951] (px4_msgs) StdoutLine: {'line': b'-- Up-to-date: /home/px4/ros2/ws/install/px4_msgs/include/px4_msgs/px4_msgs/msg/detail/gpio_in__type_support.c\n'}
[1.649000] (px4_msgs) StdoutLine: {'line': b'-- Up-to-date: /home/px4/ros2/ws/install/px4_msgs/include/px4_msgs/px4_msgs/msg/detail/vehicle_local_position__type_support.c\n'}
[1.649049] (px4_msgs) StdoutLine: {'line': b'-- Up-to-date: /home/px4/ros2/ws/install/px4_msgs/include/px4_msgs/px4_msgs/msg/detail/sensor_hygrometer__type_support.c\n'}
[1.649115] (px4_msgs) StdoutLine: {'line': b'-- Up-to-date: /home/px4/ros2/ws/install/px4_msgs/include/px4_msgs/px4_msgs/msg/detail/qshell_req__type_support.c\n'}
[1.649163] (px4_msgs) StdoutLine: {'line': b'-- Up-to-date: /home/px4/ros2/ws/install/px4_msgs/include/px4_msgs/px4_msgs/msg/detail/adc_report__type_support.c\n'}
[1.649211] (px4_msgs) StdoutLine: {'line': b'-- Up-to-date: /home/px4/ros2/ws/install/px4_msgs/include/px4_msgs/px4_msgs/msg/detail/estimator_status__rosidl_typesupport_introspection_c.h\n'}
[1.649257] (px4_msgs) StdoutLine: {'line': b'-- Up-to-date: /home/px4/ros2/ws/install/px4_msgs/include/px4_msgs/px4_msgs/msg/detail/yaw_estimator_status__type_support.c\n'}
[1.649303] (px4_msgs) StdoutLine: {'line': b'-- Up-to-date: /home/px4/ros2/ws/install/px4_msgs/include/px4_msgs/px4_msgs/msg/detail/vehicle_global_position__rosidl_typesupport_introspection_c.h\n'}
[1.649349] (px4_msgs) StdoutLine: {'line': b'-- Up-to-date: /home/px4/ros2/ws/install/px4_msgs/include/px4_msgs/px4_msgs/msg/detail/battery_status__rosidl_typesupport_introspection_c.h\n'}
[1.649395] (px4_msgs) StdoutLine: {'line': b'-- Up-to-date: /home/px4/ros2/ws/install/px4_msgs/include/px4_msgs/px4_msgs/msg/detail/parameter_set_value_request__rosidl_typesupport_introspection_c.h\n'}
[1.649441] (px4_msgs) StdoutLine: {'line': b'-- Up-to-date: /home/px4/ros2/ws/install/px4_msgs/include/px4_msgs/px4_msgs/msg/detail/gpio_out__rosidl_typesupport_introspection_c.h\n'}
[1.649486] (px4_msgs) StdoutLine: {'line': b'-- Up-to-date: /home/px4/ros2/ws/install/px4_msgs/include/px4_msgs/px4_msgs/msg/detail/failure_detector_status__type_support.c\n'}
[1.649563] (px4_msgs) StdoutLine: {'line': b'-- Up-to-date: /home/px4/ros2/ws/install/px4_msgs/include/px4_msgs/px4_msgs/msg/detail/vehicle_torque_setpoint__type_support.c\n'}
[1.649615] (px4_msgs) StdoutLine: {'line': b'-- Up-to-date: /home/px4/ros2/ws/install/px4_msgs/include/px4_msgs/px4_msgs/msg/detail/rpm__rosidl_typesupport_introspection_c.h\n'}
[1.649660] (px4_msgs) StdoutLine: {'line': b'-- Up-to-date: /home/px4/ros2/ws/install/px4_msgs/include/px4_msgs/px4_msgs/msg/detail/rover_attitude_setpoint__rosidl_typesupport_introspection_c.h\n'}
[1.649724] (px4_msgs) StdoutLine: {'line': b'-- Up-to-date: /home/px4/ros2/ws/install/px4_msgs/include/px4_msgs/px4_msgs/msg/detail/airspeed_wind__rosidl_typesupport_introspection_c.h\n'}
[1.649772] (px4_msgs) StdoutLine: {'line': b'-- Up-to-date: /home/px4/ros2/ws/install/px4_msgs/include/px4_msgs/px4_msgs/msg/detail/vehicle_control_mode__rosidl_typesupport_introspection_c.h\n'}
[1.649819] (px4_msgs) StdoutLine: {'line': b'-- Up-to-date: /home/px4/ros2/ws/install/px4_msgs/include/px4_msgs/px4_msgs/msg/detail/vehicle_magnetometer__type_support.c\n'}
[1.649874] (px4_msgs) StdoutLine: {'line': b'-- Up-to-date: /home/px4/ros2/ws/install/px4_msgs/include/px4_msgs/px4_msgs/msg/detail/mavlink_log__rosidl_typesupport_introspection_c.h\n'}
[1.649953] (px4_msgs) StdoutLine: {'line': b'-- Up-to-date: /home/px4/ros2/ws/install/px4_msgs/include/px4_msgs/px4_msgs/msg/detail/actuator_outputs__rosidl_typesupport_introspection_c.h\n'}
[1.650003] (px4_msgs) StdoutLine: {'line': b'-- Up-to-date: /home/px4/ros2/ws/install/px4_msgs/include/px4_msgs/px4_msgs/msg/detail/vehicle_status__type_support.c\n'}
[1.650050] (px4_msgs) StdoutLine: {'line': b'-- Up-to-date: /home/px4/ros2/ws/install/px4_msgs/include/px4_msgs/px4_msgs/msg/detail/actuator_servos_trim__rosidl_typesupport_introspection_c.h\n'}
[1.650095] (px4_msgs) StdoutLine: {'line': b'-- Up-to-date: /home/px4/ros2/ws/install/px4_msgs/include/px4_msgs/px4_msgs/msg/detail/message_format_request__rosidl_typesupport_introspection_c.h\n'}
[1.650142] (px4_msgs) StdoutLine: {'line': b'-- Up-to-date: /home/px4/ros2/ws/install/px4_msgs/include/px4_msgs/px4_msgs/msg/detail/estimator_status_flags__type_support.c\n'}
[1.650187] (px4_msgs) StdoutLine: {'line': b'-- Up-to-date: /home/px4/ros2/ws/install/px4_msgs/include/px4_msgs/px4_msgs/msg/detail/onboard_computer_status__rosidl_typesupport_introspection_c.h\n'}
[1.650233] (px4_msgs) StdoutLine: {'line': b'-- Up-to-date: /home/px4/ros2/ws/install/px4_msgs/include/px4_msgs/px4_msgs/msg/detail/gimbal_device_information__rosidl_typesupport_introspection_c.h\n'}
[1.650286] (px4_msgs) StdoutLine: {'line': b'-- Up-to-date: /home/px4/ros2/ws/install/px4_msgs/include/px4_msgs/px4_msgs/msg/detail/gimbal_manager_information__rosidl_typesupport_introspection_c.h\n'}
[1.650333] (px4_msgs) StdoutLine: {'line': b'-- Up-to-date: /home/px4/ros2/ws/install/px4_msgs/include/px4_msgs/px4_msgs/msg/detail/sensor_gyro__type_support.c\n'}
[1.650398] (px4_msgs) StdoutLine: {'line': b'-- Up-to-date: /home/px4/ros2/ws/install/px4_msgs/include/px4_msgs/px4_msgs/msg/detail/cpuload__rosidl_typesupport_introspection_c.h\n'}
[1.650447] (px4_msgs) StdoutLine: {'line': b'-- Up-to-date: /home/px4/ros2/ws/install/px4_msgs/include/px4_msgs/px4_msgs/msg/detail/gpio_config__rosidl_typesupport_introspection_c.h\n'}
[1.650492] (px4_msgs) StdoutLine: {'line': b'-- Up-to-date: /home/px4/ros2/ws/install/px4_msgs/include/px4_msgs/px4_msgs/msg/detail/rover_velocity_status__rosidl_typesupport_introspection_c.h\n'}
[1.650559] (px4_msgs) StdoutLine: {'line': b'-- Up-to-date: /home/px4/ros2/ws/install/px4_msgs/include/px4_msgs/px4_msgs/msg/detail/open_drone_id_self_id__type_support.c\n'}
[1.650607] (px4_msgs) StdoutLine: {'line': b'-- Up-to-date: /home/px4/ros2/ws/install/px4_msgs/include/px4_msgs/px4_msgs/msg/detail/orbit_status__type_support.c\n'}
[1.650656] (px4_msgs) StdoutLine: {'line': b'-- Up-to-date: /home/px4/ros2/ws/install/px4_msgs/include/px4_msgs/px4_msgs/msg/detail/iridiumsbd_status__rosidl_typesupport_introspection_c.h\n'}
[1.650714] (px4_msgs) StdoutLine: {'line': b'-- Up-to-date: /home/px4/ros2/ws/install/px4_msgs/include/px4_msgs/px4_msgs/msg/detail/heater_status__rosidl_typesupport_introspection_c.h\n'}
[1.650763] (px4_msgs) StdoutLine: {'line': b'-- Up-to-date: /home/px4/ros2/ws/install/px4_msgs/include/px4_msgs/px4_msgs/msg/detail/gimbal_device_set_attitude__rosidl_typesupport_introspection_c.h\n'}
[1.650809] (px4_msgs) StdoutLine: {'line': b'-- Up-to-date: /home/px4/ros2/ws/install/px4_msgs/include/px4_msgs/px4_msgs/msg/detail/velocity_limits__rosidl_typesupport_introspection_c.h\n'}
[1.650856] (px4_msgs) StdoutLine: {'line': b'-- Up-to-date: /home/px4/ros2/ws/install/px4_msgs/include/px4_msgs/px4_msgs/msg/detail/mavlink_tunnel__rosidl_typesupport_introspection_c.h\n'}
[1.650918] (px4_msgs) StdoutLine: {'line': b'-- Up-to-date: /home/px4/ros2/ws/install/px4_msgs/include/px4_msgs/px4_msgs/msg/detail/actuator_test__type_support.c\n'}
[1.650966] (px4_msgs) StdoutLine: {'line': b'-- Up-to-date: /home/px4/ros2/ws/install/px4_msgs/include/px4_msgs/px4_msgs/msg/detail/esc_status__type_support.c\n'}
[1.651025] (px4_msgs) StdoutLine: {'line': b'-- Up-to-date: /home/px4/ros2/ws/install/px4_msgs/include/px4_msgs/px4_msgs/msg/detail/flight_phase_estimation__type_support.c\n'}
[1.651081] (px4_msgs) StdoutLine: {'line': b'-- Up-to-date: /home/px4/ros2/ws/install/px4_msgs/include/px4_msgs/px4_msgs/msg/detail/differential_pressure__type_support.c\n'}
[1.651129] (px4_msgs) StdoutLine: {'line': b'-- Up-to-date: /home/px4/ros2/ws/install/px4_msgs/include/px4_msgs/px4_msgs/msg/detail/uavcan_parameter_request__rosidl_typesupport_introspection_c.h\n'}
[1.651175] (px4_msgs) StdoutLine: {'line': b'-- Up-to-date: /home/px4/ros2/ws/install/px4_msgs/include/px4_msgs/px4_msgs/msg/detail/vehicle_imu__type_support.c\n'}
[1.651221] (px4_msgs) StdoutLine: {'line': b'-- Up-to-date: /home/px4/ros2/ws/install/px4_msgs/include/px4_msgs/px4_msgs/msg/detail/sensor_gyro_fft__type_support.c\n'}
[1.651267] (px4_msgs) StdoutLine: {'line': b'-- Up-to-date: /home/px4/ros2/ws/install/px4_msgs/include/px4_msgs/px4_msgs/msg/detail/power_monitor__type_support.c\n'}
[1.651331] (px4_msgs) StdoutLine: {'line': b'-- Up-to-date: /home/px4/ros2/ws/install/px4_msgs/include/px4_msgs/px4_msgs/msg/detail/failsafe_flags__type_support.c\n'}
[1.651396] (px4_msgs) StdoutLine: {'line': b'-- Up-to-date: /home/px4/ros2/ws/install/px4_msgs/include/px4_msgs/px4_msgs/msg/detail/can_interface_status__type_support.c\n'}
[1.651451] (px4_msgs) StdoutLine: {'line': b'-- Up-to-date: /home/px4/ros2/ws/install/px4_msgs/include/px4_msgs/px4_msgs/msg/detail/button_event__rosidl_typesupport_introspection_c.h\n'}
[1.651499] (px4_msgs) StdoutLine: {'line': b'-- Up-to-date: /home/px4/ros2/ws/install/px4_msgs/include/px4_msgs/px4_msgs/msg/detail/vehicle_land_detected__rosidl_typesupport_introspection_c.h\n'}
[1.651555] (px4_msgs) StdoutLine: {'line': b'-- Up-to-date: /home/px4/ros2/ws/install/px4_msgs/include/px4_msgs/px4_msgs/msg/detail/estimator_innovations__rosidl_typesupport_introspection_c.h\n'}
[1.651601] (px4_msgs) StdoutLine: {'line': b'-- Up-to-date: /home/px4/ros2/ws/install/px4_msgs/include/px4_msgs/px4_msgs/msg/detail/parameter_set_used_request__type_support.c\n'}
[1.651665] (px4_msgs) StdoutLine: {'line': b'-- Up-to-date: /home/px4/ros2/ws/install/px4_msgs/include/px4_msgs/px4_msgs/msg/detail/manual_control_setpoint__type_support.c\n'}
[1.651714] (px4_msgs) StdoutLine: {'line': b'-- Up-to-date: /home/px4/ros2/ws/install/px4_msgs/include/px4_msgs/px4_msgs/msg/detail/estimator_gps_status__type_support.c\n'}
[1.651759] (px4_msgs) StdoutLine: {'line': b'-- Up-to-date: /home/px4/ros2/ws/install/px4_msgs/include/px4_msgs/px4_msgs/msg/detail/uavcan_parameter_request__type_support.c\n'}
[1.651821] (px4_msgs) StdoutLine: {'line': b'-- Up-to-date: /home/px4/ros2/ws/install/px4_msgs/include/px4_msgs/px4_msgs/msg/detail/sensor_gnss_relative__type_support.c\n'}
[1.651877] (px4_msgs) StdoutLine: {'line': b'-- Up-to-date: /home/px4/ros2/ws/install/px4_msgs/include/px4_msgs/px4_msgs/msg/detail/fixed_wing_lateral_setpoint__rosidl_typesupport_introspection_c.h\n'}
[1.651932] (px4_msgs) StdoutLine: {'line': b'-- Up-to-date: /home/px4/ros2/ws/install/px4_msgs/include/px4_msgs/px4_msgs/msg/detail/gps_inject_data__rosidl_typesupport_introspection_c.h\n'}
[1.651979] (px4_msgs) StdoutLine: {'line': b'-- Up-to-date: /home/px4/ros2/ws/install/px4_msgs/include/px4_msgs/px4_msgs/msg/detail/sensor_selection__type_support.c\n'}
[1.652026] (px4_msgs) StdoutLine: {'line': b'-- Up-to-date: /home/px4/ros2/ws/install/px4_msgs/include/px4_msgs/px4_msgs/msg/detail/actuator_motors__rosidl_typesupport_introspection_c.h\n'}
[1.652072] (px4_msgs) StdoutLine: {'line': b'-- Up-to-date: /home/px4/ros2/ws/install/px4_msgs/include/px4_msgs/px4_msgs/msg/detail/mission__rosidl_typesupport_introspection_c.h\n'}
[1.652119] (px4_msgs) StdoutLine: {'line': b'-- Up-to-date: /home/px4/ros2/ws/install/px4_msgs/include/px4_msgs/px4_msgs/msg/detail/parameter_reset_request__type_support.c\n'}
[1.652179] (px4_msgs) StdoutLine: {'line': b'-- Up-to-date: /home/px4/ros2/ws/install/px4_msgs/include/px4_msgs/px4_msgs/msg/detail/esc_report__rosidl_typesupport_introspection_c.h\n'}
[1.652227] (px4_msgs) StdoutLine: {'line': b'-- Up-to-date: /home/px4/ros2/ws/install/px4_msgs/include/px4_msgs/px4_msgs/msg/detail/position_setpoint__rosidl_typesupport_introspection_c.h\n'}
[1.652273] (px4_msgs) StdoutLine: {'line': b'-- Up-to-date: /home/px4/ros2/ws/install/px4_msgs/include/px4_msgs/px4_msgs/msg/detail/rpm__type_support.c\n'}
[1.652319] (px4_msgs) StdoutLine: {'line': b'-- Up-to-date: /home/px4/ros2/ws/install/px4_msgs/include/px4_msgs/px4_msgs/msg/detail/camera_status__type_support.c\n'}
[1.652365] (px4_msgs) StdoutLine: {'line': b'-- Up-to-date: /home/px4/ros2/ws/install/px4_msgs/include/px4_msgs/px4_msgs/msg/detail/rover_velocity_setpoint__type_support.c\n'}
[1.652411] (px4_msgs) StdoutLine: {'line': b'-- Up-to-date: /home/px4/ros2/ws/install/px4_msgs/include/px4_msgs/px4_msgs/msg/detail/pure_pursuit_status__rosidl_typesupport_introspection_c.h\n'}
[1.652457] (px4_msgs) StdoutLine: {'line': b'-- Up-to-date: /home/px4/ros2/ws/install/px4_msgs/include/px4_msgs/px4_msgs/msg/detail/magnetometer_bias_estimate__rosidl_typesupport_introspection_c.h\n'}
[1.652503] (px4_msgs) StdoutLine: {'line': b'-- Up-to-date: /home/px4/ros2/ws/install/px4_msgs/include/px4_msgs/px4_msgs/msg/detail/ulog_stream_ack__type_support.c\n'}
[1.652556] (px4_msgs) StdoutLine: {'line': b'-- Up-to-date: /home/px4/ros2/ws/install/px4_msgs/include/px4_msgs/px4_msgs/msg/detail/estimator_aid_source1d__rosidl_typesupport_introspection_c.h\n'}
[1.652609] (px4_msgs) StdoutLine: {'line': b'-- Up-to-date: /home/px4/ros2/ws/install/px4_msgs/include/px4_msgs/px4_msgs/msg/detail/estimator_selector_status__type_support.c\n'}
[1.652657] (px4_msgs) StdoutLine: {'line': b'-- Up-to-date: /home/px4/ros2/ws/install/px4_msgs/include/px4_msgs/px4_msgs/msg/detail/collision_constraints__type_support.c\n'}
[1.652702] (px4_msgs) StdoutLine: {'line': b'-- Up-to-date: /home/px4/ros2/ws/install/px4_msgs/include/px4_msgs/px4_msgs/msg/detail/dronecan_node_status__rosidl_typesupport_introspection_c.h\n'}
[1.652762] (px4_msgs) StdoutLine: {'line': b'-- Up-to-date: /home/px4/ros2/ws/install/px4_msgs/include/px4_msgs/px4_msgs/msg/detail/dataman_request__rosidl_typesupport_introspection_c.h\n'}
[1.652811] (px4_msgs) StdoutLine: {'line': b'-- Up-to-date: /home/px4/ros2/ws/install/px4_msgs/include/px4_msgs/px4_msgs/msg/detail/figure_eight_status__rosidl_typesupport_introspection_c.h\n'}
[1.652858] (px4_msgs) StdoutLine: {'line': b'-- Up-to-date: /home/px4/ros2/ws/install/px4_msgs/include/px4_msgs/px4_msgs/msg/detail/vehicle_local_position_setpoint__type_support.c\n'}
[1.652922] (px4_msgs) StdoutLine: {'line': b'-- Up-to-date: /home/px4/ros2/ws/install/px4_msgs/include/px4_msgs/px4_msgs/msg/detail/sensor_accel__type_support.c\n'}
[1.652985] (px4_msgs) StdoutLine: {'line': b'-- Up-to-date: /home/px4/ros2/ws/install/px4_msgs/include/px4_msgs/px4_msgs/msg/detail/message_format_request__type_support.c\n'}
[1.653034] (px4_msgs) StdoutLine: {'line': b'-- Up-to-date: /home/px4/ros2/ws/install/px4_msgs/include/px4_msgs/px4_msgs/msg/detail/arming_check_reply__type_support.c\n'}
[1.653091] (px4_msgs) StdoutLine: {'line': b'-- Up-to-date: /home/px4/ros2/ws/install/px4_msgs/include/px4_msgs/px4_msgs/msg/detail/ulog_stream_ack__rosidl_typesupport_introspection_c.h\n'}
[1.653139] (px4_msgs) StdoutLine: {'line': b'-- Up-to-date: /home/px4/ros2/ws/install/px4_msgs/include/px4_msgs/px4_msgs/msg/detail/vehicle_constraints__rosidl_typesupport_introspection_c.h\n'}
[1.653185] (px4_msgs) StdoutLine: {'line': b'-- Up-to-date: /home/px4/ros2/ws/install/px4_msgs/include/px4_msgs/px4_msgs/msg/detail/rc_channels__rosidl_typesupport_introspection_c.h\n'}
[1.653232] (px4_msgs) StdoutLine: {'line': b'-- Up-to-date: /home/px4/ros2/ws/install/px4_msgs/include/px4_msgs/px4_msgs/msg/detail/lateral_control_configuration__rosidl_typesupport_introspection_c.h\n'}
[1.653278] (px4_msgs) StdoutLine: {'line': b'-- Up-to-date: /home/px4/ros2/ws/install/px4_msgs/include/px4_msgs/px4_msgs/msg/detail/battery_info__type_support.c\n'}
[1.653323] (px4_msgs) StdoutLine: {'line': b'-- Up-to-date: /home/px4/ros2/ws/install/px4_msgs/include/px4_msgs/px4_msgs/msg/detail/vehicle_attitude__rosidl_typesupport_introspection_c.h\n'}
[1.653369] (px4_msgs) StdoutLine: {'line': b'-- Up-to-date: /home/px4/ros2/ws/install/px4_msgs/include/px4_msgs/px4_msgs/msg/detail/differential_pressure__rosidl_typesupport_introspection_c.h\n'}
[1.653430] (px4_msgs) StdoutLine: {'line': b'-- Up-to-date: /home/px4/ros2/ws/install/px4_msgs/include/px4_msgs/px4_msgs/msg/detail/position_setpoint_triplet__rosidl_typesupport_introspection_c.h\n'}
[1.653479] (px4_msgs) StdoutLine: {'line': b'-- Up-to-date: /home/px4/ros2/ws/install/px4_msgs/include/px4_msgs/px4_msgs/msg/detail/register_ext_component_reply__rosidl_typesupport_introspection_c.h\n'}
[1.653525] (px4_msgs) StdoutLine: {'line': b'-- Up-to-date: /home/px4/ros2/ws/install/px4_msgs/include/px4_msgs/px4_msgs/msg/detail/parameter_reset_request__rosidl_typesupport_introspection_c.h\n'}
[1.653584] (px4_msgs) StdoutLine: {'line': b'-- Up-to-date: /home/px4/ros2/ws/install/px4_msgs/include/px4_msgs/px4_msgs/msg/detail/gpio_request__rosidl_typesupport_introspection_c.h\n'}
[1.653631] (px4_msgs) StdoutLine: {'line': b'-- Up-to-date: /home/px4/ros2/ws/install/px4_msgs/include/px4_msgs/px4_msgs/msg/detail/mission__type_support.c\n'}
[1.653678] (px4_msgs) StdoutLine: {'line': b'-- Up-to-date: /home/px4/ros2/ws/install/px4_msgs/include/px4_msgs/px4_msgs/msg/detail/estimator_sensor_bias__rosidl_typesupport_introspection_c.h\n'}
[1.653731] (px4_msgs) StdoutLine: {'line': b'-- Up-to-date: /home/px4/ros2/ws/install/px4_msgs/include/px4_msgs/px4_msgs/msg/detail/iridiumsbd_status__type_support.c\n'}
[1.653790] (px4_msgs) StdoutLine: {'line': b'-- Up-to-date: /home/px4/ros2/ws/install/px4_msgs/include/px4_msgs/px4_msgs/msg/detail/estimator_aid_source3d__rosidl_typesupport_introspection_c.h\n'}
[1.653838] (px4_msgs) StdoutLine: {'line': b'-- Up-to-date: /home/px4/ros2/ws/install/px4_msgs/include/px4_msgs/px4_msgs/msg/detail/camera_status__rosidl_typesupport_introspection_c.h\n'}
[1.653899] (px4_msgs) StdoutLine: {'line': b'-- Up-to-date: /home/px4/ros2/ws/install/px4_msgs/include/px4_msgs/px4_msgs/msg/detail/camera_capture__type_support.c\n'}
[1.653951] (px4_msgs) StdoutLine: {'line': b'-- Up-to-date: /home/px4/ros2/ws/install/px4_msgs/include/px4_msgs/px4_msgs/msg/detail/mavlink_tunnel__type_support.c\n'}
[1.654004] (px4_msgs) StdoutLine: {'line': b'-- Up-to-date: /home/px4/ros2/ws/install/px4_msgs/include/px4_msgs/px4_msgs/msg/detail/actuator_outputs__type_support.c\n'}
[1.654051] (px4_msgs) StdoutLine: {'line': b'-- Up-to-date: /home/px4/ros2/ws/install/px4_msgs/include/px4_msgs/px4_msgs/msg/detail/vehicle_roi__rosidl_typesupport_introspection_c.h\n'}
[1.654098] (px4_msgs) StdoutLine: {'line': b'-- Up-to-date: /home/px4/ros2/ws/install/px4_msgs/include/px4_msgs/px4_msgs/msg/detail/fixed_wing_longitudinal_setpoint__type_support.c\n'}
[1.654146] (px4_msgs) StdoutLine: {'line': b'-- Up-to-date: /home/px4/ros2/ws/install/px4_msgs/include/px4_msgs/px4_msgs/msg/detail/actuator_motors__type_support.c\n'}
[1.654192] (px4_msgs) StdoutLine: {'line': b'-- Up-to-date: /home/px4/ros2/ws/install/px4_msgs/include/px4_msgs/px4_msgs/msg/detail/ping__rosidl_typesupport_introspection_c.h\n'}
[1.654256] (px4_msgs) StdoutLine: {'line': b'-- Up-to-date: /home/px4/ros2/ws/install/px4_msgs/include/px4_msgs/px4_msgs/msg/detail/parameter_set_value_response__type_support.c\n'}
[1.654305] (px4_msgs) StdoutLine: {'line': b'-- Up-to-date: /home/px4/ros2/ws/install/px4_msgs/include/px4_msgs/px4_msgs/msg/detail/rover_velocity_status__type_support.c\n'}
[1.654350] (px4_msgs) StdoutLine: {'line': b'-- Up-to-date: /home/px4/ros2/ws/install/px4_msgs/include/px4_msgs/px4_msgs/msg/detail/gimbal_device_set_attitude__type_support.c\n'}
[1.654411] (px4_msgs) StdoutLine: {'line': b'-- Up-to-date: /home/px4/ros2/ws/install/px4_msgs/include/px4_msgs/px4_msgs/msg/detail/rover_position_setpoint__type_support.c\n'}
[1.654459] (px4_msgs) StdoutLine: {'line': b'-- Up-to-date: /home/px4/ros2/ws/install/px4_msgs/include/px4_msgs/px4_msgs/msg/detail/message_format_response__rosidl_typesupport_introspection_c.h\n'}
[1.654506] (px4_msgs) StdoutLine: {'line': b'-- Up-to-date: /home/px4/ros2/ws/install/px4_msgs/include/px4_msgs/px4_msgs/msg/detail/parameter_set_used_request__rosidl_typesupport_introspection_c.h\n'}
[1.654552] (px4_msgs) StdoutLine: {'line': b'-- Up-to-date: /home/px4/ros2/ws/install/px4_msgs/include/px4_msgs/px4_msgs/msg/detail/estimator_event_flags__rosidl_typesupport_introspection_c.h\n'}
[1.654628] (px4_msgs) StdoutLine: {'line': b'-- Up-to-date: /home/px4/ros2/ws/install/px4_msgs/include/px4_msgs/px4_msgs/msg/detail/position_controller_status__rosidl_typesupport_introspection_c.h\n'}
[1.654676] (px4_msgs) StdoutLine: {'line': b'-- Up-to-date: /home/px4/ros2/ws/install/px4_msgs/include/px4_msgs/px4_msgs/msg/detail/fuel_tank_status__rosidl_typesupport_introspection_c.h\n'}
[1.654735] (px4_msgs) StdoutLine: {'line': b'-- Up-to-date: /home/px4/ros2/ws/install/px4_msgs/include/px4_msgs/px4_msgs/msg/detail/timesync_status__type_support.c\n'}
[1.654782] (px4_msgs) StdoutLine: {'line': b'-- Up-to-date: /home/px4/ros2/ws/install/px4_msgs/include/px4_msgs/px4_msgs/msg/detail/gpio_out__type_support.c\n'}
[1.654829] (px4_msgs) StdoutLine: {'line': b'-- Up-to-date: /home/px4/ros2/ws/install/px4_msgs/include/px4_msgs/px4_msgs/msg/detail/orb_test__type_support.c\n'}
[1.654917] (px4_msgs) StdoutLine: {'line': b'-- Up-to-date: /home/px4/ros2/ws/install/px4_msgs/include/px4_msgs/px4_msgs/msg/detail/qshell_retval__rosidl_typesupport_introspection_c.h\n'}
[1.654968] (px4_msgs) StdoutLine: {'line': b'-- Up-to-date: /home/px4/ros2/ws/install/px4_msgs/include/px4_msgs/px4_msgs/msg/detail/ekf2_timestamps__rosidl_typesupport_introspection_c.h\n'}
[1.655015] (px4_msgs) StdoutLine: {'line': b'-- Up-to-date: /home/px4/ros2/ws/install/px4_msgs/include/px4_msgs/px4_msgs/msg/detail/sensor_mag__rosidl_typesupport_introspection_c.h\n'}
[1.655078] (px4_msgs) StdoutLine: {'line': b'-- Up-to-date: /home/px4/ros2/ws/install/px4_msgs/include/px4_msgs/px4_msgs/msg/detail/gimbal_controls__rosidl_typesupport_introspection_c.h\n'}
[1.655142] (px4_msgs) StdoutLine: {'line': b'-- Up-to-date: /home/px4/ros2/ws/install/px4_msgs/include/px4_msgs/px4_msgs/msg/detail/unregister_ext_component__rosidl_typesupport_introspection_c.h\n'}
[1.655189] (px4_msgs) StdoutLine: {'line': b'-- Up-to-date: /home/px4/ros2/ws/install/px4_msgs/include/px4_msgs/px4_msgs/msg/detail/estimator_gps_status__rosidl_typesupport_introspection_c.h\n'}
[1.655254] (px4_msgs) StdoutLine: {'line': b'-- Up-to-date: /home/px4/ros2/ws/install/px4_msgs/include/px4_msgs/px4_msgs/msg/detail/task_stack_info__type_support.c\n'}
[1.655302] (px4_msgs) StdoutLine: {'line': b'-- Up-to-date: /home/px4/ros2/ws/install/px4_msgs/include/px4_msgs/px4_msgs/msg/detail/launch_detection_status__rosidl_typesupport_introspection_c.h\n'}
[1.655349] (px4_msgs) StdoutLine: {'line': b'-- Up-to-date: /home/px4/ros2/ws/install/px4_msgs/include/px4_msgs/px4_msgs/msg/detail/tecs_status__rosidl_typesupport_introspection_c.h\n'}
[1.655395] (px4_msgs) StdoutLine: {'line': b'-- Up-to-date: /home/px4/ros2/ws/install/px4_msgs/include/px4_msgs/px4_msgs/msg/detail/debug_array__type_support.c\n'}
[1.655455] (px4_msgs) StdoutLine: {'line': b'-- Up-to-date: /home/px4/ros2/ws/install/px4_msgs/include/px4_msgs/px4_msgs/msg/detail/dataman_response__rosidl_typesupport_introspection_c.h\n'}
[1.655503] (px4_msgs) StdoutLine: {'line': b'-- Up-to-date: /home/px4/ros2/ws/install/px4_msgs/include/px4_msgs/px4_msgs/msg/detail/pwm_input__type_support.c\n'}
[1.655556] (px4_msgs) StdoutLine: {'line': b'-- Up-to-date: /home/px4/ros2/ws/install/px4_msgs/include/px4_msgs/px4_msgs/msg/detail/landing_target_pose__rosidl_typesupport_introspection_c.h\n'}
[1.655603] (px4_msgs) StdoutLine: {'line': b'-- Up-to-date: /home/px4/ros2/ws/install/px4_msgs/include/px4_msgs/px4_msgs/msg/detail/estimator_bias__type_support.c\n'}
[1.655650] (px4_msgs) StdoutLine: {'line': b'-- Up-to-date: /home/px4/ros2/ws/install/px4_msgs/include/px4_msgs/px4_msgs/msg/detail/register_ext_component_reply__type_support.c\n'}
[1.655696] (px4_msgs) StdoutLine: {'line': b'-- Up-to-date: /home/px4/ros2/ws/install/px4_msgs/include/px4_msgs/px4_msgs/msg/detail/follow_target_status__rosidl_typesupport_introspection_c.h\n'}
[1.655742] (px4_msgs) StdoutLine: {'line': b'-- Up-to-date: /home/px4/ros2/ws/install/px4_msgs/include/px4_msgs/px4_msgs/msg/detail/internal_combustion_engine_control__rosidl_typesupport_introspection_c.h\n'}
[1.655788] (px4_msgs) StdoutLine: {'line': b'-- Up-to-date: /home/px4/ros2/ws/install/px4_msgs/include/px4_msgs/px4_msgs/msg/detail/obstacle_distance__rosidl_typesupport_introspection_c.h\n'}
[1.655833] (px4_msgs) StdoutLine: {'line': b'-- Up-to-date: /home/px4/ros2/ws/install/px4_msgs/include/px4_msgs/px4_msgs/msg/detail/autotune_attitude_control_status__type_support.c\n'}
[1.655910] (px4_msgs) StdoutLine: {'line': b'-- Up-to-date: /home/px4/ros2/ws/install/px4_msgs/include/px4_msgs/px4_msgs/msg/detail/normalized_unsigned_setpoint__type_support.c\n'}
[1.655961] (px4_msgs) StdoutLine: {'line': b'-- Up-to-date: /home/px4/ros2/ws/install/px4_msgs/include/px4_msgs/px4_msgs/msg/detail/gpio_request__type_support.c\n'}
[1.656005] (px4_msgs) StdoutLine: {'line': b'-- Up-to-date: /home/px4/ros2/ws/install/px4_msgs/include/px4_msgs/px4_msgs/msg/detail/position_setpoint__type_support.c\n'}
[1.656063] (px4_msgs) StdoutLine: {'line': b'-- Up-to-date: /home/px4/ros2/ws/install/px4_msgs/include/px4_msgs/px4_msgs/msg/detail/parameter_update__type_support.c\n'}
[1.656118] (px4_msgs) StdoutLine: {'line': b'-- Up-to-date: /home/px4/ros2/ws/install/px4_msgs/include/px4_msgs/px4_msgs/msg/detail/fixed_wing_lateral_status__rosidl_typesupport_introspection_c.h\n'}
[1.656164] (px4_msgs) StdoutLine: {'line': b'-- Up-to-date: /home/px4/ros2/ws/install/px4_msgs/include/px4_msgs/px4_msgs/msg/detail/qshell_req__rosidl_typesupport_introspection_c.h\n'}
[1.656209] (px4_msgs) StdoutLine: {'line': b'-- Up-to-date: /home/px4/ros2/ws/install/px4_msgs/include/px4_msgs/px4_msgs/msg/detail/vehicle_imu_status__type_support.c\n'}
[1.656283] (px4_msgs) StdoutLine: {'line': b'-- Up-to-date: /home/px4/ros2/ws/install/px4_msgs/include/px4_msgs/px4_msgs/msg/detail/follow_target__rosidl_typesupport_introspection_c.h\n'}
[1.656332] (px4_msgs) StdoutLine: {'line': b'-- Up-to-date: /home/px4/ros2/ws/install/px4_msgs/include/px4_msgs/px4_msgs/msg/detail/estimator_bias__rosidl_typesupport_introspection_c.h\n'}
[1.656378] (px4_msgs) StdoutLine: {'line': b'-- Up-to-date: /home/px4/ros2/ws/install/px4_msgs/include/px4_msgs/px4_msgs/msg/detail/event__type_support.c\n'}
[1.656424] (px4_msgs) StdoutLine: {'line': b'-- Up-to-date: /home/px4/ros2/ws/install/px4_msgs/include/px4_msgs/px4_msgs/msg/detail/rover_position_setpoint__rosidl_typesupport_introspection_c.h\n'}
[1.656470] (px4_msgs) StdoutLine: {'line': b'-- Up-to-date: /home/px4/ros2/ws/install/px4_msgs/include/px4_msgs/px4_msgs/msg/rosidl_typesupport_introspection_c__visibility_control.h\n'}
[1.656517] (px4_msgs) StdoutLine: {'line': b'-- Up-to-date: /home/px4/ros2/ws/install/px4_msgs/include/px4_msgs/px4_msgs/srv\n'}
[1.656562] (px4_msgs) StdoutLine: {'line': b'-- Up-to-date: /home/px4/ros2/ws/install/px4_msgs/include/px4_msgs/px4_msgs/srv/detail\n'}
[1.656609] (px4_msgs) StdoutLine: {'line': b'-- Up-to-date: /home/px4/ros2/ws/install/px4_msgs/include/px4_msgs/px4_msgs/srv/detail/vehicle_command__rosidl_typesupport_introspection_c.h\n'}
[1.656654] (px4_msgs) StdoutLine: {'line': b'-- Up-to-date: /home/px4/ros2/ws/install/px4_msgs/include/px4_msgs/px4_msgs/srv/detail/vehicle_command__type_support.c\n'}
[1.656715] (px4_msgs) StdoutLine: {'line': b'-- Up-to-date: /home/px4/ros2/ws/install/px4_msgs/lib/libpx4_msgs__rosidl_typesupport_introspection_c.so\n'}
[1.656765] (px4_msgs) StdoutLine: {'line': b'-- Up-to-date: /home/px4/ros2/ws/install/px4_msgs/lib/libpx4_msgs__rosidl_typesupport_c.so\n'}
[1.656811] (px4_msgs) StdoutLine: {'line': b'-- Up-to-date: /home/px4/ros2/ws/install/px4_msgs/include/px4_msgs/px4_msgs\n'}
[1.656877] (px4_msgs) StdoutLine: {'line': b'-- Up-to-date: /home/px4/ros2/ws/install/px4_msgs/include/px4_msgs/px4_msgs/msg\n'}
[1.656934] (px4_msgs) StdoutLine: {'line': b'-- Up-to-date: /home/px4/ros2/ws/install/px4_msgs/include/px4_msgs/px4_msgs/msg/detail\n'}
[1.656981] (px4_msgs) StdoutLine: {'line': b'-- Up-to-date: /home/px4/ros2/ws/install/px4_msgs/include/px4_msgs/px4_msgs/msg/detail/follow_target_estimator__rosidl_typesupport_introspection_cpp.hpp\n'}
[1.657029] (px4_msgs) StdoutLine: {'line': b'-- Up-to-date: /home/px4/ros2/ws/install/px4_msgs/include/px4_msgs/px4_msgs/msg/detail/mode_completed__rosidl_typesupport_introspection_cpp.hpp\n'}
[1.657076] (px4_msgs) StdoutLine: {'line': b'-- Up-to-date: /home/px4/ros2/ws/install/px4_msgs/include/px4_msgs/px4_msgs/msg/detail/gimbal_device_information__type_support.cpp\n'}
[1.657149] (px4_msgs) StdoutLine: {'line': b'-- Up-to-date: /home/px4/ros2/ws/install/px4_msgs/include/px4_msgs/px4_msgs/msg/detail/message_format_request__rosidl_typesupport_introspection_cpp.hpp\n'}
[1.657200] (px4_msgs) StdoutLine: {'line': b'-- Up-to-date: /home/px4/ros2/ws/install/px4_msgs/include/px4_msgs/px4_msgs/msg/detail/vehicle_control_mode__type_support.cpp\n'}
[1.657247] (px4_msgs) StdoutLine: {'line': b'-- Up-to-date: /home/px4/ros2/ws/install/px4_msgs/include/px4_msgs/px4_msgs/msg/detail/generator_status__rosidl_typesupport_introspection_cpp.hpp\n'}
[1.657292] (px4_msgs) StdoutLine: {'line': b'-- Up-to-date: /home/px4/ros2/ws/install/px4_msgs/include/px4_msgs/px4_msgs/msg/detail/rover_velocity_setpoint__type_support.cpp\n'}
[1.657345] (px4_msgs) StdoutLine: {'line': b'-- Up-to-date: /home/px4/ros2/ws/install/px4_msgs/include/px4_msgs/px4_msgs/msg/detail/dataman_request__rosidl_typesupport_introspection_cpp.hpp\n'}
[1.657392] (px4_msgs) StdoutLine: {'line': b'-- Up-to-date: /home/px4/ros2/ws/install/px4_msgs/include/px4_msgs/px4_msgs/msg/detail/failsafe_flags__rosidl_typesupport_introspection_cpp.hpp\n'}
[1.657439] (px4_msgs) StdoutLine: {'line': b'-- Up-to-date: /home/px4/ros2/ws/install/px4_msgs/include/px4_msgs/px4_msgs/msg/detail/vehicle_global_position__rosidl_typesupport_introspection_cpp.hpp\n'}
[1.657485] (px4_msgs) StdoutLine: {'line': b'-- Up-to-date: /home/px4/ros2/ws/install/px4_msgs/include/px4_msgs/px4_msgs/msg/detail/vehicle_optical_flow__type_support.cpp\n'}
[1.657545] (px4_msgs) StdoutLine: {'line': b'-- Up-to-date: /home/px4/ros2/ws/install/px4_msgs/include/px4_msgs/px4_msgs/msg/detail/rtl_status__rosidl_typesupport_introspection_cpp.hpp\n'}
[1.657592] (px4_msgs) StdoutLine: {'line': b'-- Up-to-date: /home/px4/ros2/ws/install/px4_msgs/include/px4_msgs/px4_msgs/msg/detail/vehicle_attitude__type_support.cpp\n'}
[1.657639] (px4_msgs) StdoutLine: {'line': b'-- Up-to-date: /home/px4/ros2/ws/install/px4_msgs/include/px4_msgs/px4_msgs/msg/detail/lateral_control_configuration__type_support.cpp\n'}
[1.657699] (px4_msgs) StdoutLine: {'line': b'-- Up-to-date: /home/px4/ros2/ws/install/px4_msgs/include/px4_msgs/px4_msgs/msg/detail/sensor_combined__rosidl_typesupport_introspection_cpp.hpp\n'}
[1.657747] (px4_msgs) StdoutLine: {'line': b'-- Up-to-date: /home/px4/ros2/ws/install/px4_msgs/include/px4_msgs/px4_msgs/msg/detail/open_drone_id_system__rosidl_typesupport_introspection_cpp.hpp\n'}
[1.657793] (px4_msgs) StdoutLine: {'line': b'-- Up-to-date: /home/px4/ros2/ws/install/px4_msgs/include/px4_msgs/px4_msgs/msg/detail/follow_target_status__rosidl_typesupport_introspection_cpp.hpp\n'}
[1.657840] (px4_msgs) StdoutLine: {'line': b'-- Up-to-date: /home/px4/ros2/ws/install/px4_msgs/include/px4_msgs/px4_msgs/msg/detail/mavlink_tunnel__rosidl_typesupport_introspection_cpp.hpp\n'}
[1.657926] (px4_msgs) StdoutLine: {'line': b'-- Up-to-date: /home/px4/ros2/ws/install/px4_msgs/include/px4_msgs/px4_msgs/msg/detail/ulog_stream_ack__type_support.cpp\n'}
[1.657980] (px4_msgs) StdoutLine: {'line': b'-- Up-to-date: /home/px4/ros2/ws/install/px4_msgs/include/px4_msgs/px4_msgs/msg/detail/ekf2_timestamps__rosidl_typesupport_introspection_cpp.hpp\n'}
[1.658028] (px4_msgs) StdoutLine: {'line': b'-- Up-to-date: /home/px4/ros2/ws/install/px4_msgs/include/px4_msgs/px4_msgs/msg/detail/rover_steering_setpoint__rosidl_typesupport_introspection_cpp.hpp\n'}
[1.658074] (px4_msgs) StdoutLine: {'line': b'-- Up-to-date: /home/px4/ros2/ws/install/px4_msgs/include/px4_msgs/px4_msgs/msg/detail/actuator_armed__type_support.cpp\n'}
[1.658120] (px4_msgs) StdoutLine: {'line': b'-- Up-to-date: /home/px4/ros2/ws/install/px4_msgs/include/px4_msgs/px4_msgs/msg/detail/landing_target_innovations__rosidl_typesupport_introspection_cpp.hpp\n'}
[1.658165] (px4_msgs) StdoutLine: {'line': b'-- Up-to-date: /home/px4/ros2/ws/install/px4_msgs/include/px4_msgs/px4_msgs/msg/detail/collision_constraints__rosidl_typesupport_introspection_cpp.hpp\n'}
[1.658215] (px4_msgs) StdoutLine: {'line': b'-- Up-to-date: /home/px4/ros2/ws/install/px4_msgs/include/px4_msgs/px4_msgs/msg/detail/orb_test_medium__type_support.cpp\n'}
[1.658278] (px4_msgs) StdoutLine: {'line': b'-- Up-to-date: /home/px4/ros2/ws/install/px4_msgs/include/px4_msgs/px4_msgs/msg/detail/vehicle_local_position__type_support.cpp\n'}
[1.658326] (px4_msgs) StdoutLine: {'line': b'-- Up-to-date: /home/px4/ros2/ws/install/px4_msgs/include/px4_msgs/px4_msgs/msg/detail/ulog_stream_ack__rosidl_typesupport_introspection_cpp.hpp\n'}
[1.658372] (px4_msgs) StdoutLine: {'line': b'-- Up-to-date: /home/px4/ros2/ws/install/px4_msgs/include/px4_msgs/px4_msgs/msg/detail/estimator_status__rosidl_typesupport_introspection_cpp.hpp\n'}
[1.658438] (px4_msgs) StdoutLine: {'line': b'-- Up-to-date: /home/px4/ros2/ws/install/px4_msgs/include/px4_msgs/px4_msgs/msg/detail/rover_rate_setpoint__rosidl_typesupport_introspection_cpp.hpp\n'}
[1.658497] (px4_msgs) StdoutLine: {'line': b'-- Up-to-date: /home/px4/ros2/ws/install/px4_msgs/include/px4_msgs/px4_msgs/msg/detail/vehicle_imu_status__rosidl_typesupport_introspection_cpp.hpp\n'}
[1.658573] (px4_msgs) StdoutLine: {'line': b'-- Up-to-date: /home/px4/ros2/ws/install/px4_msgs/include/px4_msgs/px4_msgs/msg/detail/fixed_wing_lateral_setpoint__type_support.cpp\n'}
[1.658622] (px4_msgs) StdoutLine: {'line': b'-- Up-to-date: /home/px4/ros2/ws/install/px4_msgs/include/px4_msgs/px4_msgs/msg/detail/dronecan_node_status__rosidl_typesupport_introspection_cpp.hpp\n'}
[1.658670] (px4_msgs) StdoutLine: {'line': b'-- Up-to-date: /home/px4/ros2/ws/install/px4_msgs/include/px4_msgs/px4_msgs/msg/detail/parameter_set_value_request__rosidl_typesupport_introspection_cpp.hpp\n'}
[1.658716] (px4_msgs) StdoutLine: {'line': b'-- Up-to-date: /home/px4/ros2/ws/install/px4_msgs/include/px4_msgs/px4_msgs/msg/detail/actuator_servos_trim__type_support.cpp\n'}
[1.658763] (px4_msgs) StdoutLine: {'line': b'-- Up-to-date: /home/px4/ros2/ws/install/px4_msgs/include/px4_msgs/px4_msgs/msg/detail/velocity_limits__rosidl_typesupport_introspection_cpp.hpp\n'}
[1.658824] (px4_msgs) StdoutLine: {'line': b'-- Up-to-date: /home/px4/ros2/ws/install/px4_msgs/include/px4_msgs/px4_msgs/msg/detail/sensor_preflight_mag__type_support.cpp\n'}
[1.658900] (px4_msgs) StdoutLine: {'line': b'-- Up-to-date: /home/px4/ros2/ws/install/px4_msgs/include/px4_msgs/px4_msgs/msg/detail/rover_velocity_status__type_support.cpp\n'}
[1.658961] (px4_msgs) StdoutLine: {'line': b'-- Up-to-date: /home/px4/ros2/ws/install/px4_msgs/include/px4_msgs/px4_msgs/msg/detail/takeoff_status__rosidl_typesupport_introspection_cpp.hpp\n'}
[1.659008] (px4_msgs) StdoutLine: {'line': b'-- Up-to-date: /home/px4/ros2/ws/install/px4_msgs/include/px4_msgs/px4_msgs/msg/detail/estimator_aid_source2d__rosidl_typesupport_introspection_cpp.hpp\n'}
[1.659072] (px4_msgs) StdoutLine: {'line': b'-- Up-to-date: /home/px4/ros2/ws/install/px4_msgs/include/px4_msgs/px4_msgs/msg/detail/camera_trigger__rosidl_typesupport_introspection_cpp.hpp\n'}
[1.659120] (px4_msgs) StdoutLine: {'line': b'-- Up-to-date: /home/px4/ros2/ws/install/px4_msgs/include/px4_msgs/px4_msgs/msg/detail/home_position__type_support.cpp\n'}
[1.659167] (px4_msgs) StdoutLine: {'line': b'-- Up-to-date: /home/px4/ros2/ws/install/px4_msgs/include/px4_msgs/px4_msgs/msg/detail/rc_channels__type_support.cpp\n'}
[1.659213] (px4_msgs) StdoutLine: {'line': b'-- Up-to-date: /home/px4/ros2/ws/install/px4_msgs/include/px4_msgs/px4_msgs/msg/detail/sensor_accel_fifo__type_support.cpp\n'}
[1.659277] (px4_msgs) StdoutLine: {'line': b'-- Up-to-date: /home/px4/ros2/ws/install/px4_msgs/include/px4_msgs/px4_msgs/msg/detail/tecs_status__rosidl_typesupport_introspection_cpp.hpp\n'}
[1.659325] (px4_msgs) StdoutLine: {'line': b'-- Up-to-date: /home/px4/ros2/ws/install/px4_msgs/include/px4_msgs/px4_msgs/msg/detail/fixed_wing_lateral_guidance_status__type_support.cpp\n'}
[1.659371] (px4_msgs) StdoutLine: {'line': b'-- Up-to-date: /home/px4/ros2/ws/install/px4_msgs/include/px4_msgs/px4_msgs/msg/detail/magnetometer_bias_estimate__rosidl_typesupport_introspection_cpp.hpp\n'}
[1.659418] (px4_msgs) StdoutLine: {'line': b'-- Up-to-date: /home/px4/ros2/ws/install/px4_msgs/include/px4_msgs/px4_msgs/msg/detail/differential_pressure__type_support.cpp\n'}
[1.659464] (px4_msgs) StdoutLine: {'line': b'-- Up-to-date: /home/px4/ros2/ws/install/px4_msgs/include/px4_msgs/px4_msgs/msg/detail/sensor_gyro__rosidl_typesupport_introspection_cpp.hpp\n'}
[1.659521] (px4_msgs) StdoutLine: {'line': b'-- Up-to-date: /home/px4/ros2/ws/install/px4_msgs/include/px4_msgs/px4_msgs/msg/detail/distance_sensor__rosidl_typesupport_introspection_cpp.hpp\n'}
[1.659568] (px4_msgs) StdoutLine: {'line': b'-- Up-to-date: /home/px4/ros2/ws/install/px4_msgs/include/px4_msgs/px4_msgs/msg/detail/mission__type_support.cpp\n'}
[1.659620] (px4_msgs) StdoutLine: {'line': b'-- Up-to-date: /home/px4/ros2/ws/install/px4_msgs/include/px4_msgs/px4_msgs/msg/detail/event__type_support.cpp\n'}
[1.659684] (px4_msgs) StdoutLine: {'line': b'-- Up-to-date: /home/px4/ros2/ws/install/px4_msgs/include/px4_msgs/px4_msgs/msg/detail/rpm__rosidl_typesupport_introspection_cpp.hpp\n'}
[1.659732] (px4_msgs) StdoutLine: {'line': b'-- Up-to-date: /home/px4/ros2/ws/install/px4_msgs/include/px4_msgs/px4_msgs/msg/detail/follow_target_status__type_support.cpp\n'}
[1.659779] (px4_msgs) StdoutLine: {'line': b'-- Up-to-date: /home/px4/ros2/ws/install/px4_msgs/include/px4_msgs/px4_msgs/msg/detail/follow_target_estimator__type_support.cpp\n'}
[1.659835] (px4_msgs) StdoutLine: {'line': b'-- Up-to-date: /home/px4/ros2/ws/install/px4_msgs/include/px4_msgs/px4_msgs/msg/detail/rate_ctrl_status__type_support.cpp\n'}
[1.659900] (px4_msgs) StdoutLine: {'line': b'-- Up-to-date: /home/px4/ros2/ws/install/px4_msgs/include/px4_msgs/px4_msgs/msg/detail/sensor_airflow__type_support.cpp\n'}
[1.659953] (px4_msgs) StdoutLine: {'line': b'-- Up-to-date: /home/px4/ros2/ws/install/px4_msgs/include/px4_msgs/px4_msgs/msg/detail/estimator_aid_source1d__type_support.cpp\n'}
[1.660000] (px4_msgs) StdoutLine: {'line': b'-- Up-to-date: /home/px4/ros2/ws/install/px4_msgs/include/px4_msgs/px4_msgs/msg/detail/internal_combustion_engine_status__rosidl_typesupport_introspection_cpp.hpp\n'}
[1.660059] (px4_msgs) StdoutLine: {'line': b'-- Up-to-date: /home/px4/ros2/ws/install/px4_msgs/include/px4_msgs/px4_msgs/msg/detail/estimator_event_flags__type_support.cpp\n'}
[1.660129] (px4_msgs) StdoutLine: {'line': b'-- Up-to-date: /home/px4/ros2/ws/install/px4_msgs/include/px4_msgs/px4_msgs/msg/detail/estimator_aid_source3d__type_support.cpp\n'}
[1.660178] (px4_msgs) StdoutLine: {'line': b'-- Up-to-date: /home/px4/ros2/ws/install/px4_msgs/include/px4_msgs/px4_msgs/msg/detail/vehicle_acceleration__rosidl_typesupport_introspection_cpp.hpp\n'}
[1.660224] (px4_msgs) StdoutLine: {'line': b'-- Up-to-date: /home/px4/ros2/ws/install/px4_msgs/include/px4_msgs/px4_msgs/msg/detail/estimator_gps_status__rosidl_typesupport_introspection_cpp.hpp\n'}
[1.660270] (px4_msgs) StdoutLine: {'line': b'-- Up-to-date: /home/px4/ros2/ws/install/px4_msgs/include/px4_msgs/px4_msgs/msg/detail/fixed_wing_lateral_status__type_support.cpp\n'}
[1.660317] (px4_msgs) StdoutLine: {'line': b'-- Up-to-date: /home/px4/ros2/ws/install/px4_msgs/include/px4_msgs/px4_msgs/msg/detail/trajectory_setpoint__rosidl_typesupport_introspection_cpp.hpp\n'}
[1.660362] (px4_msgs) StdoutLine: {'line': b'-- Up-to-date: /home/px4/ros2/ws/install/px4_msgs/include/px4_msgs/px4_msgs/msg/detail/camera_status__type_support.cpp\n'}
[1.660409] (px4_msgs) StdoutLine: {'line': b'-- Up-to-date: /home/px4/ros2/ws/install/px4_msgs/include/px4_msgs/px4_msgs/msg/detail/position_controller_status__rosidl_typesupport_introspection_cpp.hpp\n'}
[1.660453] (px4_msgs) StdoutLine: {'line': b'-- Up-to-date: /home/px4/ros2/ws/install/px4_msgs/include/px4_msgs/px4_msgs/msg/detail/power_monitor__rosidl_typesupport_introspection_cpp.hpp\n'}
[1.660517] (px4_msgs) StdoutLine: {'line': b'-- Up-to-date: /home/px4/ros2/ws/install/px4_msgs/include/px4_msgs/px4_msgs/msg/detail/gps_dump__rosidl_typesupport_introspection_cpp.hpp\n'}
[1.660566] (px4_msgs) StdoutLine: {'line': b'-- Up-to-date: /home/px4/ros2/ws/install/px4_msgs/include/px4_msgs/px4_msgs/msg/detail/actuator_servos__type_support.cpp\n'}
[1.660610] (px4_msgs) StdoutLine: {'line': b'-- Up-to-date: /home/px4/ros2/ws/install/px4_msgs/include/px4_msgs/px4_msgs/msg/detail/health_report__type_support.cpp\n'}
[1.660663] (px4_msgs) StdoutLine: {'line': b'-- Up-to-date: /home/px4/ros2/ws/install/px4_msgs/include/px4_msgs/px4_msgs/msg/detail/fixed_wing_lateral_guidance_status__rosidl_typesupport_introspection_cpp.hpp\n'}
[1.660710] (px4_msgs) StdoutLine: {'line': b'-- Up-to-date: /home/px4/ros2/ws/install/px4_msgs/include/px4_msgs/px4_msgs/msg/detail/distance_sensor_mode_change_request__rosidl_typesupport_introspection_cpp.hpp\n'}
[1.660757] (px4_msgs) StdoutLine: {'line': b'-- Up-to-date: /home/px4/ros2/ws/install/px4_msgs/include/px4_msgs/px4_msgs/msg/detail/mavlink_tunnel__type_support.cpp\n'}
[1.660810] (px4_msgs) StdoutLine: {'line': b'-- Up-to-date: /home/px4/ros2/ws/install/px4_msgs/include/px4_msgs/px4_msgs/msg/detail/actuator_armed__rosidl_typesupport_introspection_cpp.hpp\n'}
[1.660872] (px4_msgs) StdoutLine: {'line': b'-- Up-to-date: /home/px4/ros2/ws/install/px4_msgs/include/px4_msgs/px4_msgs/msg/detail/vehicle_control_mode__rosidl_typesupport_introspection_cpp.hpp\n'}
[1.660928] (px4_msgs) StdoutLine: {'line': b'-- Up-to-date: /home/px4/ros2/ws/install/px4_msgs/include/px4_msgs/px4_msgs/msg/detail/qshell_req__rosidl_typesupport_introspection_cpp.hpp\n'}
[1.660976] (px4_msgs) StdoutLine: {'line': b'-- Up-to-date: /home/px4/ros2/ws/install/px4_msgs/include/px4_msgs/px4_msgs/msg/detail/vehicle_magnetometer__rosidl_typesupport_introspection_cpp.hpp\n'}
[1.661022] (px4_msgs) StdoutLine: {'line': b'-- Up-to-date: /home/px4/ros2/ws/install/px4_msgs/include/px4_msgs/px4_msgs/msg/detail/camera_trigger__type_support.cpp\n'}
[1.661079] (px4_msgs) StdoutLine: {'line': b'-- Up-to-date: /home/px4/ros2/ws/install/px4_msgs/include/px4_msgs/px4_msgs/msg/detail/uavcan_parameter_request__rosidl_typesupport_introspection_cpp.hpp\n'}
[1.661125] (px4_msgs) StdoutLine: {'line': b'-- Up-to-date: /home/px4/ros2/ws/install/px4_msgs/include/px4_msgs/px4_msgs/msg/detail/sensor_uwb__type_support.cpp\n'}
[1.661171] (px4_msgs) StdoutLine: {'line': b'-- Up-to-date: /home/px4/ros2/ws/install/px4_msgs/include/px4_msgs/px4_msgs/msg/detail/uavcan_parameter_request__type_support.cpp\n'}
[1.661216] (px4_msgs) StdoutLine: {'line': b'-- Up-to-date: /home/px4/ros2/ws/install/px4_msgs/include/px4_msgs/px4_msgs/msg/detail/position_setpoint_triplet__type_support.cpp\n'}
[1.661262] (px4_msgs) StdoutLine: {'line': b'-- Up-to-date: /home/px4/ros2/ws/install/px4_msgs/include/px4_msgs/px4_msgs/msg/detail/vehicle_constraints__rosidl_typesupport_introspection_cpp.hpp\n'}
[1.661310] (px4_msgs) StdoutLine: {'line': b'-- Up-to-date: /home/px4/ros2/ws/install/px4_msgs/include/px4_msgs/px4_msgs/msg/detail/cellular_status__rosidl_typesupport_introspection_cpp.hpp\n'}
[1.661373] (px4_msgs) StdoutLine: {'line': b'-- Up-to-date: /home/px4/ros2/ws/install/px4_msgs/include/px4_msgs/px4_msgs/msg/detail/config_overrides__rosidl_typesupport_introspection_cpp.hpp\n'}
[1.661421] (px4_msgs) StdoutLine: {'line': b'-- Up-to-date: /home/px4/ros2/ws/install/px4_msgs/include/px4_msgs/px4_msgs/msg/detail/trajectory_setpoint6dof__type_support.cpp\n'}
[1.661468] (px4_msgs) StdoutLine: {'line': b'-- Up-to-date: /home/px4/ros2/ws/install/px4_msgs/include/px4_msgs/px4_msgs/msg/detail/gimbal_controls__type_support.cpp\n'}
[1.661535] (px4_msgs) StdoutLine: {'line': b'-- Up-to-date: /home/px4/ros2/ws/install/px4_msgs/include/px4_msgs/px4_msgs/msg/detail/estimator_aid_source2d__type_support.cpp\n'}
[1.661585] (px4_msgs) StdoutLine: {'line': b'-- Up-to-date: /home/px4/ros2/ws/install/px4_msgs/include/px4_msgs/px4_msgs/msg/detail/autotune_attitude_control_status__rosidl_typesupport_introspection_cpp.hpp\n'}
[1.661632] (px4_msgs) StdoutLine: {'line': b'-- Up-to-date: /home/px4/ros2/ws/install/px4_msgs/include/px4_msgs/px4_msgs/msg/detail/rover_throttle_setpoint__rosidl_typesupport_introspection_cpp.hpp\n'}
[1.661679] (px4_msgs) StdoutLine: {'line': b'-- Up-to-date: /home/px4/ros2/ws/install/px4_msgs/include/px4_msgs/px4_msgs/msg/detail/lateral_control_configuration__rosidl_typesupport_introspection_cpp.hpp\n'}
[1.661742] (px4_msgs) StdoutLine: {'line': b'-- Up-to-date: /home/px4/ros2/ws/install/px4_msgs/include/px4_msgs/px4_msgs/msg/detail/vehicle_odometry__type_support.cpp\n'}
[1.661790] (px4_msgs) StdoutLine: {'line': b'-- Up-to-date: /home/px4/ros2/ws/install/px4_msgs/include/px4_msgs/px4_msgs/msg/detail/mission_result__type_support.cpp\n'}
[1.661837] (px4_msgs) StdoutLine: {'line': b'-- Up-to-date: /home/px4/ros2/ws/install/px4_msgs/include/px4_msgs/px4_msgs/msg/detail/estimator_status__type_support.cpp\n'}
[1.661896] (px4_msgs) StdoutLine: {'line': b'-- Up-to-date: /home/px4/ros2/ws/install/px4_msgs/include/px4_msgs/px4_msgs/msg/detail/rc_parameter_map__type_support.cpp\n'}
[1.661955] (px4_msgs) StdoutLine: {'line': b'-- Up-to-date: /home/px4/ros2/ws/install/px4_msgs/include/px4_msgs/px4_msgs/msg/detail/actuator_test__type_support.cpp\n'}
[1.662001] (px4_msgs) StdoutLine: {'line': b'-- Up-to-date: /home/px4/ros2/ws/install/px4_msgs/include/px4_msgs/px4_msgs/msg/detail/esc_status__type_support.cpp\n'}
[1.662047] (px4_msgs) StdoutLine: {'line': b'-- Up-to-date: /home/px4/ros2/ws/install/px4_msgs/include/px4_msgs/px4_msgs/msg/detail/px4io_status__type_support.cpp\n'}
[1.662093] (px4_msgs) StdoutLine: {'line': b'-- Up-to-date: /home/px4/ros2/ws/install/px4_msgs/include/px4_msgs/px4_msgs/msg/detail/internal_combustion_engine_control__rosidl_typesupport_introspection_cpp.hpp\n'}
[1.662156] (px4_msgs) StdoutLine: {'line': b'-- Up-to-date: /home/px4/ros2/ws/install/px4_msgs/include/px4_msgs/px4_msgs/msg/detail/qshell_retval__rosidl_typesupport_introspection_cpp.hpp\n'}
[1.662204] (px4_msgs) StdoutLine: {'line': b'-- Up-to-date: /home/px4/ros2/ws/install/px4_msgs/include/px4_msgs/px4_msgs/msg/detail/parameter_reset_request__rosidl_typesupport_introspection_cpp.hpp\n'}
[1.662251] (px4_msgs) StdoutLine: {'line': b'-- Up-to-date: /home/px4/ros2/ws/install/px4_msgs/include/px4_msgs/px4_msgs/msg/detail/hover_thrust_estimate__type_support.cpp\n'}
[1.662299] (px4_msgs) StdoutLine: {'line': b'-- Up-to-date: /home/px4/ros2/ws/install/px4_msgs/include/px4_msgs/px4_msgs/msg/detail/wind__type_support.cpp\n'}
[1.662362] (px4_msgs) StdoutLine: {'line': b'-- Up-to-date: /home/px4/ros2/ws/install/px4_msgs/include/px4_msgs/px4_msgs/msg/detail/estimator_gps_status__type_support.cpp\n'}
[1.662410] (px4_msgs) StdoutLine: {'line': b'-- Up-to-date: /home/px4/ros2/ws/install/px4_msgs/include/px4_msgs/px4_msgs/msg/detail/manual_control_setpoint__type_support.cpp\n'}
[1.662457] (px4_msgs) StdoutLine: {'line': b'-- Up-to-date: /home/px4/ros2/ws/install/px4_msgs/include/px4_msgs/px4_msgs/msg/detail/mavlink_log__rosidl_typesupport_introspection_cpp.hpp\n'}
[1.662502] (px4_msgs) StdoutLine: {'line': b'-- Up-to-date: /home/px4/ros2/ws/install/px4_msgs/include/px4_msgs/px4_msgs/msg/detail/gimbal_manager_set_manual_control__rosidl_typesupport_introspection_cpp.hpp\n'}
[1.662565] (px4_msgs) StdoutLine: {'line': b'-- Up-to-date: /home/px4/ros2/ws/install/px4_msgs/include/px4_msgs/px4_msgs/msg/detail/failsafe_flags__type_support.cpp\n'}
[1.662624] (px4_msgs) StdoutLine: {'line': b'-- Up-to-date: /home/px4/ros2/ws/install/px4_msgs/include/px4_msgs/px4_msgs/msg/detail/airspeed_validated__type_support.cpp\n'}
[1.662672] (px4_msgs) StdoutLine: {'line': b'-- Up-to-date: /home/px4/ros2/ws/install/px4_msgs/include/px4_msgs/px4_msgs/msg/detail/dronecan_node_status__type_support.cpp\n'}
[1.662717] (px4_msgs) StdoutLine: {'line': b'-- Up-to-date: /home/px4/ros2/ws/install/px4_msgs/include/px4_msgs/px4_msgs/msg/detail/dataman_response__type_support.cpp\n'}
[1.662764] (px4_msgs) StdoutLine: {'line': b'-- Up-to-date: /home/px4/ros2/ws/install/px4_msgs/include/px4_msgs/px4_msgs/msg/detail/arming_check_reply__rosidl_typesupport_introspection_cpp.hpp\n'}
[1.662810] (px4_msgs) StdoutLine: {'line': b'-- Up-to-date: /home/px4/ros2/ws/install/px4_msgs/include/px4_msgs/px4_msgs/msg/detail/gpio_config__rosidl_typesupport_introspection_cpp.hpp\n'}
[1.662856] (px4_msgs) StdoutLine: {'line': b'-- Up-to-date: /home/px4/ros2/ws/install/px4_msgs/include/px4_msgs/px4_msgs/msg/detail/actuator_motors__rosidl_typesupport_introspection_cpp.hpp\n'}
[1.662920] (px4_msgs) StdoutLine: {'line': b'-- Up-to-date: /home/px4/ros2/ws/install/px4_msgs/include/px4_msgs/px4_msgs/msg/detail/launch_detection_status__type_support.cpp\n'}
[1.662990] (px4_msgs) StdoutLine: {'line': b'-- Up-to-date: /home/px4/ros2/ws/install/px4_msgs/include/px4_msgs/px4_msgs/msg/detail/pure_pursuit_status__rosidl_typesupport_introspection_cpp.hpp\n'}
[1.663040] (px4_msgs) StdoutLine: {'line': b'-- Up-to-date: /home/px4/ros2/ws/install/px4_msgs/include/px4_msgs/px4_msgs/msg/detail/gpio_out__type_support.cpp\n'}
[1.663092] (px4_msgs) StdoutLine: {'line': b'-- Up-to-date: /home/px4/ros2/ws/install/px4_msgs/include/px4_msgs/px4_msgs/msg/detail/power_button_state__type_support.cpp\n'}
[1.663153] (px4_msgs) StdoutLine: {'line': b'-- Up-to-date: /home/px4/ros2/ws/install/px4_msgs/include/px4_msgs/px4_msgs/msg/detail/vehicle_angular_acceleration_setpoint__rosidl_typesupport_introspection_cpp.hpp\n'}
[1.663201] (px4_msgs) StdoutLine: {'line': b'-- Up-to-date: /home/px4/ros2/ws/install/px4_msgs/include/px4_msgs/px4_msgs/msg/detail/unregister_ext_component__type_support.cpp\n'}
[1.663247] (px4_msgs) StdoutLine: {'line': b'-- Up-to-date: /home/px4/ros2/ws/install/px4_msgs/include/px4_msgs/px4_msgs/msg/detail/vehicle_attitude_setpoint__rosidl_typesupport_introspection_cpp.hpp\n'}
[1.663294] (px4_msgs) StdoutLine: {'line': b'-- Up-to-date: /home/px4/ros2/ws/install/px4_msgs/include/px4_msgs/px4_msgs/msg/detail/dataman_response__rosidl_typesupport_introspection_cpp.hpp\n'}
[1.663340] (px4_msgs) StdoutLine: {'line': b'-- Up-to-date: /home/px4/ros2/ws/install/px4_msgs/include/px4_msgs/px4_msgs/msg/detail/gimbal_device_set_attitude__rosidl_typesupport_introspection_cpp.hpp\n'}
[1.663403] (px4_msgs) StdoutLine: {'line': b'-- Up-to-date: /home/px4/ros2/ws/install/px4_msgs/include/px4_msgs/px4_msgs/msg/detail/sensor_optical_flow__rosidl_typesupport_introspection_cpp.hpp\n'}
[1.663451] (px4_msgs) StdoutLine: {'line': b'-- Up-to-date: /home/px4/ros2/ws/install/px4_msgs/include/px4_msgs/px4_msgs/msg/detail/mavlink_log__type_support.cpp\n'}
[1.663499] (px4_msgs) StdoutLine: {'line': b'-- Up-to-date: /home/px4/ros2/ws/install/px4_msgs/include/px4_msgs/px4_msgs/msg/detail/parameter_update__type_support.cpp\n'}
[1.663546] (px4_msgs) StdoutLine: {'line': b'-- Up-to-date: /home/px4/ros2/ws/install/px4_msgs/include/px4_msgs/px4_msgs/msg/detail/landing_gear__rosidl_typesupport_introspection_cpp.hpp\n'}
[1.663591] (px4_msgs) StdoutLine: {'line': b'-- Up-to-date: /home/px4/ros2/ws/install/px4_msgs/include/px4_msgs/px4_msgs/msg/detail/rover_velocity_setpoint__rosidl_typesupport_introspection_cpp.hpp\n'}
[1.663638] (px4_msgs) StdoutLine: {'line': b'-- Up-to-date: /home/px4/ros2/ws/install/px4_msgs/include/px4_msgs/px4_msgs/msg/detail/actuator_servos__rosidl_typesupport_introspection_cpp.hpp\n'}
[1.663684] (px4_msgs) StdoutLine: {'line': b'-- Up-to-date: /home/px4/ros2/ws/install/px4_msgs/include/px4_msgs/px4_msgs/msg/detail/sensor_hygrometer__type_support.cpp\n'}
[1.663730] (px4_msgs) StdoutLine: {'line': b'-- Up-to-date: /home/px4/ros2/ws/install/px4_msgs/include/px4_msgs/px4_msgs/msg/detail/parameter_set_value_response__rosidl_typesupport_introspection_cpp.hpp\n'}
[1.663790] (px4_msgs) StdoutLine: {'line': b'-- Up-to-date: /home/px4/ros2/ws/install/px4_msgs/include/px4_msgs/px4_msgs/msg/detail/vehicle_local_position__rosidl_typesupport_introspection_cpp.hpp\n'}
[1.663850] (px4_msgs) StdoutLine: {'line': b'-- Up-to-date: /home/px4/ros2/ws/install/px4_msgs/include/px4_msgs/px4_msgs/msg/detail/register_ext_component_reply__type_support.cpp\n'}
[1.663914] (px4_msgs) StdoutLine: {'line': b'-- Up-to-date: /home/px4/ros2/ws/install/px4_msgs/include/px4_msgs/px4_msgs/msg/detail/sensor_accel__type_support.cpp\n'}
[1.663979] (px4_msgs) StdoutLine: {'line': b'-- Up-to-date: /home/px4/ros2/ws/install/px4_msgs/include/px4_msgs/px4_msgs/msg/detail/follow_target__type_support.cpp\n'}
[1.664026] (px4_msgs) StdoutLine: {'line': b'-- Up-to-date: /home/px4/ros2/ws/install/px4_msgs/include/px4_msgs/px4_msgs/msg/detail/navigator_mission_item__type_support.cpp\n'}
[1.664074] (px4_msgs) StdoutLine: {'line': b'-- Up-to-date: /home/px4/ros2/ws/install/px4_msgs/include/px4_msgs/px4_msgs/msg/detail/airspeed_wind__type_support.cpp\n'}
[1.664120] (px4_msgs) StdoutLine: {'line': b'-- Up-to-date: /home/px4/ros2/ws/install/px4_msgs/include/px4_msgs/px4_msgs/msg/detail/timesync_status__type_support.cpp\n'}
[1.664178] (px4_msgs) StdoutLine: {'line': b'-- Up-to-date: /home/px4/ros2/ws/install/px4_msgs/include/px4_msgs/px4_msgs/msg/detail/rover_position_setpoint__type_support.cpp\n'}
[1.664242] (px4_msgs) StdoutLine: {'line': b'-- Up-to-date: /home/px4/ros2/ws/install/px4_msgs/include/px4_msgs/px4_msgs/msg/detail/sensor_baro__rosidl_typesupport_introspection_cpp.hpp\n'}
[1.664289] (px4_msgs) StdoutLine: {'line': b'-- Up-to-date: /home/px4/ros2/ws/install/px4_msgs/include/px4_msgs/px4_msgs/msg/detail/vtol_vehicle_status__rosidl_typesupport_introspection_cpp.hpp\n'}
[1.664335] (px4_msgs) StdoutLine: {'line': b'-- Up-to-date: /home/px4/ros2/ws/install/px4_msgs/include/px4_msgs/px4_msgs/msg/detail/vehicle_air_data__rosidl_typesupport_introspection_cpp.hpp\n'}
[1.664380] (px4_msgs) StdoutLine: {'line': b'-- Up-to-date: /home/px4/ros2/ws/install/px4_msgs/include/px4_msgs/px4_msgs/msg/detail/gimbal_manager_information__type_support.cpp\n'}
[1.664431] (px4_msgs) StdoutLine: {'line': b'-- Up-to-date: /home/px4/ros2/ws/install/px4_msgs/include/px4_msgs/px4_msgs/msg/detail/pure_pursuit_status__type_support.cpp\n'}
[1.664478] (px4_msgs) StdoutLine: {'line': b'-- Up-to-date: /home/px4/ros2/ws/install/px4_msgs/include/px4_msgs/px4_msgs/msg/detail/landing_gear__type_support.cpp\n'}
[1.664523] (px4_msgs) StdoutLine: {'line': b'-- Up-to-date: /home/px4/ros2/ws/install/px4_msgs/include/px4_msgs/px4_msgs/msg/detail/estimator_bias__rosidl_typesupport_introspection_cpp.hpp\n'}
[1.664571] (px4_msgs) StdoutLine: {'line': b'-- Up-to-date: /home/px4/ros2/ws/install/px4_msgs/include/px4_msgs/px4_msgs/msg/detail/goto_setpoint__rosidl_typesupport_introspection_cpp.hpp\n'}
[1.664629] (px4_msgs) StdoutLine: {'line': b'-- Up-to-date: /home/px4/ros2/ws/install/px4_msgs/include/px4_msgs/px4_msgs/msg/detail/actuator_controls_status__type_support.cpp\n'}
[1.664691] (px4_msgs) StdoutLine: {'line': b'-- Up-to-date: /home/px4/ros2/ws/install/px4_msgs/include/px4_msgs/px4_msgs/msg/detail/wheel_encoders__rosidl_typesupport_introspection_cpp.hpp\n'}
[1.664739] (px4_msgs) StdoutLine: {'line': b'-- Up-to-date: /home/px4/ros2/ws/install/px4_msgs/include/px4_msgs/px4_msgs/msg/detail/uavcan_parameter_value__type_support.cpp\n'}
[1.664792] (px4_msgs) StdoutLine: {'line': b'-- Up-to-date: /home/px4/ros2/ws/install/px4_msgs/include/px4_msgs/px4_msgs/msg/detail/landing_target_pose__rosidl_typesupport_introspection_cpp.hpp\n'}
[1.664852] (px4_msgs) StdoutLine: {'line': b'-- Up-to-date: /home/px4/ros2/ws/install/px4_msgs/include/px4_msgs/px4_msgs/msg/detail/mission__rosidl_typesupport_introspection_cpp.hpp\n'}
[1.664918] (px4_msgs) StdoutLine: {'line': b'-- Up-to-date: /home/px4/ros2/ws/install/px4_msgs/include/px4_msgs/px4_msgs/msg/detail/position_controller_landing_status__type_support.cpp\n'}
[1.664969] (px4_msgs) StdoutLine: {'line': b'-- Up-to-date: /home/px4/ros2/ws/install/px4_msgs/include/px4_msgs/px4_msgs/msg/detail/gimbal_manager_set_manual_control__type_support.cpp\n'}
[1.665015] (px4_msgs) StdoutLine: {'line': b'-- Up-to-date: /home/px4/ros2/ws/install/px4_msgs/include/px4_msgs/px4_msgs/msg/detail/vehicle_optical_flow_vel__type_support.cpp\n'}
[1.665075] (px4_msgs) StdoutLine: {'line': b'-- Up-to-date: /home/px4/ros2/ws/install/px4_msgs/include/px4_msgs/px4_msgs/msg/detail/velocity_limits__type_support.cpp\n'}
[1.665123] (px4_msgs) StdoutLine: {'line': b'-- Up-to-date: /home/px4/ros2/ws/install/px4_msgs/include/px4_msgs/px4_msgs/msg/detail/gimbal_device_information__rosidl_typesupport_introspection_cpp.hpp\n'}
[1.665170] (px4_msgs) StdoutLine: {'line': b'-- Up-to-date: /home/px4/ros2/ws/install/px4_msgs/include/px4_msgs/px4_msgs/msg/detail/gpio_out__rosidl_typesupport_introspection_cpp.hpp\n'}
[1.665217] (px4_msgs) StdoutLine: {'line': b'-- Up-to-date: /home/px4/ros2/ws/install/px4_msgs/include/px4_msgs/px4_msgs/msg/detail/vehicle_acceleration__type_support.cpp\n'}
[1.665262] (px4_msgs) StdoutLine: {'line': b'-- Up-to-date: /home/px4/ros2/ws/install/px4_msgs/include/px4_msgs/px4_msgs/msg/detail/rover_rate_status__rosidl_typesupport_introspection_cpp.hpp\n'}
[1.665309] (px4_msgs) StdoutLine: {'line': b'-- Up-to-date: /home/px4/ros2/ws/install/px4_msgs/include/px4_msgs/px4_msgs/msg/detail/orbit_status__rosidl_typesupport_introspection_cpp.hpp\n'}
[1.665377] (px4_msgs) StdoutLine: {'line': b'-- Up-to-date: /home/px4/ros2/ws/install/px4_msgs/include/px4_msgs/px4_msgs/msg/detail/transponder_report__rosidl_typesupport_introspection_cpp.hpp\n'}
[1.665426] (px4_msgs) StdoutLine: {'line': b'-- Up-to-date: /home/px4/ros2/ws/install/px4_msgs/include/px4_msgs/px4_msgs/msg/detail/parameter_set_value_response__type_support.cpp\n'}
[1.665473] (px4_msgs) StdoutLine: {'line': b'-- Up-to-date: /home/px4/ros2/ws/install/px4_msgs/include/px4_msgs/px4_msgs/msg/detail/sensor_gps__type_support.cpp\n'}
[1.665521] (px4_msgs) StdoutLine: {'line': b'-- Up-to-date: /home/px4/ros2/ws/install/px4_msgs/include/px4_msgs/px4_msgs/msg/detail/input_rc__rosidl_typesupport_introspection_cpp.hpp\n'}
[1.665566] (px4_msgs) StdoutLine: {'line': b'-- Up-to-date: /home/px4/ros2/ws/install/px4_msgs/include/px4_msgs/px4_msgs/msg/detail/action_request__rosidl_typesupport_introspection_cpp.hpp\n'}
[1.665629] (px4_msgs) StdoutLine: {'line': b'-- Up-to-date: /home/px4/ros2/ws/install/px4_msgs/include/px4_msgs/px4_msgs/msg/detail/task_stack_info__type_support.cpp\n'}
[1.665691] (px4_msgs) StdoutLine: {'line': b'-- Up-to-date: /home/px4/ros2/ws/install/px4_msgs/include/px4_msgs/px4_msgs/msg/detail/fixed_wing_lateral_status__rosidl_typesupport_introspection_cpp.hpp\n'}
[1.665739] (px4_msgs) StdoutLine: {'line': b'-- Up-to-date: /home/px4/ros2/ws/install/px4_msgs/include/px4_msgs/px4_msgs/msg/detail/navigator_status__type_support.cpp\n'}
[1.665796] (px4_msgs) StdoutLine: {'line': b'-- Up-to-date: /home/px4/ros2/ws/install/px4_msgs/include/px4_msgs/px4_msgs/msg/detail/rc_channels__rosidl_typesupport_introspection_cpp.hpp\n'}
[1.665843] (px4_msgs) StdoutLine: {'line': b'-- Up-to-date: /home/px4/ros2/ws/install/px4_msgs/include/px4_msgs/px4_msgs/msg/detail/iridiumsbd_status__rosidl_typesupport_introspection_cpp.hpp\n'}
[1.665903] (px4_msgs) StdoutLine: {'line': b'-- Up-to-date: /home/px4/ros2/ws/install/px4_msgs/include/px4_msgs/px4_msgs/msg/detail/logger_status__rosidl_typesupport_introspection_cpp.hpp\n'}
[1.665976] (px4_msgs) StdoutLine: {'line': b'-- Up-to-date: /home/px4/ros2/ws/install/px4_msgs/include/px4_msgs/px4_msgs/msg/detail/dataman_request__type_support.cpp\n'}
[1.666024] (px4_msgs) StdoutLine: {'line': b'-- Up-to-date: /home/px4/ros2/ws/install/px4_msgs/include/px4_msgs/px4_msgs/msg/detail/ping__type_support.cpp\n'}
[1.666069] (px4_msgs) StdoutLine: {'line': b'-- Up-to-date: /home/px4/ros2/ws/install/px4_msgs/include/px4_msgs/px4_msgs/msg/detail/open_drone_id_self_id__rosidl_typesupport_introspection_cpp.hpp\n'}
[1.666128] (px4_msgs) StdoutLine: {'line': b'-- Up-to-date: /home/px4/ros2/ws/install/px4_msgs/include/px4_msgs/px4_msgs/msg/detail/takeoff_status__type_support.cpp\n'}
[1.666175] (px4_msgs) StdoutLine: {'line': b'-- Up-to-date: /home/px4/ros2/ws/install/px4_msgs/include/px4_msgs/px4_msgs/msg/detail/sensor_accel__rosidl_typesupport_introspection_cpp.hpp\n'}
[1.666223] (px4_msgs) StdoutLine: {'line': b'-- Up-to-date: /home/px4/ros2/ws/install/px4_msgs/include/px4_msgs/px4_msgs/msg/detail/log_message__type_support.cpp\n'}
[1.666269] (px4_msgs) StdoutLine: {'line': b'-- Up-to-date: /home/px4/ros2/ws/install/px4_msgs/include/px4_msgs/px4_msgs/msg/detail/magnetometer_bias_estimate__type_support.cpp\n'}
[1.666315] (px4_msgs) StdoutLine: {'line': b'-- Up-to-date: /home/px4/ros2/ws/install/px4_msgs/include/px4_msgs/px4_msgs/msg/detail/landing_gear_wheel__type_support.cpp\n'}
[1.666361] (px4_msgs) StdoutLine: {'line': b'-- Up-to-date: /home/px4/ros2/ws/install/px4_msgs/include/px4_msgs/px4_msgs/msg/detail/ulog_stream__type_support.cpp\n'}
[1.666405] (px4_msgs) StdoutLine: {'line': b'-- Up-to-date: /home/px4/ros2/ws/install/px4_msgs/include/px4_msgs/px4_msgs/msg/detail/can_interface_status__type_support.cpp\n'}
[1.666465] (px4_msgs) StdoutLine: {'line': b'-- Up-to-date: /home/px4/ros2/ws/install/px4_msgs/include/px4_msgs/px4_msgs/msg/detail/manual_control_setpoint__rosidl_typesupport_introspection_cpp.hpp\n'}
[1.666513] (px4_msgs) StdoutLine: {'line': b'-- Up-to-date: /home/px4/ros2/ws/install/px4_msgs/include/px4_msgs/px4_msgs/msg/detail/flight_phase_estimation__type_support.cpp\n'}
[1.666566] (px4_msgs) StdoutLine: {'line': b'-- Up-to-date: /home/px4/ros2/ws/install/px4_msgs/include/px4_msgs/px4_msgs/msg/detail/vehicle_torque_setpoint__rosidl_typesupport_introspection_cpp.hpp\n'}
[1.666612] (px4_msgs) StdoutLine: {'line': b'-- Up-to-date: /home/px4/ros2/ws/install/px4_msgs/include/px4_msgs/px4_msgs/msg/detail/vehicle_status__type_support.cpp\n'}
[1.666658] (px4_msgs) StdoutLine: {'line': b'-- Up-to-date: /home/px4/ros2/ws/install/px4_msgs/include/px4_msgs/px4_msgs/msg/detail/rate_ctrl_status__rosidl_typesupport_introspection_cpp.hpp\n'}
[1.666704] (px4_msgs) StdoutLine: {'line': b'-- Up-to-date: /home/px4/ros2/ws/install/px4_msgs/include/px4_msgs/px4_msgs/msg/detail/message_format_response__type_support.cpp\n'}
[1.666750] (px4_msgs) StdoutLine: {'line': b'-- Up-to-date: /home/px4/ros2/ws/install/px4_msgs/include/px4_msgs/px4_msgs/msg/detail/sensor_mag__type_support.cpp\n'}
[1.666795] (px4_msgs) StdoutLine: {'line': b'-- Up-to-date: /home/px4/ros2/ws/install/px4_msgs/include/px4_msgs/px4_msgs/msg/detail/battery_info__rosidl_typesupport_introspection_cpp.hpp\n'}
[1.666840] (px4_msgs) StdoutLine: {'line': b'-- Up-to-date: /home/px4/ros2/ws/install/px4_msgs/include/px4_msgs/px4_msgs/msg/detail/action_request__type_support.cpp\n'}
[1.666916] (px4_msgs) StdoutLine: {'line': b'-- Up-to-date: /home/px4/ros2/ws/install/px4_msgs/include/px4_msgs/px4_msgs/msg/detail/estimator_aid_source1d__rosidl_typesupport_introspection_cpp.hpp\n'}
[1.666980] (px4_msgs) StdoutLine: {'line': b'-- Up-to-date: /home/px4/ros2/ws/install/px4_msgs/include/px4_msgs/px4_msgs/msg/detail/esc_report__type_support.cpp\n'}
[1.667041] (px4_msgs) StdoutLine: {'line': b'-- Up-to-date: /home/px4/ros2/ws/install/px4_msgs/include/px4_msgs/px4_msgs/msg/detail/register_ext_component_reply__rosidl_typesupport_introspection_cpp.hpp\n'}
[1.667088] (px4_msgs) StdoutLine: {'line': b'-- Up-to-date: /home/px4/ros2/ws/install/px4_msgs/include/px4_msgs/px4_msgs/msg/detail/camera_capture__rosidl_typesupport_introspection_cpp.hpp\n'}
[1.667136] (px4_msgs) StdoutLine: {'line': b'-- Up-to-date: /home/px4/ros2/ws/install/px4_msgs/include/px4_msgs/px4_msgs/msg/detail/vehicle_angular_velocity__type_support.cpp\n'}
[1.667182] (px4_msgs) StdoutLine: {'line': b'-- Up-to-date: /home/px4/ros2/ws/install/px4_msgs/include/px4_msgs/px4_msgs/msg/detail/estimator_states__type_support.cpp\n'}
[1.667227] (px4_msgs) StdoutLine: {'line': b'-- Up-to-date: /home/px4/ros2/ws/install/px4_msgs/include/px4_msgs/px4_msgs/msg/detail/arming_check_request__type_support.cpp\n'}
[1.667288] (px4_msgs) StdoutLine: {'line': b'-- Up-to-date: /home/px4/ros2/ws/install/px4_msgs/include/px4_msgs/px4_msgs/msg/detail/actuator_controls_status__rosidl_typesupport_introspection_cpp.hpp\n'}
[1.667348] (px4_msgs) StdoutLine: {'line': b'-- Up-to-date: /home/px4/ros2/ws/install/px4_msgs/include/px4_msgs/px4_msgs/msg/detail/gimbal_device_set_attitude__type_support.cpp\n'}
[1.667395] (px4_msgs) StdoutLine: {'line': b'-- Up-to-date: /home/px4/ros2/ws/install/px4_msgs/include/px4_msgs/px4_msgs/msg/detail/debug_key_value__type_support.cpp\n'}
[1.667446] (px4_msgs) StdoutLine: {'line': b'-- Up-to-date: /home/px4/ros2/ws/install/px4_msgs/include/px4_msgs/px4_msgs/msg/detail/sensor_combined__type_support.cpp\n'}
[1.667494] (px4_msgs) StdoutLine: {'line': b'-- Up-to-date: /home/px4/ros2/ws/install/px4_msgs/include/px4_msgs/px4_msgs/msg/detail/geofence_result__type_support.cpp\n'}
[1.667539] (px4_msgs) StdoutLine: {'line': b'-- Up-to-date: /home/px4/ros2/ws/install/px4_msgs/include/px4_msgs/px4_msgs/msg/detail/satellite_info__rosidl_typesupport_introspection_cpp.hpp\n'}
[1.667585] (px4_msgs) StdoutLine: {'line': b'-- Up-to-date: /home/px4/ros2/ws/install/px4_msgs/include/px4_msgs/px4_msgs/msg/detail/sensors_status__rosidl_typesupport_introspection_cpp.hpp\n'}
[1.667632] (px4_msgs) StdoutLine: {'line': b'-- Up-to-date: /home/px4/ros2/ws/install/px4_msgs/include/px4_msgs/px4_msgs/msg/detail/debug_value__type_support.cpp\n'}
[1.667696] (px4_msgs) StdoutLine: {'line': b'-- Up-to-date: /home/px4/ros2/ws/install/px4_msgs/include/px4_msgs/px4_msgs/msg/detail/internal_combustion_engine_control__type_support.cpp\n'}
[1.667756] (px4_msgs) StdoutLine: {'line': b'-- Up-to-date: /home/px4/ros2/ws/install/px4_msgs/include/px4_msgs/px4_msgs/msg/detail/vtol_vehicle_status__type_support.cpp\n'}
[1.667810] (px4_msgs) StdoutLine: {'line': b'-- Up-to-date: /home/px4/ros2/ws/install/px4_msgs/include/px4_msgs/px4_msgs/msg/detail/register_ext_component_request__type_support.cpp\n'}
[1.667860] (px4_msgs) StdoutLine: {'line': b'-- Up-to-date: /home/px4/ros2/ws/install/px4_msgs/include/px4_msgs/px4_msgs/msg/detail/flight_phase_estimation__rosidl_typesupport_introspection_cpp.hpp\n'}
[1.667942] (px4_msgs) StdoutLine: {'line': b'-- Up-to-date: /home/px4/ros2/ws/install/px4_msgs/include/px4_msgs/px4_msgs/msg/detail/estimator_bias__type_support.cpp\n'}
[1.667992] (px4_msgs) StdoutLine: {'line': b'-- Up-to-date: /home/px4/ros2/ws/install/px4_msgs/include/px4_msgs/px4_msgs/msg/detail/landing_target_innovations__type_support.cpp\n'}
[1.668039] (px4_msgs) StdoutLine: {'line': b'-- Up-to-date: /home/px4/ros2/ws/install/px4_msgs/include/px4_msgs/px4_msgs/msg/detail/satellite_info__type_support.cpp\n'}
[1.668092] (px4_msgs) StdoutLine: {'line': b'-- Up-to-date: /home/px4/ros2/ws/install/px4_msgs/include/px4_msgs/px4_msgs/msg/detail/estimator_status_flags__rosidl_typesupport_introspection_cpp.hpp\n'}
[1.668140] (px4_msgs) StdoutLine: {'line': b'-- Up-to-date: /home/px4/ros2/ws/install/px4_msgs/include/px4_msgs/px4_msgs/msg/detail/normalized_unsigned_setpoint__rosidl_typesupport_introspection_cpp.hpp\n'}
[1.668187] (px4_msgs) StdoutLine: {'line': b'-- Up-to-date: /home/px4/ros2/ws/install/px4_msgs/include/px4_msgs/px4_msgs/msg/detail/power_button_state__rosidl_typesupport_introspection_cpp.hpp\n'}
[1.668233] (px4_msgs) StdoutLine: {'line': b'-- Up-to-date: /home/px4/ros2/ws/install/px4_msgs/include/px4_msgs/px4_msgs/msg/detail/obstacle_distance__type_support.cpp\n'}
[1.668279] (px4_msgs) StdoutLine: {'line': b'-- Up-to-date: /home/px4/ros2/ws/install/px4_msgs/include/px4_msgs/px4_msgs/msg/detail/estimator_aid_source3d__rosidl_typesupport_introspection_cpp.hpp\n'}
[1.668325] (px4_msgs) StdoutLine: {'line': b'-- Up-to-date: /home/px4/ros2/ws/install/px4_msgs/include/px4_msgs/px4_msgs/msg/detail/button_event__rosidl_typesupport_introspection_cpp.hpp\n'}
[1.668371] (px4_msgs) StdoutLine: {'line': b'-- Up-to-date: /home/px4/ros2/ws/install/px4_msgs/include/px4_msgs/px4_msgs/msg/detail/fuel_tank_status__type_support.cpp\n'}
[1.668417] (px4_msgs) StdoutLine: {'line': b'-- Up-to-date: /home/px4/ros2/ws/install/px4_msgs/include/px4_msgs/px4_msgs/msg/detail/rtl_status__type_support.cpp\n'}
[1.668464] (px4_msgs) StdoutLine: {'line': b'-- Up-to-date: /home/px4/ros2/ws/install/px4_msgs/include/px4_msgs/px4_msgs/msg/detail/cpuload__type_support.cpp\n'}
[1.668530] (px4_msgs) StdoutLine: {'line': b'-- Up-to-date: /home/px4/ros2/ws/install/px4_msgs/include/px4_msgs/px4_msgs/msg/detail/vehicle_local_position_setpoint__rosidl_typesupport_introspection_cpp.hpp\n'}
[1.668588] (px4_msgs) StdoutLine: {'line': b'-- Up-to-date: /home/px4/ros2/ws/install/px4_msgs/include/px4_msgs/px4_msgs/msg/detail/rpm__type_support.cpp\n'}
[1.668646] (px4_msgs) StdoutLine: {'line': b'-- Up-to-date: /home/px4/ros2/ws/install/px4_msgs/include/px4_msgs/px4_msgs/msg/detail/fixed_wing_longitudinal_setpoint__type_support.cpp\n'}
[1.668709] (px4_msgs) StdoutLine: {'line': b'-- Up-to-date: /home/px4/ros2/ws/install/px4_msgs/include/px4_msgs/px4_msgs/msg/detail/rover_rate_status__type_support.cpp\n'}
[1.668757] (px4_msgs) StdoutLine: {'line': b'-- Up-to-date: /home/px4/ros2/ws/install/px4_msgs/include/px4_msgs/px4_msgs/msg/detail/goto_setpoint__type_support.cpp\n'}
[1.668804] (px4_msgs) StdoutLine: {'line': b'-- Up-to-date: /home/px4/ros2/ws/install/px4_msgs/include/px4_msgs/px4_msgs/msg/detail/radio_status__type_support.cpp\n'}
[1.668850] (px4_msgs) StdoutLine: {'line': b'-- Up-to-date: /home/px4/ros2/ws/install/px4_msgs/include/px4_msgs/px4_msgs/msg/detail/vehicle_optical_flow_vel__rosidl_typesupport_introspection_cpp.hpp\n'}
[1.668928] (px4_msgs) StdoutLine: {'line': b'-- Up-to-date: /home/px4/ros2/ws/install/px4_msgs/include/px4_msgs/px4_msgs/msg/detail/sensor_gyro__type_support.cpp\n'}
[1.668989] (px4_msgs) StdoutLine: {'line': b'-- Up-to-date: /home/px4/ros2/ws/install/px4_msgs/include/px4_msgs/px4_msgs/msg/detail/estimator_innovations__rosidl_typesupport_introspection_cpp.hpp\n'}
[1.669037] (px4_msgs) StdoutLine: {'line': b'-- Up-to-date: /home/px4/ros2/ws/install/px4_msgs/include/px4_msgs/px4_msgs/msg/detail/sensors_status_imu__type_support.cpp\n'}
[1.669083] (px4_msgs) StdoutLine: {'line': b'-- Up-to-date: /home/px4/ros2/ws/install/px4_msgs/include/px4_msgs/px4_msgs/msg/detail/sensor_correction__rosidl_typesupport_introspection_cpp.hpp\n'}
[1.669129] (px4_msgs) StdoutLine: {'line': b'-- Up-to-date: /home/px4/ros2/ws/install/px4_msgs/include/px4_msgs/px4_msgs/msg/detail/vehicle_air_data__type_support.cpp\n'}
[1.669175] (px4_msgs) StdoutLine: {'line': b'-- Up-to-date: /home/px4/ros2/ws/install/px4_msgs/include/px4_msgs/px4_msgs/msg/detail/manual_control_switches__type_support.cpp\n'}
[1.669221] (px4_msgs) StdoutLine: {'line': b'-- Up-to-date: /home/px4/ros2/ws/install/px4_msgs/include/px4_msgs/px4_msgs/msg/detail/position_setpoint_triplet__rosidl_typesupport_introspection_cpp.hpp\n'}
[1.669268] (px4_msgs) StdoutLine: {'line': b'-- Up-to-date: /home/px4/ros2/ws/install/px4_msgs/include/px4_msgs/px4_msgs/msg/detail/debug_array__type_support.cpp\n'}
[1.669314] (px4_msgs) StdoutLine: {'line': b'-- Up-to-date: /home/px4/ros2/ws/install/px4_msgs/include/px4_msgs/px4_msgs/msg/detail/vehicle_status__rosidl_typesupport_introspection_cpp.hpp\n'}
[1.669362] (px4_msgs) StdoutLine: {'line': b'-- Up-to-date: /home/px4/ros2/ws/install/px4_msgs/include/px4_msgs/px4_msgs/msg/detail/actuator_outputs__type_support.cpp\n'}
[1.669424] (px4_msgs) StdoutLine: {'line': b'-- Up-to-date: /home/px4/ros2/ws/install/px4_msgs/include/px4_msgs/px4_msgs/msg/detail/sensor_gnss_relative__rosidl_typesupport_introspection_cpp.hpp\n'}
[1.669472] (px4_msgs) StdoutLine: {'line': b'-- Up-to-date: /home/px4/ros2/ws/install/px4_msgs/include/px4_msgs/px4_msgs/msg/detail/hover_thrust_estimate__rosidl_typesupport_introspection_cpp.hpp\n'}
[1.669520] (px4_msgs) StdoutLine: {'line': b'-- Up-to-date: /home/px4/ros2/ws/install/px4_msgs/include/px4_msgs/px4_msgs/msg/detail/longitudinal_control_configuration__rosidl_typesupport_introspection_cpp.hpp\n'}
[1.669583] (px4_msgs) StdoutLine: {'line': b'-- Up-to-date: /home/px4/ros2/ws/install/px4_msgs/include/px4_msgs/px4_msgs/msg/detail/wheel_encoders__type_support.cpp\n'}
[1.669631] (px4_msgs) StdoutLine: {'line': b'-- Up-to-date: /home/px4/ros2/ws/install/px4_msgs/include/px4_msgs/px4_msgs/msg/detail/vehicle_rates_setpoint__type_support.cpp\n'}
[1.669678] (px4_msgs) StdoutLine: {'line': b'-- Up-to-date: /home/px4/ros2/ws/install/px4_msgs/include/px4_msgs/px4_msgs/msg/detail/gpio_in__rosidl_typesupport_introspection_cpp.hpp\n'}
[1.669725] (px4_msgs) StdoutLine: {'line': b'-- Up-to-date: /home/px4/ros2/ws/install/px4_msgs/include/px4_msgs/px4_msgs/msg/detail/follow_target__rosidl_typesupport_introspection_cpp.hpp\n'}
[1.669787] (px4_msgs) StdoutLine: {'line': b'-- Up-to-date: /home/px4/ros2/ws/install/px4_msgs/include/px4_msgs/px4_msgs/msg/detail/telemetry_status__type_support.cpp\n'}
[1.669835] (px4_msgs) StdoutLine: {'line': b'-- Up-to-date: /home/px4/ros2/ws/install/px4_msgs/include/px4_msgs/px4_msgs/msg/detail/landing_gear_wheel__rosidl_typesupport_introspection_cpp.hpp\n'}
[1.669895] (px4_msgs) StdoutLine: {'line': b'-- Up-to-date: /home/px4/ros2/ws/install/px4_msgs/include/px4_msgs/px4_msgs/msg/detail/vehicle_thrust_setpoint__rosidl_typesupport_introspection_cpp.hpp\n'}
[1.669949] (px4_msgs) StdoutLine: {'line': b'-- Up-to-date: /home/px4/ros2/ws/install/px4_msgs/include/px4_msgs/px4_msgs/msg/detail/home_position__rosidl_typesupport_introspection_cpp.hpp\n'}
[1.669996] (px4_msgs) StdoutLine: {'line': b'-- Up-to-date: /home/px4/ros2/ws/install/px4_msgs/include/px4_msgs/px4_msgs/msg/detail/sensor_gyro_fft__rosidl_typesupport_introspection_cpp.hpp\n'}
[1.670049] (px4_msgs) StdoutLine: {'line': b'-- Up-to-date: /home/px4/ros2/ws/install/px4_msgs/include/px4_msgs/px4_msgs/msg/detail/estimator_sensor_bias__rosidl_typesupport_introspection_cpp.hpp\n'}
[1.670096] (px4_msgs) StdoutLine: {'line': b'-- Up-to-date: /home/px4/ros2/ws/install/px4_msgs/include/px4_msgs/px4_msgs/msg/detail/orb_test__rosidl_typesupport_introspection_cpp.hpp\n'}
[1.670141] (px4_msgs) StdoutLine: {'line': b'-- Up-to-date: /home/px4/ros2/ws/install/px4_msgs/include/px4_msgs/px4_msgs/msg/detail/sensors_status_imu__rosidl_typesupport_introspection_cpp.hpp\n'}
[1.670204] (px4_msgs) StdoutLine: {'line': b'-- Up-to-date: /home/px4/ros2/ws/install/px4_msgs/include/px4_msgs/px4_msgs/msg/detail/orb_test_medium__rosidl_typesupport_introspection_cpp.hpp\n'}
[1.670252] (px4_msgs) StdoutLine: {'line': b'-- Up-to-date: /home/px4/ros2/ws/install/px4_msgs/include/px4_msgs/px4_msgs/msg/detail/vehicle_command_ack__type_support.cpp\n'}
[1.670299] (px4_msgs) StdoutLine: {'line': b'-- Up-to-date: /home/px4/ros2/ws/install/px4_msgs/include/px4_msgs/px4_msgs/msg/detail/gimbal_manager_set_attitude__rosidl_typesupport_introspection_cpp.hpp\n'}
[1.670362] (px4_msgs) StdoutLine: {'line': b'-- Up-to-date: /home/px4/ros2/ws/install/px4_msgs/include/px4_msgs/px4_msgs/msg/detail/sensor_airflow__rosidl_typesupport_introspection_cpp.hpp\n'}
[1.670412] (px4_msgs) StdoutLine: {'line': b'-- Up-to-date: /home/px4/ros2/ws/install/px4_msgs/include/px4_msgs/px4_msgs/msg/detail/mission_result__rosidl_typesupport_introspection_cpp.hpp\n'}
[1.670460] (px4_msgs) StdoutLine: {'line': b'-- Up-to-date: /home/px4/ros2/ws/install/px4_msgs/include/px4_msgs/px4_msgs/msg/detail/battery_info__type_support.cpp\n'}
[1.670517] (px4_msgs) StdoutLine: {'line': b'-- Up-to-date: /home/px4/ros2/ws/install/px4_msgs/include/px4_msgs/px4_msgs/msg/detail/sensor_preflight_mag__rosidl_typesupport_introspection_cpp.hpp\n'}
[1.670577] (px4_msgs) StdoutLine: {'line': b'-- Up-to-date: /home/px4/ros2/ws/install/px4_msgs/include/px4_msgs/px4_msgs/msg/detail/ekf2_timestamps__type_support.cpp\n'}
[1.670642] (px4_msgs) StdoutLine: {'line': b'-- Up-to-date: /home/px4/ros2/ws/install/px4_msgs/include/px4_msgs/px4_msgs/msg/detail/trajectory_setpoint__type_support.cpp\n'}
[1.670691] (px4_msgs) StdoutLine: {'line': b'-- Up-to-date: /home/px4/ros2/ws/install/px4_msgs/include/px4_msgs/px4_msgs/msg/detail/vehicle_land_detected__rosidl_typesupport_introspection_cpp.hpp\n'}
[1.670737] (px4_msgs) StdoutLine: {'line': b'-- Up-to-date: /home/px4/ros2/ws/install/px4_msgs/include/px4_msgs/px4_msgs/msg/detail/mount_orientation__rosidl_typesupport_introspection_cpp.hpp\n'}
[1.670785] (px4_msgs) StdoutLine: {'line': b'-- Up-to-date: /home/px4/ros2/ws/install/px4_msgs/include/px4_msgs/px4_msgs/msg/detail/open_drone_id_self_id__type_support.cpp\n'}
[1.670831] (px4_msgs) StdoutLine: {'line': b'-- Up-to-date: /home/px4/ros2/ws/install/px4_msgs/include/px4_msgs/px4_msgs/msg/detail/yaw_estimator_status__type_support.cpp\n'}
[1.670890] (px4_msgs) StdoutLine: {'line': b'-- Up-to-date: /home/px4/ros2/ws/install/px4_msgs/include/px4_msgs/px4_msgs/msg/detail/button_event__type_support.cpp\n'}
[1.670943] (px4_msgs) StdoutLine: {'line': b'-- Up-to-date: /home/px4/ros2/ws/install/px4_msgs/include/px4_msgs/px4_msgs/msg/detail/rtl_time_estimate__type_support.cpp\n'}
[1.670990] (px4_msgs) StdoutLine: {'line': b'-- Up-to-date: /home/px4/ros2/ws/install/px4_msgs/include/px4_msgs/px4_msgs/msg/detail/power_monitor__type_support.cpp\n'}
[1.671050] (px4_msgs) StdoutLine: {'line': b'-- Up-to-date: /home/px4/ros2/ws/install/px4_msgs/include/px4_msgs/px4_msgs/msg/detail/mag_worker_data__rosidl_typesupport_introspection_cpp.hpp\n'}
[1.671098] (px4_msgs) StdoutLine: {'line': b'-- Up-to-date: /home/px4/ros2/ws/install/px4_msgs/include/px4_msgs/px4_msgs/msg/detail/adc_report__type_support.cpp\n'}
[1.671145] (px4_msgs) StdoutLine: {'line': b'-- Up-to-date: /home/px4/ros2/ws/install/px4_msgs/include/px4_msgs/px4_msgs/msg/detail/fixed_wing_runway_control__type_support.cpp\n'}
[1.671214] (px4_msgs) StdoutLine: {'line': b'-- Up-to-date: /home/px4/ros2/ws/install/px4_msgs/include/px4_msgs/px4_msgs/msg/detail/irlock_report__type_support.cpp\n'}
[1.671263] (px4_msgs) StdoutLine: {'line': b'-- Up-to-date: /home/px4/ros2/ws/install/px4_msgs/include/px4_msgs/px4_msgs/msg/detail/rover_position_setpoint__rosidl_typesupport_introspection_cpp.hpp\n'}
[1.671310] (px4_msgs) StdoutLine: {'line': b'-- Up-to-date: /home/px4/ros2/ws/install/px4_msgs/include/px4_msgs/px4_msgs/msg/detail/normalized_unsigned_setpoint__type_support.cpp\n'}
[1.671357] (px4_msgs) StdoutLine: {'line': b'-- Up-to-date: /home/px4/ros2/ws/install/px4_msgs/include/px4_msgs/px4_msgs/msg/detail/geofence_status__type_support.cpp\n'}
[1.671418] (px4_msgs) StdoutLine: {'line': b'-- Up-to-date: /home/px4/ros2/ws/install/px4_msgs/include/px4_msgs/px4_msgs/msg/detail/fixed_wing_longitudinal_setpoint__rosidl_typesupport_introspection_cpp.hpp\n'}
[1.671479] (px4_msgs) StdoutLine: {'line': b'-- Up-to-date: /home/px4/ros2/ws/install/px4_msgs/include/px4_msgs/px4_msgs/msg/detail/estimator_bias3d__rosidl_typesupport_introspection_cpp.hpp\n'}
[1.671527] (px4_msgs) StdoutLine: {'line': b'-- Up-to-date: /home/px4/ros2/ws/install/px4_msgs/include/px4_msgs/px4_msgs/msg/detail/sensor_selection__type_support.cpp\n'}
[1.671574] (px4_msgs) StdoutLine: {'line': b'-- Up-to-date: /home/px4/ros2/ws/install/px4_msgs/include/px4_msgs/px4_msgs/msg/detail/camera_capture__type_support.cpp\n'}
[1.671621] (px4_msgs) StdoutLine: {'line': b'-- Up-to-date: /home/px4/ros2/ws/install/px4_msgs/include/px4_msgs/px4_msgs/msg/detail/sensor_accel_fifo__rosidl_typesupport_introspection_cpp.hpp\n'}
[1.671668] (px4_msgs) StdoutLine: {'line': b'-- Up-to-date: /home/px4/ros2/ws/install/px4_msgs/include/px4_msgs/px4_msgs/msg/detail/parameter_update__rosidl_typesupport_introspection_cpp.hpp\n'}
[1.671716] (px4_msgs) StdoutLine: {'line': b'-- Up-to-date: /home/px4/ros2/ws/install/px4_msgs/include/px4_msgs/px4_msgs/msg/detail/obstacle_distance__rosidl_typesupport_introspection_cpp.hpp\n'}
[1.671763] (px4_msgs) StdoutLine: {'line': b'-- Up-to-date: /home/px4/ros2/ws/install/px4_msgs/include/px4_msgs/px4_msgs/msg/detail/message_format_response__rosidl_typesupport_introspection_cpp.hpp\n'}
[1.671809] (px4_msgs) StdoutLine: {'line': b'-- Up-to-date: /home/px4/ros2/ws/install/px4_msgs/include/px4_msgs/px4_msgs/msg/detail/vehicle_rates_setpoint__rosidl_typesupport_introspection_cpp.hpp\n'}
[1.671889] (px4_msgs) StdoutLine: {'line': b'-- Up-to-date: /home/px4/ros2/ws/install/px4_msgs/include/px4_msgs/px4_msgs/msg/detail/control_allocator_status__type_support.cpp\n'}
[1.671948] (px4_msgs) StdoutLine: {'line': b'-- Up-to-date: /home/px4/ros2/ws/install/px4_msgs/include/px4_msgs/px4_msgs/msg/detail/gps_inject_data__type_support.cpp\n'}
[1.671995] (px4_msgs) StdoutLine: {'line': b'-- Up-to-date: /home/px4/ros2/ws/install/px4_msgs/include/px4_msgs/px4_msgs/msg/detail/config_overrides__type_support.cpp\n'}
[1.672056] (px4_msgs) StdoutLine: {'line': b'-- Up-to-date: /home/px4/ros2/ws/install/px4_msgs/include/px4_msgs/px4_msgs/msg/detail/vehicle_magnetometer__type_support.cpp\n'}
[1.672118] (px4_msgs) StdoutLine: {'line': b'-- Up-to-date: /home/px4/ros2/ws/install/px4_msgs/include/px4_msgs/px4_msgs/msg/detail/vehicle_roi__rosidl_typesupport_introspection_cpp.hpp\n'}
[1.672167] (px4_msgs) StdoutLine: {'line': b'-- Up-to-date: /home/px4/ros2/ws/install/px4_msgs/include/px4_msgs/px4_msgs/msg/detail/mode_completed__type_support.cpp\n'}
[1.672215] (px4_msgs) StdoutLine: {'line': b'-- Up-to-date: /home/px4/ros2/ws/install/px4_msgs/include/px4_msgs/px4_msgs/msg/detail/debug_value__rosidl_typesupport_introspection_cpp.hpp\n'}
[1.672275] (px4_msgs) StdoutLine: {'line': b'-- Up-to-date: /home/px4/ros2/ws/install/px4_msgs/include/px4_msgs/px4_msgs/msg/detail/gimbal_manager_set_attitude__type_support.cpp\n'}
[1.672322] (px4_msgs) StdoutLine: {'line': b'-- Up-to-date: /home/px4/ros2/ws/install/px4_msgs/include/px4_msgs/px4_msgs/msg/detail/camera_status__rosidl_typesupport_introspection_cpp.hpp\n'}
[1.672374] (px4_msgs) StdoutLine: {'line': b'-- Up-to-date: /home/px4/ros2/ws/install/px4_msgs/include/px4_msgs/px4_msgs/msg/detail/gpio_request__rosidl_typesupport_introspection_cpp.hpp\n'}
[1.672421] (px4_msgs) StdoutLine: {'line': b'-- Up-to-date: /home/px4/ros2/ws/install/px4_msgs/include/px4_msgs/px4_msgs/msg/detail/tiltrotor_extra_controls__rosidl_typesupport_introspection_cpp.hpp\n'}
[1.672467] (px4_msgs) StdoutLine: {'line': b'-- Up-to-date: /home/px4/ros2/ws/install/px4_msgs/include/px4_msgs/px4_msgs/msg/detail/estimator_selector_status__rosidl_typesupport_introspection_cpp.hpp\n'}
[1.672527] (px4_msgs) StdoutLine: {'line': b'-- Up-to-date: /home/px4/ros2/ws/install/px4_msgs/include/px4_msgs/px4_msgs/msg/detail/onboard_computer_status__type_support.cpp\n'}
[1.672575] (px4_msgs) StdoutLine: {'line': b'-- Up-to-date: /home/px4/ros2/ws/install/px4_msgs/include/px4_msgs/px4_msgs/msg/detail/health_report__rosidl_typesupport_introspection_cpp.hpp\n'}
[1.672621] (px4_msgs) StdoutLine: {'line': b'-- Up-to-date: /home/px4/ros2/ws/install/px4_msgs/include/px4_msgs/px4_msgs/msg/detail/landing_target_pose__type_support.cpp\n'}
[1.672667] (px4_msgs) StdoutLine: {'line': b'-- Up-to-date: /home/px4/ros2/ws/install/px4_msgs/include/px4_msgs/px4_msgs/msg/detail/launch_detection_status__rosidl_typesupport_introspection_cpp.hpp\n'}
[1.672712] (px4_msgs) StdoutLine: {'line': b'-- Up-to-date: /home/px4/ros2/ws/install/px4_msgs/include/px4_msgs/px4_msgs/msg/detail/geofence_status__rosidl_typesupport_introspection_cpp.hpp\n'}
[1.672759] (px4_msgs) StdoutLine: {'line': b'-- Up-to-date: /home/px4/ros2/ws/install/px4_msgs/include/px4_msgs/px4_msgs/msg/detail/open_drone_id_operator_id__rosidl_typesupport_introspection_cpp.hpp\n'}
[1.672819] (px4_msgs) StdoutLine: {'line': b'-- Up-to-date: /home/px4/ros2/ws/install/px4_msgs/include/px4_msgs/px4_msgs/msg/detail/position_controller_status__type_support.cpp\n'}
[1.672875] (px4_msgs) StdoutLine: {'line': b'-- Up-to-date: /home/px4/ros2/ws/install/px4_msgs/include/px4_msgs/px4_msgs/msg/detail/navigator_mission_item__rosidl_typesupport_introspection_cpp.hpp\n'}
[1.672936] (px4_msgs) StdoutLine: {'line': b'-- Up-to-date: /home/px4/ros2/ws/install/px4_msgs/include/px4_msgs/px4_msgs/msg/detail/tecs_status__type_support.cpp\n'}
[1.673002] (px4_msgs) StdoutLine: {'line': b'-- Up-to-date: /home/px4/ros2/ws/install/px4_msgs/include/px4_msgs/px4_msgs/msg/detail/distance_sensor_mode_change_request__type_support.cpp\n'}
[1.673049] (px4_msgs) StdoutLine: {'line': b'-- Up-to-date: /home/px4/ros2/ws/install/px4_msgs/include/px4_msgs/px4_msgs/msg/detail/rover_attitude_status__rosidl_typesupport_introspection_cpp.hpp\n'}
[1.673097] (px4_msgs) StdoutLine: {'line': b'-- Up-to-date: /home/px4/ros2/ws/install/px4_msgs/include/px4_msgs/px4_msgs/msg/detail/navigator_status__rosidl_typesupport_introspection_cpp.hpp\n'}
[1.673142] (px4_msgs) StdoutLine: {'line': b'-- Up-to-date: /home/px4/ros2/ws/install/px4_msgs/include/px4_msgs/px4_msgs/msg/detail/airspeed_validated__rosidl_typesupport_introspection_cpp.hpp\n'}
[1.673202] (px4_msgs) StdoutLine: {'line': b'-- Up-to-date: /home/px4/ros2/ws/install/px4_msgs/include/px4_msgs/px4_msgs/msg/detail/input_rc__type_support.cpp\n'}
[1.673250] (px4_msgs) StdoutLine: {'line': b'-- Up-to-date: /home/px4/ros2/ws/install/px4_msgs/include/px4_msgs/px4_msgs/msg/detail/unregister_ext_component__rosidl_typesupport_introspection_cpp.hpp\n'}
[1.673301] (px4_msgs) StdoutLine: {'line': b'-- Up-to-date: /home/px4/ros2/ws/install/px4_msgs/include/px4_msgs/px4_msgs/msg/detail/orb_test_large__type_support.cpp\n'}
[1.673360] (px4_msgs) StdoutLine: {'line': b'-- Up-to-date: /home/px4/ros2/ws/install/px4_msgs/include/px4_msgs/px4_msgs/msg/detail/gimbal_manager_status__rosidl_typesupport_introspection_cpp.hpp\n'}
[1.673408] (px4_msgs) StdoutLine: {'line': b'-- Up-to-date: /home/px4/ros2/ws/install/px4_msgs/include/px4_msgs/px4_msgs/msg/detail/esc_report__rosidl_typesupport_introspection_cpp.hpp\n'}
[1.673462] (px4_msgs) StdoutLine: {'line': b'-- Up-to-date: /home/px4/ros2/ws/install/px4_msgs/include/px4_msgs/px4_msgs/msg/detail/event__rosidl_typesupport_introspection_cpp.hpp\n'}
[1.673509] (px4_msgs) StdoutLine: {'line': b'-- Up-to-date: /home/px4/ros2/ws/install/px4_msgs/include/px4_msgs/px4_msgs/msg/detail/neural_control__type_support.cpp\n'}
[1.673567] (px4_msgs) StdoutLine: {'line': b'-- Up-to-date: /home/px4/ros2/ws/install/px4_msgs/include/px4_msgs/px4_msgs/msg/detail/vehicle_local_position_setpoint__type_support.cpp\n'}
[1.673617] (px4_msgs) StdoutLine: {'line': b'-- Up-to-date: /home/px4/ros2/ws/install/px4_msgs/include/px4_msgs/px4_msgs/msg/detail/generator_status__type_support.cpp\n'}
[1.673675] (px4_msgs) StdoutLine: {'line': b'-- Up-to-date: /home/px4/ros2/ws/install/px4_msgs/include/px4_msgs/px4_msgs/msg/detail/system_power__rosidl_typesupport_introspection_cpp.hpp\n'}
[1.673722] (px4_msgs) StdoutLine: {'line': b'-- Up-to-date: /home/px4/ros2/ws/install/px4_msgs/include/px4_msgs/px4_msgs/msg/detail/debug_vect__type_support.cpp\n'}
[1.673770] (px4_msgs) StdoutLine: {'line': b'-- Up-to-date: /home/px4/ros2/ws/install/px4_msgs/include/px4_msgs/px4_msgs/msg/detail/collision_constraints__type_support.cpp\n'}
[1.673816] (px4_msgs) StdoutLine: {'line': b'-- Up-to-date: /home/px4/ros2/ws/install/px4_msgs/include/px4_msgs/px4_msgs/msg/detail/rover_attitude_setpoint__rosidl_typesupport_introspection_cpp.hpp\n'}
[1.673871] (px4_msgs) StdoutLine: {'line': b'-- Up-to-date: /home/px4/ros2/ws/install/px4_msgs/include/px4_msgs/px4_msgs/msg/detail/vehicle_land_detected__type_support.cpp\n'}
[1.673928] (px4_msgs) StdoutLine: {'line': b'-- Up-to-date: /home/px4/ros2/ws/install/px4_msgs/include/px4_msgs/px4_msgs/msg/detail/gps_inject_data__rosidl_typesupport_introspection_cpp.hpp\n'}
[1.673974] (px4_msgs) StdoutLine: {'line': b'-- Up-to-date: /home/px4/ros2/ws/install/px4_msgs/include/px4_msgs/px4_msgs/msg/detail/sensor_correction__type_support.cpp\n'}
[1.674037] (px4_msgs) StdoutLine: {'line': b'-- Up-to-date: /home/px4/ros2/ws/install/px4_msgs/include/px4_msgs/px4_msgs/msg/detail/position_setpoint__rosidl_typesupport_introspection_cpp.hpp\n'}
[1.674086] (px4_msgs) StdoutLine: {'line': b'-- Up-to-date: /home/px4/ros2/ws/install/px4_msgs/include/px4_msgs/px4_msgs/msg/detail/vehicle_angular_velocity__rosidl_typesupport_introspection_cpp.hpp\n'}
[1.674131] (px4_msgs) StdoutLine: {'line': b'-- Up-to-date: /home/px4/ros2/ws/install/px4_msgs/include/px4_msgs/px4_msgs/msg/detail/estimator_status_flags__type_support.cpp\n'}
[1.674191] (px4_msgs) StdoutLine: {'line': b'-- Up-to-date: /home/px4/ros2/ws/install/px4_msgs/include/px4_msgs/px4_msgs/msg/detail/system_power__type_support.cpp\n'}
[1.674238] (px4_msgs) StdoutLine: {'line': b'-- Up-to-date: /home/px4/ros2/ws/install/px4_msgs/include/px4_msgs/px4_msgs/msg/detail/longitudinal_control_configuration__type_support.cpp\n'}
[1.674285] (px4_msgs) StdoutLine: {'line': b'-- Up-to-date: /home/px4/ros2/ws/install/px4_msgs/include/px4_msgs/px4_msgs/msg/detail/debug_key_value__rosidl_typesupport_introspection_cpp.hpp\n'}
[1.674331] (px4_msgs) StdoutLine: {'line': b'-- Up-to-date: /home/px4/ros2/ws/install/px4_msgs/include/px4_msgs/px4_msgs/msg/detail/vehicle_command__rosidl_typesupport_introspection_cpp.hpp\n'}
[1.674378] (px4_msgs) StdoutLine: {'line': b'-- Up-to-date: /home/px4/ros2/ws/install/px4_msgs/include/px4_msgs/px4_msgs/msg/detail/sensor_optical_flow__type_support.cpp\n'}
[1.674437] (px4_msgs) StdoutLine: {'line': b'-- Up-to-date: /home/px4/ros2/ws/install/px4_msgs/include/px4_msgs/px4_msgs/msg/detail/position_controller_landing_status__rosidl_typesupport_introspection_cpp.hpp\n'}
[1.674485] (px4_msgs) StdoutLine: {'line': b'-- Up-to-date: /home/px4/ros2/ws/install/px4_msgs/include/px4_msgs/px4_msgs/msg/detail/wind__rosidl_typesupport_introspection_cpp.hpp\n'}
[1.674533] (px4_msgs) StdoutLine: {'line': b'-- Up-to-date: /home/px4/ros2/ws/install/px4_msgs/include/px4_msgs/px4_msgs/msg/detail/iridiumsbd_status__type_support.cpp\n'}
[1.674578] (px4_msgs) StdoutLine: {'line': b'-- Up-to-date: /home/px4/ros2/ws/install/px4_msgs/include/px4_msgs/px4_msgs/msg/detail/sensor_baro__type_support.cpp\n'}
[1.674632] (px4_msgs) StdoutLine: {'line': b'-- Up-to-date: /home/px4/ros2/ws/install/px4_msgs/include/px4_msgs/px4_msgs/msg/detail/sensor_hygrometer__rosidl_typesupport_introspection_cpp.hpp\n'}
[1.674678] (px4_msgs) StdoutLine: {'line': b'-- Up-to-date: /home/px4/ros2/ws/install/px4_msgs/include/px4_msgs/px4_msgs/msg/detail/pps_capture__type_support.cpp\n'}
[1.674724] (px4_msgs) StdoutLine: {'line': b'-- Up-to-date: /home/px4/ros2/ws/install/px4_msgs/include/px4_msgs/px4_msgs/msg/detail/battery_status__type_support.cpp\n'}
[1.674775] (px4_msgs) StdoutLine: {'line': b'-- Up-to-date: /home/px4/ros2/ws/install/px4_msgs/include/px4_msgs/px4_msgs/msg/detail/offboard_control_mode__rosidl_typesupport_introspection_cpp.hpp\n'}
[1.674839] (px4_msgs) StdoutLine: {'line': b'-- Up-to-date: /home/px4/ros2/ws/install/px4_msgs/include/px4_msgs/px4_msgs/msg/detail/vehicle_thrust_setpoint__type_support.cpp\n'}
[1.674902] (px4_msgs) StdoutLine: {'line': b'-- Up-to-date: /home/px4/ros2/ws/install/px4_msgs/include/px4_msgs/px4_msgs/msg/detail/radio_status__rosidl_typesupport_introspection_cpp.hpp\n'}
[1.674954] (px4_msgs) StdoutLine: {'line': b'-- Up-to-date: /home/px4/ros2/ws/install/px4_msgs/include/px4_msgs/px4_msgs/msg/detail/neural_control__rosidl_typesupport_introspection_cpp.hpp\n'}
[1.675026] (px4_msgs) StdoutLine: {'line': b'-- Up-to-date: /home/px4/ros2/ws/install/px4_msgs/include/px4_msgs/px4_msgs/msg/detail/vehicle_attitude__rosidl_typesupport_introspection_cpp.hpp\n'}
[1.675074] (px4_msgs) StdoutLine: {'line': b'-- Up-to-date: /home/px4/ros2/ws/install/px4_msgs/include/px4_msgs/px4_msgs/msg/detail/yaw_estimator_status__rosidl_typesupport_introspection_cpp.hpp\n'}
[1.675121] (px4_msgs) StdoutLine: {'line': b'-- Up-to-date: /home/px4/ros2/ws/install/px4_msgs/include/px4_msgs/px4_msgs/msg/detail/orbit_status__type_support.cpp\n'}
[1.675167] (px4_msgs) StdoutLine: {'line': b'-- Up-to-date: /home/px4/ros2/ws/install/px4_msgs/include/px4_msgs/px4_msgs/msg/detail/airspeed__type_support.cpp\n'}
[1.675250] (px4_msgs) StdoutLine: {'line': b'-- Up-to-date: /home/px4/ros2/ws/install/px4_msgs/include/px4_msgs/px4_msgs/msg/detail/estimator_bias3d__type_support.cpp\n'}
[1.675299] (px4_msgs) StdoutLine: {'line': b'-- Up-to-date: /home/px4/ros2/ws/install/px4_msgs/include/px4_msgs/px4_msgs/msg/detail/message_format_request__type_support.cpp\n'}
[1.675346] (px4_msgs) StdoutLine: {'line': b'-- Up-to-date: /home/px4/ros2/ws/install/px4_msgs/include/px4_msgs/px4_msgs/msg/detail/irlock_report__rosidl_typesupport_introspection_cpp.hpp\n'}
[1.675391] (px4_msgs) StdoutLine: {'line': b'-- Up-to-date: /home/px4/ros2/ws/install/px4_msgs/include/px4_msgs/px4_msgs/msg/detail/orb_test_large__rosidl_typesupport_introspection_cpp.hpp\n'}
[1.675438] (px4_msgs) StdoutLine: {'line': b'-- Up-to-date: /home/px4/ros2/ws/install/px4_msgs/include/px4_msgs/px4_msgs/msg/detail/differential_pressure__rosidl_typesupport_introspection_cpp.hpp\n'}
[1.675484] (px4_msgs) StdoutLine: {'line': b'-- Up-to-date: /home/px4/ros2/ws/install/px4_msgs/include/px4_msgs/px4_msgs/msg/detail/figure_eight_status__type_support.cpp\n'}
[1.675531] (px4_msgs) StdoutLine: {'line': b'-- Up-to-date: /home/px4/ros2/ws/install/px4_msgs/include/px4_msgs/px4_msgs/msg/detail/rover_steering_setpoint__type_support.cpp\n'}
[1.675578] (px4_msgs) StdoutLine: {'line': b'-- Up-to-date: /home/px4/ros2/ws/install/px4_msgs/include/px4_msgs/px4_msgs/msg/detail/pps_capture__rosidl_typesupport_introspection_cpp.hpp\n'}
[1.675622] (px4_msgs) StdoutLine: {'line': b'-- Up-to-date: /home/px4/ros2/ws/install/px4_msgs/include/px4_msgs/px4_msgs/msg/detail/uavcan_parameter_value__rosidl_typesupport_introspection_cpp.hpp\n'}
[1.675689] (px4_msgs) StdoutLine: {'line': b'-- Up-to-date: /home/px4/ros2/ws/install/px4_msgs/include/px4_msgs/px4_msgs/msg/detail/sensor_gyro_fifo__type_support.cpp\n'}
[1.675738] (px4_msgs) StdoutLine: {'line': b'-- Up-to-date: /home/px4/ros2/ws/install/px4_msgs/include/px4_msgs/px4_msgs/msg/detail/rover_rate_setpoint__type_support.cpp\n'}
[1.675789] (px4_msgs) StdoutLine: {'line': b'-- Up-to-date: /home/px4/ros2/ws/install/px4_msgs/include/px4_msgs/px4_msgs/msg/detail/gimbal_device_attitude_status__type_support.cpp\n'}
[1.675856] (px4_msgs) StdoutLine: {'line': b'-- Up-to-date: /home/px4/ros2/ws/install/px4_msgs/include/px4_msgs/px4_msgs/msg/detail/gps_dump__type_support.cpp\n'}
[1.675923] (px4_msgs) StdoutLine: {'line': b'-- Up-to-date: /home/px4/ros2/ws/install/px4_msgs/include/px4_msgs/px4_msgs/msg/detail/logger_status__type_support.cpp\n'}
[1.675973] (px4_msgs) StdoutLine: {'line': b'-- Up-to-date: /home/px4/ros2/ws/install/px4_msgs/include/px4_msgs/px4_msgs/msg/detail/figure_eight_status__rosidl_typesupport_introspection_cpp.hpp\n'}
[1.676020] (px4_msgs) StdoutLine: {'line': b'-- Up-to-date: /home/px4/ros2/ws/install/px4_msgs/include/px4_msgs/px4_msgs/msg/detail/autotune_attitude_control_status__type_support.cpp\n'}
[1.676085] (px4_msgs) StdoutLine: {'line': b'-- Up-to-date: /home/px4/ros2/ws/install/px4_msgs/include/px4_msgs/px4_msgs/msg/detail/trajectory_setpoint6dof__rosidl_typesupport_introspection_cpp.hpp\n'}
[1.676134] (px4_msgs) StdoutLine: {'line': b'-- Up-to-date: /home/px4/ros2/ws/install/px4_msgs/include/px4_msgs/px4_msgs/msg/detail/tune_control__rosidl_typesupport_introspection_cpp.hpp\n'}
[1.676181] (px4_msgs) StdoutLine: {'line': b'-- Up-to-date: /home/px4/ros2/ws/install/px4_msgs/include/px4_msgs/px4_msgs/msg/detail/vehicle_attitude_setpoint__type_support.cpp\n'}
[1.676228] (px4_msgs) StdoutLine: {'line': b'-- Up-to-date: /home/px4/ros2/ws/install/px4_msgs/include/px4_msgs/px4_msgs/msg/detail/vehicle_command__type_support.cpp\n'}
[1.676279] (px4_msgs) StdoutLine: {'line': b'-- Up-to-date: /home/px4/ros2/ws/install/px4_msgs/include/px4_msgs/px4_msgs/msg/detail/vehicle_imu_status__type_support.cpp\n'}
[1.676326] (px4_msgs) StdoutLine: {'line': b'-- Up-to-date: /home/px4/ros2/ws/install/px4_msgs/include/px4_msgs/px4_msgs/msg/detail/gimbal_device_attitude_status__rosidl_typesupport_introspection_cpp.hpp\n'}
[1.676373] (px4_msgs) StdoutLine: {'line': b'-- Up-to-date: /home/px4/ros2/ws/install/px4_msgs/include/px4_msgs/px4_msgs/msg/detail/cpuload__rosidl_typesupport_introspection_cpp.hpp\n'}
[1.676420] (px4_msgs) StdoutLine: {'line': b'-- Up-to-date: /home/px4/ros2/ws/install/px4_msgs/include/px4_msgs/px4_msgs/msg/detail/vehicle_angular_acceleration_setpoint__type_support.cpp\n'}
[1.676475] (px4_msgs) StdoutLine: {'line': b'-- Up-to-date: /home/px4/ros2/ws/install/px4_msgs/include/px4_msgs/px4_msgs/msg/detail/qshell_retval__type_support.cpp\n'}
[1.676542] (px4_msgs) StdoutLine: {'line': b'-- Up-to-date: /home/px4/ros2/ws/install/px4_msgs/include/px4_msgs/px4_msgs/msg/detail/vehicle_constraints__type_support.cpp\n'}
[1.676592] (px4_msgs) StdoutLine: {'line': b'-- Up-to-date: /home/px4/ros2/ws/install/px4_msgs/include/px4_msgs/px4_msgs/msg/detail/vehicle_imu__rosidl_typesupport_introspection_cpp.hpp\n'}
[1.676643] (px4_msgs) StdoutLine: {'line': b'-- Up-to-date: /home/px4/ros2/ws/install/px4_msgs/include/px4_msgs/px4_msgs/msg/detail/adc_report__rosidl_typesupport_introspection_cpp.hpp\n'}
[1.676703] (px4_msgs) StdoutLine: {'line': b'-- Up-to-date: /home/px4/ros2/ws/install/px4_msgs/include/px4_msgs/px4_msgs/msg/detail/transponder_report__type_support.cpp\n'}
[1.676751] (px4_msgs) StdoutLine: {'line': b'-- Up-to-date: /home/px4/ros2/ws/install/px4_msgs/include/px4_msgs/px4_msgs/msg/detail/sensor_gps__rosidl_typesupport_introspection_cpp.hpp\n'}
[1.676798] (px4_msgs) StdoutLine: {'line': b'-- Up-to-date: /home/px4/ros2/ws/install/px4_msgs/include/px4_msgs/px4_msgs/msg/detail/actuator_outputs__rosidl_typesupport_introspection_cpp.hpp\n'}
[1.676880] (px4_msgs) StdoutLine: {'line': b'-- Up-to-date: /home/px4/ros2/ws/install/px4_msgs/include/px4_msgs/px4_msgs/msg/detail/telemetry_status__rosidl_typesupport_introspection_cpp.hpp\n'}
[1.676940] (px4_msgs) StdoutLine: {'line': b'-- Up-to-date: /home/px4/ros2/ws/install/px4_msgs/include/px4_msgs/px4_msgs/msg/detail/parameter_reset_request__type_support.cpp\n'}
[1.676997] (px4_msgs) StdoutLine: {'line': b'-- Up-to-date: /home/px4/ros2/ws/install/px4_msgs/include/px4_msgs/px4_msgs/msg/detail/estimator_sensor_bias__type_support.cpp\n'}
[1.677045] (px4_msgs) StdoutLine: {'line': b'-- Up-to-date: /home/px4/ros2/ws/install/px4_msgs/include/px4_msgs/px4_msgs/msg/detail/parameter_set_value_request__type_support.cpp\n'}
[1.677092] (px4_msgs) StdoutLine: {'line': b'-- Up-to-date: /home/px4/ros2/ws/install/px4_msgs/include/px4_msgs/px4_msgs/msg/detail/gimbal_manager_status__type_support.cpp\n'}
[1.677138] (px4_msgs) StdoutLine: {'line': b'-- Up-to-date: /home/px4/ros2/ws/install/px4_msgs/include/px4_msgs/px4_msgs/msg/detail/rc_parameter_map__rosidl_typesupport_introspection_cpp.hpp\n'}
[1.677184] (px4_msgs) StdoutLine: {'line': b'-- Up-to-date: /home/px4/ros2/ws/install/px4_msgs/include/px4_msgs/px4_msgs/msg/detail/distance_sensor__type_support.cpp\n'}
[1.677230] (px4_msgs) StdoutLine: {'line': b'-- Up-to-date: /home/px4/ros2/ws/install/px4_msgs/include/px4_msgs/px4_msgs/msg/detail/gimbal_controls__rosidl_typesupport_introspection_cpp.hpp\n'}
[1.677277] (px4_msgs) StdoutLine: {'line': b'-- Up-to-date: /home/px4/ros2/ws/install/px4_msgs/include/px4_msgs/px4_msgs/msg/detail/register_ext_component_request__rosidl_typesupport_introspection_cpp.hpp\n'}
[1.677336] (px4_msgs) StdoutLine: {'line': b'-- Up-to-date: /home/px4/ros2/ws/install/px4_msgs/include/px4_msgs/px4_msgs/msg/detail/log_message__rosidl_typesupport_introspection_cpp.hpp\n'}
[1.677400] (px4_msgs) StdoutLine: {'line': b'-- Up-to-date: /home/px4/ros2/ws/install/px4_msgs/include/px4_msgs/px4_msgs/msg/detail/open_drone_id_system__type_support.cpp\n'}
[1.677449] (px4_msgs) StdoutLine: {'line': b'-- Up-to-date: /home/px4/ros2/ws/install/px4_msgs/include/px4_msgs/px4_msgs/msg/detail/offboard_control_mode__type_support.cpp\n'}
[1.677508] (px4_msgs) StdoutLine: {'line': b'-- Up-to-date: /home/px4/ros2/ws/install/px4_msgs/include/px4_msgs/px4_msgs/msg/detail/gripper__type_support.cpp\n'}
[1.677557] (px4_msgs) StdoutLine: {'line': b'-- Up-to-date: /home/px4/ros2/ws/install/px4_msgs/include/px4_msgs/px4_msgs/msg/detail/airspeed__rosidl_typesupport_introspection_cpp.hpp\n'}
[1.677603] (px4_msgs) StdoutLine: {'line': b'-- Up-to-date: /home/px4/ros2/ws/install/px4_msgs/include/px4_msgs/px4_msgs/msg/detail/rover_velocity_status__rosidl_typesupport_introspection_cpp.hpp\n'}
[1.677651] (px4_msgs) StdoutLine: {'line': b'-- Up-to-date: /home/px4/ros2/ws/install/px4_msgs/include/px4_msgs/px4_msgs/msg/detail/cellular_status__type_support.cpp\n'}
[1.677697] (px4_msgs) StdoutLine: {'line': b'-- Up-to-date: /home/px4/ros2/ws/install/px4_msgs/include/px4_msgs/px4_msgs/msg/detail/estimator_innovations__type_support.cpp\n'}
[1.677759] (px4_msgs) StdoutLine: {'line': b'-- Up-to-date: /home/px4/ros2/ws/install/px4_msgs/include/px4_msgs/px4_msgs/msg/detail/mag_worker_data__type_support.cpp\n'}
[1.677816] (px4_msgs) StdoutLine: {'line': b'-- Up-to-date: /home/px4/ros2/ws/install/px4_msgs/include/px4_msgs/px4_msgs/msg/detail/vehicle_optical_flow__rosidl_typesupport_introspection_cpp.hpp\n'}
[1.677874] (px4_msgs) StdoutLine: {'line': b'-- Up-to-date: /home/px4/ros2/ws/install/px4_msgs/include/px4_msgs/px4_msgs/msg/detail/onboard_computer_status__rosidl_typesupport_introspection_cpp.hpp\n'}
[1.677929] (px4_msgs) StdoutLine: {'line': b'-- Up-to-date: /home/px4/ros2/ws/install/px4_msgs/include/px4_msgs/px4_msgs/msg/detail/sensor_gyro_fft__type_support.cpp\n'}
[1.677976] (px4_msgs) StdoutLine: {'line': b'-- Up-to-date: /home/px4/ros2/ws/install/px4_msgs/include/px4_msgs/px4_msgs/msg/detail/sensor_selection__rosidl_typesupport_introspection_cpp.hpp\n'}
[1.678022] (px4_msgs) StdoutLine: {'line': b'-- Up-to-date: /home/px4/ros2/ws/install/px4_msgs/include/px4_msgs/px4_msgs/msg/detail/fixed_wing_lateral_setpoint__rosidl_typesupport_introspection_cpp.hpp\n'}
[1.678068] (px4_msgs) StdoutLine: {'line': b'-- Up-to-date: /home/px4/ros2/ws/install/px4_msgs/include/px4_msgs/px4_msgs/msg/detail/gripper__rosidl_typesupport_introspection_cpp.hpp\n'}
[1.678113] (px4_msgs) StdoutLine: {'line': b'-- Up-to-date: /home/px4/ros2/ws/install/px4_msgs/include/px4_msgs/px4_msgs/msg/detail/gpio_config__type_support.cpp\n'}
[1.678180] (px4_msgs) StdoutLine: {'line': b'-- Up-to-date: /home/px4/ros2/ws/install/px4_msgs/include/px4_msgs/px4_msgs/msg/detail/debug_vect__rosidl_typesupport_introspection_cpp.hpp\n'}
[1.678229] (px4_msgs) StdoutLine: {'line': b'-- Up-to-date: /home/px4/ros2/ws/install/px4_msgs/include/px4_msgs/px4_msgs/msg/detail/heater_status__type_support.cpp\n'}
[1.678276] (px4_msgs) StdoutLine: {'line': b'-- Up-to-date: /home/px4/ros2/ws/install/px4_msgs/include/px4_msgs/px4_msgs/msg/detail/sensor_gyro_fifo__rosidl_typesupport_introspection_cpp.hpp\n'}
[1.678338] (px4_msgs) StdoutLine: {'line': b'-- Up-to-date: /home/px4/ros2/ws/install/px4_msgs/include/px4_msgs/px4_msgs/msg/detail/estimator_selector_status__type_support.cpp\n'}
[1.678387] (px4_msgs) StdoutLine: {'line': b'-- Up-to-date: /home/px4/ros2/ws/install/px4_msgs/include/px4_msgs/px4_msgs/msg/detail/failure_detector_status__rosidl_typesupport_introspection_cpp.hpp\n'}
[1.678445] (px4_msgs) StdoutLine: {'line': b'-- Up-to-date: /home/px4/ros2/ws/install/px4_msgs/include/px4_msgs/px4_msgs/msg/detail/vehicle_torque_setpoint__type_support.cpp\n'}
[1.678493] (px4_msgs) StdoutLine: {'line': b'-- Up-to-date: /home/px4/ros2/ws/install/px4_msgs/include/px4_msgs/px4_msgs/msg/detail/rover_attitude_setpoint__type_support.cpp\n'}
[1.678556] (px4_msgs) StdoutLine: {'line': b'-- Up-to-date: /home/px4/ros2/ws/install/px4_msgs/include/px4_msgs/px4_msgs/msg/detail/sensors_status__type_support.cpp\n'}
[1.678605] (px4_msgs) StdoutLine: {'line': b'-- Up-to-date: /home/px4/ros2/ws/install/px4_msgs/include/px4_msgs/px4_msgs/msg/detail/open_drone_id_operator_id__type_support.cpp\n'}
[1.678652] (px4_msgs) StdoutLine: {'line': b'-- Up-to-date: /home/px4/ros2/ws/install/px4_msgs/include/px4_msgs/px4_msgs/msg/detail/battery_status__rosidl_typesupport_introspection_cpp.hpp\n'}
[1.678699] (px4_msgs) StdoutLine: {'line': b'-- Up-to-date: /home/px4/ros2/ws/install/px4_msgs/include/px4_msgs/px4_msgs/msg/detail/manual_control_switches__rosidl_typesupport_introspection_cpp.hpp\n'}
[1.678746] (px4_msgs) StdoutLine: {'line': b'-- Up-to-date: /home/px4/ros2/ws/install/px4_msgs/include/px4_msgs/px4_msgs/msg/detail/ping__rosidl_typesupport_introspection_cpp.hpp\n'}
[1.678793] (px4_msgs) StdoutLine: {'line': b'-- Up-to-date: /home/px4/ros2/ws/install/px4_msgs/include/px4_msgs/px4_msgs/msg/detail/vehicle_roi__type_support.cpp\n'}
[1.678839] (px4_msgs) StdoutLine: {'line': b'-- Up-to-date: /home/px4/ros2/ws/install/px4_msgs/include/px4_msgs/px4_msgs/msg/detail/debug_array__rosidl_typesupport_introspection_cpp.hpp\n'}
[1.678902] (px4_msgs) StdoutLine: {'line': b'-- Up-to-date: /home/px4/ros2/ws/install/px4_msgs/include/px4_msgs/px4_msgs/msg/detail/qshell_req__type_support.cpp\n'}
[1.678951] (px4_msgs) StdoutLine: {'line': b'-- Up-to-date: /home/px4/ros2/ws/install/px4_msgs/include/px4_msgs/px4_msgs/msg/detail/gpio_request__type_support.cpp\n'}
[1.679015] (px4_msgs) StdoutLine: {'line': b'-- Up-to-date: /home/px4/ros2/ws/install/px4_msgs/include/px4_msgs/px4_msgs/msg/detail/vehicle_global_position__type_support.cpp\n'}
[1.679063] (px4_msgs) StdoutLine: {'line': b'-- Up-to-date: /home/px4/ros2/ws/install/px4_msgs/include/px4_msgs/px4_msgs/msg/detail/geofence_result__rosidl_typesupport_introspection_cpp.hpp\n'}
[1.679110] (px4_msgs) StdoutLine: {'line': b'-- Up-to-date: /home/px4/ros2/ws/install/px4_msgs/include/px4_msgs/px4_msgs/msg/detail/sensor_gnss_relative__type_support.cpp\n'}
[1.679170] (px4_msgs) StdoutLine: {'line': b'-- Up-to-date: /home/px4/ros2/ws/install/px4_msgs/include/px4_msgs/px4_msgs/msg/detail/px4io_status__rosidl_typesupport_introspection_cpp.hpp\n'}
[1.679218] (px4_msgs) StdoutLine: {'line': b'-- Up-to-date: /home/px4/ros2/ws/install/px4_msgs/include/px4_msgs/px4_msgs/msg/detail/position_setpoint__type_support.cpp\n'}
[1.679265] (px4_msgs) StdoutLine: {'line': b'-- Up-to-date: /home/px4/ros2/ws/install/px4_msgs/include/px4_msgs/px4_msgs/msg/detail/failure_detector_status__type_support.cpp\n'}
[1.679325] (px4_msgs) StdoutLine: {'line': b'-- Up-to-date: /home/px4/ros2/ws/install/px4_msgs/include/px4_msgs/px4_msgs/msg/detail/estimator_event_flags__rosidl_typesupport_introspection_cpp.hpp\n'}
[1.679386] (px4_msgs) StdoutLine: {'line': b'-- Up-to-date: /home/px4/ros2/ws/install/px4_msgs/include/px4_msgs/px4_msgs/msg/detail/can_interface_status__rosidl_typesupport_introspection_cpp.hpp\n'}
[1.679433] (px4_msgs) StdoutLine: {'line': b'-- Up-to-date: /home/px4/ros2/ws/install/px4_msgs/include/px4_msgs/px4_msgs/msg/detail/airspeed_wind__rosidl_typesupport_introspection_cpp.hpp\n'}
[1.679480] (px4_msgs) StdoutLine: {'line': b'-- Up-to-date: /home/px4/ros2/ws/install/px4_msgs/include/px4_msgs/px4_msgs/msg/detail/orb_test__type_support.cpp\n'}
[1.679525] (px4_msgs) StdoutLine: {'line': b'-- Up-to-date: /home/px4/ros2/ws/install/px4_msgs/include/px4_msgs/px4_msgs/msg/detail/rover_throttle_setpoint__type_support.cpp\n'}
[1.679584] (px4_msgs) StdoutLine: {'line': b'-- Up-to-date: /home/px4/ros2/ws/install/px4_msgs/include/px4_msgs/px4_msgs/msg/detail/actuator_servos_trim__rosidl_typesupport_introspection_cpp.hpp\n'}
[1.679630] (px4_msgs) StdoutLine: {'line': b'-- Up-to-date: /home/px4/ros2/ws/install/px4_msgs/include/px4_msgs/px4_msgs/msg/detail/parameter_set_used_request__type_support.cpp\n'}
[1.679676] (px4_msgs) StdoutLine: {'line': b'-- Up-to-date: /home/px4/ros2/ws/install/px4_msgs/include/px4_msgs/px4_msgs/msg/detail/estimator_states__rosidl_typesupport_introspection_cpp.hpp\n'}
[1.679721] (px4_msgs) StdoutLine: {'line': b'-- Up-to-date: /home/px4/ros2/ws/install/px4_msgs/include/px4_msgs/px4_msgs/msg/detail/sensor_mag__rosidl_typesupport_introspection_cpp.hpp\n'}
[1.679767] (px4_msgs) StdoutLine: {'line': b'-- Up-to-date: /home/px4/ros2/ws/install/px4_msgs/include/px4_msgs/px4_msgs/msg/detail/ulog_stream__rosidl_typesupport_introspection_cpp.hpp\n'}
[1.679827] (px4_msgs) StdoutLine: {'line': b'-- Up-to-date: /home/px4/ros2/ws/install/px4_msgs/include/px4_msgs/px4_msgs/msg/detail/mount_orientation__type_support.cpp\n'}
[1.679913] (px4_msgs) StdoutLine: {'line': b'-- Up-to-date: /home/px4/ros2/ws/install/px4_msgs/include/px4_msgs/px4_msgs/msg/detail/task_stack_info__rosidl_typesupport_introspection_cpp.hpp\n'}
[1.679966] (px4_msgs) StdoutLine: {'line': b'-- Up-to-date: /home/px4/ros2/ws/install/px4_msgs/include/px4_msgs/px4_msgs/msg/detail/vehicle_odometry__rosidl_typesupport_introspection_cpp.hpp\n'}
[1.680042] (px4_msgs) StdoutLine: {'line': b'-- Up-to-date: /home/px4/ros2/ws/install/px4_msgs/include/px4_msgs/px4_msgs/msg/detail/actuator_motors__type_support.cpp\n'}
[1.680092] (px4_msgs) StdoutLine: {'line': b'-- Up-to-date: /home/px4/ros2/ws/install/px4_msgs/include/px4_msgs/px4_msgs/msg/detail/fixed_wing_runway_control__rosidl_typesupport_introspection_cpp.hpp\n'}
[1.680140] (px4_msgs) StdoutLine: {'line': b'-- Up-to-date: /home/px4/ros2/ws/install/px4_msgs/include/px4_msgs/px4_msgs/msg/detail/pwm_input__rosidl_typesupport_introspection_cpp.hpp\n'}
[1.680186] (px4_msgs) StdoutLine: {'line': b'-- Up-to-date: /home/px4/ros2/ws/install/px4_msgs/include/px4_msgs/px4_msgs/msg/detail/arming_check_reply__type_support.cpp\n'}
[1.680232] (px4_msgs) StdoutLine: {'line': b'-- Up-to-date: /home/px4/ros2/ws/install/px4_msgs/include/px4_msgs/px4_msgs/msg/detail/actuator_test__rosidl_typesupport_introspection_cpp.hpp\n'}
[1.680278] (px4_msgs) StdoutLine: {'line': b'-- Up-to-date: /home/px4/ros2/ws/install/px4_msgs/include/px4_msgs/px4_msgs/msg/detail/heater_status__rosidl_typesupport_introspection_cpp.hpp\n'}
[1.680323] (px4_msgs) StdoutLine: {'line': b'-- Up-to-date: /home/px4/ros2/ws/install/px4_msgs/include/px4_msgs/px4_msgs/msg/detail/fuel_tank_status__rosidl_typesupport_introspection_cpp.hpp\n'}
[1.680381] (px4_msgs) StdoutLine: {'line': b'-- Up-to-date: /home/px4/ros2/ws/install/px4_msgs/include/px4_msgs/px4_msgs/msg/detail/parameter_set_used_request__rosidl_typesupport_introspection_cpp.hpp\n'}
[1.680428] (px4_msgs) StdoutLine: {'line': b'-- Up-to-date: /home/px4/ros2/ws/install/px4_msgs/include/px4_msgs/px4_msgs/msg/detail/sensor_uwb__rosidl_typesupport_introspection_cpp.hpp\n'}
[1.680509] (px4_msgs) StdoutLine: {'line': b'-- Up-to-date: /home/px4/ros2/ws/install/px4_msgs/include/px4_msgs/px4_msgs/msg/detail/control_allocator_status__rosidl_typesupport_introspection_cpp.hpp\n'}
[1.680558] (px4_msgs) StdoutLine: {'line': b'-- Up-to-date: /home/px4/ros2/ws/install/px4_msgs/include/px4_msgs/px4_msgs/msg/detail/vehicle_imu__type_support.cpp\n'}
[1.680606] (px4_msgs) StdoutLine: {'line': b'-- Up-to-date: /home/px4/ros2/ws/install/px4_msgs/include/px4_msgs/px4_msgs/msg/detail/vehicle_command_ack__rosidl_typesupport_introspection_cpp.hpp\n'}
[1.680652] (px4_msgs) StdoutLine: {'line': b'-- Up-to-date: /home/px4/ros2/ws/install/px4_msgs/include/px4_msgs/px4_msgs/msg/detail/arming_check_request__rosidl_typesupport_introspection_cpp.hpp\n'}
[1.680698] (px4_msgs) StdoutLine: {'line': b'-- Up-to-date: /home/px4/ros2/ws/install/px4_msgs/include/px4_msgs/px4_msgs/msg/detail/rtl_time_estimate__rosidl_typesupport_introspection_cpp.hpp\n'}
[1.680751] (px4_msgs) StdoutLine: {'line': b'-- Up-to-date: /home/px4/ros2/ws/install/px4_msgs/include/px4_msgs/px4_msgs/msg/detail/pwm_input__type_support.cpp\n'}
[1.680799] (px4_msgs) StdoutLine: {'line': b'-- Up-to-date: /home/px4/ros2/ws/install/px4_msgs/include/px4_msgs/px4_msgs/msg/detail/gpio_in__type_support.cpp\n'}
[1.680844] (px4_msgs) StdoutLine: {'line': b'-- Up-to-date: /home/px4/ros2/ws/install/px4_msgs/include/px4_msgs/px4_msgs/msg/detail/gimbal_manager_information__rosidl_typesupport_introspection_cpp.hpp\n'}
[1.680910] (px4_msgs) StdoutLine: {'line': b'-- Up-to-date: /home/px4/ros2/ws/install/px4_msgs/include/px4_msgs/px4_msgs/msg/detail/tiltrotor_extra_controls__type_support.cpp\n'}
[1.680961] (px4_msgs) StdoutLine: {'line': b'-- Up-to-date: /home/px4/ros2/ws/install/px4_msgs/include/px4_msgs/px4_msgs/msg/detail/open_drone_id_arm_status__rosidl_typesupport_introspection_cpp.hpp\n'}
[1.681033] (px4_msgs) StdoutLine: {'line': b'-- Up-to-date: /home/px4/ros2/ws/install/px4_msgs/include/px4_msgs/px4_msgs/msg/detail/timesync_status__rosidl_typesupport_introspection_cpp.hpp\n'}
[1.681099] (px4_msgs) StdoutLine: {'line': b'-- Up-to-date: /home/px4/ros2/ws/install/px4_msgs/include/px4_msgs/px4_msgs/msg/detail/internal_combustion_engine_status__type_support.cpp\n'}
[1.681147] (px4_msgs) StdoutLine: {'line': b'-- Up-to-date: /home/px4/ros2/ws/install/px4_msgs/include/px4_msgs/px4_msgs/msg/detail/tune_control__type_support.cpp\n'}
[1.681195] (px4_msgs) StdoutLine: {'line': b'-- Up-to-date: /home/px4/ros2/ws/install/px4_msgs/include/px4_msgs/px4_msgs/msg/detail/rover_attitude_status__type_support.cpp\n'}
[1.681241] (px4_msgs) StdoutLine: {'line': b'-- Up-to-date: /home/px4/ros2/ws/install/px4_msgs/include/px4_msgs/px4_msgs/msg/detail/esc_status__rosidl_typesupport_introspection_cpp.hpp\n'}
[1.681288] (px4_msgs) StdoutLine: {'line': b'-- Up-to-date: /home/px4/ros2/ws/install/px4_msgs/include/px4_msgs/px4_msgs/msg/detail/open_drone_id_arm_status__type_support.cpp\n'}
[1.681351] (px4_msgs) StdoutLine: {'line': b'-- Up-to-date: /home/px4/ros2/ws/install/px4_msgs/include/px4_msgs/px4_msgs/msg/detail/led_control__rosidl_typesupport_introspection_cpp.hpp\n'}
[1.681400] (px4_msgs) StdoutLine: {'line': b'-- Up-to-date: /home/px4/ros2/ws/install/px4_msgs/include/px4_msgs/px4_msgs/msg/detail/led_control__type_support.cpp\n'}
[1.681447] (px4_msgs) StdoutLine: {'line': b'-- Up-to-date: /home/px4/ros2/ws/install/px4_msgs/include/px4_msgs/px4_msgs/srv\n'}
[1.681495] (px4_msgs) StdoutLine: {'line': b'-- Up-to-date: /home/px4/ros2/ws/install/px4_msgs/include/px4_msgs/px4_msgs/srv/detail\n'}
[1.681541] (px4_msgs) StdoutLine: {'line': b'-- Up-to-date: /home/px4/ros2/ws/install/px4_msgs/include/px4_msgs/px4_msgs/srv/detail/vehicle_command__rosidl_typesupport_introspection_cpp.hpp\n'}
[1.681589] (px4_msgs) StdoutLine: {'line': b'-- Up-to-date: /home/px4/ros2/ws/install/px4_msgs/include/px4_msgs/px4_msgs/srv/detail/vehicle_command__type_support.cpp\n'}
[1.681647] (px4_msgs) StdoutLine: {'line': b'-- Up-to-date: /home/px4/ros2/ws/install/px4_msgs/lib/libpx4_msgs__rosidl_typesupport_introspection_cpp.so\n'}
[1.681700] (px4_msgs) StdoutLine: {'line': b'-- Up-to-date: /home/px4/ros2/ws/install/px4_msgs/lib/libpx4_msgs__rosidl_typesupport_cpp.so\n'}
[1.681764] (px4_msgs) StdoutLine: {'line': b'-- Up-to-date: /home/px4/ros2/ws/install/px4_msgs/share/px4_msgs/environment/pythonpath.sh\n'}
[1.681813] (px4_msgs) StdoutLine: {'line': b'-- Up-to-date: /home/px4/ros2/ws/install/px4_msgs/share/px4_msgs/environment/pythonpath.dsv\n'}
[1.681861] (px4_msgs) StdoutLine: {'line': b'-- Up-to-date: /home/px4/ros2/ws/install/px4_msgs/local/lib/python3.10/dist-packages/px4_msgs-2.0.1-py3.10.egg-info\n'}
[1.681926] (px4_msgs) StdoutLine: {'line': b'-- Installing: /home/px4/ros2/ws/install/px4_msgs/local/lib/python3.10/dist-packages/px4_msgs-2.0.1-py3.10.egg-info/top_level.txt\n'}
[1.681991] (px4_msgs) StdoutLine: {'line': b'-- Installing: /home/px4/ros2/ws/install/px4_msgs/local/lib/python3.10/dist-packages/px4_msgs-2.0.1-py3.10.egg-info/dependency_links.txt\n'}
[1.682041] (px4_msgs) StdoutLine: {'line': b'-- Installing: /home/px4/ros2/ws/install/px4_msgs/local/lib/python3.10/dist-packages/px4_msgs-2.0.1-py3.10.egg-info/SOURCES.txt\n'}
[1.682089] (px4_msgs) StdoutLine: {'line': b'-- Installing: /home/px4/ros2/ws/install/px4_msgs/local/lib/python3.10/dist-packages/px4_msgs-2.0.1-py3.10.egg-info/PKG-INFO\n'}
[1.682135] (px4_msgs) StdoutLine: {'line': b'-- Up-to-date: /home/px4/ros2/ws/install/px4_msgs/local/lib/python3.10/dist-packages/px4_msgs\n'}
[1.682198] (px4_msgs) StdoutLine: {'line': b'-- Up-to-date: /home/px4/ros2/ws/install/px4_msgs/local/lib/python3.10/dist-packages/px4_msgs/_px4_msgs_s.ep.rosidl_typesupport_introspection_c.c\n'}
[1.682248] (px4_msgs) StdoutLine: {'line': b'-- Up-to-date: /home/px4/ros2/ws/install/px4_msgs/local/lib/python3.10/dist-packages/px4_msgs/libpx4_msgs__rosidl_generator_py.so\n'}
[1.682295] (px4_msgs) StdoutLine: {'line': b'-- Up-to-date: /home/px4/ros2/ws/install/px4_msgs/local/lib/python3.10/dist-packages/px4_msgs/__init__.py\n'}
[1.682343] (px4_msgs) StdoutLine: {'line': b'-- Up-to-date: /home/px4/ros2/ws/install/px4_msgs/local/lib/python3.10/dist-packages/px4_msgs/_px4_msgs_s.ep.rosidl_typesupport_fastrtps_c.c\n'}
[1.682398] (px4_msgs) StdoutLine: {'line': b'-- Up-to-date: /home/px4/ros2/ws/install/px4_msgs/local/lib/python3.10/dist-packages/px4_msgs/msg\n'}
[1.682447] (px4_msgs) StdoutLine: {'line': b'-- Up-to-date: /home/px4/ros2/ws/install/px4_msgs/local/lib/python3.10/dist-packages/px4_msgs/msg/_event_s.c\n'}
[1.682494] (px4_msgs) StdoutLine: {'line': b'-- Up-to-date: /home/px4/ros2/ws/install/px4_msgs/local/lib/python3.10/dist-packages/px4_msgs/msg/_vtol_vehicle_status.py\n'}
[1.682542] (px4_msgs) StdoutLine: {'line': b'-- Up-to-date: /home/px4/ros2/ws/install/px4_msgs/local/lib/python3.10/dist-packages/px4_msgs/msg/_parameter_set_used_request.py\n'}
[1.682601] (px4_msgs) StdoutLine: {'line': b'-- Up-to-date: /home/px4/ros2/ws/install/px4_msgs/local/lib/python3.10/dist-packages/px4_msgs/msg/_trajectory_setpoint_s.c\n'}
[1.682663] (px4_msgs) StdoutLine: {'line': b'-- Up-to-date: /home/px4/ros2/ws/install/px4_msgs/local/lib/python3.10/dist-packages/px4_msgs/msg/_distance_sensor_mode_change_request_s.c\n'}
[1.682712] (px4_msgs) StdoutLine: {'line': b'-- Up-to-date: /home/px4/ros2/ws/install/px4_msgs/local/lib/python3.10/dist-packages/px4_msgs/msg/_landing_target_pose.py\n'}
[1.682771] (px4_msgs) StdoutLine: {'line': b'-- Up-to-date: /home/px4/ros2/ws/install/px4_msgs/local/lib/python3.10/dist-packages/px4_msgs/msg/_orbit_status.py\n'}
[1.682834] (px4_msgs) StdoutLine: {'line': b'-- Up-to-date: /home/px4/ros2/ws/install/px4_msgs/local/lib/python3.10/dist-packages/px4_msgs/msg/_register_ext_component_request_s.c\n'}
[1.682894] (px4_msgs) StdoutLine: {'line': b'-- Up-to-date: /home/px4/ros2/ws/install/px4_msgs/local/lib/python3.10/dist-packages/px4_msgs/msg/_sensor_gnss_relative_s.c\n'}
[1.682948] (px4_msgs) StdoutLine: {'line': b'-- Up-to-date: /home/px4/ros2/ws/install/px4_msgs/local/lib/python3.10/dist-packages/px4_msgs/msg/_geofence_result_s.c\n'}
[1.683016] (px4_msgs) StdoutLine: {'line': b'-- Up-to-date: /home/px4/ros2/ws/install/px4_msgs/local/lib/python3.10/dist-packages/px4_msgs/msg/_launch_detection_status_s.c\n'}
[1.683066] (px4_msgs) StdoutLine: {'line': b'-- Up-to-date: /home/px4/ros2/ws/install/px4_msgs/local/lib/python3.10/dist-packages/px4_msgs/msg/_gripper_s.c\n'}
[1.683112] (px4_msgs) StdoutLine: {'line': b'-- Up-to-date: /home/px4/ros2/ws/install/px4_msgs/local/lib/python3.10/dist-packages/px4_msgs/msg/_estimator_bias_s.c\n'}
[1.683159] (px4_msgs) StdoutLine: {'line': b'-- Up-to-date: /home/px4/ros2/ws/install/px4_msgs/local/lib/python3.10/dist-packages/px4_msgs/msg/_satellite_info.py\n'}
[1.683206] (px4_msgs) StdoutLine: {'line': b'-- Up-to-date: /home/px4/ros2/ws/install/px4_msgs/local/lib/python3.10/dist-packages/px4_msgs/msg/_yaw_estimator_status.py\n'}
[1.683253] (px4_msgs) StdoutLine: {'line': b'-- Up-to-date: /home/px4/ros2/ws/install/px4_msgs/local/lib/python3.10/dist-packages/px4_msgs/msg/_tecs_status_s.c\n'}
[1.683298] (px4_msgs) StdoutLine: {'line': b'-- Up-to-date: /home/px4/ros2/ws/install/px4_msgs/local/lib/python3.10/dist-packages/px4_msgs/msg/_estimator_sensor_bias_s.c\n'}
[1.683345] (px4_msgs) StdoutLine: {'line': b'-- Up-to-date: /home/px4/ros2/ws/install/px4_msgs/local/lib/python3.10/dist-packages/px4_msgs/msg/_system_power.py\n'}
[1.683391] (px4_msgs) StdoutLine: {'line': b'-- Up-to-date: /home/px4/ros2/ws/install/px4_msgs/local/lib/python3.10/dist-packages/px4_msgs/msg/_vehicle_local_position.py\n'}
[1.683453] (px4_msgs) StdoutLine: {'line': b'-- Up-to-date: /home/px4/ros2/ws/install/px4_msgs/local/lib/python3.10/dist-packages/px4_msgs/msg/_gpio_config_s.c\n'}
[1.683502] (px4_msgs) StdoutLine: {'line': b'-- Up-to-date: /home/px4/ros2/ws/install/px4_msgs/local/lib/python3.10/dist-packages/px4_msgs/msg/_fixed_wing_lateral_guidance_status.py\n'}
[1.683550] (px4_msgs) StdoutLine: {'line': b'-- Up-to-date: /home/px4/ros2/ws/install/px4_msgs/local/lib/python3.10/dist-packages/px4_msgs/msg/_satellite_info_s.c\n'}
[1.683602] (px4_msgs) StdoutLine: {'line': b'-- Up-to-date: /home/px4/ros2/ws/install/px4_msgs/local/lib/python3.10/dist-packages/px4_msgs/msg/_vtol_vehicle_status_s.c\n'}
[1.683651] (px4_msgs) StdoutLine: {'line': b'-- Up-to-date: /home/px4/ros2/ws/install/px4_msgs/local/lib/python3.10/dist-packages/px4_msgs/msg/_wheel_encoders.py\n'}
[1.683698] (px4_msgs) StdoutLine: {'line': b'-- Up-to-date: /home/px4/ros2/ws/install/px4_msgs/local/lib/python3.10/dist-packages/px4_msgs/msg/_estimator_status.py\n'}
[1.683745] (px4_msgs) StdoutLine: {'line': b'-- Up-to-date: /home/px4/ros2/ws/install/px4_msgs/local/lib/python3.10/dist-packages/px4_msgs/msg/_battery_status.py\n'}
[1.683790] (px4_msgs) StdoutLine: {'line': b'-- Up-to-date: /home/px4/ros2/ws/install/px4_msgs/local/lib/python3.10/dist-packages/px4_msgs/msg/_rover_throttle_setpoint.py\n'}
[1.683854] (px4_msgs) StdoutLine: {'line': b'-- Up-to-date: /home/px4/ros2/ws/install/px4_msgs/local/lib/python3.10/dist-packages/px4_msgs/msg/_estimator_event_flags_s.c\n'}
[1.683919] (px4_msgs) StdoutLine: {'line': b'-- Up-to-date: /home/px4/ros2/ws/install/px4_msgs/local/lib/python3.10/dist-packages/px4_msgs/msg/_pure_pursuit_status.py\n'}
[1.683969] (px4_msgs) StdoutLine: {'line': b'-- Up-to-date: /home/px4/ros2/ws/install/px4_msgs/local/lib/python3.10/dist-packages/px4_msgs/msg/_manual_control_setpoint_s.c\n'}
[1.684016] (px4_msgs) StdoutLine: {'line': b'-- Up-to-date: /home/px4/ros2/ws/install/px4_msgs/local/lib/python3.10/dist-packages/px4_msgs/msg/_px4io_status.py\n'}
[1.684070] (px4_msgs) StdoutLine: {'line': b'-- Up-to-date: /home/px4/ros2/ws/install/px4_msgs/local/lib/python3.10/dist-packages/px4_msgs/msg/_vehicle_imu_status_s.c\n'}
[1.684118] (px4_msgs) StdoutLine: {'line': b'-- Up-to-date: /home/px4/ros2/ws/install/px4_msgs/local/lib/python3.10/dist-packages/px4_msgs/msg/_navigator_mission_item_s.c\n'}
[1.684167] (px4_msgs) StdoutLine: {'line': b'-- Up-to-date: /home/px4/ros2/ws/install/px4_msgs/local/lib/python3.10/dist-packages/px4_msgs/msg/_goto_setpoint.py\n'}
[1.684221] (px4_msgs) StdoutLine: {'line': b'-- Up-to-date: /home/px4/ros2/ws/install/px4_msgs/local/lib/python3.10/dist-packages/px4_msgs/msg/_log_message.py\n'}
[1.684268] (px4_msgs) StdoutLine: {'line': b'-- Up-to-date: /home/px4/ros2/ws/install/px4_msgs/local/lib/python3.10/dist-packages/px4_msgs/msg/_esc_report.py\n'}
[1.684332] (px4_msgs) StdoutLine: {'line': b'-- Up-to-date: /home/px4/ros2/ws/install/px4_msgs/local/lib/python3.10/dist-packages/px4_msgs/msg/_estimator_aid_source1d_s.c\n'}
[1.684381] (px4_msgs) StdoutLine: {'line': b'-- Up-to-date: /home/px4/ros2/ws/install/px4_msgs/local/lib/python3.10/dist-packages/px4_msgs/msg/_log_message_s.c\n'}
[1.684427] (px4_msgs) StdoutLine: {'line': b'-- Up-to-date: /home/px4/ros2/ws/install/px4_msgs/local/lib/python3.10/dist-packages/px4_msgs/msg/_gpio_out_s.c\n'}
[1.684488] (px4_msgs) StdoutLine: {'line': b'-- Up-to-date: /home/px4/ros2/ws/install/px4_msgs/local/lib/python3.10/dist-packages/px4_msgs/msg/_button_event_s.c\n'}
[1.684535] (px4_msgs) StdoutLine: {'line': b'-- Up-to-date: /home/px4/ros2/ws/install/px4_msgs/local/lib/python3.10/dist-packages/px4_msgs/msg/_register_ext_component_reply_s.c\n'}
[1.684582] (px4_msgs) StdoutLine: {'line': b'-- Up-to-date: /home/px4/ros2/ws/install/px4_msgs/local/lib/python3.10/dist-packages/px4_msgs/msg/_vehicle_odometry_s.c\n'}
[1.684639] (px4_msgs) StdoutLine: {'line': b'-- Up-to-date: /home/px4/ros2/ws/install/px4_msgs/local/lib/python3.10/dist-packages/px4_msgs/msg/_mission_result_s.c\n'}
[1.684713] (px4_msgs) StdoutLine: {'line': b'-- Up-to-date: /home/px4/ros2/ws/install/px4_msgs/local/lib/python3.10/dist-packages/px4_msgs/msg/_vehicle_air_data.py\n'}
[1.684761] (px4_msgs) StdoutLine: {'line': b'-- Up-to-date: /home/px4/ros2/ws/install/px4_msgs/local/lib/python3.10/dist-packages/px4_msgs/msg/_vehicle_attitude.py\n'}
[1.684807] (px4_msgs) StdoutLine: {'line': b'-- Up-to-date: /home/px4/ros2/ws/install/px4_msgs/local/lib/python3.10/dist-packages/px4_msgs/msg/_fixed_wing_runway_control.py\n'}
[1.684854] (px4_msgs) StdoutLine: {'line': b'-- Up-to-date: /home/px4/ros2/ws/install/px4_msgs/local/lib/python3.10/dist-packages/px4_msgs/msg/_airspeed.py\n'}
[1.684918] (px4_msgs) StdoutLine: {'line': b'-- Up-to-date: /home/px4/ros2/ws/install/px4_msgs/local/lib/python3.10/dist-packages/px4_msgs/msg/_figure_eight_status.py\n'}
[1.684968] (px4_msgs) StdoutLine: {'line': b'-- Up-to-date: /home/px4/ros2/ws/install/px4_msgs/local/lib/python3.10/dist-packages/px4_msgs/msg/_arming_check_reply_s.c\n'}
[1.685017] (px4_msgs) StdoutLine: {'line': b'-- Up-to-date: /home/px4/ros2/ws/install/px4_msgs/local/lib/python3.10/dist-packages/px4_msgs/msg/_open_drone_id_operator_id.py\n'}
[1.685065] (px4_msgs) StdoutLine: {'line': b'-- Up-to-date: /home/px4/ros2/ws/install/px4_msgs/local/lib/python3.10/dist-packages/px4_msgs/msg/_airspeed_wind.py\n'}
[1.685111] (px4_msgs) StdoutLine: {'line': b'-- Up-to-date: /home/px4/ros2/ws/install/px4_msgs/local/lib/python3.10/dist-packages/px4_msgs/msg/_open_drone_id_system.py\n'}
[1.685168] (px4_msgs) StdoutLine: {'line': b'-- Up-to-date: /home/px4/ros2/ws/install/px4_msgs/local/lib/python3.10/dist-packages/px4_msgs/msg/_estimator_status_s.c\n'}
[1.685256] (px4_msgs) StdoutLine: {'line': b'-- Up-to-date: /home/px4/ros2/ws/install/px4_msgs/local/lib/python3.10/dist-packages/px4_msgs/msg/_vehicle_global_position_s.c\n'}
[1.685304] (px4_msgs) StdoutLine: {'line': b'-- Up-to-date: /home/px4/ros2/ws/install/px4_msgs/local/lib/python3.10/dist-packages/px4_msgs/msg/_fixed_wing_longitudinal_setpoint.py\n'}
[1.685371] (px4_msgs) StdoutLine: {'line': b'-- Up-to-date: /home/px4/ros2/ws/install/px4_msgs/local/lib/python3.10/dist-packages/px4_msgs/msg/_mount_orientation.py\n'}
[1.685420] (px4_msgs) StdoutLine: {'line': b'-- Up-to-date: /home/px4/ros2/ws/install/px4_msgs/local/lib/python3.10/dist-packages/px4_msgs/msg/_gimbal_controls_s.c\n'}
[1.685468] (px4_msgs) StdoutLine: {'line': b'-- Up-to-date: /home/px4/ros2/ws/install/px4_msgs/local/lib/python3.10/dist-packages/px4_msgs/msg/_open_drone_id_self_id_s.c\n'}
[1.685520] (px4_msgs) StdoutLine: {'line': b'-- Up-to-date: /home/px4/ros2/ws/install/px4_msgs/local/lib/python3.10/dist-packages/px4_msgs/msg/_vehicle_command_ack.py\n'}
[1.685585] (px4_msgs) StdoutLine: {'line': b'-- Up-to-date: /home/px4/ros2/ws/install/px4_msgs/local/lib/python3.10/dist-packages/px4_msgs/msg/_position_setpoint_triplet.py\n'}
[1.685633] (px4_msgs) StdoutLine: {'line': b'-- Up-to-date: /home/px4/ros2/ws/install/px4_msgs/local/lib/python3.10/dist-packages/px4_msgs/msg/_onboard_computer_status.py\n'}
[1.685680] (px4_msgs) StdoutLine: {'line': b'-- Up-to-date: /home/px4/ros2/ws/install/px4_msgs/local/lib/python3.10/dist-packages/px4_msgs/msg/_telemetry_status_s.c\n'}
[1.685732] (px4_msgs) StdoutLine: {'line': b'-- Up-to-date: /home/px4/ros2/ws/install/px4_msgs/local/lib/python3.10/dist-packages/px4_msgs/msg/_sensor_combined.py\n'}
[1.685779] (px4_msgs) StdoutLine: {'line': b'-- Up-to-date: /home/px4/ros2/ws/install/px4_msgs/local/lib/python3.10/dist-packages/px4_msgs/msg/_rover_velocity_status_s.c\n'}
[1.685826] (px4_msgs) StdoutLine: {'line': b'-- Up-to-date: /home/px4/ros2/ws/install/px4_msgs/local/lib/python3.10/dist-packages/px4_msgs/msg/_parameter_reset_request.py\n'}
[1.685882] (px4_msgs) StdoutLine: {'line': b'-- Up-to-date: /home/px4/ros2/ws/install/px4_msgs/local/lib/python3.10/dist-packages/px4_msgs/msg/_autotune_attitude_control_status.py\n'}
[1.685939] (px4_msgs) StdoutLine: {'line': b'-- Up-to-date: /home/px4/ros2/ws/install/px4_msgs/local/lib/python3.10/dist-packages/px4_msgs/msg/_camera_capture_s.c\n'}
[1.685989] (px4_msgs) StdoutLine: {'line': b'-- Up-to-date: /home/px4/ros2/ws/install/px4_msgs/local/lib/python3.10/dist-packages/px4_msgs/msg/_vehicle_thrust_setpoint_s.c\n'}
[1.686052] (px4_msgs) StdoutLine: {'line': b'-- Up-to-date: /home/px4/ros2/ws/install/px4_msgs/local/lib/python3.10/dist-packages/px4_msgs/msg/_parameter_update.py\n'}
[1.686100] (px4_msgs) StdoutLine: {'line': b'-- Up-to-date: /home/px4/ros2/ws/install/px4_msgs/local/lib/python3.10/dist-packages/px4_msgs/msg/_rover_position_setpoint.py\n'}
[1.686161] (px4_msgs) StdoutLine: {'line': b'-- Up-to-date: /home/px4/ros2/ws/install/px4_msgs/local/lib/python3.10/dist-packages/px4_msgs/msg/_unregister_ext_component_s.c\n'}
[1.686210] (px4_msgs) StdoutLine: {'line': b'-- Up-to-date: /home/px4/ros2/ws/install/px4_msgs/local/lib/python3.10/dist-packages/px4_msgs/msg/_ekf2_timestamps.py\n'}
[1.686257] (px4_msgs) StdoutLine: {'line': b'-- Up-to-date: /home/px4/ros2/ws/install/px4_msgs/local/lib/python3.10/dist-packages/px4_msgs/msg/_longitudinal_control_configuration_s.c\n'}
[1.686304] (px4_msgs) StdoutLine: {'line': b'-- Up-to-date: /home/px4/ros2/ws/install/px4_msgs/local/lib/python3.10/dist-packages/px4_msgs/msg/_position_setpoint_s.c\n'}
[1.686361] (px4_msgs) StdoutLine: {'line': b'-- Up-to-date: /home/px4/ros2/ws/install/px4_msgs/local/lib/python3.10/dist-packages/px4_msgs/msg/_position_setpoint_triplet_s.c\n'}
[1.686424] (px4_msgs) StdoutLine: {'line': b'-- Up-to-date: /home/px4/ros2/ws/install/px4_msgs/local/lib/python3.10/dist-packages/px4_msgs/msg/_follow_target_status.py\n'}
[1.686472] (px4_msgs) StdoutLine: {'line': b'-- Up-to-date: /home/px4/ros2/ws/install/px4_msgs/local/lib/python3.10/dist-packages/px4_msgs/msg/_offboard_control_mode.py\n'}
[1.686519] (px4_msgs) StdoutLine: {'line': b'-- Up-to-date: /home/px4/ros2/ws/install/px4_msgs/local/lib/python3.10/dist-packages/px4_msgs/msg/_esc_status_s.c\n'}
[1.686565] (px4_msgs) StdoutLine: {'line': b'-- Up-to-date: /home/px4/ros2/ws/install/px4_msgs/local/lib/python3.10/dist-packages/px4_msgs/msg/_parameter_set_value_response.py\n'}
[1.686611] (px4_msgs) StdoutLine: {'line': b'-- Up-to-date: /home/px4/ros2/ws/install/px4_msgs/local/lib/python3.10/dist-packages/px4_msgs/msg/_logger_status_s.c\n'}
[1.686657] (px4_msgs) StdoutLine: {'line': b'-- Up-to-date: /home/px4/ros2/ws/install/px4_msgs/local/lib/python3.10/dist-packages/px4_msgs/msg/_vehicle_angular_acceleration_setpoint.py\n'}
[1.686703] (px4_msgs) StdoutLine: {'line': b'-- Up-to-date: /home/px4/ros2/ws/install/px4_msgs/local/lib/python3.10/dist-packages/px4_msgs/msg/_magnetometer_bias_estimate.py\n'}
[1.686757] (px4_msgs) StdoutLine: {'line': b'-- Up-to-date: /home/px4/ros2/ws/install/px4_msgs/local/lib/python3.10/dist-packages/px4_msgs/msg/_cellular_status.py\n'}
[1.686820] (px4_msgs) StdoutLine: {'line': b'-- Up-to-date: /home/px4/ros2/ws/install/px4_msgs/local/lib/python3.10/dist-packages/px4_msgs/msg/_gimbal_manager_status.py\n'}
[1.686878] (px4_msgs) StdoutLine: {'line': b'-- Up-to-date: /home/px4/ros2/ws/install/px4_msgs/local/lib/python3.10/dist-packages/px4_msgs/msg/_estimator_status_flags_s.c\n'}
[1.686932] (px4_msgs) StdoutLine: {'line': b'-- Up-to-date: /home/px4/ros2/ws/install/px4_msgs/local/lib/python3.10/dist-packages/px4_msgs/msg/_fixed_wing_lateral_setpoint_s.c\n'}
[1.687009] (px4_msgs) StdoutLine: {'line': b'-- Up-to-date: /home/px4/ros2/ws/install/px4_msgs/local/lib/python3.10/dist-packages/px4_msgs/msg/_debug_array_s.c\n'}
[1.687059] (px4_msgs) StdoutLine: {'line': b'-- Up-to-date: /home/px4/ros2/ws/install/px4_msgs/local/lib/python3.10/dist-packages/px4_msgs/msg/_input_rc_s.c\n'}
[1.687106] (px4_msgs) StdoutLine: {'line': b'-- Up-to-date: /home/px4/ros2/ws/install/px4_msgs/local/lib/python3.10/dist-packages/px4_msgs/msg/_parameter_set_value_request.py\n'}
[1.687152] (px4_msgs) StdoutLine: {'line': b'-- Up-to-date: /home/px4/ros2/ws/install/px4_msgs/local/lib/python3.10/dist-packages/px4_msgs/msg/_gripper.py\n'}
[1.687215] (px4_msgs) StdoutLine: {'line': b'-- Up-to-date: /home/px4/ros2/ws/install/px4_msgs/local/lib/python3.10/dist-packages/px4_msgs/msg/_sensor_selection_s.c\n'}
[1.687262] (px4_msgs) StdoutLine: {'line': b'-- Up-to-date: /home/px4/ros2/ws/install/px4_msgs/local/lib/python3.10/dist-packages/px4_msgs/msg/_rover_steering_setpoint_s.c\n'}
[1.687308] (px4_msgs) StdoutLine: {'line': b'-- Up-to-date: /home/px4/ros2/ws/install/px4_msgs/local/lib/python3.10/dist-packages/px4_msgs/msg/_mavlink_tunnel_s.c\n'}
[1.687360] (px4_msgs) StdoutLine: {'line': b'-- Up-to-date: /home/px4/ros2/ws/install/px4_msgs/local/lib/python3.10/dist-packages/px4_msgs/msg/_debug_key_value.py\n'}
[1.687407] (px4_msgs) StdoutLine: {'line': b'-- Up-to-date: /home/px4/ros2/ws/install/px4_msgs/local/lib/python3.10/dist-packages/px4_msgs/msg/_sensor_gyro_s.c\n'}
[1.687453] (px4_msgs) StdoutLine: {'line': b'-- Up-to-date: /home/px4/ros2/ws/install/px4_msgs/local/lib/python3.10/dist-packages/px4_msgs/msg/_failsafe_flags.py\n'}
[1.687499] (px4_msgs) StdoutLine: {'line': b'-- Up-to-date: /home/px4/ros2/ws/install/px4_msgs/local/lib/python3.10/dist-packages/px4_msgs/msg/_differential_pressure.py\n'}
[1.687545] (px4_msgs) StdoutLine: {'line': b'-- Up-to-date: /home/px4/ros2/ws/install/px4_msgs/local/lib/python3.10/dist-packages/px4_msgs/msg/_gimbal_manager_set_manual_control.py\n'}
[1.687591] (px4_msgs) StdoutLine: {'line': b'-- Up-to-date: /home/px4/ros2/ws/install/px4_msgs/local/lib/python3.10/dist-packages/px4_msgs/msg/_position_controller_status_s.c\n'}
[1.687654] (px4_msgs) StdoutLine: {'line': b'-- Up-to-date: /home/px4/ros2/ws/install/px4_msgs/local/lib/python3.10/dist-packages/px4_msgs/msg/_gpio_request.py\n'}
[1.687702] (px4_msgs) StdoutLine: {'line': b'-- Up-to-date: /home/px4/ros2/ws/install/px4_msgs/local/lib/python3.10/dist-packages/px4_msgs/msg/_rover_velocity_setpoint.py\n'}
[1.687747] (px4_msgs) StdoutLine: {'line': b'-- Up-to-date: /home/px4/ros2/ws/install/px4_msgs/local/lib/python3.10/dist-packages/px4_msgs/msg/_vehicle_command_ack_s.c\n'}
[1.687808] (px4_msgs) StdoutLine: {'line': b'-- Up-to-date: /home/px4/ros2/ws/install/px4_msgs/local/lib/python3.10/dist-packages/px4_msgs/msg/_gimbal_manager_status_s.c\n'}
[1.687856] (px4_msgs) StdoutLine: {'line': b'-- Up-to-date: /home/px4/ros2/ws/install/px4_msgs/local/lib/python3.10/dist-packages/px4_msgs/msg/_power_monitor_s.c\n'}
[1.687919] (px4_msgs) StdoutLine: {'line': b'-- Up-to-date: /home/px4/ros2/ws/install/px4_msgs/local/lib/python3.10/dist-packages/px4_msgs/msg/_estimator_bias.py\n'}
[1.687969] (px4_msgs) StdoutLine: {'line': b'-- Up-to-date: /home/px4/ros2/ws/install/px4_msgs/local/lib/python3.10/dist-packages/px4_msgs/msg/_fuel_tank_status_s.c\n'}
[1.688022] (px4_msgs) StdoutLine: {'line': b'-- Up-to-date: /home/px4/ros2/ws/install/px4_msgs/local/lib/python3.10/dist-packages/px4_msgs/msg/_rover_attitude_setpoint_s.c\n'}
[1.688070] (px4_msgs) StdoutLine: {'line': b'-- Up-to-date: /home/px4/ros2/ws/install/px4_msgs/local/lib/python3.10/dist-packages/px4_msgs/msg/_airspeed_wind_s.c\n'}
[1.688116] (px4_msgs) StdoutLine: {'line': b'-- Up-to-date: /home/px4/ros2/ws/install/px4_msgs/local/lib/python3.10/dist-packages/px4_msgs/msg/_sensor_gps_s.c\n'}
[1.688162] (px4_msgs) StdoutLine: {'line': b'-- Up-to-date: /home/px4/ros2/ws/install/px4_msgs/local/lib/python3.10/dist-packages/px4_msgs/msg/_gimbal_device_attitude_status_s.c\n'}
[1.688207] (px4_msgs) StdoutLine: {'line': b'-- Up-to-date: /home/px4/ros2/ws/install/px4_msgs/local/lib/python3.10/dist-packages/px4_msgs/msg/_vehicle_command_s.c\n'}
[1.688269] (px4_msgs) StdoutLine: {'line': b'-- Up-to-date: /home/px4/ros2/ws/install/px4_msgs/local/lib/python3.10/dist-packages/px4_msgs/msg/_follow_target_s.c\n'}
[1.688316] (px4_msgs) StdoutLine: {'line': b'-- Up-to-date: /home/px4/ros2/ws/install/px4_msgs/local/lib/python3.10/dist-packages/px4_msgs/msg/_estimator_aid_source3d.py\n'}
[1.688363] (px4_msgs) StdoutLine: {'line': b'-- Up-to-date: /home/px4/ros2/ws/install/px4_msgs/local/lib/python3.10/dist-packages/px4_msgs/msg/_follow_target.py\n'}
[1.688409] (px4_msgs) StdoutLine: {'line': b'-- Up-to-date: /home/px4/ros2/ws/install/px4_msgs/local/lib/python3.10/dist-packages/px4_msgs/msg/_mission_s.c\n'}
[1.688455] (px4_msgs) StdoutLine: {'line': b'-- Up-to-date: /home/px4/ros2/ws/install/px4_msgs/local/lib/python3.10/dist-packages/px4_msgs/msg/_gps_inject_data_s.c\n'}
[1.688501] (px4_msgs) StdoutLine: {'line': b'-- Up-to-date: /home/px4/ros2/ws/install/px4_msgs/local/lib/python3.10/dist-packages/px4_msgs/msg/_can_interface_status.py\n'}
[1.688548] (px4_msgs) StdoutLine: {'line': b'-- Up-to-date: /home/px4/ros2/ws/install/px4_msgs/local/lib/python3.10/dist-packages/px4_msgs/msg/_actuator_servos_trim_s.c\n'}
[1.688595] (px4_msgs) StdoutLine: {'line': b'-- Up-to-date: /home/px4/ros2/ws/install/px4_msgs/local/lib/python3.10/dist-packages/px4_msgs/msg/_follow_target_status_s.c\n'}
[1.688640] (px4_msgs) StdoutLine: {'line': b'-- Up-to-date: /home/px4/ros2/ws/install/px4_msgs/local/lib/python3.10/dist-packages/px4_msgs/msg/_sensor_airflow_s.c\n'}
[1.688713] (px4_msgs) StdoutLine: {'line': b'-- Up-to-date: /home/px4/ros2/ws/install/px4_msgs/local/lib/python3.10/dist-packages/px4_msgs/msg/_fixed_wing_lateral_setpoint.py\n'}
[1.688761] (px4_msgs) StdoutLine: {'line': b'-- Up-to-date: /home/px4/ros2/ws/install/px4_msgs/local/lib/python3.10/dist-packages/px4_msgs/msg/_estimator_selector_status_s.c\n'}
[1.688808] (px4_msgs) StdoutLine: {'line': b'-- Up-to-date: /home/px4/ros2/ws/install/px4_msgs/local/lib/python3.10/dist-packages/px4_msgs/msg/_estimator_innovations_s.c\n'}
[1.688852] (px4_msgs) StdoutLine: {'line': b'-- Up-to-date: /home/px4/ros2/ws/install/px4_msgs/local/lib/python3.10/dist-packages/px4_msgs/msg/_longitudinal_control_configuration.py\n'}
[1.688926] (px4_msgs) StdoutLine: {'line': b'-- Up-to-date: /home/px4/ros2/ws/install/px4_msgs/local/lib/python3.10/dist-packages/px4_msgs/msg/_failure_detector_status.py\n'}
[1.688977] (px4_msgs) StdoutLine: {'line': b'-- Up-to-date: /home/px4/ros2/ws/install/px4_msgs/local/lib/python3.10/dist-packages/px4_msgs/msg/_rpm_s.c\n'}
[1.689025] (px4_msgs) StdoutLine: {'line': b'-- Up-to-date: /home/px4/ros2/ws/install/px4_msgs/local/lib/python3.10/dist-packages/px4_msgs/msg/_fuel_tank_status.py\n'}
[1.689071] (px4_msgs) StdoutLine: {'line': b'-- Up-to-date: /home/px4/ros2/ws/install/px4_msgs/local/lib/python3.10/dist-packages/px4_msgs/msg/_dataman_request.py\n'}
[1.689130] (px4_msgs) StdoutLine: {'line': b'-- Up-to-date: /home/px4/ros2/ws/install/px4_msgs/local/lib/python3.10/dist-packages/px4_msgs/msg/_open_drone_id_system_s.c\n'}
[1.689195] (px4_msgs) StdoutLine: {'line': b'-- Up-to-date: /home/px4/ros2/ws/install/px4_msgs/local/lib/python3.10/dist-packages/px4_msgs/msg/_orb_test_medium.py\n'}
[1.689252] (px4_msgs) StdoutLine: {'line': b'-- Up-to-date: /home/px4/ros2/ws/install/px4_msgs/local/lib/python3.10/dist-packages/px4_msgs/msg/_mavlink_log.py\n'}
[1.689300] (px4_msgs) StdoutLine: {'line': b'-- Up-to-date: /home/px4/ros2/ws/install/px4_msgs/local/lib/python3.10/dist-packages/px4_msgs/msg/_sensors_status_imu_s.c\n'}
[1.689362] (px4_msgs) StdoutLine: {'line': b'-- Up-to-date: /home/px4/ros2/ws/install/px4_msgs/local/lib/python3.10/dist-packages/px4_msgs/msg/_vehicle_land_detected.py\n'}
[1.689411] (px4_msgs) StdoutLine: {'line': b'-- Up-to-date: /home/px4/ros2/ws/install/px4_msgs/local/lib/python3.10/dist-packages/px4_msgs/msg/_actuator_controls_status_s.c\n'}
[1.689458] (px4_msgs) StdoutLine: {'line': b'-- Up-to-date: /home/px4/ros2/ws/install/px4_msgs/local/lib/python3.10/dist-packages/px4_msgs/msg/_rover_rate_status_s.c\n'}
[1.689504] (px4_msgs) StdoutLine: {'line': b'-- Up-to-date: /home/px4/ros2/ws/install/px4_msgs/local/lib/python3.10/dist-packages/px4_msgs/msg/_mavlink_tunnel.py\n'}
[1.689550] (px4_msgs) StdoutLine: {'line': b'-- Up-to-date: /home/px4/ros2/ws/install/px4_msgs/local/lib/python3.10/dist-packages/px4_msgs/msg/_landing_target_pose_s.c\n'}
[1.689597] (px4_msgs) StdoutLine: {'line': b'-- Up-to-date: /home/px4/ros2/ws/install/px4_msgs/local/lib/python3.10/dist-packages/px4_msgs/msg/_navigator_status_s.c\n'}
[1.689643] (px4_msgs) StdoutLine: {'line': b'-- Up-to-date: /home/px4/ros2/ws/install/px4_msgs/local/lib/python3.10/dist-packages/px4_msgs/msg/_vehicle_imu.py\n'}
[1.689688] (px4_msgs) StdoutLine: {'line': b'-- Up-to-date: /home/px4/ros2/ws/install/px4_msgs/local/lib/python3.10/dist-packages/px4_msgs/msg/_vehicle_air_data_s.c\n'}
[1.689733] (px4_msgs) StdoutLine: {'line': b'-- Up-to-date: /home/px4/ros2/ws/install/px4_msgs/local/lib/python3.10/dist-packages/px4_msgs/msg/_register_ext_component_request.py\n'}
[1.689779] (px4_msgs) StdoutLine: {'line': b'-- Up-to-date: /home/px4/ros2/ws/install/px4_msgs/local/lib/python3.10/dist-packages/px4_msgs/msg/_position_controller_status.py\n'}
[1.689838] (px4_msgs) StdoutLine: {'line': b'-- Up-to-date: /home/px4/ros2/ws/install/px4_msgs/local/lib/python3.10/dist-packages/px4_msgs/msg/_pwm_input_s.c\n'}
[1.689902] (px4_msgs) StdoutLine: {'line': b'-- Up-to-date: /home/px4/ros2/ws/install/px4_msgs/local/lib/python3.10/dist-packages/px4_msgs/msg/_lateral_control_configuration.py\n'}
[1.689951] (px4_msgs) StdoutLine: {'line': b'-- Up-to-date: /home/px4/ros2/ws/install/px4_msgs/local/lib/python3.10/dist-packages/px4_msgs/msg/_vehicle_thrust_setpoint.py\n'}
[1.690012] (px4_msgs) StdoutLine: {'line': b'-- Up-to-date: /home/px4/ros2/ws/install/px4_msgs/local/lib/python3.10/dist-packages/px4_msgs/msg/_tune_control.py\n'}
[1.690061] (px4_msgs) StdoutLine: {'line': b'-- Up-to-date: /home/px4/ros2/ws/install/px4_msgs/local/lib/python3.10/dist-packages/px4_msgs/msg/_orb_test.py\n'}
[1.690107] (px4_msgs) StdoutLine: {'line': b'-- Up-to-date: /home/px4/ros2/ws/install/px4_msgs/local/lib/python3.10/dist-packages/px4_msgs/msg/_pure_pursuit_status_s.c\n'}
[1.690153] (px4_msgs) StdoutLine: {'line': b'-- Up-to-date: /home/px4/ros2/ws/install/px4_msgs/local/lib/python3.10/dist-packages/px4_msgs/msg/_takeoff_status_s.c\n'}
[1.690202] (px4_msgs) StdoutLine: {'line': b'-- Up-to-date: /home/px4/ros2/ws/install/px4_msgs/local/lib/python3.10/dist-packages/px4_msgs/msg/_follow_target_estimator_s.c\n'}
[1.690264] (px4_msgs) StdoutLine: {'line': b'-- Up-to-date: /home/px4/ros2/ws/install/px4_msgs/local/lib/python3.10/dist-packages/px4_msgs/msg/_tecs_status.py\n'}
[1.690312] (px4_msgs) StdoutLine: {'line': b'-- Up-to-date: /home/px4/ros2/ws/install/px4_msgs/local/lib/python3.10/dist-packages/px4_msgs/msg/_sensor_baro_s.c\n'}
[1.690359] (px4_msgs) StdoutLine: {'line': b'-- Up-to-date: /home/px4/ros2/ws/install/px4_msgs/local/lib/python3.10/dist-packages/px4_msgs/msg/_internal_combustion_engine_status_s.c\n'}
[1.690417] (px4_msgs) StdoutLine: {'line': b'-- Up-to-date: /home/px4/ros2/ws/install/px4_msgs/local/lib/python3.10/dist-packages/px4_msgs/msg/_hover_thrust_estimate_s.c\n'}
[1.690470] (px4_msgs) StdoutLine: {'line': b'-- Up-to-date: /home/px4/ros2/ws/install/px4_msgs/local/lib/python3.10/dist-packages/px4_msgs/msg/_failsafe_flags_s.c\n'}
[1.690517] (px4_msgs) StdoutLine: {'line': b'-- Up-to-date: /home/px4/ros2/ws/install/px4_msgs/local/lib/python3.10/dist-packages/px4_msgs/msg/_health_report_s.c\n'}
[1.690569] (px4_msgs) StdoutLine: {'line': b'-- Up-to-date: /home/px4/ros2/ws/install/px4_msgs/local/lib/python3.10/dist-packages/px4_msgs/msg/_vehicle_imu_status.py\n'}
[1.690616] (px4_msgs) StdoutLine: {'line': b'-- Up-to-date: /home/px4/ros2/ws/install/px4_msgs/local/lib/python3.10/dist-packages/px4_msgs/msg/_generator_status.py\n'}
[1.690676] (px4_msgs) StdoutLine: {'line': b'-- Up-to-date: /home/px4/ros2/ws/install/px4_msgs/local/lib/python3.10/dist-packages/px4_msgs/msg/_mission_result.py\n'}
[1.690724] (px4_msgs) StdoutLine: {'line': b'-- Up-to-date: /home/px4/ros2/ws/install/px4_msgs/local/lib/python3.10/dist-packages/px4_msgs/msg/_ulog_stream_ack_s.c\n'}
[1.690770] (px4_msgs) StdoutLine: {'line': b'-- Up-to-date: /home/px4/ros2/ws/install/px4_msgs/local/lib/python3.10/dist-packages/px4_msgs/msg/_fixed_wing_lateral_status.py\n'}
[1.690837] (px4_msgs) StdoutLine: {'line': b'-- Up-to-date: /home/px4/ros2/ws/install/px4_msgs/local/lib/python3.10/dist-packages/px4_msgs/msg/_rover_attitude_setpoint.py\n'}
[1.690912] (px4_msgs) StdoutLine: {'line': b'-- Up-to-date: /home/px4/ros2/ws/install/px4_msgs/local/lib/python3.10/dist-packages/px4_msgs/msg/_estimator_aid_source2d.py\n'}
[1.690962] (px4_msgs) StdoutLine: {'line': b'-- Up-to-date: /home/px4/ros2/ws/install/px4_msgs/local/lib/python3.10/dist-packages/px4_msgs/msg/_actuator_motors.py\n'}
[1.691008] (px4_msgs) StdoutLine: {'line': b'-- Up-to-date: /home/px4/ros2/ws/install/px4_msgs/local/lib/python3.10/dist-packages/px4_msgs/msg/_gimbal_manager_information_s.c\n'}
[1.691069] (px4_msgs) StdoutLine: {'line': b'-- Up-to-date: /home/px4/ros2/ws/install/px4_msgs/local/lib/python3.10/dist-packages/px4_msgs/msg/_gimbal_manager_set_manual_control_s.c\n'}
[1.691117] (px4_msgs) StdoutLine: {'line': b'-- Up-to-date: /home/px4/ros2/ws/install/px4_msgs/local/lib/python3.10/dist-packages/px4_msgs/msg/_vehicle_torque_setpoint.py\n'}
[1.691164] (px4_msgs) StdoutLine: {'line': b'-- Up-to-date: /home/px4/ros2/ws/install/px4_msgs/local/lib/python3.10/dist-packages/px4_msgs/msg/_rtl_time_estimate.py\n'}
[1.691211] (px4_msgs) StdoutLine: {'line': b'-- Up-to-date: /home/px4/ros2/ws/install/px4_msgs/local/lib/python3.10/dist-packages/px4_msgs/msg/_radio_status_s.c\n'}
[1.691257] (px4_msgs) StdoutLine: {'line': b'-- Up-to-date: /home/px4/ros2/ws/install/px4_msgs/local/lib/python3.10/dist-packages/px4_msgs/msg/_onboard_computer_status_s.c\n'}
[1.691302] (px4_msgs) StdoutLine: {'line': b'-- Up-to-date: /home/px4/ros2/ws/install/px4_msgs/local/lib/python3.10/dist-packages/px4_msgs/msg/_ulog_stream_ack.py\n'}
[1.691348] (px4_msgs) StdoutLine: {'line': b'-- Up-to-date: /home/px4/ros2/ws/install/px4_msgs/local/lib/python3.10/dist-packages/px4_msgs/msg/_orb_test_medium_s.c\n'}
[1.691394] (px4_msgs) StdoutLine: {'line': b'-- Up-to-date: /home/px4/ros2/ws/install/px4_msgs/local/lib/python3.10/dist-packages/px4_msgs/msg/_arming_check_request_s.c\n'}
[1.691441] (px4_msgs) StdoutLine: {'line': b'-- Up-to-date: /home/px4/ros2/ws/install/px4_msgs/local/lib/python3.10/dist-packages/px4_msgs/msg/_sensor_combined_s.c\n'}
[1.691499] (px4_msgs) StdoutLine: {'line': b'-- Up-to-date: /home/px4/ros2/ws/install/px4_msgs/local/lib/python3.10/dist-packages/px4_msgs/msg/_vehicle_local_position_setpoint_s.c\n'}
[1.691548] (px4_msgs) StdoutLine: {'line': b'-- Up-to-date: /home/px4/ros2/ws/install/px4_msgs/local/lib/python3.10/dist-packages/px4_msgs/msg/_gpio_in_s.c\n'}
[1.691595] (px4_msgs) StdoutLine: {'line': b'-- Up-to-date: /home/px4/ros2/ws/install/px4_msgs/local/lib/python3.10/dist-packages/px4_msgs/msg/_sensors_status.py\n'}
[1.691641] (px4_msgs) StdoutLine: {'line': b'-- Up-to-date: /home/px4/ros2/ws/install/px4_msgs/local/lib/python3.10/dist-packages/px4_msgs/msg/_vehicle_angular_acceleration_setpoint_s.c\n'}
[1.691713] (px4_msgs) StdoutLine: {'line': b'-- Up-to-date: /home/px4/ros2/ws/install/px4_msgs/local/lib/python3.10/dist-packages/px4_msgs/msg/_message_format_response_s.c\n'}
[1.691762] (px4_msgs) StdoutLine: {'line': b'-- Up-to-date: /home/px4/ros2/ws/install/px4_msgs/local/lib/python3.10/dist-packages/px4_msgs/msg/_telemetry_status.py\n'}
[1.691810] (px4_msgs) StdoutLine: {'line': b'-- Up-to-date: /home/px4/ros2/ws/install/px4_msgs/local/lib/python3.10/dist-packages/px4_msgs/msg/_heater_status.py\n'}
[1.691853] (px4_msgs) StdoutLine: {'line': b'-- Up-to-date: /home/px4/ros2/ws/install/px4_msgs/local/lib/python3.10/dist-packages/px4_msgs/msg/_collision_constraints_s.c\n'}
[1.691930] (px4_msgs) StdoutLine: {'line': b'-- Up-to-date: /home/px4/ros2/ws/install/px4_msgs/local/lib/python3.10/dist-packages/px4_msgs/msg/_vehicle_angular_velocity.py\n'}
[1.692000] (px4_msgs) StdoutLine: {'line': b'-- Up-to-date: /home/px4/ros2/ws/install/px4_msgs/local/lib/python3.10/dist-packages/px4_msgs/msg/_mavlink_log_s.c\n'}
[1.692050] (px4_msgs) StdoutLine: {'line': b'-- Up-to-date: /home/px4/ros2/ws/install/px4_msgs/local/lib/python3.10/dist-packages/px4_msgs/msg/_lateral_control_configuration_s.c\n'}
[1.692098] (px4_msgs) StdoutLine: {'line': b'-- Up-to-date: /home/px4/ros2/ws/install/px4_msgs/local/lib/python3.10/dist-packages/px4_msgs/msg/_airspeed_s.c\n'}
[1.692145] (px4_msgs) StdoutLine: {'line': b'-- Up-to-date: /home/px4/ros2/ws/install/px4_msgs/local/lib/python3.10/dist-packages/px4_msgs/msg/_flight_phase_estimation_s.c\n'}
[1.692206] (px4_msgs) StdoutLine: {'line': b'-- Up-to-date: /home/px4/ros2/ws/install/px4_msgs/local/lib/python3.10/dist-packages/px4_msgs/msg/_sensor_baro.py\n'}
[1.692255] (px4_msgs) StdoutLine: {'line': b'-- Up-to-date: /home/px4/ros2/ws/install/px4_msgs/local/lib/python3.10/dist-packages/px4_msgs/msg/_message_format_request.py\n'}
[1.692302] (px4_msgs) StdoutLine: {'line': b'-- Up-to-date: /home/px4/ros2/ws/install/px4_msgs/local/lib/python3.10/dist-packages/px4_msgs/msg/_gps_dump.py\n'}
[1.692366] (px4_msgs) StdoutLine: {'line': b'-- Up-to-date: /home/px4/ros2/ws/install/px4_msgs/local/lib/python3.10/dist-packages/px4_msgs/msg/_vehicle_optical_flow.py\n'}
[1.692414] (px4_msgs) StdoutLine: {'line': b'-- Up-to-date: /home/px4/ros2/ws/install/px4_msgs/local/lib/python3.10/dist-packages/px4_msgs/msg/_actuator_servos_s.c\n'}
[1.692461] (px4_msgs) StdoutLine: {'line': b'-- Up-to-date: /home/px4/ros2/ws/install/px4_msgs/local/lib/python3.10/dist-packages/px4_msgs/msg/_actuator_servos_trim.py\n'}
[1.692523] (px4_msgs) StdoutLine: {'line': b'-- Up-to-date: /home/px4/ros2/ws/install/px4_msgs/local/lib/python3.10/dist-packages/px4_msgs/msg/_rover_position_setpoint_s.c\n'}
[1.692571] (px4_msgs) StdoutLine: {'line': b'-- Up-to-date: /home/px4/ros2/ws/install/px4_msgs/local/lib/python3.10/dist-packages/px4_msgs/msg/_orb_test_s.c\n'}
[1.692619] (px4_msgs) StdoutLine: {'line': b'-- Up-to-date: /home/px4/ros2/ws/install/px4_msgs/local/lib/python3.10/dist-packages/px4_msgs/msg/_estimator_gps_status_s.c\n'}
[1.692666] (px4_msgs) StdoutLine: {'line': b'-- Up-to-date: /home/px4/ros2/ws/install/px4_msgs/local/lib/python3.10/dist-packages/px4_msgs/msg/_rc_channels_s.c\n'}
[1.692727] (px4_msgs) StdoutLine: {'line': b'-- Up-to-date: /home/px4/ros2/ws/install/px4_msgs/local/lib/python3.10/dist-packages/px4_msgs/msg/_power_button_state.py\n'}
[1.692775] (px4_msgs) StdoutLine: {'line': b'-- Up-to-date: /home/px4/ros2/ws/install/px4_msgs/local/lib/python3.10/dist-packages/px4_msgs/msg/_adc_report_s.c\n'}
[1.692820] (px4_msgs) StdoutLine: {'line': b'-- Up-to-date: /home/px4/ros2/ws/install/px4_msgs/local/lib/python3.10/dist-packages/px4_msgs/msg/_estimator_bias3d_s.c\n'}
[1.692875] (px4_msgs) StdoutLine: {'line': b'-- Up-to-date: /home/px4/ros2/ws/install/px4_msgs/local/lib/python3.10/dist-packages/px4_msgs/msg/_sensors_status_s.c\n'}
[1.692959] (px4_msgs) StdoutLine: {'line': b'-- Up-to-date: /home/px4/ros2/ws/install/px4_msgs/local/lib/python3.10/dist-packages/px4_msgs/msg/_estimator_selector_status.py\n'}
[1.693013] (px4_msgs) StdoutLine: {'line': b'-- Up-to-date: /home/px4/ros2/ws/install/px4_msgs/local/lib/python3.10/dist-packages/px4_msgs/msg/_home_position_s.c\n'}
[1.693061] (px4_msgs) StdoutLine: {'line': b'-- Up-to-date: /home/px4/ros2/ws/install/px4_msgs/local/lib/python3.10/dist-packages/px4_msgs/msg/_action_request.py\n'}
[1.693107] (px4_msgs) StdoutLine: {'line': b'-- Up-to-date: /home/px4/ros2/ws/install/px4_msgs/local/lib/python3.10/dist-packages/px4_msgs/msg/_rc_parameter_map.py\n'}
[1.693154] (px4_msgs) StdoutLine: {'line': b'-- Up-to-date: /home/px4/ros2/ws/install/px4_msgs/local/lib/python3.10/dist-packages/px4_msgs/msg/_mode_completed.py\n'}
[1.693216] (px4_msgs) StdoutLine: {'line': b'-- Up-to-date: /home/px4/ros2/ws/install/px4_msgs/local/lib/python3.10/dist-packages/px4_msgs/msg/_vehicle_local_position_s.c\n'}
[1.693286] (px4_msgs) StdoutLine: {'line': b'-- Up-to-date: /home/px4/ros2/ws/install/px4_msgs/local/lib/python3.10/dist-packages/px4_msgs/msg/_sensor_accel_s.c\n'}
[1.693333] (px4_msgs) StdoutLine: {'line': b'-- Up-to-date: /home/px4/ros2/ws/install/px4_msgs/local/lib/python3.10/dist-packages/px4_msgs/msg/_camera_capture.py\n'}
[1.693396] (px4_msgs) StdoutLine: {'line': b'-- Up-to-date: /home/px4/ros2/ws/install/px4_msgs/local/lib/python3.10/dist-packages/px4_msgs/msg/_qshell_req_s.c\n'}
[1.693444] (px4_msgs) StdoutLine: {'line': b'-- Up-to-date: /home/px4/ros2/ws/install/px4_msgs/local/lib/python3.10/dist-packages/px4_msgs/msg/_wind_s.c\n'}
[1.693491] (px4_msgs) StdoutLine: {'line': b'-- Up-to-date: /home/px4/ros2/ws/install/px4_msgs/local/lib/python3.10/dist-packages/px4_msgs/msg/_vehicle_constraints.py\n'}
[1.693537] (px4_msgs) StdoutLine: {'line': b'-- Up-to-date: /home/px4/ros2/ws/install/px4_msgs/local/lib/python3.10/dist-packages/px4_msgs/msg/_button_event.py\n'}
[1.693594] (px4_msgs) StdoutLine: {'line': b'-- Up-to-date: /home/px4/ros2/ws/install/px4_msgs/local/lib/python3.10/dist-packages/px4_msgs/msg/_flight_phase_estimation.py\n'}
[1.693656] (px4_msgs) StdoutLine: {'line': b'-- Up-to-date: /home/px4/ros2/ws/install/px4_msgs/local/lib/python3.10/dist-packages/px4_msgs/msg/_landing_gear_wheel.py\n'}
[1.693704] (px4_msgs) StdoutLine: {'line': b'-- Up-to-date: /home/px4/ros2/ws/install/px4_msgs/local/lib/python3.10/dist-packages/px4_msgs/msg/_ulog_stream.py\n'}
[1.693752] (px4_msgs) StdoutLine: {'line': b'-- Up-to-date: /home/px4/ros2/ws/install/px4_msgs/local/lib/python3.10/dist-packages/px4_msgs/msg/_actuator_outputs_s.c\n'}
[1.693799] (px4_msgs) StdoutLine: {'line': b'-- Up-to-date: /home/px4/ros2/ws/install/px4_msgs/local/lib/python3.10/dist-packages/px4_msgs/msg/_vehicle_imu_s.c\n'}
[1.693845] (px4_msgs) StdoutLine: {'line': b'-- Up-to-date: /home/px4/ros2/ws/install/px4_msgs/local/lib/python3.10/dist-packages/px4_msgs/msg/_timesync_status_s.c\n'}
[1.693920] (px4_msgs) StdoutLine: {'line': b'-- Up-to-date: /home/px4/ros2/ws/install/px4_msgs/local/lib/python3.10/dist-packages/px4_msgs/msg/__init__.py\n'}
[1.693971] (px4_msgs) StdoutLine: {'line': b'-- Up-to-date: /home/px4/ros2/ws/install/px4_msgs/local/lib/python3.10/dist-packages/px4_msgs/msg/_obstacle_distance.py\n'}
[1.694032] (px4_msgs) StdoutLine: {'line': b'-- Up-to-date: /home/px4/ros2/ws/install/px4_msgs/local/lib/python3.10/dist-packages/px4_msgs/msg/_neural_control.py\n'}
[1.694080] (px4_msgs) StdoutLine: {'line': b'-- Up-to-date: /home/px4/ros2/ws/install/px4_msgs/local/lib/python3.10/dist-packages/px4_msgs/msg/_rover_attitude_status.py\n'}
[1.694127] (px4_msgs) StdoutLine: {'line': b'-- Up-to-date: /home/px4/ros2/ws/install/px4_msgs/local/lib/python3.10/dist-packages/px4_msgs/msg/_open_drone_id_operator_id_s.c\n'}
[1.694173] (px4_msgs) StdoutLine: {'line': b'-- Up-to-date: /home/px4/ros2/ws/install/px4_msgs/local/lib/python3.10/dist-packages/px4_msgs/msg/_sensor_gyro_fft.py\n'}
[1.694237] (px4_msgs) StdoutLine: {'line': b'-- Up-to-date: /home/px4/ros2/ws/install/px4_msgs/local/lib/python3.10/dist-packages/px4_msgs/msg/_logger_status.py\n'}
[1.694293] (px4_msgs) StdoutLine: {'line': b'-- Up-to-date: /home/px4/ros2/ws/install/px4_msgs/local/lib/python3.10/dist-packages/px4_msgs/msg/_pwm_input.py\n'}
[1.694342] (px4_msgs) StdoutLine: {'line': b'-- Up-to-date: /home/px4/ros2/ws/install/px4_msgs/local/lib/python3.10/dist-packages/px4_msgs/msg/_takeoff_status.py\n'}
[1.694388] (px4_msgs) StdoutLine: {'line': b'-- Up-to-date: /home/px4/ros2/ws/install/px4_msgs/local/lib/python3.10/dist-packages/px4_msgs/msg/_rc_parameter_map_s.c\n'}
[1.694451] (px4_msgs) StdoutLine: {'line': b'-- Up-to-date: /home/px4/ros2/ws/install/px4_msgs/local/lib/python3.10/dist-packages/px4_msgs/msg/_vehicle_roi_s.c\n'}
[1.694499] (px4_msgs) StdoutLine: {'line': b'-- Up-to-date: /home/px4/ros2/ws/install/px4_msgs/local/lib/python3.10/dist-packages/px4_msgs/msg/_esc_report_s.c\n'}
[1.694546] (px4_msgs) StdoutLine: {'line': b'-- Up-to-date: /home/px4/ros2/ws/install/px4_msgs/local/lib/python3.10/dist-packages/px4_msgs/msg/_actuator_outputs.py\n'}
[1.694591] (px4_msgs) StdoutLine: {'line': b'-- Up-to-date: /home/px4/ros2/ws/install/px4_msgs/local/lib/python3.10/dist-packages/px4_msgs/msg/_rover_rate_setpoint_s.c\n'}
[1.694637] (px4_msgs) StdoutLine: {'line': b'-- Up-to-date: /home/px4/ros2/ws/install/px4_msgs/local/lib/python3.10/dist-packages/px4_msgs/msg/_vehicle_local_position_setpoint.py\n'}
[1.694683] (px4_msgs) StdoutLine: {'line': b'-- Up-to-date: /home/px4/ros2/ws/install/px4_msgs/local/lib/python3.10/dist-packages/px4_msgs/msg/_rtl_status.py\n'}
[1.694729] (px4_msgs) StdoutLine: {'line': b'-- Up-to-date: /home/px4/ros2/ws/install/px4_msgs/local/lib/python3.10/dist-packages/px4_msgs/msg/_battery_info.py\n'}
[1.694775] (px4_msgs) StdoutLine: {'line': b'-- Up-to-date: /home/px4/ros2/ws/install/px4_msgs/local/lib/python3.10/dist-packages/px4_msgs/msg/_estimator_states.py\n'}
[1.694821] (px4_msgs) StdoutLine: {'line': b'-- Up-to-date: /home/px4/ros2/ws/install/px4_msgs/local/lib/python3.10/dist-packages/px4_msgs/msg/_camera_trigger.py\n'}
[1.694896] (px4_msgs) StdoutLine: {'line': b'-- Up-to-date: /home/px4/ros2/ws/install/px4_msgs/local/lib/python3.10/dist-packages/px4_msgs/msg/_vehicle_roi.py\n'}
[1.694950] (px4_msgs) StdoutLine: {'line': b'-- Up-to-date: /home/px4/ros2/ws/install/px4_msgs/local/lib/python3.10/dist-packages/px4_msgs/msg/_vehicle_acceleration_s.c\n'}
[1.694997] (px4_msgs) StdoutLine: {'line': b'-- Up-to-date: /home/px4/ros2/ws/install/px4_msgs/local/lib/python3.10/dist-packages/px4_msgs/msg/_debug_value.py\n'}
[1.695059] (px4_msgs) StdoutLine: {'line': b'-- Up-to-date: /home/px4/ros2/ws/install/px4_msgs/local/lib/python3.10/dist-packages/px4_msgs/msg/_landing_target_innovations.py\n'}
[1.695117] (px4_msgs) StdoutLine: {'line': b'-- Up-to-date: /home/px4/ros2/ws/install/px4_msgs/local/lib/python3.10/dist-packages/px4_msgs/msg/_vehicle_torque_setpoint_s.c\n'}
[1.695181] (px4_msgs) StdoutLine: {'line': b'-- Up-to-date: /home/px4/ros2/ws/install/px4_msgs/local/lib/python3.10/dist-packages/px4_msgs/msg/_led_control.py\n'}
[1.695230] (px4_msgs) StdoutLine: {'line': b'-- Up-to-date: /home/px4/ros2/ws/install/px4_msgs/local/lib/python3.10/dist-packages/px4_msgs/msg/_normalized_unsigned_setpoint.py\n'}
[1.695284] (px4_msgs) StdoutLine: {'line': b'-- Up-to-date: /home/px4/ros2/ws/install/px4_msgs/local/lib/python3.10/dist-packages/px4_msgs/msg/_ekf2_timestamps_s.c\n'}
[1.695331] (px4_msgs) StdoutLine: {'line': b'-- Up-to-date: /home/px4/ros2/ws/install/px4_msgs/local/lib/python3.10/dist-packages/px4_msgs/msg/_debug_array.py\n'}
[1.695378] (px4_msgs) StdoutLine: {'line': b'-- Up-to-date: /home/px4/ros2/ws/install/px4_msgs/local/lib/python3.10/dist-packages/px4_msgs/msg/_rover_rate_setpoint.py\n'}
[1.695426] (px4_msgs) StdoutLine: {'line': b'-- Up-to-date: /home/px4/ros2/ws/install/px4_msgs/local/lib/python3.10/dist-packages/px4_msgs/msg/_dataman_response_s.c\n'}
[1.695473] (px4_msgs) StdoutLine: {'line': b'-- Up-to-date: /home/px4/ros2/ws/install/px4_msgs/local/lib/python3.10/dist-packages/px4_msgs/msg/_sensor_accel_fifo_s.c\n'}
[1.695520] (px4_msgs) StdoutLine: {'line': b'-- Up-to-date: /home/px4/ros2/ws/install/px4_msgs/local/lib/python3.10/dist-packages/px4_msgs/msg/_debug_vect_s.c\n'}
[1.695583] (px4_msgs) StdoutLine: {'line': b'-- Up-to-date: /home/px4/ros2/ws/install/px4_msgs/local/lib/python3.10/dist-packages/px4_msgs/msg/_cpuload.py\n'}
[1.695632] (px4_msgs) StdoutLine: {'line': b'-- Up-to-date: /home/px4/ros2/ws/install/px4_msgs/local/lib/python3.10/dist-packages/px4_msgs/msg/_dataman_request_s.c\n'}
[1.695691] (px4_msgs) StdoutLine: {'line': b'-- Up-to-date: /home/px4/ros2/ws/install/px4_msgs/local/lib/python3.10/dist-packages/px4_msgs/msg/_velocity_limits.py\n'}
[1.695746] (px4_msgs) StdoutLine: {'line': b'-- Up-to-date: /home/px4/ros2/ws/install/px4_msgs/local/lib/python3.10/dist-packages/px4_msgs/msg/_estimator_innovations.py\n'}
[1.695792] (px4_msgs) StdoutLine: {'line': b'-- Up-to-date: /home/px4/ros2/ws/install/px4_msgs/local/lib/python3.10/dist-packages/px4_msgs/msg/_gpio_out.py\n'}
[1.695879] (px4_msgs) StdoutLine: {'line': b'-- Up-to-date: /home/px4/ros2/ws/install/px4_msgs/local/lib/python3.10/dist-packages/px4_msgs/msg/_orb_test_large_s.c\n'}
[1.695937] (px4_msgs) StdoutLine: {'line': b'-- Up-to-date: /home/px4/ros2/ws/install/px4_msgs/local/lib/python3.10/dist-packages/px4_msgs/msg/_gimbal_device_information.py\n'}
[1.695984] (px4_msgs) StdoutLine: {'line': b'-- Up-to-date: /home/px4/ros2/ws/install/px4_msgs/local/lib/python3.10/dist-packages/px4_msgs/msg/_vehicle_status_s.c\n'}
[1.696031] (px4_msgs) StdoutLine: {'line': b'-- Up-to-date: /home/px4/ros2/ws/install/px4_msgs/local/lib/python3.10/dist-packages/px4_msgs/msg/_fixed_wing_lateral_status_s.c\n'}
[1.696077] (px4_msgs) StdoutLine: {'line': b'-- Up-to-date: /home/px4/ros2/ws/install/px4_msgs/local/lib/python3.10/dist-packages/px4_msgs/msg/_debug_value_s.c\n'}
[1.696123] (px4_msgs) StdoutLine: {'line': b'-- Up-to-date: /home/px4/ros2/ws/install/px4_msgs/local/lib/python3.10/dist-packages/px4_msgs/msg/_navigator_mission_item.py\n'}
[1.696171] (px4_msgs) StdoutLine: {'line': b'-- Up-to-date: /home/px4/ros2/ws/install/px4_msgs/local/lib/python3.10/dist-packages/px4_msgs/msg/_actuator_controls_status.py\n'}
[1.696218] (px4_msgs) StdoutLine: {'line': b'-- Up-to-date: /home/px4/ros2/ws/install/px4_msgs/local/lib/python3.10/dist-packages/px4_msgs/msg/_vehicle_rates_setpoint_s.c\n'}
[1.696263] (px4_msgs) StdoutLine: {'line': b'-- Up-to-date: /home/px4/ros2/ws/install/px4_msgs/local/lib/python3.10/dist-packages/px4_msgs/msg/_vehicle_control_mode.py\n'}
[1.696327] (px4_msgs) StdoutLine: {'line': b'-- Up-to-date: /home/px4/ros2/ws/install/px4_msgs/local/lib/python3.10/dist-packages/px4_msgs/msg/_sensor_preflight_mag.py\n'}
[1.696375] (px4_msgs) StdoutLine: {'line': b'-- Up-to-date: /home/px4/ros2/ws/install/px4_msgs/local/lib/python3.10/dist-packages/px4_msgs/msg/_gimbal_controls.py\n'}
[1.696423] (px4_msgs) StdoutLine: {'line': b'-- Up-to-date: /home/px4/ros2/ws/install/px4_msgs/local/lib/python3.10/dist-packages/px4_msgs/msg/_heater_status_s.c\n'}
[1.696468] (px4_msgs) StdoutLine: {'line': b'-- Up-to-date: /home/px4/ros2/ws/install/px4_msgs/local/lib/python3.10/dist-packages/px4_msgs/msg/_tune_control_s.c\n'}
[1.696514] (px4_msgs) StdoutLine: {'line': b'-- Up-to-date: /home/px4/ros2/ws/install/px4_msgs/local/lib/python3.10/dist-packages/px4_msgs/msg/_pps_capture_s.c\n'}
[1.696560] (px4_msgs) StdoutLine: {'line': b'-- Up-to-date: /home/px4/ros2/ws/install/px4_msgs/local/lib/python3.10/dist-packages/px4_msgs/msg/_uavcan_parameter_value_s.c\n'}
[1.696605] (px4_msgs) StdoutLine: {'line': b'-- Up-to-date: /home/px4/ros2/ws/install/px4_msgs/local/lib/python3.10/dist-packages/px4_msgs/msg/_input_rc.py\n'}
[1.696651] (px4_msgs) StdoutLine: {'line': b'-- Up-to-date: /home/px4/ros2/ws/install/px4_msgs/local/lib/python3.10/dist-packages/px4_msgs/msg/_action_request_s.c\n'}
[1.696698] (px4_msgs) StdoutLine: {'line': b'-- Up-to-date: /home/px4/ros2/ws/install/px4_msgs/local/lib/python3.10/dist-packages/px4_msgs/msg/_geofence_result.py\n'}
[1.696766] (px4_msgs) StdoutLine: {'line': b'-- Up-to-date: /home/px4/ros2/ws/install/px4_msgs/local/lib/python3.10/dist-packages/px4_msgs/msg/_sensor_accel.py\n'}
[1.696835] (px4_msgs) StdoutLine: {'line': b'-- Up-to-date: /home/px4/ros2/ws/install/px4_msgs/local/lib/python3.10/dist-packages/px4_msgs/msg/_timesync_status.py\n'}
[1.696895] (px4_msgs) StdoutLine: {'line': b'-- Up-to-date: /home/px4/ros2/ws/install/px4_msgs/local/lib/python3.10/dist-packages/px4_msgs/msg/_airspeed_validated_s.c\n'}
[1.696948] (px4_msgs) StdoutLine: {'line': b'-- Up-to-date: /home/px4/ros2/ws/install/px4_msgs/local/lib/python3.10/dist-packages/px4_msgs/msg/_adc_report.py\n'}
[1.696996] (px4_msgs) StdoutLine: {'line': b'-- Up-to-date: /home/px4/ros2/ws/install/px4_msgs/local/lib/python3.10/dist-packages/px4_msgs/msg/_vehicle_odometry.py\n'}
[1.697042] (px4_msgs) StdoutLine: {'line': b'-- Up-to-date: /home/px4/ros2/ws/install/px4_msgs/local/lib/python3.10/dist-packages/px4_msgs/msg/_internal_combustion_engine_control_s.c\n'}
[1.697088] (px4_msgs) StdoutLine: {'line': b'-- Up-to-date: /home/px4/ros2/ws/install/px4_msgs/local/lib/python3.10/dist-packages/px4_msgs/msg/_sensor_uwb_s.c\n'}
[1.697131] (px4_msgs) StdoutLine: {'line': b'-- Up-to-date: /home/px4/ros2/ws/install/px4_msgs/local/lib/python3.10/dist-packages/px4_msgs/msg/_rover_attitude_status_s.c\n'}
[1.697196] (px4_msgs) StdoutLine: {'line': b'-- Up-to-date: /home/px4/ros2/ws/install/px4_msgs/local/lib/python3.10/dist-packages/px4_msgs/msg/_sensor_mag_s.c\n'}
[1.697246] (px4_msgs) StdoutLine: {'line': b'-- Up-to-date: /home/px4/ros2/ws/install/px4_msgs/local/lib/python3.10/dist-packages/px4_msgs/msg/_estimator_aid_source3d_s.c\n'}
[1.697293] (px4_msgs) StdoutLine: {'line': b'-- Up-to-date: /home/px4/ros2/ws/install/px4_msgs/local/lib/python3.10/dist-packages/px4_msgs/msg/_internal_combustion_engine_status.py\n'}
[1.697339] (px4_msgs) StdoutLine: {'line': b'-- Up-to-date: /home/px4/ros2/ws/install/px4_msgs/local/lib/python3.10/dist-packages/px4_msgs/msg/_parameter_set_value_request_s.c\n'}
[1.697385] (px4_msgs) StdoutLine: {'line': b'-- Up-to-date: /home/px4/ros2/ws/install/px4_msgs/local/lib/python3.10/dist-packages/px4_msgs/msg/_gps_inject_data.py\n'}
[1.697431] (px4_msgs) StdoutLine: {'line': b'-- Up-to-date: /home/px4/ros2/ws/install/px4_msgs/local/lib/python3.10/dist-packages/px4_msgs/msg/_sensor_hygrometer.py\n'}
[1.697477] (px4_msgs) StdoutLine: {'line': b'-- Up-to-date: /home/px4/ros2/ws/install/px4_msgs/local/lib/python3.10/dist-packages/px4_msgs/msg/_follow_target_estimator.py\n'}
[1.697534] (px4_msgs) StdoutLine: {'line': b'-- Up-to-date: /home/px4/ros2/ws/install/px4_msgs/local/lib/python3.10/dist-packages/px4_msgs/msg/_unregister_ext_component.py\n'}
[1.697580] (px4_msgs) StdoutLine: {'line': b'-- Up-to-date: /home/px4/ros2/ws/install/px4_msgs/local/lib/python3.10/dist-packages/px4_msgs/msg/_yaw_estimator_status_s.c\n'}
[1.697639] (px4_msgs) StdoutLine: {'line': b'-- Up-to-date: /home/px4/ros2/ws/install/px4_msgs/local/lib/python3.10/dist-packages/px4_msgs/msg/_rpm.py\n'}
[1.697686] (px4_msgs) StdoutLine: {'line': b'-- Up-to-date: /home/px4/ros2/ws/install/px4_msgs/local/lib/python3.10/dist-packages/px4_msgs/msg/_mode_completed_s.c\n'}
[1.697732] (px4_msgs) StdoutLine: {'line': b'-- Up-to-date: /home/px4/ros2/ws/install/px4_msgs/local/lib/python3.10/dist-packages/px4_msgs/msg/_sensor_uwb.py\n'}
[1.697778] (px4_msgs) StdoutLine: {'line': b'-- Up-to-date: /home/px4/ros2/ws/install/px4_msgs/local/lib/python3.10/dist-packages/px4_msgs/msg/_geofence_status.py\n'}
[1.697837] (px4_msgs) StdoutLine: {'line': b'-- Up-to-date: /home/px4/ros2/ws/install/px4_msgs/local/lib/python3.10/dist-packages/px4_msgs/msg/_rover_velocity_status.py\n'}
[1.697898] (px4_msgs) StdoutLine: {'line': b'-- Up-to-date: /home/px4/ros2/ws/install/px4_msgs/local/lib/python3.10/dist-packages/px4_msgs/msg/_open_drone_id_arm_status_s.c\n'}
[1.697950] (px4_msgs) StdoutLine: {'line': b'-- Up-to-date: /home/px4/ros2/ws/install/px4_msgs/local/lib/python3.10/dist-packages/px4_msgs/msg/_transponder_report_s.c\n'}
[1.697997] (px4_msgs) StdoutLine: {'line': b'-- Up-to-date: /home/px4/ros2/ws/install/px4_msgs/local/lib/python3.10/dist-packages/px4_msgs/msg/_arming_check_request.py\n'}
[1.698102] (px4_msgs) StdoutLine: {'line': b'-- Up-to-date: /home/px4/ros2/ws/install/px4_msgs/local/lib/python3.10/dist-packages/px4_msgs/msg/_fixed_wing_runway_control_s.c\n'}
[1.698154] (px4_msgs) StdoutLine: {'line': b'-- Up-to-date: /home/px4/ros2/ws/install/px4_msgs/local/lib/python3.10/dist-packages/px4_msgs/msg/_message_format_response.py\n'}
[1.698202] (px4_msgs) StdoutLine: {'line': b'-- Up-to-date: /home/px4/ros2/ws/install/px4_msgs/local/lib/python3.10/dist-packages/px4_msgs/msg/_obstacle_distance_s.c\n'}
[1.698249] (px4_msgs) StdoutLine: {'line': b'-- Up-to-date: /home/px4/ros2/ws/install/px4_msgs/local/lib/python3.10/dist-packages/px4_msgs/msg/_landing_gear_wheel_s.c\n'}
[1.698295] (px4_msgs) StdoutLine: {'line': b'-- Up-to-date: /home/px4/ros2/ws/install/px4_msgs/local/lib/python3.10/dist-packages/px4_msgs/msg/_actuator_servos.py\n'}
[1.698341] (px4_msgs) StdoutLine: {'line': b'-- Up-to-date: /home/px4/ros2/ws/install/px4_msgs/local/lib/python3.10/dist-packages/px4_msgs/msg/_gimbal_manager_information.py\n'}
[1.698387] (px4_msgs) StdoutLine: {'line': b'-- Up-to-date: /home/px4/ros2/ws/install/px4_msgs/local/lib/python3.10/dist-packages/px4_msgs/msg/_wind.py\n'}
[1.698433] (px4_msgs) StdoutLine: {'line': b'-- Up-to-date: /home/px4/ros2/ws/install/px4_msgs/local/lib/python3.10/dist-packages/px4_msgs/msg/_vehicle_attitude_setpoint_s.c\n'}
[1.698496] (px4_msgs) StdoutLine: {'line': b'-- Up-to-date: /home/px4/ros2/ws/install/px4_msgs/local/lib/python3.10/dist-packages/px4_msgs/msg/_iridiumsbd_status_s.c\n'}
[1.698544] (px4_msgs) StdoutLine: {'line': b'-- Up-to-date: /home/px4/ros2/ws/install/px4_msgs/local/lib/python3.10/dist-packages/px4_msgs/msg/_ulog_stream_s.c\n'}
[1.698590] (px4_msgs) StdoutLine: {'line': b'-- Up-to-date: /home/px4/ros2/ws/install/px4_msgs/local/lib/python3.10/dist-packages/px4_msgs/msg/_sensor_correction.py\n'}
[1.698638] (px4_msgs) StdoutLine: {'line': b'-- Up-to-date: /home/px4/ros2/ws/install/px4_msgs/local/lib/python3.10/dist-packages/px4_msgs/msg/_dataman_response.py\n'}
[1.698699] (px4_msgs) StdoutLine: {'line': b'-- Up-to-date: /home/px4/ros2/ws/install/px4_msgs/local/lib/python3.10/dist-packages/px4_msgs/msg/_estimator_states_s.c\n'}
[1.698746] (px4_msgs) StdoutLine: {'line': b'-- Up-to-date: /home/px4/ros2/ws/install/px4_msgs/local/lib/python3.10/dist-packages/px4_msgs/msg/_orb_test_large.py\n'}
[1.698795] (px4_msgs) StdoutLine: {'line': b'-- Up-to-date: /home/px4/ros2/ws/install/px4_msgs/local/lib/python3.10/dist-packages/px4_msgs/msg/_camera_status.py\n'}
[1.698846] (px4_msgs) StdoutLine: {'line': b'-- Up-to-date: /home/px4/ros2/ws/install/px4_msgs/local/lib/python3.10/dist-packages/px4_msgs/msg/_sensor_gnss_relative.py\n'}
[1.698922] (px4_msgs) StdoutLine: {'line': b'-- Up-to-date: /home/px4/ros2/ws/install/px4_msgs/local/lib/python3.10/dist-packages/px4_msgs/msg/_task_stack_info.py\n'}
[1.698988] (px4_msgs) StdoutLine: {'line': b'-- Up-to-date: /home/px4/ros2/ws/install/px4_msgs/local/lib/python3.10/dist-packages/px4_msgs/msg/_manual_control_switches_s.c\n'}
[1.699037] (px4_msgs) StdoutLine: {'line': b'-- Up-to-date: /home/px4/ros2/ws/install/px4_msgs/local/lib/python3.10/dist-packages/px4_msgs/msg/_gpio_request_s.c\n'}
[1.699083] (px4_msgs) StdoutLine: {'line': b'-- Up-to-date: /home/px4/ros2/ws/install/px4_msgs/local/lib/python3.10/dist-packages/px4_msgs/msg/_led_control_s.c\n'}
[1.699129] (px4_msgs) StdoutLine: {'line': b'-- Up-to-date: /home/px4/ros2/ws/install/px4_msgs/local/lib/python3.10/dist-packages/px4_msgs/msg/_sensor_optical_flow_s.c\n'}
[1.699175] (px4_msgs) StdoutLine: {'line': b'-- Up-to-date: /home/px4/ros2/ws/install/px4_msgs/local/lib/python3.10/dist-packages/px4_msgs/msg/_vehicle_acceleration.py\n'}
[1.699221] (px4_msgs) StdoutLine: {'line': b'-- Up-to-date: /home/px4/ros2/ws/install/px4_msgs/local/lib/python3.10/dist-packages/px4_msgs/msg/_vehicle_angular_velocity_s.c\n'}
[1.699267] (px4_msgs) StdoutLine: {'line': b'-- Up-to-date: /home/px4/ros2/ws/install/px4_msgs/local/lib/python3.10/dist-packages/px4_msgs/msg/_failure_detector_status_s.c\n'}
[1.699346] (px4_msgs) StdoutLine: {'line': b'-- Up-to-date: /home/px4/ros2/ws/install/px4_msgs/local/lib/python3.10/dist-packages/px4_msgs/msg/_vehicle_optical_flow_vel.py\n'}
[1.699394] (px4_msgs) StdoutLine: {'line': b'-- Up-to-date: /home/px4/ros2/ws/install/px4_msgs/local/lib/python3.10/dist-packages/px4_msgs/msg/_sensor_mag.py\n'}
[1.699441] (px4_msgs) StdoutLine: {'line': b'-- Up-to-date: /home/px4/ros2/ws/install/px4_msgs/local/lib/python3.10/dist-packages/px4_msgs/msg/_rc_channels.py\n'}
[1.699501] (px4_msgs) StdoutLine: {'line': b'-- Up-to-date: /home/px4/ros2/ws/install/px4_msgs/local/lib/python3.10/dist-packages/px4_msgs/msg/_vehicle_optical_flow_vel_s.c\n'}
[1.699548] (px4_msgs) StdoutLine: {'line': b'-- Up-to-date: /home/px4/ros2/ws/install/px4_msgs/local/lib/python3.10/dist-packages/px4_msgs/msg/_normalized_unsigned_setpoint_s.c\n'}
[1.699594] (px4_msgs) StdoutLine: {'line': b'-- Up-to-date: /home/px4/ros2/ws/install/px4_msgs/local/lib/python3.10/dist-packages/px4_msgs/msg/_config_overrides.py\n'}
[1.699640] (px4_msgs) StdoutLine: {'line': b'-- Up-to-date: /home/px4/ros2/ws/install/px4_msgs/local/lib/python3.10/dist-packages/px4_msgs/msg/_uavcan_parameter_value.py\n'}
[1.699686] (px4_msgs) StdoutLine: {'line': b'-- Up-to-date: /home/px4/ros2/ws/install/px4_msgs/local/lib/python3.10/dist-packages/px4_msgs/msg/_debug_vect.py\n'}
[1.699751] (px4_msgs) StdoutLine: {'line': b'-- Up-to-date: /home/px4/ros2/ws/install/px4_msgs/local/lib/python3.10/dist-packages/px4_msgs/msg/_gimbal_manager_set_attitude_s.c\n'}
[1.699798] (px4_msgs) StdoutLine: {'line': b'-- Up-to-date: /home/px4/ros2/ws/install/px4_msgs/local/lib/python3.10/dist-packages/px4_msgs/msg/_sensor_airflow.py\n'}
[1.699844] (px4_msgs) StdoutLine: {'line': b'-- Up-to-date: /home/px4/ros2/ws/install/px4_msgs/local/lib/python3.10/dist-packages/px4_msgs/msg/_event.py\n'}
[1.699904] (px4_msgs) StdoutLine: {'line': b'-- Up-to-date: /home/px4/ros2/ws/install/px4_msgs/local/lib/python3.10/dist-packages/px4_msgs/msg/_mount_orientation_s.c\n'}
[1.699955] (px4_msgs) StdoutLine: {'line': b'-- Up-to-date: /home/px4/ros2/ws/install/px4_msgs/local/lib/python3.10/dist-packages/px4_msgs/msg/_fixed_wing_longitudinal_setpoint_s.c\n'}
[1.700002] (px4_msgs) StdoutLine: {'line': b'-- Up-to-date: /home/px4/ros2/ws/install/px4_msgs/local/lib/python3.10/dist-packages/px4_msgs/msg/_camera_trigger_s.c\n'}
[1.700048] (px4_msgs) StdoutLine: {'line': b'-- Up-to-date: /home/px4/ros2/ws/install/px4_msgs/local/lib/python3.10/dist-packages/px4_msgs/msg/_ping_s.c\n'}
[1.700094] (px4_msgs) StdoutLine: {'line': b'-- Up-to-date: /home/px4/ros2/ws/install/px4_msgs/local/lib/python3.10/dist-packages/px4_msgs/msg/_actuator_test_s.c\n'}
[1.700139] (px4_msgs) StdoutLine: {'line': b'-- Up-to-date: /home/px4/ros2/ws/install/px4_msgs/local/lib/python3.10/dist-packages/px4_msgs/msg/_gimbal_device_set_attitude_s.c\n'}
[1.700202] (px4_msgs) StdoutLine: {'line': b'-- Up-to-date: /home/px4/ros2/ws/install/px4_msgs/local/lib/python3.10/dist-packages/px4_msgs/msg/_gps_dump_s.c\n'}
[1.700250] (px4_msgs) StdoutLine: {'line': b'-- Up-to-date: /home/px4/ros2/ws/install/px4_msgs/local/lib/python3.10/dist-packages/px4_msgs/msg/_geofence_status_s.c\n'}
[1.700295] (px4_msgs) StdoutLine: {'line': b'-- Up-to-date: /home/px4/ros2/ws/install/px4_msgs/local/lib/python3.10/dist-packages/px4_msgs/msg/_arming_check_reply.py\n'}
[1.700354] (px4_msgs) StdoutLine: {'line': b'-- Up-to-date: /home/px4/ros2/ws/install/px4_msgs/local/lib/python3.10/dist-packages/px4_msgs/msg/_system_power_s.c\n'}
[1.700401] (px4_msgs) StdoutLine: {'line': b'-- Up-to-date: /home/px4/ros2/ws/install/px4_msgs/local/lib/python3.10/dist-packages/px4_msgs/msg/_vehicle_land_detected_s.c\n'}
[1.700454] (px4_msgs) StdoutLine: {'line': b'-- Up-to-date: /home/px4/ros2/ws/install/px4_msgs/local/lib/python3.10/dist-packages/px4_msgs/msg/_parameter_reset_request_s.c\n'}
[1.700502] (px4_msgs) StdoutLine: {'line': b'-- Up-to-date: /home/px4/ros2/ws/install/px4_msgs/local/lib/python3.10/dist-packages/px4_msgs/msg/_health_report.py\n'}
[1.700555] (px4_msgs) StdoutLine: {'line': b'-- Up-to-date: /home/px4/ros2/ws/install/px4_msgs/local/lib/python3.10/dist-packages/px4_msgs/msg/_manual_control_switches.py\n'}
[1.700602] (px4_msgs) StdoutLine: {'line': b'-- Up-to-date: /home/px4/ros2/ws/install/px4_msgs/local/lib/python3.10/dist-packages/px4_msgs/msg/_px4io_status_s.c\n'}
[1.700648] (px4_msgs) StdoutLine: {'line': b'-- Up-to-date: /home/px4/ros2/ws/install/px4_msgs/local/lib/python3.10/dist-packages/px4_msgs/msg/_vehicle_command.py\n'}
[1.700694] (px4_msgs) StdoutLine: {'line': b'-- Up-to-date: /home/px4/ros2/ws/install/px4_msgs/local/lib/python3.10/dist-packages/px4_msgs/msg/_sensor_gyro.py\n'}
[1.700739] (px4_msgs) StdoutLine: {'line': b'-- Up-to-date: /home/px4/ros2/ws/install/px4_msgs/local/lib/python3.10/dist-packages/px4_msgs/msg/_tiltrotor_extra_controls.py\n'}
[1.700785] (px4_msgs) StdoutLine: {'line': b'-- Up-to-date: /home/px4/ros2/ws/install/px4_msgs/local/lib/python3.10/dist-packages/px4_msgs/msg/_gimbal_device_set_attitude.py\n'}
[1.700831] (px4_msgs) StdoutLine: {'line': b'-- Up-to-date: /home/px4/ros2/ws/install/px4_msgs/local/lib/python3.10/dist-packages/px4_msgs/msg/_gimbal_manager_set_attitude.py\n'}
[1.700889] (px4_msgs) StdoutLine: {'line': b'-- Up-to-date: /home/px4/ros2/ws/install/px4_msgs/local/lib/python3.10/dist-packages/px4_msgs/msg/_gimbal_device_information_s.c\n'}
[1.700943] (px4_msgs) StdoutLine: {'line': b'-- Up-to-date: /home/px4/ros2/ws/install/px4_msgs/local/lib/python3.10/dist-packages/px4_msgs/msg/_rover_velocity_setpoint_s.c\n'}
[1.700989] (px4_msgs) StdoutLine: {'line': b'-- Up-to-date: /home/px4/ros2/ws/install/px4_msgs/local/lib/python3.10/dist-packages/px4_msgs/msg/_radio_status.py\n'}
[1.701066] (px4_msgs) StdoutLine: {'line': b'-- Up-to-date: /home/px4/ros2/ws/install/px4_msgs/local/lib/python3.10/dist-packages/px4_msgs/msg/_cellular_status_s.c\n'}
[1.701115] (px4_msgs) StdoutLine: {'line': b'-- Up-to-date: /home/px4/ros2/ws/install/px4_msgs/local/lib/python3.10/dist-packages/px4_msgs/msg/_orbit_status_s.c\n'}
[1.701163] (px4_msgs) StdoutLine: {'line': b'-- Up-to-date: /home/px4/ros2/ws/install/px4_msgs/local/lib/python3.10/dist-packages/px4_msgs/msg/_landing_gear.py\n'}
[1.701225] (px4_msgs) StdoutLine: {'line': b'-- Up-to-date: /home/px4/ros2/ws/install/px4_msgs/local/lib/python3.10/dist-packages/px4_msgs/msg/_rover_steering_setpoint.py\n'}
[1.701273] (px4_msgs) StdoutLine: {'line': b'-- Up-to-date: /home/px4/ros2/ws/install/px4_msgs/local/lib/python3.10/dist-packages/px4_msgs/msg/_vehicle_constraints_s.c\n'}
[1.701322] (px4_msgs) StdoutLine: {'line': b'-- Up-to-date: /home/px4/ros2/ws/install/px4_msgs/local/lib/python3.10/dist-packages/px4_msgs/msg/_battery_status_s.c\n'}
[1.701380] (px4_msgs) StdoutLine: {'line': b'-- Up-to-date: /home/px4/ros2/ws/install/px4_msgs/local/lib/python3.10/dist-packages/px4_msgs/msg/_control_allocator_status_s.c\n'}
[1.701444] (px4_msgs) StdoutLine: {'line': b'-- Up-to-date: /home/px4/ros2/ws/install/px4_msgs/local/lib/python3.10/dist-packages/px4_msgs/msg/_estimator_sensor_bias.py\n'}
[1.701492] (px4_msgs) StdoutLine: {'line': b'-- Up-to-date: /home/px4/ros2/ws/install/px4_msgs/local/lib/python3.10/dist-packages/px4_msgs/msg/_actuator_motors_s.c\n'}
[1.701539] (px4_msgs) StdoutLine: {'line': b'-- Up-to-date: /home/px4/ros2/ws/install/px4_msgs/local/lib/python3.10/dist-packages/px4_msgs/msg/_battery_info_s.c\n'}
[1.701586] (px4_msgs) StdoutLine: {'line': b'-- Up-to-date: /home/px4/ros2/ws/install/px4_msgs/local/lib/python3.10/dist-packages/px4_msgs/msg/_mag_worker_data.py\n'}
[1.701632] (px4_msgs) StdoutLine: {'line': b'-- Up-to-date: /home/px4/ros2/ws/install/px4_msgs/local/lib/python3.10/dist-packages/px4_msgs/msg/_trajectory_setpoint6dof_s.c\n'}
[1.701677] (px4_msgs) StdoutLine: {'line': b'-- Up-to-date: /home/px4/ros2/ws/install/px4_msgs/local/lib/python3.10/dist-packages/px4_msgs/msg/_navigator_status.py\n'}
[1.701722] (px4_msgs) StdoutLine: {'line': b'-- Up-to-date: /home/px4/ros2/ws/install/px4_msgs/local/lib/python3.10/dist-packages/px4_msgs/msg/_gpio_in.py\n'}
[1.701774] (px4_msgs) StdoutLine: {'line': b'-- Up-to-date: /home/px4/ros2/ws/install/px4_msgs/local/lib/python3.10/dist-packages/px4_msgs/msg/_message_format_request_s.c\n'}
[1.701832] (px4_msgs) StdoutLine: {'line': b'-- Up-to-date: /home/px4/ros2/ws/install/px4_msgs/local/lib/python3.10/dist-packages/px4_msgs/msg/_rover_rate_status.py\n'}
[1.701892] (px4_msgs) StdoutLine: {'line': b'-- Up-to-date: /home/px4/ros2/ws/install/px4_msgs/local/lib/python3.10/dist-packages/px4_msgs/msg/_parameter_update_s.c\n'}
[1.701944] (px4_msgs) StdoutLine: {'line': b'-- Up-to-date: /home/px4/ros2/ws/install/px4_msgs/local/lib/python3.10/dist-packages/px4_msgs/msg/_manual_control_setpoint.py\n'}
[1.702004] (px4_msgs) StdoutLine: {'line': b'-- Up-to-date: /home/px4/ros2/ws/install/px4_msgs/local/lib/python3.10/dist-packages/px4_msgs/msg/_vehicle_attitude_setpoint.py\n'}
[1.702049] (-) TimerEvent: {}
[1.702125] (px4_msgs) StdoutLine: {'line': b'-- Up-to-date: /home/px4/ros2/ws/install/px4_msgs/local/lib/python3.10/dist-packages/px4_msgs/msg/_rtl_status_s.c\n'}
[1.702187] (px4_msgs) StdoutLine: {'line': b'-- Up-to-date: /home/px4/ros2/ws/install/px4_msgs/local/lib/python3.10/dist-packages/px4_msgs/msg/_neural_control_s.c\n'}
[1.702270] (px4_msgs) StdoutLine: {'line': b'-- Up-to-date: /home/px4/ros2/ws/install/px4_msgs/local/lib/python3.10/dist-packages/px4_msgs/msg/_estimator_aid_source1d.py\n'}
[1.702357] (px4_msgs) StdoutLine: {'line': b'-- Up-to-date: /home/px4/ros2/ws/install/px4_msgs/local/lib/python3.10/dist-packages/px4_msgs/msg/_register_ext_component_reply.py\n'}
[1.702427] (px4_msgs) StdoutLine: {'line': b'-- Up-to-date: /home/px4/ros2/ws/install/px4_msgs/local/lib/python3.10/dist-packages/px4_msgs/msg/_sensor_hygrometer_s.c\n'}
[1.702475] (px4_msgs) StdoutLine: {'line': b'-- Up-to-date: /home/px4/ros2/ws/install/px4_msgs/local/lib/python3.10/dist-packages/px4_msgs/msg/_landing_target_innovations_s.c\n'}
[1.702529] (px4_msgs) StdoutLine: {'line': b'-- Up-to-date: /home/px4/ros2/ws/install/px4_msgs/local/lib/python3.10/dist-packages/px4_msgs/msg/_camera_status_s.c\n'}
[1.702574] (px4_msgs) StdoutLine: {'line': b'-- Up-to-date: /home/px4/ros2/ws/install/px4_msgs/local/lib/python3.10/dist-packages/px4_msgs/msg/_power_monitor.py\n'}
[1.702626] (px4_msgs) StdoutLine: {'line': b'-- Up-to-date: /home/px4/ros2/ws/install/px4_msgs/local/lib/python3.10/dist-packages/px4_msgs/msg/_velocity_limits_s.c\n'}
[1.702671] (px4_msgs) StdoutLine: {'line': b'-- Up-to-date: /home/px4/ros2/ws/install/px4_msgs/local/lib/python3.10/dist-packages/px4_msgs/msg/_qshell_retval_s.c\n'}
[1.702724] (px4_msgs) StdoutLine: {'line': b'-- Up-to-date: /home/px4/ros2/ws/install/px4_msgs/local/lib/python3.10/dist-packages/px4_msgs/msg/_sensor_gps.py\n'}
[1.702769] (px4_msgs) StdoutLine: {'line': b'-- Up-to-date: /home/px4/ros2/ws/install/px4_msgs/local/lib/python3.10/dist-packages/px4_msgs/msg/_trajectory_setpoint.py\n'}
[1.702844] (px4_msgs) StdoutLine: {'line': b'-- Up-to-date: /home/px4/ros2/ws/install/px4_msgs/local/lib/python3.10/dist-packages/px4_msgs/msg/_power_button_state_s.c\n'}
[1.702919] (px4_msgs) StdoutLine: {'line': b'-- Up-to-date: /home/px4/ros2/ws/install/px4_msgs/local/lib/python3.10/dist-packages/px4_msgs/msg/_vehicle_attitude_s.c\n'}
[1.702968] (px4_msgs) StdoutLine: {'line': b'-- Up-to-date: /home/px4/ros2/ws/install/px4_msgs/local/lib/python3.10/dist-packages/px4_msgs/msg/_estimator_status_flags.py\n'}
[1.703055] (px4_msgs) StdoutLine: {'line': b'-- Up-to-date: /home/px4/ros2/ws/install/px4_msgs/local/lib/python3.10/dist-packages/px4_msgs/msg/_position_controller_landing_status_s.c\n'}
[1.703106] (px4_msgs) StdoutLine: {'line': b'-- Up-to-date: /home/px4/ros2/ws/install/px4_msgs/local/lib/python3.10/dist-packages/px4_msgs/msg/_actuator_test.py\n'}
[1.703152] (px4_msgs) StdoutLine: {'line': b'-- Up-to-date: /home/px4/ros2/ws/install/px4_msgs/local/lib/python3.10/dist-packages/px4_msgs/msg/_uavcan_parameter_request_s.c\n'}
[1.703198] (px4_msgs) StdoutLine: {'line': b'-- Up-to-date: /home/px4/ros2/ws/install/px4_msgs/local/lib/python3.10/dist-packages/px4_msgs/msg/_vehicle_global_position.py\n'}
[1.703272] (px4_msgs) StdoutLine: {'line': b'-- Up-to-date: /home/px4/ros2/ws/install/px4_msgs/local/lib/python3.10/dist-packages/px4_msgs/msg/_estimator_event_flags.py\n'}
[1.703320] (px4_msgs) StdoutLine: {'line': b'-- Up-to-date: /home/px4/ros2/ws/install/px4_msgs/local/lib/python3.10/dist-packages/px4_msgs/msg/_rate_ctrl_status.py\n'}
[1.703368] (px4_msgs) StdoutLine: {'line': b'-- Up-to-date: /home/px4/ros2/ws/install/px4_msgs/local/lib/python3.10/dist-packages/px4_msgs/msg/_distance_sensor_s.c\n'}
[1.703413] (px4_msgs) StdoutLine: {'line': b'-- Up-to-date: /home/px4/ros2/ws/install/px4_msgs/local/lib/python3.10/dist-packages/px4_msgs/msg/_trajectory_setpoint6dof.py\n'}
[1.703460] (px4_msgs) StdoutLine: {'line': b'-- Up-to-date: /home/px4/ros2/ws/install/px4_msgs/local/lib/python3.10/dist-packages/px4_msgs/msg/_ping.py\n'}
[1.703505] (px4_msgs) StdoutLine: {'line': b'-- Up-to-date: /home/px4/ros2/ws/install/px4_msgs/local/lib/python3.10/dist-packages/px4_msgs/msg/_irlock_report_s.c\n'}
[1.703551] (px4_msgs) StdoutLine: {'line': b'-- Up-to-date: /home/px4/ros2/ws/install/px4_msgs/local/lib/python3.10/dist-packages/px4_msgs/msg/_sensor_gyro_fifo_s.c\n'}
[1.703597] (px4_msgs) StdoutLine: {'line': b'-- Up-to-date: /home/px4/ros2/ws/install/px4_msgs/local/lib/python3.10/dist-packages/px4_msgs/msg/_mission.py\n'}
[1.703642] (px4_msgs) StdoutLine: {'line': b'-- Up-to-date: /home/px4/ros2/ws/install/px4_msgs/local/lib/python3.10/dist-packages/px4_msgs/msg/_parameter_set_used_request_s.c\n'}
[1.703708] (px4_msgs) StdoutLine: {'line': b'-- Up-to-date: /home/px4/ros2/ws/install/px4_msgs/local/lib/python3.10/dist-packages/px4_msgs/msg/_sensor_optical_flow.py\n'}
[1.703755] (px4_msgs) StdoutLine: {'line': b'-- Up-to-date: /home/px4/ros2/ws/install/px4_msgs/local/lib/python3.10/dist-packages/px4_msgs/msg/_actuator_armed.py\n'}
[1.703801] (px4_msgs) StdoutLine: {'line': b'-- Up-to-date: /home/px4/ros2/ws/install/px4_msgs/local/lib/python3.10/dist-packages/px4_msgs/msg/_vehicle_magnetometer_s.c\n'}
[1.703873] (px4_msgs) StdoutLine: {'line': b'-- Up-to-date: /home/px4/ros2/ws/install/px4_msgs/local/lib/python3.10/dist-packages/px4_msgs/msg/_debug_key_value_s.c\n'}
[1.703937] (px4_msgs) StdoutLine: {'line': b'-- Up-to-date: /home/px4/ros2/ws/install/px4_msgs/local/lib/python3.10/dist-packages/px4_msgs/msg/_transponder_report.py\n'}
[1.703988] (px4_msgs) StdoutLine: {'line': b'-- Up-to-date: /home/px4/ros2/ws/install/px4_msgs/local/lib/python3.10/dist-packages/px4_msgs/msg/_landing_gear_s.c\n'}
[1.704036] (px4_msgs) StdoutLine: {'line': b'-- Up-to-date: /home/px4/ros2/ws/install/px4_msgs/local/lib/python3.10/dist-packages/px4_msgs/msg/_sensor_correction_s.c\n'}
[1.704082] (px4_msgs) StdoutLine: {'line': b'-- Up-to-date: /home/px4/ros2/ws/install/px4_msgs/local/lib/python3.10/dist-packages/px4_msgs/msg/_airspeed_validated.py\n'}
[1.704128] (px4_msgs) StdoutLine: {'line': b'-- Up-to-date: /home/px4/ros2/ws/install/px4_msgs/local/lib/python3.10/dist-packages/px4_msgs/msg/_estimator_aid_source2d_s.c\n'}
[1.704173] (px4_msgs) StdoutLine: {'line': b'-- Up-to-date: /home/px4/ros2/ws/install/px4_msgs/local/lib/python3.10/dist-packages/px4_msgs/msg/_uavcan_parameter_request.py\n'}
[1.704218] (px4_msgs) StdoutLine: {'line': b'-- Up-to-date: /home/px4/ros2/ws/install/px4_msgs/local/lib/python3.10/dist-packages/px4_msgs/msg/_position_setpoint.py\n'}
[1.704266] (px4_msgs) StdoutLine: {'line': b'-- Up-to-date: /home/px4/ros2/ws/install/px4_msgs/local/lib/python3.10/dist-packages/px4_msgs/msg/_vehicle_control_mode_s.c\n'}
[1.704334] (px4_msgs) StdoutLine: {'line': b'-- Up-to-date: /home/px4/ros2/ws/install/px4_msgs/local/lib/python3.10/dist-packages/px4_msgs/msg/_figure_eight_status_s.c\n'}
[1.704382] (px4_msgs) StdoutLine: {'line': b'-- Up-to-date: /home/px4/ros2/ws/install/px4_msgs/local/lib/python3.10/dist-packages/px4_msgs/msg/_config_overrides_s.c\n'}
[1.704429] (px4_msgs) StdoutLine: {'line': b'-- Up-to-date: /home/px4/ros2/ws/install/px4_msgs/local/lib/python3.10/dist-packages/px4_msgs/msg/_tiltrotor_extra_controls_s.c\n'}
[1.704483] (px4_msgs) StdoutLine: {'line': b'-- Up-to-date: /home/px4/ros2/ws/install/px4_msgs/local/lib/python3.10/dist-packages/px4_msgs/msg/_sensor_gyro_fifo.py\n'}
[1.704529] (px4_msgs) StdoutLine: {'line': b'-- Up-to-date: /home/px4/ros2/ws/install/px4_msgs/local/lib/python3.10/dist-packages/px4_msgs/msg/_fixed_wing_lateral_guidance_status_s.c\n'}
[1.704576] (px4_msgs) StdoutLine: {'line': b'-- Up-to-date: /home/px4/ros2/ws/install/px4_msgs/local/lib/python3.10/dist-packages/px4_msgs/msg/_vehicle_magnetometer.py\n'}
[1.704620] (px4_msgs) StdoutLine: {'line': b'-- Up-to-date: /home/px4/ros2/ws/install/px4_msgs/local/lib/python3.10/dist-packages/px4_msgs/msg/_parameter_set_value_response_s.c\n'}
[1.704667] (px4_msgs) StdoutLine: {'line': b'-- Up-to-date: /home/px4/ros2/ws/install/px4_msgs/local/lib/python3.10/dist-packages/px4_msgs/msg/_vehicle_status.py\n'}
[1.704743] (px4_msgs) StdoutLine: {'line': b'-- Up-to-date: /home/px4/ros2/ws/install/px4_msgs/local/lib/python3.10/dist-packages/px4_msgs/msg/_position_controller_landing_status.py\n'}
[1.704792] (px4_msgs) StdoutLine: {'line': b'-- Up-to-date: /home/px4/ros2/ws/install/px4_msgs/local/lib/python3.10/dist-packages/px4_msgs/msg/_vehicle_optical_flow_s.c\n'}
[1.704838] (px4_msgs) StdoutLine: {'line': b'-- Up-to-date: /home/px4/ros2/ws/install/px4_msgs/local/lib/python3.10/dist-packages/px4_msgs/msg/_magnetometer_bias_estimate_s.c\n'}
[1.704902] (px4_msgs) StdoutLine: {'line': b'-- Up-to-date: /home/px4/ros2/ws/install/px4_msgs/local/lib/python3.10/dist-packages/px4_msgs/msg/_distance_sensor.py\n'}
[1.704967] (px4_msgs) StdoutLine: {'line': b'-- Up-to-date: /home/px4/ros2/ws/install/px4_msgs/local/lib/python3.10/dist-packages/px4_msgs/msg/_wheel_encoders_s.c\n'}
[1.705037] (px4_msgs) StdoutLine: {'line': b'-- Up-to-date: /home/px4/ros2/ws/install/px4_msgs/local/lib/python3.10/dist-packages/px4_msgs/msg/_generator_status_s.c\n'}
[1.705085] (px4_msgs) StdoutLine: {'line': b'-- Up-to-date: /home/px4/ros2/ws/install/px4_msgs/local/lib/python3.10/dist-packages/px4_msgs/msg/_cpuload_s.c\n'}
[1.705147] (px4_msgs) StdoutLine: {'line': b'-- Up-to-date: /home/px4/ros2/ws/install/px4_msgs/local/lib/python3.10/dist-packages/px4_msgs/msg/_sensors_status_imu.py\n'}
[1.705196] (px4_msgs) StdoutLine: {'line': b'-- Up-to-date: /home/px4/ros2/ws/install/px4_msgs/local/lib/python3.10/dist-packages/px4_msgs/msg/_dronecan_node_status.py\n'}
[1.705241] (px4_msgs) StdoutLine: {'line': b'-- Up-to-date: /home/px4/ros2/ws/install/px4_msgs/local/lib/python3.10/dist-packages/px4_msgs/msg/_vehicle_rates_setpoint.py\n'}
[1.705285] (px4_msgs) StdoutLine: {'line': b'-- Up-to-date: /home/px4/ros2/ws/install/px4_msgs/local/lib/python3.10/dist-packages/px4_msgs/msg/_gimbal_device_attitude_status.py\n'}
[1.705332] (px4_msgs) StdoutLine: {'line': b'-- Up-to-date: /home/px4/ros2/ws/install/px4_msgs/local/lib/python3.10/dist-packages/px4_msgs/msg/_hover_thrust_estimate.py\n'}
[1.705377] (px4_msgs) StdoutLine: {'line': b'-- Up-to-date: /home/px4/ros2/ws/install/px4_msgs/local/lib/python3.10/dist-packages/px4_msgs/msg/_qshell_retval.py\n'}
[1.705423] (px4_msgs) StdoutLine: {'line': b'-- Up-to-date: /home/px4/ros2/ws/install/px4_msgs/local/lib/python3.10/dist-packages/px4_msgs/msg/_can_interface_status_s.c\n'}
[1.705469] (px4_msgs) StdoutLine: {'line': b'-- Up-to-date: /home/px4/ros2/ws/install/px4_msgs/local/lib/python3.10/dist-packages/px4_msgs/msg/_sensor_accel_fifo.py\n'}
[1.705521] (px4_msgs) StdoutLine: {'line': b'-- Up-to-date: /home/px4/ros2/ws/install/px4_msgs/local/lib/python3.10/dist-packages/px4_msgs/msg/_mag_worker_data_s.c\n'}
[1.705595] (px4_msgs) StdoutLine: {'line': b'-- Up-to-date: /home/px4/ros2/ws/install/px4_msgs/local/lib/python3.10/dist-packages/px4_msgs/msg/_collision_constraints.py\n'}
[1.705644] (px4_msgs) StdoutLine: {'line': b'-- Up-to-date: /home/px4/ros2/ws/install/px4_msgs/local/lib/python3.10/dist-packages/px4_msgs/msg/_pps_capture.py\n'}
[1.705688] (px4_msgs) StdoutLine: {'line': b'-- Up-to-date: /home/px4/ros2/ws/install/px4_msgs/local/lib/python3.10/dist-packages/px4_msgs/msg/_rtl_time_estimate_s.c\n'}
[1.705758] (px4_msgs) StdoutLine: {'line': b'-- Up-to-date: /home/px4/ros2/ws/install/px4_msgs/local/lib/python3.10/dist-packages/px4_msgs/msg/_esc_status.py\n'}
[1.705807] (px4_msgs) StdoutLine: {'line': b'-- Up-to-date: /home/px4/ros2/ws/install/px4_msgs/local/lib/python3.10/dist-packages/px4_msgs/msg/_sensor_preflight_mag_s.c\n'}
[1.705854] (px4_msgs) StdoutLine: {'line': b'-- Up-to-date: /home/px4/ros2/ws/install/px4_msgs/local/lib/python3.10/dist-packages/px4_msgs/msg/_estimator_gps_status.py\n'}
[1.705917] (px4_msgs) StdoutLine: {'line': b'-- Up-to-date: /home/px4/ros2/ws/install/px4_msgs/local/lib/python3.10/dist-packages/px4_msgs/msg/_sensor_selection.py\n'}
[1.705971] (px4_msgs) StdoutLine: {'line': b'-- Up-to-date: /home/px4/ros2/ws/install/px4_msgs/local/lib/python3.10/dist-packages/px4_msgs/msg/_goto_setpoint_s.c\n'}
[1.706033] (px4_msgs) StdoutLine: {'line': b'-- Up-to-date: /home/px4/ros2/ws/install/px4_msgs/local/lib/python3.10/dist-packages/px4_msgs/msg/_offboard_control_mode_s.c\n'}
[1.706081] (px4_msgs) StdoutLine: {'line': b'-- Up-to-date: /home/px4/ros2/ws/install/px4_msgs/local/lib/python3.10/dist-packages/px4_msgs/msg/_actuator_armed_s.c\n'}
[1.706127] (px4_msgs) StdoutLine: {'line': b'-- Up-to-date: /home/px4/ros2/ws/install/px4_msgs/local/lib/python3.10/dist-packages/px4_msgs/msg/_launch_detection_status.py\n'}
[1.706173] (px4_msgs) StdoutLine: {'line': b'-- Up-to-date: /home/px4/ros2/ws/install/px4_msgs/local/lib/python3.10/dist-packages/px4_msgs/msg/_sensor_gyro_fft_s.c\n'}
[1.706219] (px4_msgs) StdoutLine: {'line': b'-- Up-to-date: /home/px4/ros2/ws/install/px4_msgs/local/lib/python3.10/dist-packages/px4_msgs/msg/_autotune_attitude_control_status_s.c\n'}
[1.706264] (px4_msgs) StdoutLine: {'line': b'-- Up-to-date: /home/px4/ros2/ws/install/px4_msgs/local/lib/python3.10/dist-packages/px4_msgs/msg/_qshell_req.py\n'}
[1.706309] (px4_msgs) StdoutLine: {'line': b'-- Up-to-date: /home/px4/ros2/ws/install/px4_msgs/local/lib/python3.10/dist-packages/px4_msgs/msg/_rate_ctrl_status_s.c\n'}
[1.706354] (px4_msgs) StdoutLine: {'line': b'-- Up-to-date: /home/px4/ros2/ws/install/px4_msgs/local/lib/python3.10/dist-packages/px4_msgs/msg/_dronecan_node_status_s.c\n'}
[1.706400] (px4_msgs) StdoutLine: {'line': b'-- Up-to-date: /home/px4/ros2/ws/install/px4_msgs/local/lib/python3.10/dist-packages/px4_msgs/msg/_iridiumsbd_status.py\n'}
[1.706458] (px4_msgs) StdoutLine: {'line': b'-- Up-to-date: /home/px4/ros2/ws/install/px4_msgs/local/lib/python3.10/dist-packages/px4_msgs/msg/_task_stack_info_s.c\n'}
[1.706517] (px4_msgs) StdoutLine: {'line': b'-- Up-to-date: /home/px4/ros2/ws/install/px4_msgs/local/lib/python3.10/dist-packages/px4_msgs/msg/_rover_throttle_setpoint_s.c\n'}
[1.706564] (px4_msgs) StdoutLine: {'line': b'-- Up-to-date: /home/px4/ros2/ws/install/px4_msgs/local/lib/python3.10/dist-packages/px4_msgs/msg/_open_drone_id_self_id.py\n'}
[1.706626] (px4_msgs) StdoutLine: {'line': b'-- Up-to-date: /home/px4/ros2/ws/install/px4_msgs/local/lib/python3.10/dist-packages/px4_msgs/msg/_estimator_bias3d.py\n'}
[1.706675] (px4_msgs) StdoutLine: {'line': b'-- Up-to-date: /home/px4/ros2/ws/install/px4_msgs/local/lib/python3.10/dist-packages/px4_msgs/msg/_distance_sensor_mode_change_request.py\n'}
[1.706722] (px4_msgs) StdoutLine: {'line': b'-- Up-to-date: /home/px4/ros2/ws/install/px4_msgs/local/lib/python3.10/dist-packages/px4_msgs/msg/_irlock_report.py\n'}
[1.706768] (px4_msgs) StdoutLine: {'line': b'-- Up-to-date: /home/px4/ros2/ws/install/px4_msgs/local/lib/python3.10/dist-packages/px4_msgs/msg/_internal_combustion_engine_control.py\n'}
[1.706823] (px4_msgs) StdoutLine: {'line': b'-- Up-to-date: /home/px4/ros2/ws/install/px4_msgs/local/lib/python3.10/dist-packages/px4_msgs/msg/_home_position.py\n'}
[1.706898] (px4_msgs) StdoutLine: {'line': b'-- Up-to-date: /home/px4/ros2/ws/install/px4_msgs/local/lib/python3.10/dist-packages/px4_msgs/msg/_gpio_config.py\n'}
[1.706953] (px4_msgs) StdoutLine: {'line': b'-- Up-to-date: /home/px4/ros2/ws/install/px4_msgs/local/lib/python3.10/dist-packages/px4_msgs/msg/_open_drone_id_arm_status.py\n'}
[1.707010] (px4_msgs) StdoutLine: {'line': b'-- Up-to-date: /home/px4/ros2/ws/install/px4_msgs/local/lib/python3.10/dist-packages/px4_msgs/msg/_differential_pressure_s.c\n'}
[1.707057] (px4_msgs) StdoutLine: {'line': b'-- Up-to-date: /home/px4/ros2/ws/install/px4_msgs/local/lib/python3.10/dist-packages/px4_msgs/msg/_control_allocator_status.py\n'}
[1.707103] (px4_msgs) StdoutLine: {'line': b'-- Up-to-date: /home/px4/ros2/ws/install/px4_msgs/local/lib/python3.10/dist-packages/px4_msgs/px4_msgs_s__rosidl_typesupport_introspection_c.cpython-310-x86_64-linux-gnu.so\n'}
[1.707155] (px4_msgs) StdoutLine: {'line': b'-- Up-to-date: /home/px4/ros2/ws/install/px4_msgs/local/lib/python3.10/dist-packages/px4_msgs/srv\n'}
[1.707203] (px4_msgs) StdoutLine: {'line': b'-- Up-to-date: /home/px4/ros2/ws/install/px4_msgs/local/lib/python3.10/dist-packages/px4_msgs/srv/_vehicle_command_s.c\n'}
[1.707248] (px4_msgs) StdoutLine: {'line': b'-- Up-to-date: /home/px4/ros2/ws/install/px4_msgs/local/lib/python3.10/dist-packages/px4_msgs/srv/__init__.py\n'}
[1.707311] (px4_msgs) StdoutLine: {'line': b'-- Up-to-date: /home/px4/ros2/ws/install/px4_msgs/local/lib/python3.10/dist-packages/px4_msgs/srv/_vehicle_command.py\n'}
[1.707358] (px4_msgs) StdoutLine: {'line': b'-- Up-to-date: /home/px4/ros2/ws/install/px4_msgs/local/lib/python3.10/dist-packages/px4_msgs/px4_msgs_s__rosidl_typesupport_c.cpython-310-x86_64-linux-gnu.so\n'}
[1.707404] (px4_msgs) StdoutLine: {'line': b'-- Up-to-date: /home/px4/ros2/ws/install/px4_msgs/local/lib/python3.10/dist-packages/px4_msgs/px4_msgs_s__rosidl_typesupport_fastrtps_c.cpython-310-x86_64-linux-gnu.so\n'}
[1.707467] (px4_msgs) StdoutLine: {'line': b'-- Up-to-date: /home/px4/ros2/ws/install/px4_msgs/local/lib/python3.10/dist-packages/px4_msgs/_px4_msgs_s.ep.rosidl_typesupport_c.c\n'}
[1.707514] (px4_msgs) StdoutLine: {'line': b"Listing '/home/px4/ros2/ws/install/px4_msgs/local/lib/python3.10/dist-packages/px4_msgs'...\n"}
[1.707561] (px4_msgs) StdoutLine: {'line': b"Listing '/home/px4/ros2/ws/install/px4_msgs/local/lib/python3.10/dist-packages/px4_msgs/msg'...\n"}
[1.707609] (px4_msgs) StdoutLine: {'line': b"Listing '/home/px4/ros2/ws/install/px4_msgs/local/lib/python3.10/dist-packages/px4_msgs/srv'...\n"}
[1.707669] (px4_msgs) StdoutLine: {'line': b'-- Up-to-date: /home/px4/ros2/ws/install/px4_msgs/local/lib/python3.10/dist-packages/px4_msgs/px4_msgs_s__rosidl_typesupport_fastrtps_c.cpython-310-x86_64-linux-gnu.so\n'}
[1.707718] (px4_msgs) StdoutLine: {'line': b'-- Up-to-date: /home/px4/ros2/ws/install/px4_msgs/local/lib/python3.10/dist-packages/px4_msgs/px4_msgs_s__rosidl_typesupport_introspection_c.cpython-310-x86_64-linux-gnu.so\n'}
[1.707765] (px4_msgs) StdoutLine: {'line': b'-- Up-to-date: /home/px4/ros2/ws/install/px4_msgs/local/lib/python3.10/dist-packages/px4_msgs/px4_msgs_s__rosidl_typesupport_c.cpython-310-x86_64-linux-gnu.so\n'}
[1.707812] (px4_msgs) StdoutLine: {'line': b'-- Up-to-date: /home/px4/ros2/ws/install/px4_msgs/lib/libpx4_msgs__rosidl_generator_py.so\n'}
[1.707858] (px4_msgs) StdoutLine: {'line': b'-- Up-to-date: /home/px4/ros2/ws/install/px4_msgs/share/px4_msgs/msg/ActionRequest.idl\n'}
[1.707923] (px4_msgs) StdoutLine: {'line': b'-- Up-to-date: /home/px4/ros2/ws/install/px4_msgs/share/px4_msgs/msg/ActuatorArmed.idl\n'}
[1.707973] (px4_msgs) StdoutLine: {'line': b'-- Up-to-date: /home/px4/ros2/ws/install/px4_msgs/share/px4_msgs/msg/ActuatorControlsStatus.idl\n'}
[1.708020] (px4_msgs) StdoutLine: {'line': b'-- Up-to-date: /home/px4/ros2/ws/install/px4_msgs/share/px4_msgs/msg/ActuatorMotors.idl\n'}
[1.708065] (px4_msgs) StdoutLine: {'line': b'-- Up-to-date: /home/px4/ros2/ws/install/px4_msgs/share/px4_msgs/msg/ActuatorOutputs.idl\n'}
[1.708122] (px4_msgs) StdoutLine: {'line': b'-- Up-to-date: /home/px4/ros2/ws/install/px4_msgs/share/px4_msgs/msg/ActuatorServos.idl\n'}
[1.708168] (px4_msgs) StdoutLine: {'line': b'-- Up-to-date: /home/px4/ros2/ws/install/px4_msgs/share/px4_msgs/msg/ActuatorServosTrim.idl\n'}
[1.708266] (px4_msgs) StdoutLine: {'line': b'-- Up-to-date: /home/px4/ros2/ws/install/px4_msgs/share/px4_msgs/msg/ActuatorTest.idl\n'}
[1.708327] (px4_msgs) StdoutLine: {'line': b'-- Up-to-date: /home/px4/ros2/ws/install/px4_msgs/share/px4_msgs/msg/AdcReport.idl\n'}
[1.708384] (px4_msgs) StdoutLine: {'line': b'-- Up-to-date: /home/px4/ros2/ws/install/px4_msgs/share/px4_msgs/msg/Airspeed.idl\n'}
[1.708476] (px4_msgs) StdoutLine: {'line': b'-- Up-to-date: /home/px4/ros2/ws/install/px4_msgs/share/px4_msgs/msg/AirspeedValidated.idl\n'}
[1.708523] (px4_msgs) StdoutLine: {'line': b'-- Up-to-date: /home/px4/ros2/ws/install/px4_msgs/share/px4_msgs/msg/AirspeedWind.idl\n'}
[1.708571] (px4_msgs) StdoutLine: {'line': b'-- Up-to-date: /home/px4/ros2/ws/install/px4_msgs/share/px4_msgs/msg/ArmingCheckReply.idl\n'}
[1.708616] (px4_msgs) StdoutLine: {'line': b'-- Up-to-date: /home/px4/ros2/ws/install/px4_msgs/share/px4_msgs/msg/ArmingCheckRequest.idl\n'}
[1.708662] (px4_msgs) StdoutLine: {'line': b'-- Up-to-date: /home/px4/ros2/ws/install/px4_msgs/share/px4_msgs/msg/AutotuneAttitudeControlStatus.idl\n'}
[1.708750] (px4_msgs) StdoutLine: {'line': b'-- Up-to-date: /home/px4/ros2/ws/install/px4_msgs/share/px4_msgs/msg/BatteryInfo.idl\n'}
[1.708796] (px4_msgs) StdoutLine: {'line': b'-- Up-to-date: /home/px4/ros2/ws/install/px4_msgs/share/px4_msgs/msg/BatteryStatus.idl\n'}
[1.708841] (px4_msgs) StdoutLine: {'line': b'-- Up-to-date: /home/px4/ros2/ws/install/px4_msgs/share/px4_msgs/msg/ButtonEvent.idl\n'}
[1.708900] (px4_msgs) StdoutLine: {'line': b'-- Up-to-date: /home/px4/ros2/ws/install/px4_msgs/share/px4_msgs/msg/CameraCapture.idl\n'}
[1.708954] (px4_msgs) StdoutLine: {'line': b'-- Up-to-date: /home/px4/ros2/ws/install/px4_msgs/share/px4_msgs/msg/CameraStatus.idl\n'}
[1.709007] (px4_msgs) StdoutLine: {'line': b'-- Up-to-date: /home/px4/ros2/ws/install/px4_msgs/share/px4_msgs/msg/CameraTrigger.idl\n'}
[1.709051] (px4_msgs) StdoutLine: {'line': b'-- Up-to-date: /home/px4/ros2/ws/install/px4_msgs/share/px4_msgs/msg/CanInterfaceStatus.idl\n'}
[1.709102] (px4_msgs) StdoutLine: {'line': b'-- Up-to-date: /home/px4/ros2/ws/install/px4_msgs/share/px4_msgs/msg/CellularStatus.idl\n'}
[1.709194] (px4_msgs) StdoutLine: {'line': b'-- Up-to-date: /home/px4/ros2/ws/install/px4_msgs/share/px4_msgs/msg/CollisionConstraints.idl\n'}
[1.709240] (px4_msgs) StdoutLine: {'line': b'-- Up-to-date: /home/px4/ros2/ws/install/px4_msgs/share/px4_msgs/msg/ConfigOverrides.idl\n'}
[1.709286] (px4_msgs) StdoutLine: {'line': b'-- Up-to-date: /home/px4/ros2/ws/install/px4_msgs/share/px4_msgs/msg/ControlAllocatorStatus.idl\n'}
[1.709335] (px4_msgs) StdoutLine: {'line': b'-- Up-to-date: /home/px4/ros2/ws/install/px4_msgs/share/px4_msgs/msg/Cpuload.idl\n'}
[1.709439] (px4_msgs) StdoutLine: {'line': b'-- Up-to-date: /home/px4/ros2/ws/install/px4_msgs/share/px4_msgs/msg/DatamanRequest.idl\n'}
[1.709507] (px4_msgs) StdoutLine: {'line': b'-- Up-to-date: /home/px4/ros2/ws/install/px4_msgs/share/px4_msgs/msg/DatamanResponse.idl\n'}
[1.709567] (px4_msgs) StdoutLine: {'line': b'-- Up-to-date: /home/px4/ros2/ws/install/px4_msgs/share/px4_msgs/msg/DebugArray.idl\n'}
[1.709631] (px4_msgs) StdoutLine: {'line': b'-- Up-to-date: /home/px4/ros2/ws/install/px4_msgs/share/px4_msgs/msg/DebugKeyValue.idl\n'}
[1.709725] (px4_msgs) StdoutLine: {'line': b'-- Up-to-date: /home/px4/ros2/ws/install/px4_msgs/share/px4_msgs/msg/DebugValue.idl\n'}
[1.709786] (px4_msgs) StdoutLine: {'line': b'-- Up-to-date: /home/px4/ros2/ws/install/px4_msgs/share/px4_msgs/msg/DebugVect.idl\n'}
[1.709833] (px4_msgs) StdoutLine: {'line': b'-- Up-to-date: /home/px4/ros2/ws/install/px4_msgs/share/px4_msgs/msg/DifferentialPressure.idl\n'}
[1.709897] (px4_msgs) StdoutLine: {'line': b'-- Up-to-date: /home/px4/ros2/ws/install/px4_msgs/share/px4_msgs/msg/DistanceSensor.idl\n'}
[1.709950] (px4_msgs) StdoutLine: {'line': b'-- Up-to-date: /home/px4/ros2/ws/install/px4_msgs/share/px4_msgs/msg/DistanceSensorModeChangeRequest.idl\n'}
[1.709995] (px4_msgs) StdoutLine: {'line': b'-- Up-to-date: /home/px4/ros2/ws/install/px4_msgs/share/px4_msgs/msg/DronecanNodeStatus.idl\n'}
[1.710052] (px4_msgs) StdoutLine: {'line': b'-- Up-to-date: /home/px4/ros2/ws/install/px4_msgs/share/px4_msgs/msg/Ekf2Timestamps.idl\n'}
[1.710101] (px4_msgs) StdoutLine: {'line': b'-- Up-to-date: /home/px4/ros2/ws/install/px4_msgs/share/px4_msgs/msg/EscReport.idl\n'}
[1.710185] (px4_msgs) StdoutLine: {'line': b'-- Up-to-date: /home/px4/ros2/ws/install/px4_msgs/share/px4_msgs/msg/EscStatus.idl\n'}
[1.710268] (px4_msgs) StdoutLine: {'line': b'-- Up-to-date: /home/px4/ros2/ws/install/px4_msgs/share/px4_msgs/msg/EstimatorAidSource1d.idl\n'}
[1.710331] (px4_msgs) StdoutLine: {'line': b'-- Up-to-date: /home/px4/ros2/ws/install/px4_msgs/share/px4_msgs/msg/EstimatorAidSource2d.idl\n'}
[1.710397] (px4_msgs) StdoutLine: {'line': b'-- Up-to-date: /home/px4/ros2/ws/install/px4_msgs/share/px4_msgs/msg/EstimatorAidSource3d.idl\n'}
[1.710463] (px4_msgs) StdoutLine: {'line': b'-- Up-to-date: /home/px4/ros2/ws/install/px4_msgs/share/px4_msgs/msg/EstimatorBias.idl\n'}
[1.710547] (px4_msgs) StdoutLine: {'line': b'-- Up-to-date: /home/px4/ros2/ws/install/px4_msgs/share/px4_msgs/msg/EstimatorBias3d.idl\n'}
[1.710596] (px4_msgs) StdoutLine: {'line': b'-- Up-to-date: /home/px4/ros2/ws/install/px4_msgs/share/px4_msgs/msg/EstimatorEventFlags.idl\n'}
[1.710643] (px4_msgs) StdoutLine: {'line': b'-- Up-to-date: /home/px4/ros2/ws/install/px4_msgs/share/px4_msgs/msg/EstimatorGpsStatus.idl\n'}
[1.710689] (px4_msgs) StdoutLine: {'line': b'-- Up-to-date: /home/px4/ros2/ws/install/px4_msgs/share/px4_msgs/msg/EstimatorInnovations.idl\n'}
[1.710736] (px4_msgs) StdoutLine: {'line': b'-- Up-to-date: /home/px4/ros2/ws/install/px4_msgs/share/px4_msgs/msg/EstimatorSelectorStatus.idl\n'}
[1.710783] (px4_msgs) StdoutLine: {'line': b'-- Up-to-date: /home/px4/ros2/ws/install/px4_msgs/share/px4_msgs/msg/EstimatorSensorBias.idl\n'}
[1.710829] (px4_msgs) StdoutLine: {'line': b'-- Up-to-date: /home/px4/ros2/ws/install/px4_msgs/share/px4_msgs/msg/EstimatorStates.idl\n'}
[1.710894] (px4_msgs) StdoutLine: {'line': b'-- Up-to-date: /home/px4/ros2/ws/install/px4_msgs/share/px4_msgs/msg/EstimatorStatus.idl\n'}
[1.710947] (px4_msgs) StdoutLine: {'line': b'-- Up-to-date: /home/px4/ros2/ws/install/px4_msgs/share/px4_msgs/msg/EstimatorStatusFlags.idl\n'}
[1.710996] (px4_msgs) StdoutLine: {'line': b'-- Up-to-date: /home/px4/ros2/ws/install/px4_msgs/share/px4_msgs/msg/Event.idl\n'}
[1.711087] (px4_msgs) StdoutLine: {'line': b'-- Up-to-date: /home/px4/ros2/ws/install/px4_msgs/share/px4_msgs/msg/FailsafeFlags.idl\n'}
[1.711170] (px4_msgs) StdoutLine: {'line': b'-- Up-to-date: /home/px4/ros2/ws/install/px4_msgs/share/px4_msgs/msg/FailureDetectorStatus.idl\n'}
[1.711231] (px4_msgs) StdoutLine: {'line': b'-- Up-to-date: /home/px4/ros2/ws/install/px4_msgs/share/px4_msgs/msg/FigureEightStatus.idl\n'}
[1.711281] (px4_msgs) StdoutLine: {'line': b'-- Up-to-date: /home/px4/ros2/ws/install/px4_msgs/share/px4_msgs/msg/FixedWingLateralGuidanceStatus.idl\n'}
[1.711327] (px4_msgs) StdoutLine: {'line': b'-- Up-to-date: /home/px4/ros2/ws/install/px4_msgs/share/px4_msgs/msg/FixedWingLateralSetpoint.idl\n'}
[1.711391] (px4_msgs) StdoutLine: {'line': b'-- Up-to-date: /home/px4/ros2/ws/install/px4_msgs/share/px4_msgs/msg/FixedWingLateralStatus.idl\n'}
[1.711440] (px4_msgs) StdoutLine: {'line': b'-- Up-to-date: /home/px4/ros2/ws/install/px4_msgs/share/px4_msgs/msg/FixedWingLongitudinalSetpoint.idl\n'}
[1.711488] (px4_msgs) StdoutLine: {'line': b'-- Up-to-date: /home/px4/ros2/ws/install/px4_msgs/share/px4_msgs/msg/FixedWingRunwayControl.idl\n'}
[1.711535] (px4_msgs) StdoutLine: {'line': b'-- Up-to-date: /home/px4/ros2/ws/install/px4_msgs/share/px4_msgs/msg/FlightPhaseEstimation.idl\n'}
[1.711590] (px4_msgs) StdoutLine: {'line': b'-- Up-to-date: /home/px4/ros2/ws/install/px4_msgs/share/px4_msgs/msg/FollowTarget.idl\n'}
[1.711639] (px4_msgs) StdoutLine: {'line': b'-- Up-to-date: /home/px4/ros2/ws/install/px4_msgs/share/px4_msgs/msg/FollowTargetEstimator.idl\n'}
[1.711685] (px4_msgs) StdoutLine: {'line': b'-- Up-to-date: /home/px4/ros2/ws/install/px4_msgs/share/px4_msgs/msg/FollowTargetStatus.idl\n'}
[1.711752] (px4_msgs) StdoutLine: {'line': b'-- Up-to-date: /home/px4/ros2/ws/install/px4_msgs/share/px4_msgs/msg/FuelTankStatus.idl\n'}
[1.711825] (px4_msgs) StdoutLine: {'line': b'-- Up-to-date: /home/px4/ros2/ws/install/px4_msgs/share/px4_msgs/msg/GeneratorStatus.idl\n'}
[1.711883] (px4_msgs) StdoutLine: {'line': b'-- Up-to-date: /home/px4/ros2/ws/install/px4_msgs/share/px4_msgs/msg/GeofenceResult.idl\n'}
[1.711938] (px4_msgs) StdoutLine: {'line': b'-- Up-to-date: /home/px4/ros2/ws/install/px4_msgs/share/px4_msgs/msg/GeofenceStatus.idl\n'}
[1.711986] (px4_msgs) StdoutLine: {'line': b'-- Up-to-date: /home/px4/ros2/ws/install/px4_msgs/share/px4_msgs/msg/GimbalControls.idl\n'}
[1.712033] (px4_msgs) StdoutLine: {'line': b'-- Up-to-date: /home/px4/ros2/ws/install/px4_msgs/share/px4_msgs/msg/GimbalDeviceAttitudeStatus.idl\n'}
[1.712080] (px4_msgs) StdoutLine: {'line': b'-- Up-to-date: /home/px4/ros2/ws/install/px4_msgs/share/px4_msgs/msg/GimbalDeviceInformation.idl\n'}
[1.712126] (px4_msgs) StdoutLine: {'line': b'-- Up-to-date: /home/px4/ros2/ws/install/px4_msgs/share/px4_msgs/msg/GimbalDeviceSetAttitude.idl\n'}
[1.712173] (px4_msgs) StdoutLine: {'line': b'-- Up-to-date: /home/px4/ros2/ws/install/px4_msgs/share/px4_msgs/msg/GimbalManagerInformation.idl\n'}
[1.712219] (px4_msgs) StdoutLine: {'line': b'-- Up-to-date: /home/px4/ros2/ws/install/px4_msgs/share/px4_msgs/msg/GimbalManagerSetAttitude.idl\n'}
[1.712282] (px4_msgs) StdoutLine: {'line': b'-- Up-to-date: /home/px4/ros2/ws/install/px4_msgs/share/px4_msgs/msg/GimbalManagerSetManualControl.idl\n'}
[1.712329] (px4_msgs) StdoutLine: {'line': b'-- Up-to-date: /home/px4/ros2/ws/install/px4_msgs/share/px4_msgs/msg/GimbalManagerStatus.idl\n'}
[1.712376] (px4_msgs) StdoutLine: {'line': b'-- Up-to-date: /home/px4/ros2/ws/install/px4_msgs/share/px4_msgs/msg/GotoSetpoint.idl\n'}
[1.712422] (px4_msgs) StdoutLine: {'line': b'-- Up-to-date: /home/px4/ros2/ws/install/px4_msgs/share/px4_msgs/msg/GpioConfig.idl\n'}
[1.712479] (px4_msgs) StdoutLine: {'line': b'-- Up-to-date: /home/px4/ros2/ws/install/px4_msgs/share/px4_msgs/msg/GpioIn.idl\n'}
[1.712529] (px4_msgs) StdoutLine: {'line': b'-- Up-to-date: /home/px4/ros2/ws/install/px4_msgs/share/px4_msgs/msg/GpioOut.idl\n'}
[1.712576] (px4_msgs) StdoutLine: {'line': b'-- Up-to-date: /home/px4/ros2/ws/install/px4_msgs/share/px4_msgs/msg/GpioRequest.idl\n'}
[1.712624] (px4_msgs) StdoutLine: {'line': b'-- Up-to-date: /home/px4/ros2/ws/install/px4_msgs/share/px4_msgs/msg/GpsDump.idl\n'}
[1.712671] (px4_msgs) StdoutLine: {'line': b'-- Up-to-date: /home/px4/ros2/ws/install/px4_msgs/share/px4_msgs/msg/GpsInjectData.idl\n'}
[1.712718] (px4_msgs) StdoutLine: {'line': b'-- Up-to-date: /home/px4/ros2/ws/install/px4_msgs/share/px4_msgs/msg/Gripper.idl\n'}
[1.712766] (px4_msgs) StdoutLine: {'line': b'-- Up-to-date: /home/px4/ros2/ws/install/px4_msgs/share/px4_msgs/msg/HealthReport.idl\n'}
[1.712813] (px4_msgs) StdoutLine: {'line': b'-- Up-to-date: /home/px4/ros2/ws/install/px4_msgs/share/px4_msgs/msg/HeaterStatus.idl\n'}
[1.712859] (px4_msgs) StdoutLine: {'line': b'-- Up-to-date: /home/px4/ros2/ws/install/px4_msgs/share/px4_msgs/msg/HomePosition.idl\n'}
[1.712921] (px4_msgs) StdoutLine: {'line': b'-- Up-to-date: /home/px4/ros2/ws/install/px4_msgs/share/px4_msgs/msg/HoverThrustEstimate.idl\n'}
[1.712988] (px4_msgs) StdoutLine: {'line': b'-- Up-to-date: /home/px4/ros2/ws/install/px4_msgs/share/px4_msgs/msg/InputRc.idl\n'}
[1.713037] (px4_msgs) StdoutLine: {'line': b'-- Up-to-date: /home/px4/ros2/ws/install/px4_msgs/share/px4_msgs/msg/InternalCombustionEngineControl.idl\n'}
[1.713085] (px4_msgs) StdoutLine: {'line': b'-- Up-to-date: /home/px4/ros2/ws/install/px4_msgs/share/px4_msgs/msg/InternalCombustionEngineStatus.idl\n'}
[1.713133] (px4_msgs) StdoutLine: {'line': b'-- Up-to-date: /home/px4/ros2/ws/install/px4_msgs/share/px4_msgs/msg/IridiumsbdStatus.idl\n'}
[1.713181] (px4_msgs) StdoutLine: {'line': b'-- Up-to-date: /home/px4/ros2/ws/install/px4_msgs/share/px4_msgs/msg/IrlockReport.idl\n'}
[1.713228] (px4_msgs) StdoutLine: {'line': b'-- Up-to-date: /home/px4/ros2/ws/install/px4_msgs/share/px4_msgs/msg/LandingGear.idl\n'}
[1.713310] (px4_msgs) StdoutLine: {'line': b'-- Up-to-date: /home/px4/ros2/ws/install/px4_msgs/share/px4_msgs/msg/LandingGearWheel.idl\n'}
[1.713364] (px4_msgs) StdoutLine: {'line': b'-- Up-to-date: /home/px4/ros2/ws/install/px4_msgs/share/px4_msgs/msg/LandingTargetInnovations.idl\n'}
[1.713412] (px4_msgs) StdoutLine: {'line': b'-- Up-to-date: /home/px4/ros2/ws/install/px4_msgs/share/px4_msgs/msg/LandingTargetPose.idl\n'}
[1.713522] (px4_msgs) StdoutLine: {'line': b'-- Up-to-date: /home/px4/ros2/ws/install/px4_msgs/share/px4_msgs/msg/LateralControlConfiguration.idl\n'}
[1.713577] (px4_msgs) StdoutLine: {'line': b'-- Up-to-date: /home/px4/ros2/ws/install/px4_msgs/share/px4_msgs/msg/LaunchDetectionStatus.idl\n'}
[1.713640] (px4_msgs) StdoutLine: {'line': b'-- Up-to-date: /home/px4/ros2/ws/install/px4_msgs/share/px4_msgs/msg/LedControl.idl\n'}
[1.713690] (px4_msgs) StdoutLine: {'line': b'-- Up-to-date: /home/px4/ros2/ws/install/px4_msgs/share/px4_msgs/msg/LogMessage.idl\n'}
[1.713738] (px4_msgs) StdoutLine: {'line': b'-- Up-to-date: /home/px4/ros2/ws/install/px4_msgs/share/px4_msgs/msg/LoggerStatus.idl\n'}
[1.713786] (px4_msgs) StdoutLine: {'line': b'-- Up-to-date: /home/px4/ros2/ws/install/px4_msgs/share/px4_msgs/msg/LongitudinalControlConfiguration.idl\n'}
[1.713854] (px4_msgs) StdoutLine: {'line': b'-- Up-to-date: /home/px4/ros2/ws/install/px4_msgs/share/px4_msgs/msg/MagWorkerData.idl\n'}
[1.713923] (px4_msgs) StdoutLine: {'line': b'-- Up-to-date: /home/px4/ros2/ws/install/px4_msgs/share/px4_msgs/msg/MagnetometerBiasEstimate.idl\n'}
[1.713974] (px4_msgs) StdoutLine: {'line': b'-- Up-to-date: /home/px4/ros2/ws/install/px4_msgs/share/px4_msgs/msg/ManualControlSetpoint.idl\n'}
[1.714022] (px4_msgs) StdoutLine: {'line': b'-- Up-to-date: /home/px4/ros2/ws/install/px4_msgs/share/px4_msgs/msg/ManualControlSwitches.idl\n'}
[1.714069] (px4_msgs) StdoutLine: {'line': b'-- Up-to-date: /home/px4/ros2/ws/install/px4_msgs/share/px4_msgs/msg/MavlinkLog.idl\n'}
[1.714116] (px4_msgs) StdoutLine: {'line': b'-- Up-to-date: /home/px4/ros2/ws/install/px4_msgs/share/px4_msgs/msg/MavlinkTunnel.idl\n'}
[1.714163] (px4_msgs) StdoutLine: {'line': b'-- Up-to-date: /home/px4/ros2/ws/install/px4_msgs/share/px4_msgs/msg/MessageFormatRequest.idl\n'}
[1.714210] (px4_msgs) StdoutLine: {'line': b'-- Up-to-date: /home/px4/ros2/ws/install/px4_msgs/share/px4_msgs/msg/MessageFormatResponse.idl\n'}
[1.714256] (px4_msgs) StdoutLine: {'line': b'-- Up-to-date: /home/px4/ros2/ws/install/px4_msgs/share/px4_msgs/msg/Mission.idl\n'}
[1.714303] (px4_msgs) StdoutLine: {'line': b'-- Up-to-date: /home/px4/ros2/ws/install/px4_msgs/share/px4_msgs/msg/MissionResult.idl\n'}
[1.714371] (px4_msgs) StdoutLine: {'line': b'-- Up-to-date: /home/px4/ros2/ws/install/px4_msgs/share/px4_msgs/msg/ModeCompleted.idl\n'}
[1.714421] (px4_msgs) StdoutLine: {'line': b'-- Up-to-date: /home/px4/ros2/ws/install/px4_msgs/share/px4_msgs/msg/MountOrientation.idl\n'}
[1.714468] (px4_msgs) StdoutLine: {'line': b'-- Up-to-date: /home/px4/ros2/ws/install/px4_msgs/share/px4_msgs/msg/NavigatorMissionItem.idl\n'}
[1.714515] (px4_msgs) StdoutLine: {'line': b'-- Up-to-date: /home/px4/ros2/ws/install/px4_msgs/share/px4_msgs/msg/NavigatorStatus.idl\n'}
[1.714578] (px4_msgs) StdoutLine: {'line': b'-- Up-to-date: /home/px4/ros2/ws/install/px4_msgs/share/px4_msgs/msg/NeuralControl.idl\n'}
[1.714627] (px4_msgs) StdoutLine: {'line': b'-- Up-to-date: /home/px4/ros2/ws/install/px4_msgs/share/px4_msgs/msg/NormalizedUnsignedSetpoint.idl\n'}
[1.714674] (px4_msgs) StdoutLine: {'line': b'-- Up-to-date: /home/px4/ros2/ws/install/px4_msgs/share/px4_msgs/msg/ObstacleDistance.idl\n'}
[1.714721] (px4_msgs) StdoutLine: {'line': b'-- Up-to-date: /home/px4/ros2/ws/install/px4_msgs/share/px4_msgs/msg/OffboardControlMode.idl\n'}
[1.714769] (px4_msgs) StdoutLine: {'line': b'-- Up-to-date: /home/px4/ros2/ws/install/px4_msgs/share/px4_msgs/msg/OnboardComputerStatus.idl\n'}
[1.714833] (px4_msgs) StdoutLine: {'line': b'-- Up-to-date: /home/px4/ros2/ws/install/px4_msgs/share/px4_msgs/msg/OpenDroneIdArmStatus.idl\n'}
[1.714907] (px4_msgs) StdoutLine: {'line': b'-- Up-to-date: /home/px4/ros2/ws/install/px4_msgs/share/px4_msgs/msg/OpenDroneIdOperatorId.idl\n'}
[1.714958] (px4_msgs) StdoutLine: {'line': b'-- Up-to-date: /home/px4/ros2/ws/install/px4_msgs/share/px4_msgs/msg/OpenDroneIdSelfId.idl\n'}
[1.715004] (px4_msgs) StdoutLine: {'line': b'-- Up-to-date: /home/px4/ros2/ws/install/px4_msgs/share/px4_msgs/msg/OpenDroneIdSystem.idl\n'}
[1.715050] (px4_msgs) StdoutLine: {'line': b'-- Up-to-date: /home/px4/ros2/ws/install/px4_msgs/share/px4_msgs/msg/OrbTest.idl\n'}
[1.715094] (px4_msgs) StdoutLine: {'line': b'-- Up-to-date: /home/px4/ros2/ws/install/px4_msgs/share/px4_msgs/msg/OrbTestLarge.idl\n'}
[1.715140] (px4_msgs) StdoutLine: {'line': b'-- Up-to-date: /home/px4/ros2/ws/install/px4_msgs/share/px4_msgs/msg/OrbTestMedium.idl\n'}
[1.715186] (px4_msgs) StdoutLine: {'line': b'-- Up-to-date: /home/px4/ros2/ws/install/px4_msgs/share/px4_msgs/msg/OrbitStatus.idl\n'}
[1.715232] (px4_msgs) StdoutLine: {'line': b'-- Up-to-date: /home/px4/ros2/ws/install/px4_msgs/share/px4_msgs/msg/ParameterResetRequest.idl\n'}
[1.715278] (px4_msgs) StdoutLine: {'line': b'-- Up-to-date: /home/px4/ros2/ws/install/px4_msgs/share/px4_msgs/msg/ParameterSetUsedRequest.idl\n'}
[1.715351] (px4_msgs) StdoutLine: {'line': b'-- Up-to-date: /home/px4/ros2/ws/install/px4_msgs/share/px4_msgs/msg/ParameterSetValueRequest.idl\n'}
[1.715401] (px4_msgs) StdoutLine: {'line': b'-- Up-to-date: /home/px4/ros2/ws/install/px4_msgs/share/px4_msgs/msg/ParameterSetValueResponse.idl\n'}
[1.715450] (px4_msgs) StdoutLine: {'line': b'-- Up-to-date: /home/px4/ros2/ws/install/px4_msgs/share/px4_msgs/msg/ParameterUpdate.idl\n'}
[1.715496] (px4_msgs) StdoutLine: {'line': b'-- Up-to-date: /home/px4/ros2/ws/install/px4_msgs/share/px4_msgs/msg/Ping.idl\n'}
[1.715558] (px4_msgs) StdoutLine: {'line': b'-- Up-to-date: /home/px4/ros2/ws/install/px4_msgs/share/px4_msgs/msg/PositionControllerLandingStatus.idl\n'}
[1.715606] (px4_msgs) StdoutLine: {'line': b'-- Up-to-date: /home/px4/ros2/ws/install/px4_msgs/share/px4_msgs/msg/PositionControllerStatus.idl\n'}
[1.715653] (px4_msgs) StdoutLine: {'line': b'-- Up-to-date: /home/px4/ros2/ws/install/px4_msgs/share/px4_msgs/msg/PositionSetpoint.idl\n'}
[1.715701] (px4_msgs) StdoutLine: {'line': b'-- Up-to-date: /home/px4/ros2/ws/install/px4_msgs/share/px4_msgs/msg/PositionSetpointTriplet.idl\n'}
[1.715749] (px4_msgs) StdoutLine: {'line': b'-- Up-to-date: /home/px4/ros2/ws/install/px4_msgs/share/px4_msgs/msg/PowerButtonState.idl\n'}
[1.715809] (px4_msgs) StdoutLine: {'line': b'-- Up-to-date: /home/px4/ros2/ws/install/px4_msgs/share/px4_msgs/msg/PowerMonitor.idl\n'}
[1.715879] (px4_msgs) StdoutLine: {'line': b'-- Up-to-date: /home/px4/ros2/ws/install/px4_msgs/share/px4_msgs/msg/PpsCapture.idl\n'}
[1.715942] (px4_msgs) StdoutLine: {'line': b'-- Up-to-date: /home/px4/ros2/ws/install/px4_msgs/share/px4_msgs/msg/PurePursuitStatus.idl\n'}
[1.715990] (px4_msgs) StdoutLine: {'line': b'-- Up-to-date: /home/px4/ros2/ws/install/px4_msgs/share/px4_msgs/msg/PwmInput.idl\n'}
[1.716038] (px4_msgs) StdoutLine: {'line': b'-- Up-to-date: /home/px4/ros2/ws/install/px4_msgs/share/px4_msgs/msg/Px4ioStatus.idl\n'}
[1.716084] (px4_msgs) StdoutLine: {'line': b'-- Up-to-date: /home/px4/ros2/ws/install/px4_msgs/share/px4_msgs/msg/QshellReq.idl\n'}
[1.716131] (px4_msgs) StdoutLine: {'line': b'-- Up-to-date: /home/px4/ros2/ws/install/px4_msgs/share/px4_msgs/msg/QshellRetval.idl\n'}
[1.716177] (px4_msgs) StdoutLine: {'line': b'-- Up-to-date: /home/px4/ros2/ws/install/px4_msgs/share/px4_msgs/msg/RadioStatus.idl\n'}
[1.716225] (px4_msgs) StdoutLine: {'line': b'-- Up-to-date: /home/px4/ros2/ws/install/px4_msgs/share/px4_msgs/msg/RateCtrlStatus.idl\n'}
[1.716287] (px4_msgs) StdoutLine: {'line': b'-- Up-to-date: /home/px4/ros2/ws/install/px4_msgs/share/px4_msgs/msg/RcChannels.idl\n'}
[1.716336] (px4_msgs) StdoutLine: {'line': b'-- Up-to-date: /home/px4/ros2/ws/install/px4_msgs/share/px4_msgs/msg/RcParameterMap.idl\n'}
[1.716391] (px4_msgs) StdoutLine: {'line': b'-- Up-to-date: /home/px4/ros2/ws/install/px4_msgs/share/px4_msgs/msg/RegisterExtComponentReply.idl\n'}
[1.716452] (px4_msgs) StdoutLine: {'line': b'-- Up-to-date: /home/px4/ros2/ws/install/px4_msgs/share/px4_msgs/msg/RegisterExtComponentRequest.idl\n'}
[1.716501] (px4_msgs) StdoutLine: {'line': b'-- Up-to-date: /home/px4/ros2/ws/install/px4_msgs/share/px4_msgs/msg/RoverAttitudeSetpoint.idl\n'}
[1.716548] (px4_msgs) StdoutLine: {'line': b'-- Up-to-date: /home/px4/ros2/ws/install/px4_msgs/share/px4_msgs/msg/RoverAttitudeStatus.idl\n'}
[1.716596] (px4_msgs) StdoutLine: {'line': b'-- Up-to-date: /home/px4/ros2/ws/install/px4_msgs/share/px4_msgs/msg/RoverPositionSetpoint.idl\n'}
[1.716643] (px4_msgs) StdoutLine: {'line': b'-- Up-to-date: /home/px4/ros2/ws/install/px4_msgs/share/px4_msgs/msg/RoverRateSetpoint.idl\n'}
[1.716704] (px4_msgs) StdoutLine: {'line': b'-- Up-to-date: /home/px4/ros2/ws/install/px4_msgs/share/px4_msgs/msg/RoverRateStatus.idl\n'}
[1.716754] (px4_msgs) StdoutLine: {'line': b'-- Up-to-date: /home/px4/ros2/ws/install/px4_msgs/share/px4_msgs/msg/RoverSteeringSetpoint.idl\n'}
[1.716801] (px4_msgs) StdoutLine: {'line': b'-- Up-to-date: /home/px4/ros2/ws/install/px4_msgs/share/px4_msgs/msg/RoverThrottleSetpoint.idl\n'}
[1.716848] (px4_msgs) StdoutLine: {'line': b'-- Up-to-date: /home/px4/ros2/ws/install/px4_msgs/share/px4_msgs/msg/RoverVelocitySetpoint.idl\n'}
[1.716910] (px4_msgs) StdoutLine: {'line': b'-- Up-to-date: /home/px4/ros2/ws/install/px4_msgs/share/px4_msgs/msg/RoverVelocityStatus.idl\n'}
[1.716961] (px4_msgs) StdoutLine: {'line': b'-- Up-to-date: /home/px4/ros2/ws/install/px4_msgs/share/px4_msgs/msg/Rpm.idl\n'}
[1.717008] (px4_msgs) StdoutLine: {'line': b'-- Up-to-date: /home/px4/ros2/ws/install/px4_msgs/share/px4_msgs/msg/RtlStatus.idl\n'}
[1.717056] (px4_msgs) StdoutLine: {'line': b'-- Up-to-date: /home/px4/ros2/ws/install/px4_msgs/share/px4_msgs/msg/RtlTimeEstimate.idl\n'}
[1.717104] (px4_msgs) StdoutLine: {'line': b'-- Up-to-date: /home/px4/ros2/ws/install/px4_msgs/share/px4_msgs/msg/SatelliteInfo.idl\n'}
[1.717152] (px4_msgs) StdoutLine: {'line': b'-- Up-to-date: /home/px4/ros2/ws/install/px4_msgs/share/px4_msgs/msg/SensorAccel.idl\n'}
[1.717215] (px4_msgs) StdoutLine: {'line': b'-- Up-to-date: /home/px4/ros2/ws/install/px4_msgs/share/px4_msgs/msg/SensorAccelFifo.idl\n'}
[1.717264] (px4_msgs) StdoutLine: {'line': b'-- Up-to-date: /home/px4/ros2/ws/install/px4_msgs/share/px4_msgs/msg/SensorAirflow.idl\n'}
[1.717312] (px4_msgs) StdoutLine: {'line': b'-- Up-to-date: /home/px4/ros2/ws/install/px4_msgs/share/px4_msgs/msg/SensorBaro.idl\n'}
[1.717371] (px4_msgs) StdoutLine: {'line': b'-- Up-to-date: /home/px4/ros2/ws/install/px4_msgs/share/px4_msgs/msg/SensorCombined.idl\n'}
[1.717421] (px4_msgs) StdoutLine: {'line': b'-- Up-to-date: /home/px4/ros2/ws/install/px4_msgs/share/px4_msgs/msg/SensorCorrection.idl\n'}
[1.717469] (px4_msgs) StdoutLine: {'line': b'-- Up-to-date: /home/px4/ros2/ws/install/px4_msgs/share/px4_msgs/msg/SensorGnssRelative.idl\n'}
[1.717516] (px4_msgs) StdoutLine: {'line': b'-- Up-to-date: /home/px4/ros2/ws/install/px4_msgs/share/px4_msgs/msg/SensorGps.idl\n'}
[1.717579] (px4_msgs) StdoutLine: {'line': b'-- Up-to-date: /home/px4/ros2/ws/install/px4_msgs/share/px4_msgs/msg/SensorGyro.idl\n'}
[1.717627] (px4_msgs) StdoutLine: {'line': b'-- Up-to-date: /home/px4/ros2/ws/install/px4_msgs/share/px4_msgs/msg/SensorGyroFft.idl\n'}
[1.717675] (px4_msgs) StdoutLine: {'line': b'-- Up-to-date: /home/px4/ros2/ws/install/px4_msgs/share/px4_msgs/msg/SensorGyroFifo.idl\n'}
[1.717723] (px4_msgs) StdoutLine: {'line': b'-- Up-to-date: /home/px4/ros2/ws/install/px4_msgs/share/px4_msgs/msg/SensorHygrometer.idl\n'}
[1.717770] (px4_msgs) StdoutLine: {'line': b'-- Up-to-date: /home/px4/ros2/ws/install/px4_msgs/share/px4_msgs/msg/SensorMag.idl\n'}
[1.717818] (px4_msgs) StdoutLine: {'line': b'-- Up-to-date: /home/px4/ros2/ws/install/px4_msgs/share/px4_msgs/msg/SensorOpticalFlow.idl\n'}
[1.717875] (px4_msgs) StdoutLine: {'line': b'-- Up-to-date: /home/px4/ros2/ws/install/px4_msgs/share/px4_msgs/msg/SensorPreflightMag.idl\n'}
[1.717956] (px4_msgs) StdoutLine: {'line': b'-- Up-to-date: /home/px4/ros2/ws/install/px4_msgs/share/px4_msgs/msg/SensorSelection.idl\n'}
[1.718005] (px4_msgs) StdoutLine: {'line': b'-- Up-to-date: /home/px4/ros2/ws/install/px4_msgs/share/px4_msgs/msg/SensorUwb.idl\n'}
[1.718071] (px4_msgs) StdoutLine: {'line': b'-- Up-to-date: /home/px4/ros2/ws/install/px4_msgs/share/px4_msgs/msg/SensorsStatus.idl\n'}
[1.718126] (px4_msgs) StdoutLine: {'line': b'-- Up-to-date: /home/px4/ros2/ws/install/px4_msgs/share/px4_msgs/msg/SensorsStatusImu.idl\n'}
[1.718174] (px4_msgs) StdoutLine: {'line': b'-- Up-to-date: /home/px4/ros2/ws/install/px4_msgs/share/px4_msgs/msg/SystemPower.idl\n'}
[1.718236] (px4_msgs) StdoutLine: {'line': b'-- Up-to-date: /home/px4/ros2/ws/install/px4_msgs/share/px4_msgs/msg/TakeoffStatus.idl\n'}
[1.718313] (px4_msgs) StdoutLine: {'line': b'-- Up-to-date: /home/px4/ros2/ws/install/px4_msgs/share/px4_msgs/msg/TaskStackInfo.idl\n'}
[1.718384] (px4_msgs) StdoutLine: {'line': b'-- Up-to-date: /home/px4/ros2/ws/install/px4_msgs/share/px4_msgs/msg/TecsStatus.idl\n'}
[1.718434] (px4_msgs) StdoutLine: {'line': b'-- Up-to-date: /home/px4/ros2/ws/install/px4_msgs/share/px4_msgs/msg/TelemetryStatus.idl\n'}
[1.718480] (px4_msgs) StdoutLine: {'line': b'-- Up-to-date: /home/px4/ros2/ws/install/px4_msgs/share/px4_msgs/msg/TiltrotorExtraControls.idl\n'}
[1.718526] (px4_msgs) StdoutLine: {'line': b'-- Up-to-date: /home/px4/ros2/ws/install/px4_msgs/share/px4_msgs/msg/TimesyncStatus.idl\n'}
[1.718574] (px4_msgs) StdoutLine: {'line': b'-- Up-to-date: /home/px4/ros2/ws/install/px4_msgs/share/px4_msgs/msg/TrajectorySetpoint.idl\n'}
[1.718621] (px4_msgs) StdoutLine: {'line': b'-- Up-to-date: /home/px4/ros2/ws/install/px4_msgs/share/px4_msgs/msg/TrajectorySetpoint6dof.idl\n'}
[1.718677] (px4_msgs) StdoutLine: {'line': b'-- Up-to-date: /home/px4/ros2/ws/install/px4_msgs/share/px4_msgs/msg/TransponderReport.idl\n'}
[1.718746] (px4_msgs) StdoutLine: {'line': b'-- Up-to-date: /home/px4/ros2/ws/install/px4_msgs/share/px4_msgs/msg/TuneControl.idl\n'}
[1.718795] (px4_msgs) StdoutLine: {'line': b'-- Up-to-date: /home/px4/ros2/ws/install/px4_msgs/share/px4_msgs/msg/UavcanParameterRequest.idl\n'}
[1.718843] (px4_msgs) StdoutLine: {'line': b'-- Up-to-date: /home/px4/ros2/ws/install/px4_msgs/share/px4_msgs/msg/UavcanParameterValue.idl\n'}
[1.718905] (px4_msgs) StdoutLine: {'line': b'-- Up-to-date: /home/px4/ros2/ws/install/px4_msgs/share/px4_msgs/msg/UlogStream.idl\n'}
[1.718957] (px4_msgs) StdoutLine: {'line': b'-- Up-to-date: /home/px4/ros2/ws/install/px4_msgs/share/px4_msgs/msg/UlogStreamAck.idl\n'}
[1.719004] (px4_msgs) StdoutLine: {'line': b'-- Up-to-date: /home/px4/ros2/ws/install/px4_msgs/share/px4_msgs/msg/UnregisterExtComponent.idl\n'}
[1.719051] (px4_msgs) StdoutLine: {'line': b'-- Up-to-date: /home/px4/ros2/ws/install/px4_msgs/share/px4_msgs/msg/VehicleAcceleration.idl\n'}
[1.719098] (px4_msgs) StdoutLine: {'line': b'-- Up-to-date: /home/px4/ros2/ws/install/px4_msgs/share/px4_msgs/msg/VehicleAirData.idl\n'}
[1.719157] (px4_msgs) StdoutLine: {'line': b'-- Up-to-date: /home/px4/ros2/ws/install/px4_msgs/share/px4_msgs/msg/VehicleAngularAccelerationSetpoint.idl\n'}
[1.719207] (px4_msgs) StdoutLine: {'line': b'-- Up-to-date: /home/px4/ros2/ws/install/px4_msgs/share/px4_msgs/msg/VehicleAngularVelocity.idl\n'}
[1.719255] (px4_msgs) StdoutLine: {'line': b'-- Up-to-date: /home/px4/ros2/ws/install/px4_msgs/share/px4_msgs/msg/VehicleAttitude.idl\n'}
[1.719313] (px4_msgs) StdoutLine: {'line': b'-- Up-to-date: /home/px4/ros2/ws/install/px4_msgs/share/px4_msgs/msg/VehicleAttitudeSetpoint.idl\n'}
[1.719374] (px4_msgs) StdoutLine: {'line': b'-- Up-to-date: /home/px4/ros2/ws/install/px4_msgs/share/px4_msgs/msg/VehicleCommand.idl\n'}
[1.719423] (px4_msgs) StdoutLine: {'line': b'-- Up-to-date: /home/px4/ros2/ws/install/px4_msgs/share/px4_msgs/msg/VehicleCommandAck.idl\n'}
[1.719472] (px4_msgs) StdoutLine: {'line': b'-- Up-to-date: /home/px4/ros2/ws/install/px4_msgs/share/px4_msgs/msg/VehicleConstraints.idl\n'}
[1.719541] (px4_msgs) StdoutLine: {'line': b'-- Up-to-date: /home/px4/ros2/ws/install/px4_msgs/share/px4_msgs/msg/VehicleControlMode.idl\n'}
[1.719602] (px4_msgs) StdoutLine: {'line': b'-- Up-to-date: /home/px4/ros2/ws/install/px4_msgs/share/px4_msgs/msg/VehicleGlobalPosition.idl\n'}
[1.719650] (px4_msgs) StdoutLine: {'line': b'-- Up-to-date: /home/px4/ros2/ws/install/px4_msgs/share/px4_msgs/msg/VehicleImu.idl\n'}
[1.719696] (px4_msgs) StdoutLine: {'line': b'-- Up-to-date: /home/px4/ros2/ws/install/px4_msgs/share/px4_msgs/msg/VehicleImuStatus.idl\n'}
[1.719742] (px4_msgs) StdoutLine: {'line': b'-- Up-to-date: /home/px4/ros2/ws/install/px4_msgs/share/px4_msgs/msg/VehicleLandDetected.idl\n'}
[1.719788] (px4_msgs) StdoutLine: {'line': b'-- Up-to-date: /home/px4/ros2/ws/install/px4_msgs/share/px4_msgs/msg/VehicleLocalPosition.idl\n'}
[1.719835] (px4_msgs) StdoutLine: {'line': b'-- Up-to-date: /home/px4/ros2/ws/install/px4_msgs/share/px4_msgs/msg/VehicleLocalPositionSetpoint.idl\n'}
[1.719912] (px4_msgs) StdoutLine: {'line': b'-- Up-to-date: /home/px4/ros2/ws/install/px4_msgs/share/px4_msgs/msg/VehicleMagnetometer.idl\n'}
[1.719966] (px4_msgs) StdoutLine: {'line': b'-- Up-to-date: /home/px4/ros2/ws/install/px4_msgs/share/px4_msgs/msg/VehicleOdometry.idl\n'}
[1.720029] (px4_msgs) StdoutLine: {'line': b'-- Up-to-date: /home/px4/ros2/ws/install/px4_msgs/share/px4_msgs/msg/VehicleOpticalFlow.idl\n'}
[1.720081] (px4_msgs) StdoutLine: {'line': b'-- Up-to-date: /home/px4/ros2/ws/install/px4_msgs/share/px4_msgs/msg/VehicleOpticalFlowVel.idl\n'}
[1.720129] (px4_msgs) StdoutLine: {'line': b'-- Up-to-date: /home/px4/ros2/ws/install/px4_msgs/share/px4_msgs/msg/VehicleRatesSetpoint.idl\n'}
[1.720179] (px4_msgs) StdoutLine: {'line': b'-- Up-to-date: /home/px4/ros2/ws/install/px4_msgs/share/px4_msgs/msg/VehicleRoi.idl\n'}
[1.720242] (px4_msgs) StdoutLine: {'line': b'-- Up-to-date: /home/px4/ros2/ws/install/px4_msgs/share/px4_msgs/msg/VehicleStatus.idl\n'}
[1.720290] (px4_msgs) StdoutLine: {'line': b'-- Up-to-date: /home/px4/ros2/ws/install/px4_msgs/share/px4_msgs/msg/VehicleThrustSetpoint.idl\n'}
[1.720345] (px4_msgs) StdoutLine: {'line': b'-- Up-to-date: /home/px4/ros2/ws/install/px4_msgs/share/px4_msgs/msg/VehicleTorqueSetpoint.idl\n'}
[1.720405] (px4_msgs) StdoutLine: {'line': b'-- Up-to-date: /home/px4/ros2/ws/install/px4_msgs/share/px4_msgs/msg/VelocityLimits.idl\n'}
[1.720453] (px4_msgs) StdoutLine: {'line': b'-- Up-to-date: /home/px4/ros2/ws/install/px4_msgs/share/px4_msgs/msg/VtolVehicleStatus.idl\n'}
[1.720501] (px4_msgs) StdoutLine: {'line': b'-- Up-to-date: /home/px4/ros2/ws/install/px4_msgs/share/px4_msgs/msg/WheelEncoders.idl\n'}
[1.720548] (px4_msgs) StdoutLine: {'line': b'-- Up-to-date: /home/px4/ros2/ws/install/px4_msgs/share/px4_msgs/msg/Wind.idl\n'}
[1.720595] (px4_msgs) StdoutLine: {'line': b'-- Up-to-date: /home/px4/ros2/ws/install/px4_msgs/share/px4_msgs/msg/YawEstimatorStatus.idl\n'}
[1.720641] (px4_msgs) StdoutLine: {'line': b'-- Up-to-date: /home/px4/ros2/ws/install/px4_msgs/share/px4_msgs/srv/VehicleCommand.idl\n'}
[1.720698] (px4_msgs) StdoutLine: {'line': b'-- Up-to-date: /home/px4/ros2/ws/install/px4_msgs/share/px4_msgs/msg/ActionRequest.msg\n'}
[1.720746] (px4_msgs) StdoutLine: {'line': b'-- Up-to-date: /home/px4/ros2/ws/install/px4_msgs/share/px4_msgs/msg/ActuatorArmed.msg\n'}
[1.720792] (px4_msgs) StdoutLine: {'line': b'-- Up-to-date: /home/px4/ros2/ws/install/px4_msgs/share/px4_msgs/msg/ActuatorControlsStatus.msg\n'}
[1.720837] (px4_msgs) StdoutLine: {'line': b'-- Up-to-date: /home/px4/ros2/ws/install/px4_msgs/share/px4_msgs/msg/ActuatorMotors.msg\n'}
[1.720907] (px4_msgs) StdoutLine: {'line': b'-- Up-to-date: /home/px4/ros2/ws/install/px4_msgs/share/px4_msgs/msg/ActuatorOutputs.msg\n'}
[1.720972] (px4_msgs) StdoutLine: {'line': b'-- Up-to-date: /home/px4/ros2/ws/install/px4_msgs/share/px4_msgs/msg/ActuatorServos.msg\n'}
[1.721031] (px4_msgs) StdoutLine: {'line': b'-- Up-to-date: /home/px4/ros2/ws/install/px4_msgs/share/px4_msgs/msg/ActuatorServosTrim.msg\n'}
[1.721095] (px4_msgs) StdoutLine: {'line': b'-- Up-to-date: /home/px4/ros2/ws/install/px4_msgs/share/px4_msgs/msg/ActuatorTest.msg\n'}
[1.721152] (px4_msgs) StdoutLine: {'line': b'-- Up-to-date: /home/px4/ros2/ws/install/px4_msgs/share/px4_msgs/msg/AdcReport.msg\n'}
[1.721200] (px4_msgs) StdoutLine: {'line': b'-- Up-to-date: /home/px4/ros2/ws/install/px4_msgs/share/px4_msgs/msg/Airspeed.msg\n'}
[1.721248] (px4_msgs) StdoutLine: {'line': b'-- Up-to-date: /home/px4/ros2/ws/install/px4_msgs/share/px4_msgs/msg/AirspeedValidated.msg\n'}
[1.721294] (px4_msgs) StdoutLine: {'line': b'-- Up-to-date: /home/px4/ros2/ws/install/px4_msgs/share/px4_msgs/msg/AirspeedWind.msg\n'}
[1.721341] (px4_msgs) StdoutLine: {'line': b'-- Up-to-date: /home/px4/ros2/ws/install/px4_msgs/share/px4_msgs/msg/ArmingCheckReply.msg\n'}
[1.721389] (px4_msgs) StdoutLine: {'line': b'-- Up-to-date: /home/px4/ros2/ws/install/px4_msgs/share/px4_msgs/msg/ArmingCheckRequest.msg\n'}
[1.721435] (px4_msgs) StdoutLine: {'line': b'-- Up-to-date: /home/px4/ros2/ws/install/px4_msgs/share/px4_msgs/msg/AutotuneAttitudeControlStatus.msg\n'}
[1.721496] (px4_msgs) StdoutLine: {'line': b'-- Up-to-date: /home/px4/ros2/ws/install/px4_msgs/share/px4_msgs/msg/BatteryInfo.msg\n'}
[1.721560] (px4_msgs) StdoutLine: {'line': b'-- Up-to-date: /home/px4/ros2/ws/install/px4_msgs/share/px4_msgs/msg/BatteryStatus.msg\n'}
[1.721608] (px4_msgs) StdoutLine: {'line': b'-- Up-to-date: /home/px4/ros2/ws/install/px4_msgs/share/px4_msgs/msg/ButtonEvent.msg\n'}
[1.721655] (px4_msgs) StdoutLine: {'line': b'-- Up-to-date: /home/px4/ros2/ws/install/px4_msgs/share/px4_msgs/msg/CameraCapture.msg\n'}
[1.721702] (px4_msgs) StdoutLine: {'line': b'-- Up-to-date: /home/px4/ros2/ws/install/px4_msgs/share/px4_msgs/msg/CameraStatus.msg\n'}
[1.721748] (px4_msgs) StdoutLine: {'line': b'-- Up-to-date: /home/px4/ros2/ws/install/px4_msgs/share/px4_msgs/msg/CameraTrigger.msg\n'}
[1.721794] (px4_msgs) StdoutLine: {'line': b'-- Up-to-date: /home/px4/ros2/ws/install/px4_msgs/share/px4_msgs/msg/CanInterfaceStatus.msg\n'}
[1.721841] (px4_msgs) StdoutLine: {'line': b'-- Up-to-date: /home/px4/ros2/ws/install/px4_msgs/share/px4_msgs/msg/CellularStatus.msg\n'}
[1.721902] (px4_msgs) StdoutLine: {'line': b'-- Up-to-date: /home/px4/ros2/ws/install/px4_msgs/share/px4_msgs/msg/CollisionConstraints.msg\n'}
[1.721970] (px4_msgs) StdoutLine: {'line': b'-- Up-to-date: /home/px4/ros2/ws/install/px4_msgs/share/px4_msgs/msg/ConfigOverrides.msg\n'}
[1.722019] (px4_msgs) StdoutLine: {'line': b'-- Up-to-date: /home/px4/ros2/ws/install/px4_msgs/share/px4_msgs/msg/ControlAllocatorStatus.msg\n'}
[1.722066] (px4_msgs) StdoutLine: {'line': b'-- Up-to-date: /home/px4/ros2/ws/install/px4_msgs/share/px4_msgs/msg/Cpuload.msg\n'}
[1.722127] (px4_msgs) StdoutLine: {'line': b'-- Up-to-date: /home/px4/ros2/ws/install/px4_msgs/share/px4_msgs/msg/DatamanRequest.msg\n'}
[1.722175] (px4_msgs) StdoutLine: {'line': b'-- Up-to-date: /home/px4/ros2/ws/install/px4_msgs/share/px4_msgs/msg/DatamanResponse.msg\n'}
[1.722222] (px4_msgs) StdoutLine: {'line': b'-- Up-to-date: /home/px4/ros2/ws/install/px4_msgs/share/px4_msgs/msg/DebugArray.msg\n'}
[1.722269] (px4_msgs) StdoutLine: {'line': b'-- Up-to-date: /home/px4/ros2/ws/install/px4_msgs/share/px4_msgs/msg/DebugKeyValue.msg\n'}
[1.722317] (px4_msgs) StdoutLine: {'line': b'-- Up-to-date: /home/px4/ros2/ws/install/px4_msgs/share/px4_msgs/msg/DebugValue.msg\n'}
[1.722378] (px4_msgs) StdoutLine: {'line': b'-- Up-to-date: /home/px4/ros2/ws/install/px4_msgs/share/px4_msgs/msg/DebugVect.msg\n'}
[1.722426] (px4_msgs) StdoutLine: {'line': b'-- Up-to-date: /home/px4/ros2/ws/install/px4_msgs/share/px4_msgs/msg/DifferentialPressure.msg\n'}
[1.722473] (px4_msgs) StdoutLine: {'line': b'-- Up-to-date: /home/px4/ros2/ws/install/px4_msgs/share/px4_msgs/msg/DistanceSensor.msg\n'}
[1.722526] (px4_msgs) StdoutLine: {'line': b'-- Up-to-date: /home/px4/ros2/ws/install/px4_msgs/share/px4_msgs/msg/DistanceSensorModeChangeRequest.msg\n'}
[1.722574] (px4_msgs) StdoutLine: {'line': b'-- Up-to-date: /home/px4/ros2/ws/install/px4_msgs/share/px4_msgs/msg/DronecanNodeStatus.msg\n'}
[1.722631] (px4_msgs) StdoutLine: {'line': b'-- Up-to-date: /home/px4/ros2/ws/install/px4_msgs/share/px4_msgs/msg/Ekf2Timestamps.msg\n'}
[1.722679] (px4_msgs) StdoutLine: {'line': b'-- Up-to-date: /home/px4/ros2/ws/install/px4_msgs/share/px4_msgs/msg/EscReport.msg\n'}
[1.722726] (px4_msgs) StdoutLine: {'line': b'-- Up-to-date: /home/px4/ros2/ws/install/px4_msgs/share/px4_msgs/msg/EscStatus.msg\n'}
[1.722773] (px4_msgs) StdoutLine: {'line': b'-- Up-to-date: /home/px4/ros2/ws/install/px4_msgs/share/px4_msgs/msg/EstimatorAidSource1d.msg\n'}
[1.722819] (px4_msgs) StdoutLine: {'line': b'-- Up-to-date: /home/px4/ros2/ws/install/px4_msgs/share/px4_msgs/msg/EstimatorAidSource2d.msg\n'}
[1.722877] (px4_msgs) StdoutLine: {'line': b'-- Up-to-date: /home/px4/ros2/ws/install/px4_msgs/share/px4_msgs/msg/EstimatorAidSource3d.msg\n'}
[1.722932] (px4_msgs) StdoutLine: {'line': b'-- Up-to-date: /home/px4/ros2/ws/install/px4_msgs/share/px4_msgs/msg/EstimatorBias.msg\n'}
[1.723001] (px4_msgs) StdoutLine: {'line': b'-- Up-to-date: /home/px4/ros2/ws/install/px4_msgs/share/px4_msgs/msg/EstimatorBias3d.msg\n'}
[1.723052] (px4_msgs) StdoutLine: {'line': b'-- Up-to-date: /home/px4/ros2/ws/install/px4_msgs/share/px4_msgs/msg/EstimatorEventFlags.msg\n'}
[1.723124] (px4_msgs) StdoutLine: {'line': b'-- Up-to-date: /home/px4/ros2/ws/install/px4_msgs/share/px4_msgs/msg/EstimatorGpsStatus.msg\n'}
[1.723172] (px4_msgs) StdoutLine: {'line': b'-- Up-to-date: /home/px4/ros2/ws/install/px4_msgs/share/px4_msgs/msg/EstimatorInnovations.msg\n'}
[1.723219] (px4_msgs) StdoutLine: {'line': b'-- Up-to-date: /home/px4/ros2/ws/install/px4_msgs/share/px4_msgs/msg/EstimatorSelectorStatus.msg\n'}
[1.723265] (px4_msgs) StdoutLine: {'line': b'-- Up-to-date: /home/px4/ros2/ws/install/px4_msgs/share/px4_msgs/msg/EstimatorSensorBias.msg\n'}
[1.723312] (px4_msgs) StdoutLine: {'line': b'-- Up-to-date: /home/px4/ros2/ws/install/px4_msgs/share/px4_msgs/msg/EstimatorStates.msg\n'}
[1.723359] (px4_msgs) StdoutLine: {'line': b'-- Up-to-date: /home/px4/ros2/ws/install/px4_msgs/share/px4_msgs/msg/EstimatorStatus.msg\n'}
[1.723418] (px4_msgs) StdoutLine: {'line': b'-- Up-to-date: /home/px4/ros2/ws/install/px4_msgs/share/px4_msgs/msg/EstimatorStatusFlags.msg\n'}
[1.723466] (px4_msgs) StdoutLine: {'line': b'-- Up-to-date: /home/px4/ros2/ws/install/px4_msgs/share/px4_msgs/msg/Event.msg\n'}
[1.723513] (px4_msgs) StdoutLine: {'line': b'-- Up-to-date: /home/px4/ros2/ws/install/px4_msgs/share/px4_msgs/msg/FailsafeFlags.msg\n'}
[1.723559] (px4_msgs) StdoutLine: {'line': b'-- Up-to-date: /home/px4/ros2/ws/install/px4_msgs/share/px4_msgs/msg/FailureDetectorStatus.msg\n'}
[1.723605] (px4_msgs) StdoutLine: {'line': b'-- Up-to-date: /home/px4/ros2/ws/install/px4_msgs/share/px4_msgs/msg/FigureEightStatus.msg\n'}
[1.723652] (px4_msgs) StdoutLine: {'line': b'-- Up-to-date: /home/px4/ros2/ws/install/px4_msgs/share/px4_msgs/msg/FixedWingLateralGuidanceStatus.msg\n'}
[1.723698] (px4_msgs) StdoutLine: {'line': b'-- Up-to-date: /home/px4/ros2/ws/install/px4_msgs/share/px4_msgs/msg/FixedWingLateralSetpoint.msg\n'}
[1.723745] (px4_msgs) StdoutLine: {'line': b'-- Up-to-date: /home/px4/ros2/ws/install/px4_msgs/share/px4_msgs/msg/FixedWingLateralStatus.msg\n'}
[1.723792] (px4_msgs) StdoutLine: {'line': b'-- Up-to-date: /home/px4/ros2/ws/install/px4_msgs/share/px4_msgs/msg/FixedWingLongitudinalSetpoint.msg\n'}
[1.723839] (px4_msgs) StdoutLine: {'line': b'-- Up-to-date: /home/px4/ros2/ws/install/px4_msgs/share/px4_msgs/msg/FixedWingRunwayControl.msg\n'}
[1.723906] (px4_msgs) StdoutLine: {'line': b'-- Up-to-date: /home/px4/ros2/ws/install/px4_msgs/share/px4_msgs/msg/FlightPhaseEstimation.msg\n'}
[1.723972] (px4_msgs) StdoutLine: {'line': b'-- Up-to-date: /home/px4/ros2/ws/install/px4_msgs/share/px4_msgs/msg/FollowTarget.msg\n'}
[1.724018] (px4_msgs) StdoutLine: {'line': b'-- Up-to-date: /home/px4/ros2/ws/install/px4_msgs/share/px4_msgs/msg/FollowTargetEstimator.msg\n'}
[1.724081] (px4_msgs) StdoutLine: {'line': b'-- Up-to-date: /home/px4/ros2/ws/install/px4_msgs/share/px4_msgs/msg/FollowTargetStatus.msg\n'}
[1.724137] (px4_msgs) StdoutLine: {'line': b'-- Up-to-date: /home/px4/ros2/ws/install/px4_msgs/share/px4_msgs/msg/FuelTankStatus.msg\n'}
[1.724183] (px4_msgs) StdoutLine: {'line': b'-- Up-to-date: /home/px4/ros2/ws/install/px4_msgs/share/px4_msgs/msg/GeneratorStatus.msg\n'}
[1.724228] (px4_msgs) StdoutLine: {'line': b'-- Up-to-date: /home/px4/ros2/ws/install/px4_msgs/share/px4_msgs/msg/GeofenceResult.msg\n'}
[1.724290] (px4_msgs) StdoutLine: {'line': b'-- Up-to-date: /home/px4/ros2/ws/install/px4_msgs/share/px4_msgs/msg/GeofenceStatus.msg\n'}
[1.724338] (px4_msgs) StdoutLine: {'line': b'-- Up-to-date: /home/px4/ros2/ws/install/px4_msgs/share/px4_msgs/msg/GimbalControls.msg\n'}
[1.724385] (px4_msgs) StdoutLine: {'line': b'-- Up-to-date: /home/px4/ros2/ws/install/px4_msgs/share/px4_msgs/msg/GimbalDeviceAttitudeStatus.msg\n'}
[1.724430] (px4_msgs) StdoutLine: {'line': b'-- Up-to-date: /home/px4/ros2/ws/install/px4_msgs/share/px4_msgs/msg/GimbalDeviceInformation.msg\n'}
[1.724475] (px4_msgs) StdoutLine: {'line': b'-- Up-to-date: /home/px4/ros2/ws/install/px4_msgs/share/px4_msgs/msg/GimbalDeviceSetAttitude.msg\n'}
[1.724521] (px4_msgs) StdoutLine: {'line': b'-- Up-to-date: /home/px4/ros2/ws/install/px4_msgs/share/px4_msgs/msg/GimbalManagerInformation.msg\n'}
[1.724567] (px4_msgs) StdoutLine: {'line': b'-- Up-to-date: /home/px4/ros2/ws/install/px4_msgs/share/px4_msgs/msg/GimbalManagerSetAttitude.msg\n'}
[1.724619] (px4_msgs) StdoutLine: {'line': b'-- Up-to-date: /home/px4/ros2/ws/install/px4_msgs/share/px4_msgs/msg/GimbalManagerSetManualControl.msg\n'}
[1.724667] (px4_msgs) StdoutLine: {'line': b'-- Up-to-date: /home/px4/ros2/ws/install/px4_msgs/share/px4_msgs/msg/GimbalManagerStatus.msg\n'}
[1.724714] (px4_msgs) StdoutLine: {'line': b'-- Up-to-date: /home/px4/ros2/ws/install/px4_msgs/share/px4_msgs/msg/GotoSetpoint.msg\n'}
[1.724758] (px4_msgs) StdoutLine: {'line': b'-- Up-to-date: /home/px4/ros2/ws/install/px4_msgs/share/px4_msgs/msg/GpioConfig.msg\n'}
[1.724821] (px4_msgs) StdoutLine: {'line': b'-- Up-to-date: /home/px4/ros2/ws/install/px4_msgs/share/px4_msgs/msg/GpioIn.msg\n'}
[1.724877] (px4_msgs) StdoutLine: {'line': b'-- Up-to-date: /home/px4/ros2/ws/install/px4_msgs/share/px4_msgs/msg/GpioOut.msg\n'}
[1.724931] (px4_msgs) StdoutLine: {'line': b'-- Up-to-date: /home/px4/ros2/ws/install/px4_msgs/share/px4_msgs/msg/GpioRequest.msg\n'}
[1.725004] (px4_msgs) StdoutLine: {'line': b'-- Up-to-date: /home/px4/ros2/ws/install/px4_msgs/share/px4_msgs/msg/GpsDump.msg\n'}
[1.725053] (px4_msgs) StdoutLine: {'line': b'-- Up-to-date: /home/px4/ros2/ws/install/px4_msgs/share/px4_msgs/msg/GpsInjectData.msg\n'}
[1.725100] (px4_msgs) StdoutLine: {'line': b'-- Up-to-date: /home/px4/ros2/ws/install/px4_msgs/share/px4_msgs/msg/Gripper.msg\n'}
[1.725146] (px4_msgs) StdoutLine: {'line': b'-- Up-to-date: /home/px4/ros2/ws/install/px4_msgs/share/px4_msgs/msg/HealthReport.msg\n'}
[1.725193] (px4_msgs) StdoutLine: {'line': b'-- Up-to-date: /home/px4/ros2/ws/install/px4_msgs/share/px4_msgs/msg/HeaterStatus.msg\n'}
[1.725260] (px4_msgs) StdoutLine: {'line': b'-- Up-to-date: /home/px4/ros2/ws/install/px4_msgs/share/px4_msgs/msg/HomePosition.msg\n'}
[1.725708] (px4_msgs) StdoutLine: {'line': b'-- Up-to-date: /home/px4/ros2/ws/install/px4_msgs/share/px4_msgs/msg/HoverThrustEstimate.msg\n'}
[1.725880] (px4_msgs) StdoutLine: {'line': b'-- Up-to-date: /home/px4/ros2/ws/install/px4_msgs/share/px4_msgs/msg/InputRc.msg\n'}
[1.726105] (px4_msgs) StdoutLine: {'line': b'-- Up-to-date: /home/px4/ros2/ws/install/px4_msgs/share/px4_msgs/msg/InternalCombustionEngineControl.msg\n'}
[1.726607] (px4_msgs) StdoutLine: {'line': b'-- Up-to-date: /home/px4/ros2/ws/install/px4_msgs/share/px4_msgs/msg/InternalCombustionEngineStatus.msg\n'}
[1.726756] (px4_msgs) StdoutLine: {'line': b'-- Up-to-date: /home/px4/ros2/ws/install/px4_msgs/share/px4_msgs/msg/IridiumsbdStatus.msg\n'}
[1.726989] (px4_msgs) StdoutLine: {'line': b'-- Up-to-date: /home/px4/ros2/ws/install/px4_msgs/share/px4_msgs/msg/IrlockReport.msg\n'}
[1.727509] (px4_msgs) StdoutLine: {'line': b'-- Up-to-date: /home/px4/ros2/ws/install/px4_msgs/share/px4_msgs/msg/LandingGear.msg\n'}
[1.727673] (px4_msgs) StdoutLine: {'line': b'-- Up-to-date: /home/px4/ros2/ws/install/px4_msgs/share/px4_msgs/msg/LandingGearWheel.msg\n'}
[1.727900] (px4_msgs) StdoutLine: {'line': b'-- Up-to-date: /home/px4/ros2/ws/install/px4_msgs/share/px4_msgs/msg/LandingTargetInnovations.msg\n'}
[1.728377] (px4_msgs) StdoutLine: {'line': b'-- Up-to-date: /home/px4/ros2/ws/install/px4_msgs/share/px4_msgs/msg/LandingTargetPose.msg\n'}
[1.728544] (px4_msgs) StdoutLine: {'line': b'-- Up-to-date: /home/px4/ros2/ws/install/px4_msgs/share/px4_msgs/msg/LateralControlConfiguration.msg\n'}
[1.728763] (px4_msgs) StdoutLine: {'line': b'-- Up-to-date: /home/px4/ros2/ws/install/px4_msgs/share/px4_msgs/msg/LaunchDetectionStatus.msg\n'}
[1.729229] (px4_msgs) StdoutLine: {'line': b'-- Up-to-date: /home/px4/ros2/ws/install/px4_msgs/share/px4_msgs/msg/LedControl.msg\n'}
[1.729398] (px4_msgs) StdoutLine: {'line': b'-- Up-to-date: /home/px4/ros2/ws/install/px4_msgs/share/px4_msgs/msg/LogMessage.msg\n'}
[1.729841] (px4_msgs) StdoutLine: {'line': b'-- Up-to-date: /home/px4/ros2/ws/install/px4_msgs/share/px4_msgs/msg/LoggerStatus.msg\n'}
[1.730306] (px4_msgs) StdoutLine: {'line': b'-- Up-to-date: /home/px4/ros2/ws/install/px4_msgs/share/px4_msgs/msg/LongitudinalControlConfiguration.msg\n'}
[1.730468] (px4_msgs) StdoutLine: {'line': b'-- Up-to-date: /home/px4/ros2/ws/install/px4_msgs/share/px4_msgs/msg/MagWorkerData.msg\n'}
[1.730691] (px4_msgs) StdoutLine: {'line': b'-- Up-to-date: /home/px4/ros2/ws/install/px4_msgs/share/px4_msgs/msg/MagnetometerBiasEstimate.msg\n'}
[1.731305] (px4_msgs) StdoutLine: {'line': b'-- Up-to-date: /home/px4/ros2/ws/install/px4_msgs/share/px4_msgs/msg/ManualControlSetpoint.msg\n'}
[1.731470] (px4_msgs) StdoutLine: {'line': b'-- Up-to-date: /home/px4/ros2/ws/install/px4_msgs/share/px4_msgs/msg/ManualControlSwitches.msg\n'}
[1.731758] (px4_msgs) StdoutLine: {'line': b'-- Up-to-date: /home/px4/ros2/ws/install/px4_msgs/share/px4_msgs/msg/MavlinkLog.msg\n'}
[1.732229] (px4_msgs) StdoutLine: {'line': b'-- Up-to-date: /home/px4/ros2/ws/install/px4_msgs/share/px4_msgs/msg/MavlinkTunnel.msg\n'}
[1.732381] (px4_msgs) StdoutLine: {'line': b'-- Up-to-date: /home/px4/ros2/ws/install/px4_msgs/share/px4_msgs/msg/MessageFormatRequest.msg\n'}
[1.732607] (px4_msgs) StdoutLine: {'line': b'-- Up-to-date: /home/px4/ros2/ws/install/px4_msgs/share/px4_msgs/msg/MessageFormatResponse.msg\n'}
[1.733080] (px4_msgs) StdoutLine: {'line': b'-- Up-to-date: /home/px4/ros2/ws/install/px4_msgs/share/px4_msgs/msg/Mission.msg\n'}
[1.733243] (px4_msgs) StdoutLine: {'line': b'-- Up-to-date: /home/px4/ros2/ws/install/px4_msgs/share/px4_msgs/msg/MissionResult.msg\n'}
[1.733464] (px4_msgs) StdoutLine: {'line': b'-- Up-to-date: /home/px4/ros2/ws/install/px4_msgs/share/px4_msgs/msg/ModeCompleted.msg\n'}
[1.733931] (px4_msgs) StdoutLine: {'line': b'-- Up-to-date: /home/px4/ros2/ws/install/px4_msgs/share/px4_msgs/msg/MountOrientation.msg\n'}
[1.734094] (px4_msgs) StdoutLine: {'line': b'-- Up-to-date: /home/px4/ros2/ws/install/px4_msgs/share/px4_msgs/msg/NavigatorMissionItem.msg\n'}
[1.734315] (px4_msgs) StdoutLine: {'line': b'-- Up-to-date: /home/px4/ros2/ws/install/px4_msgs/share/px4_msgs/msg/NavigatorStatus.msg\n'}
[1.734762] (px4_msgs) StdoutLine: {'line': b'-- Up-to-date: /home/px4/ros2/ws/install/px4_msgs/share/px4_msgs/msg/NeuralControl.msg\n'}
[1.734944] (px4_msgs) StdoutLine: {'line': b'-- Up-to-date: /home/px4/ros2/ws/install/px4_msgs/share/px4_msgs/msg/NormalizedUnsignedSetpoint.msg\n'}
[1.735170] (px4_msgs) StdoutLine: {'line': b'-- Up-to-date: /home/px4/ros2/ws/install/px4_msgs/share/px4_msgs/msg/ObstacleDistance.msg\n'}
[1.735616] (px4_msgs) StdoutLine: {'line': b'-- Up-to-date: /home/px4/ros2/ws/install/px4_msgs/share/px4_msgs/msg/OffboardControlMode.msg\n'}
[1.735768] (px4_msgs) StdoutLine: {'line': b'-- Up-to-date: /home/px4/ros2/ws/install/px4_msgs/share/px4_msgs/msg/OnboardComputerStatus.msg\n'}
[1.736032] (px4_msgs) StdoutLine: {'line': b'-- Up-to-date: /home/px4/ros2/ws/install/px4_msgs/share/px4_msgs/msg/OpenDroneIdArmStatus.msg\n'}
[1.736486] (px4_msgs) StdoutLine: {'line': b'-- Up-to-date: /home/px4/ros2/ws/install/px4_msgs/share/px4_msgs/msg/OpenDroneIdOperatorId.msg\n'}
[1.736642] (px4_msgs) StdoutLine: {'line': b'-- Up-to-date: /home/px4/ros2/ws/install/px4_msgs/share/px4_msgs/msg/OpenDroneIdSelfId.msg\n'}
[1.736873] (px4_msgs) StdoutLine: {'line': b'-- Up-to-date: /home/px4/ros2/ws/install/px4_msgs/share/px4_msgs/msg/OpenDroneIdSystem.msg\n'}
[1.737329] (px4_msgs) StdoutLine: {'line': b'-- Up-to-date: /home/px4/ros2/ws/install/px4_msgs/share/px4_msgs/msg/OrbTest.msg\n'}
[1.737488] (px4_msgs) StdoutLine: {'line': b'-- Up-to-date: /home/px4/ros2/ws/install/px4_msgs/share/px4_msgs/msg/OrbTestLarge.msg\n'}
[1.737939] (px4_msgs) StdoutLine: {'line': b'-- Up-to-date: /home/px4/ros2/ws/install/px4_msgs/share/px4_msgs/msg/OrbTestMedium.msg\n'}
[1.738397] (px4_msgs) StdoutLine: {'line': b'-- Up-to-date: /home/px4/ros2/ws/install/px4_msgs/share/px4_msgs/msg/OrbitStatus.msg\n'}
[1.738564] (px4_msgs) StdoutLine: {'line': b'-- Up-to-date: /home/px4/ros2/ws/install/px4_msgs/share/px4_msgs/msg/ParameterResetRequest.msg\n'}
[1.738781] (px4_msgs) StdoutLine: {'line': b'-- Up-to-date: /home/px4/ros2/ws/install/px4_msgs/share/px4_msgs/msg/ParameterSetUsedRequest.msg\n'}
[1.739267] (px4_msgs) StdoutLine: {'line': b'-- Up-to-date: /home/px4/ros2/ws/install/px4_msgs/share/px4_msgs/msg/ParameterSetValueRequest.msg\n'}
[1.739557] (px4_msgs) StdoutLine: {'line': b'-- Up-to-date: /home/px4/ros2/ws/install/px4_msgs/share/px4_msgs/msg/ParameterSetValueResponse.msg\n'}
[1.739772] (px4_msgs) StdoutLine: {'line': b'-- Up-to-date: /home/px4/ros2/ws/install/px4_msgs/share/px4_msgs/msg/ParameterUpdate.msg\n'}
[1.740252] (px4_msgs) StdoutLine: {'line': b'-- Up-to-date: /home/px4/ros2/ws/install/px4_msgs/share/px4_msgs/msg/Ping.msg\n'}
[1.740405] (px4_msgs) StdoutLine: {'line': b'-- Up-to-date: /home/px4/ros2/ws/install/px4_msgs/share/px4_msgs/msg/PositionControllerLandingStatus.msg\n'}
[1.740631] (px4_msgs) StdoutLine: {'line': b'-- Up-to-date: /home/px4/ros2/ws/install/px4_msgs/share/px4_msgs/msg/PositionControllerStatus.msg\n'}
[1.741091] (px4_msgs) StdoutLine: {'line': b'-- Up-to-date: /home/px4/ros2/ws/install/px4_msgs/share/px4_msgs/msg/PositionSetpoint.msg\n'}
[1.741254] (px4_msgs) StdoutLine: {'line': b'-- Up-to-date: /home/px4/ros2/ws/install/px4_msgs/share/px4_msgs/msg/PositionSetpointTriplet.msg\n'}
[1.741479] (px4_msgs) StdoutLine: {'line': b'-- Up-to-date: /home/px4/ros2/ws/install/px4_msgs/share/px4_msgs/msg/PowerButtonState.msg\n'}
[1.741942] (px4_msgs) StdoutLine: {'line': b'-- Up-to-date: /home/px4/ros2/ws/install/px4_msgs/share/px4_msgs/msg/PowerMonitor.msg\n'}
[1.742111] (px4_msgs) StdoutLine: {'line': b'-- Up-to-date: /home/px4/ros2/ws/install/px4_msgs/share/px4_msgs/msg/PpsCapture.msg\n'}
[1.742337] (px4_msgs) StdoutLine: {'line': b'-- Up-to-date: /home/px4/ros2/ws/install/px4_msgs/share/px4_msgs/msg/PurePursuitStatus.msg\n'}
[1.742786] (px4_msgs) StdoutLine: {'line': b'-- Up-to-date: /home/px4/ros2/ws/install/px4_msgs/share/px4_msgs/msg/PwmInput.msg\n'}
[1.743011] (px4_msgs) StdoutLine: {'line': b'-- Up-to-date: /home/px4/ros2/ws/install/px4_msgs/share/px4_msgs/msg/Px4ioStatus.msg\n'}
[1.743340] (px4_msgs) StdoutLine: {'line': b'-- Up-to-date: /home/px4/ros2/ws/install/px4_msgs/share/px4_msgs/msg/QshellReq.msg\n'}
[1.743963] (px4_msgs) StdoutLine: {'line': b'-- Up-to-date: /home/px4/ros2/ws/install/px4_msgs/share/px4_msgs/msg/QshellRetval.msg\n'}
[1.744186] (px4_msgs) StdoutLine: {'line': b'-- Up-to-date: /home/px4/ros2/ws/install/px4_msgs/share/px4_msgs/msg/RadioStatus.msg\n'}
[1.744467] (px4_msgs) StdoutLine: {'line': b'-- Up-to-date: /home/px4/ros2/ws/install/px4_msgs/share/px4_msgs/msg/RateCtrlStatus.msg\n'}
[1.745026] (px4_msgs) StdoutLine: {'line': b'-- Up-to-date: /home/px4/ros2/ws/install/px4_msgs/share/px4_msgs/msg/RcChannels.msg\n'}
[1.745241] (px4_msgs) StdoutLine: {'line': b'-- Up-to-date: /home/px4/ros2/ws/install/px4_msgs/share/px4_msgs/msg/RcParameterMap.msg\n'}
[1.745519] (px4_msgs) StdoutLine: {'line': b'-- Up-to-date: /home/px4/ros2/ws/install/px4_msgs/share/px4_msgs/msg/RegisterExtComponentReply.msg\n'}
[1.746063] (px4_msgs) StdoutLine: {'line': b'-- Up-to-date: /home/px4/ros2/ws/install/px4_msgs/share/px4_msgs/msg/RegisterExtComponentRequest.msg\n'}
[1.746272] (px4_msgs) StdoutLine: {'line': b'-- Up-to-date: /home/px4/ros2/ws/install/px4_msgs/share/px4_msgs/msg/RoverAttitudeSetpoint.msg\n'}
[1.746763] (px4_msgs) StdoutLine: {'line': b'-- Up-to-date: /home/px4/ros2/ws/install/px4_msgs/share/px4_msgs/msg/RoverAttitudeStatus.msg\n'}
[1.747310] (px4_msgs) StdoutLine: {'line': b'-- Up-to-date: /home/px4/ros2/ws/install/px4_msgs/share/px4_msgs/msg/RoverPositionSetpoint.msg\n'}
[1.747517] (px4_msgs) StdoutLine: {'line': b'-- Up-to-date: /home/px4/ros2/ws/install/px4_msgs/share/px4_msgs/msg/RoverRateSetpoint.msg\n'}
[1.747791] (px4_msgs) StdoutLine: {'line': b'-- Up-to-date: /home/px4/ros2/ws/install/px4_msgs/share/px4_msgs/msg/RoverRateStatus.msg\n'}
[1.748476] (px4_msgs) StdoutLine: {'line': b'-- Up-to-date: /home/px4/ros2/ws/install/px4_msgs/share/px4_msgs/msg/RoverSteeringSetpoint.msg\n'}
[1.748747] (px4_msgs) StdoutLine: {'line': b'-- Up-to-date: /home/px4/ros2/ws/install/px4_msgs/share/px4_msgs/msg/RoverThrottleSetpoint.msg\n'}
[1.749090] (px4_msgs) StdoutLine: {'line': b'-- Up-to-date: /home/px4/ros2/ws/install/px4_msgs/share/px4_msgs/msg/RoverVelocitySetpoint.msg\n'}
[1.749619] (px4_msgs) StdoutLine: {'line': b'-- Up-to-date: /home/px4/ros2/ws/install/px4_msgs/share/px4_msgs/msg/RoverVelocityStatus.msg\n'}
[1.749885] (px4_msgs) StdoutLine: {'line': b'-- Up-to-date: /home/px4/ros2/ws/install/px4_msgs/share/px4_msgs/msg/Rpm.msg\n'}
[1.750215] (px4_msgs) StdoutLine: {'line': b'-- Up-to-date: /home/px4/ros2/ws/install/px4_msgs/share/px4_msgs/msg/RtlStatus.msg\n'}
[1.750731] (px4_msgs) StdoutLine: {'line': b'-- Up-to-date: /home/px4/ros2/ws/install/px4_msgs/share/px4_msgs/msg/RtlTimeEstimate.msg\n'}
[1.751016] (px4_msgs) StdoutLine: {'line': b'-- Up-to-date: /home/px4/ros2/ws/install/px4_msgs/share/px4_msgs/msg/SatelliteInfo.msg\n'}
[1.751338] (px4_msgs) StdoutLine: {'line': b'-- Up-to-date: /home/px4/ros2/ws/install/px4_msgs/share/px4_msgs/msg/SensorAccel.msg\n'}
[1.751856] (px4_msgs) StdoutLine: {'line': b'-- Up-to-date: /home/px4/ros2/ws/install/px4_msgs/share/px4_msgs/msg/SensorAccelFifo.msg\n'}
[1.752125] (px4_msgs) StdoutLine: {'line': b'-- Up-to-date: /home/px4/ros2/ws/install/px4_msgs/share/px4_msgs/msg/SensorAirflow.msg\n'}
[1.752440] (px4_msgs) StdoutLine: {'line': b'-- Up-to-date: /home/px4/ros2/ws/install/px4_msgs/share/px4_msgs/msg/SensorBaro.msg\n'}
[1.752976] (px4_msgs) StdoutLine: {'line': b'-- Up-to-date: /home/px4/ros2/ws/install/px4_msgs/share/px4_msgs/msg/SensorCombined.msg\n'}
[1.753237] (px4_msgs) StdoutLine: {'line': b'-- Up-to-date: /home/px4/ros2/ws/install/px4_msgs/share/px4_msgs/msg/SensorCorrection.msg\n'}
[1.753558] (px4_msgs) StdoutLine: {'line': b'-- Up-to-date: /home/px4/ros2/ws/install/px4_msgs/share/px4_msgs/msg/SensorGnssRelative.msg\n'}
[1.754095] (px4_msgs) StdoutLine: {'line': b'-- Up-to-date: /home/px4/ros2/ws/install/px4_msgs/share/px4_msgs/msg/SensorGps.msg\n'}
[1.754357] (px4_msgs) StdoutLine: {'line': b'-- Up-to-date: /home/px4/ros2/ws/install/px4_msgs/share/px4_msgs/msg/SensorGyro.msg\n'}
[1.754679] (px4_msgs) StdoutLine: {'line': b'-- Up-to-date: /home/px4/ros2/ws/install/px4_msgs/share/px4_msgs/msg/SensorGyroFft.msg\n'}
[1.755220] (px4_msgs) StdoutLine: {'line': b'-- Up-to-date: /home/px4/ros2/ws/install/px4_msgs/share/px4_msgs/msg/SensorGyroFifo.msg\n'}
[1.755480] (px4_msgs) StdoutLine: {'line': b'-- Up-to-date: /home/px4/ros2/ws/install/px4_msgs/share/px4_msgs/msg/SensorHygrometer.msg\n'}
[1.755793] (px4_msgs) StdoutLine: {'line': b'-- Up-to-date: /home/px4/ros2/ws/install/px4_msgs/share/px4_msgs/msg/SensorMag.msg\n'}
[1.756321] (px4_msgs) StdoutLine: {'line': b'-- Up-to-date: /home/px4/ros2/ws/install/px4_msgs/share/px4_msgs/msg/SensorOpticalFlow.msg\n'}
[1.756510] (px4_msgs) StdoutLine: {'line': b'-- Up-to-date: /home/px4/ros2/ws/install/px4_msgs/share/px4_msgs/msg/SensorPreflightMag.msg\n'}
[1.756735] (px4_msgs) StdoutLine: {'line': b'-- Up-to-date: /home/px4/ros2/ws/install/px4_msgs/share/px4_msgs/msg/SensorSelection.msg\n'}
[1.757056] (px4_msgs) StdoutLine: {'line': b'-- Up-to-date: /home/px4/ros2/ws/install/px4_msgs/share/px4_msgs/msg/SensorUwb.msg\n'}
[1.757334] (px4_msgs) StdoutLine: {'line': b'-- Up-to-date: /home/px4/ros2/ws/install/px4_msgs/share/px4_msgs/msg/SensorsStatus.msg\n'}
[1.757428] (px4_msgs) StdoutLine: {'line': b'-- Up-to-date: /home/px4/ros2/ws/install/px4_msgs/share/px4_msgs/msg/SensorsStatusImu.msg\n'}
[1.757690] (px4_msgs) StdoutLine: {'line': b'-- Up-to-date: /home/px4/ros2/ws/install/px4_msgs/share/px4_msgs/msg/SystemPower.msg\n'}
[1.757849] (px4_msgs) StdoutLine: {'line': b'-- Up-to-date: /home/px4/ros2/ws/install/px4_msgs/share/px4_msgs/msg/TakeoffStatus.msg\n'}
[1.758261] (px4_msgs) StdoutLine: {'line': b'-- Up-to-date: /home/px4/ros2/ws/install/px4_msgs/share/px4_msgs/msg/TaskStackInfo.msg\n'}
[1.759057] (px4_msgs) StdoutLine: {'line': b'-- Up-to-date: /home/px4/ros2/ws/install/px4_msgs/share/px4_msgs/msg/TecsStatus.msg\n'}
[1.759333] (px4_msgs) StdoutLine: {'line': b'-- Up-to-date: /home/px4/ros2/ws/install/px4_msgs/share/px4_msgs/msg/TelemetryStatus.msg\n'}
[1.759629] (px4_msgs) StdoutLine: {'line': b'-- Up-to-date: /home/px4/ros2/ws/install/px4_msgs/share/px4_msgs/msg/TiltrotorExtraControls.msg\n'}
[1.760205] (px4_msgs) StdoutLine: {'line': b'-- Up-to-date: /home/px4/ros2/ws/install/px4_msgs/share/px4_msgs/msg/TimesyncStatus.msg\n'}
[1.760416] (px4_msgs) StdoutLine: {'line': b'-- Up-to-date: /home/px4/ros2/ws/install/px4_msgs/share/px4_msgs/msg/TrajectorySetpoint.msg\n'}
[1.760698] (px4_msgs) StdoutLine: {'line': b'-- Up-to-date: /home/px4/ros2/ws/install/px4_msgs/share/px4_msgs/msg/TrajectorySetpoint6dof.msg\n'}
[1.761245] (px4_msgs) StdoutLine: {'line': b'-- Up-to-date: /home/px4/ros2/ws/install/px4_msgs/share/px4_msgs/msg/TransponderReport.msg\n'}
[1.761455] (px4_msgs) StdoutLine: {'line': b'-- Up-to-date: /home/px4/ros2/ws/install/px4_msgs/share/px4_msgs/msg/TuneControl.msg\n'}
[1.761724] (px4_msgs) StdoutLine: {'line': b'-- Up-to-date: /home/px4/ros2/ws/install/px4_msgs/share/px4_msgs/msg/UavcanParameterRequest.msg\n'}
[1.762276] (px4_msgs) StdoutLine: {'line': b'-- Up-to-date: /home/px4/ros2/ws/install/px4_msgs/share/px4_msgs/msg/UavcanParameterValue.msg\n'}
[1.762487] (px4_msgs) StdoutLine: {'line': b'-- Up-to-date: /home/px4/ros2/ws/install/px4_msgs/share/px4_msgs/msg/UlogStream.msg\n'}
[1.762761] (px4_msgs) StdoutLine: {'line': b'-- Up-to-date: /home/px4/ros2/ws/install/px4_msgs/share/px4_msgs/msg/UlogStreamAck.msg\n'}
[1.763299] (px4_msgs) StdoutLine: {'line': b'-- Up-to-date: /home/px4/ros2/ws/install/px4_msgs/share/px4_msgs/msg/UnregisterExtComponent.msg\n'}
[1.763501] (px4_msgs) StdoutLine: {'line': b'-- Up-to-date: /home/px4/ros2/ws/install/px4_msgs/share/px4_msgs/msg/VehicleAcceleration.msg\n'}
[1.763768] (px4_msgs) StdoutLine: {'line': b'-- Up-to-date: /home/px4/ros2/ws/install/px4_msgs/share/px4_msgs/msg/VehicleAirData.msg\n'}
[1.764304] (px4_msgs) StdoutLine: {'line': b'-- Up-to-date: /home/px4/ros2/ws/install/px4_msgs/share/px4_msgs/msg/VehicleAngularAccelerationSetpoint.msg\n'}
[1.764502] (px4_msgs) StdoutLine: {'line': b'-- Up-to-date: /home/px4/ros2/ws/install/px4_msgs/share/px4_msgs/msg/VehicleAngularVelocity.msg\n'}
[1.764773] (px4_msgs) StdoutLine: {'line': b'-- Up-to-date: /home/px4/ros2/ws/install/px4_msgs/share/px4_msgs/msg/VehicleAttitude.msg\n'}
[1.765302] (px4_msgs) StdoutLine: {'line': b'-- Up-to-date: /home/px4/ros2/ws/install/px4_msgs/share/px4_msgs/msg/VehicleAttitudeSetpoint.msg\n'}
[1.765502] (px4_msgs) StdoutLine: {'line': b'-- Up-to-date: /home/px4/ros2/ws/install/px4_msgs/share/px4_msgs/msg/VehicleCommand.msg\n'}
[1.765775] (px4_msgs) StdoutLine: {'line': b'-- Up-to-date: /home/px4/ros2/ws/install/px4_msgs/share/px4_msgs/msg/VehicleCommandAck.msg\n'}
[1.766149] (px4_msgs) StdoutLine: {'line': b'-- Up-to-date: /home/px4/ros2/ws/install/px4_msgs/share/px4_msgs/msg/VehicleConstraints.msg\n'}
[1.766479] (px4_msgs) StdoutLine: {'line': b'-- Up-to-date: /home/px4/ros2/ws/install/px4_msgs/share/px4_msgs/msg/VehicleControlMode.msg\n'}
[1.766599] (px4_msgs) StdoutLine: {'line': b'-- Up-to-date: /home/px4/ros2/ws/install/px4_msgs/share/px4_msgs/msg/VehicleGlobalPosition.msg\n'}
[1.766948] (px4_msgs) StdoutLine: {'line': b'-- Up-to-date: /home/px4/ros2/ws/install/px4_msgs/share/px4_msgs/msg/VehicleImu.msg\n'}
[1.767174] (px4_msgs) StdoutLine: {'line': b'-- Up-to-date: /home/px4/ros2/ws/install/px4_msgs/share/px4_msgs/msg/VehicleImuStatus.msg\n'}
[1.767452] (px4_msgs) StdoutLine: {'line': b'-- Up-to-date: /home/px4/ros2/ws/install/px4_msgs/share/px4_msgs/msg/VehicleLandDetected.msg\n'}
[1.767997] (px4_msgs) StdoutLine: {'line': b'-- Up-to-date: /home/px4/ros2/ws/install/px4_msgs/share/px4_msgs/msg/VehicleLocalPosition.msg\n'}
[1.768207] (px4_msgs) StdoutLine: {'line': b'-- Up-to-date: /home/px4/ros2/ws/install/px4_msgs/share/px4_msgs/msg/VehicleLocalPositionSetpoint.msg\n'}
[1.768488] (px4_msgs) StdoutLine: {'line': b'-- Up-to-date: /home/px4/ros2/ws/install/px4_msgs/share/px4_msgs/msg/VehicleMagnetometer.msg\n'}
[1.769023] (px4_msgs) StdoutLine: {'line': b'-- Up-to-date: /home/px4/ros2/ws/install/px4_msgs/share/px4_msgs/msg/VehicleOdometry.msg\n'}
[1.769232] (px4_msgs) StdoutLine: {'line': b'-- Up-to-date: /home/px4/ros2/ws/install/px4_msgs/share/px4_msgs/msg/VehicleOpticalFlow.msg\n'}
[1.769506] (px4_msgs) StdoutLine: {'line': b'-- Up-to-date: /home/px4/ros2/ws/install/px4_msgs/share/px4_msgs/msg/VehicleOpticalFlowVel.msg\n'}
[1.770041] (px4_msgs) StdoutLine: {'line': b'-- Up-to-date: /home/px4/ros2/ws/install/px4_msgs/share/px4_msgs/msg/VehicleRatesSetpoint.msg\n'}
[1.770250] (px4_msgs) StdoutLine: {'line': b'-- Up-to-date: /home/px4/ros2/ws/install/px4_msgs/share/px4_msgs/msg/VehicleRoi.msg\n'}
[1.770539] (px4_msgs) StdoutLine: {'line': b'-- Up-to-date: /home/px4/ros2/ws/install/px4_msgs/share/px4_msgs/msg/VehicleStatus.msg\n'}
[1.771083] (px4_msgs) StdoutLine: {'line': b'-- Up-to-date: /home/px4/ros2/ws/install/px4_msgs/share/px4_msgs/msg/VehicleThrustSetpoint.msg\n'}
[1.771288] (px4_msgs) StdoutLine: {'line': b'-- Up-to-date: /home/px4/ros2/ws/install/px4_msgs/share/px4_msgs/msg/VehicleTorqueSetpoint.msg\n'}
[1.771569] (px4_msgs) StdoutLine: {'line': b'-- Up-to-date: /home/px4/ros2/ws/install/px4_msgs/share/px4_msgs/msg/VelocityLimits.msg\n'}
[1.772097] (px4_msgs) StdoutLine: {'line': b'-- Up-to-date: /home/px4/ros2/ws/install/px4_msgs/share/px4_msgs/msg/VtolVehicleStatus.msg\n'}
[1.772304] (px4_msgs) StdoutLine: {'line': b'-- Up-to-date: /home/px4/ros2/ws/install/px4_msgs/share/px4_msgs/msg/WheelEncoders.msg\n'}
[1.772576] (px4_msgs) StdoutLine: {'line': b'-- Up-to-date: /home/px4/ros2/ws/install/px4_msgs/share/px4_msgs/msg/Wind.msg\n'}
[1.773112] (px4_msgs) StdoutLine: {'line': b'-- Up-to-date: /home/px4/ros2/ws/install/px4_msgs/share/px4_msgs/msg/YawEstimatorStatus.msg\n'}
[1.773317] (px4_msgs) StdoutLine: {'line': b'-- Up-to-date: /home/px4/ros2/ws/install/px4_msgs/share/px4_msgs/srv/VehicleCommand.srv\n'}
[1.773591] (px4_msgs) StdoutLine: {'line': b'-- Up-to-date: /home/px4/ros2/ws/install/px4_msgs/share/px4_msgs/srv/VehicleCommand_Request.msg\n'}
[1.774118] (px4_msgs) StdoutLine: {'line': b'-- Up-to-date: /home/px4/ros2/ws/install/px4_msgs/share/px4_msgs/srv/VehicleCommand_Response.msg\n'}
[1.774335] (px4_msgs) StdoutLine: {'line': b'-- Up-to-date: /home/px4/ros2/ws/install/px4_msgs/share/ament_index/resource_index/package_run_dependencies/px4_msgs\n'}
[1.774620] (px4_msgs) StdoutLine: {'line': b'-- Up-to-date: /home/px4/ros2/ws/install/px4_msgs/share/ament_index/resource_index/parent_prefix_path/px4_msgs\n'}
[1.775020] (px4_msgs) StdoutLine: {'line': b'-- Up-to-date: /home/px4/ros2/ws/install/px4_msgs/share/px4_msgs/environment/ament_prefix_path.sh\n'}
[1.775367] (px4_msgs) StdoutLine: {'line': b'-- Up-to-date: /home/px4/ros2/ws/install/px4_msgs/share/px4_msgs/environment/ament_prefix_path.dsv\n'}
[1.775493] (px4_msgs) StdoutLine: {'line': b'-- Up-to-date: /home/px4/ros2/ws/install/px4_msgs/share/px4_msgs/environment/path.sh\n'}
[1.775807] (px4_msgs) StdoutLine: {'line': b'-- Up-to-date: /home/px4/ros2/ws/install/px4_msgs/share/px4_msgs/environment/path.dsv\n'}
[1.776038] (px4_msgs) StdoutLine: {'line': b'-- Up-to-date: /home/px4/ros2/ws/install/px4_msgs/share/px4_msgs/local_setup.bash\n'}
[1.776316] (px4_msgs) StdoutLine: {'line': b'-- Up-to-date: /home/px4/ros2/ws/install/px4_msgs/share/px4_msgs/local_setup.sh\n'}
[1.776871] (px4_msgs) StdoutLine: {'line': b'-- Up-to-date: /home/px4/ros2/ws/install/px4_msgs/share/px4_msgs/local_setup.zsh\n'}
[1.777076] (px4_msgs) StdoutLine: {'line': b'-- Up-to-date: /home/px4/ros2/ws/install/px4_msgs/share/px4_msgs/local_setup.dsv\n'}
[1.777356] (px4_msgs) StdoutLine: {'line': b'-- Installing: /home/px4/ros2/ws/install/px4_msgs/share/px4_msgs/package.dsv\n'}
[1.778167] (px4_msgs) StdoutLine: {'line': b'-- Up-to-date: /home/px4/ros2/ws/install/px4_msgs/share/ament_index/resource_index/packages/px4_msgs\n'}
[1.778547] (px4_msgs) StdoutLine: {'line': b'-- Up-to-date: /home/px4/ros2/ws/install/px4_msgs/share/px4_msgs/cmake/export_px4_msgs__rosidl_generator_cExport.cmake\n'}
[1.778836] (px4_msgs) StdoutLine: {'line': b'-- Up-to-date: /home/px4/ros2/ws/install/px4_msgs/share/px4_msgs/cmake/export_px4_msgs__rosidl_generator_cExport-noconfig.cmake\n'}
[1.779655] (px4_msgs) StdoutLine: {'line': b'-- Up-to-date: /home/px4/ros2/ws/install/px4_msgs/share/px4_msgs/cmake/export_px4_msgs__rosidl_typesupport_fastrtps_cExport.cmake\n'}
[1.779880] (px4_msgs) StdoutLine: {'line': b'-- Up-to-date: /home/px4/ros2/ws/install/px4_msgs/share/px4_msgs/cmake/export_px4_msgs__rosidl_typesupport_fastrtps_cExport-noconfig.cmake\n'}
[1.780419] (px4_msgs) StdoutLine: {'line': b'-- Up-to-date: /home/px4/ros2/ws/install/px4_msgs/share/px4_msgs/cmake/export_px4_msgs__rosidl_generator_cppExport.cmake\n'}
[1.781232] (px4_msgs) StdoutLine: {'line': b'-- Up-to-date: /home/px4/ros2/ws/install/px4_msgs/share/px4_msgs/cmake/export_px4_msgs__rosidl_typesupport_fastrtps_cppExport.cmake\n'}
[1.781443] (px4_msgs) StdoutLine: {'line': b'-- Up-to-date: /home/px4/ros2/ws/install/px4_msgs/share/px4_msgs/cmake/export_px4_msgs__rosidl_typesupport_fastrtps_cppExport-noconfig.cmake\n'}
[1.781988] (px4_msgs) StdoutLine: {'line': b'-- Up-to-date: /home/px4/ros2/ws/install/px4_msgs/share/px4_msgs/cmake/px4_msgs__rosidl_typesupport_introspection_cExport.cmake\n'}
[1.782520] (px4_msgs) StdoutLine: {'line': b'-- Up-to-date: /home/px4/ros2/ws/install/px4_msgs/share/px4_msgs/cmake/px4_msgs__rosidl_typesupport_introspection_cExport-noconfig.cmake\n'}
[1.782905] (px4_msgs) StdoutLine: {'line': b'-- Up-to-date: /home/px4/ros2/ws/install/px4_msgs/share/px4_msgs/cmake/px4_msgs__rosidl_typesupport_cExport.cmake\n'}
[1.783209] (px4_msgs) StdoutLine: {'line': b'-- Up-to-date: /home/px4/ros2/ws/install/px4_msgs/share/px4_msgs/cmake/px4_msgs__rosidl_typesupport_cExport-noconfig.cmake\n'}
[1.783998] (px4_msgs) StdoutLine: {'line': b'-- Up-to-date: /home/px4/ros2/ws/install/px4_msgs/share/px4_msgs/cmake/px4_msgs__rosidl_typesupport_introspection_cppExport.cmake\n'}
[1.784286] (px4_msgs) StdoutLine: {'line': b'-- Up-to-date: /home/px4/ros2/ws/install/px4_msgs/share/px4_msgs/cmake/px4_msgs__rosidl_typesupport_introspection_cppExport-noconfig.cmake\n'}
[1.785130] (px4_msgs) StdoutLine: {'line': b'-- Up-to-date: /home/px4/ros2/ws/install/px4_msgs/share/px4_msgs/cmake/px4_msgs__rosidl_typesupport_cppExport.cmake\n'}
[1.785730] (px4_msgs) StdoutLine: {'line': b'-- Up-to-date: /home/px4/ros2/ws/install/px4_msgs/share/px4_msgs/cmake/px4_msgs__rosidl_typesupport_cppExport-noconfig.cmake\n'}
[1.786151] (px4_msgs) StdoutLine: {'line': b'-- Up-to-date: /home/px4/ros2/ws/install/px4_msgs/share/px4_msgs/cmake/export_px4_msgs__rosidl_generator_pyExport.cmake\n'}
[1.786468] (px4_msgs) StdoutLine: {'line': b'-- Up-to-date: /home/px4/ros2/ws/install/px4_msgs/share/px4_msgs/cmake/export_px4_msgs__rosidl_generator_pyExport-noconfig.cmake\n'}
[1.787060] (px4_msgs) StdoutLine: {'line': b'-- Up-to-date: /home/px4/ros2/ws/install/px4_msgs/share/px4_msgs/cmake/rosidl_cmake-extras.cmake\n'}
[1.787296] (px4_msgs) StdoutLine: {'line': b'-- Up-to-date: /home/px4/ros2/ws/install/px4_msgs/share/px4_msgs/cmake/ament_cmake_export_dependencies-extras.cmake\n'}
[1.787584] (px4_msgs) StdoutLine: {'line': b'-- Up-to-date: /home/px4/ros2/ws/install/px4_msgs/share/px4_msgs/cmake/ament_cmake_export_include_directories-extras.cmake\n'}
[1.788140] (px4_msgs) StdoutLine: {'line': b'-- Up-to-date: /home/px4/ros2/ws/install/px4_msgs/share/px4_msgs/cmake/ament_cmake_export_libraries-extras.cmake\n'}
[1.788354] (px4_msgs) StdoutLine: {'line': b'-- Up-to-date: /home/px4/ros2/ws/install/px4_msgs/share/px4_msgs/cmake/ament_cmake_export_targets-extras.cmake\n'}
[1.788631] (px4_msgs) StdoutLine: {'line': b'-- Up-to-date: /home/px4/ros2/ws/install/px4_msgs/share/px4_msgs/cmake/rosidl_cmake_export_typesupport_targets-extras.cmake\n'}
[1.789176] (px4_msgs) StdoutLine: {'line': b'-- Up-to-date: /home/px4/ros2/ws/install/px4_msgs/share/px4_msgs/cmake/rosidl_cmake_export_typesupport_libraries-extras.cmake\n'}
[1.789381] (px4_msgs) StdoutLine: {'line': b'-- Up-to-date: /home/px4/ros2/ws/install/px4_msgs/share/px4_msgs/cmake/px4_msgsConfig.cmake\n'}
[1.789631] (px4_msgs) StdoutLine: {'line': b'-- Up-to-date: /home/px4/ros2/ws/install/px4_msgs/share/px4_msgs/cmake/px4_msgsConfig-version.cmake\n'}
[1.789741] (px4_msgs) StdoutLine: {'line': b'-- Up-to-date: /home/px4/ros2/ws/install/px4_msgs/share/px4_msgs/package.xml\n'}
[1.794104] (px4_msgs) CommandEnded: {'returncode': 0}
[1.802140] (-) TimerEvent: {}
[1.810270] (px4_msgs) JobEnded: {'identifier': 'px4_msgs', 'rc': 0}
[1.810808] (px4_ros_com) JobStarted: {'identifier': 'px4_ros_com'}
[1.817319] (px4_ros_com) JobProgress: {'identifier': 'px4_ros_com', 'progress': 'cmake'}
[1.817958] (px4_ros_com) JobProgress: {'identifier': 'px4_ros_com', 'progress': 'build'}
[1.818668] (px4_ros_com) Command: {'cmd': ['/usr/bin/cmake', '--build', '/home/px4/ros2/ws/build/px4_ros_com', '--', '-j16', '-l16'], 'cwd': '/home/px4/ros2/ws/build/px4_ros_com', 'env': OrderedDict([('HOSTNAME', 'legion5'), ('SHLVL', '1'), ('LD_LIBRARY_PATH', '/home/px4/ros2/ws/install/px4_msgs/lib:/opt/ros/humble/opt/rviz_ogre_vendor/lib:/opt/ros/humble/lib/x86_64-linux-gnu:/opt/ros/humble/lib'), ('HOME', '/root'), ('OLDPWD', '/home/px4/ros2'), ('ROS_PYTHON_VERSION', '3'), ('ROS_DISTRO', 'humble'), ('_', '/usr/bin/colcon'), ('ROS_VERSION', '2'), ('TERM', 'xterm'), ('ROS_LOCALHOST_ONLY', '0'), ('PATH', '/opt/ros/humble/bin:/usr/local/sbin:/usr/local/bin:/usr/sbin:/usr/bin:/sbin:/bin'), ('DISPLAY', ':1'), ('LANG', 'en_US.UTF-8'), ('LS_COLORS', 'rs=0:di=01;34:ln=01;36:mh=00:pi=40;33:so=01;35:do=01;35:bd=40;33;01:cd=40;33;01:or=40;31;01:mi=00:su=37;41:sg=30;43:ca=30;41:tw=30;42:ow=34;42:st=37;44:ex=01;32:*.tar=01;31:*.tgz=01;31:*.arc=01;31:*.arj=01;31:*.taz=01;31:*.lha=01;31:*.lz4=01;31:*.lzh=01;31:*.lzma=01;31:*.tlz=01;31:*.txz=01;31:*.tzo=01;31:*.t7z=01;31:*.zip=01;31:*.z=01;31:*.dz=01;31:*.gz=01;31:*.lrz=01;31:*.lz=01;31:*.lzo=01;31:*.xz=01;31:*.zst=01;31:*.tzst=01;31:*.bz2=01;31:*.bz=01;31:*.tbz=01;31:*.tbz2=01;31:*.tz=01;31:*.deb=01;31:*.rpm=01;31:*.jar=01;31:*.war=01;31:*.ear=01;31:*.sar=01;31:*.rar=01;31:*.alz=01;31:*.ace=01;31:*.zoo=01;31:*.cpio=01;31:*.7z=01;31:*.rz=01;31:*.cab=01;31:*.wim=01;31:*.swm=01;31:*.dwm=01;31:*.esd=01;31:*.jpg=01;35:*.jpeg=01;35:*.mjpg=01;35:*.mjpeg=01;35:*.gif=01;35:*.bmp=01;35:*.pbm=01;35:*.pgm=01;35:*.ppm=01;35:*.tga=01;35:*.xbm=01;35:*.xpm=01;35:*.tif=01;35:*.tiff=01;35:*.png=01;35:*.svg=01;35:*.svgz=01;35:*.mng=01;35:*.pcx=01;35:*.mov=01;35:*.mpg=01;35:*.mpeg=01;35:*.m2v=01;35:*.mkv=01;35:*.webm=01;35:*.webp=01;35:*.ogm=01;35:*.mp4=01;35:*.m4v=01;35:*.mp4v=01;35:*.vob=01;35:*.qt=01;35:*.nuv=01;35:*.wmv=01;35:*.asf=01;35:*.rm=01;35:*.rmvb=01;35:*.flc=01;35:*.avi=01;35:*.fli=01;35:*.flv=01;35:*.gl=01;35:*.dl=01;35:*.xcf=01;35:*.xwd=01;35:*.yuv=01;35:*.cgm=01;35:*.emf=01;35:*.ogv=01;35:*.ogx=01;35:*.aac=00;36:*.au=00;36:*.flac=00;36:*.m4a=00;36:*.mid=00;36:*.midi=00;36:*.mka=00;36:*.mp3=00;36:*.mpc=00;36:*.ogg=00;36:*.ra=00;36:*.wav=00;36:*.oga=00;36:*.opus=00;36:*.spx=00;36:*.xspf=00;36:'), ('ROS_DOMAIN_ID', '0'), ('AMENT_PREFIX_PATH', '/home/px4/ros2/ws/install/px4_msgs:/opt/ros/humble'), ('DEBIAN_FRONTEND', 'noninteractive'), ('PWD', '/home/px4/ros2/ws/build/px4_ros_com'), ('LC_ALL', 'en_US.UTF-8'), ('PYTHONPATH', '/home/px4/ros2/ws/install/px4_msgs/local/lib/python3.10/dist-packages:/opt/ros/humble/lib/python3.10/site-packages:/opt/ros/humble/local/lib/python3.10/dist-packages'), ('COLCON', '1'), ('CMAKE_PREFIX_PATH', '/home/px4/ros2/ws/install/px4_msgs:/opt/ros/humble')]), 'shell': False}
[1.864344] (px4_ros_com) StdoutLine: {'line': b'\x1b[35m\x1b[1mConsolidate compiler generated dependencies of target frame_transforms\x1b[0m\n'}
[1.864593] (px4_ros_com) StdoutLine: {'line': b'\x1b[35m\x1b[1mConsolidate compiler generated dependencies of target vehicle_gps_position_listener\x1b[0m\n'}
[1.864689] (px4_ros_com) StdoutLine: {'line': b'\x1b[35m\x1b[1mConsolidate compiler generated dependencies of target sensor_combined_listener\x1b[0m\n'}
[1.864760] (px4_ros_com) StdoutLine: {'line': b'\x1b[35m\x1b[1mConsolidate compiler generated dependencies of target offboard_control_srv\x1b[0m\n'}
[1.864961] (px4_ros_com) StdoutLine: {'line': b'\x1b[35m\x1b[1mConsolidate compiler generated dependencies of target debug_vect_advertiser\x1b[0m\n'}
[1.865073] (px4_ros_com) StdoutLine: {'line': b'\x1b[35m\x1b[1mConsolidate compiler generated dependencies of target offboard_control\x1b[0m\n'}
[1.882524] (px4_ros_com) StdoutLine: {'line': b'[  0%] Built target ament_cmake_python_copy_px4_ros_com\n'}
[1.886302] (px4_ros_com) StdoutLine: {'line': b'[ 83%] Built target offboard_control_srv\n'}
[1.886520] (px4_ros_com) StdoutLine: {'line': b'[ 83%] Built target offboard_control\n'}
[1.886597] (px4_ros_com) StdoutLine: {'line': b'[ 83%] Built target debug_vect_advertiser\n'}
[1.886668] (px4_ros_com) StdoutLine: {'line': b'[ 83%] Built target vehicle_gps_position_listener\n'}
[1.886734] (px4_ros_com) StdoutLine: {'line': b'[ 83%] Built target sensor_combined_listener\n'}
[1.886800] (px4_ros_com) StdoutLine: {'line': b'[100%] Built target frame_transforms\n'}
[1.902253] (-) TimerEvent: {}
[2.002503] (-) TimerEvent: {}
[2.074646] (px4_ros_com) StdoutLine: {'line': b'running egg_info\n'}
[2.075234] (px4_ros_com) StdoutLine: {'line': b'writing px4_ros_com.egg-info/PKG-INFO\n'}
[2.075521] (px4_ros_com) StdoutLine: {'line': b'writing dependency_links to px4_ros_com.egg-info/dependency_links.txt\n'}
[2.075705] (px4_ros_com) StdoutLine: {'line': b'writing top-level names to px4_ros_com.egg-info/top_level.txt\n'}
[2.077156] (px4_ros_com) StdoutLine: {'line': b"reading manifest file 'px4_ros_com.egg-info/SOURCES.txt'\n"}
[2.077705] (px4_ros_com) StdoutLine: {'line': b"writing manifest file 'px4_ros_com.egg-info/SOURCES.txt'\n"}
[2.100514] (px4_ros_com) StdoutLine: {'line': b'[100%] Built target ament_cmake_python_build_px4_ros_com_egg\n'}
[2.102592] (-) TimerEvent: {}
[2.111569] (px4_ros_com) CommandEnded: {'returncode': 0}
[2.112427] (px4_ros_com) JobProgress: {'identifier': 'px4_ros_com', 'progress': 'install'}
[2.112607] (px4_ros_com) Command: {'cmd': ['/usr/bin/cmake', '--install', '/home/px4/ros2/ws/build/px4_ros_com'], 'cwd': '/home/px4/ros2/ws/build/px4_ros_com', 'env': OrderedDict([('HOSTNAME', 'legion5'), ('SHLVL', '1'), ('LD_LIBRARY_PATH', '/home/px4/ros2/ws/install/px4_msgs/lib:/opt/ros/humble/opt/rviz_ogre_vendor/lib:/opt/ros/humble/lib/x86_64-linux-gnu:/opt/ros/humble/lib'), ('HOME', '/root'), ('OLDPWD', '/home/px4/ros2'), ('ROS_PYTHON_VERSION', '3'), ('ROS_DISTRO', 'humble'), ('_', '/usr/bin/colcon'), ('ROS_VERSION', '2'), ('TERM', 'xterm'), ('ROS_LOCALHOST_ONLY', '0'), ('PATH', '/opt/ros/humble/bin:/usr/local/sbin:/usr/local/bin:/usr/sbin:/usr/bin:/sbin:/bin'), ('DISPLAY', ':1'), ('LANG', 'en_US.UTF-8'), ('LS_COLORS', 'rs=0:di=01;34:ln=01;36:mh=00:pi=40;33:so=01;35:do=01;35:bd=40;33;01:cd=40;33;01:or=40;31;01:mi=00:su=37;41:sg=30;43:ca=30;41:tw=30;42:ow=34;42:st=37;44:ex=01;32:*.tar=01;31:*.tgz=01;31:*.arc=01;31:*.arj=01;31:*.taz=01;31:*.lha=01;31:*.lz4=01;31:*.lzh=01;31:*.lzma=01;31:*.tlz=01;31:*.txz=01;31:*.tzo=01;31:*.t7z=01;31:*.zip=01;31:*.z=01;31:*.dz=01;31:*.gz=01;31:*.lrz=01;31:*.lz=01;31:*.lzo=01;31:*.xz=01;31:*.zst=01;31:*.tzst=01;31:*.bz2=01;31:*.bz=01;31:*.tbz=01;31:*.tbz2=01;31:*.tz=01;31:*.deb=01;31:*.rpm=01;31:*.jar=01;31:*.war=01;31:*.ear=01;31:*.sar=01;31:*.rar=01;31:*.alz=01;31:*.ace=01;31:*.zoo=01;31:*.cpio=01;31:*.7z=01;31:*.rz=01;31:*.cab=01;31:*.wim=01;31:*.swm=01;31:*.dwm=01;31:*.esd=01;31:*.jpg=01;35:*.jpeg=01;35:*.mjpg=01;35:*.mjpeg=01;35:*.gif=01;35:*.bmp=01;35:*.pbm=01;35:*.pgm=01;35:*.ppm=01;35:*.tga=01;35:*.xbm=01;35:*.xpm=01;35:*.tif=01;35:*.tiff=01;35:*.png=01;35:*.svg=01;35:*.svgz=01;35:*.mng=01;35:*.pcx=01;35:*.mov=01;35:*.mpg=01;35:*.mpeg=01;35:*.m2v=01;35:*.mkv=01;35:*.webm=01;35:*.webp=01;35:*.ogm=01;35:*.mp4=01;35:*.m4v=01;35:*.mp4v=01;35:*.vob=01;35:*.qt=01;35:*.nuv=01;35:*.wmv=01;35:*.asf=01;35:*.rm=01;35:*.rmvb=01;35:*.flc=01;35:*.avi=01;35:*.fli=01;35:*.flv=01;35:*.gl=01;35:*.dl=01;35:*.xcf=01;35:*.xwd=01;35:*.yuv=01;35:*.cgm=01;35:*.emf=01;35:*.ogv=01;35:*.ogx=01;35:*.aac=00;36:*.au=00;36:*.flac=00;36:*.m4a=00;36:*.mid=00;36:*.midi=00;36:*.mka=00;36:*.mp3=00;36:*.mpc=00;36:*.ogg=00;36:*.ra=00;36:*.wav=00;36:*.oga=00;36:*.opus=00;36:*.spx=00;36:*.xspf=00;36:'), ('ROS_DOMAIN_ID', '0'), ('AMENT_PREFIX_PATH', '/home/px4/ros2/ws/install/px4_msgs:/opt/ros/humble'), ('DEBIAN_FRONTEND', 'noninteractive'), ('PWD', '/home/px4/ros2/ws/build/px4_ros_com'), ('LC_ALL', 'en_US.UTF-8'), ('PYTHONPATH', '/home/px4/ros2/ws/install/px4_msgs/local/lib/python3.10/dist-packages:/opt/ros/humble/lib/python3.10/site-packages:/opt/ros/humble/local/lib/python3.10/dist-packages'), ('COLCON', '1'), ('CMAKE_PREFIX_PATH', '/home/px4/ros2/ws/install/px4_msgs:/opt/ros/humble')]), 'shell': False}
[2.120804] (px4_ros_com) StdoutLine: {'line': b'-- Install configuration: ""\n'}
[2.121072] (px4_ros_com) StdoutLine: {'line': b'-- Up-to-date: /home/px4/ros2/ws/install/px4_ros_com/lib/px4_ros_com/sensor_combined_listener\n'}
[2.121442] (px4_ros_com) StdoutLine: {'line': b'-- Up-to-date: /home/px4/ros2/ws/install/px4_ros_com/lib/px4_ros_com/vehicle_gps_position_listener\n'}
[2.121699] (px4_ros_com) StdoutLine: {'line': b'-- Up-to-date: /home/px4/ros2/ws/install/px4_ros_com/lib/px4_ros_com/debug_vect_advertiser\n'}
[2.122039] (px4_ros_com) StdoutLine: {'line': b'-- Up-to-date: /home/px4/ros2/ws/install/px4_ros_com/lib/px4_ros_com/offboard_control\n'}
[2.122293] (px4_ros_com) StdoutLine: {'line': b'-- Up-to-date: /home/px4/ros2/ws/install/px4_ros_com/lib/px4_ros_com/offboard_control_srv\n'}
[2.122446] (px4_ros_com) StdoutLine: {'line': b'-- Up-to-date: /home/px4/ros2/ws/install/px4_ros_com/share/px4_ros_com/environment/library_path.sh\n'}
[2.122508] (px4_ros_com) StdoutLine: {'line': b'-- Up-to-date: /home/px4/ros2/ws/install/px4_ros_com/share/px4_ros_com/environment/library_path.dsv\n'}
[2.122586] (px4_ros_com) StdoutLine: {'line': b'-- Up-to-date: /home/px4/ros2/ws/install/px4_ros_com/include/px4_ros_com\n'}
[2.122637] (px4_ros_com) StdoutLine: {'line': b'-- Up-to-date: /home/px4/ros2/ws/install/px4_ros_com/include/px4_ros_com/frame_transforms.h\n'}
[2.122833] (px4_ros_com) StdoutLine: {'line': b'-- Up-to-date: /home/px4/ros2/ws/install/px4_ros_com/lib/libframe_transforms.so\n'}
[2.123000] (px4_ros_com) StdoutLine: {'line': b'-- Up-to-date: /home/px4/ros2/ws/install/px4_ros_com/share/px4_ros_com//launch\n'}
[2.123132] (px4_ros_com) StdoutLine: {'line': b'-- Up-to-date: /home/px4/ros2/ws/install/px4_ros_com/share/px4_ros_com//launch/offboard_control_launch.yaml\n'}
[2.123258] (px4_ros_com) StdoutLine: {'line': b'-- Up-to-date: /home/px4/ros2/ws/install/px4_ros_com/share/px4_ros_com//launch/sensor_combined_listener.launch.py\n'}
[2.123391] (px4_ros_com) StdoutLine: {'line': b'-- Up-to-date: /home/px4/ros2/ws/install/px4_ros_com/share/px4_ros_com//test\n'}
[2.123460] (px4_ros_com) StdoutLine: {'line': b'-- Up-to-date: /home/px4/ros2/ws/install/px4_ros_com/share/px4_ros_com//test/pipeline_io_test.py\n'}
[2.123509] (px4_ros_com) StdoutLine: {'line': b'-- Up-to-date: /home/px4/ros2/ws/install/px4_ros_com/share/px4_ros_com//test/__init__.py\n'}
[2.123596] (px4_ros_com) StdoutLine: {'line': b'-- Up-to-date: /home/px4/ros2/ws/install/px4_ros_com/share/px4_ros_com//test/test_output.py\n'}
[2.123646] (px4_ros_com) StdoutLine: {'line': b'-- Up-to-date: /home/px4/ros2/ws/install/px4_ros_com/share/px4_ros_com//test/test_input.py\n'}
[2.123722] (px4_ros_com) StdoutLine: {'line': b'-- Up-to-date: /home/px4/ros2/ws/install/px4_ros_com/share/px4_ros_com/environment/pythonpath.sh\n'}
[2.123798] (px4_ros_com) StdoutLine: {'line': b'-- Up-to-date: /home/px4/ros2/ws/install/px4_ros_com/share/px4_ros_com/environment/pythonpath.dsv\n'}
[2.123883] (px4_ros_com) StdoutLine: {'line': b'-- Up-to-date: /home/px4/ros2/ws/install/px4_ros_com/local/lib/python3.10/dist-packages/px4_ros_com-0.1.0-py3.10.egg-info\n'}
[2.123961] (px4_ros_com) StdoutLine: {'line': b'-- Installing: /home/px4/ros2/ws/install/px4_ros_com/local/lib/python3.10/dist-packages/px4_ros_com-0.1.0-py3.10.egg-info/top_level.txt\n'}
[2.124035] (px4_ros_com) StdoutLine: {'line': b'-- Installing: /home/px4/ros2/ws/install/px4_ros_com/local/lib/python3.10/dist-packages/px4_ros_com-0.1.0-py3.10.egg-info/dependency_links.txt\n'}
[2.124156] (px4_ros_com) StdoutLine: {'line': b'-- Installing: /home/px4/ros2/ws/install/px4_ros_com/local/lib/python3.10/dist-packages/px4_ros_com-0.1.0-py3.10.egg-info/SOURCES.txt\n'}
[2.124215] (px4_ros_com) StdoutLine: {'line': b'-- Installing: /home/px4/ros2/ws/install/px4_ros_com/local/lib/python3.10/dist-packages/px4_ros_com-0.1.0-py3.10.egg-info/PKG-INFO\n'}
[2.124266] (px4_ros_com) StdoutLine: {'line': b'-- Up-to-date: /home/px4/ros2/ws/install/px4_ros_com/local/lib/python3.10/dist-packages/px4_ros_com\n'}
[2.124315] (px4_ros_com) StdoutLine: {'line': b'-- Up-to-date: /home/px4/ros2/ws/install/px4_ros_com/local/lib/python3.10/dist-packages/px4_ros_com/__init__.py\n'}
[2.124361] (px4_ros_com) StdoutLine: {'line': b'-- Up-to-date: /home/px4/ros2/ws/install/px4_ros_com/local/lib/python3.10/dist-packages/px4_ros_com/module_to_import.py\n'}
[2.150431] (px4_ros_com) StdoutLine: {'line': b"Listing '/home/px4/ros2/ws/install/px4_ros_com/local/lib/python3.10/dist-packages/px4_ros_com'...\n"}
[2.153562] (px4_ros_com) StdoutLine: {'line': b'-- Up-to-date: /home/px4/ros2/ws/install/px4_ros_com/lib/px4_ros_com/offboard_control.py\n'}
[2.153741] (px4_ros_com) StdoutLine: {'line': b'-- Up-to-date: /home/px4/ros2/ws/install/px4_ros_com/share/ament_index/resource_index/package_run_dependencies/px4_ros_com\n'}
[2.153810] (px4_ros_com) StdoutLine: {'line': b'-- Up-to-date: /home/px4/ros2/ws/install/px4_ros_com/share/ament_index/resource_index/parent_prefix_path/px4_ros_com\n'}
[2.153931] (px4_ros_com) StdoutLine: {'line': b'-- Up-to-date: /home/px4/ros2/ws/install/px4_ros_com/share/px4_ros_com/environment/ament_prefix_path.sh\n'}
[2.154032] (px4_ros_com) StdoutLine: {'line': b'-- Up-to-date: /home/px4/ros2/ws/install/px4_ros_com/share/px4_ros_com/environment/ament_prefix_path.dsv\n'}
[2.154095] (px4_ros_com) StdoutLine: {'line': b'-- Up-to-date: /home/px4/ros2/ws/install/px4_ros_com/share/px4_ros_com/environment/path.sh\n'}
[2.154205] (px4_ros_com) StdoutLine: {'line': b'-- Up-to-date: /home/px4/ros2/ws/install/px4_ros_com/share/px4_ros_com/environment/path.dsv\n'}
[2.154260] (px4_ros_com) StdoutLine: {'line': b'-- Up-to-date: /home/px4/ros2/ws/install/px4_ros_com/share/px4_ros_com/local_setup.bash\n'}
[2.154312] (px4_ros_com) StdoutLine: {'line': b'-- Up-to-date: /home/px4/ros2/ws/install/px4_ros_com/share/px4_ros_com/local_setup.sh\n'}
[2.154412] (px4_ros_com) StdoutLine: {'line': b'-- Up-to-date: /home/px4/ros2/ws/install/px4_ros_com/share/px4_ros_com/local_setup.zsh\n'}
[2.154465] (px4_ros_com) StdoutLine: {'line': b'-- Up-to-date: /home/px4/ros2/ws/install/px4_ros_com/share/px4_ros_com/local_setup.dsv\n'}
[2.154513] (px4_ros_com) StdoutLine: {'line': b'-- Installing: /home/px4/ros2/ws/install/px4_ros_com/share/px4_ros_com/package.dsv\n'}
[2.154763] (px4_ros_com) StdoutLine: {'line': b'-- Up-to-date: /home/px4/ros2/ws/install/px4_ros_com/share/ament_index/resource_index/packages/px4_ros_com\n'}
[2.155115] (px4_ros_com) StdoutLine: {'line': b'-- Up-to-date: /home/px4/ros2/ws/install/px4_ros_com/share/px4_ros_com/cmake/export_frame_transformsExport.cmake\n'}
[2.155223] (px4_ros_com) StdoutLine: {'line': b'-- Up-to-date: /home/px4/ros2/ws/install/px4_ros_com/share/px4_ros_com/cmake/export_frame_transformsExport-noconfig.cmake\n'}
[2.155343] (px4_ros_com) StdoutLine: {'line': b'-- Up-to-date: /home/px4/ros2/ws/install/px4_ros_com/share/px4_ros_com/cmake/ament_cmake_export_dependencies-extras.cmake\n'}
[2.155415] (px4_ros_com) StdoutLine: {'line': b'-- Up-to-date: /home/px4/ros2/ws/install/px4_ros_com/share/px4_ros_com/cmake/ament_cmake_export_targets-extras.cmake\n'}
[2.155468] (px4_ros_com) StdoutLine: {'line': b'-- Up-to-date: /home/px4/ros2/ws/install/px4_ros_com/share/px4_ros_com/cmake/ament_cmake_export_include_directories-extras.cmake\n'}
[2.155584] (px4_ros_com) StdoutLine: {'line': b'-- Up-to-date: /home/px4/ros2/ws/install/px4_ros_com/share/px4_ros_com/cmake/ament_cmake_export_libraries-extras.cmake\n'}
[2.155639] (px4_ros_com) StdoutLine: {'line': b'-- Up-to-date: /home/px4/ros2/ws/install/px4_ros_com/share/px4_ros_com/cmake/px4_ros_comConfig.cmake\n'}
[2.155694] (px4_ros_com) StdoutLine: {'line': b'-- Up-to-date: /home/px4/ros2/ws/install/px4_ros_com/share/px4_ros_com/cmake/px4_ros_comConfig-version.cmake\n'}
[2.155744] (px4_ros_com) StdoutLine: {'line': b'-- Up-to-date: /home/px4/ros2/ws/install/px4_ros_com/share/px4_ros_com/package.xml\n'}
[2.157808] (px4_ros_com) CommandEnded: {'returncode': 0}
[2.170739] (px4_ros_com) JobEnded: {'identifier': 'px4_ros_com', 'rc': 0}
[2.171480] (-) EventReactorShutdown: {}
