[0.000000] (-) TimerEvent: {}
[0.000151] (dron_nav_pkg) JobQueued: {'identifier': 'dron_nav_pkg', 'dependencies': OrderedDict()}
[0.000202] (px4_msgs) JobQueued: {'identifier': 'px4_msgs', 'dependencies': OrderedDict()}
[0.000255] (px4_ros_com) JobQueued: {'identifier': 'px4_ros_com', 'dependencies': OrderedDict([('px4_msgs', '/home/px4/ros2/ws/install/px4_msgs')])}
[0.000293] (px4_msgs) JobStarted: {'identifier': 'px4_msgs'}
[0.015299] (dron_nav_pkg) JobStarted: {'identifier': 'dron_nav_pkg'}
[0.025109] (px4_msgs) JobProgress: {'identifier': 'px4_msgs', 'progress': 'cmake'}
[0.026239] (px4_msgs) JobProgress: {'identifier': 'px4_msgs', 'progress': 'build'}
[0.027387] (px4_msgs) Command: {'cmd': ['/usr/bin/cmake', '--build', '/home/px4/ros2/ws/build/px4_msgs', '--', '-j16', '-l16'], 'cwd': '/home/px4/ros2/ws/build/px4_msgs', 'env': OrderedDict([('HOSTNAME', 'legion5'), ('SHLVL', '1'), ('LIBGL_ALWAYS_SOFTWARE', '0'), ('LD_LIBRARY_PATH', '/opt/ros/humble/opt/rviz_ogre_vendor/lib:/opt/ros/humble/lib/x86_64-linux-gnu:/opt/ros/humble/lib'), ('HOME', '/root'), ('OLDPWD', '/home/px4/ros2'), ('ROS_PYTHON_VERSION', '3'), ('ROS_DISTRO', 'humble'), ('_', '/usr/bin/colcon'), ('ROS_VERSION', '2'), ('NVIDIA_DRIVER_CAPABILITIES', 'all'), ('TERM', 'xterm'), ('LIBGL_ALWAYS_INDIRECT', '0'), ('ROS_LOCALHOST_ONLY', '0'), ('QT_X11_NO_MITSHM', '1'), ('PATH', '/opt/ros/humble/bin:/usr/local/sbin:/usr/local/bin:/usr/sbin:/usr/bin:/sbin:/bin'), ('XDG_RUNTIME_DIR', '/tmp/runtime-root'), ('DISPLAY', ':1'), ('LANG', 'en_US.UTF-8'), ('XAUTHORITY', '/tmp/.docker.xauth'), ('LS_COLORS', 'rs=0:di=01;34:ln=01;36:mh=00:pi=40;33:so=01;35:do=01;35:bd=40;33;01:cd=40;33;01:or=40;31;01:mi=00:su=37;41:sg=30;43:ca=30;41:tw=30;42:ow=34;42:st=37;44:ex=01;32:*.tar=01;31:*.tgz=01;31:*.arc=01;31:*.arj=01;31:*.taz=01;31:*.lha=01;31:*.lz4=01;31:*.lzh=01;31:*.lzma=01;31:*.tlz=01;31:*.txz=01;31:*.tzo=01;31:*.t7z=01;31:*.zip=01;31:*.z=01;31:*.dz=01;31:*.gz=01;31:*.lrz=01;31:*.lz=01;31:*.lzo=01;31:*.xz=01;31:*.zst=01;31:*.tzst=01;31:*.bz2=01;31:*.bz=01;31:*.tbz=01;31:*.tbz2=01;31:*.tz=01;31:*.deb=01;31:*.rpm=01;31:*.jar=01;31:*.war=01;31:*.ear=01;31:*.sar=01;31:*.rar=01;31:*.alz=01;31:*.ace=01;31:*.zoo=01;31:*.cpio=01;31:*.7z=01;31:*.rz=01;31:*.cab=01;31:*.wim=01;31:*.swm=01;31:*.dwm=01;31:*.esd=01;31:*.jpg=01;35:*.jpeg=01;35:*.mjpg=01;35:*.mjpeg=01;35:*.gif=01;35:*.bmp=01;35:*.pbm=01;35:*.pgm=01;35:*.ppm=01;35:*.tga=01;35:*.xbm=01;35:*.xpm=01;35:*.tif=01;35:*.tiff=01;35:*.png=01;35:*.svg=01;35:*.svgz=01;35:*.mng=01;35:*.pcx=01;35:*.mov=01;35:*.mpg=01;35:*.mpeg=01;35:*.m2v=01;35:*.mkv=01;35:*.webm=01;35:*.webp=01;35:*.ogm=01;35:*.mp4=01;35:*.m4v=01;35:*.mp4v=01;35:*.vob=01;35:*.qt=01;35:*.nuv=01;35:*.wmv=01;35:*.asf=01;35:*.rm=01;35:*.rmvb=01;35:*.flc=01;35:*.avi=01;35:*.fli=01;35:*.flv=01;35:*.gl=01;35:*.dl=01;35:*.xcf=01;35:*.xwd=01;35:*.yuv=01;35:*.cgm=01;35:*.emf=01;35:*.ogv=01;35:*.ogx=01;35:*.aac=00;36:*.au=00;36:*.flac=00;36:*.m4a=00;36:*.mid=00;36:*.midi=00;36:*.mka=00;36:*.mp3=00;36:*.mpc=00;36:*.ogg=00;36:*.ra=00;36:*.wav=00;36:*.oga=00;36:*.opus=00;36:*.spx=00;36:*.xspf=00;36:'), ('ROS_DOMAIN_ID', '0'), ('AMENT_PREFIX_PATH', '/opt/ros/humble'), ('DEBIAN_FRONTEND', 'noninteractive'), ('PWD', '/home/px4/ros2/ws/build/px4_msgs'), ('LC_ALL', 'en_US.UTF-8'), ('PYTHONPATH', '/opt/ros/humble/lib/python3.10/site-packages:/opt/ros/humble/local/lib/python3.10/dist-packages'), ('NVIDIA_VISIBLE_DEVICES', 'all'), ('COLCON', '1'), ('CMAKE_PREFIX_PATH', '/opt/ros/humble')]), 'shell': False}
[0.098742] (-) TimerEvent: {}
[0.199100] (-) TimerEvent: {}
[0.299463] (-) TimerEvent: {}
[0.399899] (-) TimerEvent: {}
[0.500261] (-) TimerEvent: {}
[0.600643] (-) TimerEvent: {}
[0.700990] (-) TimerEvent: {}
[0.801346] (-) TimerEvent: {}
[0.901736] (-) TimerEvent: {}
[0.924818] (dron_nav_pkg) Command: {'cmd': ['/usr/bin/python3', '-W', 'ignore:setup.py install is deprecated', '-W', 'ignore:easy_install command is deprecated', 'setup.py', 'egg_info', '--egg-base', '../../build/dron_nav_pkg', 'build', '--build-base', '/home/px4/ros2/ws/build/dron_nav_pkg/build', 'install', '--record', '/home/px4/ros2/ws/build/dron_nav_pkg/install.log', '--single-version-externally-managed', 'install_data'], 'cwd': '/home/px4/ros2/ws/src/dron_nav_pkg', 'env': {'HOSTNAME': 'legion5', 'SHLVL': '1', 'LIBGL_ALWAYS_SOFTWARE': '0', 'LD_LIBRARY_PATH': '/opt/ros/humble/opt/rviz_ogre_vendor/lib:/opt/ros/humble/lib/x86_64-linux-gnu:/opt/ros/humble/lib', 'HOME': '/root', 'OLDPWD': '/home/px4/ros2', 'ROS_PYTHON_VERSION': '3', 'ROS_DISTRO': 'humble', '_': '/usr/bin/colcon', 'ROS_VERSION': '2', 'NVIDIA_DRIVER_CAPABILITIES': 'all', 'TERM': 'xterm', 'LIBGL_ALWAYS_INDIRECT': '0', 'ROS_LOCALHOST_ONLY': '0', 'QT_X11_NO_MITSHM': '1', 'PATH': '/opt/ros/humble/bin:/usr/local/sbin:/usr/local/bin:/usr/sbin:/usr/bin:/sbin:/bin', 'XDG_RUNTIME_DIR': '/tmp/runtime-root', 'DISPLAY': ':1', 'LANG': 'en_US.UTF-8', 'XAUTHORITY': '/tmp/.docker.xauth', 'LS_COLORS': 'rs=0:di=01;34:ln=01;36:mh=00:pi=40;33:so=01;35:do=01;35:bd=40;33;01:cd=40;33;01:or=40;31;01:mi=00:su=37;41:sg=30;43:ca=30;41:tw=30;42:ow=34;42:st=37;44:ex=01;32:*.tar=01;31:*.tgz=01;31:*.arc=01;31:*.arj=01;31:*.taz=01;31:*.lha=01;31:*.lz4=01;31:*.lzh=01;31:*.lzma=01;31:*.tlz=01;31:*.txz=01;31:*.tzo=01;31:*.t7z=01;31:*.zip=01;31:*.z=01;31:*.dz=01;31:*.gz=01;31:*.lrz=01;31:*.lz=01;31:*.lzo=01;31:*.xz=01;31:*.zst=01;31:*.tzst=01;31:*.bz2=01;31:*.bz=01;31:*.tbz=01;31:*.tbz2=01;31:*.tz=01;31:*.deb=01;31:*.rpm=01;31:*.jar=01;31:*.war=01;31:*.ear=01;31:*.sar=01;31:*.rar=01;31:*.alz=01;31:*.ace=01;31:*.zoo=01;31:*.cpio=01;31:*.7z=01;31:*.rz=01;31:*.cab=01;31:*.wim=01;31:*.swm=01;31:*.dwm=01;31:*.esd=01;31:*.jpg=01;35:*.jpeg=01;35:*.mjpg=01;35:*.mjpeg=01;35:*.gif=01;35:*.bmp=01;35:*.pbm=01;35:*.pgm=01;35:*.ppm=01;35:*.tga=01;35:*.xbm=01;35:*.xpm=01;35:*.tif=01;35:*.tiff=01;35:*.png=01;35:*.svg=01;35:*.svgz=01;35:*.mng=01;35:*.pcx=01;35:*.mov=01;35:*.mpg=01;35:*.mpeg=01;35:*.m2v=01;35:*.mkv=01;35:*.webm=01;35:*.webp=01;35:*.ogm=01;35:*.mp4=01;35:*.m4v=01;35:*.mp4v=01;35:*.vob=01;35:*.qt=01;35:*.nuv=01;35:*.wmv=01;35:*.asf=01;35:*.rm=01;35:*.rmvb=01;35:*.flc=01;35:*.avi=01;35:*.fli=01;35:*.flv=01;35:*.gl=01;35:*.dl=01;35:*.xcf=01;35:*.xwd=01;35:*.yuv=01;35:*.cgm=01;35:*.emf=01;35:*.ogv=01;35:*.ogx=01;35:*.aac=00;36:*.au=00;36:*.flac=00;36:*.m4a=00;36:*.mid=00;36:*.midi=00;36:*.mka=00;36:*.mp3=00;36:*.mpc=00;36:*.ogg=00;36:*.ra=00;36:*.wav=00;36:*.oga=00;36:*.opus=00;36:*.spx=00;36:*.xspf=00;36:', 'ROS_DOMAIN_ID': '0', 'AMENT_PREFIX_PATH': '/opt/ros/humble', 'DEBIAN_FRONTEND': 'noninteractive', 'PWD': '/home/px4/ros2/ws/build/dron_nav_pkg', 'LC_ALL': 'en_US.UTF-8', 'PYTHONPATH': '/home/px4/ros2/ws/build/dron_nav_pkg/prefix_override:/usr/lib/python3/dist-packages/colcon_core/task/python/colcon_distutils_commands:/home/px4/ros2/ws/install/dron_nav_pkg/lib/python3.10/site-packages:/opt/ros/humble/lib/python3.10/site-packages:/opt/ros/humble/local/lib/python3.10/dist-packages', 'NVIDIA_VISIBLE_DEVICES': 'all', 'COLCON': '1'}, 'shell': False}
[1.001844] (-) TimerEvent: {}
[1.102172] (-) TimerEvent: {}
[1.123885] (px4_msgs) StdoutLine: {'line': b'[  0%] Built target px4_msgs__cpp\n'}
[1.151701] (px4_msgs) StdoutLine: {'line': b'\x1b[35m\x1b[1mConsolidate compiler generated dependencies of target px4_msgs__rosidl_generator_c\x1b[0m\n'}
[1.202273] (-) TimerEvent: {}
[1.242709] (dron_nav_pkg) StdoutLine: {'line': b'running egg_info\n'}
[1.244113] (dron_nav_pkg) StdoutLine: {'line': b'writing ../../build/dron_nav_pkg/dron_nav_pkg.egg-info/PKG-INFO\n'}
[1.244405] (dron_nav_pkg) StdoutLine: {'line': b'writing dependency_links to ../../build/dron_nav_pkg/dron_nav_pkg.egg-info/dependency_links.txt\n'}
[1.244647] (dron_nav_pkg) StdoutLine: {'line': b'writing entry points to ../../build/dron_nav_pkg/dron_nav_pkg.egg-info/entry_points.txt\n'}
[1.244925] (dron_nav_pkg) StdoutLine: {'line': b'writing requirements to ../../build/dron_nav_pkg/dron_nav_pkg.egg-info/requires.txt\n'}
[1.245088] (dron_nav_pkg) StdoutLine: {'line': b'writing top-level names to ../../build/dron_nav_pkg/dron_nav_pkg.egg-info/top_level.txt\n'}
[1.247812] (dron_nav_pkg) StdoutLine: {'line': b"reading manifest file '../../build/dron_nav_pkg/dron_nav_pkg.egg-info/SOURCES.txt'\n"}
[1.249051] (dron_nav_pkg) StdoutLine: {'line': b"writing manifest file '../../build/dron_nav_pkg/dron_nav_pkg.egg-info/SOURCES.txt'\n"}
[1.249286] (dron_nav_pkg) StdoutLine: {'line': b'running build\n'}
[1.249414] (dron_nav_pkg) StdoutLine: {'line': b'running build_py\n'}
[1.249707] (dron_nav_pkg) StdoutLine: {'line': b'running install\n'}
[1.250176] (dron_nav_pkg) StdoutLine: {'line': b'running install_lib\n'}
[1.252175] (dron_nav_pkg) StdoutLine: {'line': b'running install_data\n'}
[1.252454] (dron_nav_pkg) StdoutLine: {'line': b'running install_egg_info\n'}
[1.253320] (px4_msgs) StdoutLine: {'line': b'\x1b[35m\x1b[1mConsolidate compiler generated dependencies of target px4_msgs__rosidl_typesupport_cpp\x1b[0m\n'}
[1.255155] (dron_nav_pkg) StdoutLine: {'line': b"removing '/home/px4/ros2/ws/install/dron_nav_pkg/lib/python3.10/site-packages/dron_nav_pkg-0.0.0-py3.10.egg-info' (and everything under it)\n"}
[1.255937] (dron_nav_pkg) StdoutLine: {'line': b'Copying ../../build/dron_nav_pkg/dron_nav_pkg.egg-info to /home/px4/ros2/ws/install/dron_nav_pkg/lib/python3.10/site-packages/dron_nav_pkg-0.0.0-py3.10.egg-info\n'}
[1.257563] (dron_nav_pkg) StdoutLine: {'line': b'running install_scripts\n'}
[1.275299] (px4_msgs) StdoutLine: {'line': b'\x1b[35m\x1b[1mConsolidate compiler generated dependencies of target px4_msgs__rosidl_typesupport_introspection_cpp\x1b[0m\n'}
[1.286798] (dron_nav_pkg) StdoutLine: {'line': b'Installing dron_nav_pkg script to /home/px4/ros2/ws/install/dron_nav_pkg/lib/dron_nav_pkg\n'}
[1.287345] (dron_nav_pkg) StdoutLine: {'line': b"writing list of installed files to '/home/px4/ros2/ws/build/dron_nav_pkg/install.log'\n"}
[1.291368] (px4_msgs) StdoutLine: {'line': b'[ 12%] Built target px4_msgs__rosidl_generator_c\n'}
[1.298877] (px4_msgs) StdoutLine: {'line': b'\x1b[35m\x1b[1mConsolidate compiler generated dependencies of target px4_msgs__rosidl_typesupport_fastrtps_cpp\x1b[0m\n'}
[1.302420] (-) TimerEvent: {}
[1.327112] (dron_nav_pkg) CommandEnded: {'returncode': 0}
[1.328508] (px4_msgs) StdoutLine: {'line': b'[ 12%] Built target ament_cmake_python_copy_px4_msgs\n'}
[1.349593] (dron_nav_pkg) JobEnded: {'identifier': 'dron_nav_pkg', 'rc': 0}
[1.361260] (px4_msgs) StdoutLine: {'line': b'\x1b[35m\x1b[1mConsolidate compiler generated dependencies of target px4_msgs__rosidl_typesupport_c\x1b[0m\n'}
[1.383953] (px4_msgs) StdoutLine: {'line': b'\x1b[35m\x1b[1mConsolidate compiler generated dependencies of target px4_msgs__rosidl_typesupport_introspection_c\x1b[0m\n'}
[1.402524] (-) TimerEvent: {}
[1.447874] (px4_msgs) StdoutLine: {'line': b'[ 25%] Built target px4_msgs__rosidl_typesupport_c\n'}
[1.453551] (px4_msgs) StdoutLine: {'line': b'\x1b[35m\x1b[1mConsolidate compiler generated dependencies of target px4_msgs__rosidl_typesupport_fastrtps_c\x1b[0m\n'}
[1.502643] (-) TimerEvent: {}
[1.504721] (px4_msgs) StdoutLine: {'line': b'[ 38%] Built target px4_msgs__rosidl_typesupport_introspection_c\n'}
[1.516620] (px4_msgs) StdoutLine: {'line': b'[ 50%] Built target px4_msgs__rosidl_typesupport_cpp\n'}
[1.557497] (px4_msgs) StdoutLine: {'line': b'[ 63%] Built target px4_msgs__rosidl_typesupport_introspection_cpp\n'}
[1.602754] (-) TimerEvent: {}
[1.620121] (px4_msgs) StdoutLine: {'line': b'[ 75%] Built target px4_msgs__rosidl_typesupport_fastrtps_cpp\n'}
[1.680447] (px4_msgs) StdoutLine: {'line': b'running egg_info\n'}
[1.681844] (px4_msgs) StdoutLine: {'line': b'writing px4_msgs.egg-info/PKG-INFO\n'}
[1.682183] (px4_msgs) StdoutLine: {'line': b'writing dependency_links to px4_msgs.egg-info/dependency_links.txt\n'}
[1.682473] (px4_msgs) StdoutLine: {'line': b'writing top-level names to px4_msgs.egg-info/top_level.txt\n'}
[1.688693] (px4_msgs) StdoutLine: {'line': b"reading manifest file 'px4_msgs.egg-info/SOURCES.txt'\n"}
[1.693949] (px4_msgs) StdoutLine: {'line': b"writing manifest file 'px4_msgs.egg-info/SOURCES.txt'\n"}
[1.702872] (-) TimerEvent: {}
[1.733350] (px4_msgs) StdoutLine: {'line': b'[ 75%] Built target ament_cmake_python_build_px4_msgs_egg\n'}
[1.747226] (px4_msgs) StdoutLine: {'line': b'[ 88%] Built target px4_msgs__rosidl_typesupport_fastrtps_c\n'}
[1.780738] (px4_msgs) StdoutLine: {'line': b'[ 88%] Built target px4_msgs\n'}
[1.803034] (-) TimerEvent: {}
[1.831893] (px4_msgs) StdoutLine: {'line': b'[ 88%] Built target px4_msgs__py\n'}
[1.903170] (-) TimerEvent: {}
[1.964248] (px4_msgs) StdoutLine: {'line': b'\x1b[35m\x1b[1mConsolidate compiler generated dependencies of target px4_msgs__rosidl_generator_py\x1b[0m\n'}
[2.003302] (-) TimerEvent: {}
[2.103653] (-) TimerEvent: {}
[2.204003] (-) TimerEvent: {}
[2.270165] (px4_msgs) StdoutLine: {'line': b'[100%] Built target px4_msgs__rosidl_generator_py\n'}
[2.291569] (px4_msgs) StdoutLine: {'line': b'\x1b[35m\x1b[1mConsolidate compiler generated dependencies of target px4_msgs__rosidl_typesupport_c__pyext\x1b[0m\n'}
[2.291832] (px4_msgs) StdoutLine: {'line': b'\x1b[35m\x1b[1mConsolidate compiler generated dependencies of target px4_msgs__rosidl_typesupport_introspection_c__pyext\x1b[0m\n'}
[2.292025] (px4_msgs) StdoutLine: {'line': b'\x1b[35m\x1b[1mConsolidate compiler generated dependencies of target px4_msgs__rosidl_typesupport_fastrtps_c__pyext\x1b[0m\n'}
[2.304135] (-) TimerEvent: {}
[2.326520] (px4_msgs) StdoutLine: {'line': b'[100%] Built target px4_msgs__rosidl_typesupport_c__pyext\n'}
[2.326797] (px4_msgs) StdoutLine: {'line': b'[100%] Built target px4_msgs__rosidl_typesupport_introspection_c__pyext\n'}
[2.326920] (px4_msgs) StdoutLine: {'line': b'[100%] Built target px4_msgs__rosidl_typesupport_fastrtps_c__pyext\n'}
[2.348361] (px4_msgs) CommandEnded: {'returncode': 0}
[2.350838] (px4_msgs) JobProgress: {'identifier': 'px4_msgs', 'progress': 'install'}
[2.364618] (px4_msgs) Command: {'cmd': ['/usr/bin/cmake', '--install', '/home/px4/ros2/ws/build/px4_msgs'], 'cwd': '/home/px4/ros2/ws/build/px4_msgs', 'env': OrderedDict([('HOSTNAME', 'legion5'), ('SHLVL', '1'), ('LIBGL_ALWAYS_SOFTWARE', '0'), ('LD_LIBRARY_PATH', '/opt/ros/humble/opt/rviz_ogre_vendor/lib:/opt/ros/humble/lib/x86_64-linux-gnu:/opt/ros/humble/lib'), ('HOME', '/root'), ('OLDPWD', '/home/px4/ros2'), ('ROS_PYTHON_VERSION', '3'), ('ROS_DISTRO', 'humble'), ('_', '/usr/bin/colcon'), ('ROS_VERSION', '2'), ('NVIDIA_DRIVER_CAPABILITIES', 'all'), ('TERM', 'xterm'), ('LIBGL_ALWAYS_INDIRECT', '0'), ('ROS_LOCALHOST_ONLY', '0'), ('QT_X11_NO_MITSHM', '1'), ('PATH', '/opt/ros/humble/bin:/usr/local/sbin:/usr/local/bin:/usr/sbin:/usr/bin:/sbin:/bin'), ('XDG_RUNTIME_DIR', '/tmp/runtime-root'), ('DISPLAY', ':1'), ('LANG', 'en_US.UTF-8'), ('XAUTHORITY', '/tmp/.docker.xauth'), ('LS_COLORS', 'rs=0:di=01;34:ln=01;36:mh=00:pi=40;33:so=01;35:do=01;35:bd=40;33;01:cd=40;33;01:or=40;31;01:mi=00:su=37;41:sg=30;43:ca=30;41:tw=30;42:ow=34;42:st=37;44:ex=01;32:*.tar=01;31:*.tgz=01;31:*.arc=01;31:*.arj=01;31:*.taz=01;31:*.lha=01;31:*.lz4=01;31:*.lzh=01;31:*.lzma=01;31:*.tlz=01;31:*.txz=01;31:*.tzo=01;31:*.t7z=01;31:*.zip=01;31:*.z=01;31:*.dz=01;31:*.gz=01;31:*.lrz=01;31:*.lz=01;31:*.lzo=01;31:*.xz=01;31:*.zst=01;31:*.tzst=01;31:*.bz2=01;31:*.bz=01;31:*.tbz=01;31:*.tbz2=01;31:*.tz=01;31:*.deb=01;31:*.rpm=01;31:*.jar=01;31:*.war=01;31:*.ear=01;31:*.sar=01;31:*.rar=01;31:*.alz=01;31:*.ace=01;31:*.zoo=01;31:*.cpio=01;31:*.7z=01;31:*.rz=01;31:*.cab=01;31:*.wim=01;31:*.swm=01;31:*.dwm=01;31:*.esd=01;31:*.jpg=01;35:*.jpeg=01;35:*.mjpg=01;35:*.mjpeg=01;35:*.gif=01;35:*.bmp=01;35:*.pbm=01;35:*.pgm=01;35:*.ppm=01;35:*.tga=01;35:*.xbm=01;35:*.xpm=01;35:*.tif=01;35:*.tiff=01;35:*.png=01;35:*.svg=01;35:*.svgz=01;35:*.mng=01;35:*.pcx=01;35:*.mov=01;35:*.mpg=01;35:*.mpeg=01;35:*.m2v=01;35:*.mkv=01;35:*.webm=01;35:*.webp=01;35:*.ogm=01;35:*.mp4=01;35:*.m4v=01;35:*.mp4v=01;35:*.vob=01;35:*.qt=01;35:*.nuv=01;35:*.wmv=01;35:*.asf=01;35:*.rm=01;35:*.rmvb=01;35:*.flc=01;35:*.avi=01;35:*.fli=01;35:*.flv=01;35:*.gl=01;35:*.dl=01;35:*.xcf=01;35:*.xwd=01;35:*.yuv=01;35:*.cgm=01;35:*.emf=01;35:*.ogv=01;35:*.ogx=01;35:*.aac=00;36:*.au=00;36:*.flac=00;36:*.m4a=00;36:*.mid=00;36:*.midi=00;36:*.mka=00;36:*.mp3=00;36:*.mpc=00;36:*.ogg=00;36:*.ra=00;36:*.wav=00;36:*.oga=00;36:*.opus=00;36:*.spx=00;36:*.xspf=00;36:'), ('ROS_DOMAIN_ID', '0'), ('AMENT_PREFIX_PATH', '/opt/ros/humble'), ('DEBIAN_FRONTEND', 'noninteractive'), ('PWD', '/home/px4/ros2/ws/build/px4_msgs'), ('LC_ALL', 'en_US.UTF-8'), ('PYTHONPATH', '/opt/ros/humble/lib/python3.10/site-packages:/opt/ros/humble/local/lib/python3.10/dist-packages'), ('NVIDIA_VISIBLE_DEVICES', 'all'), ('COLCON', '1'), ('CMAKE_PREFIX_PATH', '/opt/ros/humble')]), 'shell': False}
[2.379457] (px4_msgs) StdoutLine: {'line': b'-- Install configuration: ""\n'}
[2.379815] (px4_msgs) StdoutLine: {'line': b'-- Up-to-date: /home/px4/ros2/ws/install/px4_msgs/share/ament_index/resource_index/rosidl_interfaces/px4_msgs\n'}
[2.380011] (px4_msgs) StdoutLine: {'line': b'-- Up-to-date: /home/px4/ros2/ws/install/px4_msgs/include/px4_msgs/px4_msgs\n'}
[2.380212] (px4_msgs) StdoutLine: {'line': b'-- Up-to-date: /home/px4/ros2/ws/install/px4_msgs/include/px4_msgs/px4_msgs/msg\n'}
[2.380418] (px4_msgs) StdoutLine: {'line': b'-- Up-to-date: /home/px4/ros2/ws/install/px4_msgs/include/px4_msgs/px4_msgs/msg/input_rc.h\n'}
[2.380645] (px4_msgs) StdoutLine: {'line': b'-- Up-to-date: /home/px4/ros2/ws/install/px4_msgs/include/px4_msgs/px4_msgs/msg/distance_sensor.h\n'}
[2.380818] (px4_msgs) StdoutLine: {'line': b'-- Up-to-date: /home/px4/ros2/ws/install/px4_msgs/include/px4_msgs/px4_msgs/msg/radio_status.h\n'}
[2.380942] (px4_msgs) StdoutLine: {'line': b'-- Up-to-date: /home/px4/ros2/ws/install/px4_msgs/include/px4_msgs/px4_msgs/msg/sensor_gps.h\n'}
[2.381059] (px4_msgs) StdoutLine: {'line': b'-- Up-to-date: /home/px4/ros2/ws/install/px4_msgs/include/px4_msgs/px4_msgs/msg/pure_pursuit_status.h\n'}
[2.381168] (px4_msgs) StdoutLine: {'line': b'-- Up-to-date: /home/px4/ros2/ws/install/px4_msgs/include/px4_msgs/px4_msgs/msg/health_report.h\n'}
[2.381307] (px4_msgs) StdoutLine: {'line': b'-- Up-to-date: /home/px4/ros2/ws/install/px4_msgs/include/px4_msgs/px4_msgs/msg/gimbal_controls.h\n'}
[2.381547] (px4_msgs) StdoutLine: {'line': b'-- Up-to-date: /home/px4/ros2/ws/install/px4_msgs/include/px4_msgs/px4_msgs/msg/config_overrides.h\n'}
[2.381687] (px4_msgs) StdoutLine: {'line': b'-- Up-to-date: /home/px4/ros2/ws/install/px4_msgs/include/px4_msgs/px4_msgs/msg/vehicle_command_ack.h\n'}
[2.381842] (px4_msgs) StdoutLine: {'line': b'-- Up-to-date: /home/px4/ros2/ws/install/px4_msgs/include/px4_msgs/px4_msgs/msg/orb_test_medium.h\n'}
[2.381960] (px4_msgs) StdoutLine: {'line': b'-- Up-to-date: /home/px4/ros2/ws/install/px4_msgs/include/px4_msgs/px4_msgs/msg/led_control.h\n'}
[2.382159] (px4_msgs) StdoutLine: {'line': b'-- Up-to-date: /home/px4/ros2/ws/install/px4_msgs/include/px4_msgs/px4_msgs/msg/uavcan_parameter_value.h\n'}
[2.382407] (px4_msgs) StdoutLine: {'line': b'-- Up-to-date: /home/px4/ros2/ws/install/px4_msgs/include/px4_msgs/px4_msgs/msg/gps_inject_data.h\n'}
[2.382522] (px4_msgs) StdoutLine: {'line': b'-- Up-to-date: /home/px4/ros2/ws/install/px4_msgs/include/px4_msgs/px4_msgs/msg/airspeed_wind.h\n'}
[2.382603] (px4_msgs) StdoutLine: {'line': b'-- Up-to-date: /home/px4/ros2/ws/install/px4_msgs/include/px4_msgs/px4_msgs/msg/estimator_selector_status.h\n'}
[2.382677] (px4_msgs) StdoutLine: {'line': b'-- Up-to-date: /home/px4/ros2/ws/install/px4_msgs/include/px4_msgs/px4_msgs/msg/actuator_servos.h\n'}
[2.382770] (px4_msgs) StdoutLine: {'line': b'-- Up-to-date: /home/px4/ros2/ws/install/px4_msgs/include/px4_msgs/px4_msgs/msg/estimator_aid_source1d.h\n'}
[2.382842] (px4_msgs) StdoutLine: {'line': b'-- Up-to-date: /home/px4/ros2/ws/install/px4_msgs/include/px4_msgs/px4_msgs/msg/vehicle_magnetometer.h\n'}
[2.382908] (px4_msgs) StdoutLine: {'line': b'-- Up-to-date: /home/px4/ros2/ws/install/px4_msgs/include/px4_msgs/px4_msgs/msg/vehicle_rates_setpoint.h\n'}
[2.382972] (px4_msgs) StdoutLine: {'line': b'-- Up-to-date: /home/px4/ros2/ws/install/px4_msgs/include/px4_msgs/px4_msgs/msg/collision_constraints.h\n'}
[2.383034] (px4_msgs) StdoutLine: {'line': b'-- Up-to-date: /home/px4/ros2/ws/install/px4_msgs/include/px4_msgs/px4_msgs/msg/orb_test.h\n'}
[2.383099] (px4_msgs) StdoutLine: {'line': b'-- Up-to-date: /home/px4/ros2/ws/install/px4_msgs/include/px4_msgs/px4_msgs/msg/ping.h\n'}
[2.383225] (px4_msgs) StdoutLine: {'line': b'-- Up-to-date: /home/px4/ros2/ws/install/px4_msgs/include/px4_msgs/px4_msgs/msg/actuator_motors.h\n'}
[2.383382] (px4_msgs) StdoutLine: {'line': b'-- Up-to-date: /home/px4/ros2/ws/install/px4_msgs/include/px4_msgs/px4_msgs/msg/geofence_status.h\n'}
[2.383482] (px4_msgs) StdoutLine: {'line': b'-- Up-to-date: /home/px4/ros2/ws/install/px4_msgs/include/px4_msgs/px4_msgs/msg/estimator_sensor_bias.h\n'}
[2.383575] (px4_msgs) StdoutLine: {'line': b'-- Up-to-date: /home/px4/ros2/ws/install/px4_msgs/include/px4_msgs/px4_msgs/msg/sensor_combined.h\n'}
[2.383682] (px4_msgs) StdoutLine: {'line': b'-- Up-to-date: /home/px4/ros2/ws/install/px4_msgs/include/px4_msgs/px4_msgs/msg/generator_status.h\n'}
[2.383811] (px4_msgs) StdoutLine: {'line': b'-- Up-to-date: /home/px4/ros2/ws/install/px4_msgs/include/px4_msgs/px4_msgs/msg/register_ext_component_request.h\n'}
[2.383907] (px4_msgs) StdoutLine: {'line': b'-- Up-to-date: /home/px4/ros2/ws/install/px4_msgs/include/px4_msgs/px4_msgs/msg/vehicle_angular_acceleration_setpoint.h\n'}
[2.384017] (px4_msgs) StdoutLine: {'line': b'-- Up-to-date: /home/px4/ros2/ws/install/px4_msgs/include/px4_msgs/px4_msgs/msg/pwm_input.h\n'}
[2.384136] (px4_msgs) StdoutLine: {'line': b'-- Up-to-date: /home/px4/ros2/ws/install/px4_msgs/include/px4_msgs/px4_msgs/msg/rover_velocity_setpoint.h\n'}
[2.384266] (px4_msgs) StdoutLine: {'line': b'-- Up-to-date: /home/px4/ros2/ws/install/px4_msgs/include/px4_msgs/px4_msgs/msg/ulog_stream_ack.h\n'}
[2.384368] (px4_msgs) StdoutLine: {'line': b'-- Up-to-date: /home/px4/ros2/ws/install/px4_msgs/include/px4_msgs/px4_msgs/msg/vehicle_optical_flow_vel.h\n'}
[2.384462] (px4_msgs) StdoutLine: {'line': b'-- Up-to-date: /home/px4/ros2/ws/install/px4_msgs/include/px4_msgs/px4_msgs/msg/vehicle_thrust_setpoint.h\n'}
[2.384558] (px4_msgs) StdoutLine: {'line': b'-- Up-to-date: /home/px4/ros2/ws/install/px4_msgs/include/px4_msgs/px4_msgs/msg/mavlink_tunnel.h\n'}
[2.384771] (px4_msgs) StdoutLine: {'line': b'-- Up-to-date: /home/px4/ros2/ws/install/px4_msgs/include/px4_msgs/px4_msgs/msg/follow_target_estimator.h\n'}
[2.384864] (px4_msgs) StdoutLine: {'line': b'-- Up-to-date: /home/px4/ros2/ws/install/px4_msgs/include/px4_msgs/px4_msgs/msg/gimbal_manager_set_manual_control.h\n'}
[2.384955] (px4_msgs) StdoutLine: {'line': b'-- Up-to-date: /home/px4/ros2/ws/install/px4_msgs/include/px4_msgs/px4_msgs/msg/camera_capture.h\n'}
[2.385046] (px4_msgs) StdoutLine: {'line': b'-- Up-to-date: /home/px4/ros2/ws/install/px4_msgs/include/px4_msgs/px4_msgs/msg/mount_orientation.h\n'}
[2.385132] (px4_msgs) StdoutLine: {'line': b'-- Up-to-date: /home/px4/ros2/ws/install/px4_msgs/include/px4_msgs/px4_msgs/msg/rover_attitude_status.h\n'}
[2.385321] (px4_msgs) StdoutLine: {'line': b'-- Up-to-date: /home/px4/ros2/ws/install/px4_msgs/include/px4_msgs/px4_msgs/msg/parameter_update.h\n'}
[2.385416] (px4_msgs) StdoutLine: {'line': b'-- Up-to-date: /home/px4/ros2/ws/install/px4_msgs/include/px4_msgs/px4_msgs/msg/qshell_retval.h\n'}
[2.385542] (px4_msgs) StdoutLine: {'line': b'-- Up-to-date: /home/px4/ros2/ws/install/px4_msgs/include/px4_msgs/px4_msgs/msg/gpio_request.h\n'}
[2.385621] (px4_msgs) StdoutLine: {'line': b'-- Up-to-date: /home/px4/ros2/ws/install/px4_msgs/include/px4_msgs/px4_msgs/msg/detail\n'}
[2.385751] (px4_msgs) StdoutLine: {'line': b'-- Up-to-date: /home/px4/ros2/ws/install/px4_msgs/include/px4_msgs/px4_msgs/msg/detail/input_rc__functions.c\n'}
[2.385853] (px4_msgs) StdoutLine: {'line': b'-- Up-to-date: /home/px4/ros2/ws/install/px4_msgs/include/px4_msgs/px4_msgs/msg/detail/sensor_mag__functions.h\n'}
[2.385927] (px4_msgs) StdoutLine: {'line': b'-- Up-to-date: /home/px4/ros2/ws/install/px4_msgs/include/px4_msgs/px4_msgs/msg/detail/vehicle_command__struct.h\n'}
[2.386040] (px4_msgs) StdoutLine: {'line': b'-- Up-to-date: /home/px4/ros2/ws/install/px4_msgs/include/px4_msgs/px4_msgs/msg/detail/rtl_status__functions.h\n'}
[2.386119] (px4_msgs) StdoutLine: {'line': b'-- Up-to-date: /home/px4/ros2/ws/install/px4_msgs/include/px4_msgs/px4_msgs/msg/detail/figure_eight_status__type_support.h\n'}
[2.386270] (px4_msgs) StdoutLine: {'line': b'-- Up-to-date: /home/px4/ros2/ws/install/px4_msgs/include/px4_msgs/px4_msgs/msg/detail/fixed_wing_lateral_setpoint__functions.h\n'}
[2.386415] (px4_msgs) StdoutLine: {'line': b'-- Up-to-date: /home/px4/ros2/ws/install/px4_msgs/include/px4_msgs/px4_msgs/msg/detail/sensor_optical_flow__type_support.h\n'}
[2.386534] (px4_msgs) StdoutLine: {'line': b'-- Up-to-date: /home/px4/ros2/ws/install/px4_msgs/include/px4_msgs/px4_msgs/msg/detail/distance_sensor_mode_change_request__struct.h\n'}
[2.386617] (px4_msgs) StdoutLine: {'line': b'-- Up-to-date: /home/px4/ros2/ws/install/px4_msgs/include/px4_msgs/px4_msgs/msg/detail/rover_rate_status__functions.h\n'}
[2.386704] (px4_msgs) StdoutLine: {'line': b'-- Up-to-date: /home/px4/ros2/ws/install/px4_msgs/include/px4_msgs/px4_msgs/msg/detail/dataman_response__functions.h\n'}
[2.387209] (px4_msgs) StdoutLine: {'line': b'-- Up-to-date: /home/px4/ros2/ws/install/px4_msgs/include/px4_msgs/px4_msgs/msg/detail/lateral_control_configuration__type_support.h\n'}
[2.387304] (px4_msgs) StdoutLine: {'line': b'-- Up-to-date: /home/px4/ros2/ws/install/px4_msgs/include/px4_msgs/px4_msgs/msg/detail/magnetometer_bias_estimate__struct.h\n'}
[2.387407] (px4_msgs) StdoutLine: {'line': b'-- Up-to-date: /home/px4/ros2/ws/install/px4_msgs/include/px4_msgs/px4_msgs/msg/detail/follow_target_estimator__struct.h\n'}
[2.387502] (px4_msgs) StdoutLine: {'line': b'-- Up-to-date: /home/px4/ros2/ws/install/px4_msgs/include/px4_msgs/px4_msgs/msg/detail/estimator_bias3d__struct.h\n'}
[2.387688] (px4_msgs) StdoutLine: {'line': b'-- Up-to-date: /home/px4/ros2/ws/install/px4_msgs/include/px4_msgs/px4_msgs/msg/detail/manual_control_switches__type_support.h\n'}
[2.387972] (px4_msgs) StdoutLine: {'line': b'-- Up-to-date: /home/px4/ros2/ws/install/px4_msgs/include/px4_msgs/px4_msgs/msg/detail/magnetometer_bias_estimate__functions.h\n'}
[2.388109] (px4_msgs) StdoutLine: {'line': b'-- Up-to-date: /home/px4/ros2/ws/install/px4_msgs/include/px4_msgs/px4_msgs/msg/detail/manual_control_setpoint__functions.c\n'}
[2.388499] (px4_msgs) StdoutLine: {'line': b'-- Up-to-date: /home/px4/ros2/ws/install/px4_msgs/include/px4_msgs/px4_msgs/msg/detail/vtol_vehicle_status__functions.c\n'}
[2.388654] (px4_msgs) StdoutLine: {'line': b'-- Up-to-date: /home/px4/ros2/ws/install/px4_msgs/include/px4_msgs/px4_msgs/msg/detail/task_stack_info__functions.h\n'}
[2.388759] (px4_msgs) StdoutLine: {'line': b'-- Up-to-date: /home/px4/ros2/ws/install/px4_msgs/include/px4_msgs/px4_msgs/msg/detail/camera_status__struct.h\n'}
[2.388853] (px4_msgs) StdoutLine: {'line': b'-- Up-to-date: /home/px4/ros2/ws/install/px4_msgs/include/px4_msgs/px4_msgs/msg/detail/camera_status__functions.h\n'}
[2.388952] (px4_msgs) StdoutLine: {'line': b'-- Up-to-date: /home/px4/ros2/ws/install/px4_msgs/include/px4_msgs/px4_msgs/msg/detail/estimator_aid_source2d__functions.c\n'}
[2.389336] (px4_msgs) StdoutLine: {'line': b'-- Up-to-date: /home/px4/ros2/ws/install/px4_msgs/include/px4_msgs/px4_msgs/msg/detail/config_overrides__functions.c\n'}
[2.389488] (px4_msgs) StdoutLine: {'line': b'-- Up-to-date: /home/px4/ros2/ws/install/px4_msgs/include/px4_msgs/px4_msgs/msg/detail/battery_status__struct.h\n'}
[2.389579] (px4_msgs) StdoutLine: {'line': b'-- Up-to-date: /home/px4/ros2/ws/install/px4_msgs/include/px4_msgs/px4_msgs/msg/detail/distance_sensor_mode_change_request__functions.c\n'}
[2.389696] (px4_msgs) StdoutLine: {'line': b'-- Up-to-date: /home/px4/ros2/ws/install/px4_msgs/include/px4_msgs/px4_msgs/msg/detail/parameter_update__struct.h\n'}
[2.389799] (px4_msgs) StdoutLine: {'line': b'-- Up-to-date: /home/px4/ros2/ws/install/px4_msgs/include/px4_msgs/px4_msgs/msg/detail/rover_rate_setpoint__functions.h\n'}
[2.389918] (px4_msgs) StdoutLine: {'line': b'-- Up-to-date: /home/px4/ros2/ws/install/px4_msgs/include/px4_msgs/px4_msgs/msg/detail/rover_rate_setpoint__type_support.h\n'}
[2.390026] (px4_msgs) StdoutLine: {'line': b'-- Up-to-date: /home/px4/ros2/ws/install/px4_msgs/include/px4_msgs/px4_msgs/msg/detail/camera_capture__functions.h\n'}
[2.390138] (px4_msgs) StdoutLine: {'line': b'-- Up-to-date: /home/px4/ros2/ws/install/px4_msgs/include/px4_msgs/px4_msgs/msg/detail/arming_check_request__type_support.h\n'}
[2.390312] (px4_msgs) StdoutLine: {'line': b'-- Up-to-date: /home/px4/ros2/ws/install/px4_msgs/include/px4_msgs/px4_msgs/msg/detail/mission__functions.h\n'}
[2.390416] (px4_msgs) StdoutLine: {'line': b'-- Up-to-date: /home/px4/ros2/ws/install/px4_msgs/include/px4_msgs/px4_msgs/msg/detail/register_ext_component_reply__functions.h\n'}
[2.390731] (px4_msgs) StdoutLine: {'line': b'-- Up-to-date: /home/px4/ros2/ws/install/px4_msgs/include/px4_msgs/px4_msgs/msg/detail/mission_result__struct.h\n'}
[2.390862] (px4_msgs) StdoutLine: {'line': b'-- Up-to-date: /home/px4/ros2/ws/install/px4_msgs/include/px4_msgs/px4_msgs/msg/detail/log_message__type_support.h\n'}
[2.390988] (px4_msgs) StdoutLine: {'line': b'-- Up-to-date: /home/px4/ros2/ws/install/px4_msgs/include/px4_msgs/px4_msgs/msg/detail/can_interface_status__struct.h\n'}
[2.391085] (px4_msgs) StdoutLine: {'line': b'-- Up-to-date: /home/px4/ros2/ws/install/px4_msgs/include/px4_msgs/px4_msgs/msg/detail/vehicle_optical_flow__type_support.h\n'}
[2.391218] (px4_msgs) StdoutLine: {'line': b'-- Up-to-date: /home/px4/ros2/ws/install/px4_msgs/include/px4_msgs/px4_msgs/msg/detail/open_drone_id_arm_status__type_support.h\n'}
[2.391329] (px4_msgs) StdoutLine: {'line': b'-- Up-to-date: /home/px4/ros2/ws/install/px4_msgs/include/px4_msgs/px4_msgs/msg/detail/geofence_status__struct.h\n'}
[2.391410] (px4_msgs) StdoutLine: {'line': b'-- Up-to-date: /home/px4/ros2/ws/install/px4_msgs/include/px4_msgs/px4_msgs/msg/detail/actuator_armed__type_support.h\n'}
[2.391514] (px4_msgs) StdoutLine: {'line': b'-- Up-to-date: /home/px4/ros2/ws/install/px4_msgs/include/px4_msgs/px4_msgs/msg/detail/camera_capture__functions.c\n'}
[2.391637] (px4_msgs) StdoutLine: {'line': b'-- Up-to-date: /home/px4/ros2/ws/install/px4_msgs/include/px4_msgs/px4_msgs/msg/detail/vtol_vehicle_status__type_support.h\n'}
[2.391752] (px4_msgs) StdoutLine: {'line': b'-- Up-to-date: /home/px4/ros2/ws/install/px4_msgs/include/px4_msgs/px4_msgs/msg/detail/trajectory_setpoint6dof__functions.c\n'}
[2.391855] (px4_msgs) StdoutLine: {'line': b'-- Up-to-date: /home/px4/ros2/ws/install/px4_msgs/include/px4_msgs/px4_msgs/msg/detail/heater_status__type_support.h\n'}
[2.392123] (px4_msgs) StdoutLine: {'line': b'-- Up-to-date: /home/px4/ros2/ws/install/px4_msgs/include/px4_msgs/px4_msgs/msg/detail/rover_rate_status__functions.c\n'}
[2.392351] (px4_msgs) StdoutLine: {'line': b'-- Up-to-date: /home/px4/ros2/ws/install/px4_msgs/include/px4_msgs/px4_msgs/msg/detail/vehicle_imu_status__functions.h\n'}
[2.392604] (px4_msgs) StdoutLine: {'line': b'-- Up-to-date: /home/px4/ros2/ws/install/px4_msgs/include/px4_msgs/px4_msgs/msg/detail/fixed_wing_lateral_guidance_status__functions.h\n'}
[2.392743] (px4_msgs) StdoutLine: {'line': b'-- Up-to-date: /home/px4/ros2/ws/install/px4_msgs/include/px4_msgs/px4_msgs/msg/detail/unregister_ext_component__functions.h\n'}
[2.392882] (px4_msgs) StdoutLine: {'line': b'-- Up-to-date: /home/px4/ros2/ws/install/px4_msgs/include/px4_msgs/px4_msgs/msg/detail/qshell_req__functions.c\n'}
[2.393022] (px4_msgs) StdoutLine: {'line': b'-- Up-to-date: /home/px4/ros2/ws/install/px4_msgs/include/px4_msgs/px4_msgs/msg/detail/actuator_outputs__functions.c\n'}
[2.393158] (px4_msgs) StdoutLine: {'line': b'-- Up-to-date: /home/px4/ros2/ws/install/px4_msgs/include/px4_msgs/px4_msgs/msg/detail/airspeed_wind__functions.h\n'}
[2.393388] (px4_msgs) StdoutLine: {'line': b'-- Up-to-date: /home/px4/ros2/ws/install/px4_msgs/include/px4_msgs/px4_msgs/msg/detail/vehicle_imu_status__functions.c\n'}
[2.393479] (px4_msgs) StdoutLine: {'line': b'-- Up-to-date: /home/px4/ros2/ws/install/px4_msgs/include/px4_msgs/px4_msgs/msg/detail/event__struct.h\n'}
[2.393572] (px4_msgs) StdoutLine: {'line': b'-- Up-to-date: /home/px4/ros2/ws/install/px4_msgs/include/px4_msgs/px4_msgs/msg/detail/pwm_input__functions.c\n'}
[2.393671] (px4_msgs) StdoutLine: {'line': b'-- Up-to-date: /home/px4/ros2/ws/install/px4_msgs/include/px4_msgs/px4_msgs/msg/detail/position_setpoint__functions.c\n'}
[2.393849] (px4_msgs) StdoutLine: {'line': b'-- Up-to-date: /home/px4/ros2/ws/install/px4_msgs/include/px4_msgs/px4_msgs/msg/detail/config_overrides__functions.h\n'}
[2.393972] (px4_msgs) StdoutLine: {'line': b'-- Up-to-date: /home/px4/ros2/ws/install/px4_msgs/include/px4_msgs/px4_msgs/msg/detail/telemetry_status__functions.h\n'}
[2.394092] (px4_msgs) StdoutLine: {'line': b'-- Up-to-date: /home/px4/ros2/ws/install/px4_msgs/include/px4_msgs/px4_msgs/msg/detail/rover_position_setpoint__functions.h\n'}
[2.394185] (px4_msgs) StdoutLine: {'line': b'-- Up-to-date: /home/px4/ros2/ws/install/px4_msgs/include/px4_msgs/px4_msgs/msg/detail/sensor_uwb__struct.h\n'}
[2.394296] (px4_msgs) StdoutLine: {'line': b'-- Up-to-date: /home/px4/ros2/ws/install/px4_msgs/include/px4_msgs/px4_msgs/msg/detail/rc_channels__functions.c\n'}
[2.394386] (px4_msgs) StdoutLine: {'line': b'-- Up-to-date: /home/px4/ros2/ws/install/px4_msgs/include/px4_msgs/px4_msgs/msg/detail/button_event__type_support.h\n'}
[2.394471] (px4_msgs) StdoutLine: {'line': b'-- Up-to-date: /home/px4/ros2/ws/install/px4_msgs/include/px4_msgs/px4_msgs/msg/detail/task_stack_info__struct.h\n'}
[2.394557] (px4_msgs) StdoutLine: {'line': b'-- Up-to-date: /home/px4/ros2/ws/install/px4_msgs/include/px4_msgs/px4_msgs/msg/detail/position_controller_landing_status__functions.c\n'}
[2.394644] (px4_msgs) StdoutLine: {'line': b'-- Up-to-date: /home/px4/ros2/ws/install/px4_msgs/include/px4_msgs/px4_msgs/msg/detail/offboard_control_mode__type_support.h\n'}
[2.394728] (px4_msgs) StdoutLine: {'line': b'-- Up-to-date: /home/px4/ros2/ws/install/px4_msgs/include/px4_msgs/px4_msgs/msg/detail/sensor_preflight_mag__struct.h\n'}
[2.394913] (px4_msgs) StdoutLine: {'line': b'-- Up-to-date: /home/px4/ros2/ws/install/px4_msgs/include/px4_msgs/px4_msgs/msg/detail/estimator_selector_status__functions.c\n'}
[2.395002] (px4_msgs) StdoutLine: {'line': b'-- Up-to-date: /home/px4/ros2/ws/install/px4_msgs/include/px4_msgs/px4_msgs/msg/detail/vehicle_optical_flow__struct.h\n'}
[2.395089] (px4_msgs) StdoutLine: {'line': b'-- Up-to-date: /home/px4/ros2/ws/install/px4_msgs/include/px4_msgs/px4_msgs/msg/detail/distance_sensor__functions.h\n'}
[2.395172] (px4_msgs) StdoutLine: {'line': b'-- Up-to-date: /home/px4/ros2/ws/install/px4_msgs/include/px4_msgs/px4_msgs/msg/detail/power_button_state__functions.h\n'}
[2.395269] (px4_msgs) StdoutLine: {'line': b'-- Up-to-date: /home/px4/ros2/ws/install/px4_msgs/include/px4_msgs/px4_msgs/msg/detail/health_report__functions.h\n'}
[2.395360] (px4_msgs) StdoutLine: {'line': b'-- Up-to-date: /home/px4/ros2/ws/install/px4_msgs/include/px4_msgs/px4_msgs/msg/detail/tiltrotor_extra_controls__struct.h\n'}
[2.395448] (px4_msgs) StdoutLine: {'line': b'-- Up-to-date: /home/px4/ros2/ws/install/px4_msgs/include/px4_msgs/px4_msgs/msg/detail/figure_eight_status__struct.h\n'}
[2.395535] (px4_msgs) StdoutLine: {'line': b'-- Up-to-date: /home/px4/ros2/ws/install/px4_msgs/include/px4_msgs/px4_msgs/msg/detail/button_event__struct.h\n'}
[2.395816] (px4_msgs) StdoutLine: {'line': b'-- Up-to-date: /home/px4/ros2/ws/install/px4_msgs/include/px4_msgs/px4_msgs/msg/detail/vehicle_control_mode__struct.h\n'}
[2.395955] (px4_msgs) StdoutLine: {'line': b'-- Up-to-date: /home/px4/ros2/ws/install/px4_msgs/include/px4_msgs/px4_msgs/msg/detail/gps_dump__functions.h\n'}
[2.396159] (px4_msgs) StdoutLine: {'line': b'-- Up-to-date: /home/px4/ros2/ws/install/px4_msgs/include/px4_msgs/px4_msgs/msg/detail/estimator_innovations__functions.c\n'}
[2.396437] (px4_msgs) StdoutLine: {'line': b'-- Up-to-date: /home/px4/ros2/ws/install/px4_msgs/include/px4_msgs/px4_msgs/msg/detail/follow_target__type_support.h\n'}
[2.396616] (px4_msgs) StdoutLine: {'line': b'-- Up-to-date: /home/px4/ros2/ws/install/px4_msgs/include/px4_msgs/px4_msgs/msg/detail/register_ext_component_reply__type_support.h\n'}
[2.396760] (px4_msgs) StdoutLine: {'line': b'-- Up-to-date: /home/px4/ros2/ws/install/px4_msgs/include/px4_msgs/px4_msgs/msg/detail/geofence_result__functions.c\n'}
[2.396914] (px4_msgs) StdoutLine: {'line': b'-- Up-to-date: /home/px4/ros2/ws/install/px4_msgs/include/px4_msgs/px4_msgs/msg/detail/can_interface_status__functions.c\n'}
[2.397036] (px4_msgs) StdoutLine: {'line': b'-- Up-to-date: /home/px4/ros2/ws/install/px4_msgs/include/px4_msgs/px4_msgs/msg/detail/open_drone_id_self_id__functions.c\n'}
[2.397117] (px4_msgs) StdoutLine: {'line': b'-- Up-to-date: /home/px4/ros2/ws/install/px4_msgs/include/px4_msgs/px4_msgs/msg/detail/parameter_reset_request__functions.c\n'}
[2.397249] (px4_msgs) StdoutLine: {'line': b'-- Up-to-date: /home/px4/ros2/ws/install/px4_msgs/include/px4_msgs/px4_msgs/msg/detail/rate_ctrl_status__struct.h\n'}
[2.397358] (px4_msgs) StdoutLine: {'line': b'-- Up-to-date: /home/px4/ros2/ws/install/px4_msgs/include/px4_msgs/px4_msgs/msg/detail/gimbal_device_set_attitude__struct.h\n'}
[2.397435] (px4_msgs) StdoutLine: {'line': b'-- Up-to-date: /home/px4/ros2/ws/install/px4_msgs/include/px4_msgs/px4_msgs/msg/detail/log_message__struct.h\n'}
[2.397540] (px4_msgs) StdoutLine: {'line': b'-- Up-to-date: /home/px4/ros2/ws/install/px4_msgs/include/px4_msgs/px4_msgs/msg/detail/open_drone_id_arm_status__struct.h\n'}
[2.397650] (px4_msgs) StdoutLine: {'line': b'-- Up-to-date: /home/px4/ros2/ws/install/px4_msgs/include/px4_msgs/px4_msgs/msg/detail/transponder_report__functions.c\n'}
[2.397753] (px4_msgs) StdoutLine: {'line': b'-- Up-to-date: /home/px4/ros2/ws/install/px4_msgs/include/px4_msgs/px4_msgs/msg/detail/gimbal_manager_set_manual_control__functions.c\n'}
[2.397838] (px4_msgs) StdoutLine: {'line': b'-- Up-to-date: /home/px4/ros2/ws/install/px4_msgs/include/px4_msgs/px4_msgs/msg/detail/rtl_time_estimate__type_support.h\n'}
[2.398027] (px4_msgs) StdoutLine: {'line': b'-- Up-to-date: /home/px4/ros2/ws/install/px4_msgs/include/px4_msgs/px4_msgs/msg/detail/gimbal_device_set_attitude__functions.h\n'}
[2.398179] (px4_msgs) StdoutLine: {'line': b'-- Up-to-date: /home/px4/ros2/ws/install/px4_msgs/include/px4_msgs/px4_msgs/msg/detail/ping__functions.h\n'}
[2.398502] (px4_msgs) StdoutLine: {'line': b'-- Up-to-date: /home/px4/ros2/ws/install/px4_msgs/include/px4_msgs/px4_msgs/msg/detail/mission_result__functions.c\n'}
[2.398637] (px4_msgs) StdoutLine: {'line': b'-- Up-to-date: /home/px4/ros2/ws/install/px4_msgs/include/px4_msgs/px4_msgs/msg/detail/open_drone_id_system__struct.h\n'}
[2.398750] (px4_msgs) StdoutLine: {'line': b'-- Up-to-date: /home/px4/ros2/ws/install/px4_msgs/include/px4_msgs/px4_msgs/msg/detail/power_monitor__type_support.h\n'}
[2.398837] (px4_msgs) StdoutLine: {'line': b'-- Up-to-date: /home/px4/ros2/ws/install/px4_msgs/include/px4_msgs/px4_msgs/msg/detail/gpio_out__functions.h\n'}
[2.398935] (px4_msgs) StdoutLine: {'line': b'-- Up-to-date: /home/px4/ros2/ws/install/px4_msgs/include/px4_msgs/px4_msgs/msg/detail/gimbal_manager_information__functions.h\n'}
[2.399103] (px4_msgs) StdoutLine: {'line': b'-- Up-to-date: /home/px4/ros2/ws/install/px4_msgs/include/px4_msgs/px4_msgs/msg/detail/estimator_gps_status__functions.c\n'}
[2.399295] (px4_msgs) StdoutLine: {'line': b'-- Up-to-date: /home/px4/ros2/ws/install/px4_msgs/include/px4_msgs/px4_msgs/msg/detail/actuator_motors__functions.h\n'}
[2.399396] (px4_msgs) StdoutLine: {'line': b'-- Up-to-date: /home/px4/ros2/ws/install/px4_msgs/include/px4_msgs/px4_msgs/msg/detail/pps_capture__functions.h\n'}
[2.399517] (px4_msgs) StdoutLine: {'line': b'-- Up-to-date: /home/px4/ros2/ws/install/px4_msgs/include/px4_msgs/px4_msgs/msg/detail/mount_orientation__struct.h\n'}
[2.399619] (px4_msgs) StdoutLine: {'line': b'-- Up-to-date: /home/px4/ros2/ws/install/px4_msgs/include/px4_msgs/px4_msgs/msg/detail/cpuload__functions.c\n'}
[2.399735] (px4_msgs) StdoutLine: {'line': b'-- Up-to-date: /home/px4/ros2/ws/install/px4_msgs/include/px4_msgs/px4_msgs/msg/detail/sensor_gyro_fifo__functions.h\n'}
[2.399847] (px4_msgs) StdoutLine: {'line': b'-- Up-to-date: /home/px4/ros2/ws/install/px4_msgs/include/px4_msgs/px4_msgs/msg/detail/vehicle_torque_setpoint__functions.h\n'}
[2.400148] (px4_msgs) StdoutLine: {'line': b'-- Up-to-date: /home/px4/ros2/ws/install/px4_msgs/include/px4_msgs/px4_msgs/msg/detail/landing_gear__type_support.h\n'}
[2.400435] (px4_msgs) StdoutLine: {'line': b'-- Up-to-date: /home/px4/ros2/ws/install/px4_msgs/include/px4_msgs/px4_msgs/msg/detail/estimator_gps_status__functions.h\n'}
[2.400630] (px4_msgs) StdoutLine: {'line': b'-- Up-to-date: /home/px4/ros2/ws/install/px4_msgs/include/px4_msgs/px4_msgs/msg/detail/actuator_outputs__type_support.h\n'}
[2.400814] (px4_msgs) StdoutLine: {'line': b'-- Up-to-date: /home/px4/ros2/ws/install/px4_msgs/include/px4_msgs/px4_msgs/msg/detail/failsafe_flags__functions.c\n'}
[2.400947] (px4_msgs) StdoutLine: {'line': b'-- Up-to-date: /home/px4/ros2/ws/install/px4_msgs/include/px4_msgs/px4_msgs/msg/detail/estimator_status_flags__struct.h\n'}
[2.401125] (px4_msgs) StdoutLine: {'line': b'-- Up-to-date: /home/px4/ros2/ws/install/px4_msgs/include/px4_msgs/px4_msgs/msg/detail/dronecan_node_status__struct.h\n'}
[2.401295] (px4_msgs) StdoutLine: {'line': b'-- Up-to-date: /home/px4/ros2/ws/install/px4_msgs/include/px4_msgs/px4_msgs/msg/detail/rpm__functions.c\n'}
[2.401399] (px4_msgs) StdoutLine: {'line': b'-- Up-to-date: /home/px4/ros2/ws/install/px4_msgs/include/px4_msgs/px4_msgs/msg/detail/arming_check_request__struct.h\n'}
[2.401544] (px4_msgs) StdoutLine: {'line': b'-- Up-to-date: /home/px4/ros2/ws/install/px4_msgs/include/px4_msgs/px4_msgs/msg/detail/button_event__functions.c\n'}
[2.401691] (px4_msgs) StdoutLine: {'line': b'-- Up-to-date: /home/px4/ros2/ws/install/px4_msgs/include/px4_msgs/px4_msgs/msg/detail/internal_combustion_engine_status__struct.h\n'}
[2.401835] (px4_msgs) StdoutLine: {'line': b'-- Up-to-date: /home/px4/ros2/ws/install/px4_msgs/include/px4_msgs/px4_msgs/msg/detail/distance_sensor_mode_change_request__type_support.h\n'}
[2.401943] (px4_msgs) StdoutLine: {'line': b'-- Up-to-date: /home/px4/ros2/ws/install/px4_msgs/include/px4_msgs/px4_msgs/msg/detail/wind__functions.h\n'}
[2.402148] (px4_msgs) StdoutLine: {'line': b'-- Up-to-date: /home/px4/ros2/ws/install/px4_msgs/include/px4_msgs/px4_msgs/msg/detail/gpio_in__functions.h\n'}
[2.402284] (px4_msgs) StdoutLine: {'line': b'-- Up-to-date: /home/px4/ros2/ws/install/px4_msgs/include/px4_msgs/px4_msgs/msg/detail/internal_combustion_engine_control__struct.h\n'}
[2.402391] (px4_msgs) StdoutLine: {'line': b'-- Up-to-date: /home/px4/ros2/ws/install/px4_msgs/include/px4_msgs/px4_msgs/msg/detail/distance_sensor_mode_change_request__functions.h\n'}
[2.402493] (px4_msgs) StdoutLine: {'line': b'-- Up-to-date: /home/px4/ros2/ws/install/px4_msgs/include/px4_msgs/px4_msgs/msg/detail/event__functions.c\n'}
[2.402591] (px4_msgs) StdoutLine: {'line': b'-- Up-to-date: /home/px4/ros2/ws/install/px4_msgs/include/px4_msgs/px4_msgs/msg/detail/vehicle_optical_flow_vel__functions.h\n'}
[2.402707] (px4_msgs) StdoutLine: {'line': b'-- Up-to-date: /home/px4/ros2/ws/install/px4_msgs/include/px4_msgs/px4_msgs/msg/detail/camera_trigger__type_support.h\n'}
[2.402804] (px4_msgs) StdoutLine: {'line': b'-- Up-to-date: /home/px4/ros2/ws/install/px4_msgs/include/px4_msgs/px4_msgs/msg/detail/follow_target_estimator__type_support.h\n'}
[2.402902] (px4_msgs) StdoutLine: {'line': b'-- Up-to-date: /home/px4/ros2/ws/install/px4_msgs/include/px4_msgs/px4_msgs/msg/detail/mission_result__type_support.h\n'}
[2.403001] (px4_msgs) StdoutLine: {'line': b'-- Up-to-date: /home/px4/ros2/ws/install/px4_msgs/include/px4_msgs/px4_msgs/msg/detail/irlock_report__functions.h\n'}
[2.403098] (px4_msgs) StdoutLine: {'line': b'-- Up-to-date: /home/px4/ros2/ws/install/px4_msgs/include/px4_msgs/px4_msgs/msg/detail/control_allocator_status__struct.h\n'}
[2.403205] (px4_msgs) StdoutLine: {'line': b'-- Up-to-date: /home/px4/ros2/ws/install/px4_msgs/include/px4_msgs/px4_msgs/msg/detail/takeoff_status__functions.h\n'}
[2.403369] (px4_msgs) StdoutLine: {'line': b'-- Up-to-date: /home/px4/ros2/ws/install/px4_msgs/include/px4_msgs/px4_msgs/msg/detail/vehicle_command_ack__functions.h\n'}
[2.403471] (px4_msgs) StdoutLine: {'line': b'-- Up-to-date: /home/px4/ros2/ws/install/px4_msgs/include/px4_msgs/px4_msgs/msg/detail/gimbal_device_attitude_status__functions.h\n'}
[2.403889] (px4_msgs) StdoutLine: {'line': b'-- Up-to-date: /home/px4/ros2/ws/install/px4_msgs/include/px4_msgs/px4_msgs/msg/detail/uavcan_parameter_request__functions.c\n'}
[2.404250] (-) TimerEvent: {}
[2.404481] (px4_msgs) StdoutLine: {'line': b'-- Up-to-date: /home/px4/ros2/ws/install/px4_msgs/include/px4_msgs/px4_msgs/msg/detail/gimbal_manager_set_attitude__struct.h\n'}
[2.404619] (px4_msgs) StdoutLine: {'line': b'-- Up-to-date: /home/px4/ros2/ws/install/px4_msgs/include/px4_msgs/px4_msgs/msg/detail/gps_dump__type_support.h\n'}
[2.404781] (px4_msgs) StdoutLine: {'line': b'-- Up-to-date: /home/px4/ros2/ws/install/px4_msgs/include/px4_msgs/px4_msgs/msg/detail/transponder_report__functions.h\n'}
[2.404906] (px4_msgs) StdoutLine: {'line': b'-- Up-to-date: /home/px4/ros2/ws/install/px4_msgs/include/px4_msgs/px4_msgs/msg/detail/event__functions.h\n'}
[2.404988] (px4_msgs) StdoutLine: {'line': b'-- Up-to-date: /home/px4/ros2/ws/install/px4_msgs/include/px4_msgs/px4_msgs/msg/detail/telemetry_status__type_support.h\n'}
[2.405128] (px4_msgs) StdoutLine: {'line': b'-- Up-to-date: /home/px4/ros2/ws/install/px4_msgs/include/px4_msgs/px4_msgs/msg/detail/fixed_wing_lateral_status__functions.h\n'}
[2.405222] (px4_msgs) StdoutLine: {'line': b'-- Up-to-date: /home/px4/ros2/ws/install/px4_msgs/include/px4_msgs/px4_msgs/msg/detail/debug_vect__functions.c\n'}
[2.405310] (px4_msgs) StdoutLine: {'line': b'-- Up-to-date: /home/px4/ros2/ws/install/px4_msgs/include/px4_msgs/px4_msgs/msg/detail/vehicle_roi__functions.h\n'}
[2.405385] (px4_msgs) StdoutLine: {'line': b'-- Up-to-date: /home/px4/ros2/ws/install/px4_msgs/include/px4_msgs/px4_msgs/msg/detail/cellular_status__struct.h\n'}
[2.405505] (px4_msgs) StdoutLine: {'line': b'-- Up-to-date: /home/px4/ros2/ws/install/px4_msgs/include/px4_msgs/px4_msgs/msg/detail/rover_velocity_setpoint__functions.h\n'}
[2.405573] (px4_msgs) StdoutLine: {'line': b'-- Up-to-date: /home/px4/ros2/ws/install/px4_msgs/include/px4_msgs/px4_msgs/msg/detail/estimator_aid_source1d__functions.c\n'}
[2.405708] (px4_msgs) StdoutLine: {'line': b'-- Up-to-date: /home/px4/ros2/ws/install/px4_msgs/include/px4_msgs/px4_msgs/msg/detail/battery_status__type_support.h\n'}
[2.405805] (px4_msgs) StdoutLine: {'line': b'-- Up-to-date: /home/px4/ros2/ws/install/px4_msgs/include/px4_msgs/px4_msgs/msg/detail/sensor_correction__functions.h\n'}
[2.405886] (px4_msgs) StdoutLine: {'line': b'-- Up-to-date: /home/px4/ros2/ws/install/px4_msgs/include/px4_msgs/px4_msgs/msg/detail/obstacle_distance__struct.h\n'}
[2.405966] (px4_msgs) StdoutLine: {'line': b'-- Up-to-date: /home/px4/ros2/ws/install/px4_msgs/include/px4_msgs/px4_msgs/msg/detail/gpio_config__struct.h\n'}
[2.406174] (px4_msgs) StdoutLine: {'line': b'-- Up-to-date: /home/px4/ros2/ws/install/px4_msgs/include/px4_msgs/px4_msgs/msg/detail/wheel_encoders__functions.c\n'}
[2.406283] (px4_msgs) StdoutLine: {'line': b'-- Up-to-date: /home/px4/ros2/ws/install/px4_msgs/include/px4_msgs/px4_msgs/msg/detail/sensor_selection__functions.h\n'}
[2.406409] (px4_msgs) StdoutLine: {'line': b'-- Up-to-date: /home/px4/ros2/ws/install/px4_msgs/include/px4_msgs/px4_msgs/msg/detail/rc_parameter_map__functions.h\n'}
[2.406533] (px4_msgs) StdoutLine: {'line': b'-- Up-to-date: /home/px4/ros2/ws/install/px4_msgs/include/px4_msgs/px4_msgs/msg/detail/rc_parameter_map__functions.c\n'}
[2.406647] (px4_msgs) StdoutLine: {'line': b'-- Up-to-date: /home/px4/ros2/ws/install/px4_msgs/include/px4_msgs/px4_msgs/msg/detail/parameter_set_value_response__type_support.h\n'}
[2.406760] (px4_msgs) StdoutLine: {'line': b'-- Up-to-date: /home/px4/ros2/ws/install/px4_msgs/include/px4_msgs/px4_msgs/msg/detail/sensor_accel_fifo__functions.c\n'}
[2.406838] (px4_msgs) StdoutLine: {'line': b'-- Up-to-date: /home/px4/ros2/ws/install/px4_msgs/include/px4_msgs/px4_msgs/msg/detail/system_power__struct.h\n'}
[2.406936] (px4_msgs) StdoutLine: {'line': b'-- Up-to-date: /home/px4/ros2/ws/install/px4_msgs/include/px4_msgs/px4_msgs/msg/detail/landing_gear_wheel__type_support.h\n'}
[2.407046] (px4_msgs) StdoutLine: {'line': b'-- Up-to-date: /home/px4/ros2/ws/install/px4_msgs/include/px4_msgs/px4_msgs/msg/detail/unregister_ext_component__type_support.h\n'}
[2.407137] (px4_msgs) StdoutLine: {'line': b'-- Up-to-date: /home/px4/ros2/ws/install/px4_msgs/include/px4_msgs/px4_msgs/msg/detail/pure_pursuit_status__functions.h\n'}
[2.407227] (px4_msgs) StdoutLine: {'line': b'-- Up-to-date: /home/px4/ros2/ws/install/px4_msgs/include/px4_msgs/px4_msgs/msg/detail/vehicle_magnetometer__functions.h\n'}
[2.407322] (px4_msgs) StdoutLine: {'line': b'-- Up-to-date: /home/px4/ros2/ws/install/px4_msgs/include/px4_msgs/px4_msgs/msg/detail/parameter_update__type_support.h\n'}
[2.407395] (px4_msgs) StdoutLine: {'line': b'-- Up-to-date: /home/px4/ros2/ws/install/px4_msgs/include/px4_msgs/px4_msgs/msg/detail/fixed_wing_lateral_setpoint__functions.c\n'}
[2.407512] (px4_msgs) StdoutLine: {'line': b'-- Up-to-date: /home/px4/ros2/ws/install/px4_msgs/include/px4_msgs/px4_msgs/msg/detail/sensor_correction__type_support.h\n'}
[2.407587] (px4_msgs) StdoutLine: {'line': b'-- Up-to-date: /home/px4/ros2/ws/install/px4_msgs/include/px4_msgs/px4_msgs/msg/detail/register_ext_component_reply__struct.h\n'}
[2.407689] (px4_msgs) StdoutLine: {'line': b'-- Up-to-date: /home/px4/ros2/ws/install/px4_msgs/include/px4_msgs/px4_msgs/msg/detail/radio_status__struct.h\n'}
[2.407799] (px4_msgs) StdoutLine: {'line': b'-- Up-to-date: /home/px4/ros2/ws/install/px4_msgs/include/px4_msgs/px4_msgs/msg/detail/message_format_response__type_support.h\n'}
[2.408078] (px4_msgs) StdoutLine: {'line': b'-- Up-to-date: /home/px4/ros2/ws/install/px4_msgs/include/px4_msgs/px4_msgs/msg/detail/sensor_gyro_fft__type_support.h\n'}
[2.408244] (px4_msgs) StdoutLine: {'line': b'-- Up-to-date: /home/px4/ros2/ws/install/px4_msgs/include/px4_msgs/px4_msgs/msg/detail/esc_status__type_support.h\n'}
[2.408441] (px4_msgs) StdoutLine: {'line': b'-- Up-to-date: /home/px4/ros2/ws/install/px4_msgs/include/px4_msgs/px4_msgs/msg/detail/transponder_report__struct.h\n'}
[2.408591] (px4_msgs) StdoutLine: {'line': b'-- Up-to-date: /home/px4/ros2/ws/install/px4_msgs/include/px4_msgs/px4_msgs/msg/detail/gpio_request__functions.h\n'}
[2.408850] (px4_msgs) StdoutLine: {'line': b'-- Up-to-date: /home/px4/ros2/ws/install/px4_msgs/include/px4_msgs/px4_msgs/msg/detail/iridiumsbd_status__type_support.h\n'}
[2.409020] (px4_msgs) StdoutLine: {'line': b'-- Up-to-date: /home/px4/ros2/ws/install/px4_msgs/include/px4_msgs/px4_msgs/msg/detail/sensor_gyro__functions.c\n'}
[2.409356] (px4_msgs) StdoutLine: {'line': b'-- Up-to-date: /home/px4/ros2/ws/install/px4_msgs/include/px4_msgs/px4_msgs/msg/detail/rc_parameter_map__struct.h\n'}
[2.409648] (px4_msgs) StdoutLine: {'line': b'-- Up-to-date: /home/px4/ros2/ws/install/px4_msgs/include/px4_msgs/px4_msgs/msg/detail/debug_vect__struct.h\n'}
[2.409760] (px4_msgs) StdoutLine: {'line': b'-- Up-to-date: /home/px4/ros2/ws/install/px4_msgs/include/px4_msgs/px4_msgs/msg/detail/mag_worker_data__functions.h\n'}
[2.409938] (px4_msgs) StdoutLine: {'line': b'-- Up-to-date: /home/px4/ros2/ws/install/px4_msgs/include/px4_msgs/px4_msgs/msg/detail/parameter_set_value_response__struct.h\n'}
[2.410063] (px4_msgs) StdoutLine: {'line': b'-- Up-to-date: /home/px4/ros2/ws/install/px4_msgs/include/px4_msgs/px4_msgs/msg/detail/heater_status__functions.h\n'}
[2.410157] (px4_msgs) StdoutLine: {'line': b'-- Up-to-date: /home/px4/ros2/ws/install/px4_msgs/include/px4_msgs/px4_msgs/msg/detail/actuator_servos_trim__functions.h\n'}
[2.410337] (px4_msgs) StdoutLine: {'line': b'-- Up-to-date: /home/px4/ros2/ws/install/px4_msgs/include/px4_msgs/px4_msgs/msg/detail/landing_gear_wheel__functions.h\n'}
[2.410600] (px4_msgs) StdoutLine: {'line': b'-- Up-to-date: /home/px4/ros2/ws/install/px4_msgs/include/px4_msgs/px4_msgs/msg/detail/vehicle_acceleration__type_support.h\n'}
[2.410771] (px4_msgs) StdoutLine: {'line': b'-- Up-to-date: /home/px4/ros2/ws/install/px4_msgs/include/px4_msgs/px4_msgs/msg/detail/obstacle_distance__functions.h\n'}
[2.410876] (px4_msgs) StdoutLine: {'line': b'-- Up-to-date: /home/px4/ros2/ws/install/px4_msgs/include/px4_msgs/px4_msgs/msg/detail/estimator_innovations__type_support.h\n'}
[2.411020] (px4_msgs) StdoutLine: {'line': b'-- Up-to-date: /home/px4/ros2/ws/install/px4_msgs/include/px4_msgs/px4_msgs/msg/detail/rover_attitude_setpoint__functions.c\n'}
[2.411205] (px4_msgs) StdoutLine: {'line': b'-- Up-to-date: /home/px4/ros2/ws/install/px4_msgs/include/px4_msgs/px4_msgs/msg/detail/sensor_airflow__struct.h\n'}
[2.411343] (px4_msgs) StdoutLine: {'line': b'-- Up-to-date: /home/px4/ros2/ws/install/px4_msgs/include/px4_msgs/px4_msgs/msg/detail/vehicle_magnetometer__struct.h\n'}
[2.411447] (px4_msgs) StdoutLine: {'line': b'-- Up-to-date: /home/px4/ros2/ws/install/px4_msgs/include/px4_msgs/px4_msgs/msg/detail/rover_attitude_setpoint__functions.h\n'}
[2.411546] (px4_msgs) StdoutLine: {'line': b'-- Up-to-date: /home/px4/ros2/ws/install/px4_msgs/include/px4_msgs/px4_msgs/msg/detail/open_drone_id_self_id__type_support.h\n'}
[2.411634] (px4_msgs) StdoutLine: {'line': b'-- Up-to-date: /home/px4/ros2/ws/install/px4_msgs/include/px4_msgs/px4_msgs/msg/detail/flight_phase_estimation__type_support.h\n'}
[2.411719] (px4_msgs) StdoutLine: {'line': b'-- Up-to-date: /home/px4/ros2/ws/install/px4_msgs/include/px4_msgs/px4_msgs/msg/detail/hover_thrust_estimate__struct.h\n'}
[2.411959] (px4_msgs) StdoutLine: {'line': b'-- Up-to-date: /home/px4/ros2/ws/install/px4_msgs/include/px4_msgs/px4_msgs/msg/detail/sensor_gyro_fft__struct.h\n'}
[2.412066] (px4_msgs) StdoutLine: {'line': b'-- Up-to-date: /home/px4/ros2/ws/install/px4_msgs/include/px4_msgs/px4_msgs/msg/detail/camera_trigger__functions.h\n'}
[2.412137] (px4_msgs) StdoutLine: {'line': b'-- Up-to-date: /home/px4/ros2/ws/install/px4_msgs/include/px4_msgs/px4_msgs/msg/detail/orbit_status__struct.h\n'}
[2.412434] (px4_msgs) StdoutLine: {'line': b'-- Up-to-date: /home/px4/ros2/ws/install/px4_msgs/include/px4_msgs/px4_msgs/msg/detail/gpio_request__struct.h\n'}
[2.412929] (px4_msgs) StdoutLine: {'line': b'-- Up-to-date: /home/px4/ros2/ws/install/px4_msgs/include/px4_msgs/px4_msgs/msg/detail/failure_detector_status__functions.h\n'}
[2.413095] (px4_msgs) StdoutLine: {'line': b'-- Up-to-date: /home/px4/ros2/ws/install/px4_msgs/include/px4_msgs/px4_msgs/msg/detail/rover_throttle_setpoint__struct.h\n'}
[2.413222] (px4_msgs) StdoutLine: {'line': b'-- Up-to-date: /home/px4/ros2/ws/install/px4_msgs/include/px4_msgs/px4_msgs/msg/detail/vehicle_thrust_setpoint__functions.c\n'}
[2.413505] (px4_msgs) StdoutLine: {'line': b'-- Up-to-date: /home/px4/ros2/ws/install/px4_msgs/include/px4_msgs/px4_msgs/msg/detail/gpio_in__functions.c\n'}
[2.413638] (px4_msgs) StdoutLine: {'line': b'-- Up-to-date: /home/px4/ros2/ws/install/px4_msgs/include/px4_msgs/px4_msgs/msg/detail/uavcan_parameter_value__struct.h\n'}
[2.413830] (px4_msgs) StdoutLine: {'line': b'-- Up-to-date: /home/px4/ros2/ws/install/px4_msgs/include/px4_msgs/px4_msgs/msg/detail/rtl_time_estimate__functions.c\n'}
[2.413965] (px4_msgs) StdoutLine: {'line': b'-- Up-to-date: /home/px4/ros2/ws/install/px4_msgs/include/px4_msgs/px4_msgs/msg/detail/vehicle_angular_acceleration_setpoint__type_support.h\n'}
[2.414101] (px4_msgs) StdoutLine: {'line': b'-- Up-to-date: /home/px4/ros2/ws/install/px4_msgs/include/px4_msgs/px4_msgs/msg/detail/actuator_test__functions.c\n'}
[2.414359] (px4_msgs) StdoutLine: {'line': b'-- Up-to-date: /home/px4/ros2/ws/install/px4_msgs/include/px4_msgs/px4_msgs/msg/detail/arming_check_request__functions.c\n'}
[2.414548] (px4_msgs) StdoutLine: {'line': b'-- Up-to-date: /home/px4/ros2/ws/install/px4_msgs/include/px4_msgs/px4_msgs/msg/detail/tune_control__struct.h\n'}
[2.414683] (px4_msgs) StdoutLine: {'line': b'-- Up-to-date: /home/px4/ros2/ws/install/px4_msgs/include/px4_msgs/px4_msgs/msg/detail/sensor_preflight_mag__functions.c\n'}
[2.415004] (px4_msgs) StdoutLine: {'line': b'-- Up-to-date: /home/px4/ros2/ws/install/px4_msgs/include/px4_msgs/px4_msgs/msg/detail/position_setpoint_triplet__functions.c\n'}
[2.415145] (px4_msgs) StdoutLine: {'line': b'-- Up-to-date: /home/px4/ros2/ws/install/px4_msgs/include/px4_msgs/px4_msgs/msg/detail/sensors_status__struct.h\n'}
[2.415401] (px4_msgs) StdoutLine: {'line': b'-- Up-to-date: /home/px4/ros2/ws/install/px4_msgs/include/px4_msgs/px4_msgs/msg/detail/gimbal_device_attitude_status__type_support.h\n'}
[2.415539] (px4_msgs) StdoutLine: {'line': b'-- Up-to-date: /home/px4/ros2/ws/install/px4_msgs/include/px4_msgs/px4_msgs/msg/detail/debug_array__struct.h\n'}
[2.415646] (px4_msgs) StdoutLine: {'line': b'-- Up-to-date: /home/px4/ros2/ws/install/px4_msgs/include/px4_msgs/px4_msgs/msg/detail/neural_control__type_support.h\n'}
[2.415759] (px4_msgs) StdoutLine: {'line': b'-- Up-to-date: /home/px4/ros2/ws/install/px4_msgs/include/px4_msgs/px4_msgs/msg/detail/tecs_status__type_support.h\n'}
[2.416031] (px4_msgs) StdoutLine: {'line': b'-- Up-to-date: /home/px4/ros2/ws/install/px4_msgs/include/px4_msgs/px4_msgs/msg/detail/home_position__struct.h\n'}
[2.416140] (px4_msgs) StdoutLine: {'line': b'-- Up-to-date: /home/px4/ros2/ws/install/px4_msgs/include/px4_msgs/px4_msgs/msg/detail/geofence_status__functions.c\n'}
[2.416275] (px4_msgs) StdoutLine: {'line': b'-- Up-to-date: /home/px4/ros2/ws/install/px4_msgs/include/px4_msgs/px4_msgs/msg/detail/sensor_baro__type_support.h\n'}
[2.416399] (px4_msgs) StdoutLine: {'line': b'-- Up-to-date: /home/px4/ros2/ws/install/px4_msgs/include/px4_msgs/px4_msgs/msg/detail/gpio_in__type_support.h\n'}
[2.416518] (px4_msgs) StdoutLine: {'line': b'-- Up-to-date: /home/px4/ros2/ws/install/px4_msgs/include/px4_msgs/px4_msgs/msg/detail/px4io_status__functions.c\n'}
[2.416639] (px4_msgs) StdoutLine: {'line': b'-- Up-to-date: /home/px4/ros2/ws/install/px4_msgs/include/px4_msgs/px4_msgs/msg/detail/arming_check_reply__functions.h\n'}
[2.416753] (px4_msgs) StdoutLine: {'line': b'-- Up-to-date: /home/px4/ros2/ws/install/px4_msgs/include/px4_msgs/px4_msgs/msg/detail/vehicle_attitude__functions.c\n'}
[2.416866] (px4_msgs) StdoutLine: {'line': b'-- Up-to-date: /home/px4/ros2/ws/install/px4_msgs/include/px4_msgs/px4_msgs/msg/detail/fuel_tank_status__struct.h\n'}
[2.416978] (px4_msgs) StdoutLine: {'line': b'-- Up-to-date: /home/px4/ros2/ws/install/px4_msgs/include/px4_msgs/px4_msgs/msg/detail/actuator_armed__functions.c\n'}
[2.417092] (px4_msgs) StdoutLine: {'line': b'-- Up-to-date: /home/px4/ros2/ws/install/px4_msgs/include/px4_msgs/px4_msgs/msg/detail/estimator_innovations__struct.h\n'}
[2.417218] (px4_msgs) StdoutLine: {'line': b'-- Up-to-date: /home/px4/ros2/ws/install/px4_msgs/include/px4_msgs/px4_msgs/msg/detail/rover_attitude_status__functions.c\n'}
[2.417555] (px4_msgs) StdoutLine: {'line': b'-- Up-to-date: /home/px4/ros2/ws/install/px4_msgs/include/px4_msgs/px4_msgs/msg/detail/mavlink_log__functions.h\n'}
[2.417674] (px4_msgs) StdoutLine: {'line': b'-- Up-to-date: /home/px4/ros2/ws/install/px4_msgs/include/px4_msgs/px4_msgs/msg/detail/magnetometer_bias_estimate__functions.c\n'}
[2.417870] (px4_msgs) StdoutLine: {'line': b'-- Up-to-date: /home/px4/ros2/ws/install/px4_msgs/include/px4_msgs/px4_msgs/msg/detail/mavlink_tunnel__functions.h\n'}
[2.417987] (px4_msgs) StdoutLine: {'line': b'-- Up-to-date: /home/px4/ros2/ws/install/px4_msgs/include/px4_msgs/px4_msgs/msg/detail/landing_target_innovations__functions.c\n'}
[2.418096] (px4_msgs) StdoutLine: {'line': b'-- Up-to-date: /home/px4/ros2/ws/install/px4_msgs/include/px4_msgs/px4_msgs/msg/detail/follow_target_estimator__functions.h\n'}
[2.418217] (px4_msgs) StdoutLine: {'line': b'-- Up-to-date: /home/px4/ros2/ws/install/px4_msgs/include/px4_msgs/px4_msgs/msg/detail/arming_check_reply__type_support.h\n'}
[2.418420] (px4_msgs) StdoutLine: {'line': b'-- Up-to-date: /home/px4/ros2/ws/install/px4_msgs/include/px4_msgs/px4_msgs/msg/detail/rpm__type_support.h\n'}
[2.418535] (px4_msgs) StdoutLine: {'line': b'-- Up-to-date: /home/px4/ros2/ws/install/px4_msgs/include/px4_msgs/px4_msgs/msg/detail/rover_attitude_status__functions.h\n'}
[2.418646] (px4_msgs) StdoutLine: {'line': b'-- Up-to-date: /home/px4/ros2/ws/install/px4_msgs/include/px4_msgs/px4_msgs/msg/detail/internal_combustion_engine_status__functions.h\n'}
[2.418768] (px4_msgs) StdoutLine: {'line': b'-- Up-to-date: /home/px4/ros2/ws/install/px4_msgs/include/px4_msgs/px4_msgs/msg/detail/arming_check_request__functions.h\n'}
[2.418951] (px4_msgs) StdoutLine: {'line': b'-- Up-to-date: /home/px4/ros2/ws/install/px4_msgs/include/px4_msgs/px4_msgs/msg/detail/longitudinal_control_configuration__type_support.h\n'}
[2.419130] (px4_msgs) StdoutLine: {'line': b'-- Up-to-date: /home/px4/ros2/ws/install/px4_msgs/include/px4_msgs/px4_msgs/msg/detail/irlock_report__struct.h\n'}
[2.419507] (px4_msgs) StdoutLine: {'line': b'-- Up-to-date: /home/px4/ros2/ws/install/px4_msgs/include/px4_msgs/px4_msgs/msg/detail/trajectory_setpoint6dof__struct.h\n'}
[2.419721] (px4_msgs) StdoutLine: {'line': b'-- Up-to-date: /home/px4/ros2/ws/install/px4_msgs/include/px4_msgs/px4_msgs/msg/detail/gimbal_manager_information__functions.c\n'}
[2.419977] (px4_msgs) StdoutLine: {'line': b'-- Up-to-date: /home/px4/ros2/ws/install/px4_msgs/include/px4_msgs/px4_msgs/msg/detail/rover_attitude_status__type_support.h\n'}
[2.420085] (px4_msgs) StdoutLine: {'line': b'-- Up-to-date: /home/px4/ros2/ws/install/px4_msgs/include/px4_msgs/px4_msgs/msg/detail/dronecan_node_status__functions.c\n'}
[2.420377] (px4_msgs) StdoutLine: {'line': b'-- Up-to-date: /home/px4/ros2/ws/install/px4_msgs/include/px4_msgs/px4_msgs/msg/detail/task_stack_info__functions.c\n'}
[2.420500] (px4_msgs) StdoutLine: {'line': b'-- Up-to-date: /home/px4/ros2/ws/install/px4_msgs/include/px4_msgs/px4_msgs/msg/detail/follow_target__functions.h\n'}
[2.420668] (px4_msgs) StdoutLine: {'line': b'-- Up-to-date: /home/px4/ros2/ws/install/px4_msgs/include/px4_msgs/px4_msgs/msg/detail/mode_completed__type_support.h\n'}
[2.420812] (px4_msgs) StdoutLine: {'line': b'-- Up-to-date: /home/px4/ros2/ws/install/px4_msgs/include/px4_msgs/px4_msgs/msg/detail/trajectory_setpoint6dof__functions.h\n'}
[2.420942] (px4_msgs) StdoutLine: {'line': b'-- Up-to-date: /home/px4/ros2/ws/install/px4_msgs/include/px4_msgs/px4_msgs/msg/detail/wind__functions.c\n'}
[2.421285] (px4_msgs) StdoutLine: {'line': b'-- Up-to-date: /home/px4/ros2/ws/install/px4_msgs/include/px4_msgs/px4_msgs/msg/detail/parameter_update__functions.h\n'}
[2.421467] (px4_msgs) StdoutLine: {'line': b'-- Up-to-date: /home/px4/ros2/ws/install/px4_msgs/include/px4_msgs/px4_msgs/msg/detail/actuator_test__functions.h\n'}
[2.421553] (px4_msgs) StdoutLine: {'line': b'-- Up-to-date: /home/px4/ros2/ws/install/px4_msgs/include/px4_msgs/px4_msgs/msg/detail/orbit_status__functions.c\n'}
[2.421633] (px4_msgs) StdoutLine: {'line': b'-- Up-to-date: /home/px4/ros2/ws/install/px4_msgs/include/px4_msgs/px4_msgs/msg/detail/vehicle_status__functions.h\n'}
[2.421724] (px4_msgs) StdoutLine: {'line': b'-- Up-to-date: /home/px4/ros2/ws/install/px4_msgs/include/px4_msgs/px4_msgs/msg/detail/sensors_status_imu__functions.h\n'}
[2.421898] (px4_msgs) StdoutLine: {'line': b'-- Up-to-date: /home/px4/ros2/ws/install/px4_msgs/include/px4_msgs/px4_msgs/msg/detail/rover_velocity_setpoint__type_support.h\n'}
[2.422019] (px4_msgs) StdoutLine: {'line': b'-- Up-to-date: /home/px4/ros2/ws/install/px4_msgs/include/px4_msgs/px4_msgs/msg/detail/rtl_status__type_support.h\n'}
[2.422279] (px4_msgs) StdoutLine: {'line': b'-- Up-to-date: /home/px4/ros2/ws/install/px4_msgs/include/px4_msgs/px4_msgs/msg/detail/autotune_attitude_control_status__type_support.h\n'}
[2.422420] (px4_msgs) StdoutLine: {'line': b'-- Up-to-date: /home/px4/ros2/ws/install/px4_msgs/include/px4_msgs/px4_msgs/msg/detail/ulog_stream_ack__functions.h\n'}
[2.422527] (px4_msgs) StdoutLine: {'line': b'-- Up-to-date: /home/px4/ros2/ws/install/px4_msgs/include/px4_msgs/px4_msgs/msg/detail/estimator_event_flags__type_support.h\n'}
[2.422641] (px4_msgs) StdoutLine: {'line': b'-- Up-to-date: /home/px4/ros2/ws/install/px4_msgs/include/px4_msgs/px4_msgs/msg/detail/actuator_servos_trim__type_support.h\n'}
[2.422745] (px4_msgs) StdoutLine: {'line': b'-- Up-to-date: /home/px4/ros2/ws/install/px4_msgs/include/px4_msgs/px4_msgs/msg/detail/vehicle_land_detected__type_support.h\n'}
[2.422855] (px4_msgs) StdoutLine: {'line': b'-- Up-to-date: /home/px4/ros2/ws/install/px4_msgs/include/px4_msgs/px4_msgs/msg/detail/hover_thrust_estimate__functions.c\n'}
[2.423018] (px4_msgs) StdoutLine: {'line': b'-- Up-to-date: /home/px4/ros2/ws/install/px4_msgs/include/px4_msgs/px4_msgs/msg/detail/open_drone_id_operator_id__struct.h\n'}
[2.423133] (px4_msgs) StdoutLine: {'line': b'-- Up-to-date: /home/px4/ros2/ws/install/px4_msgs/include/px4_msgs/px4_msgs/msg/detail/vehicle_local_position_setpoint__functions.h\n'}
[2.423368] (px4_msgs) StdoutLine: {'line': b'-- Up-to-date: /home/px4/ros2/ws/install/px4_msgs/include/px4_msgs/px4_msgs/msg/detail/adc_report__functions.c\n'}
[2.423517] (px4_msgs) StdoutLine: {'line': b'-- Up-to-date: /home/px4/ros2/ws/install/px4_msgs/include/px4_msgs/px4_msgs/msg/detail/telemetry_status__struct.h\n'}
[2.423656] (px4_msgs) StdoutLine: {'line': b'-- Up-to-date: /home/px4/ros2/ws/install/px4_msgs/include/px4_msgs/px4_msgs/msg/detail/follow_target_status__type_support.h\n'}
[2.423785] (px4_msgs) StdoutLine: {'line': b'-- Up-to-date: /home/px4/ros2/ws/install/px4_msgs/include/px4_msgs/px4_msgs/msg/detail/mavlink_log__functions.c\n'}
[2.423920] (px4_msgs) StdoutLine: {'line': b'-- Up-to-date: /home/px4/ros2/ws/install/px4_msgs/include/px4_msgs/px4_msgs/msg/detail/iridiumsbd_status__functions.h\n'}
[2.424184] (px4_msgs) StdoutLine: {'line': b'-- Up-to-date: /home/px4/ros2/ws/install/px4_msgs/include/px4_msgs/px4_msgs/msg/detail/battery_info__type_support.h\n'}
[2.424363] (px4_msgs) StdoutLine: {'line': b'-- Up-to-date: /home/px4/ros2/ws/install/px4_msgs/include/px4_msgs/px4_msgs/msg/detail/orb_test__functions.c\n'}
[2.424496] (px4_msgs) StdoutLine: {'line': b'-- Up-to-date: /home/px4/ros2/ws/install/px4_msgs/include/px4_msgs/px4_msgs/msg/detail/parameter_set_used_request__struct.h\n'}
[2.424617] (px4_msgs) StdoutLine: {'line': b'-- Up-to-date: /home/px4/ros2/ws/install/px4_msgs/include/px4_msgs/px4_msgs/msg/detail/sensor_optical_flow__functions.c\n'}
[2.424735] (px4_msgs) StdoutLine: {'line': b'-- Up-to-date: /home/px4/ros2/ws/install/px4_msgs/include/px4_msgs/px4_msgs/msg/detail/vehicle_global_position__struct.h\n'}
[2.425031] (px4_msgs) StdoutLine: {'line': b'-- Up-to-date: /home/px4/ros2/ws/install/px4_msgs/include/px4_msgs/px4_msgs/msg/detail/differential_pressure__functions.h\n'}
[2.425169] (px4_msgs) StdoutLine: {'line': b'-- Up-to-date: /home/px4/ros2/ws/install/px4_msgs/include/px4_msgs/px4_msgs/msg/detail/launch_detection_status__functions.h\n'}
[2.425343] (px4_msgs) StdoutLine: {'line': b'-- Up-to-date: /home/px4/ros2/ws/install/px4_msgs/include/px4_msgs/px4_msgs/msg/detail/vehicle_status__struct.h\n'}
[2.425432] (px4_msgs) StdoutLine: {'line': b'-- Up-to-date: /home/px4/ros2/ws/install/px4_msgs/include/px4_msgs/px4_msgs/msg/detail/open_drone_id_arm_status__functions.h\n'}
[2.425545] (px4_msgs) StdoutLine: {'line': b'-- Up-to-date: /home/px4/ros2/ws/install/px4_msgs/include/px4_msgs/px4_msgs/msg/detail/sensor_combined__type_support.h\n'}
[2.425654] (px4_msgs) StdoutLine: {'line': b'-- Up-to-date: /home/px4/ros2/ws/install/px4_msgs/include/px4_msgs/px4_msgs/msg/detail/ulog_stream_ack__type_support.h\n'}
[2.425751] (px4_msgs) StdoutLine: {'line': b'-- Up-to-date: /home/px4/ros2/ws/install/px4_msgs/include/px4_msgs/px4_msgs/msg/detail/mode_completed__struct.h\n'}
[2.425868] (px4_msgs) StdoutLine: {'line': b'-- Up-to-date: /home/px4/ros2/ws/install/px4_msgs/include/px4_msgs/px4_msgs/msg/detail/adc_report__struct.h\n'}
[2.425970] (px4_msgs) StdoutLine: {'line': b'-- Up-to-date: /home/px4/ros2/ws/install/px4_msgs/include/px4_msgs/px4_msgs/msg/detail/landing_target_innovations__struct.h\n'}
[2.426081] (px4_msgs) StdoutLine: {'line': b'-- Up-to-date: /home/px4/ros2/ws/install/px4_msgs/include/px4_msgs/px4_msgs/msg/detail/gimbal_manager_information__type_support.h\n'}
[2.426158] (px4_msgs) StdoutLine: {'line': b'-- Up-to-date: /home/px4/ros2/ws/install/px4_msgs/include/px4_msgs/px4_msgs/msg/detail/rtl_time_estimate__struct.h\n'}
[2.426327] (px4_msgs) StdoutLine: {'line': b'-- Up-to-date: /home/px4/ros2/ws/install/px4_msgs/include/px4_msgs/px4_msgs/msg/detail/mission_result__functions.h\n'}
[2.426470] (px4_msgs) StdoutLine: {'line': b'-- Up-to-date: /home/px4/ros2/ws/install/px4_msgs/include/px4_msgs/px4_msgs/msg/detail/sensor_gyro__functions.h\n'}
[2.426633] (px4_msgs) StdoutLine: {'line': b'-- Up-to-date: /home/px4/ros2/ws/install/px4_msgs/include/px4_msgs/px4_msgs/msg/detail/wind__type_support.h\n'}
[2.426724] (px4_msgs) StdoutLine: {'line': b'-- Up-to-date: /home/px4/ros2/ws/install/px4_msgs/include/px4_msgs/px4_msgs/msg/detail/navigator_mission_item__functions.c\n'}
[2.426805] (px4_msgs) StdoutLine: {'line': b'-- Up-to-date: /home/px4/ros2/ws/install/px4_msgs/include/px4_msgs/px4_msgs/msg/detail/position_setpoint__type_support.h\n'}
[2.426942] (px4_msgs) StdoutLine: {'line': b'-- Up-to-date: /home/px4/ros2/ws/install/px4_msgs/include/px4_msgs/px4_msgs/msg/detail/vtol_vehicle_status__functions.h\n'}
[2.427033] (px4_msgs) StdoutLine: {'line': b'-- Up-to-date: /home/px4/ros2/ws/install/px4_msgs/include/px4_msgs/px4_msgs/msg/detail/airspeed__type_support.h\n'}
[2.427116] (px4_msgs) StdoutLine: {'line': b'-- Up-to-date: /home/px4/ros2/ws/install/px4_msgs/include/px4_msgs/px4_msgs/msg/detail/vehicle_roi__functions.c\n'}
[2.427207] (px4_msgs) StdoutLine: {'line': b'-- Up-to-date: /home/px4/ros2/ws/install/px4_msgs/include/px4_msgs/px4_msgs/msg/detail/vehicle_thrust_setpoint__type_support.h\n'}
[2.427395] (px4_msgs) StdoutLine: {'line': b'-- Up-to-date: /home/px4/ros2/ws/install/px4_msgs/include/px4_msgs/px4_msgs/msg/detail/camera_trigger__functions.c\n'}
[2.427485] (px4_msgs) StdoutLine: {'line': b'-- Up-to-date: /home/px4/ros2/ws/install/px4_msgs/include/px4_msgs/px4_msgs/msg/detail/sensor_mag__type_support.h\n'}
[2.427573] (px4_msgs) StdoutLine: {'line': b'-- Up-to-date: /home/px4/ros2/ws/install/px4_msgs/include/px4_msgs/px4_msgs/msg/detail/vehicle_attitude_setpoint__struct.h\n'}
[2.427725] (px4_msgs) StdoutLine: {'line': b'-- Up-to-date: /home/px4/ros2/ws/install/px4_msgs/include/px4_msgs/px4_msgs/msg/detail/vehicle_control_mode__functions.h\n'}
[2.427818] (px4_msgs) StdoutLine: {'line': b'-- Up-to-date: /home/px4/ros2/ws/install/px4_msgs/include/px4_msgs/px4_msgs/msg/detail/mavlink_tunnel__type_support.h\n'}
[2.428064] (px4_msgs) StdoutLine: {'line': b'-- Up-to-date: /home/px4/ros2/ws/install/px4_msgs/include/px4_msgs/px4_msgs/msg/detail/sensor_gnss_relative__functions.h\n'}
[2.428160] (px4_msgs) StdoutLine: {'line': b'-- Up-to-date: /home/px4/ros2/ws/install/px4_msgs/include/px4_msgs/px4_msgs/msg/detail/follow_target_status__struct.h\n'}
[2.428367] (px4_msgs) StdoutLine: {'line': b'-- Up-to-date: /home/px4/ros2/ws/install/px4_msgs/include/px4_msgs/px4_msgs/msg/detail/cpuload__functions.h\n'}
[2.428616] (px4_msgs) StdoutLine: {'line': b'-- Up-to-date: /home/px4/ros2/ws/install/px4_msgs/include/px4_msgs/px4_msgs/msg/detail/cpuload__struct.h\n'}
[2.428871] (px4_msgs) StdoutLine: {'line': b'-- Up-to-date: /home/px4/ros2/ws/install/px4_msgs/include/px4_msgs/px4_msgs/msg/detail/figure_eight_status__functions.h\n'}
[2.429180] (px4_msgs) StdoutLine: {'line': b'-- Up-to-date: /home/px4/ros2/ws/install/px4_msgs/include/px4_msgs/px4_msgs/msg/detail/esc_report__type_support.h\n'}
[2.429546] (px4_msgs) StdoutLine: {'line': b'-- Up-to-date: /home/px4/ros2/ws/install/px4_msgs/include/px4_msgs/px4_msgs/msg/detail/vehicle_rates_setpoint__type_support.h\n'}
[2.429681] (px4_msgs) StdoutLine: {'line': b'-- Up-to-date: /home/px4/ros2/ws/install/px4_msgs/include/px4_msgs/px4_msgs/msg/detail/iridiumsbd_status__struct.h\n'}
[2.429805] (px4_msgs) StdoutLine: {'line': b'-- Up-to-date: /home/px4/ros2/ws/install/px4_msgs/include/px4_msgs/px4_msgs/msg/detail/vehicle_command_ack__struct.h\n'}
[2.429925] (px4_msgs) StdoutLine: {'line': b'-- Up-to-date: /home/px4/ros2/ws/install/px4_msgs/include/px4_msgs/px4_msgs/msg/detail/gimbal_device_set_attitude__functions.c\n'}
[2.430093] (px4_msgs) StdoutLine: {'line': b'-- Up-to-date: /home/px4/ros2/ws/install/px4_msgs/include/px4_msgs/px4_msgs/msg/detail/sensor_baro__functions.c\n'}
[2.430366] (px4_msgs) StdoutLine: {'line': b'-- Up-to-date: /home/px4/ros2/ws/install/px4_msgs/include/px4_msgs/px4_msgs/msg/detail/mavlink_tunnel__struct.h\n'}
[2.430488] (px4_msgs) StdoutLine: {'line': b'-- Up-to-date: /home/px4/ros2/ws/install/px4_msgs/include/px4_msgs/px4_msgs/msg/detail/mission__struct.h\n'}
[2.430648] (px4_msgs) StdoutLine: {'line': b'-- Up-to-date: /home/px4/ros2/ws/install/px4_msgs/include/px4_msgs/px4_msgs/msg/detail/pwm_input__type_support.h\n'}
[2.430757] (px4_msgs) StdoutLine: {'line': b'-- Up-to-date: /home/px4/ros2/ws/install/px4_msgs/include/px4_msgs/px4_msgs/msg/detail/orb_test__functions.h\n'}
[2.430928] (px4_msgs) StdoutLine: {'line': b'-- Up-to-date: /home/px4/ros2/ws/install/px4_msgs/include/px4_msgs/px4_msgs/msg/detail/longitudinal_control_configuration__functions.c\n'}
[2.431061] (px4_msgs) StdoutLine: {'line': b'-- Up-to-date: /home/px4/ros2/ws/install/px4_msgs/include/px4_msgs/px4_msgs/msg/detail/message_format_request__functions.c\n'}
[2.431165] (px4_msgs) StdoutLine: {'line': b'-- Up-to-date: /home/px4/ros2/ws/install/px4_msgs/include/px4_msgs/px4_msgs/msg/detail/flight_phase_estimation__functions.c\n'}
[2.431296] (px4_msgs) StdoutLine: {'line': b'-- Up-to-date: /home/px4/ros2/ws/install/px4_msgs/include/px4_msgs/px4_msgs/msg/detail/transponder_report__type_support.h\n'}
[2.431392] (px4_msgs) StdoutLine: {'line': b'-- Up-to-date: /home/px4/ros2/ws/install/px4_msgs/include/px4_msgs/px4_msgs/msg/detail/vehicle_constraints__struct.h\n'}
[2.431536] (px4_msgs) StdoutLine: {'line': b'-- Up-to-date: /home/px4/ros2/ws/install/px4_msgs/include/px4_msgs/px4_msgs/msg/detail/position_controller_landing_status__functions.h\n'}
[2.431614] (px4_msgs) StdoutLine: {'line': b'-- Up-to-date: /home/px4/ros2/ws/install/px4_msgs/include/px4_msgs/px4_msgs/msg/detail/esc_status__struct.h\n'}
[2.431708] (px4_msgs) StdoutLine: {'line': b'-- Up-to-date: /home/px4/ros2/ws/install/px4_msgs/include/px4_msgs/px4_msgs/msg/detail/estimator_gps_status__type_support.h\n'}
[2.432009] (px4_msgs) StdoutLine: {'line': b'-- Up-to-date: /home/px4/ros2/ws/install/px4_msgs/include/px4_msgs/px4_msgs/msg/detail/fixed_wing_lateral_status__functions.c\n'}
[2.432119] (px4_msgs) StdoutLine: {'line': b'-- Up-to-date: /home/px4/ros2/ws/install/px4_msgs/include/px4_msgs/px4_msgs/msg/detail/navigator_status__functions.h\n'}
[2.432326] (px4_msgs) StdoutLine: {'line': b'-- Up-to-date: /home/px4/ros2/ws/install/px4_msgs/include/px4_msgs/px4_msgs/msg/detail/uavcan_parameter_value__functions.h\n'}
[2.432502] (px4_msgs) StdoutLine: {'line': b'-- Up-to-date: /home/px4/ros2/ws/install/px4_msgs/include/px4_msgs/px4_msgs/msg/detail/hover_thrust_estimate__functions.h\n'}
[2.432588] (px4_msgs) StdoutLine: {'line': b'-- Up-to-date: /home/px4/ros2/ws/install/px4_msgs/include/px4_msgs/px4_msgs/msg/detail/sensor_gyro_fifo__functions.c\n'}
[2.432678] (px4_msgs) StdoutLine: {'line': b'-- Up-to-date: /home/px4/ros2/ws/install/px4_msgs/include/px4_msgs/px4_msgs/msg/detail/vehicle_torque_setpoint__type_support.h\n'}
[2.432767] (px4_msgs) StdoutLine: {'line': b'-- Up-to-date: /home/px4/ros2/ws/install/px4_msgs/include/px4_msgs/px4_msgs/msg/detail/magnetometer_bias_estimate__type_support.h\n'}
[2.432859] (px4_msgs) StdoutLine: {'line': b'-- Up-to-date: /home/px4/ros2/ws/install/px4_msgs/include/px4_msgs/px4_msgs/msg/detail/sensor_selection__struct.h\n'}
[2.432941] (px4_msgs) StdoutLine: {'line': b'-- Up-to-date: /home/px4/ros2/ws/install/px4_msgs/include/px4_msgs/px4_msgs/msg/detail/orbit_status__functions.h\n'}
[2.433052] (px4_msgs) StdoutLine: {'line': b'-- Up-to-date: /home/px4/ros2/ws/install/px4_msgs/include/px4_msgs/px4_msgs/msg/detail/gimbal_manager_status__type_support.h\n'}
[2.433158] (px4_msgs) StdoutLine: {'line': b'-- Up-to-date: /home/px4/ros2/ws/install/px4_msgs/include/px4_msgs/px4_msgs/msg/detail/power_monitor__functions.h\n'}
[2.433342] (px4_msgs) StdoutLine: {'line': b'-- Up-to-date: /home/px4/ros2/ws/install/px4_msgs/include/px4_msgs/px4_msgs/msg/detail/rc_channels__type_support.h\n'}
[2.433445] (px4_msgs) StdoutLine: {'line': b'-- Up-to-date: /home/px4/ros2/ws/install/px4_msgs/include/px4_msgs/px4_msgs/msg/detail/gimbal_manager_set_attitude__functions.c\n'}
[2.433529] (px4_msgs) StdoutLine: {'line': b'-- Up-to-date: /home/px4/ros2/ws/install/px4_msgs/include/px4_msgs/px4_msgs/msg/detail/sensor_correction__functions.c\n'}
[2.433626] (px4_msgs) StdoutLine: {'line': b'-- Up-to-date: /home/px4/ros2/ws/install/px4_msgs/include/px4_msgs/px4_msgs/msg/detail/rover_velocity_status__functions.h\n'}
[2.433758] (px4_msgs) StdoutLine: {'line': b'-- Up-to-date: /home/px4/ros2/ws/install/px4_msgs/include/px4_msgs/px4_msgs/msg/detail/vehicle_imu__type_support.h\n'}
[2.433843] (px4_msgs) StdoutLine: {'line': b'-- Up-to-date: /home/px4/ros2/ws/install/px4_msgs/include/px4_msgs/px4_msgs/msg/detail/actuator_servos_trim__struct.h\n'}
[2.433952] (px4_msgs) StdoutLine: {'line': b'-- Up-to-date: /home/px4/ros2/ws/install/px4_msgs/include/px4_msgs/px4_msgs/msg/detail/mode_completed__functions.h\n'}
[2.434047] (px4_msgs) StdoutLine: {'line': b'-- Up-to-date: /home/px4/ros2/ws/install/px4_msgs/include/px4_msgs/px4_msgs/msg/detail/power_button_state__type_support.h\n'}
[2.434136] (px4_msgs) StdoutLine: {'line': b'-- Up-to-date: /home/px4/ros2/ws/install/px4_msgs/include/px4_msgs/px4_msgs/msg/detail/landing_gear__struct.h\n'}
[2.434293] (px4_msgs) StdoutLine: {'line': b'-- Up-to-date: /home/px4/ros2/ws/install/px4_msgs/include/px4_msgs/px4_msgs/msg/detail/open_drone_id_system__functions.c\n'}
[2.434410] (px4_msgs) StdoutLine: {'line': b'-- Up-to-date: /home/px4/ros2/ws/install/px4_msgs/include/px4_msgs/px4_msgs/msg/detail/orb_test_large__struct.h\n'}
[2.434502] (px4_msgs) StdoutLine: {'line': b'-- Up-to-date: /home/px4/ros2/ws/install/px4_msgs/include/px4_msgs/px4_msgs/msg/detail/distance_sensor__type_support.h\n'}
[2.434588] (px4_msgs) StdoutLine: {'line': b'-- Up-to-date: /home/px4/ros2/ws/install/px4_msgs/include/px4_msgs/px4_msgs/msg/detail/actuator_servos__functions.h\n'}
[2.434686] (px4_msgs) StdoutLine: {'line': b'-- Up-to-date: /home/px4/ros2/ws/install/px4_msgs/include/px4_msgs/px4_msgs/msg/detail/system_power__type_support.h\n'}
[2.434808] (px4_msgs) StdoutLine: {'line': b'-- Up-to-date: /home/px4/ros2/ws/install/px4_msgs/include/px4_msgs/px4_msgs/msg/detail/sensor_optical_flow__struct.h\n'}
[2.434877] (px4_msgs) StdoutLine: {'line': b'-- Up-to-date: /home/px4/ros2/ws/install/px4_msgs/include/px4_msgs/px4_msgs/msg/detail/vehicle_air_data__type_support.h\n'}
[2.434976] (px4_msgs) StdoutLine: {'line': b'-- Up-to-date: /home/px4/ros2/ws/install/px4_msgs/include/px4_msgs/px4_msgs/msg/detail/yaw_estimator_status__functions.h\n'}
[2.435055] (px4_msgs) StdoutLine: {'line': b'-- Up-to-date: /home/px4/ros2/ws/install/px4_msgs/include/px4_msgs/px4_msgs/msg/detail/vehicle_torque_setpoint__struct.h\n'}
[2.435154] (px4_msgs) StdoutLine: {'line': b'-- Up-to-date: /home/px4/ros2/ws/install/px4_msgs/include/px4_msgs/px4_msgs/msg/detail/rc_channels__functions.h\n'}
[2.435251] (px4_msgs) StdoutLine: {'line': b'-- Up-to-date: /home/px4/ros2/ws/install/px4_msgs/include/px4_msgs/px4_msgs/msg/detail/navigator_status__struct.h\n'}
[2.435340] (px4_msgs) StdoutLine: {'line': b'-- Up-to-date: /home/px4/ros2/ws/install/px4_msgs/include/px4_msgs/px4_msgs/msg/detail/manual_control_switches__functions.h\n'}
[2.435504] (px4_msgs) StdoutLine: {'line': b'-- Up-to-date: /home/px4/ros2/ws/install/px4_msgs/include/px4_msgs/px4_msgs/msg/detail/takeoff_status__struct.h\n'}
[2.435636] (px4_msgs) StdoutLine: {'line': b'-- Up-to-date: /home/px4/ros2/ws/install/px4_msgs/include/px4_msgs/px4_msgs/msg/detail/geofence_result__struct.h\n'}
[2.435754] (px4_msgs) StdoutLine: {'line': b'-- Up-to-date: /home/px4/ros2/ws/install/px4_msgs/include/px4_msgs/px4_msgs/msg/detail/pure_pursuit_status__functions.c\n'}
[2.435844] (px4_msgs) StdoutLine: {'line': b'-- Up-to-date: /home/px4/ros2/ws/install/px4_msgs/include/px4_msgs/px4_msgs/msg/detail/sensors_status__type_support.h\n'}
[2.436007] (px4_msgs) StdoutLine: {'line': b'-- Up-to-date: /home/px4/ros2/ws/install/px4_msgs/include/px4_msgs/px4_msgs/msg/detail/ping__functions.c\n'}
[2.436102] (px4_msgs) StdoutLine: {'line': b'-- Up-to-date: /home/px4/ros2/ws/install/px4_msgs/include/px4_msgs/px4_msgs/msg/detail/ekf2_timestamps__struct.h\n'}
[2.436433] (px4_msgs) StdoutLine: {'line': b'-- Up-to-date: /home/px4/ros2/ws/install/px4_msgs/include/px4_msgs/px4_msgs/msg/detail/rover_rate_status__struct.h\n'}
[2.436580] (px4_msgs) StdoutLine: {'line': b'-- Up-to-date: /home/px4/ros2/ws/install/px4_msgs/include/px4_msgs/px4_msgs/msg/detail/rover_attitude_setpoint__type_support.h\n'}
[2.436705] (px4_msgs) StdoutLine: {'line': b'-- Up-to-date: /home/px4/ros2/ws/install/px4_msgs/include/px4_msgs/px4_msgs/msg/detail/tecs_status__functions.h\n'}
[2.436914] (px4_msgs) StdoutLine: {'line': b'-- Up-to-date: /home/px4/ros2/ws/install/px4_msgs/include/px4_msgs/px4_msgs/msg/detail/generator_status__functions.c\n'}
[2.437008] (px4_msgs) StdoutLine: {'line': b'-- Up-to-date: /home/px4/ros2/ws/install/px4_msgs/include/px4_msgs/px4_msgs/msg/detail/estimator_gps_status__struct.h\n'}
[2.437098] (px4_msgs) StdoutLine: {'line': b'-- Up-to-date: /home/px4/ros2/ws/install/px4_msgs/include/px4_msgs/px4_msgs/msg/detail/open_drone_id_operator_id__functions.c\n'}
[2.437264] (px4_msgs) StdoutLine: {'line': b'-- Up-to-date: /home/px4/ros2/ws/install/px4_msgs/include/px4_msgs/px4_msgs/msg/detail/logger_status__struct.h\n'}
[2.437356] (px4_msgs) StdoutLine: {'line': b'-- Up-to-date: /home/px4/ros2/ws/install/px4_msgs/include/px4_msgs/px4_msgs/msg/detail/estimator_bias__struct.h\n'}
[2.437461] (px4_msgs) StdoutLine: {'line': b'-- Up-to-date: /home/px4/ros2/ws/install/px4_msgs/include/px4_msgs/px4_msgs/msg/detail/qshell_req__functions.h\n'}
[2.437593] (px4_msgs) StdoutLine: {'line': b'-- Up-to-date: /home/px4/ros2/ws/install/px4_msgs/include/px4_msgs/px4_msgs/msg/detail/vehicle_acceleration__functions.h\n'}
[2.437673] (px4_msgs) StdoutLine: {'line': b'-- Up-to-date: /home/px4/ros2/ws/install/px4_msgs/include/px4_msgs/px4_msgs/msg/detail/sensor_uwb__functions.h\n'}
[2.437750] (px4_msgs) StdoutLine: {'line': b'-- Up-to-date: /home/px4/ros2/ws/install/px4_msgs/include/px4_msgs/px4_msgs/msg/detail/parameter_update__functions.c\n'}
[2.437866] (px4_msgs) StdoutLine: {'line': b'-- Up-to-date: /home/px4/ros2/ws/install/px4_msgs/include/px4_msgs/px4_msgs/msg/detail/landing_gear_wheel__struct.h\n'}
[2.437962] (px4_msgs) StdoutLine: {'line': b'-- Up-to-date: /home/px4/ros2/ws/install/px4_msgs/include/px4_msgs/px4_msgs/msg/detail/sensor_accel_fifo__type_support.h\n'}
[2.438064] (px4_msgs) StdoutLine: {'line': b'-- Up-to-date: /home/px4/ros2/ws/install/px4_msgs/include/px4_msgs/px4_msgs/msg/detail/sensor_preflight_mag__functions.h\n'}
[2.438167] (px4_msgs) StdoutLine: {'line': b'-- Up-to-date: /home/px4/ros2/ws/install/px4_msgs/include/px4_msgs/px4_msgs/msg/detail/airspeed_wind__functions.c\n'}
[2.438274] (px4_msgs) StdoutLine: {'line': b'-- Up-to-date: /home/px4/ros2/ws/install/px4_msgs/include/px4_msgs/px4_msgs/msg/detail/rover_position_setpoint__type_support.h\n'}
[2.438351] (px4_msgs) StdoutLine: {'line': b'-- Up-to-date: /home/px4/ros2/ws/install/px4_msgs/include/px4_msgs/px4_msgs/msg/detail/health_report__type_support.h\n'}
[2.438460] (px4_msgs) StdoutLine: {'line': b'-- Up-to-date: /home/px4/ros2/ws/install/px4_msgs/include/px4_msgs/px4_msgs/msg/detail/register_ext_component_request__functions.c\n'}
[2.438550] (px4_msgs) StdoutLine: {'line': b'-- Up-to-date: /home/px4/ros2/ws/install/px4_msgs/include/px4_msgs/px4_msgs/msg/detail/uavcan_parameter_request__struct.h\n'}
[2.438649] (px4_msgs) StdoutLine: {'line': b'-- Up-to-date: /home/px4/ros2/ws/install/px4_msgs/include/px4_msgs/px4_msgs/msg/detail/offboard_control_mode__struct.h\n'}
[2.438767] (px4_msgs) StdoutLine: {'line': b'-- Up-to-date: /home/px4/ros2/ws/install/px4_msgs/include/px4_msgs/px4_msgs/msg/detail/control_allocator_status__functions.c\n'}
[2.438986] (px4_msgs) StdoutLine: {'line': b'-- Up-to-date: /home/px4/ros2/ws/install/px4_msgs/include/px4_msgs/px4_msgs/msg/detail/distance_sensor__struct.h\n'}
[2.439142] (px4_msgs) StdoutLine: {'line': b'-- Up-to-date: /home/px4/ros2/ws/install/px4_msgs/include/px4_msgs/px4_msgs/msg/detail/heater_status__functions.c\n'}
[2.439476] (px4_msgs) StdoutLine: {'line': b'-- Up-to-date: /home/px4/ros2/ws/install/px4_msgs/include/px4_msgs/px4_msgs/msg/detail/sensor_selection__type_support.h\n'}
[2.439644] (px4_msgs) StdoutLine: {'line': b'-- Up-to-date: /home/px4/ros2/ws/install/px4_msgs/include/px4_msgs/px4_msgs/msg/detail/offboard_control_mode__functions.h\n'}
[2.439887] (px4_msgs) StdoutLine: {'line': b'-- Up-to-date: /home/px4/ros2/ws/install/px4_msgs/include/px4_msgs/px4_msgs/msg/detail/gripper__struct.h\n'}
[2.440166] (px4_msgs) StdoutLine: {'line': b'-- Up-to-date: /home/px4/ros2/ws/install/px4_msgs/include/px4_msgs/px4_msgs/msg/detail/lateral_control_configuration__struct.h\n'}
[2.440317] (px4_msgs) StdoutLine: {'line': b'-- Up-to-date: /home/px4/ros2/ws/install/px4_msgs/include/px4_msgs/px4_msgs/msg/detail/vehicle_rates_setpoint__functions.c\n'}
[2.440586] (px4_msgs) StdoutLine: {'line': b'-- Up-to-date: /home/px4/ros2/ws/install/px4_msgs/include/px4_msgs/px4_msgs/msg/detail/failsafe_flags__type_support.h\n'}
[2.440801] (px4_msgs) StdoutLine: {'line': b'-- Up-to-date: /home/px4/ros2/ws/install/px4_msgs/include/px4_msgs/px4_msgs/msg/detail/launch_detection_status__type_support.h\n'}
[2.440934] (px4_msgs) StdoutLine: {'line': b'-- Up-to-date: /home/px4/ros2/ws/install/px4_msgs/include/px4_msgs/px4_msgs/msg/detail/ulog_stream__struct.h\n'}
[2.441056] (px4_msgs) StdoutLine: {'line': b'-- Up-to-date: /home/px4/ros2/ws/install/px4_msgs/include/px4_msgs/px4_msgs/msg/detail/actuator_test__struct.h\n'}
[2.441166] (px4_msgs) StdoutLine: {'line': b'-- Up-to-date: /home/px4/ros2/ws/install/px4_msgs/include/px4_msgs/px4_msgs/msg/detail/message_format_response__struct.h\n'}
[2.441384] (px4_msgs) StdoutLine: {'line': b'-- Up-to-date: /home/px4/ros2/ws/install/px4_msgs/include/px4_msgs/px4_msgs/msg/detail/flight_phase_estimation__functions.h\n'}
[2.441511] (px4_msgs) StdoutLine: {'line': b'-- Up-to-date: /home/px4/ros2/ws/install/px4_msgs/include/px4_msgs/px4_msgs/msg/detail/estimator_selector_status__struct.h\n'}
[2.441658] (px4_msgs) StdoutLine: {'line': b'-- Up-to-date: /home/px4/ros2/ws/install/px4_msgs/include/px4_msgs/px4_msgs/msg/detail/telemetry_status__functions.c\n'}
[2.441762] (px4_msgs) StdoutLine: {'line': b'-- Up-to-date: /home/px4/ros2/ws/install/px4_msgs/include/px4_msgs/px4_msgs/msg/detail/pure_pursuit_status__type_support.h\n'}
[2.441954] (px4_msgs) StdoutLine: {'line': b'-- Up-to-date: /home/px4/ros2/ws/install/px4_msgs/include/px4_msgs/px4_msgs/msg/detail/vehicle_status__type_support.h\n'}
[2.442055] (px4_msgs) StdoutLine: {'line': b'-- Up-to-date: /home/px4/ros2/ws/install/px4_msgs/include/px4_msgs/px4_msgs/msg/detail/pps_capture__type_support.h\n'}
[2.442157] (px4_msgs) StdoutLine: {'line': b'-- Up-to-date: /home/px4/ros2/ws/install/px4_msgs/include/px4_msgs/px4_msgs/msg/detail/power_monitor__functions.c\n'}
[2.442283] (px4_msgs) StdoutLine: {'line': b'-- Up-to-date: /home/px4/ros2/ws/install/px4_msgs/include/px4_msgs/px4_msgs/msg/detail/rover_velocity_status__struct.h\n'}
[2.442405] (px4_msgs) StdoutLine: {'line': b'-- Up-to-date: /home/px4/ros2/ws/install/px4_msgs/include/px4_msgs/px4_msgs/msg/detail/trajectory_setpoint6dof__type_support.h\n'}
[2.442649] (px4_msgs) StdoutLine: {'line': b'-- Up-to-date: /home/px4/ros2/ws/install/px4_msgs/include/px4_msgs/px4_msgs/msg/detail/neural_control__functions.c\n'}
[2.442756] (px4_msgs) StdoutLine: {'line': b'-- Up-to-date: /home/px4/ros2/ws/install/px4_msgs/include/px4_msgs/px4_msgs/msg/detail/dataman_response__type_support.h\n'}
[2.442985] (px4_msgs) StdoutLine: {'line': b'-- Up-to-date: /home/px4/ros2/ws/install/px4_msgs/include/px4_msgs/px4_msgs/msg/detail/onboard_computer_status__type_support.h\n'}
[2.443111] (px4_msgs) StdoutLine: {'line': b'-- Up-to-date: /home/px4/ros2/ws/install/px4_msgs/include/px4_msgs/px4_msgs/msg/detail/trajectory_setpoint__type_support.h\n'}
[2.443312] (px4_msgs) StdoutLine: {'line': b'-- Up-to-date: /home/px4/ros2/ws/install/px4_msgs/include/px4_msgs/px4_msgs/msg/detail/sensor_combined__functions.h\n'}
[2.443458] (px4_msgs) StdoutLine: {'line': b'-- Up-to-date: /home/px4/ros2/ws/install/px4_msgs/include/px4_msgs/px4_msgs/msg/detail/vehicle_imu_status__struct.h\n'}
[2.443617] (px4_msgs) StdoutLine: {'line': b'-- Up-to-date: /home/px4/ros2/ws/install/px4_msgs/include/px4_msgs/px4_msgs/msg/detail/rover_throttle_setpoint__functions.c\n'}
[2.443699] (px4_msgs) StdoutLine: {'line': b'-- Up-to-date: /home/px4/ros2/ws/install/px4_msgs/include/px4_msgs/px4_msgs/msg/detail/gimbal_manager_status__struct.h\n'}
[2.443834] (px4_msgs) StdoutLine: {'line': b'-- Up-to-date: /home/px4/ros2/ws/install/px4_msgs/include/px4_msgs/px4_msgs/msg/detail/sensor_gps__functions.h\n'}
[2.443927] (px4_msgs) StdoutLine: {'line': b'-- Up-to-date: /home/px4/ros2/ws/install/px4_msgs/include/px4_msgs/px4_msgs/msg/detail/estimator_event_flags__functions.c\n'}
[2.444149] (px4_msgs) StdoutLine: {'line': b'-- Up-to-date: /home/px4/ros2/ws/install/px4_msgs/include/px4_msgs/px4_msgs/msg/detail/parameter_set_used_request__type_support.h\n'}
[2.444287] (px4_msgs) StdoutLine: {'line': b'-- Up-to-date: /home/px4/ros2/ws/install/px4_msgs/include/px4_msgs/px4_msgs/msg/detail/fixed_wing_lateral_guidance_status__functions.c\n'}
[2.444530] (px4_msgs) StdoutLine: {'line': b'-- Up-to-date: /home/px4/ros2/ws/install/px4_msgs/include/px4_msgs/px4_msgs/msg/detail/logger_status__type_support.h\n'}
[2.444657] (px4_msgs) StdoutLine: {'line': b'-- Up-to-date: /home/px4/ros2/ws/install/px4_msgs/include/px4_msgs/px4_msgs/msg/detail/mag_worker_data__type_support.h\n'}
[2.444796] (px4_msgs) StdoutLine: {'line': b'-- Up-to-date: /home/px4/ros2/ws/install/px4_msgs/include/px4_msgs/px4_msgs/msg/detail/internal_combustion_engine_control__functions.c\n'}
[2.444985] (px4_msgs) StdoutLine: {'line': b'-- Up-to-date: /home/px4/ros2/ws/install/px4_msgs/include/px4_msgs/px4_msgs/msg/detail/manual_control_setpoint__struct.h\n'}
[2.445090] (px4_msgs) StdoutLine: {'line': b'-- Up-to-date: /home/px4/ros2/ws/install/px4_msgs/include/px4_msgs/px4_msgs/msg/detail/vehicle_command_ack__functions.c\n'}
[2.445296] (px4_msgs) StdoutLine: {'line': b'-- Up-to-date: /home/px4/ros2/ws/install/px4_msgs/include/px4_msgs/px4_msgs/msg/detail/satellite_info__functions.c\n'}
[2.445391] (px4_msgs) StdoutLine: {'line': b'-- Up-to-date: /home/px4/ros2/ws/install/px4_msgs/include/px4_msgs/px4_msgs/msg/detail/rpm__struct.h\n'}
[2.445482] (px4_msgs) StdoutLine: {'line': b'-- Up-to-date: /home/px4/ros2/ws/install/px4_msgs/include/px4_msgs/px4_msgs/msg/detail/gripper__type_support.h\n'}
[2.445570] (px4_msgs) StdoutLine: {'line': b'-- Up-to-date: /home/px4/ros2/ws/install/px4_msgs/include/px4_msgs/px4_msgs/msg/detail/estimator_aid_source1d__functions.h\n'}
[2.445654] (px4_msgs) StdoutLine: {'line': b'-- Up-to-date: /home/px4/ros2/ws/install/px4_msgs/include/px4_msgs/px4_msgs/msg/detail/estimator_sensor_bias__struct.h\n'}
[2.445737] (px4_msgs) StdoutLine: {'line': b'-- Up-to-date: /home/px4/ros2/ws/install/px4_msgs/include/px4_msgs/px4_msgs/msg/detail/gps_dump__functions.c\n'}
[2.445823] (px4_msgs) StdoutLine: {'line': b'-- Up-to-date: /home/px4/ros2/ws/install/px4_msgs/include/px4_msgs/px4_msgs/msg/detail/actuator_servos__struct.h\n'}
[2.445906] (px4_msgs) StdoutLine: {'line': b'-- Up-to-date: /home/px4/ros2/ws/install/px4_msgs/include/px4_msgs/px4_msgs/msg/detail/launch_detection_status__struct.h\n'}
[2.445986] (px4_msgs) StdoutLine: {'line': b'-- Up-to-date: /home/px4/ros2/ws/install/px4_msgs/include/px4_msgs/px4_msgs/msg/detail/fuel_tank_status__type_support.h\n'}
[2.446069] (px4_msgs) StdoutLine: {'line': b'-- Up-to-date: /home/px4/ros2/ws/install/px4_msgs/include/px4_msgs/px4_msgs/msg/detail/airspeed_validated__functions.c\n'}
[2.446185] (px4_msgs) StdoutLine: {'line': b'-- Up-to-date: /home/px4/ros2/ws/install/px4_msgs/include/px4_msgs/px4_msgs/msg/detail/orb_test_large__functions.c\n'}
[2.446307] (px4_msgs) StdoutLine: {'line': b'-- Up-to-date: /home/px4/ros2/ws/install/px4_msgs/include/px4_msgs/px4_msgs/msg/detail/vehicle_imu__struct.h\n'}
[2.446395] (px4_msgs) StdoutLine: {'line': b'-- Up-to-date: /home/px4/ros2/ws/install/px4_msgs/include/px4_msgs/px4_msgs/msg/detail/action_request__functions.h\n'}
[2.446611] (px4_msgs) StdoutLine: {'line': b'-- Up-to-date: /home/px4/ros2/ws/install/px4_msgs/include/px4_msgs/px4_msgs/msg/detail/vehicle_air_data__functions.c\n'}
[2.446696] (px4_msgs) StdoutLine: {'line': b'-- Up-to-date: /home/px4/ros2/ws/install/px4_msgs/include/px4_msgs/px4_msgs/msg/detail/led_control__struct.h\n'}
[2.446778] (px4_msgs) StdoutLine: {'line': b'-- Up-to-date: /home/px4/ros2/ws/install/px4_msgs/include/px4_msgs/px4_msgs/msg/detail/goto_setpoint__type_support.h\n'}
[2.446875] (px4_msgs) StdoutLine: {'line': b'-- Up-to-date: /home/px4/ros2/ws/install/px4_msgs/include/px4_msgs/px4_msgs/msg/detail/sensor_preflight_mag__type_support.h\n'}
[2.446942] (px4_msgs) StdoutLine: {'line': b'-- Up-to-date: /home/px4/ros2/ws/install/px4_msgs/include/px4_msgs/px4_msgs/msg/detail/sensor_gyro_fft__functions.c\n'}
[2.447021] (px4_msgs) StdoutLine: {'line': b'-- Up-to-date: /home/px4/ros2/ws/install/px4_msgs/include/px4_msgs/px4_msgs/msg/detail/gimbal_controls__type_support.h\n'}
[2.447088] (px4_msgs) StdoutLine: {'line': b'-- Up-to-date: /home/px4/ros2/ws/install/px4_msgs/include/px4_msgs/px4_msgs/msg/detail/sensor_accel_fifo__functions.h\n'}
[2.447169] (px4_msgs) StdoutLine: {'line': b'-- Up-to-date: /home/px4/ros2/ws/install/px4_msgs/include/px4_msgs/px4_msgs/msg/detail/register_ext_component_request__functions.h\n'}
[2.447289] (px4_msgs) StdoutLine: {'line': b'-- Up-to-date: /home/px4/ros2/ws/install/px4_msgs/include/px4_msgs/px4_msgs/msg/detail/config_overrides__type_support.h\n'}
[2.447379] (px4_msgs) StdoutLine: {'line': b'-- Up-to-date: /home/px4/ros2/ws/install/px4_msgs/include/px4_msgs/px4_msgs/msg/detail/lateral_control_configuration__functions.h\n'}
[2.447464] (px4_msgs) StdoutLine: {'line': b'-- Up-to-date: /home/px4/ros2/ws/install/px4_msgs/include/px4_msgs/px4_msgs/msg/detail/position_controller_status__functions.h\n'}
[2.447551] (px4_msgs) StdoutLine: {'line': b'-- Up-to-date: /home/px4/ros2/ws/install/px4_msgs/include/px4_msgs/px4_msgs/msg/detail/airspeed_validated__type_support.h\n'}
[2.447651] (px4_msgs) StdoutLine: {'line': b'-- Up-to-date: /home/px4/ros2/ws/install/px4_msgs/include/px4_msgs/px4_msgs/msg/detail/actuator_motors__struct.h\n'}
[2.447719] (px4_msgs) StdoutLine: {'line': b'-- Up-to-date: /home/px4/ros2/ws/install/px4_msgs/include/px4_msgs/px4_msgs/msg/detail/debug_value__type_support.h\n'}
[2.447825] (px4_msgs) StdoutLine: {'line': b'-- Up-to-date: /home/px4/ros2/ws/install/px4_msgs/include/px4_msgs/px4_msgs/msg/detail/debug_value__functions.h\n'}
[2.447954] (px4_msgs) StdoutLine: {'line': b'-- Up-to-date: /home/px4/ros2/ws/install/px4_msgs/include/px4_msgs/px4_msgs/msg/detail/button_event__functions.h\n'}
[2.448042] (px4_msgs) StdoutLine: {'line': b'-- Up-to-date: /home/px4/ros2/ws/install/px4_msgs/include/px4_msgs/px4_msgs/msg/detail/generator_status__type_support.h\n'}
[2.448148] (px4_msgs) StdoutLine: {'line': b'-- Up-to-date: /home/px4/ros2/ws/install/px4_msgs/include/px4_msgs/px4_msgs/msg/detail/rate_ctrl_status__functions.c\n'}
[2.448261] (px4_msgs) StdoutLine: {'line': b'-- Up-to-date: /home/px4/ros2/ws/install/px4_msgs/include/px4_msgs/px4_msgs/msg/detail/landing_target_pose__struct.h\n'}
[2.448427] (px4_msgs) StdoutLine: {'line': b'-- Up-to-date: /home/px4/ros2/ws/install/px4_msgs/include/px4_msgs/px4_msgs/msg/detail/ulog_stream_ack__struct.h\n'}
[2.448552] (px4_msgs) StdoutLine: {'line': b'-- Up-to-date: /home/px4/ros2/ws/install/px4_msgs/include/px4_msgs/px4_msgs/msg/detail/orb_test_medium__struct.h\n'}
[2.448796] (px4_msgs) StdoutLine: {'line': b'-- Up-to-date: /home/px4/ros2/ws/install/px4_msgs/include/px4_msgs/px4_msgs/msg/detail/takeoff_status__functions.c\n'}
[2.448986] (px4_msgs) StdoutLine: {'line': b'-- Up-to-date: /home/px4/ros2/ws/install/px4_msgs/include/px4_msgs/px4_msgs/msg/detail/orb_test_large__type_support.h\n'}
[2.449307] (px4_msgs) StdoutLine: {'line': b'-- Up-to-date: /home/px4/ros2/ws/install/px4_msgs/include/px4_msgs/px4_msgs/msg/detail/sensor_gyro__type_support.h\n'}
[2.449691] (px4_msgs) StdoutLine: {'line': b'-- Up-to-date: /home/px4/ros2/ws/install/px4_msgs/include/px4_msgs/px4_msgs/msg/detail/sensor_airflow__functions.h\n'}
[2.449848] (px4_msgs) StdoutLine: {'line': b'-- Up-to-date: /home/px4/ros2/ws/install/px4_msgs/include/px4_msgs/px4_msgs/msg/detail/gimbal_device_attitude_status__struct.h\n'}
[2.449960] (px4_msgs) StdoutLine: {'line': b'-- Up-to-date: /home/px4/ros2/ws/install/px4_msgs/include/px4_msgs/px4_msgs/msg/detail/vehicle_attitude_setpoint__type_support.h\n'}
[2.450060] (px4_msgs) StdoutLine: {'line': b'-- Up-to-date: /home/px4/ros2/ws/install/px4_msgs/include/px4_msgs/px4_msgs/msg/detail/vehicle_angular_acceleration_setpoint__struct.h\n'}
[2.450271] (px4_msgs) StdoutLine: {'line': b'-- Up-to-date: /home/px4/ros2/ws/install/px4_msgs/include/px4_msgs/px4_msgs/msg/detail/normalized_unsigned_setpoint__functions.h\n'}
[2.450463] (px4_msgs) StdoutLine: {'line': b'-- Up-to-date: /home/px4/ros2/ws/install/px4_msgs/include/px4_msgs/px4_msgs/msg/detail/vehicle_roi__type_support.h\n'}
[2.450569] (px4_msgs) StdoutLine: {'line': b'-- Up-to-date: /home/px4/ros2/ws/install/px4_msgs/include/px4_msgs/px4_msgs/msg/detail/vehicle_local_position_setpoint__functions.c\n'}
[2.450687] (px4_msgs) StdoutLine: {'line': b'-- Up-to-date: /home/px4/ros2/ws/install/px4_msgs/include/px4_msgs/px4_msgs/msg/detail/adc_report__functions.h\n'}
[2.450801] (px4_msgs) StdoutLine: {'line': b'-- Up-to-date: /home/px4/ros2/ws/install/px4_msgs/include/px4_msgs/px4_msgs/msg/detail/gpio_config__type_support.h\n'}
[2.450967] (px4_msgs) StdoutLine: {'line': b'-- Up-to-date: /home/px4/ros2/ws/install/px4_msgs/include/px4_msgs/px4_msgs/msg/detail/px4io_status__type_support.h\n'}
[2.451096] (px4_msgs) StdoutLine: {'line': b'-- Up-to-date: /home/px4/ros2/ws/install/px4_msgs/include/px4_msgs/px4_msgs/msg/detail/logger_status__functions.h\n'}
[2.451249] (px4_msgs) StdoutLine: {'line': b'-- Up-to-date: /home/px4/ros2/ws/install/px4_msgs/include/px4_msgs/px4_msgs/msg/detail/orb_test__struct.h\n'}
[2.451376] (px4_msgs) StdoutLine: {'line': b'-- Up-to-date: /home/px4/ros2/ws/install/px4_msgs/include/px4_msgs/px4_msgs/msg/detail/message_format_request__struct.h\n'}
[2.451478] (px4_msgs) StdoutLine: {'line': b'-- Up-to-date: /home/px4/ros2/ws/install/px4_msgs/include/px4_msgs/px4_msgs/msg/detail/estimator_states__functions.c\n'}
[2.451690] (px4_msgs) StdoutLine: {'line': b'-- Up-to-date: /home/px4/ros2/ws/install/px4_msgs/include/px4_msgs/px4_msgs/msg/detail/onboard_computer_status__functions.c\n'}
[2.451833] (px4_msgs) StdoutLine: {'line': b'-- Up-to-date: /home/px4/ros2/ws/install/px4_msgs/include/px4_msgs/px4_msgs/msg/detail/dataman_request__type_support.h\n'}
[2.451952] (px4_msgs) StdoutLine: {'line': b'-- Up-to-date: /home/px4/ros2/ws/install/px4_msgs/include/px4_msgs/px4_msgs/msg/detail/internal_combustion_engine_status__type_support.h\n'}
[2.452060] (px4_msgs) StdoutLine: {'line': b'-- Up-to-date: /home/px4/ros2/ws/install/px4_msgs/include/px4_msgs/px4_msgs/msg/detail/ekf2_timestamps__functions.c\n'}
[2.452158] (px4_msgs) StdoutLine: {'line': b'-- Up-to-date: /home/px4/ros2/ws/install/px4_msgs/include/px4_msgs/px4_msgs/msg/detail/vehicle_local_position_setpoint__type_support.h\n'}
[2.452400] (px4_msgs) StdoutLine: {'line': b'-- Up-to-date: /home/px4/ros2/ws/install/px4_msgs/include/px4_msgs/px4_msgs/msg/detail/vehicle_land_detected__functions.h\n'}
[2.452598] (px4_msgs) StdoutLine: {'line': b'-- Up-to-date: /home/px4/ros2/ws/install/px4_msgs/include/px4_msgs/px4_msgs/msg/detail/collision_constraints__type_support.h\n'}
[2.452724] (px4_msgs) StdoutLine: {'line': b'-- Up-to-date: /home/px4/ros2/ws/install/px4_msgs/include/px4_msgs/px4_msgs/msg/detail/sensor_gnss_relative__type_support.h\n'}
[2.452896] (px4_msgs) StdoutLine: {'line': b'-- Up-to-date: /home/px4/ros2/ws/install/px4_msgs/include/px4_msgs/px4_msgs/msg/detail/fixed_wing_lateral_setpoint__struct.h\n'}
[2.453062] (px4_msgs) StdoutLine: {'line': b'-- Up-to-date: /home/px4/ros2/ws/install/px4_msgs/include/px4_msgs/px4_msgs/msg/detail/landing_target_pose__functions.h\n'}
[2.453184] (px4_msgs) StdoutLine: {'line': b'-- Up-to-date: /home/px4/ros2/ws/install/px4_msgs/include/px4_msgs/px4_msgs/msg/detail/gimbal_manager_set_attitude__functions.h\n'}
[2.453449] (px4_msgs) StdoutLine: {'line': b'-- Up-to-date: /home/px4/ros2/ws/install/px4_msgs/include/px4_msgs/px4_msgs/msg/detail/parameter_set_value_response__functions.c\n'}
[2.453556] (px4_msgs) StdoutLine: {'line': b'-- Up-to-date: /home/px4/ros2/ws/install/px4_msgs/include/px4_msgs/px4_msgs/msg/detail/airspeed_validated__functions.h\n'}
[2.453654] (px4_msgs) StdoutLine: {'line': b'-- Up-to-date: /home/px4/ros2/ws/install/px4_msgs/include/px4_msgs/px4_msgs/msg/detail/battery_status__functions.c\n'}
[2.453840] (px4_msgs) StdoutLine: {'line': b'-- Up-to-date: /home/px4/ros2/ws/install/px4_msgs/include/px4_msgs/px4_msgs/msg/detail/camera_status__type_support.h\n'}
[2.453967] (px4_msgs) StdoutLine: {'line': b'-- Up-to-date: /home/px4/ros2/ws/install/px4_msgs/include/px4_msgs/px4_msgs/msg/detail/fuel_tank_status__functions.h\n'}
[2.454090] (px4_msgs) StdoutLine: {'line': b'-- Up-to-date: /home/px4/ros2/ws/install/px4_msgs/include/px4_msgs/px4_msgs/msg/detail/navigator_mission_item__type_support.h\n'}
[2.454274] (px4_msgs) StdoutLine: {'line': b'-- Up-to-date: /home/px4/ros2/ws/install/px4_msgs/include/px4_msgs/px4_msgs/msg/detail/velocity_limits__type_support.h\n'}
[2.454410] (px4_msgs) StdoutLine: {'line': b'-- Up-to-date: /home/px4/ros2/ws/install/px4_msgs/include/px4_msgs/px4_msgs/msg/detail/fixed_wing_lateral_status__type_support.h\n'}
[2.454524] (px4_msgs) StdoutLine: {'line': b'-- Up-to-date: /home/px4/ros2/ws/install/px4_msgs/include/px4_msgs/px4_msgs/msg/detail/vehicle_global_position__type_support.h\n'}
[2.454655] (px4_msgs) StdoutLine: {'line': b'-- Up-to-date: /home/px4/ros2/ws/install/px4_msgs/include/px4_msgs/px4_msgs/msg/detail/estimator_innovations__functions.h\n'}
[2.454734] (px4_msgs) StdoutLine: {'line': b'-- Up-to-date: /home/px4/ros2/ws/install/px4_msgs/include/px4_msgs/px4_msgs/msg/detail/landing_target_innovations__type_support.h\n'}
[2.454863] (px4_msgs) StdoutLine: {'line': b'-- Up-to-date: /home/px4/ros2/ws/install/px4_msgs/include/px4_msgs/px4_msgs/msg/detail/dronecan_node_status__functions.h\n'}
[2.454974] (px4_msgs) StdoutLine: {'line': b'-- Up-to-date: /home/px4/ros2/ws/install/px4_msgs/include/px4_msgs/px4_msgs/msg/detail/parameter_set_value_response__functions.h\n'}
[2.455183] (px4_msgs) StdoutLine: {'line': b'-- Up-to-date: /home/px4/ros2/ws/install/px4_msgs/include/px4_msgs/px4_msgs/msg/detail/open_drone_id_operator_id__type_support.h\n'}
[2.455380] (px4_msgs) StdoutLine: {'line': b'-- Up-to-date: /home/px4/ros2/ws/install/px4_msgs/include/px4_msgs/px4_msgs/msg/detail/open_drone_id_system__functions.h\n'}
[2.455494] (px4_msgs) StdoutLine: {'line': b'-- Up-to-date: /home/px4/ros2/ws/install/px4_msgs/include/px4_msgs/px4_msgs/msg/detail/navigator_status__type_support.h\n'}
[2.455600] (px4_msgs) StdoutLine: {'line': b'-- Up-to-date: /home/px4/ros2/ws/install/px4_msgs/include/px4_msgs/px4_msgs/msg/detail/estimator_aid_source2d__struct.h\n'}
[2.455705] (px4_msgs) StdoutLine: {'line': b'-- Up-to-date: /home/px4/ros2/ws/install/px4_msgs/include/px4_msgs/px4_msgs/msg/detail/cellular_status__type_support.h\n'}
[2.455823] (px4_msgs) StdoutLine: {'line': b'-- Up-to-date: /home/px4/ros2/ws/install/px4_msgs/include/px4_msgs/px4_msgs/msg/detail/uavcan_parameter_request__functions.h\n'}
[2.455923] (px4_msgs) StdoutLine: {'line': b'-- Up-to-date: /home/px4/ros2/ws/install/px4_msgs/include/px4_msgs/px4_msgs/msg/detail/tecs_status__functions.c\n'}
[2.456173] (px4_msgs) StdoutLine: {'line': b'-- Up-to-date: /home/px4/ros2/ws/install/px4_msgs/include/px4_msgs/px4_msgs/msg/detail/camera_capture__struct.h\n'}
[2.456284] (px4_msgs) StdoutLine: {'line': b'-- Up-to-date: /home/px4/ros2/ws/install/px4_msgs/include/px4_msgs/px4_msgs/msg/detail/manual_control_setpoint__type_support.h\n'}
[2.456392] (px4_msgs) StdoutLine: {'line': b'-- Up-to-date: /home/px4/ros2/ws/install/px4_msgs/include/px4_msgs/px4_msgs/msg/detail/open_drone_id_self_id__struct.h\n'}
[2.456598] (px4_msgs) StdoutLine: {'line': b'-- Up-to-date: /home/px4/ros2/ws/install/px4_msgs/include/px4_msgs/px4_msgs/msg/detail/gps_inject_data__struct.h\n'}
[2.456827] (px4_msgs) StdoutLine: {'line': b'-- Up-to-date: /home/px4/ros2/ws/install/px4_msgs/include/px4_msgs/px4_msgs/msg/detail/mount_orientation__functions.c\n'}
[2.456924] (px4_msgs) StdoutLine: {'line': b'-- Up-to-date: /home/px4/ros2/ws/install/px4_msgs/include/px4_msgs/px4_msgs/msg/detail/dataman_request__functions.c\n'}
[2.457055] (px4_msgs) StdoutLine: {'line': b'-- Up-to-date: /home/px4/ros2/ws/install/px4_msgs/include/px4_msgs/px4_msgs/msg/detail/estimator_aid_source3d__functions.c\n'}
[2.457175] (px4_msgs) StdoutLine: {'line': b'-- Up-to-date: /home/px4/ros2/ws/install/px4_msgs/include/px4_msgs/px4_msgs/msg/detail/sensor_gyro__struct.h\n'}
[2.457279] (px4_msgs) StdoutLine: {'line': b'-- Up-to-date: /home/px4/ros2/ws/install/px4_msgs/include/px4_msgs/px4_msgs/msg/detail/manual_control_switches__struct.h\n'}
[2.457370] (px4_msgs) StdoutLine: {'line': b'-- Up-to-date: /home/px4/ros2/ws/install/px4_msgs/include/px4_msgs/px4_msgs/msg/detail/vehicle_imu__functions.c\n'}
[2.457454] (px4_msgs) StdoutLine: {'line': b'-- Up-to-date: /home/px4/ros2/ws/install/px4_msgs/include/px4_msgs/px4_msgs/msg/detail/gimbal_manager_set_manual_control__struct.h\n'}
[2.457538] (px4_msgs) StdoutLine: {'line': b'-- Up-to-date: /home/px4/ros2/ws/install/px4_msgs/include/px4_msgs/px4_msgs/msg/detail/rover_velocity_setpoint__struct.h\n'}
[2.457619] (px4_msgs) StdoutLine: {'line': b'-- Up-to-date: /home/px4/ros2/ws/install/px4_msgs/include/px4_msgs/px4_msgs/msg/detail/position_setpoint_triplet__type_support.h\n'}
[2.457698] (px4_msgs) StdoutLine: {'line': b'-- Up-to-date: /home/px4/ros2/ws/install/px4_msgs/include/px4_msgs/px4_msgs/msg/detail/manual_control_setpoint__functions.h\n'}
[2.457782] (px4_msgs) StdoutLine: {'line': b'-- Up-to-date: /home/px4/ros2/ws/install/px4_msgs/include/px4_msgs/px4_msgs/msg/detail/sensor_combined__functions.c\n'}
[2.457869] (px4_msgs) StdoutLine: {'line': b'-- Up-to-date: /home/px4/ros2/ws/install/px4_msgs/include/px4_msgs/px4_msgs/msg/detail/estimator_status__type_support.h\n'}
[2.457955] (px4_msgs) StdoutLine: {'line': b'-- Up-to-date: /home/px4/ros2/ws/install/px4_msgs/include/px4_msgs/px4_msgs/msg/detail/sensor_mag__struct.h\n'}
[2.458037] (px4_msgs) StdoutLine: {'line': b'-- Up-to-date: /home/px4/ros2/ws/install/px4_msgs/include/px4_msgs/px4_msgs/msg/detail/sensor_baro__functions.h\n'}
[2.458116] (px4_msgs) StdoutLine: {'line': b'-- Up-to-date: /home/px4/ros2/ws/install/px4_msgs/include/px4_msgs/px4_msgs/msg/detail/position_controller_status__functions.c\n'}
[2.458212] (px4_msgs) StdoutLine: {'line': b'-- Up-to-date: /home/px4/ros2/ws/install/px4_msgs/include/px4_msgs/px4_msgs/msg/detail/vehicle_rates_setpoint__struct.h\n'}
[2.458320] (px4_msgs) StdoutLine: {'line': b'-- Up-to-date: /home/px4/ros2/ws/install/px4_msgs/include/px4_msgs/px4_msgs/msg/detail/mavlink_log__type_support.h\n'}
[2.458406] (px4_msgs) StdoutLine: {'line': b'-- Up-to-date: /home/px4/ros2/ws/install/px4_msgs/include/px4_msgs/px4_msgs/msg/detail/iridiumsbd_status__functions.c\n'}
[2.458477] (px4_msgs) StdoutLine: {'line': b'-- Up-to-date: /home/px4/ros2/ws/install/px4_msgs/include/px4_msgs/px4_msgs/msg/detail/obstacle_distance__functions.c\n'}
[2.458767] (px4_msgs) StdoutLine: {'line': b'-- Up-to-date: /home/px4/ros2/ws/install/px4_msgs/include/px4_msgs/px4_msgs/msg/detail/home_position__type_support.h\n'}
[2.458865] (px4_msgs) StdoutLine: {'line': b'-- Up-to-date: /home/px4/ros2/ws/install/px4_msgs/include/px4_msgs/px4_msgs/msg/detail/action_request__functions.c\n'}
[2.458987] (px4_msgs) StdoutLine: {'line': b'-- Up-to-date: /home/px4/ros2/ws/install/px4_msgs/include/px4_msgs/px4_msgs/msg/detail/airspeed__functions.h\n'}
[2.459100] (px4_msgs) StdoutLine: {'line': b'-- Up-to-date: /home/px4/ros2/ws/install/px4_msgs/include/px4_msgs/px4_msgs/msg/detail/satellite_info__functions.h\n'}
[2.459226] (px4_msgs) StdoutLine: {'line': b'-- Up-to-date: /home/px4/ros2/ws/install/px4_msgs/include/px4_msgs/px4_msgs/msg/detail/parameter_set_used_request__functions.c\n'}
[2.459540] (px4_msgs) StdoutLine: {'line': b'-- Up-to-date: /home/px4/ros2/ws/install/px4_msgs/include/px4_msgs/px4_msgs/msg/detail/estimator_states__type_support.h\n'}
[2.459725] (px4_msgs) StdoutLine: {'line': b'-- Up-to-date: /home/px4/ros2/ws/install/px4_msgs/include/px4_msgs/px4_msgs/msg/detail/onboard_computer_status__functions.h\n'}
[2.459856] (px4_msgs) StdoutLine: {'line': b'-- Up-to-date: /home/px4/ros2/ws/install/px4_msgs/include/px4_msgs/px4_msgs/msg/detail/airspeed_wind__type_support.h\n'}
[2.459977] (px4_msgs) StdoutLine: {'line': b'-- Up-to-date: /home/px4/ros2/ws/install/px4_msgs/include/px4_msgs/px4_msgs/msg/detail/parameter_set_value_request__functions.h\n'}
[2.460184] (px4_msgs) StdoutLine: {'line': b'-- Up-to-date: /home/px4/ros2/ws/install/px4_msgs/include/px4_msgs/px4_msgs/msg/detail/airspeed__struct.h\n'}
[2.460571] (px4_msgs) StdoutLine: {'line': b'-- Up-to-date: /home/px4/ros2/ws/install/px4_msgs/include/px4_msgs/px4_msgs/msg/detail/power_monitor__struct.h\n'}
[2.460720] (px4_msgs) StdoutLine: {'line': b'-- Up-to-date: /home/px4/ros2/ws/install/px4_msgs/include/px4_msgs/px4_msgs/msg/detail/timesync_status__type_support.h\n'}
[2.461007] (px4_msgs) StdoutLine: {'line': b'-- Up-to-date: /home/px4/ros2/ws/install/px4_msgs/include/px4_msgs/px4_msgs/msg/detail/satellite_info__type_support.h\n'}
[2.461151] (px4_msgs) StdoutLine: {'line': b'-- Up-to-date: /home/px4/ros2/ws/install/px4_msgs/include/px4_msgs/px4_msgs/msg/detail/rover_rate_status__type_support.h\n'}
[2.461540] (px4_msgs) StdoutLine: {'line': b'-- Up-to-date: /home/px4/ros2/ws/install/px4_msgs/include/px4_msgs/px4_msgs/msg/detail/fixed_wing_longitudinal_setpoint__functions.c\n'}
[2.461805] (px4_msgs) StdoutLine: {'line': b'-- Up-to-date: /home/px4/ros2/ws/install/px4_msgs/include/px4_msgs/px4_msgs/msg/detail/camera_status__functions.c\n'}
[2.461949] (px4_msgs) StdoutLine: {'line': b'-- Up-to-date: /home/px4/ros2/ws/install/px4_msgs/include/px4_msgs/px4_msgs/msg/detail/internal_combustion_engine_control__type_support.h\n'}
[2.462087] (px4_msgs) StdoutLine: {'line': b'-- Up-to-date: /home/px4/ros2/ws/install/px4_msgs/include/px4_msgs/px4_msgs/msg/detail/parameter_set_value_request__functions.c\n'}
[2.462648] (px4_msgs) StdoutLine: {'line': b'-- Up-to-date: /home/px4/ros2/ws/install/px4_msgs/include/px4_msgs/px4_msgs/msg/detail/failure_detector_status__functions.c\n'}
[2.462816] (px4_msgs) StdoutLine: {'line': b'-- Up-to-date: /home/px4/ros2/ws/install/px4_msgs/include/px4_msgs/px4_msgs/msg/detail/differential_pressure__struct.h\n'}
[2.462955] (px4_msgs) StdoutLine: {'line': b'-- Up-to-date: /home/px4/ros2/ws/install/px4_msgs/include/px4_msgs/px4_msgs/msg/detail/gpio_in__struct.h\n'}
[2.463098] (px4_msgs) StdoutLine: {'line': b'-- Up-to-date: /home/px4/ros2/ws/install/px4_msgs/include/px4_msgs/px4_msgs/msg/detail/airspeed__functions.c\n'}
[2.463439] (px4_msgs) StdoutLine: {'line': b'-- Up-to-date: /home/px4/ros2/ws/install/px4_msgs/include/px4_msgs/px4_msgs/msg/detail/estimator_selector_status__functions.h\n'}
[2.463548] (px4_msgs) StdoutLine: {'line': b'-- Up-to-date: /home/px4/ros2/ws/install/px4_msgs/include/px4_msgs/px4_msgs/msg/detail/estimator_aid_source1d__type_support.h\n'}
[2.463648] (px4_msgs) StdoutLine: {'line': b'-- Up-to-date: /home/px4/ros2/ws/install/px4_msgs/include/px4_msgs/px4_msgs/msg/detail/debug_vect__type_support.h\n'}
[2.463738] (px4_msgs) StdoutLine: {'line': b'-- Up-to-date: /home/px4/ros2/ws/install/px4_msgs/include/px4_msgs/px4_msgs/msg/detail/fixed_wing_lateral_status__struct.h\n'}
[2.463825] (px4_msgs) StdoutLine: {'line': b'-- Up-to-date: /home/px4/ros2/ws/install/px4_msgs/include/px4_msgs/px4_msgs/msg/detail/sensor_accel__functions.c\n'}
[2.463895] (px4_msgs) StdoutLine: {'line': b'-- Up-to-date: /home/px4/ros2/ws/install/px4_msgs/include/px4_msgs/px4_msgs/msg/detail/dataman_request__functions.h\n'}
[2.463964] (px4_msgs) StdoutLine: {'line': b'-- Up-to-date: /home/px4/ros2/ws/install/px4_msgs/include/px4_msgs/px4_msgs/msg/detail/gpio_out__functions.c\n'}
[2.464341] (px4_msgs) StdoutLine: {'line': b'-- Up-to-date: /home/px4/ros2/ws/install/px4_msgs/include/px4_msgs/px4_msgs/msg/detail/dataman_response__struct.h\n'}
[2.464501] (px4_msgs) StdoutLine: {'line': b'-- Up-to-date: /home/px4/ros2/ws/install/px4_msgs/include/px4_msgs/px4_msgs/msg/detail/radio_status__functions.c\n'}
[2.464718] (px4_msgs) StdoutLine: {'line': b'-- Up-to-date: /home/px4/ros2/ws/install/px4_msgs/include/px4_msgs/px4_msgs/msg/detail/hover_thrust_estimate__type_support.h\n'}
[2.464908] (px4_msgs) StdoutLine: {'line': b'-- Up-to-date: /home/px4/ros2/ws/install/px4_msgs/include/px4_msgs/px4_msgs/msg/detail/sensor_hygrometer__type_support.h\n'}
[2.465037] (px4_msgs) StdoutLine: {'line': b'-- Up-to-date: /home/px4/ros2/ws/install/px4_msgs/include/px4_msgs/px4_msgs/msg/detail/rover_throttle_setpoint__type_support.h\n'}
[2.465131] (px4_msgs) StdoutLine: {'line': b'-- Up-to-date: /home/px4/ros2/ws/install/px4_msgs/include/px4_msgs/px4_msgs/msg/detail/parameter_set_value_request__struct.h\n'}
[2.465240] (px4_msgs) StdoutLine: {'line': b'-- Up-to-date: /home/px4/ros2/ws/install/px4_msgs/include/px4_msgs/px4_msgs/msg/detail/velocity_limits__struct.h\n'}
[2.465330] (px4_msgs) StdoutLine: {'line': b'-- Up-to-date: /home/px4/ros2/ws/install/px4_msgs/include/px4_msgs/px4_msgs/msg/detail/landing_target_pose__type_support.h\n'}
[2.465410] (px4_msgs) StdoutLine: {'line': b'-- Up-to-date: /home/px4/ros2/ws/install/px4_msgs/include/px4_msgs/px4_msgs/msg/detail/estimator_status_flags__type_support.h\n'}
[2.465545] (px4_msgs) StdoutLine: {'line': b'-- Up-to-date: /home/px4/ros2/ws/install/px4_msgs/include/px4_msgs/px4_msgs/msg/detail/rover_attitude_status__struct.h\n'}
[2.465622] (px4_msgs) StdoutLine: {'line': b'-- Up-to-date: /home/px4/ros2/ws/install/px4_msgs/include/px4_msgs/px4_msgs/msg/detail/goto_setpoint__struct.h\n'}
[2.465727] (px4_msgs) StdoutLine: {'line': b'-- Up-to-date: /home/px4/ros2/ws/install/px4_msgs/include/px4_msgs/px4_msgs/msg/detail/tiltrotor_extra_controls__functions.h\n'}
[2.465804] (px4_msgs) StdoutLine: {'line': b'-- Up-to-date: /home/px4/ros2/ws/install/px4_msgs/include/px4_msgs/px4_msgs/msg/detail/offboard_control_mode__functions.c\n'}
[2.465876] (px4_msgs) StdoutLine: {'line': b'-- Up-to-date: /home/px4/ros2/ws/install/px4_msgs/include/px4_msgs/px4_msgs/msg/detail/estimator_status__struct.h\n'}
[2.465990] (px4_msgs) StdoutLine: {'line': b'-- Up-to-date: /home/px4/ros2/ws/install/px4_msgs/include/px4_msgs/px4_msgs/msg/detail/px4io_status__functions.h\n'}
[2.466066] (px4_msgs) StdoutLine: {'line': b'-- Up-to-date: /home/px4/ros2/ws/install/px4_msgs/include/px4_msgs/px4_msgs/msg/detail/tune_control__functions.h\n'}
[2.466139] (px4_msgs) StdoutLine: {'line': b'-- Up-to-date: /home/px4/ros2/ws/install/px4_msgs/include/px4_msgs/px4_msgs/msg/detail/rover_steering_setpoint__functions.h\n'}
[2.466304] (px4_msgs) StdoutLine: {'line': b'-- Up-to-date: /home/px4/ros2/ws/install/px4_msgs/include/px4_msgs/px4_msgs/msg/detail/sensor_accel__type_support.h\n'}
[2.466401] (px4_msgs) StdoutLine: {'line': b'-- Up-to-date: /home/px4/ros2/ws/install/px4_msgs/include/px4_msgs/px4_msgs/msg/detail/health_report__struct.h\n'}
[2.466476] (px4_msgs) StdoutLine: {'line': b'-- Up-to-date: /home/px4/ros2/ws/install/px4_msgs/include/px4_msgs/px4_msgs/msg/detail/onboard_computer_status__struct.h\n'}
[2.466613] (px4_msgs) StdoutLine: {'line': b'-- Up-to-date: /home/px4/ros2/ws/install/px4_msgs/include/px4_msgs/px4_msgs/msg/detail/debug_key_value__struct.h\n'}
[2.466697] (px4_msgs) StdoutLine: {'line': b'-- Up-to-date: /home/px4/ros2/ws/install/px4_msgs/include/px4_msgs/px4_msgs/msg/detail/vehicle_local_position__functions.c\n'}
[2.466771] (px4_msgs) StdoutLine: {'line': b'-- Up-to-date: /home/px4/ros2/ws/install/px4_msgs/include/px4_msgs/px4_msgs/msg/detail/gpio_request__type_support.h\n'}
[2.466859] (px4_msgs) StdoutLine: {'line': b'-- Up-to-date: /home/px4/ros2/ws/install/px4_msgs/include/px4_msgs/px4_msgs/msg/detail/estimator_bias3d__functions.h\n'}
[2.466975] (px4_msgs) StdoutLine: {'line': b'-- Up-to-date: /home/px4/ros2/ws/install/px4_msgs/include/px4_msgs/px4_msgs/msg/detail/vehicle_status__functions.c\n'}
[2.467084] (px4_msgs) StdoutLine: {'line': b'-- Up-to-date: /home/px4/ros2/ws/install/px4_msgs/include/px4_msgs/px4_msgs/msg/detail/vehicle_odometry__functions.c\n'}
[2.467196] (px4_msgs) StdoutLine: {'line': b'-- Up-to-date: /home/px4/ros2/ws/install/px4_msgs/include/px4_msgs/px4_msgs/msg/detail/battery_info__functions.h\n'}
[2.467311] (px4_msgs) StdoutLine: {'line': b'-- Up-to-date: /home/px4/ros2/ws/install/px4_msgs/include/px4_msgs/px4_msgs/msg/detail/actuator_motors__functions.c\n'}
[2.467402] (px4_msgs) StdoutLine: {'line': b'-- Up-to-date: /home/px4/ros2/ws/install/px4_msgs/include/px4_msgs/px4_msgs/msg/detail/gimbal_manager_status__functions.h\n'}
[2.467486] (px4_msgs) StdoutLine: {'line': b'-- Up-to-date: /home/px4/ros2/ws/install/px4_msgs/include/px4_msgs/px4_msgs/msg/detail/position_setpoint_triplet__struct.h\n'}
[2.467589] (px4_msgs) StdoutLine: {'line': b'-- Up-to-date: /home/px4/ros2/ws/install/px4_msgs/include/px4_msgs/px4_msgs/msg/detail/radio_status__functions.h\n'}
[2.467665] (px4_msgs) StdoutLine: {'line': b'-- Up-to-date: /home/px4/ros2/ws/install/px4_msgs/include/px4_msgs/px4_msgs/msg/detail/internal_combustion_engine_status__functions.c\n'}
[2.467748] (px4_msgs) StdoutLine: {'line': b'-- Up-to-date: /home/px4/ros2/ws/install/px4_msgs/include/px4_msgs/px4_msgs/msg/detail/control_allocator_status__functions.h\n'}
[2.467862] (px4_msgs) StdoutLine: {'line': b'-- Up-to-date: /home/px4/ros2/ws/install/px4_msgs/include/px4_msgs/px4_msgs/msg/detail/rate_ctrl_status__functions.h\n'}
[2.467970] (px4_msgs) StdoutLine: {'line': b'-- Up-to-date: /home/px4/ros2/ws/install/px4_msgs/include/px4_msgs/px4_msgs/msg/detail/gps_inject_data__type_support.h\n'}
[2.468078] (px4_msgs) StdoutLine: {'line': b'-- Up-to-date: /home/px4/ros2/ws/install/px4_msgs/include/px4_msgs/px4_msgs/msg/detail/pps_capture__struct.h\n'}
[2.468298] (px4_msgs) StdoutLine: {'line': b'-- Up-to-date: /home/px4/ros2/ws/install/px4_msgs/include/px4_msgs/px4_msgs/msg/detail/gimbal_manager_status__functions.c\n'}
[2.468422] (px4_msgs) StdoutLine: {'line': b'-- Up-to-date: /home/px4/ros2/ws/install/px4_msgs/include/px4_msgs/px4_msgs/msg/detail/gimbal_controls__functions.c\n'}
[2.468528] (px4_msgs) StdoutLine: {'line': b'-- Up-to-date: /home/px4/ros2/ws/install/px4_msgs/include/px4_msgs/px4_msgs/msg/detail/arming_check_reply__struct.h\n'}
[2.468774] (px4_msgs) StdoutLine: {'line': b'-- Up-to-date: /home/px4/ros2/ws/install/px4_msgs/include/px4_msgs/px4_msgs/msg/detail/rtl_status__functions.c\n'}
[2.468879] (px4_msgs) StdoutLine: {'line': b'-- Up-to-date: /home/px4/ros2/ws/install/px4_msgs/include/px4_msgs/px4_msgs/msg/detail/wheel_encoders__functions.h\n'}
[2.468991] (px4_msgs) StdoutLine: {'line': b'-- Up-to-date: /home/px4/ros2/ws/install/px4_msgs/include/px4_msgs/px4_msgs/msg/detail/vehicle_attitude__functions.h\n'}
[2.469158] (px4_msgs) StdoutLine: {'line': b'-- Up-to-date: /home/px4/ros2/ws/install/px4_msgs/include/px4_msgs/px4_msgs/msg/detail/open_drone_id_system__type_support.h\n'}
[2.469299] (px4_msgs) StdoutLine: {'line': b'-- Up-to-date: /home/px4/ros2/ws/install/px4_msgs/include/px4_msgs/px4_msgs/msg/detail/estimator_states__struct.h\n'}
[2.469491] (px4_msgs) StdoutLine: {'line': b'-- Up-to-date: /home/px4/ros2/ws/install/px4_msgs/include/px4_msgs/px4_msgs/msg/detail/input_rc__type_support.h\n'}
[2.469625] (px4_msgs) StdoutLine: {'line': b'-- Up-to-date: /home/px4/ros2/ws/install/px4_msgs/include/px4_msgs/px4_msgs/msg/detail/actuator_armed__functions.h\n'}
[2.469734] (px4_msgs) StdoutLine: {'line': b'-- Up-to-date: /home/px4/ros2/ws/install/px4_msgs/include/px4_msgs/px4_msgs/msg/detail/sensor_gps__struct.h\n'}
[2.469828] (px4_msgs) StdoutLine: {'line': b'-- Up-to-date: /home/px4/ros2/ws/install/px4_msgs/include/px4_msgs/px4_msgs/msg/detail/vehicle_imu_status__type_support.h\n'}
[2.469915] (px4_msgs) StdoutLine: {'line': b'-- Up-to-date: /home/px4/ros2/ws/install/px4_msgs/include/px4_msgs/px4_msgs/msg/detail/airspeed_validated__struct.h\n'}
[2.470025] (px4_msgs) StdoutLine: {'line': b'-- Up-to-date: /home/px4/ros2/ws/install/px4_msgs/include/px4_msgs/px4_msgs/msg/detail/camera_capture__type_support.h\n'}
[2.470260] (px4_msgs) StdoutLine: {'line': b'-- Up-to-date: /home/px4/ros2/ws/install/px4_msgs/include/px4_msgs/px4_msgs/msg/detail/estimator_sensor_bias__functions.h\n'}
[2.470355] (px4_msgs) StdoutLine: {'line': b'-- Up-to-date: /home/px4/ros2/ws/install/px4_msgs/include/px4_msgs/px4_msgs/msg/detail/geofence_status__type_support.h\n'}
[2.470460] (px4_msgs) StdoutLine: {'line': b'-- Up-to-date: /home/px4/ros2/ws/install/px4_msgs/include/px4_msgs/px4_msgs/msg/detail/vehicle_attitude_setpoint__functions.c\n'}
[2.470559] (px4_msgs) StdoutLine: {'line': b'-- Up-to-date: /home/px4/ros2/ws/install/px4_msgs/include/px4_msgs/px4_msgs/msg/detail/rover_steering_setpoint__struct.h\n'}
[2.470651] (px4_msgs) StdoutLine: {'line': b'-- Up-to-date: /home/px4/ros2/ws/install/px4_msgs/include/px4_msgs/px4_msgs/msg/detail/estimator_bias3d__functions.c\n'}
[2.470874] (px4_msgs) StdoutLine: {'line': b'-- Up-to-date: /home/px4/ros2/ws/install/px4_msgs/include/px4_msgs/px4_msgs/msg/detail/qshell_retval__type_support.h\n'}
[2.471008] (px4_msgs) StdoutLine: {'line': b'-- Up-to-date: /home/px4/ros2/ws/install/px4_msgs/include/px4_msgs/px4_msgs/msg/detail/mag_worker_data__functions.c\n'}
[2.471116] (px4_msgs) StdoutLine: {'line': b'-- Up-to-date: /home/px4/ros2/ws/install/px4_msgs/include/px4_msgs/px4_msgs/msg/detail/gimbal_manager_set_attitude__type_support.h\n'}
[2.471226] (px4_msgs) StdoutLine: {'line': b'-- Up-to-date: /home/px4/ros2/ws/install/px4_msgs/include/px4_msgs/px4_msgs/msg/detail/position_controller_status__type_support.h\n'}
[2.471328] (px4_msgs) StdoutLine: {'line': b'-- Up-to-date: /home/px4/ros2/ws/install/px4_msgs/include/px4_msgs/px4_msgs/msg/detail/vehicle_angular_velocity__functions.h\n'}
[2.471483] (px4_msgs) StdoutLine: {'line': b'-- Up-to-date: /home/px4/ros2/ws/install/px4_msgs/include/px4_msgs/px4_msgs/msg/detail/cellular_status__functions.h\n'}
[2.471572] (px4_msgs) StdoutLine: {'line': b'-- Up-to-date: /home/px4/ros2/ws/install/px4_msgs/include/px4_msgs/px4_msgs/msg/detail/obstacle_distance__type_support.h\n'}
[2.471691] (px4_msgs) StdoutLine: {'line': b'-- Up-to-date: /home/px4/ros2/ws/install/px4_msgs/include/px4_msgs/px4_msgs/msg/detail/vehicle_command__type_support.h\n'}
[2.471894] (px4_msgs) StdoutLine: {'line': b'-- Up-to-date: /home/px4/ros2/ws/install/px4_msgs/include/px4_msgs/px4_msgs/msg/detail/message_format_request__functions.h\n'}
[2.472105] (px4_msgs) StdoutLine: {'line': b'-- Up-to-date: /home/px4/ros2/ws/install/px4_msgs/include/px4_msgs/px4_msgs/msg/detail/sensor_gyro_fifo__struct.h\n'}
[2.472388] (px4_msgs) StdoutLine: {'line': b'-- Up-to-date: /home/px4/ros2/ws/install/px4_msgs/include/px4_msgs/px4_msgs/msg/detail/adc_report__type_support.h\n'}
[2.472652] (px4_msgs) StdoutLine: {'line': b'-- Up-to-date: /home/px4/ros2/ws/install/px4_msgs/include/px4_msgs/px4_msgs/msg/detail/timesync_status__functions.c\n'}
[2.472784] (px4_msgs) StdoutLine: {'line': b'-- Up-to-date: /home/px4/ros2/ws/install/px4_msgs/include/px4_msgs/px4_msgs/msg/detail/actuator_controls_status__type_support.h\n'}
[2.473048] (px4_msgs) StdoutLine: {'line': b'-- Up-to-date: /home/px4/ros2/ws/install/px4_msgs/include/px4_msgs/px4_msgs/msg/detail/landing_gear__functions.c\n'}
[2.473175] (px4_msgs) StdoutLine: {'line': b'-- Up-to-date: /home/px4/ros2/ws/install/px4_msgs/include/px4_msgs/px4_msgs/msg/detail/timesync_status__functions.h\n'}
[2.473385] (px4_msgs) StdoutLine: {'line': b'-- Up-to-date: /home/px4/ros2/ws/install/px4_msgs/include/px4_msgs/px4_msgs/msg/detail/actuator_armed__struct.h\n'}
[2.473521] (px4_msgs) StdoutLine: {'line': b'-- Up-to-date: /home/px4/ros2/ws/install/px4_msgs/include/px4_msgs/px4_msgs/msg/detail/vehicle_air_data__struct.h\n'}
[2.473620] (px4_msgs) StdoutLine: {'line': b'-- Up-to-date: /home/px4/ros2/ws/install/px4_msgs/include/px4_msgs/px4_msgs/msg/detail/gimbal_device_information__functions.c\n'}
[2.473716] (px4_msgs) StdoutLine: {'line': b'-- Up-to-date: /home/px4/ros2/ws/install/px4_msgs/include/px4_msgs/px4_msgs/msg/detail/cpuload__type_support.h\n'}
[2.473932] (px4_msgs) StdoutLine: {'line': b'-- Up-to-date: /home/px4/ros2/ws/install/px4_msgs/include/px4_msgs/px4_msgs/msg/detail/qshell_req__struct.h\n'}
[2.474089] (px4_msgs) StdoutLine: {'line': b'-- Up-to-date: /home/px4/ros2/ws/install/px4_msgs/include/px4_msgs/px4_msgs/msg/detail/orb_test__type_support.h\n'}
[2.474225] (px4_msgs) StdoutLine: {'line': b'-- Up-to-date: /home/px4/ros2/ws/install/px4_msgs/include/px4_msgs/px4_msgs/msg/detail/rover_attitude_setpoint__struct.h\n'}
[2.474427] (px4_msgs) StdoutLine: {'line': b'-- Up-to-date: /home/px4/ros2/ws/install/px4_msgs/include/px4_msgs/px4_msgs/msg/detail/estimator_status_flags__functions.h\n'}
[2.474586] (px4_msgs) StdoutLine: {'line': b'-- Up-to-date: /home/px4/ros2/ws/install/px4_msgs/include/px4_msgs/px4_msgs/msg/detail/fixed_wing_runway_control__functions.c\n'}
[2.474682] (px4_msgs) StdoutLine: {'line': b'-- Up-to-date: /home/px4/ros2/ws/install/px4_msgs/include/px4_msgs/px4_msgs/msg/detail/gimbal_device_information__type_support.h\n'}
[2.474801] (px4_msgs) StdoutLine: {'line': b'-- Up-to-date: /home/px4/ros2/ws/install/px4_msgs/include/px4_msgs/px4_msgs/msg/detail/rover_velocity_status__functions.c\n'}
[2.474887] (px4_msgs) StdoutLine: {'line': b'-- Up-to-date: /home/px4/ros2/ws/install/px4_msgs/include/px4_msgs/px4_msgs/msg/detail/home_position__functions.c\n'}
[2.475005] (px4_msgs) StdoutLine: {'line': b'-- Up-to-date: /home/px4/ros2/ws/install/px4_msgs/include/px4_msgs/px4_msgs/msg/detail/failure_detector_status__struct.h\n'}
[2.475115] (px4_msgs) StdoutLine: {'line': b'-- Up-to-date: /home/px4/ros2/ws/install/px4_msgs/include/px4_msgs/px4_msgs/msg/detail/wheel_encoders__struct.h\n'}
[2.475270] (px4_msgs) StdoutLine: {'line': b'-- Up-to-date: /home/px4/ros2/ws/install/px4_msgs/include/px4_msgs/px4_msgs/msg/detail/navigator_status__functions.c\n'}
[2.475408] (px4_msgs) StdoutLine: {'line': b'-- Up-to-date: /home/px4/ros2/ws/install/px4_msgs/include/px4_msgs/px4_msgs/msg/detail/mission__functions.c\n'}
[2.475529] (px4_msgs) StdoutLine: {'line': b'-- Up-to-date: /home/px4/ros2/ws/install/px4_msgs/include/px4_msgs/px4_msgs/msg/detail/action_request__type_support.h\n'}
[2.475643] (px4_msgs) StdoutLine: {'line': b'-- Up-to-date: /home/px4/ros2/ws/install/px4_msgs/include/px4_msgs/px4_msgs/msg/detail/estimator_states__functions.h\n'}
[2.475774] (px4_msgs) StdoutLine: {'line': b'-- Up-to-date: /home/px4/ros2/ws/install/px4_msgs/include/px4_msgs/px4_msgs/msg/detail/input_rc__functions.h\n'}
[2.475903] (px4_msgs) StdoutLine: {'line': b'-- Up-to-date: /home/px4/ros2/ws/install/px4_msgs/include/px4_msgs/px4_msgs/msg/detail/vehicle_optical_flow__functions.c\n'}
[2.476275] (px4_msgs) StdoutLine: {'line': b'-- Up-to-date: /home/px4/ros2/ws/install/px4_msgs/include/px4_msgs/px4_msgs/msg/detail/orb_test_medium__functions.c\n'}
[2.476376] (px4_msgs) StdoutLine: {'line': b'-- Up-to-date: /home/px4/ros2/ws/install/px4_msgs/include/px4_msgs/px4_msgs/msg/detail/cellular_status__functions.c\n'}
[2.476479] (px4_msgs) StdoutLine: {'line': b'-- Up-to-date: /home/px4/ros2/ws/install/px4_msgs/include/px4_msgs/px4_msgs/msg/detail/rc_parameter_map__type_support.h\n'}
[2.476587] (px4_msgs) StdoutLine: {'line': b'-- Up-to-date: /home/px4/ros2/ws/install/px4_msgs/include/px4_msgs/px4_msgs/msg/detail/power_button_state__functions.c\n'}
[2.476913] (px4_msgs) StdoutLine: {'line': b'-- Up-to-date: /home/px4/ros2/ws/install/px4_msgs/include/px4_msgs/px4_msgs/msg/detail/sensor_baro__struct.h\n'}
[2.477091] (px4_msgs) StdoutLine: {'line': b'-- Up-to-date: /home/px4/ros2/ws/install/px4_msgs/include/px4_msgs/px4_msgs/msg/detail/sensor_airflow__functions.c\n'}
[2.477226] (px4_msgs) StdoutLine: {'line': b'-- Up-to-date: /home/px4/ros2/ws/install/px4_msgs/include/px4_msgs/px4_msgs/msg/detail/trajectory_setpoint__functions.h\n'}
[2.477330] (px4_msgs) StdoutLine: {'line': b'-- Up-to-date: /home/px4/ros2/ws/install/px4_msgs/include/px4_msgs/px4_msgs/msg/detail/vehicle_odometry__functions.h\n'}
[2.477489] (px4_msgs) StdoutLine: {'line': b'-- Up-to-date: /home/px4/ros2/ws/install/px4_msgs/include/px4_msgs/px4_msgs/msg/detail/differential_pressure__functions.c\n'}
[2.477573] (px4_msgs) StdoutLine: {'line': b'-- Up-to-date: /home/px4/ros2/ws/install/px4_msgs/include/px4_msgs/px4_msgs/msg/detail/distance_sensor__functions.c\n'}
[2.477700] (px4_msgs) StdoutLine: {'line': b'-- Up-to-date: /home/px4/ros2/ws/install/px4_msgs/include/px4_msgs/px4_msgs/msg/detail/esc_report__functions.h\n'}
[2.477781] (px4_msgs) StdoutLine: {'line': b'-- Up-to-date: /home/px4/ros2/ws/install/px4_msgs/include/px4_msgs/px4_msgs/msg/detail/sensor_combined__struct.h\n'}
[2.477894] (px4_msgs) StdoutLine: {'line': b'-- Up-to-date: /home/px4/ros2/ws/install/px4_msgs/include/px4_msgs/px4_msgs/msg/detail/mavlink_log__struct.h\n'}
[2.477988] (px4_msgs) StdoutLine: {'line': b'-- Up-to-date: /home/px4/ros2/ws/install/px4_msgs/include/px4_msgs/px4_msgs/msg/detail/longitudinal_control_configuration__struct.h\n'}
[2.478066] (px4_msgs) StdoutLine: {'line': b'-- Up-to-date: /home/px4/ros2/ws/install/px4_msgs/include/px4_msgs/px4_msgs/msg/detail/parameter_reset_request__struct.h\n'}
[2.478141] (px4_msgs) StdoutLine: {'line': b'-- Up-to-date: /home/px4/ros2/ws/install/px4_msgs/include/px4_msgs/px4_msgs/msg/detail/normalized_unsigned_setpoint__type_support.h\n'}
[2.478259] (px4_msgs) StdoutLine: {'line': b'-- Up-to-date: /home/px4/ros2/ws/install/px4_msgs/include/px4_msgs/px4_msgs/msg/detail/logger_status__functions.c\n'}
[2.478346] (px4_msgs) StdoutLine: {'line': b'-- Up-to-date: /home/px4/ros2/ws/install/px4_msgs/include/px4_msgs/px4_msgs/msg/detail/estimator_event_flags__struct.h\n'}
[2.478420] (px4_msgs) StdoutLine: {'line': b'-- Up-to-date: /home/px4/ros2/ws/install/px4_msgs/include/px4_msgs/px4_msgs/msg/detail/yaw_estimator_status__functions.c\n'}
[2.478588] (px4_msgs) StdoutLine: {'line': b'-- Up-to-date: /home/px4/ros2/ws/install/px4_msgs/include/px4_msgs/px4_msgs/msg/detail/normalized_unsigned_setpoint__struct.h\n'}
[2.478697] (px4_msgs) StdoutLine: {'line': b'-- Up-to-date: /home/px4/ros2/ws/install/px4_msgs/include/px4_msgs/px4_msgs/msg/detail/estimator_status_flags__functions.c\n'}
[2.478847] (px4_msgs) StdoutLine: {'line': b'-- Up-to-date: /home/px4/ros2/ws/install/px4_msgs/include/px4_msgs/px4_msgs/msg/detail/uavcan_parameter_value__functions.c\n'}
[2.479005] (px4_msgs) StdoutLine: {'line': b'-- Up-to-date: /home/px4/ros2/ws/install/px4_msgs/include/px4_msgs/px4_msgs/msg/detail/parameter_set_value_request__type_support.h\n'}
[2.479177] (px4_msgs) StdoutLine: {'line': b'-- Up-to-date: /home/px4/ros2/ws/install/px4_msgs/include/px4_msgs/px4_msgs/msg/detail/rover_position_setpoint__struct.h\n'}
[2.479658] (px4_msgs) StdoutLine: {'line': b'-- Up-to-date: /home/px4/ros2/ws/install/px4_msgs/include/px4_msgs/px4_msgs/msg/detail/mission__type_support.h\n'}
[2.479873] (px4_msgs) StdoutLine: {'line': b'-- Up-to-date: /home/px4/ros2/ws/install/px4_msgs/include/px4_msgs/px4_msgs/msg/detail/yaw_estimator_status__type_support.h\n'}
[2.479987] (px4_msgs) StdoutLine: {'line': b'-- Up-to-date: /home/px4/ros2/ws/install/px4_msgs/include/px4_msgs/px4_msgs/msg/detail/trajectory_setpoint__struct.h\n'}
[2.480109] (px4_msgs) StdoutLine: {'line': b'-- Up-to-date: /home/px4/ros2/ws/install/px4_msgs/include/px4_msgs/px4_msgs/msg/detail/estimator_selector_status__type_support.h\n'}
[2.480252] (px4_msgs) StdoutLine: {'line': b'-- Up-to-date: /home/px4/ros2/ws/install/px4_msgs/include/px4_msgs/px4_msgs/msg/detail/actuator_servos__type_support.h\n'}
[2.480733] (px4_msgs) StdoutLine: {'line': b'-- Up-to-date: /home/px4/ros2/ws/install/px4_msgs/include/px4_msgs/px4_msgs/msg/detail/debug_vect__functions.h\n'}
[2.480929] (px4_msgs) StdoutLine: {'line': b'-- Up-to-date: /home/px4/ros2/ws/install/px4_msgs/include/px4_msgs/px4_msgs/msg/detail/vehicle_optical_flow_vel__functions.c\n'}
[2.481066] (px4_msgs) StdoutLine: {'line': b'-- Up-to-date: /home/px4/ros2/ws/install/px4_msgs/include/px4_msgs/px4_msgs/msg/detail/orb_test_medium__type_support.h\n'}
[2.481215] (px4_msgs) StdoutLine: {'line': b'-- Up-to-date: /home/px4/ros2/ws/install/px4_msgs/include/px4_msgs/px4_msgs/msg/detail/vehicle_command__functions.c\n'}
[2.481489] (px4_msgs) StdoutLine: {'line': b'-- Up-to-date: /home/px4/ros2/ws/install/px4_msgs/include/px4_msgs/px4_msgs/msg/detail/yaw_estimator_status__struct.h\n'}
[2.481720] (px4_msgs) StdoutLine: {'line': b'-- Up-to-date: /home/px4/ros2/ws/install/px4_msgs/include/px4_msgs/px4_msgs/msg/detail/estimator_sensor_bias__functions.c\n'}
[2.481887] (px4_msgs) StdoutLine: {'line': b'-- Up-to-date: /home/px4/ros2/ws/install/px4_msgs/include/px4_msgs/px4_msgs/msg/detail/register_ext_component_request__type_support.h\n'}
[2.482031] (px4_msgs) StdoutLine: {'line': b'-- Up-to-date: /home/px4/ros2/ws/install/px4_msgs/include/px4_msgs/px4_msgs/msg/detail/tune_control__type_support.h\n'}
[2.482171] (px4_msgs) StdoutLine: {'line': b'-- Up-to-date: /home/px4/ros2/ws/install/px4_msgs/include/px4_msgs/px4_msgs/msg/detail/log_message__functions.c\n'}
[2.482534] (px4_msgs) StdoutLine: {'line': b'-- Up-to-date: /home/px4/ros2/ws/install/px4_msgs/include/px4_msgs/px4_msgs/msg/detail/position_controller_landing_status__type_support.h\n'}
[2.482711] (px4_msgs) StdoutLine: {'line': b'-- Up-to-date: /home/px4/ros2/ws/install/px4_msgs/include/px4_msgs/px4_msgs/msg/detail/led_control__type_support.h\n'}
[2.482809] (px4_msgs) StdoutLine: {'line': b'-- Up-to-date: /home/px4/ros2/ws/install/px4_msgs/include/px4_msgs/px4_msgs/msg/detail/ping__struct.h\n'}
[2.482916] (px4_msgs) StdoutLine: {'line': b'-- Up-to-date: /home/px4/ros2/ws/install/px4_msgs/include/px4_msgs/px4_msgs/msg/detail/estimator_aid_source3d__struct.h\n'}
[2.483141] (px4_msgs) StdoutLine: {'line': b'-- Up-to-date: /home/px4/ros2/ws/install/px4_msgs/include/px4_msgs/px4_msgs/msg/detail/control_allocator_status__type_support.h\n'}
[2.483308] (px4_msgs) StdoutLine: {'line': b'-- Up-to-date: /home/px4/ros2/ws/install/px4_msgs/include/px4_msgs/px4_msgs/msg/detail/rtl_status__struct.h\n'}
[2.483401] (px4_msgs) StdoutLine: {'line': b'-- Up-to-date: /home/px4/ros2/ws/install/px4_msgs/include/px4_msgs/px4_msgs/msg/detail/parameter_set_used_request__functions.h\n'}
[2.483509] (px4_msgs) StdoutLine: {'line': b'-- Up-to-date: /home/px4/ros2/ws/install/px4_msgs/include/px4_msgs/px4_msgs/msg/detail/pwm_input__functions.h\n'}
[2.483637] (px4_msgs) StdoutLine: {'line': b'-- Up-to-date: /home/px4/ros2/ws/install/px4_msgs/include/px4_msgs/px4_msgs/msg/detail/collision_constraints__functions.h\n'}
[2.483742] (px4_msgs) StdoutLine: {'line': b'-- Up-to-date: /home/px4/ros2/ws/install/px4_msgs/include/px4_msgs/px4_msgs/msg/detail/fixed_wing_runway_control__type_support.h\n'}
[2.483857] (px4_msgs) StdoutLine: {'line': b'-- Up-to-date: /home/px4/ros2/ws/install/px4_msgs/include/px4_msgs/px4_msgs/msg/detail/gripper__functions.c\n'}
[2.483966] (px4_msgs) StdoutLine: {'line': b'-- Up-to-date: /home/px4/ros2/ws/install/px4_msgs/include/px4_msgs/px4_msgs/msg/detail/qshell_retval__functions.h\n'}
[2.484043] (px4_msgs) StdoutLine: {'line': b'-- Up-to-date: /home/px4/ros2/ws/install/px4_msgs/include/px4_msgs/px4_msgs/msg/detail/actuator_servos__functions.c\n'}
[2.484131] (px4_msgs) StdoutLine: {'line': b'-- Up-to-date: /home/px4/ros2/ws/install/px4_msgs/include/px4_msgs/px4_msgs/msg/detail/sensors_status__functions.h\n'}
[2.484240] (px4_msgs) StdoutLine: {'line': b'-- Up-to-date: /home/px4/ros2/ws/install/px4_msgs/include/px4_msgs/px4_msgs/msg/detail/rover_throttle_setpoint__functions.h\n'}
[2.484340] (px4_msgs) StdoutLine: {'line': b'-- Up-to-date: /home/px4/ros2/ws/install/px4_msgs/include/px4_msgs/px4_msgs/msg/detail/config_overrides__struct.h\n'}
[2.484434] (px4_msgs) StdoutLine: {'line': b'-- Up-to-date: /home/px4/ros2/ws/install/px4_msgs/include/px4_msgs/px4_msgs/msg/detail/actuator_outputs__struct.h\n'}
[2.484519] (px4_msgs) StdoutLine: {'line': b'-- Up-to-date: /home/px4/ros2/ws/install/px4_msgs/include/px4_msgs/px4_msgs/msg/detail/estimator_bias__functions.h\n'}
[2.484663] (px4_msgs) StdoutLine: {'line': b'-- Up-to-date: /home/px4/ros2/ws/install/px4_msgs/include/px4_msgs/px4_msgs/msg/detail/estimator_aid_source3d__functions.h\n'}
[2.484956] (px4_msgs) StdoutLine: {'line': b'-- Up-to-date: /home/px4/ros2/ws/install/px4_msgs/include/px4_msgs/px4_msgs/msg/detail/launch_detection_status__functions.c\n'}
[2.485085] (px4_msgs) StdoutLine: {'line': b'-- Up-to-date: /home/px4/ros2/ws/install/px4_msgs/include/px4_msgs/px4_msgs/msg/detail/vehicle_odometry__type_support.h\n'}
[2.485262] (px4_msgs) StdoutLine: {'line': b'-- Up-to-date: /home/px4/ros2/ws/install/px4_msgs/include/px4_msgs/px4_msgs/msg/detail/dataman_request__struct.h\n'}
[2.485440] (px4_msgs) StdoutLine: {'line': b'-- Up-to-date: /home/px4/ros2/ws/install/px4_msgs/include/px4_msgs/px4_msgs/msg/detail/differential_pressure__type_support.h\n'}
[2.485530] (px4_msgs) StdoutLine: {'line': b'-- Up-to-date: /home/px4/ros2/ws/install/px4_msgs/include/px4_msgs/px4_msgs/msg/detail/sensor_gyro_fft__functions.h\n'}
[2.485721] (px4_msgs) StdoutLine: {'line': b'-- Up-to-date: /home/px4/ros2/ws/install/px4_msgs/include/px4_msgs/px4_msgs/msg/detail/vehicle_control_mode__type_support.h\n'}
[2.485829] (px4_msgs) StdoutLine: {'line': b'-- Up-to-date: /home/px4/ros2/ws/install/px4_msgs/include/px4_msgs/px4_msgs/msg/detail/vehicle_acceleration__functions.c\n'}
[2.485923] (px4_msgs) StdoutLine: {'line': b'-- Up-to-date: /home/px4/ros2/ws/install/px4_msgs/include/px4_msgs/px4_msgs/msg/detail/geofence_status__functions.h\n'}
[2.486066] (px4_msgs) StdoutLine: {'line': b'-- Up-to-date: /home/px4/ros2/ws/install/px4_msgs/include/px4_msgs/px4_msgs/msg/detail/generator_status__functions.h\n'}
[2.486164] (px4_msgs) StdoutLine: {'line': b'-- Up-to-date: /home/px4/ros2/ws/install/px4_msgs/include/px4_msgs/px4_msgs/msg/detail/uavcan_parameter_value__type_support.h\n'}
[2.486283] (px4_msgs) StdoutLine: {'line': b'-- Up-to-date: /home/px4/ros2/ws/install/px4_msgs/include/px4_msgs/px4_msgs/msg/detail/fixed_wing_longitudinal_setpoint__type_support.h\n'}
[2.486475] (px4_msgs) StdoutLine: {'line': b'-- Up-to-date: /home/px4/ros2/ws/install/px4_msgs/include/px4_msgs/px4_msgs/msg/detail/collision_constraints__struct.h\n'}
[2.486566] (px4_msgs) StdoutLine: {'line': b'-- Up-to-date: /home/px4/ros2/ws/install/px4_msgs/include/px4_msgs/px4_msgs/msg/detail/timesync_status__struct.h\n'}
[2.486661] (px4_msgs) StdoutLine: {'line': b'-- Up-to-date: /home/px4/ros2/ws/install/px4_msgs/include/px4_msgs/px4_msgs/msg/detail/esc_status__functions.c\n'}
[2.486750] (px4_msgs) StdoutLine: {'line': b'-- Up-to-date: /home/px4/ros2/ws/install/px4_msgs/include/px4_msgs/px4_msgs/msg/detail/tune_control__functions.c\n'}
[2.486839] (px4_msgs) StdoutLine: {'line': b'-- Up-to-date: /home/px4/ros2/ws/install/px4_msgs/include/px4_msgs/px4_msgs/msg/detail/open_drone_id_operator_id__functions.h\n'}
[2.486995] (px4_msgs) StdoutLine: {'line': b'-- Up-to-date: /home/px4/ros2/ws/install/px4_msgs/include/px4_msgs/px4_msgs/msg/detail/sensor_accel__functions.h\n'}
[2.487101] (px4_msgs) StdoutLine: {'line': b'-- Up-to-date: /home/px4/ros2/ws/install/px4_msgs/include/px4_msgs/px4_msgs/msg/detail/gps_dump__struct.h\n'}
[2.487204] (px4_msgs) StdoutLine: {'line': b'-- Up-to-date: /home/px4/ros2/ws/install/px4_msgs/include/px4_msgs/px4_msgs/msg/detail/follow_target__functions.c\n'}
[2.487328] (px4_msgs) StdoutLine: {'line': b'-- Up-to-date: /home/px4/ros2/ws/install/px4_msgs/include/px4_msgs/px4_msgs/msg/detail/actuator_controls_status__functions.c\n'}
[2.487482] (px4_msgs) StdoutLine: {'line': b'-- Up-to-date: /home/px4/ros2/ws/install/px4_msgs/include/px4_msgs/px4_msgs/msg/detail/vehicle_thrust_setpoint__struct.h\n'}
[2.487597] (px4_msgs) StdoutLine: {'line': b'-- Up-to-date: /home/px4/ros2/ws/install/px4_msgs/include/px4_msgs/px4_msgs/msg/detail/ulog_stream__functions.h\n'}
[2.487695] (px4_msgs) StdoutLine: {'line': b'-- Up-to-date: /home/px4/ros2/ws/install/px4_msgs/include/px4_msgs/px4_msgs/msg/detail/tiltrotor_extra_controls__type_support.h\n'}
[2.487816] (px4_msgs) StdoutLine: {'line': b'-- Up-to-date: /home/px4/ros2/ws/install/px4_msgs/include/px4_msgs/px4_msgs/msg/detail/orbit_status__type_support.h\n'}
[2.487904] (px4_msgs) StdoutLine: {'line': b'-- Up-to-date: /home/px4/ros2/ws/install/px4_msgs/include/px4_msgs/px4_msgs/msg/detail/sensor_gnss_relative__struct.h\n'}
[2.488007] (px4_msgs) StdoutLine: {'line': b'-- Up-to-date: /home/px4/ros2/ws/install/px4_msgs/include/px4_msgs/px4_msgs/msg/detail/fixed_wing_lateral_setpoint__type_support.h\n'}
[2.488093] (px4_msgs) StdoutLine: {'line': b'-- Up-to-date: /home/px4/ros2/ws/install/px4_msgs/include/px4_msgs/px4_msgs/msg/detail/battery_info__functions.c\n'}
[2.488180] (px4_msgs) StdoutLine: {'line': b'-- Up-to-date: /home/px4/ros2/ws/install/px4_msgs/include/px4_msgs/px4_msgs/msg/detail/landing_target_pose__functions.c\n'}
[2.488465] (px4_msgs) StdoutLine: {'line': b'-- Up-to-date: /home/px4/ros2/ws/install/px4_msgs/include/px4_msgs/px4_msgs/msg/detail/wheel_encoders__type_support.h\n'}
[2.488581] (px4_msgs) StdoutLine: {'line': b'-- Up-to-date: /home/px4/ros2/ws/install/px4_msgs/include/px4_msgs/px4_msgs/msg/detail/geofence_result__functions.h\n'}
[2.488823] (px4_msgs) StdoutLine: {'line': b'-- Up-to-date: /home/px4/ros2/ws/install/px4_msgs/include/px4_msgs/px4_msgs/msg/detail/sensors_status_imu__struct.h\n'}
[2.488978] (px4_msgs) StdoutLine: {'line': b'-- Up-to-date: /home/px4/ros2/ws/install/px4_msgs/include/px4_msgs/px4_msgs/msg/detail/vehicle_angular_acceleration_setpoint__functions.c\n'}
[2.489298] (px4_msgs) StdoutLine: {'line': b'-- Up-to-date: /home/px4/ros2/ws/install/px4_msgs/include/px4_msgs/px4_msgs/msg/detail/gps_inject_data__functions.c\n'}
[2.489609] (px4_msgs) StdoutLine: {'line': b'-- Up-to-date: /home/px4/ros2/ws/install/px4_msgs/include/px4_msgs/px4_msgs/msg/detail/takeoff_status__type_support.h\n'}
[2.489740] (px4_msgs) StdoutLine: {'line': b'-- Up-to-date: /home/px4/ros2/ws/install/px4_msgs/include/px4_msgs/px4_msgs/msg/detail/parameter_reset_request__functions.h\n'}
[2.489935] (px4_msgs) StdoutLine: {'line': b'-- Up-to-date: /home/px4/ros2/ws/install/px4_msgs/include/px4_msgs/px4_msgs/msg/detail/follow_target_estimator__functions.c\n'}
[2.490076] (px4_msgs) StdoutLine: {'line': b'-- Up-to-date: /home/px4/ros2/ws/install/px4_msgs/include/px4_msgs/px4_msgs/msg/detail/sensor_mag__functions.c\n'}
[2.490185] (px4_msgs) StdoutLine: {'line': b'-- Up-to-date: /home/px4/ros2/ws/install/px4_msgs/include/px4_msgs/px4_msgs/msg/detail/ping__type_support.h\n'}
[2.490354] (px4_msgs) StdoutLine: {'line': b'-- Up-to-date: /home/px4/ros2/ws/install/px4_msgs/include/px4_msgs/px4_msgs/msg/detail/actuator_controls_status__struct.h\n'}
[2.490545] (px4_msgs) StdoutLine: {'line': b'-- Up-to-date: /home/px4/ros2/ws/install/px4_msgs/include/px4_msgs/px4_msgs/msg/detail/debug_key_value__functions.h\n'}
[2.490691] (px4_msgs) StdoutLine: {'line': b'-- Up-to-date: /home/px4/ros2/ws/install/px4_msgs/include/px4_msgs/px4_msgs/msg/detail/gimbal_device_attitude_status__functions.c\n'}
[2.490805] (px4_msgs) StdoutLine: {'line': b'-- Up-to-date: /home/px4/ros2/ws/install/px4_msgs/include/px4_msgs/px4_msgs/msg/detail/fixed_wing_runway_control__struct.h\n'}
[2.490903] (px4_msgs) StdoutLine: {'line': b'-- Up-to-date: /home/px4/ros2/ws/install/px4_msgs/include/px4_msgs/px4_msgs/msg/detail/position_controller_landing_status__struct.h\n'}
[2.491008] (px4_msgs) StdoutLine: {'line': b'-- Up-to-date: /home/px4/ros2/ws/install/px4_msgs/include/px4_msgs/px4_msgs/msg/detail/register_ext_component_reply__functions.c\n'}
[2.491226] (px4_msgs) StdoutLine: {'line': b'-- Up-to-date: /home/px4/ros2/ws/install/px4_msgs/include/px4_msgs/px4_msgs/msg/detail/sensor_hygrometer__functions.c\n'}
[2.491532] (px4_msgs) StdoutLine: {'line': b'-- Up-to-date: /home/px4/ros2/ws/install/px4_msgs/include/px4_msgs/px4_msgs/msg/detail/px4io_status__struct.h\n'}
[2.491739] (px4_msgs) StdoutLine: {'line': b'-- Up-to-date: /home/px4/ros2/ws/install/px4_msgs/include/px4_msgs/px4_msgs/msg/detail/sensor_accel_fifo__struct.h\n'}
[2.491895] (px4_msgs) StdoutLine: {'line': b'-- Up-to-date: /home/px4/ros2/ws/install/px4_msgs/include/px4_msgs/px4_msgs/msg/detail/vehicle_optical_flow_vel__struct.h\n'}
[2.492054] (px4_msgs) StdoutLine: {'line': b'-- Up-to-date: /home/px4/ros2/ws/install/px4_msgs/include/px4_msgs/px4_msgs/msg/detail/estimator_bias__type_support.h\n'}
[2.492304] (px4_msgs) StdoutLine: {'line': b'-- Up-to-date: /home/px4/ros2/ws/install/px4_msgs/include/px4_msgs/px4_msgs/msg/detail/system_power__functions.h\n'}
[2.492426] (px4_msgs) StdoutLine: {'line': b'-- Up-to-date: /home/px4/ros2/ws/install/px4_msgs/include/px4_msgs/px4_msgs/msg/detail/vehicle_magnetometer__type_support.h\n'}
[2.492565] (px4_msgs) StdoutLine: {'line': b'-- Up-to-date: /home/px4/ros2/ws/install/px4_msgs/include/px4_msgs/px4_msgs/msg/detail/debug_key_value__type_support.h\n'}
[2.492687] (px4_msgs) StdoutLine: {'line': b'-- Up-to-date: /home/px4/ros2/ws/install/px4_msgs/include/px4_msgs/px4_msgs/msg/detail/estimator_status__functions.h\n'}
[2.492793] (px4_msgs) StdoutLine: {'line': b'-- Up-to-date: /home/px4/ros2/ws/install/px4_msgs/include/px4_msgs/px4_msgs/msg/detail/actuator_motors__type_support.h\n'}
[2.492891] (px4_msgs) StdoutLine: {'line': b'-- Up-to-date: /home/px4/ros2/ws/install/px4_msgs/include/px4_msgs/px4_msgs/msg/detail/vehicle_constraints__type_support.h\n'}
[2.493009] (px4_msgs) StdoutLine: {'line': b'-- Up-to-date: /home/px4/ros2/ws/install/px4_msgs/include/px4_msgs/px4_msgs/msg/detail/mount_orientation__type_support.h\n'}
[2.493259] (px4_msgs) StdoutLine: {'line': b'-- Up-to-date: /home/px4/ros2/ws/install/px4_msgs/include/px4_msgs/px4_msgs/msg/detail/vehicle_global_position__functions.c\n'}
[2.493478] (px4_msgs) StdoutLine: {'line': b'-- Up-to-date: /home/px4/ros2/ws/install/px4_msgs/include/px4_msgs/px4_msgs/msg/detail/gimbal_device_set_attitude__type_support.h\n'}
[2.493628] (px4_msgs) StdoutLine: {'line': b'-- Up-to-date: /home/px4/ros2/ws/install/px4_msgs/include/px4_msgs/px4_msgs/msg/detail/fixed_wing_longitudinal_setpoint__struct.h\n'}
[2.493761] (px4_msgs) StdoutLine: {'line': b'-- Up-to-date: /home/px4/ros2/ws/install/px4_msgs/include/px4_msgs/px4_msgs/msg/detail/gpio_out__type_support.h\n'}
[2.493886] (px4_msgs) StdoutLine: {'line': b'-- Up-to-date: /home/px4/ros2/ws/install/px4_msgs/include/px4_msgs/px4_msgs/msg/detail/rc_channels__struct.h\n'}
[2.494003] (px4_msgs) StdoutLine: {'line': b'-- Up-to-date: /home/px4/ros2/ws/install/px4_msgs/include/px4_msgs/px4_msgs/msg/detail/failsafe_flags__functions.h\n'}
[2.494122] (px4_msgs) StdoutLine: {'line': b'-- Up-to-date: /home/px4/ros2/ws/install/px4_msgs/include/px4_msgs/px4_msgs/msg/detail/airspeed_wind__struct.h\n'}
[2.494272] (px4_msgs) StdoutLine: {'line': b'-- Up-to-date: /home/px4/ros2/ws/install/px4_msgs/include/px4_msgs/px4_msgs/msg/detail/qshell_req__type_support.h\n'}
[2.494361] (px4_msgs) StdoutLine: {'line': b'-- Up-to-date: /home/px4/ros2/ws/install/px4_msgs/include/px4_msgs/px4_msgs/msg/detail/vehicle_constraints__functions.h\n'}
[2.494438] (px4_msgs) StdoutLine: {'line': b'-- Up-to-date: /home/px4/ros2/ws/install/px4_msgs/include/px4_msgs/px4_msgs/msg/detail/gimbal_device_information__functions.h\n'}
[2.494551] (px4_msgs) StdoutLine: {'line': b'-- Up-to-date: /home/px4/ros2/ws/install/px4_msgs/include/px4_msgs/px4_msgs/msg/detail/navigator_mission_item__struct.h\n'}
[2.494628] (px4_msgs) StdoutLine: {'line': b'-- Up-to-date: /home/px4/ros2/ws/install/px4_msgs/include/px4_msgs/px4_msgs/msg/detail/estimator_aid_source3d__type_support.h\n'}
[2.494730] (px4_msgs) StdoutLine: {'line': b'-- Up-to-date: /home/px4/ros2/ws/install/px4_msgs/include/px4_msgs/px4_msgs/msg/detail/velocity_limits__functions.h\n'}
[2.494857] (px4_msgs) StdoutLine: {'line': b'-- Up-to-date: /home/px4/ros2/ws/install/px4_msgs/include/px4_msgs/px4_msgs/msg/detail/ulog_stream__type_support.h\n'}
[2.494956] (px4_msgs) StdoutLine: {'line': b'-- Up-to-date: /home/px4/ros2/ws/install/px4_msgs/include/px4_msgs/px4_msgs/msg/detail/vehicle_attitude__struct.h\n'}
[2.495048] (px4_msgs) StdoutLine: {'line': b'-- Up-to-date: /home/px4/ros2/ws/install/px4_msgs/include/px4_msgs/px4_msgs/msg/detail/esc_report__struct.h\n'}
[2.495124] (px4_msgs) StdoutLine: {'line': b'-- Up-to-date: /home/px4/ros2/ws/install/px4_msgs/include/px4_msgs/px4_msgs/msg/detail/debug_array__functions.h\n'}
[2.495257] (px4_msgs) StdoutLine: {'line': b'-- Up-to-date: /home/px4/ros2/ws/install/px4_msgs/include/px4_msgs/px4_msgs/msg/detail/ulog_stream_ack__functions.c\n'}
[2.495340] (px4_msgs) StdoutLine: {'line': b'-- Up-to-date: /home/px4/ros2/ws/install/px4_msgs/include/px4_msgs/px4_msgs/msg/detail/vehicle_angular_velocity__functions.c\n'}
[2.495457] (px4_msgs) StdoutLine: {'line': b'-- Up-to-date: /home/px4/ros2/ws/install/px4_msgs/include/px4_msgs/px4_msgs/msg/detail/gpio_config__functions.h\n'}
[2.495536] (px4_msgs) StdoutLine: {'line': b'-- Up-to-date: /home/px4/ros2/ws/install/px4_msgs/include/px4_msgs/px4_msgs/msg/detail/rate_ctrl_status__type_support.h\n'}
[2.495645] (px4_msgs) StdoutLine: {'line': b'-- Up-to-date: /home/px4/ros2/ws/install/px4_msgs/include/px4_msgs/px4_msgs/msg/detail/landing_gear__functions.h\n'}
[2.495750] (px4_msgs) StdoutLine: {'line': b'-- Up-to-date: /home/px4/ros2/ws/install/px4_msgs/include/px4_msgs/px4_msgs/msg/detail/led_control__functions.c\n'}
[2.495827] (px4_msgs) StdoutLine: {'line': b'-- Up-to-date: /home/px4/ros2/ws/install/px4_msgs/include/px4_msgs/px4_msgs/msg/detail/estimator_event_flags__functions.h\n'}
[2.495969] (px4_msgs) StdoutLine: {'line': b'-- Up-to-date: /home/px4/ros2/ws/install/px4_msgs/include/px4_msgs/px4_msgs/msg/detail/pwm_input__struct.h\n'}
[2.496083] (px4_msgs) StdoutLine: {'line': b'-- Up-to-date: /home/px4/ros2/ws/install/px4_msgs/include/px4_msgs/px4_msgs/msg/detail/esc_status__functions.h\n'}
[2.496186] (px4_msgs) StdoutLine: {'line': b'-- Up-to-date: /home/px4/ros2/ws/install/px4_msgs/include/px4_msgs/px4_msgs/msg/detail/fixed_wing_lateral_guidance_status__struct.h\n'}
[2.496295] (px4_msgs) StdoutLine: {'line': b'-- Up-to-date: /home/px4/ros2/ws/install/px4_msgs/include/px4_msgs/px4_msgs/msg/detail/rover_steering_setpoint__functions.c\n'}
[2.496437] (px4_msgs) StdoutLine: {'line': b'-- Up-to-date: /home/px4/ros2/ws/install/px4_msgs/include/px4_msgs/px4_msgs/msg/detail/camera_trigger__struct.h\n'}
[2.496523] (px4_msgs) StdoutLine: {'line': b'-- Up-to-date: /home/px4/ros2/ws/install/px4_msgs/include/px4_msgs/px4_msgs/msg/detail/heater_status__struct.h\n'}
[2.496605] (px4_msgs) StdoutLine: {'line': b'-- Up-to-date: /home/px4/ros2/ws/install/px4_msgs/include/px4_msgs/px4_msgs/msg/detail/dronecan_node_status__type_support.h\n'}
[2.496714] (px4_msgs) StdoutLine: {'line': b'-- Up-to-date: /home/px4/ros2/ws/install/px4_msgs/include/px4_msgs/px4_msgs/msg/detail/sensor_gps__type_support.h\n'}
[2.496966] (px4_msgs) StdoutLine: {'line': b'-- Up-to-date: /home/px4/ros2/ws/install/px4_msgs/include/px4_msgs/px4_msgs/msg/detail/gpio_config__functions.c\n'}
[2.497110] (px4_msgs) StdoutLine: {'line': b'-- Up-to-date: /home/px4/ros2/ws/install/px4_msgs/include/px4_msgs/px4_msgs/msg/detail/vehicle_local_position__type_support.h\n'}
[2.497300] (px4_msgs) StdoutLine: {'line': b'-- Up-to-date: /home/px4/ros2/ws/install/px4_msgs/include/px4_msgs/px4_msgs/msg/detail/unregister_ext_component__struct.h\n'}
[2.497395] (px4_msgs) StdoutLine: {'line': b'-- Up-to-date: /home/px4/ros2/ws/install/px4_msgs/include/px4_msgs/px4_msgs/msg/detail/trajectory_setpoint__functions.c\n'}
[2.497486] (px4_msgs) StdoutLine: {'line': b'-- Up-to-date: /home/px4/ros2/ws/install/px4_msgs/include/px4_msgs/px4_msgs/msg/detail/gpio_out__struct.h\n'}
[2.497571] (px4_msgs) StdoutLine: {'line': b'-- Up-to-date: /home/px4/ros2/ws/install/px4_msgs/include/px4_msgs/px4_msgs/msg/detail/qshell_retval__struct.h\n'}
[2.497654] (px4_msgs) StdoutLine: {'line': b'-- Up-to-date: /home/px4/ros2/ws/install/px4_msgs/include/px4_msgs/px4_msgs/msg/detail/rover_rate_setpoint__functions.c\n'}
[2.497740] (px4_msgs) StdoutLine: {'line': b'-- Up-to-date: /home/px4/ros2/ws/install/px4_msgs/include/px4_msgs/px4_msgs/msg/detail/vehicle_command__functions.h\n'}
[2.497902] (px4_msgs) StdoutLine: {'line': b'-- Up-to-date: /home/px4/ros2/ws/install/px4_msgs/include/px4_msgs/px4_msgs/msg/detail/estimator_status__functions.c\n'}
[2.498046] (px4_msgs) StdoutLine: {'line': b'-- Up-to-date: /home/px4/ros2/ws/install/px4_msgs/include/px4_msgs/px4_msgs/msg/detail/vehicle_roi__struct.h\n'}
[2.498206] (px4_msgs) StdoutLine: {'line': b'-- Up-to-date: /home/px4/ros2/ws/install/px4_msgs/include/px4_msgs/px4_msgs/msg/detail/sensor_uwb__type_support.h\n'}
[2.498314] (px4_msgs) StdoutLine: {'line': b'-- Up-to-date: /home/px4/ros2/ws/install/px4_msgs/include/px4_msgs/px4_msgs/msg/detail/rover_velocity_status__type_support.h\n'}
[2.498413] (px4_msgs) StdoutLine: {'line': b'-- Up-to-date: /home/px4/ros2/ws/install/px4_msgs/include/px4_msgs/px4_msgs/msg/detail/tiltrotor_extra_controls__functions.c\n'}
[2.498513] (px4_msgs) StdoutLine: {'line': b'-- Up-to-date: /home/px4/ros2/ws/install/px4_msgs/include/px4_msgs/px4_msgs/msg/detail/fixed_wing_runway_control__functions.h\n'}
[2.498599] (px4_msgs) StdoutLine: {'line': b'-- Up-to-date: /home/px4/ros2/ws/install/px4_msgs/include/px4_msgs/px4_msgs/msg/detail/collision_constraints__functions.c\n'}
[2.498702] (px4_msgs) StdoutLine: {'line': b'-- Up-to-date: /home/px4/ros2/ws/install/px4_msgs/include/px4_msgs/px4_msgs/msg/detail/vehicle_optical_flow_vel__type_support.h\n'}
[2.499027] (px4_msgs) StdoutLine: {'line': b'-- Up-to-date: /home/px4/ros2/ws/install/px4_msgs/include/px4_msgs/px4_msgs/msg/detail/irlock_report__functions.c\n'}
[2.499252] (px4_msgs) StdoutLine: {'line': b'-- Up-to-date: /home/px4/ros2/ws/install/px4_msgs/include/px4_msgs/px4_msgs/msg/detail/estimator_aid_source2d__type_support.h\n'}
[2.499414] (px4_msgs) StdoutLine: {'line': b'-- Up-to-date: /home/px4/ros2/ws/install/px4_msgs/include/px4_msgs/px4_msgs/msg/detail/vehicle_angular_velocity__struct.h\n'}
[2.499527] (px4_msgs) StdoutLine: {'line': b'-- Up-to-date: /home/px4/ros2/ws/install/px4_msgs/include/px4_msgs/px4_msgs/msg/detail/power_button_state__struct.h\n'}
[2.499629] (px4_msgs) StdoutLine: {'line': b'-- Up-to-date: /home/px4/ros2/ws/install/px4_msgs/include/px4_msgs/px4_msgs/msg/detail/home_position__functions.h\n'}
[2.499725] (px4_msgs) StdoutLine: {'line': b'-- Up-to-date: /home/px4/ros2/ws/install/px4_msgs/include/px4_msgs/px4_msgs/msg/detail/gimbal_controls__functions.h\n'}
[2.499827] (px4_msgs) StdoutLine: {'line': b'-- Up-to-date: /home/px4/ros2/ws/install/px4_msgs/include/px4_msgs/px4_msgs/msg/detail/longitudinal_control_configuration__functions.h\n'}
[2.499966] (px4_msgs) StdoutLine: {'line': b'-- Up-to-date: /home/px4/ros2/ws/install/px4_msgs/include/px4_msgs/px4_msgs/msg/detail/sensor_airflow__type_support.h\n'}
[2.500106] (px4_msgs) StdoutLine: {'line': b'-- Up-to-date: /home/px4/ros2/ws/install/px4_msgs/include/px4_msgs/px4_msgs/msg/detail/flight_phase_estimation__struct.h\n'}
[2.500397] (px4_msgs) StdoutLine: {'line': b'-- Up-to-date: /home/px4/ros2/ws/install/px4_msgs/include/px4_msgs/px4_msgs/msg/detail/vehicle_control_mode__functions.c\n'}
[2.500557] (px4_msgs) StdoutLine: {'line': b'-- Up-to-date: /home/px4/ros2/ws/install/px4_msgs/include/px4_msgs/px4_msgs/msg/detail/sensor_accel__struct.h\n'}
[2.500753] (px4_msgs) StdoutLine: {'line': b'-- Up-to-date: /home/px4/ros2/ws/install/px4_msgs/include/px4_msgs/px4_msgs/msg/detail/vehicle_torque_setpoint__functions.c\n'}
[2.500888] (px4_msgs) StdoutLine: {'line': b'-- Up-to-date: /home/px4/ros2/ws/install/px4_msgs/include/px4_msgs/px4_msgs/msg/detail/estimator_sensor_bias__type_support.h\n'}
[2.501005] (px4_msgs) StdoutLine: {'line': b'-- Up-to-date: /home/px4/ros2/ws/install/px4_msgs/include/px4_msgs/px4_msgs/msg/detail/debug_array__type_support.h\n'}
[2.501124] (px4_msgs) StdoutLine: {'line': b'-- Up-to-date: /home/px4/ros2/ws/install/px4_msgs/include/px4_msgs/px4_msgs/msg/detail/radio_status__type_support.h\n'}
[2.501325] (px4_msgs) StdoutLine: {'line': b'-- Up-to-date: /home/px4/ros2/ws/install/px4_msgs/include/px4_msgs/px4_msgs/msg/detail/goto_setpoint__functions.h\n'}
[2.501476] (px4_msgs) StdoutLine: {'line': b'-- Up-to-date: /home/px4/ros2/ws/install/px4_msgs/include/px4_msgs/px4_msgs/msg/detail/estimator_aid_source1d__struct.h\n'}
[2.501562] (px4_msgs) StdoutLine: {'line': b'-- Up-to-date: /home/px4/ros2/ws/install/px4_msgs/include/px4_msgs/px4_msgs/msg/detail/orb_test_large__functions.h\n'}
[2.501648] (px4_msgs) StdoutLine: {'line': b'-- Up-to-date: /home/px4/ros2/ws/install/px4_msgs/include/px4_msgs/px4_msgs/msg/detail/follow_target__struct.h\n'}
[2.501753] (px4_msgs) StdoutLine: {'line': b'-- Up-to-date: /home/px4/ros2/ws/install/px4_msgs/include/px4_msgs/px4_msgs/msg/detail/action_request__struct.h\n'}
[2.501832] (px4_msgs) StdoutLine: {'line': b'-- Up-to-date: /home/px4/ros2/ws/install/px4_msgs/include/px4_msgs/px4_msgs/msg/detail/unregister_ext_component__functions.c\n'}
[2.501909] (px4_msgs) StdoutLine: {'line': b'-- Up-to-date: /home/px4/ros2/ws/install/px4_msgs/include/px4_msgs/px4_msgs/msg/detail/debug_array__functions.c\n'}
[2.502126] (px4_msgs) StdoutLine: {'line': b'-- Up-to-date: /home/px4/ros2/ws/install/px4_msgs/include/px4_msgs/px4_msgs/msg/detail/vehicle_imu__functions.h\n'}
[2.502280] (px4_msgs) StdoutLine: {'line': b'-- Up-to-date: /home/px4/ros2/ws/install/px4_msgs/include/px4_msgs/px4_msgs/msg/detail/event__type_support.h\n'}
[2.502412] (px4_msgs) StdoutLine: {'line': b'-- Up-to-date: /home/px4/ros2/ws/install/px4_msgs/include/px4_msgs/px4_msgs/msg/detail/rpm__functions.h\n'}
[2.502529] (px4_msgs) StdoutLine: {'line': b'-- Up-to-date: /home/px4/ros2/ws/install/px4_msgs/include/px4_msgs/px4_msgs/msg/detail/sensors_status_imu__functions.c\n'}
[2.502683] (px4_msgs) StdoutLine: {'line': b'-- Up-to-date: /home/px4/ros2/ws/install/px4_msgs/include/px4_msgs/px4_msgs/msg/detail/vehicle_angular_acceleration_setpoint__functions.h\n'}
[2.502907] (px4_msgs) StdoutLine: {'line': b'-- Up-to-date: /home/px4/ros2/ws/install/px4_msgs/include/px4_msgs/px4_msgs/msg/detail/landing_gear_wheel__functions.c\n'}
[2.503019] (px4_msgs) StdoutLine: {'line': b'-- Up-to-date: /home/px4/ros2/ws/install/px4_msgs/include/px4_msgs/px4_msgs/msg/detail/internal_combustion_engine_control__functions.h\n'}
[2.503268] (px4_msgs) StdoutLine: {'line': b'-- Up-to-date: /home/px4/ros2/ws/install/px4_msgs/include/px4_msgs/px4_msgs/msg/detail/position_controller_status__struct.h\n'}
[2.503387] (px4_msgs) StdoutLine: {'line': b'-- Up-to-date: /home/px4/ros2/ws/install/px4_msgs/include/px4_msgs/px4_msgs/msg/detail/landing_target_innovations__functions.h\n'}
[2.503491] (px4_msgs) StdoutLine: {'line': b'-- Up-to-date: /home/px4/ros2/ws/install/px4_msgs/include/px4_msgs/px4_msgs/msg/detail/register_ext_component_request__struct.h\n'}
[2.503583] (px4_msgs) StdoutLine: {'line': b'-- Up-to-date: /home/px4/ros2/ws/install/px4_msgs/include/px4_msgs/px4_msgs/msg/detail/sensor_hygrometer__functions.h\n'}
[2.503678] (px4_msgs) StdoutLine: {'line': b'-- Up-to-date: /home/px4/ros2/ws/install/px4_msgs/include/px4_msgs/px4_msgs/msg/detail/vehicle_local_position__struct.h\n'}
[2.503784] (px4_msgs) StdoutLine: {'line': b'-- Up-to-date: /home/px4/ros2/ws/install/px4_msgs/include/px4_msgs/px4_msgs/msg/detail/pure_pursuit_status__struct.h\n'}
[2.504000] (px4_msgs) StdoutLine: {'line': b'-- Up-to-date: /home/px4/ros2/ws/install/px4_msgs/include/px4_msgs/px4_msgs/msg/detail/figure_eight_status__functions.c\n'}
[2.504092] (px4_msgs) StdoutLine: {'line': b'-- Up-to-date: /home/px4/ros2/ws/install/px4_msgs/include/px4_msgs/px4_msgs/msg/detail/fixed_wing_lateral_guidance_status__type_support.h\n'}
[2.504181] (px4_msgs) StdoutLine: {'line': b'-- Up-to-date: /home/px4/ros2/ws/install/px4_msgs/include/px4_msgs/px4_msgs/msg/detail/lateral_control_configuration__functions.c\n'}
[2.504427] (-) TimerEvent: {}
[2.504630] (px4_msgs) StdoutLine: {'line': b'-- Up-to-date: /home/px4/ros2/ws/install/px4_msgs/include/px4_msgs/px4_msgs/msg/detail/autotune_attitude_control_status__functions.c\n'}
[2.504789] (px4_msgs) StdoutLine: {'line': b'-- Up-to-date: /home/px4/ros2/ws/install/px4_msgs/include/px4_msgs/px4_msgs/msg/detail/estimator_bias3d__type_support.h\n'}
[2.504907] (px4_msgs) StdoutLine: {'line': b'-- Up-to-date: /home/px4/ros2/ws/install/px4_msgs/include/px4_msgs/px4_msgs/msg/detail/navigator_mission_item__functions.h\n'}
[2.505127] (px4_msgs) StdoutLine: {'line': b'-- Up-to-date: /home/px4/ros2/ws/install/px4_msgs/include/px4_msgs/px4_msgs/msg/detail/dataman_response__functions.c\n'}
[2.505314] (px4_msgs) StdoutLine: {'line': b'-- Up-to-date: /home/px4/ros2/ws/install/px4_msgs/include/px4_msgs/px4_msgs/msg/detail/vehicle_odometry__struct.h\n'}
[2.505418] (px4_msgs) StdoutLine: {'line': b'-- Up-to-date: /home/px4/ros2/ws/install/px4_msgs/include/px4_msgs/px4_msgs/msg/detail/satellite_info__struct.h\n'}
[2.505523] (px4_msgs) StdoutLine: {'line': b'-- Up-to-date: /home/px4/ros2/ws/install/px4_msgs/include/px4_msgs/px4_msgs/msg/detail/gimbal_manager_set_manual_control__functions.h\n'}
[2.505666] (px4_msgs) StdoutLine: {'line': b'-- Up-to-date: /home/px4/ros2/ws/install/px4_msgs/include/px4_msgs/px4_msgs/msg/detail/rover_position_setpoint__functions.c\n'}
[2.505747] (px4_msgs) StdoutLine: {'line': b'-- Up-to-date: /home/px4/ros2/ws/install/px4_msgs/include/px4_msgs/px4_msgs/msg/detail/position_setpoint__functions.h\n'}
[2.505819] (px4_msgs) StdoutLine: {'line': b'-- Up-to-date: /home/px4/ros2/ws/install/px4_msgs/include/px4_msgs/px4_msgs/msg/detail/irlock_report__type_support.h\n'}
[2.505931] (px4_msgs) StdoutLine: {'line': b'-- Up-to-date: /home/px4/ros2/ws/install/px4_msgs/include/px4_msgs/px4_msgs/msg/detail/sensor_uwb__functions.c\n'}
[2.506015] (px4_msgs) StdoutLine: {'line': b'-- Up-to-date: /home/px4/ros2/ws/install/px4_msgs/include/px4_msgs/px4_msgs/msg/detail/vehicle_local_position__functions.h\n'}
[2.506117] (px4_msgs) StdoutLine: {'line': b'-- Up-to-date: /home/px4/ros2/ws/install/px4_msgs/include/px4_msgs/px4_msgs/msg/detail/battery_info__struct.h\n'}
[2.506204] (px4_msgs) StdoutLine: {'line': b'-- Up-to-date: /home/px4/ros2/ws/install/px4_msgs/include/px4_msgs/px4_msgs/msg/detail/sensor_gyro_fifo__type_support.h\n'}
[2.506367] (px4_msgs) StdoutLine: {'line': b'-- Up-to-date: /home/px4/ros2/ws/install/px4_msgs/include/px4_msgs/px4_msgs/msg/detail/log_message__functions.h\n'}
[2.506450] (px4_msgs) StdoutLine: {'line': b'-- Up-to-date: /home/px4/ros2/ws/install/px4_msgs/include/px4_msgs/px4_msgs/msg/detail/message_format_request__type_support.h\n'}
[2.506558] (px4_msgs) StdoutLine: {'line': b'-- Up-to-date: /home/px4/ros2/ws/install/px4_msgs/include/px4_msgs/px4_msgs/msg/detail/vehicle_rates_setpoint__functions.h\n'}
[2.506634] (px4_msgs) StdoutLine: {'line': b'-- Up-to-date: /home/px4/ros2/ws/install/px4_msgs/include/px4_msgs/px4_msgs/msg/detail/autotune_attitude_control_status__functions.h\n'}
[2.506708] (px4_msgs) StdoutLine: {'line': b'-- Up-to-date: /home/px4/ros2/ws/install/px4_msgs/include/px4_msgs/px4_msgs/msg/detail/rover_steering_setpoint__type_support.h\n'}
[2.506826] (px4_msgs) StdoutLine: {'line': b'-- Up-to-date: /home/px4/ros2/ws/install/px4_msgs/include/px4_msgs/px4_msgs/msg/detail/neural_control__functions.h\n'}
[2.506945] (px4_msgs) StdoutLine: {'line': b'-- Up-to-date: /home/px4/ros2/ws/install/px4_msgs/include/px4_msgs/px4_msgs/msg/detail/open_drone_id_self_id__functions.h\n'}
[2.507029] (px4_msgs) StdoutLine: {'line': b'-- Up-to-date: /home/px4/ros2/ws/install/px4_msgs/include/px4_msgs/px4_msgs/msg/detail/gripper__functions.h\n'}
[2.507284] (px4_msgs) StdoutLine: {'line': b'-- Up-to-date: /home/px4/ros2/ws/install/px4_msgs/include/px4_msgs/px4_msgs/msg/detail/actuator_controls_status__functions.h\n'}
[2.507391] (px4_msgs) StdoutLine: {'line': b'-- Up-to-date: /home/px4/ros2/ws/install/px4_msgs/include/px4_msgs/px4_msgs/msg/detail/actuator_test__type_support.h\n'}
[2.507563] (px4_msgs) StdoutLine: {'line': b'-- Up-to-date: /home/px4/ros2/ws/install/px4_msgs/include/px4_msgs/px4_msgs/msg/detail/vehicle_constraints__functions.c\n'}
[2.507684] (px4_msgs) StdoutLine: {'line': b'-- Up-to-date: /home/px4/ros2/ws/install/px4_msgs/include/px4_msgs/px4_msgs/msg/detail/message_format_response__functions.h\n'}
[2.507790] (px4_msgs) StdoutLine: {'line': b'-- Up-to-date: /home/px4/ros2/ws/install/px4_msgs/include/px4_msgs/px4_msgs/msg/detail/debug_value__functions.c\n'}
[2.507877] (px4_msgs) StdoutLine: {'line': b'-- Up-to-date: /home/px4/ros2/ws/install/px4_msgs/include/px4_msgs/px4_msgs/msg/detail/sensor_gnss_relative__functions.c\n'}
[2.508116] (px4_msgs) StdoutLine: {'line': b'-- Up-to-date: /home/px4/ros2/ws/install/px4_msgs/include/px4_msgs/px4_msgs/msg/detail/vehicle_global_position__functions.h\n'}
[2.508274] (px4_msgs) StdoutLine: {'line': b'-- Up-to-date: /home/px4/ros2/ws/install/px4_msgs/include/px4_msgs/px4_msgs/msg/detail/vehicle_magnetometer__functions.c\n'}
[2.508591] (px4_msgs) StdoutLine: {'line': b'-- Up-to-date: /home/px4/ros2/ws/install/px4_msgs/include/px4_msgs/px4_msgs/msg/detail/failure_detector_status__type_support.h\n'}
[2.508771] (px4_msgs) StdoutLine: {'line': b'-- Up-to-date: /home/px4/ros2/ws/install/px4_msgs/include/px4_msgs/px4_msgs/msg/detail/generator_status__struct.h\n'}
[2.508934] (px4_msgs) StdoutLine: {'line': b'-- Up-to-date: /home/px4/ros2/ws/install/px4_msgs/include/px4_msgs/px4_msgs/msg/detail/can_interface_status__type_support.h\n'}
[2.509107] (px4_msgs) StdoutLine: {'line': b'-- Up-to-date: /home/px4/ros2/ws/install/px4_msgs/include/px4_msgs/px4_msgs/msg/detail/vehicle_air_data__functions.h\n'}
[2.509490] (px4_msgs) StdoutLine: {'line': b'-- Up-to-date: /home/px4/ros2/ws/install/px4_msgs/include/px4_msgs/px4_msgs/msg/detail/neural_control__struct.h\n'}
[2.509634] (px4_msgs) StdoutLine: {'line': b'-- Up-to-date: /home/px4/ros2/ws/install/px4_msgs/include/px4_msgs/px4_msgs/msg/detail/vehicle_local_position_setpoint__struct.h\n'}
[2.509734] (px4_msgs) StdoutLine: {'line': b'-- Up-to-date: /home/px4/ros2/ws/install/px4_msgs/include/px4_msgs/px4_msgs/msg/detail/vehicle_command_ack__type_support.h\n'}
[2.509859] (px4_msgs) StdoutLine: {'line': b'-- Up-to-date: /home/px4/ros2/ws/install/px4_msgs/include/px4_msgs/px4_msgs/msg/detail/sensor_hygrometer__struct.h\n'}
[2.509982] (px4_msgs) StdoutLine: {'line': b'-- Up-to-date: /home/px4/ros2/ws/install/px4_msgs/include/px4_msgs/px4_msgs/msg/detail/orb_test_medium__functions.h\n'}
[2.510124] (px4_msgs) StdoutLine: {'line': b'-- Up-to-date: /home/px4/ros2/ws/install/px4_msgs/include/px4_msgs/px4_msgs/msg/detail/mavlink_tunnel__functions.c\n'}
[2.510483] (px4_msgs) StdoutLine: {'line': b'-- Up-to-date: /home/px4/ros2/ws/install/px4_msgs/include/px4_msgs/px4_msgs/msg/detail/debug_value__struct.h\n'}
[2.510737] (px4_msgs) StdoutLine: {'line': b'-- Up-to-date: /home/px4/ros2/ws/install/px4_msgs/include/px4_msgs/px4_msgs/msg/detail/vehicle_land_detected__functions.c\n'}
[2.510854] (px4_msgs) StdoutLine: {'line': b'-- Up-to-date: /home/px4/ros2/ws/install/px4_msgs/include/px4_msgs/px4_msgs/msg/detail/estimator_bias__functions.c\n'}
[2.510971] (px4_msgs) StdoutLine: {'line': b'-- Up-to-date: /home/px4/ros2/ws/install/px4_msgs/include/px4_msgs/px4_msgs/msg/detail/uavcan_parameter_request__type_support.h\n'}
[2.511163] (px4_msgs) StdoutLine: {'line': b'-- Up-to-date: /home/px4/ros2/ws/install/px4_msgs/include/px4_msgs/px4_msgs/msg/detail/health_report__functions.c\n'}
[2.511497] (px4_msgs) StdoutLine: {'line': b'-- Up-to-date: /home/px4/ros2/ws/install/px4_msgs/include/px4_msgs/px4_msgs/msg/detail/open_drone_id_arm_status__functions.c\n'}
[2.511650] (px4_msgs) StdoutLine: {'line': b'-- Up-to-date: /home/px4/ros2/ws/install/px4_msgs/include/px4_msgs/px4_msgs/msg/detail/goto_setpoint__functions.c\n'}
[2.511812] (px4_msgs) StdoutLine: {'line': b'-- Up-to-date: /home/px4/ros2/ws/install/px4_msgs/include/px4_msgs/px4_msgs/msg/detail/sensor_optical_flow__functions.h\n'}
[2.512031] (px4_msgs) StdoutLine: {'line': b'-- Up-to-date: /home/px4/ros2/ws/install/px4_msgs/include/px4_msgs/px4_msgs/msg/detail/ekf2_timestamps__functions.h\n'}
[2.512211] (px4_msgs) StdoutLine: {'line': b'-- Up-to-date: /home/px4/ros2/ws/install/px4_msgs/include/px4_msgs/px4_msgs/msg/detail/fuel_tank_status__functions.c\n'}
[2.512359] (px4_msgs) StdoutLine: {'line': b'-- Up-to-date: /home/px4/ros2/ws/install/px4_msgs/include/px4_msgs/px4_msgs/msg/detail/can_interface_status__functions.h\n'}
[2.512501] (px4_msgs) StdoutLine: {'line': b'-- Up-to-date: /home/px4/ros2/ws/install/px4_msgs/include/px4_msgs/px4_msgs/msg/detail/estimator_aid_source2d__functions.h\n'}
[2.512611] (px4_msgs) StdoutLine: {'line': b'-- Up-to-date: /home/px4/ros2/ws/install/px4_msgs/include/px4_msgs/px4_msgs/msg/detail/ekf2_timestamps__type_support.h\n'}
[2.512819] (px4_msgs) StdoutLine: {'line': b'-- Up-to-date: /home/px4/ros2/ws/install/px4_msgs/include/px4_msgs/px4_msgs/msg/detail/vehicle_attitude__type_support.h\n'}
[2.512953] (px4_msgs) StdoutLine: {'line': b'-- Up-to-date: /home/px4/ros2/ws/install/px4_msgs/include/px4_msgs/px4_msgs/msg/detail/system_power__functions.c\n'}
[2.513050] (px4_msgs) StdoutLine: {'line': b'-- Up-to-date: /home/px4/ros2/ws/install/px4_msgs/include/px4_msgs/px4_msgs/msg/detail/failsafe_flags__struct.h\n'}
[2.513161] (px4_msgs) StdoutLine: {'line': b'-- Up-to-date: /home/px4/ros2/ws/install/px4_msgs/include/px4_msgs/px4_msgs/msg/detail/sensor_gps__functions.c\n'}
[2.513298] (px4_msgs) StdoutLine: {'line': b'-- Up-to-date: /home/px4/ros2/ws/install/px4_msgs/include/px4_msgs/px4_msgs/msg/detail/battery_status__functions.h\n'}
[2.513416] (px4_msgs) StdoutLine: {'line': b'-- Up-to-date: /home/px4/ros2/ws/install/px4_msgs/include/px4_msgs/px4_msgs/msg/detail/actuator_outputs__functions.h\n'}
[2.513510] (px4_msgs) StdoutLine: {'line': b'-- Up-to-date: /home/px4/ros2/ws/install/px4_msgs/include/px4_msgs/px4_msgs/msg/detail/position_setpoint_triplet__functions.h\n'}
[2.513641] (px4_msgs) StdoutLine: {'line': b'-- Up-to-date: /home/px4/ros2/ws/install/px4_msgs/include/px4_msgs/px4_msgs/msg/detail/arming_check_reply__functions.c\n'}
[2.513752] (px4_msgs) StdoutLine: {'line': b'-- Up-to-date: /home/px4/ros2/ws/install/px4_msgs/include/px4_msgs/px4_msgs/msg/detail/rtl_time_estimate__functions.h\n'}
[2.513840] (px4_msgs) StdoutLine: {'line': b'-- Up-to-date: /home/px4/ros2/ws/install/px4_msgs/include/px4_msgs/px4_msgs/msg/detail/rover_velocity_setpoint__functions.c\n'}
[2.513989] (px4_msgs) StdoutLine: {'line': b'-- Up-to-date: /home/px4/ros2/ws/install/px4_msgs/include/px4_msgs/px4_msgs/msg/detail/mode_completed__functions.c\n'}
[2.514085] (px4_msgs) StdoutLine: {'line': b'-- Up-to-date: /home/px4/ros2/ws/install/px4_msgs/include/px4_msgs/px4_msgs/msg/detail/vehicle_optical_flow__functions.h\n'}
[2.514166] (px4_msgs) StdoutLine: {'line': b'-- Up-to-date: /home/px4/ros2/ws/install/px4_msgs/include/px4_msgs/px4_msgs/msg/detail/follow_target_status__functions.c\n'}
[2.514485] (px4_msgs) StdoutLine: {'line': b'-- Up-to-date: /home/px4/ros2/ws/install/px4_msgs/include/px4_msgs/px4_msgs/msg/detail/gimbal_manager_set_manual_control__type_support.h\n'}
[2.514579] (px4_msgs) StdoutLine: {'line': b'-- Up-to-date: /home/px4/ros2/ws/install/px4_msgs/include/px4_msgs/px4_msgs/msg/detail/ulog_stream__functions.c\n'}
[2.514765] (px4_msgs) StdoutLine: {'line': b'-- Up-to-date: /home/px4/ros2/ws/install/px4_msgs/include/px4_msgs/px4_msgs/msg/detail/parameter_reset_request__type_support.h\n'}
[2.514883] (px4_msgs) StdoutLine: {'line': b'-- Up-to-date: /home/px4/ros2/ws/install/px4_msgs/include/px4_msgs/px4_msgs/msg/detail/vehicle_acceleration__struct.h\n'}
[2.514990] (px4_msgs) StdoutLine: {'line': b'-- Up-to-date: /home/px4/ros2/ws/install/px4_msgs/include/px4_msgs/px4_msgs/msg/detail/manual_control_switches__functions.c\n'}
[2.515090] (px4_msgs) StdoutLine: {'line': b'-- Up-to-date: /home/px4/ros2/ws/install/px4_msgs/include/px4_msgs/px4_msgs/msg/detail/autotune_attitude_control_status__struct.h\n'}
[2.515205] (px4_msgs) StdoutLine: {'line': b'-- Up-to-date: /home/px4/ros2/ws/install/px4_msgs/include/px4_msgs/px4_msgs/msg/detail/tecs_status__struct.h\n'}
[2.515376] (px4_msgs) StdoutLine: {'line': b'-- Up-to-date: /home/px4/ros2/ws/install/px4_msgs/include/px4_msgs/px4_msgs/msg/detail/esc_report__functions.c\n'}
[2.515477] (px4_msgs) StdoutLine: {'line': b'-- Up-to-date: /home/px4/ros2/ws/install/px4_msgs/include/px4_msgs/px4_msgs/msg/detail/velocity_limits__functions.c\n'}
[2.515596] (px4_msgs) StdoutLine: {'line': b'-- Up-to-date: /home/px4/ros2/ws/install/px4_msgs/include/px4_msgs/px4_msgs/msg/detail/fixed_wing_longitudinal_setpoint__functions.h\n'}
[2.515727] (px4_msgs) StdoutLine: {'line': b'-- Up-to-date: /home/px4/ros2/ws/install/px4_msgs/include/px4_msgs/px4_msgs/msg/detail/position_setpoint__struct.h\n'}
[2.515869] (px4_msgs) StdoutLine: {'line': b'-- Up-to-date: /home/px4/ros2/ws/install/px4_msgs/include/px4_msgs/px4_msgs/msg/detail/vtol_vehicle_status__struct.h\n'}
[2.515963] (px4_msgs) StdoutLine: {'line': b'-- Up-to-date: /home/px4/ros2/ws/install/px4_msgs/include/px4_msgs/px4_msgs/msg/detail/actuator_servos_trim__functions.c\n'}
[2.516052] (px4_msgs) StdoutLine: {'line': b'-- Up-to-date: /home/px4/ros2/ws/install/px4_msgs/include/px4_msgs/px4_msgs/msg/detail/sensor_correction__struct.h\n'}
[2.516220] (px4_msgs) StdoutLine: {'line': b'-- Up-to-date: /home/px4/ros2/ws/install/px4_msgs/include/px4_msgs/px4_msgs/msg/detail/follow_target_status__functions.h\n'}
[2.516342] (px4_msgs) StdoutLine: {'line': b'-- Up-to-date: /home/px4/ros2/ws/install/px4_msgs/include/px4_msgs/px4_msgs/msg/detail/debug_key_value__functions.c\n'}
[2.516429] (px4_msgs) StdoutLine: {'line': b'-- Up-to-date: /home/px4/ros2/ws/install/px4_msgs/include/px4_msgs/px4_msgs/msg/detail/mag_worker_data__struct.h\n'}
[2.516628] (px4_msgs) StdoutLine: {'line': b'-- Up-to-date: /home/px4/ros2/ws/install/px4_msgs/include/px4_msgs/px4_msgs/msg/detail/led_control__functions.h\n'}
[2.516727] (px4_msgs) StdoutLine: {'line': b'-- Up-to-date: /home/px4/ros2/ws/install/px4_msgs/include/px4_msgs/px4_msgs/msg/detail/pps_capture__functions.c\n'}
[2.516816] (px4_msgs) StdoutLine: {'line': b'-- Up-to-date: /home/px4/ros2/ws/install/px4_msgs/include/px4_msgs/px4_msgs/msg/detail/geofence_result__type_support.h\n'}
[2.516921] (px4_msgs) StdoutLine: {'line': b'-- Up-to-date: /home/px4/ros2/ws/install/px4_msgs/include/px4_msgs/px4_msgs/msg/detail/normalized_unsigned_setpoint__functions.c\n'}
[2.517025] (px4_msgs) StdoutLine: {'line': b'-- Up-to-date: /home/px4/ros2/ws/install/px4_msgs/include/px4_msgs/px4_msgs/msg/detail/mount_orientation__functions.h\n'}
[2.517208] (px4_msgs) StdoutLine: {'line': b'-- Up-to-date: /home/px4/ros2/ws/install/px4_msgs/include/px4_msgs/px4_msgs/msg/detail/gps_inject_data__functions.h\n'}
[2.517486] (px4_msgs) StdoutLine: {'line': b'-- Up-to-date: /home/px4/ros2/ws/install/px4_msgs/include/px4_msgs/px4_msgs/msg/detail/sensor_selection__functions.c\n'}
[2.517598] (px4_msgs) StdoutLine: {'line': b'-- Up-to-date: /home/px4/ros2/ws/install/px4_msgs/include/px4_msgs/px4_msgs/msg/detail/input_rc__struct.h\n'}
[2.517696] (px4_msgs) StdoutLine: {'line': b'-- Up-to-date: /home/px4/ros2/ws/install/px4_msgs/include/px4_msgs/px4_msgs/msg/detail/vehicle_thrust_setpoint__functions.h\n'}
[2.517806] (px4_msgs) StdoutLine: {'line': b'-- Up-to-date: /home/px4/ros2/ws/install/px4_msgs/include/px4_msgs/px4_msgs/msg/detail/vehicle_land_detected__struct.h\n'}
[2.517902] (px4_msgs) StdoutLine: {'line': b'-- Up-to-date: /home/px4/ros2/ws/install/px4_msgs/include/px4_msgs/px4_msgs/msg/detail/gimbal_manager_information__struct.h\n'}
[2.517998] (px4_msgs) StdoutLine: {'line': b'-- Up-to-date: /home/px4/ros2/ws/install/px4_msgs/include/px4_msgs/px4_msgs/msg/detail/gimbal_controls__struct.h\n'}
[2.518111] (px4_msgs) StdoutLine: {'line': b'-- Up-to-date: /home/px4/ros2/ws/install/px4_msgs/include/px4_msgs/px4_msgs/msg/detail/sensors_status_imu__type_support.h\n'}
[2.518221] (px4_msgs) StdoutLine: {'line': b'-- Up-to-date: /home/px4/ros2/ws/install/px4_msgs/include/px4_msgs/px4_msgs/msg/detail/rover_rate_setpoint__struct.h\n'}
[2.518339] (px4_msgs) StdoutLine: {'line': b'-- Up-to-date: /home/px4/ros2/ws/install/px4_msgs/include/px4_msgs/px4_msgs/msg/detail/gimbal_device_information__struct.h\n'}
[2.518434] (px4_msgs) StdoutLine: {'line': b'-- Up-to-date: /home/px4/ros2/ws/install/px4_msgs/include/px4_msgs/px4_msgs/msg/detail/sensors_status__functions.c\n'}
[2.518550] (px4_msgs) StdoutLine: {'line': b'-- Up-to-date: /home/px4/ros2/ws/install/px4_msgs/include/px4_msgs/px4_msgs/msg/detail/vehicle_angular_velocity__type_support.h\n'}
[2.518651] (px4_msgs) StdoutLine: {'line': b'-- Up-to-date: /home/px4/ros2/ws/install/px4_msgs/include/px4_msgs/px4_msgs/msg/detail/qshell_retval__functions.c\n'}
[2.518747] (px4_msgs) StdoutLine: {'line': b'-- Up-to-date: /home/px4/ros2/ws/install/px4_msgs/include/px4_msgs/px4_msgs/msg/detail/wind__struct.h\n'}
[2.518999] (px4_msgs) StdoutLine: {'line': b'-- Up-to-date: /home/px4/ros2/ws/install/px4_msgs/include/px4_msgs/px4_msgs/msg/detail/message_format_response__functions.c\n'}
[2.519098] (px4_msgs) StdoutLine: {'line': b'-- Up-to-date: /home/px4/ros2/ws/install/px4_msgs/include/px4_msgs/px4_msgs/msg/detail/task_stack_info__type_support.h\n'}
[2.519213] (px4_msgs) StdoutLine: {'line': b'-- Up-to-date: /home/px4/ros2/ws/install/px4_msgs/include/px4_msgs/px4_msgs/msg/detail/gpio_request__functions.c\n'}
[2.519344] (px4_msgs) StdoutLine: {'line': b'-- Up-to-date: /home/px4/ros2/ws/install/px4_msgs/include/px4_msgs/px4_msgs/msg/detail/vehicle_attitude_setpoint__functions.h\n'}
[2.519450] (px4_msgs) StdoutLine: {'line': b'-- Up-to-date: /home/px4/ros2/ws/install/px4_msgs/include/px4_msgs/px4_msgs/msg/cellular_status.h\n'}
[2.519561] (px4_msgs) StdoutLine: {'line': b'-- Up-to-date: /home/px4/ros2/ws/install/px4_msgs/include/px4_msgs/px4_msgs/msg/tune_control.h\n'}
[2.519674] (px4_msgs) StdoutLine: {'line': b'-- Up-to-date: /home/px4/ros2/ws/install/px4_msgs/include/px4_msgs/px4_msgs/msg/sensor_accel_fifo.h\n'}
[2.519810] (px4_msgs) StdoutLine: {'line': b'-- Up-to-date: /home/px4/ros2/ws/install/px4_msgs/include/px4_msgs/px4_msgs/msg/parameter_set_used_request.h\n'}
[2.519934] (px4_msgs) StdoutLine: {'line': b'-- Up-to-date: /home/px4/ros2/ws/install/px4_msgs/include/px4_msgs/px4_msgs/msg/can_interface_status.h\n'}
[2.520210] (px4_msgs) StdoutLine: {'line': b'-- Up-to-date: /home/px4/ros2/ws/install/px4_msgs/include/px4_msgs/px4_msgs/msg/sensor_baro.h\n'}
[2.520376] (px4_msgs) StdoutLine: {'line': b'-- Up-to-date: /home/px4/ros2/ws/install/px4_msgs/include/px4_msgs/px4_msgs/msg/manual_control_switches.h\n'}
[2.520514] (px4_msgs) StdoutLine: {'line': b'-- Up-to-date: /home/px4/ros2/ws/install/px4_msgs/include/px4_msgs/px4_msgs/msg/position_setpoint_triplet.h\n'}
[2.520677] (px4_msgs) StdoutLine: {'line': b'-- Up-to-date: /home/px4/ros2/ws/install/px4_msgs/include/px4_msgs/px4_msgs/msg/tecs_status.h\n'}
[2.520793] (px4_msgs) StdoutLine: {'line': b'-- Up-to-date: /home/px4/ros2/ws/install/px4_msgs/include/px4_msgs/px4_msgs/msg/parameter_set_value_request.h\n'}
[2.520909] (px4_msgs) StdoutLine: {'line': b'-- Up-to-date: /home/px4/ros2/ws/install/px4_msgs/include/px4_msgs/px4_msgs/msg/airspeed.h\n'}
[2.521028] (px4_msgs) StdoutLine: {'line': b'-- Up-to-date: /home/px4/ros2/ws/install/px4_msgs/include/px4_msgs/px4_msgs/msg/landing_gear.h\n'}
[2.521129] (px4_msgs) StdoutLine: {'line': b'-- Up-to-date: /home/px4/ros2/ws/install/px4_msgs/include/px4_msgs/px4_msgs/msg/button_event.h\n'}
[2.521260] (px4_msgs) StdoutLine: {'line': b'-- Up-to-date: /home/px4/ros2/ws/install/px4_msgs/include/px4_msgs/px4_msgs/msg/vehicle_imu_status.h\n'}
[2.521454] (px4_msgs) StdoutLine: {'line': b'-- Up-to-date: /home/px4/ros2/ws/install/px4_msgs/include/px4_msgs/px4_msgs/msg/battery_status.h\n'}
[2.521576] (px4_msgs) StdoutLine: {'line': b'-- Up-to-date: /home/px4/ros2/ws/install/px4_msgs/include/px4_msgs/px4_msgs/msg/mavlink_log.h\n'}
[2.521677] (px4_msgs) StdoutLine: {'line': b'-- Up-to-date: /home/px4/ros2/ws/install/px4_msgs/include/px4_msgs/px4_msgs/msg/log_message.h\n'}
[2.521774] (px4_msgs) StdoutLine: {'line': b'-- Up-to-date: /home/px4/ros2/ws/install/px4_msgs/include/px4_msgs/px4_msgs/msg/landing_target_innovations.h\n'}
[2.521871] (px4_msgs) StdoutLine: {'line': b'-- Up-to-date: /home/px4/ros2/ws/install/px4_msgs/include/px4_msgs/px4_msgs/msg/debug_key_value.h\n'}
[2.522013] (px4_msgs) StdoutLine: {'line': b'-- Up-to-date: /home/px4/ros2/ws/install/px4_msgs/include/px4_msgs/px4_msgs/msg/debug_array.h\n'}
[2.522125] (px4_msgs) StdoutLine: {'line': b'-- Up-to-date: /home/px4/ros2/ws/install/px4_msgs/include/px4_msgs/px4_msgs/msg/battery_info.h\n'}
[2.522421] (px4_msgs) StdoutLine: {'line': b'-- Up-to-date: /home/px4/ros2/ws/install/px4_msgs/include/px4_msgs/px4_msgs/msg/px4io_status.h\n'}
[2.522530] (px4_msgs) StdoutLine: {'line': b'-- Up-to-date: /home/px4/ros2/ws/install/px4_msgs/include/px4_msgs/px4_msgs/msg/estimator_event_flags.h\n'}
[2.522641] (px4_msgs) StdoutLine: {'line': b'-- Up-to-date: /home/px4/ros2/ws/install/px4_msgs/include/px4_msgs/px4_msgs/msg/gimbal_device_set_attitude.h\n'}
[2.522734] (px4_msgs) StdoutLine: {'line': b'-- Up-to-date: /home/px4/ros2/ws/install/px4_msgs/include/px4_msgs/px4_msgs/msg/adc_report.h\n'}
[2.522831] (px4_msgs) StdoutLine: {'line': b'-- Up-to-date: /home/px4/ros2/ws/install/px4_msgs/include/px4_msgs/px4_msgs/msg/actuator_servos_trim.h\n'}
[2.522954] (px4_msgs) StdoutLine: {'line': b'-- Up-to-date: /home/px4/ros2/ws/install/px4_msgs/include/px4_msgs/px4_msgs/msg/rc_parameter_map.h\n'}
[2.523053] (px4_msgs) StdoutLine: {'line': b'-- Up-to-date: /home/px4/ros2/ws/install/px4_msgs/include/px4_msgs/px4_msgs/msg/figure_eight_status.h\n'}
[2.523146] (px4_msgs) StdoutLine: {'line': b'-- Up-to-date: /home/px4/ros2/ws/install/px4_msgs/include/px4_msgs/px4_msgs/msg/sensor_correction.h\n'}
[2.523427] (px4_msgs) StdoutLine: {'line': b'-- Up-to-date: /home/px4/ros2/ws/install/px4_msgs/include/px4_msgs/px4_msgs/msg/gripper.h\n'}
[2.523576] (px4_msgs) StdoutLine: {'line': b'-- Up-to-date: /home/px4/ros2/ws/install/px4_msgs/include/px4_msgs/px4_msgs/msg/vehicle_command.h\n'}
[2.523729] (px4_msgs) StdoutLine: {'line': b'-- Up-to-date: /home/px4/ros2/ws/install/px4_msgs/include/px4_msgs/px4_msgs/msg/estimator_status.h\n'}
[2.523834] (px4_msgs) StdoutLine: {'line': b'-- Up-to-date: /home/px4/ros2/ws/install/px4_msgs/include/px4_msgs/px4_msgs/msg/estimator_aid_source2d.h\n'}
[2.523922] (px4_msgs) StdoutLine: {'line': b'-- Up-to-date: /home/px4/ros2/ws/install/px4_msgs/include/px4_msgs/px4_msgs/msg/vehicle_attitude_setpoint.h\n'}
[2.524116] (px4_msgs) StdoutLine: {'line': b'-- Up-to-date: /home/px4/ros2/ws/install/px4_msgs/include/px4_msgs/px4_msgs/msg/onboard_computer_status.h\n'}
[2.524238] (px4_msgs) StdoutLine: {'line': b'-- Up-to-date: /home/px4/ros2/ws/install/px4_msgs/include/px4_msgs/px4_msgs/msg/sensor_gyro_fifo.h\n'}
[2.524390] (px4_msgs) StdoutLine: {'line': b'-- Up-to-date: /home/px4/ros2/ws/install/px4_msgs/include/px4_msgs/px4_msgs/msg/gimbal_manager_information.h\n'}
[2.524531] (px4_msgs) StdoutLine: {'line': b'-- Up-to-date: /home/px4/ros2/ws/install/px4_msgs/include/px4_msgs/px4_msgs/msg/landing_gear_wheel.h\n'}
[2.524672] (px4_msgs) StdoutLine: {'line': b'-- Up-to-date: /home/px4/ros2/ws/install/px4_msgs/include/px4_msgs/px4_msgs/msg/event.h\n'}
[2.524764] (px4_msgs) StdoutLine: {'line': b'-- Up-to-date: /home/px4/ros2/ws/install/px4_msgs/include/px4_msgs/px4_msgs/msg/transponder_report.h\n'}
[2.524924] (px4_msgs) StdoutLine: {'line': b'-- Up-to-date: /home/px4/ros2/ws/install/px4_msgs/include/px4_msgs/px4_msgs/msg/rate_ctrl_status.h\n'}
[2.525040] (px4_msgs) StdoutLine: {'line': b'-- Up-to-date: /home/px4/ros2/ws/install/px4_msgs/include/px4_msgs/px4_msgs/msg/failsafe_flags.h\n'}
[2.525156] (px4_msgs) StdoutLine: {'line': b'-- Up-to-date: /home/px4/ros2/ws/install/px4_msgs/include/px4_msgs/px4_msgs/msg/vehicle_attitude.h\n'}
[2.525278] (px4_msgs) StdoutLine: {'line': b'-- Up-to-date: /home/px4/ros2/ws/install/px4_msgs/include/px4_msgs/px4_msgs/msg/timesync_status.h\n'}
[2.525378] (px4_msgs) StdoutLine: {'line': b'-- Up-to-date: /home/px4/ros2/ws/install/px4_msgs/include/px4_msgs/px4_msgs/msg/offboard_control_mode.h\n'}
[2.525488] (px4_msgs) StdoutLine: {'line': b'-- Up-to-date: /home/px4/ros2/ws/install/px4_msgs/include/px4_msgs/px4_msgs/msg/actuator_armed.h\n'}
[2.525697] (px4_msgs) StdoutLine: {'line': b'-- Up-to-date: /home/px4/ros2/ws/install/px4_msgs/include/px4_msgs/px4_msgs/msg/parameter_set_value_response.h\n'}
[2.525846] (px4_msgs) StdoutLine: {'line': b'-- Up-to-date: /home/px4/ros2/ws/install/px4_msgs/include/px4_msgs/px4_msgs/msg/rover_rate_setpoint.h\n'}
[2.525934] (px4_msgs) StdoutLine: {'line': b'-- Up-to-date: /home/px4/ros2/ws/install/px4_msgs/include/px4_msgs/px4_msgs/msg/rover_attitude_setpoint.h\n'}
[2.526015] (px4_msgs) StdoutLine: {'line': b'-- Up-to-date: /home/px4/ros2/ws/install/px4_msgs/include/px4_msgs/px4_msgs/msg/open_drone_id_operator_id.h\n'}
[2.526174] (px4_msgs) StdoutLine: {'line': b'-- Up-to-date: /home/px4/ros2/ws/install/px4_msgs/include/px4_msgs/px4_msgs/msg/vehicle_status.h\n'}
[2.526274] (px4_msgs) StdoutLine: {'line': b'-- Up-to-date: /home/px4/ros2/ws/install/px4_msgs/include/px4_msgs/px4_msgs/msg/irlock_report.h\n'}
[2.526377] (px4_msgs) StdoutLine: {'line': b'-- Up-to-date: /home/px4/ros2/ws/install/px4_msgs/include/px4_msgs/px4_msgs/msg/sensor_mag.h\n'}
[2.526464] (px4_msgs) StdoutLine: {'line': b'-- Up-to-date: /home/px4/ros2/ws/install/px4_msgs/include/px4_msgs/px4_msgs/msg/dataman_request.h\n'}
[2.526547] (px4_msgs) StdoutLine: {'line': b'-- Up-to-date: /home/px4/ros2/ws/install/px4_msgs/include/px4_msgs/px4_msgs/msg/vehicle_optical_flow.h\n'}
[2.526632] (px4_msgs) StdoutLine: {'line': b'-- Up-to-date: /home/px4/ros2/ws/install/px4_msgs/include/px4_msgs/px4_msgs/msg/debug_vect.h\n'}
[2.526713] (px4_msgs) StdoutLine: {'line': b'-- Up-to-date: /home/px4/ros2/ws/install/px4_msgs/include/px4_msgs/px4_msgs/msg/task_stack_info.h\n'}
[2.526797] (px4_msgs) StdoutLine: {'line': b'-- Up-to-date: /home/px4/ros2/ws/install/px4_msgs/include/px4_msgs/px4_msgs/msg/vehicle_constraints.h\n'}
[2.526875] (px4_msgs) StdoutLine: {'line': b'-- Up-to-date: /home/px4/ros2/ws/install/px4_msgs/include/px4_msgs/px4_msgs/msg/camera_status.h\n'}
[2.526979] (px4_msgs) StdoutLine: {'line': b'-- Up-to-date: /home/px4/ros2/ws/install/px4_msgs/include/px4_msgs/px4_msgs/msg/gimbal_manager_set_attitude.h\n'}
[2.527072] (px4_msgs) StdoutLine: {'line': b'-- Up-to-date: /home/px4/ros2/ws/install/px4_msgs/include/px4_msgs/px4_msgs/msg/fuel_tank_status.h\n'}
[2.527156] (px4_msgs) StdoutLine: {'line': b'-- Up-to-date: /home/px4/ros2/ws/install/px4_msgs/include/px4_msgs/px4_msgs/msg/estimator_bias.h\n'}
[2.527278] (px4_msgs) StdoutLine: {'line': b'-- Up-to-date: /home/px4/ros2/ws/install/px4_msgs/include/px4_msgs/px4_msgs/msg/goto_setpoint.h\n'}
[2.527358] (px4_msgs) StdoutLine: {'line': b'-- Up-to-date: /home/px4/ros2/ws/install/px4_msgs/include/px4_msgs/px4_msgs/msg/wind.h\n'}
[2.527440] (px4_msgs) StdoutLine: {'line': b'-- Up-to-date: /home/px4/ros2/ws/install/px4_msgs/include/px4_msgs/px4_msgs/msg/satellite_info.h\n'}
[2.527519] (px4_msgs) StdoutLine: {'line': b'-- Up-to-date: /home/px4/ros2/ws/install/px4_msgs/include/px4_msgs/px4_msgs/msg/gpio_in.h\n'}
[2.527602] (px4_msgs) StdoutLine: {'line': b'-- Up-to-date: /home/px4/ros2/ws/install/px4_msgs/include/px4_msgs/px4_msgs/msg/navigator_status.h\n'}
[2.527803] (px4_msgs) StdoutLine: {'line': b'-- Up-to-date: /home/px4/ros2/ws/install/px4_msgs/include/px4_msgs/px4_msgs/msg/open_drone_id_arm_status.h\n'}
[2.527889] (px4_msgs) StdoutLine: {'line': b'-- Up-to-date: /home/px4/ros2/ws/install/px4_msgs/include/px4_msgs/px4_msgs/msg/position_controller_status.h\n'}
[2.527969] (px4_msgs) StdoutLine: {'line': b'-- Up-to-date: /home/px4/ros2/ws/install/px4_msgs/include/px4_msgs/px4_msgs/msg/mag_worker_data.h\n'}
[2.528046] (px4_msgs) StdoutLine: {'line': b'-- Up-to-date: /home/px4/ros2/ws/install/px4_msgs/include/px4_msgs/px4_msgs/msg/camera_trigger.h\n'}
[2.528126] (px4_msgs) StdoutLine: {'line': b'-- Up-to-date: /home/px4/ros2/ws/install/px4_msgs/include/px4_msgs/px4_msgs/msg/power_monitor.h\n'}
[2.528217] (px4_msgs) StdoutLine: {'line': b'-- Up-to-date: /home/px4/ros2/ws/install/px4_msgs/include/px4_msgs/px4_msgs/msg/sensors_status.h\n'}
[2.528300] (px4_msgs) StdoutLine: {'line': b'-- Up-to-date: /home/px4/ros2/ws/install/px4_msgs/include/px4_msgs/px4_msgs/msg/trajectory_setpoint.h\n'}
[2.528382] (px4_msgs) StdoutLine: {'line': b'-- Up-to-date: /home/px4/ros2/ws/install/px4_msgs/include/px4_msgs/px4_msgs/msg/internal_combustion_engine_status.h\n'}
[2.528461] (px4_msgs) StdoutLine: {'line': b'-- Up-to-date: /home/px4/ros2/ws/install/px4_msgs/include/px4_msgs/px4_msgs/msg/vehicle_roi.h\n'}
[2.528548] (px4_msgs) StdoutLine: {'line': b'-- Up-to-date: /home/px4/ros2/ws/install/px4_msgs/include/px4_msgs/px4_msgs/msg/ekf2_timestamps.h\n'}
[2.528696] (px4_msgs) StdoutLine: {'line': b'-- Up-to-date: /home/px4/ros2/ws/install/px4_msgs/include/px4_msgs/px4_msgs/msg/ulog_stream.h\n'}
[2.528906] (px4_msgs) StdoutLine: {'line': b'-- Up-to-date: /home/px4/ros2/ws/install/px4_msgs/include/px4_msgs/px4_msgs/msg/vehicle_land_detected.h\n'}
[2.529169] (px4_msgs) StdoutLine: {'line': b'-- Up-to-date: /home/px4/ros2/ws/install/px4_msgs/include/px4_msgs/px4_msgs/msg/position_controller_landing_status.h\n'}
[2.529361] (px4_msgs) StdoutLine: {'line': b'-- Up-to-date: /home/px4/ros2/ws/install/px4_msgs/include/px4_msgs/px4_msgs/msg/sensor_preflight_mag.h\n'}
[2.529499] (px4_msgs) StdoutLine: {'line': b'-- Up-to-date: /home/px4/ros2/ws/install/px4_msgs/include/px4_msgs/px4_msgs/msg/vehicle_acceleration.h\n'}
[2.529646] (px4_msgs) StdoutLine: {'line': b'-- Up-to-date: /home/px4/ros2/ws/install/px4_msgs/include/px4_msgs/px4_msgs/msg/follow_target_status.h\n'}
[2.529754] (px4_msgs) StdoutLine: {'line': b'-- Up-to-date: /home/px4/ros2/ws/install/px4_msgs/include/px4_msgs/px4_msgs/msg/debug_value.h\n'}
[2.529906] (px4_msgs) StdoutLine: {'line': b'-- Up-to-date: /home/px4/ros2/ws/install/px4_msgs/include/px4_msgs/px4_msgs/msg/power_button_state.h\n'}
[2.530071] (px4_msgs) StdoutLine: {'line': b'-- Up-to-date: /home/px4/ros2/ws/install/px4_msgs/include/px4_msgs/px4_msgs/msg/sensor_airflow.h\n'}
[2.530240] (px4_msgs) StdoutLine: {'line': b'-- Up-to-date: /home/px4/ros2/ws/install/px4_msgs/include/px4_msgs/px4_msgs/msg/actuator_outputs.h\n'}
[2.530631] (px4_msgs) StdoutLine: {'line': b'-- Up-to-date: /home/px4/ros2/ws/install/px4_msgs/include/px4_msgs/px4_msgs/msg/telemetry_status.h\n'}
[2.530763] (px4_msgs) StdoutLine: {'line': b'-- Up-to-date: /home/px4/ros2/ws/install/px4_msgs/include/px4_msgs/px4_msgs/msg/neural_control.h\n'}
[2.530885] (px4_msgs) StdoutLine: {'line': b'-- Up-to-date: /home/px4/ros2/ws/install/px4_msgs/include/px4_msgs/px4_msgs/msg/arming_check_request.h\n'}
[2.530999] (px4_msgs) StdoutLine: {'line': b'-- Up-to-date: /home/px4/ros2/ws/install/px4_msgs/include/px4_msgs/px4_msgs/msg/system_power.h\n'}
[2.531113] (px4_msgs) StdoutLine: {'line': b'-- Up-to-date: /home/px4/ros2/ws/install/px4_msgs/include/px4_msgs/px4_msgs/msg/sensors_status_imu.h\n'}
[2.531252] (px4_msgs) StdoutLine: {'line': b'-- Up-to-date: /home/px4/ros2/ws/install/px4_msgs/include/px4_msgs/px4_msgs/msg/estimator_bias3d.h\n'}
[2.531370] (px4_msgs) StdoutLine: {'line': b'-- Up-to-date: /home/px4/ros2/ws/install/px4_msgs/include/px4_msgs/px4_msgs/msg/lateral_control_configuration.h\n'}
[2.531466] (px4_msgs) StdoutLine: {'line': b'-- Up-to-date: /home/px4/ros2/ws/install/px4_msgs/include/px4_msgs/px4_msgs/msg/autotune_attitude_control_status.h\n'}
[2.531551] (px4_msgs) StdoutLine: {'line': b'-- Up-to-date: /home/px4/ros2/ws/install/px4_msgs/include/px4_msgs/px4_msgs/msg/qshell_req.h\n'}
[2.531638] (px4_msgs) StdoutLine: {'line': b'-- Up-to-date: /home/px4/ros2/ws/install/px4_msgs/include/px4_msgs/px4_msgs/msg/sensor_uwb.h\n'}
[2.531761] (px4_msgs) StdoutLine: {'line': b'-- Up-to-date: /home/px4/ros2/ws/install/px4_msgs/include/px4_msgs/px4_msgs/msg/rc_channels.h\n'}
[2.531924] (px4_msgs) StdoutLine: {'line': b'-- Up-to-date: /home/px4/ros2/ws/install/px4_msgs/include/px4_msgs/px4_msgs/msg/vehicle_imu.h\n'}
[2.532071] (px4_msgs) StdoutLine: {'line': b'-- Up-to-date: /home/px4/ros2/ws/install/px4_msgs/include/px4_msgs/px4_msgs/msg/distance_sensor_mode_change_request.h\n'}
[2.532418] (px4_msgs) StdoutLine: {'line': b'-- Up-to-date: /home/px4/ros2/ws/install/px4_msgs/include/px4_msgs/px4_msgs/msg/gimbal_device_attitude_status.h\n'}
[2.532545] (px4_msgs) StdoutLine: {'line': b'-- Up-to-date: /home/px4/ros2/ws/install/px4_msgs/include/px4_msgs/px4_msgs/msg/pps_capture.h\n'}
[2.532655] (px4_msgs) StdoutLine: {'line': b'-- Up-to-date: /home/px4/ros2/ws/install/px4_msgs/include/px4_msgs/px4_msgs/msg/message_format_request.h\n'}
[2.532801] (px4_msgs) StdoutLine: {'line': b'-- Up-to-date: /home/px4/ros2/ws/install/px4_msgs/include/px4_msgs/px4_msgs/msg/unregister_ext_component.h\n'}
[2.533070] (px4_msgs) StdoutLine: {'line': b'-- Up-to-date: /home/px4/ros2/ws/install/px4_msgs/include/px4_msgs/px4_msgs/msg/magnetometer_bias_estimate.h\n'}
[2.533332] (px4_msgs) StdoutLine: {'line': b'-- Up-to-date: /home/px4/ros2/ws/install/px4_msgs/include/px4_msgs/px4_msgs/msg/rtl_time_estimate.h\n'}
[2.533447] (px4_msgs) StdoutLine: {'line': b'-- Up-to-date: /home/px4/ros2/ws/install/px4_msgs/include/px4_msgs/px4_msgs/msg/gpio_config.h\n'}
[2.533554] (px4_msgs) StdoutLine: {'line': b'-- Up-to-date: /home/px4/ros2/ws/install/px4_msgs/include/px4_msgs/px4_msgs/msg/estimator_innovations.h\n'}
[2.533673] (px4_msgs) StdoutLine: {'line': b'-- Up-to-date: /home/px4/ros2/ws/install/px4_msgs/include/px4_msgs/px4_msgs/msg/wheel_encoders.h\n'}
[2.533788] (px4_msgs) StdoutLine: {'line': b'-- Up-to-date: /home/px4/ros2/ws/install/px4_msgs/include/px4_msgs/px4_msgs/msg/obstacle_distance.h\n'}
[2.533887] (px4_msgs) StdoutLine: {'line': b'-- Up-to-date: /home/px4/ros2/ws/install/px4_msgs/include/px4_msgs/px4_msgs/msg/gps_dump.h\n'}
[2.534074] (px4_msgs) StdoutLine: {'line': b'-- Up-to-date: /home/px4/ros2/ws/install/px4_msgs/include/px4_msgs/px4_msgs/msg/rpm.h\n'}
[2.534202] (px4_msgs) StdoutLine: {'line': b'-- Up-to-date: /home/px4/ros2/ws/install/px4_msgs/include/px4_msgs/px4_msgs/msg/rosidl_generator_c__visibility_control.h\n'}
[2.534312] (px4_msgs) StdoutLine: {'line': b'-- Up-to-date: /home/px4/ros2/ws/install/px4_msgs/include/px4_msgs/px4_msgs/msg/uavcan_parameter_request.h\n'}
[2.534488] (px4_msgs) StdoutLine: {'line': b'-- Up-to-date: /home/px4/ros2/ws/install/px4_msgs/include/px4_msgs/px4_msgs/msg/sensor_selection.h\n'}
[2.534725] (px4_msgs) StdoutLine: {'line': b'-- Up-to-date: /home/px4/ros2/ws/install/px4_msgs/include/px4_msgs/px4_msgs/msg/internal_combustion_engine_control.h\n'}
[2.534827] (px4_msgs) StdoutLine: {'line': b'-- Up-to-date: /home/px4/ros2/ws/install/px4_msgs/include/px4_msgs/px4_msgs/msg/mode_completed.h\n'}
[2.534938] (px4_msgs) StdoutLine: {'line': b'-- Up-to-date: /home/px4/ros2/ws/install/px4_msgs/include/px4_msgs/px4_msgs/msg/actuator_test.h\n'}
[2.535036] (px4_msgs) StdoutLine: {'line': b'-- Up-to-date: /home/px4/ros2/ws/install/px4_msgs/include/px4_msgs/px4_msgs/msg/sensor_gnss_relative.h\n'}
[2.535131] (px4_msgs) StdoutLine: {'line': b'-- Up-to-date: /home/px4/ros2/ws/install/px4_msgs/include/px4_msgs/px4_msgs/msg/launch_detection_status.h\n'}
[2.535247] (px4_msgs) StdoutLine: {'line': b'-- Up-to-date: /home/px4/ros2/ws/install/px4_msgs/include/px4_msgs/px4_msgs/msg/estimator_aid_source3d.h\n'}
[2.535353] (px4_msgs) StdoutLine: {'line': b'-- Up-to-date: /home/px4/ros2/ws/install/px4_msgs/include/px4_msgs/px4_msgs/msg/manual_control_setpoint.h\n'}
[2.535449] (px4_msgs) StdoutLine: {'line': b'-- Up-to-date: /home/px4/ros2/ws/install/px4_msgs/include/px4_msgs/px4_msgs/msg/fixed_wing_lateral_setpoint.h\n'}
[2.535543] (px4_msgs) StdoutLine: {'line': b'-- Up-to-date: /home/px4/ros2/ws/install/px4_msgs/include/px4_msgs/px4_msgs/msg/follow_target.h\n'}
[2.535636] (px4_msgs) StdoutLine: {'line': b'-- Up-to-date: /home/px4/ros2/ws/install/px4_msgs/include/px4_msgs/px4_msgs/msg/vehicle_air_data.h\n'}
[2.535727] (px4_msgs) StdoutLine: {'line': b'-- Up-to-date: /home/px4/ros2/ws/install/px4_msgs/include/px4_msgs/px4_msgs/msg/message_format_response.h\n'}
[2.535819] (px4_msgs) StdoutLine: {'line': b'-- Up-to-date: /home/px4/ros2/ws/install/px4_msgs/include/px4_msgs/px4_msgs/msg/gimbal_manager_status.h\n'}
[2.536087] (px4_msgs) StdoutLine: {'line': b'-- Up-to-date: /home/px4/ros2/ws/install/px4_msgs/include/px4_msgs/px4_msgs/msg/hover_thrust_estimate.h\n'}
[2.536204] (px4_msgs) StdoutLine: {'line': b'-- Up-to-date: /home/px4/ros2/ws/install/px4_msgs/include/px4_msgs/px4_msgs/msg/open_drone_id_system.h\n'}
[2.536319] (px4_msgs) StdoutLine: {'line': b'-- Up-to-date: /home/px4/ros2/ws/install/px4_msgs/include/px4_msgs/px4_msgs/msg/esc_report.h\n'}
[2.536418] (px4_msgs) StdoutLine: {'line': b'-- Up-to-date: /home/px4/ros2/ws/install/px4_msgs/include/px4_msgs/px4_msgs/msg/fixed_wing_longitudinal_setpoint.h\n'}
[2.536516] (px4_msgs) StdoutLine: {'line': b'-- Up-to-date: /home/px4/ros2/ws/install/px4_msgs/include/px4_msgs/px4_msgs/msg/actuator_controls_status.h\n'}
[2.536643] (px4_msgs) StdoutLine: {'line': b'-- Up-to-date: /home/px4/ros2/ws/install/px4_msgs/include/px4_msgs/px4_msgs/msg/longitudinal_control_configuration.h\n'}
[2.536760] (px4_msgs) StdoutLine: {'line': b'-- Up-to-date: /home/px4/ros2/ws/install/px4_msgs/include/px4_msgs/px4_msgs/msg/orb_test_large.h\n'}
[2.536860] (px4_msgs) StdoutLine: {'line': b'-- Up-to-date: /home/px4/ros2/ws/install/px4_msgs/include/px4_msgs/px4_msgs/msg/landing_target_pose.h\n'}
[2.536956] (px4_msgs) StdoutLine: {'line': b'-- Up-to-date: /home/px4/ros2/ws/install/px4_msgs/include/px4_msgs/px4_msgs/msg/sensor_hygrometer.h\n'}
[2.537056] (px4_msgs) StdoutLine: {'line': b'-- Up-to-date: /home/px4/ros2/ws/install/px4_msgs/include/px4_msgs/px4_msgs/msg/estimator_states.h\n'}
[2.537150] (px4_msgs) StdoutLine: {'line': b'-- Up-to-date: /home/px4/ros2/ws/install/px4_msgs/include/px4_msgs/px4_msgs/msg/estimator_gps_status.h\n'}
[2.537278] (px4_msgs) StdoutLine: {'line': b'-- Up-to-date: /home/px4/ros2/ws/install/px4_msgs/include/px4_msgs/px4_msgs/msg/dronecan_node_status.h\n'}
[2.537383] (px4_msgs) StdoutLine: {'line': b'-- Up-to-date: /home/px4/ros2/ws/install/px4_msgs/include/px4_msgs/px4_msgs/msg/iridiumsbd_status.h\n'}
[2.537469] (px4_msgs) StdoutLine: {'line': b'-- Up-to-date: /home/px4/ros2/ws/install/px4_msgs/include/px4_msgs/px4_msgs/msg/cpuload.h\n'}
[2.537659] (px4_msgs) StdoutLine: {'line': b'-- Up-to-date: /home/px4/ros2/ws/install/px4_msgs/include/px4_msgs/px4_msgs/msg/tiltrotor_extra_controls.h\n'}
[2.537755] (px4_msgs) StdoutLine: {'line': b'-- Up-to-date: /home/px4/ros2/ws/install/px4_msgs/include/px4_msgs/px4_msgs/msg/fixed_wing_lateral_status.h\n'}
[2.537824] (px4_msgs) StdoutLine: {'line': b'-- Up-to-date: /home/px4/ros2/ws/install/px4_msgs/include/px4_msgs/px4_msgs/msg/trajectory_setpoint6dof.h\n'}
[2.537890] (px4_msgs) StdoutLine: {'line': b'-- Up-to-date: /home/px4/ros2/ws/install/px4_msgs/include/px4_msgs/px4_msgs/msg/normalized_unsigned_setpoint.h\n'}
[2.537954] (px4_msgs) StdoutLine: {'line': b'-- Up-to-date: /home/px4/ros2/ws/install/px4_msgs/include/px4_msgs/px4_msgs/msg/estimator_status_flags.h\n'}
[2.538017] (px4_msgs) StdoutLine: {'line': b'-- Up-to-date: /home/px4/ros2/ws/install/px4_msgs/include/px4_msgs/px4_msgs/msg/sensor_optical_flow.h\n'}
[2.538113] (px4_msgs) StdoutLine: {'line': b'-- Up-to-date: /home/px4/ros2/ws/install/px4_msgs/include/px4_msgs/px4_msgs/msg/yaw_estimator_status.h\n'}
[2.538200] (px4_msgs) StdoutLine: {'line': b'-- Up-to-date: /home/px4/ros2/ws/install/px4_msgs/include/px4_msgs/px4_msgs/msg/home_position.h\n'}
[2.538339] (px4_msgs) StdoutLine: {'line': b'-- Up-to-date: /home/px4/ros2/ws/install/px4_msgs/include/px4_msgs/px4_msgs/msg/rover_throttle_setpoint.h\n'}
[2.538409] (px4_msgs) StdoutLine: {'line': b'-- Up-to-date: /home/px4/ros2/ws/install/px4_msgs/include/px4_msgs/px4_msgs/msg/fixed_wing_runway_control.h\n'}
[2.538473] (px4_msgs) StdoutLine: {'line': b'-- Up-to-date: /home/px4/ros2/ws/install/px4_msgs/include/px4_msgs/px4_msgs/msg/vehicle_odometry.h\n'}
[2.538537] (px4_msgs) StdoutLine: {'line': b'-- Up-to-date: /home/px4/ros2/ws/install/px4_msgs/include/px4_msgs/px4_msgs/msg/sensor_gyro_fft.h\n'}
[2.538600] (px4_msgs) StdoutLine: {'line': b'-- Up-to-date: /home/px4/ros2/ws/install/px4_msgs/include/px4_msgs/px4_msgs/msg/parameter_reset_request.h\n'}
[2.538682] (px4_msgs) StdoutLine: {'line': b'-- Up-to-date: /home/px4/ros2/ws/install/px4_msgs/include/px4_msgs/px4_msgs/msg/rover_position_setpoint.h\n'}
[2.538782] (px4_msgs) StdoutLine: {'line': b'-- Up-to-date: /home/px4/ros2/ws/install/px4_msgs/include/px4_msgs/px4_msgs/msg/geofence_result.h\n'}
[2.538849] (px4_msgs) StdoutLine: {'line': b'-- Up-to-date: /home/px4/ros2/ws/install/px4_msgs/include/px4_msgs/px4_msgs/msg/airspeed_validated.h\n'}
[2.538913] (px4_msgs) StdoutLine: {'line': b'-- Up-to-date: /home/px4/ros2/ws/install/px4_msgs/include/px4_msgs/px4_msgs/msg/vehicle_control_mode.h\n'}
[2.538977] (px4_msgs) StdoutLine: {'line': b'-- Up-to-date: /home/px4/ros2/ws/install/px4_msgs/include/px4_msgs/px4_msgs/msg/position_setpoint.h\n'}
[2.539063] (px4_msgs) StdoutLine: {'line': b'-- Up-to-date: /home/px4/ros2/ws/install/px4_msgs/include/px4_msgs/px4_msgs/msg/arming_check_reply.h\n'}
[2.539151] (px4_msgs) StdoutLine: {'line': b'-- Up-to-date: /home/px4/ros2/ws/install/px4_msgs/include/px4_msgs/px4_msgs/msg/esc_status.h\n'}
[2.539266] (px4_msgs) StdoutLine: {'line': b'-- Up-to-date: /home/px4/ros2/ws/install/px4_msgs/include/px4_msgs/px4_msgs/msg/rtl_status.h\n'}
[2.539387] (px4_msgs) StdoutLine: {'line': b'-- Up-to-date: /home/px4/ros2/ws/install/px4_msgs/include/px4_msgs/px4_msgs/msg/vehicle_global_position.h\n'}
[2.539476] (px4_msgs) StdoutLine: {'line': b'-- Up-to-date: /home/px4/ros2/ws/install/px4_msgs/include/px4_msgs/px4_msgs/msg/dataman_response.h\n'}
[2.539562] (px4_msgs) StdoutLine: {'line': b'-- Up-to-date: /home/px4/ros2/ws/install/px4_msgs/include/px4_msgs/px4_msgs/msg/rover_velocity_status.h\n'}
[2.539703] (px4_msgs) StdoutLine: {'line': b'-- Up-to-date: /home/px4/ros2/ws/install/px4_msgs/include/px4_msgs/px4_msgs/msg/failure_detector_status.h\n'}
[2.539808] (px4_msgs) StdoutLine: {'line': b'-- Up-to-date: /home/px4/ros2/ws/install/px4_msgs/include/px4_msgs/px4_msgs/msg/fixed_wing_lateral_guidance_status.h\n'}
[2.540002] (px4_msgs) StdoutLine: {'line': b'-- Up-to-date: /home/px4/ros2/ws/install/px4_msgs/include/px4_msgs/px4_msgs/msg/mission_result.h\n'}
[2.540106] (px4_msgs) StdoutLine: {'line': b'-- Up-to-date: /home/px4/ros2/ws/install/px4_msgs/include/px4_msgs/px4_msgs/msg/orbit_status.h\n'}
[2.540215] (px4_msgs) StdoutLine: {'line': b'-- Up-to-date: /home/px4/ros2/ws/install/px4_msgs/include/px4_msgs/px4_msgs/msg/mission.h\n'}
[2.540326] (px4_msgs) StdoutLine: {'line': b'-- Up-to-date: /home/px4/ros2/ws/install/px4_msgs/include/px4_msgs/px4_msgs/msg/control_allocator_status.h\n'}
[2.540421] (px4_msgs) StdoutLine: {'line': b'-- Up-to-date: /home/px4/ros2/ws/install/px4_msgs/include/px4_msgs/px4_msgs/msg/velocity_limits.h\n'}
[2.540515] (px4_msgs) StdoutLine: {'line': b'-- Up-to-date: /home/px4/ros2/ws/install/px4_msgs/include/px4_msgs/px4_msgs/msg/register_ext_component_reply.h\n'}
[2.540630] (px4_msgs) StdoutLine: {'line': b'-- Up-to-date: /home/px4/ros2/ws/install/px4_msgs/include/px4_msgs/px4_msgs/msg/vehicle_local_position_setpoint.h\n'}
[2.540731] (px4_msgs) StdoutLine: {'line': b'-- Up-to-date: /home/px4/ros2/ws/install/px4_msgs/include/px4_msgs/px4_msgs/msg/rover_rate_status.h\n'}
[2.540902] (px4_msgs) StdoutLine: {'line': b'-- Up-to-date: /home/px4/ros2/ws/install/px4_msgs/include/px4_msgs/px4_msgs/msg/rover_steering_setpoint.h\n'}
[2.541019] (px4_msgs) StdoutLine: {'line': b'-- Up-to-date: /home/px4/ros2/ws/install/px4_msgs/include/px4_msgs/px4_msgs/msg/vehicle_torque_setpoint.h\n'}
[2.541355] (px4_msgs) StdoutLine: {'line': b'-- Up-to-date: /home/px4/ros2/ws/install/px4_msgs/include/px4_msgs/px4_msgs/msg/navigator_mission_item.h\n'}
[2.541483] (px4_msgs) StdoutLine: {'line': b'-- Up-to-date: /home/px4/ros2/ws/install/px4_msgs/include/px4_msgs/px4_msgs/msg/sensor_gyro.h\n'}
[2.541595] (px4_msgs) StdoutLine: {'line': b'-- Up-to-date: /home/px4/ros2/ws/install/px4_msgs/include/px4_msgs/px4_msgs/msg/differential_pressure.h\n'}
[2.541700] (px4_msgs) StdoutLine: {'line': b'-- Up-to-date: /home/px4/ros2/ws/install/px4_msgs/include/px4_msgs/px4_msgs/msg/flight_phase_estimation.h\n'}
[2.541805] (px4_msgs) StdoutLine: {'line': b'-- Up-to-date: /home/px4/ros2/ws/install/px4_msgs/include/px4_msgs/px4_msgs/msg/sensor_accel.h\n'}
[2.541891] (px4_msgs) StdoutLine: {'line': b'-- Up-to-date: /home/px4/ros2/ws/install/px4_msgs/include/px4_msgs/px4_msgs/msg/heater_status.h\n'}
[2.541976] (px4_msgs) StdoutLine: {'line': b'-- Up-to-date: /home/px4/ros2/ws/install/px4_msgs/include/px4_msgs/px4_msgs/msg/vtol_vehicle_status.h\n'}
[2.542061] (px4_msgs) StdoutLine: {'line': b'-- Up-to-date: /home/px4/ros2/ws/install/px4_msgs/include/px4_msgs/px4_msgs/msg/open_drone_id_self_id.h\n'}
[2.542149] (px4_msgs) StdoutLine: {'line': b'-- Up-to-date: /home/px4/ros2/ws/install/px4_msgs/include/px4_msgs/px4_msgs/msg/gpio_out.h\n'}
[2.542308] (px4_msgs) StdoutLine: {'line': b'-- Up-to-date: /home/px4/ros2/ws/install/px4_msgs/include/px4_msgs/px4_msgs/msg/logger_status.h\n'}
[2.542411] (px4_msgs) StdoutLine: {'line': b'-- Up-to-date: /home/px4/ros2/ws/install/px4_msgs/include/px4_msgs/px4_msgs/msg/vehicle_angular_velocity.h\n'}
[2.542522] (px4_msgs) StdoutLine: {'line': b'-- Up-to-date: /home/px4/ros2/ws/install/px4_msgs/include/px4_msgs/px4_msgs/msg/gimbal_device_information.h\n'}
[2.542619] (px4_msgs) StdoutLine: {'line': b'-- Up-to-date: /home/px4/ros2/ws/install/px4_msgs/include/px4_msgs/px4_msgs/msg/vehicle_local_position.h\n'}
[2.542713] (px4_msgs) StdoutLine: {'line': b'-- Up-to-date: /home/px4/ros2/ws/install/px4_msgs/include/px4_msgs/px4_msgs/msg/action_request.h\n'}
[2.542809] (px4_msgs) StdoutLine: {'line': b'-- Up-to-date: /home/px4/ros2/ws/install/px4_msgs/include/px4_msgs/px4_msgs/msg/takeoff_status.h\n'}
[2.543001] (px4_msgs) StdoutLine: {'line': b'-- Up-to-date: /home/px4/ros2/ws/install/px4_msgs/include/px4_msgs/px4_msgs/srv\n'}
[2.543115] (px4_msgs) StdoutLine: {'line': b'-- Up-to-date: /home/px4/ros2/ws/install/px4_msgs/include/px4_msgs/px4_msgs/srv/detail\n'}
[2.543221] (px4_msgs) StdoutLine: {'line': b'-- Up-to-date: /home/px4/ros2/ws/install/px4_msgs/include/px4_msgs/px4_msgs/srv/detail/vehicle_command__struct.h\n'}
[2.543530] (px4_msgs) StdoutLine: {'line': b'-- Up-to-date: /home/px4/ros2/ws/install/px4_msgs/include/px4_msgs/px4_msgs/srv/detail/vehicle_command__type_support.h\n'}
[2.543696] (px4_msgs) StdoutLine: {'line': b'-- Up-to-date: /home/px4/ros2/ws/install/px4_msgs/include/px4_msgs/px4_msgs/srv/detail/vehicle_command__functions.c\n'}
[2.543837] (px4_msgs) StdoutLine: {'line': b'-- Up-to-date: /home/px4/ros2/ws/install/px4_msgs/include/px4_msgs/px4_msgs/srv/detail/vehicle_command__functions.h\n'}
[2.543971] (px4_msgs) StdoutLine: {'line': b'-- Up-to-date: /home/px4/ros2/ws/install/px4_msgs/include/px4_msgs/px4_msgs/srv/vehicle_command.h\n'}
[2.544100] (px4_msgs) StdoutLine: {'line': b'-- Up-to-date: /home/px4/ros2/ws/install/px4_msgs/share/px4_msgs/environment/library_path.sh\n'}
[2.544221] (px4_msgs) StdoutLine: {'line': b'-- Up-to-date: /home/px4/ros2/ws/install/px4_msgs/share/px4_msgs/environment/library_path.dsv\n'}
[2.544344] (px4_msgs) StdoutLine: {'line': b'-- Up-to-date: /home/px4/ros2/ws/install/px4_msgs/lib/libpx4_msgs__rosidl_generator_c.so\n'}
[2.544442] (px4_msgs) StdoutLine: {'line': b'-- Up-to-date: /home/px4/ros2/ws/install/px4_msgs/include/px4_msgs/px4_msgs\n'}
[2.544544] (px4_msgs) StdoutLine: {'line': b'-- Up-to-date: /home/px4/ros2/ws/install/px4_msgs/include/px4_msgs/px4_msgs/msg\n'}
[2.544648] (px4_msgs) StdoutLine: {'line': b'-- Up-to-date: /home/px4/ros2/ws/install/px4_msgs/include/px4_msgs/px4_msgs/msg/detail\n'}
[2.544790] (px4_msgs) StdoutLine: {'line': b'-- Up-to-date: /home/px4/ros2/ws/install/px4_msgs/include/px4_msgs/px4_msgs/msg/detail/vehicle_magnetometer__rosidl_typesupport_fastrtps_c.h\n'}
[2.544911] (px4_msgs) StdoutLine: {'line': b'-- Up-to-date: /home/px4/ros2/ws/install/px4_msgs/include/px4_msgs/px4_msgs/msg/detail/vehicle_torque_setpoint__rosidl_typesupport_fastrtps_c.h\n'}
[2.545137] (px4_msgs) StdoutLine: {'line': b'-- Up-to-date: /home/px4/ros2/ws/install/px4_msgs/include/px4_msgs/px4_msgs/msg/detail/landing_gear_wheel__rosidl_typesupport_fastrtps_c.h\n'}
[2.545274] (px4_msgs) StdoutLine: {'line': b'-- Up-to-date: /home/px4/ros2/ws/install/px4_msgs/include/px4_msgs/px4_msgs/msg/detail/vehicle_acceleration__rosidl_typesupport_fastrtps_c.h\n'}
[2.545389] (px4_msgs) StdoutLine: {'line': b'-- Up-to-date: /home/px4/ros2/ws/install/px4_msgs/include/px4_msgs/px4_msgs/msg/detail/vehicle_attitude_setpoint__rosidl_typesupport_fastrtps_c.h\n'}
[2.545506] (px4_msgs) StdoutLine: {'line': b'-- Up-to-date: /home/px4/ros2/ws/install/px4_msgs/include/px4_msgs/px4_msgs/msg/detail/arming_check_request__rosidl_typesupport_fastrtps_c.h\n'}
[2.545671] (px4_msgs) StdoutLine: {'line': b'-- Up-to-date: /home/px4/ros2/ws/install/px4_msgs/include/px4_msgs/px4_msgs/msg/detail/mode_completed__rosidl_typesupport_fastrtps_c.h\n'}
[2.545849] (px4_msgs) StdoutLine: {'line': b'-- Up-to-date: /home/px4/ros2/ws/install/px4_msgs/include/px4_msgs/px4_msgs/msg/detail/pure_pursuit_status__rosidl_typesupport_fastrtps_c.h\n'}
[2.545974] (px4_msgs) StdoutLine: {'line': b'-- Up-to-date: /home/px4/ros2/ws/install/px4_msgs/include/px4_msgs/px4_msgs/msg/detail/led_control__rosidl_typesupport_fastrtps_c.h\n'}
[2.546055] (px4_msgs) StdoutLine: {'line': b'-- Up-to-date: /home/px4/ros2/ws/install/px4_msgs/include/px4_msgs/px4_msgs/msg/detail/sensor_gyro_fft__rosidl_typesupport_fastrtps_c.h\n'}
[2.546154] (px4_msgs) StdoutLine: {'line': b'-- Up-to-date: /home/px4/ros2/ws/install/px4_msgs/include/px4_msgs/px4_msgs/msg/detail/ulog_stream__rosidl_typesupport_fastrtps_c.h\n'}
[2.546276] (px4_msgs) StdoutLine: {'line': b'-- Up-to-date: /home/px4/ros2/ws/install/px4_msgs/include/px4_msgs/px4_msgs/msg/detail/camera_trigger__rosidl_typesupport_fastrtps_c.h\n'}
[2.546356] (px4_msgs) StdoutLine: {'line': b'-- Up-to-date: /home/px4/ros2/ws/install/px4_msgs/include/px4_msgs/px4_msgs/msg/detail/unregister_ext_component__rosidl_typesupport_fastrtps_c.h\n'}
[2.546455] (px4_msgs) StdoutLine: {'line': b'-- Up-to-date: /home/px4/ros2/ws/install/px4_msgs/include/px4_msgs/px4_msgs/msg/detail/mount_orientation__rosidl_typesupport_fastrtps_c.h\n'}
[2.546543] (px4_msgs) StdoutLine: {'line': b'-- Up-to-date: /home/px4/ros2/ws/install/px4_msgs/include/px4_msgs/px4_msgs/msg/detail/wheel_encoders__rosidl_typesupport_fastrtps_c.h\n'}
[2.546617] (px4_msgs) StdoutLine: {'line': b'-- Up-to-date: /home/px4/ros2/ws/install/px4_msgs/include/px4_msgs/px4_msgs/msg/detail/action_request__rosidl_typesupport_fastrtps_c.h\n'}
[2.546688] (px4_msgs) StdoutLine: {'line': b'-- Up-to-date: /home/px4/ros2/ws/install/px4_msgs/include/px4_msgs/px4_msgs/msg/detail/failsafe_flags__rosidl_typesupport_fastrtps_c.h\n'}
[2.546759] (px4_msgs) StdoutLine: {'line': b'-- Up-to-date: /home/px4/ros2/ws/install/px4_msgs/include/px4_msgs/px4_msgs/msg/detail/gimbal_manager_set_manual_control__rosidl_typesupport_fastrtps_c.h\n'}
[2.546831] (px4_msgs) StdoutLine: {'line': b'-- Up-to-date: /home/px4/ros2/ws/install/px4_msgs/include/px4_msgs/px4_msgs/msg/detail/camera_capture__rosidl_typesupport_fastrtps_c.h\n'}
[2.546904] (px4_msgs) StdoutLine: {'line': b'-- Up-to-date: /home/px4/ros2/ws/install/px4_msgs/include/px4_msgs/px4_msgs/msg/detail/airspeed_wind__rosidl_typesupport_fastrtps_c.h\n'}
[2.547022] (px4_msgs) StdoutLine: {'line': b'-- Up-to-date: /home/px4/ros2/ws/install/px4_msgs/include/px4_msgs/px4_msgs/msg/detail/vehicle_thrust_setpoint__rosidl_typesupport_fastrtps_c.h\n'}
[2.547123] (px4_msgs) StdoutLine: {'line': b'-- Up-to-date: /home/px4/ros2/ws/install/px4_msgs/include/px4_msgs/px4_msgs/msg/detail/sensor_gyro__rosidl_typesupport_fastrtps_c.h\n'}
[2.547208] (px4_msgs) StdoutLine: {'line': b'-- Up-to-date: /home/px4/ros2/ws/install/px4_msgs/include/px4_msgs/px4_msgs/msg/detail/velocity_limits__rosidl_typesupport_fastrtps_c.h\n'}
[2.547309] (px4_msgs) StdoutLine: {'line': b'-- Up-to-date: /home/px4/ros2/ws/install/px4_msgs/include/px4_msgs/px4_msgs/msg/detail/gimbal_controls__rosidl_typesupport_fastrtps_c.h\n'}
[2.547393] (px4_msgs) StdoutLine: {'line': b'-- Up-to-date: /home/px4/ros2/ws/install/px4_msgs/include/px4_msgs/px4_msgs/msg/detail/open_drone_id_system__rosidl_typesupport_fastrtps_c.h\n'}
[2.547484] (px4_msgs) StdoutLine: {'line': b'-- Up-to-date: /home/px4/ros2/ws/install/px4_msgs/include/px4_msgs/px4_msgs/msg/detail/power_button_state__rosidl_typesupport_fastrtps_c.h\n'}
[2.547606] (px4_msgs) StdoutLine: {'line': b'-- Up-to-date: /home/px4/ros2/ws/install/px4_msgs/include/px4_msgs/px4_msgs/msg/detail/actuator_test__rosidl_typesupport_fastrtps_c.h\n'}
[2.547681] (px4_msgs) StdoutLine: {'line': b'-- Up-to-date: /home/px4/ros2/ws/install/px4_msgs/include/px4_msgs/px4_msgs/msg/detail/message_format_response__rosidl_typesupport_fastrtps_c.h\n'}
[2.547755] (px4_msgs) StdoutLine: {'line': b'-- Up-to-date: /home/px4/ros2/ws/install/px4_msgs/include/px4_msgs/px4_msgs/msg/detail/vehicle_status__rosidl_typesupport_fastrtps_c.h\n'}
[2.547884] (px4_msgs) StdoutLine: {'line': b'-- Up-to-date: /home/px4/ros2/ws/install/px4_msgs/include/px4_msgs/px4_msgs/msg/detail/vehicle_odometry__rosidl_typesupport_fastrtps_c.h\n'}
[2.547973] (px4_msgs) StdoutLine: {'line': b'-- Up-to-date: /home/px4/ros2/ws/install/px4_msgs/include/px4_msgs/px4_msgs/msg/detail/sensor_gyro_fifo__rosidl_typesupport_fastrtps_c.h\n'}
[2.548077] (px4_msgs) StdoutLine: {'line': b'-- Up-to-date: /home/px4/ros2/ws/install/px4_msgs/include/px4_msgs/px4_msgs/msg/detail/actuator_servos__rosidl_typesupport_fastrtps_c.h\n'}
[2.548227] (px4_msgs) StdoutLine: {'line': b'-- Up-to-date: /home/px4/ros2/ws/install/px4_msgs/include/px4_msgs/px4_msgs/msg/detail/onboard_computer_status__rosidl_typesupport_fastrtps_c.h\n'}
[2.548334] (px4_msgs) StdoutLine: {'line': b'-- Up-to-date: /home/px4/ros2/ws/install/px4_msgs/include/px4_msgs/px4_msgs/msg/detail/vehicle_constraints__rosidl_typesupport_fastrtps_c.h\n'}
[2.548411] (px4_msgs) StdoutLine: {'line': b'-- Up-to-date: /home/px4/ros2/ws/install/px4_msgs/include/px4_msgs/px4_msgs/msg/detail/distance_sensor__rosidl_typesupport_fastrtps_c.h\n'}
[2.548524] (px4_msgs) StdoutLine: {'line': b'-- Up-to-date: /home/px4/ros2/ws/install/px4_msgs/include/px4_msgs/px4_msgs/msg/detail/gimbal_manager_status__rosidl_typesupport_fastrtps_c.h\n'}
[2.548633] (px4_msgs) StdoutLine: {'line': b'-- Up-to-date: /home/px4/ros2/ws/install/px4_msgs/include/px4_msgs/px4_msgs/msg/detail/debug_array__rosidl_typesupport_fastrtps_c.h\n'}
[2.548737] (px4_msgs) StdoutLine: {'line': b'-- Up-to-date: /home/px4/ros2/ws/install/px4_msgs/include/px4_msgs/px4_msgs/msg/detail/tecs_status__rosidl_typesupport_fastrtps_c.h\n'}
[2.548864] (px4_msgs) StdoutLine: {'line': b'-- Up-to-date: /home/px4/ros2/ws/install/px4_msgs/include/px4_msgs/px4_msgs/msg/detail/estimator_aid_source2d__rosidl_typesupport_fastrtps_c.h\n'}
[2.549008] (px4_msgs) StdoutLine: {'line': b'-- Up-to-date: /home/px4/ros2/ws/install/px4_msgs/include/px4_msgs/px4_msgs/msg/detail/launch_detection_status__rosidl_typesupport_fastrtps_c.h\n'}
[2.549112] (px4_msgs) StdoutLine: {'line': b'-- Up-to-date: /home/px4/ros2/ws/install/px4_msgs/include/px4_msgs/px4_msgs/msg/detail/open_drone_id_operator_id__rosidl_typesupport_fastrtps_c.h\n'}
[2.549212] (px4_msgs) StdoutLine: {'line': b'-- Up-to-date: /home/px4/ros2/ws/install/px4_msgs/include/px4_msgs/px4_msgs/msg/detail/event__rosidl_typesupport_fastrtps_c.h\n'}
[2.549449] (px4_msgs) StdoutLine: {'line': b'-- Up-to-date: /home/px4/ros2/ws/install/px4_msgs/include/px4_msgs/px4_msgs/msg/detail/battery_info__rosidl_typesupport_fastrtps_c.h\n'}
[2.549551] (px4_msgs) StdoutLine: {'line': b'-- Up-to-date: /home/px4/ros2/ws/install/px4_msgs/include/px4_msgs/px4_msgs/msg/detail/normalized_unsigned_setpoint__rosidl_typesupport_fastrtps_c.h\n'}
[2.549626] (px4_msgs) StdoutLine: {'line': b'-- Up-to-date: /home/px4/ros2/ws/install/px4_msgs/include/px4_msgs/px4_msgs/msg/detail/qshell_req__rosidl_typesupport_fastrtps_c.h\n'}
[2.549729] (px4_msgs) StdoutLine: {'line': b'-- Up-to-date: /home/px4/ros2/ws/install/px4_msgs/include/px4_msgs/px4_msgs/msg/detail/position_controller_landing_status__rosidl_typesupport_fastrtps_c.h\n'}
[2.549854] (px4_msgs) StdoutLine: {'line': b'-- Up-to-date: /home/px4/ros2/ws/install/px4_msgs/include/px4_msgs/px4_msgs/msg/detail/internal_combustion_engine_control__rosidl_typesupport_fastrtps_c.h\n'}
[2.549977] (px4_msgs) StdoutLine: {'line': b'-- Up-to-date: /home/px4/ros2/ws/install/px4_msgs/include/px4_msgs/px4_msgs/msg/detail/iridiumsbd_status__rosidl_typesupport_fastrtps_c.h\n'}
[2.550078] (px4_msgs) StdoutLine: {'line': b'-- Up-to-date: /home/px4/ros2/ws/install/px4_msgs/include/px4_msgs/px4_msgs/msg/detail/rover_steering_setpoint__rosidl_typesupport_fastrtps_c.h\n'}
[2.550162] (px4_msgs) StdoutLine: {'line': b'-- Up-to-date: /home/px4/ros2/ws/install/px4_msgs/include/px4_msgs/px4_msgs/msg/detail/actuator_servos_trim__rosidl_typesupport_fastrtps_c.h\n'}
[2.550265] (px4_msgs) StdoutLine: {'line': b'-- Up-to-date: /home/px4/ros2/ws/install/px4_msgs/include/px4_msgs/px4_msgs/msg/detail/uavcan_parameter_request__rosidl_typesupport_fastrtps_c.h\n'}
[2.550497] (px4_msgs) StdoutLine: {'line': b'-- Up-to-date: /home/px4/ros2/ws/install/px4_msgs/include/px4_msgs/px4_msgs/msg/detail/sensor_accel__rosidl_typesupport_fastrtps_c.h\n'}
[2.550607] (px4_msgs) StdoutLine: {'line': b'-- Up-to-date: /home/px4/ros2/ws/install/px4_msgs/include/px4_msgs/px4_msgs/msg/detail/parameter_set_value_response__rosidl_typesupport_fastrtps_c.h\n'}
[2.550692] (px4_msgs) StdoutLine: {'line': b'-- Up-to-date: /home/px4/ros2/ws/install/px4_msgs/include/px4_msgs/px4_msgs/msg/detail/gimbal_device_attitude_status__rosidl_typesupport_fastrtps_c.h\n'}
[2.550772] (px4_msgs) StdoutLine: {'line': b'-- Up-to-date: /home/px4/ros2/ws/install/px4_msgs/include/px4_msgs/px4_msgs/msg/detail/config_overrides__rosidl_typesupport_fastrtps_c.h\n'}
[2.550900] (px4_msgs) StdoutLine: {'line': b'-- Up-to-date: /home/px4/ros2/ws/install/px4_msgs/include/px4_msgs/px4_msgs/msg/detail/sensor_selection__rosidl_typesupport_fastrtps_c.h\n'}
[2.550989] (px4_msgs) StdoutLine: {'line': b'-- Up-to-date: /home/px4/ros2/ws/install/px4_msgs/include/px4_msgs/px4_msgs/msg/detail/actuator_outputs__rosidl_typesupport_fastrtps_c.h\n'}
[2.551086] (px4_msgs) StdoutLine: {'line': b'-- Up-to-date: /home/px4/ros2/ws/install/px4_msgs/include/px4_msgs/px4_msgs/msg/detail/gimbal_device_set_attitude__rosidl_typesupport_fastrtps_c.h\n'}
[2.551163] (px4_msgs) StdoutLine: {'line': b'-- Up-to-date: /home/px4/ros2/ws/install/px4_msgs/include/px4_msgs/px4_msgs/msg/detail/dronecan_node_status__rosidl_typesupport_fastrtps_c.h\n'}
[2.551285] (px4_msgs) StdoutLine: {'line': b'-- Up-to-date: /home/px4/ros2/ws/install/px4_msgs/include/px4_msgs/px4_msgs/msg/detail/transponder_report__rosidl_typesupport_fastrtps_c.h\n'}
[2.551397] (px4_msgs) StdoutLine: {'line': b'-- Up-to-date: /home/px4/ros2/ws/install/px4_msgs/include/px4_msgs/px4_msgs/msg/detail/vehicle_command__rosidl_typesupport_fastrtps_c.h\n'}
[2.551687] (px4_msgs) StdoutLine: {'line': b'-- Up-to-date: /home/px4/ros2/ws/install/px4_msgs/include/px4_msgs/px4_msgs/msg/detail/vehicle_air_data__rosidl_typesupport_fastrtps_c.h\n'}
[2.551868] (px4_msgs) StdoutLine: {'line': b'-- Up-to-date: /home/px4/ros2/ws/install/px4_msgs/include/px4_msgs/px4_msgs/msg/detail/follow_target_status__rosidl_typesupport_fastrtps_c.h\n'}
[2.551983] (px4_msgs) StdoutLine: {'line': b'-- Up-to-date: /home/px4/ros2/ws/install/px4_msgs/include/px4_msgs/px4_msgs/msg/detail/radio_status__rosidl_typesupport_fastrtps_c.h\n'}
[2.552088] (px4_msgs) StdoutLine: {'line': b'-- Up-to-date: /home/px4/ros2/ws/install/px4_msgs/include/px4_msgs/px4_msgs/msg/detail/gimbal_device_information__rosidl_typesupport_fastrtps_c.h\n'}
[2.552215] (px4_msgs) StdoutLine: {'line': b'-- Up-to-date: /home/px4/ros2/ws/install/px4_msgs/include/px4_msgs/px4_msgs/msg/detail/trajectory_setpoint__rosidl_typesupport_fastrtps_c.h\n'}
[2.552309] (px4_msgs) StdoutLine: {'line': b'-- Up-to-date: /home/px4/ros2/ws/install/px4_msgs/include/px4_msgs/px4_msgs/msg/detail/can_interface_status__rosidl_typesupport_fastrtps_c.h\n'}
[2.552404] (px4_msgs) StdoutLine: {'line': b'-- Up-to-date: /home/px4/ros2/ws/install/px4_msgs/include/px4_msgs/px4_msgs/msg/detail/px4io_status__rosidl_typesupport_fastrtps_c.h\n'}
[2.552612] (px4_msgs) StdoutLine: {'line': b'-- Up-to-date: /home/px4/ros2/ws/install/px4_msgs/include/px4_msgs/px4_msgs/msg/detail/rover_rate_status__rosidl_typesupport_fastrtps_c.h\n'}
[2.552731] (px4_msgs) StdoutLine: {'line': b'-- Up-to-date: /home/px4/ros2/ws/install/px4_msgs/include/px4_msgs/px4_msgs/msg/detail/navigator_mission_item__rosidl_typesupport_fastrtps_c.h\n'}
[2.552887] (px4_msgs) StdoutLine: {'line': b'-- Up-to-date: /home/px4/ros2/ws/install/px4_msgs/include/px4_msgs/px4_msgs/msg/detail/orbit_status__rosidl_typesupport_fastrtps_c.h\n'}
[2.553013] (px4_msgs) StdoutLine: {'line': b'-- Up-to-date: /home/px4/ros2/ws/install/px4_msgs/include/px4_msgs/px4_msgs/msg/detail/gripper__rosidl_typesupport_fastrtps_c.h\n'}
[2.553128] (px4_msgs) StdoutLine: {'line': b'-- Up-to-date: /home/px4/ros2/ws/install/px4_msgs/include/px4_msgs/px4_msgs/msg/detail/ping__rosidl_typesupport_fastrtps_c.h\n'}
[2.553408] (px4_msgs) StdoutLine: {'line': b'-- Up-to-date: /home/px4/ros2/ws/install/px4_msgs/include/px4_msgs/px4_msgs/msg/detail/rc_channels__rosidl_typesupport_fastrtps_c.h\n'}
[2.553673] (px4_msgs) StdoutLine: {'line': b'-- Up-to-date: /home/px4/ros2/ws/install/px4_msgs/include/px4_msgs/px4_msgs/msg/detail/hover_thrust_estimate__rosidl_typesupport_fastrtps_c.h\n'}
[2.553794] (px4_msgs) StdoutLine: {'line': b'-- Up-to-date: /home/px4/ros2/ws/install/px4_msgs/include/px4_msgs/px4_msgs/msg/detail/vehicle_local_position_setpoint__rosidl_typesupport_fastrtps_c.h\n'}
[2.553913] (px4_msgs) StdoutLine: {'line': b'-- Up-to-date: /home/px4/ros2/ws/install/px4_msgs/include/px4_msgs/px4_msgs/msg/detail/landing_target_pose__rosidl_typesupport_fastrtps_c.h\n'}
[2.554022] (px4_msgs) StdoutLine: {'line': b'-- Up-to-date: /home/px4/ros2/ws/install/px4_msgs/include/px4_msgs/px4_msgs/msg/detail/position_setpoint__rosidl_typesupport_fastrtps_c.h\n'}
[2.554127] (px4_msgs) StdoutLine: {'line': b'-- Up-to-date: /home/px4/ros2/ws/install/px4_msgs/include/px4_msgs/px4_msgs/msg/detail/sensor_gps__rosidl_typesupport_fastrtps_c.h\n'}
[2.554245] (px4_msgs) StdoutLine: {'line': b'-- Up-to-date: /home/px4/ros2/ws/install/px4_msgs/include/px4_msgs/px4_msgs/msg/detail/rover_attitude_status__rosidl_typesupport_fastrtps_c.h\n'}
[2.554381] (px4_msgs) StdoutLine: {'line': b'-- Up-to-date: /home/px4/ros2/ws/install/px4_msgs/include/px4_msgs/px4_msgs/msg/detail/open_drone_id_arm_status__rosidl_typesupport_fastrtps_c.h\n'}
[2.554488] (px4_msgs) StdoutLine: {'line': b'-- Up-to-date: /home/px4/ros2/ws/install/px4_msgs/include/px4_msgs/px4_msgs/msg/detail/open_drone_id_self_id__rosidl_typesupport_fastrtps_c.h\n'}
[2.554653] (px4_msgs) StdoutLine: {'line': b'-- Up-to-date: /home/px4/ros2/ws/install/px4_msgs/include/px4_msgs/px4_msgs/msg/detail/vehicle_attitude__rosidl_typesupport_fastrtps_c.h\n'}
[2.554774] (px4_msgs) StdoutLine: {'line': b'-- Up-to-date: /home/px4/ros2/ws/install/px4_msgs/include/px4_msgs/px4_msgs/msg/detail/flight_phase_estimation__rosidl_typesupport_fastrtps_c.h\n'}
[2.554924] (px4_msgs) StdoutLine: {'line': b'-- Up-to-date: /home/px4/ros2/ws/install/px4_msgs/include/px4_msgs/px4_msgs/msg/detail/vtol_vehicle_status__rosidl_typesupport_fastrtps_c.h\n'}
[2.555038] (px4_msgs) StdoutLine: {'line': b'-- Up-to-date: /home/px4/ros2/ws/install/px4_msgs/include/px4_msgs/px4_msgs/msg/detail/estimator_sensor_bias__rosidl_typesupport_fastrtps_c.h\n'}
[2.555213] (px4_msgs) StdoutLine: {'line': b'-- Up-to-date: /home/px4/ros2/ws/install/px4_msgs/include/px4_msgs/px4_msgs/msg/detail/wind__rosidl_typesupport_fastrtps_c.h\n'}
[2.555596] (px4_msgs) StdoutLine: {'line': b'-- Up-to-date: /home/px4/ros2/ws/install/px4_msgs/include/px4_msgs/px4_msgs/msg/detail/landing_target_innovations__rosidl_typesupport_fastrtps_c.h\n'}
[2.555718] (px4_msgs) StdoutLine: {'line': b'-- Up-to-date: /home/px4/ros2/ws/install/px4_msgs/include/px4_msgs/px4_msgs/msg/detail/distance_sensor_mode_change_request__rosidl_typesupport_fastrtps_c.h\n'}
[2.555821] (px4_msgs) StdoutLine: {'line': b'-- Up-to-date: /home/px4/ros2/ws/install/px4_msgs/include/px4_msgs/px4_msgs/msg/detail/rtl_status__rosidl_typesupport_fastrtps_c.h\n'}
[2.555918] (px4_msgs) StdoutLine: {'line': b'-- Up-to-date: /home/px4/ros2/ws/install/px4_msgs/include/px4_msgs/px4_msgs/msg/detail/gps_dump__rosidl_typesupport_fastrtps_c.h\n'}
[2.556147] (px4_msgs) StdoutLine: {'line': b'-- Up-to-date: /home/px4/ros2/ws/install/px4_msgs/include/px4_msgs/px4_msgs/msg/detail/sensor_preflight_mag__rosidl_typesupport_fastrtps_c.h\n'}
[2.556282] (px4_msgs) StdoutLine: {'line': b'-- Up-to-date: /home/px4/ros2/ws/install/px4_msgs/include/px4_msgs/px4_msgs/msg/detail/orb_test__rosidl_typesupport_fastrtps_c.h\n'}
[2.556386] (px4_msgs) StdoutLine: {'line': b'-- Up-to-date: /home/px4/ros2/ws/install/px4_msgs/include/px4_msgs/px4_msgs/msg/detail/differential_pressure__rosidl_typesupport_fastrtps_c.h\n'}
[2.556577] (px4_msgs) StdoutLine: {'line': b'-- Up-to-date: /home/px4/ros2/ws/install/px4_msgs/include/px4_msgs/px4_msgs/msg/detail/qshell_retval__rosidl_typesupport_fastrtps_c.h\n'}
[2.556676] (px4_msgs) StdoutLine: {'line': b'-- Up-to-date: /home/px4/ros2/ws/install/px4_msgs/include/px4_msgs/px4_msgs/msg/detail/mavlink_tunnel__rosidl_typesupport_fastrtps_c.h\n'}
[2.556771] (px4_msgs) StdoutLine: {'line': b'-- Up-to-date: /home/px4/ros2/ws/install/px4_msgs/include/px4_msgs/px4_msgs/msg/detail/figure_eight_status__rosidl_typesupport_fastrtps_c.h\n'}
[2.556866] (px4_msgs) StdoutLine: {'line': b'-- Up-to-date: /home/px4/ros2/ws/install/px4_msgs/include/px4_msgs/px4_msgs/msg/detail/geofence_result__rosidl_typesupport_fastrtps_c.h\n'}
[2.557051] (px4_msgs) StdoutLine: {'line': b'-- Up-to-date: /home/px4/ros2/ws/install/px4_msgs/include/px4_msgs/px4_msgs/msg/detail/gpio_out__rosidl_typesupport_fastrtps_c.h\n'}
[2.557153] (px4_msgs) StdoutLine: {'line': b'-- Up-to-date: /home/px4/ros2/ws/install/px4_msgs/include/px4_msgs/px4_msgs/msg/detail/gimbal_manager_set_attitude__rosidl_typesupport_fastrtps_c.h\n'}
[2.557275] (px4_msgs) StdoutLine: {'line': b'-- Up-to-date: /home/px4/ros2/ws/install/px4_msgs/include/px4_msgs/px4_msgs/msg/detail/debug_vect__rosidl_typesupport_fastrtps_c.h\n'}
[2.557415] (px4_msgs) StdoutLine: {'line': b'-- Up-to-date: /home/px4/ros2/ws/install/px4_msgs/include/px4_msgs/px4_msgs/msg/detail/gpio_config__rosidl_typesupport_fastrtps_c.h\n'}
[2.557531] (px4_msgs) StdoutLine: {'line': b'-- Up-to-date: /home/px4/ros2/ws/install/px4_msgs/include/px4_msgs/px4_msgs/msg/detail/estimator_states__rosidl_typesupport_fastrtps_c.h\n'}
[2.557647] (px4_msgs) StdoutLine: {'line': b'-- Up-to-date: /home/px4/ros2/ws/install/px4_msgs/include/px4_msgs/px4_msgs/msg/detail/rover_throttle_setpoint__rosidl_typesupport_fastrtps_c.h\n'}
[2.557763] (px4_msgs) StdoutLine: {'line': b'-- Up-to-date: /home/px4/ros2/ws/install/px4_msgs/include/px4_msgs/px4_msgs/msg/detail/arming_check_reply__rosidl_typesupport_fastrtps_c.h\n'}
[2.557874] (px4_msgs) StdoutLine: {'line': b'-- Up-to-date: /home/px4/ros2/ws/install/px4_msgs/include/px4_msgs/px4_msgs/msg/detail/trajectory_setpoint6dof__rosidl_typesupport_fastrtps_c.h\n'}
[2.557969] (px4_msgs) StdoutLine: {'line': b'-- Up-to-date: /home/px4/ros2/ws/install/px4_msgs/include/px4_msgs/px4_msgs/msg/detail/fixed_wing_lateral_guidance_status__rosidl_typesupport_fastrtps_c.h\n'}
[2.558058] (px4_msgs) StdoutLine: {'line': b'-- Up-to-date: /home/px4/ros2/ws/install/px4_msgs/include/px4_msgs/px4_msgs/msg/detail/pps_capture__rosidl_typesupport_fastrtps_c.h\n'}
[2.558143] (px4_msgs) StdoutLine: {'line': b'-- Up-to-date: /home/px4/ros2/ws/install/px4_msgs/include/px4_msgs/px4_msgs/msg/detail/esc_status__rosidl_typesupport_fastrtps_c.h\n'}
[2.558263] (px4_msgs) StdoutLine: {'line': b'-- Up-to-date: /home/px4/ros2/ws/install/px4_msgs/include/px4_msgs/px4_msgs/msg/detail/manual_control_switches__rosidl_typesupport_fastrtps_c.h\n'}
[2.558445] (px4_msgs) StdoutLine: {'line': b'-- Up-to-date: /home/px4/ros2/ws/install/px4_msgs/include/px4_msgs/px4_msgs/msg/detail/home_position__rosidl_typesupport_fastrtps_c.h\n'}
[2.558530] (px4_msgs) StdoutLine: {'line': b'-- Up-to-date: /home/px4/ros2/ws/install/px4_msgs/include/px4_msgs/px4_msgs/msg/detail/parameter_update__rosidl_typesupport_fastrtps_c.h\n'}
[2.558616] (px4_msgs) StdoutLine: {'line': b'-- Up-to-date: /home/px4/ros2/ws/install/px4_msgs/include/px4_msgs/px4_msgs/msg/detail/sensor_uwb__rosidl_typesupport_fastrtps_c.h\n'}
[2.558694] (px4_msgs) StdoutLine: {'line': b'-- Up-to-date: /home/px4/ros2/ws/install/px4_msgs/include/px4_msgs/px4_msgs/msg/detail/rover_attitude_setpoint__rosidl_typesupport_fastrtps_c.h\n'}
[2.558773] (px4_msgs) StdoutLine: {'line': b'-- Up-to-date: /home/px4/ros2/ws/install/px4_msgs/include/px4_msgs/px4_msgs/msg/detail/ekf2_timestamps__rosidl_typesupport_fastrtps_c.h\n'}
[2.558849] (px4_msgs) StdoutLine: {'line': b'-- Up-to-date: /home/px4/ros2/ws/install/px4_msgs/include/px4_msgs/px4_msgs/msg/detail/control_allocator_status__rosidl_typesupport_fastrtps_c.h\n'}
[2.559038] (px4_msgs) StdoutLine: {'line': b'-- Up-to-date: /home/px4/ros2/ws/install/px4_msgs/include/px4_msgs/px4_msgs/msg/detail/sensor_mag__rosidl_typesupport_fastrtps_c.h\n'}
[2.559124] (px4_msgs) StdoutLine: {'line': b'-- Up-to-date: /home/px4/ros2/ws/install/px4_msgs/include/px4_msgs/px4_msgs/msg/detail/fixed_wing_runway_control__rosidl_typesupport_fastrtps_c.h\n'}
[2.559317] (px4_msgs) StdoutLine: {'line': b'-- Up-to-date: /home/px4/ros2/ws/install/px4_msgs/include/px4_msgs/px4_msgs/msg/detail/magnetometer_bias_estimate__rosidl_typesupport_fastrtps_c.h\n'}
[2.559410] (px4_msgs) StdoutLine: {'line': b'-- Up-to-date: /home/px4/ros2/ws/install/px4_msgs/include/px4_msgs/px4_msgs/msg/detail/debug_value__rosidl_typesupport_fastrtps_c.h\n'}
[2.559533] (px4_msgs) StdoutLine: {'line': b'-- Up-to-date: /home/px4/ros2/ws/install/px4_msgs/include/px4_msgs/px4_msgs/msg/detail/takeoff_status__rosidl_typesupport_fastrtps_c.h\n'}
[2.559603] (px4_msgs) StdoutLine: {'line': b'-- Up-to-date: /home/px4/ros2/ws/install/px4_msgs/include/px4_msgs/px4_msgs/msg/detail/autotune_attitude_control_status__rosidl_typesupport_fastrtps_c.h\n'}
[2.559668] (px4_msgs) StdoutLine: {'line': b'-- Up-to-date: /home/px4/ros2/ws/install/px4_msgs/include/px4_msgs/px4_msgs/msg/detail/position_setpoint_triplet__rosidl_typesupport_fastrtps_c.h\n'}
[2.559733] (px4_msgs) StdoutLine: {'line': b'-- Up-to-date: /home/px4/ros2/ws/install/px4_msgs/include/px4_msgs/px4_msgs/msg/detail/mission__rosidl_typesupport_fastrtps_c.h\n'}
[2.559795] (px4_msgs) StdoutLine: {'line': b'-- Up-to-date: /home/px4/ros2/ws/install/px4_msgs/include/px4_msgs/px4_msgs/msg/detail/gpio_request__rosidl_typesupport_fastrtps_c.h\n'}
[2.559858] (px4_msgs) StdoutLine: {'line': b'-- Up-to-date: /home/px4/ros2/ws/install/px4_msgs/include/px4_msgs/px4_msgs/msg/detail/pwm_input__rosidl_typesupport_fastrtps_c.h\n'}
[2.559919] (px4_msgs) StdoutLine: {'line': b'-- Up-to-date: /home/px4/ros2/ws/install/px4_msgs/include/px4_msgs/px4_msgs/msg/detail/sensor_correction__rosidl_typesupport_fastrtps_c.h\n'}
[2.559984] (px4_msgs) StdoutLine: {'line': b'-- Up-to-date: /home/px4/ros2/ws/install/px4_msgs/include/px4_msgs/px4_msgs/msg/detail/sensors_status__rosidl_typesupport_fastrtps_c.h\n'}
[2.560048] (px4_msgs) StdoutLine: {'line': b'-- Up-to-date: /home/px4/ros2/ws/install/px4_msgs/include/px4_msgs/px4_msgs/msg/detail/fixed_wing_lateral_setpoint__rosidl_typesupport_fastrtps_c.h\n'}
[2.560110] (px4_msgs) StdoutLine: {'line': b'-- Up-to-date: /home/px4/ros2/ws/install/px4_msgs/include/px4_msgs/px4_msgs/msg/detail/parameter_reset_request__rosidl_typesupport_fastrtps_c.h\n'}
[2.560206] (px4_msgs) StdoutLine: {'line': b'-- Up-to-date: /home/px4/ros2/ws/install/px4_msgs/include/px4_msgs/px4_msgs/msg/detail/dataman_request__rosidl_typesupport_fastrtps_c.h\n'}
[2.560286] (px4_msgs) StdoutLine: {'line': b'-- Up-to-date: /home/px4/ros2/ws/install/px4_msgs/include/px4_msgs/px4_msgs/msg/detail/register_ext_component_reply__rosidl_typesupport_fastrtps_c.h\n'}
[2.560349] (px4_msgs) StdoutLine: {'line': b'-- Up-to-date: /home/px4/ros2/ws/install/px4_msgs/include/px4_msgs/px4_msgs/msg/detail/actuator_armed__rosidl_typesupport_fastrtps_c.h\n'}
[2.560410] (px4_msgs) StdoutLine: {'line': b'-- Up-to-date: /home/px4/ros2/ws/install/px4_msgs/include/px4_msgs/px4_msgs/msg/detail/navigator_status__rosidl_typesupport_fastrtps_c.h\n'}
[2.560470] (px4_msgs) StdoutLine: {'line': b'-- Up-to-date: /home/px4/ros2/ws/install/px4_msgs/include/px4_msgs/px4_msgs/msg/detail/vehicle_imu_status__rosidl_typesupport_fastrtps_c.h\n'}
[2.560532] (px4_msgs) StdoutLine: {'line': b'-- Up-to-date: /home/px4/ros2/ws/install/px4_msgs/include/px4_msgs/px4_msgs/msg/detail/rover_velocity_status__rosidl_typesupport_fastrtps_c.h\n'}
[2.560595] (px4_msgs) StdoutLine: {'line': b'-- Up-to-date: /home/px4/ros2/ws/install/px4_msgs/include/px4_msgs/px4_msgs/msg/detail/orb_test_large__rosidl_typesupport_fastrtps_c.h\n'}
[2.560658] (px4_msgs) StdoutLine: {'line': b'-- Up-to-date: /home/px4/ros2/ws/install/px4_msgs/include/px4_msgs/px4_msgs/msg/detail/collision_constraints__rosidl_typesupport_fastrtps_c.h\n'}
[2.560749] (px4_msgs) StdoutLine: {'line': b'-- Up-to-date: /home/px4/ros2/ws/install/px4_msgs/include/px4_msgs/px4_msgs/msg/detail/estimator_status_flags__rosidl_typesupport_fastrtps_c.h\n'}
[2.560831] (px4_msgs) StdoutLine: {'line': b'-- Up-to-date: /home/px4/ros2/ws/install/px4_msgs/include/px4_msgs/px4_msgs/msg/detail/estimator_aid_source3d__rosidl_typesupport_fastrtps_c.h\n'}
[2.560954] (px4_msgs) StdoutLine: {'line': b'-- Up-to-date: /home/px4/ros2/ws/install/px4_msgs/include/px4_msgs/px4_msgs/msg/detail/ulog_stream_ack__rosidl_typesupport_fastrtps_c.h\n'}
[2.561173] (px4_msgs) StdoutLine: {'line': b'-- Up-to-date: /home/px4/ros2/ws/install/px4_msgs/include/px4_msgs/px4_msgs/msg/detail/sensor_airflow__rosidl_typesupport_fastrtps_c.h\n'}
[2.561309] (px4_msgs) StdoutLine: {'line': b'-- Up-to-date: /home/px4/ros2/ws/install/px4_msgs/include/px4_msgs/px4_msgs/msg/detail/follow_target__rosidl_typesupport_fastrtps_c.h\n'}
[2.561412] (px4_msgs) StdoutLine: {'line': b'-- Up-to-date: /home/px4/ros2/ws/install/px4_msgs/include/px4_msgs/px4_msgs/msg/detail/goto_setpoint__rosidl_typesupport_fastrtps_c.h\n'}
[2.561505] (px4_msgs) StdoutLine: {'line': b'-- Up-to-date: /home/px4/ros2/ws/install/px4_msgs/include/px4_msgs/px4_msgs/msg/detail/adc_report__rosidl_typesupport_fastrtps_c.h\n'}
[2.561574] (px4_msgs) StdoutLine: {'line': b'-- Up-to-date: /home/px4/ros2/ws/install/px4_msgs/include/px4_msgs/px4_msgs/msg/detail/rover_rate_setpoint__rosidl_typesupport_fastrtps_c.h\n'}
[2.561675] (px4_msgs) StdoutLine: {'line': b'-- Up-to-date: /home/px4/ros2/ws/install/px4_msgs/include/px4_msgs/px4_msgs/msg/detail/mavlink_log__rosidl_typesupport_fastrtps_c.h\n'}
[2.561782] (px4_msgs) StdoutLine: {'line': b'-- Up-to-date: /home/px4/ros2/ws/install/px4_msgs/include/px4_msgs/px4_msgs/msg/detail/longitudinal_control_configuration__rosidl_typesupport_fastrtps_c.h\n'}
[2.561853] (px4_msgs) StdoutLine: {'line': b'-- Up-to-date: /home/px4/ros2/ws/install/px4_msgs/include/px4_msgs/px4_msgs/msg/detail/vehicle_local_position__rosidl_typesupport_fastrtps_c.h\n'}
[2.561917] (px4_msgs) StdoutLine: {'line': b'-- Up-to-date: /home/px4/ros2/ws/install/px4_msgs/include/px4_msgs/px4_msgs/msg/detail/position_controller_status__rosidl_typesupport_fastrtps_c.h\n'}
[2.562124] (px4_msgs) StdoutLine: {'line': b'-- Up-to-date: /home/px4/ros2/ws/install/px4_msgs/include/px4_msgs/px4_msgs/msg/detail/heater_status__rosidl_typesupport_fastrtps_c.h\n'}
[2.562333] (px4_msgs) StdoutLine: {'line': b'-- Up-to-date: /home/px4/ros2/ws/install/px4_msgs/include/px4_msgs/px4_msgs/msg/detail/failure_detector_status__rosidl_typesupport_fastrtps_c.h\n'}
[2.562435] (px4_msgs) StdoutLine: {'line': b'-- Up-to-date: /home/px4/ros2/ws/install/px4_msgs/include/px4_msgs/px4_msgs/msg/detail/parameter_set_value_request__rosidl_typesupport_fastrtps_c.h\n'}
[2.562552] (px4_msgs) StdoutLine: {'line': b'-- Up-to-date: /home/px4/ros2/ws/install/px4_msgs/include/px4_msgs/px4_msgs/msg/detail/estimator_innovations__rosidl_typesupport_fastrtps_c.h\n'}
[2.562672] (px4_msgs) StdoutLine: {'line': b'-- Up-to-date: /home/px4/ros2/ws/install/px4_msgs/include/px4_msgs/px4_msgs/msg/detail/estimator_bias3d__rosidl_typesupport_fastrtps_c.h\n'}
[2.562785] (px4_msgs) StdoutLine: {'line': b'-- Up-to-date: /home/px4/ros2/ws/install/px4_msgs/include/px4_msgs/px4_msgs/msg/detail/vehicle_angular_velocity__rosidl_typesupport_fastrtps_c.h\n'}
[2.562900] (px4_msgs) StdoutLine: {'line': b'-- Up-to-date: /home/px4/ros2/ws/install/px4_msgs/include/px4_msgs/px4_msgs/msg/detail/sensor_combined__rosidl_typesupport_fastrtps_c.h\n'}
[2.562993] (px4_msgs) StdoutLine: {'line': b'-- Up-to-date: /home/px4/ros2/ws/install/px4_msgs/include/px4_msgs/px4_msgs/msg/detail/rate_ctrl_status__rosidl_typesupport_fastrtps_c.h\n'}
[2.563062] (px4_msgs) StdoutLine: {'line': b'-- Up-to-date: /home/px4/ros2/ws/install/px4_msgs/include/px4_msgs/px4_msgs/msg/detail/mag_worker_data__rosidl_typesupport_fastrtps_c.h\n'}
[2.563243] (px4_msgs) StdoutLine: {'line': b'-- Up-to-date: /home/px4/ros2/ws/install/px4_msgs/include/px4_msgs/px4_msgs/msg/detail/uavcan_parameter_value__rosidl_typesupport_fastrtps_c.h\n'}
[2.563376] (px4_msgs) StdoutLine: {'line': b'-- Up-to-date: /home/px4/ros2/ws/install/px4_msgs/include/px4_msgs/px4_msgs/msg/detail/logger_status__rosidl_typesupport_fastrtps_c.h\n'}
[2.563473] (px4_msgs) StdoutLine: {'line': b'-- Up-to-date: /home/px4/ros2/ws/install/px4_msgs/include/px4_msgs/px4_msgs/msg/detail/actuator_motors__rosidl_typesupport_fastrtps_c.h\n'}
[2.563612] (px4_msgs) StdoutLine: {'line': b'-- Up-to-date: /home/px4/ros2/ws/install/px4_msgs/include/px4_msgs/px4_msgs/msg/detail/rc_parameter_map__rosidl_typesupport_fastrtps_c.h\n'}
[2.563798] (px4_msgs) StdoutLine: {'line': b'-- Up-to-date: /home/px4/ros2/ws/install/px4_msgs/include/px4_msgs/px4_msgs/msg/detail/message_format_request__rosidl_typesupport_fastrtps_c.h\n'}
[2.563927] (px4_msgs) StdoutLine: {'line': b'-- Up-to-date: /home/px4/ros2/ws/install/px4_msgs/include/px4_msgs/px4_msgs/msg/detail/sensor_accel_fifo__rosidl_typesupport_fastrtps_c.h\n'}
[2.564029] (px4_msgs) StdoutLine: {'line': b'-- Up-to-date: /home/px4/ros2/ws/install/px4_msgs/include/px4_msgs/px4_msgs/msg/detail/vehicle_land_detected__rosidl_typesupport_fastrtps_c.h\n'}
[2.564155] (px4_msgs) StdoutLine: {'line': b'-- Up-to-date: /home/px4/ros2/ws/install/px4_msgs/include/px4_msgs/px4_msgs/msg/detail/vehicle_optical_flow__rosidl_typesupport_fastrtps_c.h\n'}
[2.564273] (px4_msgs) StdoutLine: {'line': b'-- Up-to-date: /home/px4/ros2/ws/install/px4_msgs/include/px4_msgs/px4_msgs/msg/detail/irlock_report__rosidl_typesupport_fastrtps_c.h\n'}
[2.564395] (px4_msgs) StdoutLine: {'line': b'-- Up-to-date: /home/px4/ros2/ws/install/px4_msgs/include/px4_msgs/px4_msgs/msg/detail/fixed_wing_lateral_status__rosidl_typesupport_fastrtps_c.h\n'}
[2.564480] (px4_msgs) StdoutLine: {'line': b'-- Up-to-date: /home/px4/ros2/ws/install/px4_msgs/include/px4_msgs/px4_msgs/msg/detail/landing_gear__rosidl_typesupport_fastrtps_c.h\n'}
[2.564574] (px4_msgs) StdoutLine: {'line': b'-- Up-to-date: /home/px4/ros2/ws/install/px4_msgs/include/px4_msgs/px4_msgs/msg/detail/rover_position_setpoint__rosidl_typesupport_fastrtps_c.h\n'}
[2.564717] (px4_msgs) StdoutLine: {'line': b'-- Up-to-date: /home/px4/ros2/ws/install/px4_msgs/include/px4_msgs/px4_msgs/msg/detail/cellular_status__rosidl_typesupport_fastrtps_c.h\n'}
[2.564838] (px4_msgs) StdoutLine: {'line': b'-- Up-to-date: /home/px4/ros2/ws/install/px4_msgs/include/px4_msgs/px4_msgs/msg/detail/sensor_optical_flow__rosidl_typesupport_fastrtps_c.h\n'}
[2.564954] (px4_msgs) StdoutLine: {'line': b'-- Up-to-date: /home/px4/ros2/ws/install/px4_msgs/include/px4_msgs/px4_msgs/msg/detail/gps_inject_data__rosidl_typesupport_fastrtps_c.h\n'}
[2.565076] (px4_msgs) StdoutLine: {'line': b'-- Up-to-date: /home/px4/ros2/ws/install/px4_msgs/include/px4_msgs/px4_msgs/msg/detail/gpio_in__rosidl_typesupport_fastrtps_c.h\n'}
[2.565263] (px4_msgs) StdoutLine: {'line': b'-- Up-to-date: /home/px4/ros2/ws/install/px4_msgs/include/px4_msgs/px4_msgs/msg/detail/button_event__rosidl_typesupport_fastrtps_c.h\n'}
[2.565453] (px4_msgs) StdoutLine: {'line': b'-- Up-to-date: /home/px4/ros2/ws/install/px4_msgs/include/px4_msgs/px4_msgs/msg/detail/cpuload__rosidl_typesupport_fastrtps_c.h\n'}
[2.565567] (px4_msgs) StdoutLine: {'line': b'-- Up-to-date: /home/px4/ros2/ws/install/px4_msgs/include/px4_msgs/px4_msgs/msg/detail/estimator_status__rosidl_typesupport_fastrtps_c.h\n'}
[2.565677] (px4_msgs) StdoutLine: {'line': b'-- Up-to-date: /home/px4/ros2/ws/install/px4_msgs/include/px4_msgs/px4_msgs/msg/detail/telemetry_status__rosidl_typesupport_fastrtps_c.h\n'}
[2.565755] (px4_msgs) StdoutLine: {'line': b'-- Up-to-date: /home/px4/ros2/ws/install/px4_msgs/include/px4_msgs/px4_msgs/msg/detail/gimbal_manager_information__rosidl_typesupport_fastrtps_c.h\n'}
[2.566026] (px4_msgs) StdoutLine: {'line': b'-- Up-to-date: /home/px4/ros2/ws/install/px4_msgs/include/px4_msgs/px4_msgs/msg/detail/vehicle_control_mode__rosidl_typesupport_fastrtps_c.h\n'}
[2.566123] (px4_msgs) StdoutLine: {'line': b'-- Up-to-date: /home/px4/ros2/ws/install/px4_msgs/include/px4_msgs/px4_msgs/msg/detail/follow_target_estimator__rosidl_typesupport_fastrtps_c.h\n'}
[2.566248] (px4_msgs) StdoutLine: {'line': b'-- Up-to-date: /home/px4/ros2/ws/install/px4_msgs/include/px4_msgs/px4_msgs/msg/detail/vehicle_angular_acceleration_setpoint__rosidl_typesupport_fastrtps_c.h\n'}
[2.566404] (px4_msgs) StdoutLine: {'line': b'-- Up-to-date: /home/px4/ros2/ws/install/px4_msgs/include/px4_msgs/px4_msgs/msg/detail/sensor_baro__rosidl_typesupport_fastrtps_c.h\n'}
[2.566555] (px4_msgs) StdoutLine: {'line': b'-- Up-to-date: /home/px4/ros2/ws/install/px4_msgs/include/px4_msgs/px4_msgs/msg/detail/battery_status__rosidl_typesupport_fastrtps_c.h\n'}
[2.566663] (px4_msgs) StdoutLine: {'line': b'-- Up-to-date: /home/px4/ros2/ws/install/px4_msgs/include/px4_msgs/px4_msgs/msg/detail/register_ext_component_request__rosidl_typesupport_fastrtps_c.h\n'}
[2.566757] (px4_msgs) StdoutLine: {'line': b'-- Up-to-date: /home/px4/ros2/ws/install/px4_msgs/include/px4_msgs/px4_msgs/msg/detail/tune_control__rosidl_typesupport_fastrtps_c.h\n'}
[2.567234] (px4_msgs) StdoutLine: {'line': b'-- Up-to-date: /home/px4/ros2/ws/install/px4_msgs/include/px4_msgs/px4_msgs/msg/detail/mission_result__rosidl_typesupport_fastrtps_c.h\n'}
[2.567395] (px4_msgs) StdoutLine: {'line': b'-- Up-to-date: /home/px4/ros2/ws/install/px4_msgs/include/px4_msgs/px4_msgs/msg/detail/fuel_tank_status__rosidl_typesupport_fastrtps_c.h\n'}
[2.567479] (px4_msgs) StdoutLine: {'line': b'-- Up-to-date: /home/px4/ros2/ws/install/px4_msgs/include/px4_msgs/px4_msgs/msg/detail/airspeed__rosidl_typesupport_fastrtps_c.h\n'}
[2.567591] (px4_msgs) StdoutLine: {'line': b'-- Up-to-date: /home/px4/ros2/ws/install/px4_msgs/include/px4_msgs/px4_msgs/msg/detail/obstacle_distance__rosidl_typesupport_fastrtps_c.h\n'}
[2.567683] (px4_msgs) StdoutLine: {'line': b'-- Up-to-date: /home/px4/ros2/ws/install/px4_msgs/include/px4_msgs/px4_msgs/msg/detail/airspeed_validated__rosidl_typesupport_fastrtps_c.h\n'}
[2.567796] (px4_msgs) StdoutLine: {'line': b'-- Up-to-date: /home/px4/ros2/ws/install/px4_msgs/include/px4_msgs/px4_msgs/msg/detail/vehicle_imu__rosidl_typesupport_fastrtps_c.h\n'}
[2.567899] (px4_msgs) StdoutLine: {'line': b'-- Up-to-date: /home/px4/ros2/ws/install/px4_msgs/include/px4_msgs/px4_msgs/msg/detail/orb_test_medium__rosidl_typesupport_fastrtps_c.h\n'}
[2.567976] (px4_msgs) StdoutLine: {'line': b'-- Up-to-date: /home/px4/ros2/ws/install/px4_msgs/include/px4_msgs/px4_msgs/msg/detail/manual_control_setpoint__rosidl_typesupport_fastrtps_c.h\n'}
[2.568059] (px4_msgs) StdoutLine: {'line': b'-- Up-to-date: /home/px4/ros2/ws/install/px4_msgs/include/px4_msgs/px4_msgs/msg/detail/rover_velocity_setpoint__rosidl_typesupport_fastrtps_c.h\n'}
[2.568162] (px4_msgs) StdoutLine: {'line': b'-- Up-to-date: /home/px4/ros2/ws/install/px4_msgs/include/px4_msgs/px4_msgs/msg/detail/vehicle_global_position__rosidl_typesupport_fastrtps_c.h\n'}
[2.568283] (px4_msgs) StdoutLine: {'line': b'-- Up-to-date: /home/px4/ros2/ws/install/px4_msgs/include/px4_msgs/px4_msgs/msg/detail/debug_key_value__rosidl_typesupport_fastrtps_c.h\n'}
[2.568405] (px4_msgs) StdoutLine: {'line': b'-- Up-to-date: /home/px4/ros2/ws/install/px4_msgs/include/px4_msgs/px4_msgs/msg/detail/estimator_gps_status__rosidl_typesupport_fastrtps_c.h\n'}
[2.568512] (px4_msgs) StdoutLine: {'line': b'-- Up-to-date: /home/px4/ros2/ws/install/px4_msgs/include/px4_msgs/px4_msgs/msg/detail/sensors_status_imu__rosidl_typesupport_fastrtps_c.h\n'}
[2.568622] (px4_msgs) StdoutLine: {'line': b'-- Up-to-date: /home/px4/ros2/ws/install/px4_msgs/include/px4_msgs/px4_msgs/msg/detail/tiltrotor_extra_controls__rosidl_typesupport_fastrtps_c.h\n'}
[2.568710] (px4_msgs) StdoutLine: {'line': b'-- Up-to-date: /home/px4/ros2/ws/install/px4_msgs/include/px4_msgs/px4_msgs/msg/detail/fixed_wing_longitudinal_setpoint__rosidl_typesupport_fastrtps_c.h\n'}
[2.568783] (px4_msgs) StdoutLine: {'line': b'-- Up-to-date: /home/px4/ros2/ws/install/px4_msgs/include/px4_msgs/px4_msgs/msg/detail/log_message__rosidl_typesupport_fastrtps_c.h\n'}
[2.568916] (px4_msgs) StdoutLine: {'line': b'-- Up-to-date: /home/px4/ros2/ws/install/px4_msgs/include/px4_msgs/px4_msgs/msg/detail/rtl_time_estimate__rosidl_typesupport_fastrtps_c.h\n'}
[2.569013] (px4_msgs) StdoutLine: {'line': b'-- Up-to-date: /home/px4/ros2/ws/install/px4_msgs/include/px4_msgs/px4_msgs/msg/detail/generator_status__rosidl_typesupport_fastrtps_c.h\n'}
[2.569113] (px4_msgs) StdoutLine: {'line': b'-- Up-to-date: /home/px4/ros2/ws/install/px4_msgs/include/px4_msgs/px4_msgs/msg/detail/internal_combustion_engine_status__rosidl_typesupport_fastrtps_c.h\n'}
[2.569219] (px4_msgs) StdoutLine: {'line': b'-- Up-to-date: /home/px4/ros2/ws/install/px4_msgs/include/px4_msgs/px4_msgs/msg/detail/timesync_status__rosidl_typesupport_fastrtps_c.h\n'}
[2.569471] (px4_msgs) StdoutLine: {'line': b'-- Up-to-date: /home/px4/ros2/ws/install/px4_msgs/include/px4_msgs/px4_msgs/msg/detail/neural_control__rosidl_typesupport_fastrtps_c.h\n'}
[2.569600] (px4_msgs) StdoutLine: {'line': b'-- Up-to-date: /home/px4/ros2/ws/install/px4_msgs/include/px4_msgs/px4_msgs/msg/detail/rpm__rosidl_typesupport_fastrtps_c.h\n'}
[2.569908] (px4_msgs) StdoutLine: {'line': b'-- Up-to-date: /home/px4/ros2/ws/install/px4_msgs/include/px4_msgs/px4_msgs/msg/detail/actuator_controls_status__rosidl_typesupport_fastrtps_c.h\n'}
[2.569995] (px4_msgs) StdoutLine: {'line': b'-- Up-to-date: /home/px4/ros2/ws/install/px4_msgs/include/px4_msgs/px4_msgs/msg/detail/system_power__rosidl_typesupport_fastrtps_c.h\n'}
[2.570073] (px4_msgs) StdoutLine: {'line': b'-- Up-to-date: /home/px4/ros2/ws/install/px4_msgs/include/px4_msgs/px4_msgs/msg/detail/vehicle_roi__rosidl_typesupport_fastrtps_c.h\n'}
[2.570220] (px4_msgs) StdoutLine: {'line': b'-- Up-to-date: /home/px4/ros2/ws/install/px4_msgs/include/px4_msgs/px4_msgs/msg/detail/vehicle_command_ack__rosidl_typesupport_fastrtps_c.h\n'}
[2.570310] (px4_msgs) StdoutLine: {'line': b'-- Up-to-date: /home/px4/ros2/ws/install/px4_msgs/include/px4_msgs/px4_msgs/msg/detail/estimator_event_flags__rosidl_typesupport_fastrtps_c.h\n'}
[2.570388] (px4_msgs) StdoutLine: {'line': b'-- Up-to-date: /home/px4/ros2/ws/install/px4_msgs/include/px4_msgs/px4_msgs/msg/detail/parameter_set_used_request__rosidl_typesupport_fastrtps_c.h\n'}
[2.570493] (px4_msgs) StdoutLine: {'line': b'-- Up-to-date: /home/px4/ros2/ws/install/px4_msgs/include/px4_msgs/px4_msgs/msg/detail/esc_report__rosidl_typesupport_fastrtps_c.h\n'}
[2.570581] (px4_msgs) StdoutLine: {'line': b'-- Up-to-date: /home/px4/ros2/ws/install/px4_msgs/include/px4_msgs/px4_msgs/msg/detail/health_report__rosidl_typesupport_fastrtps_c.h\n'}
[2.570663] (px4_msgs) StdoutLine: {'line': b'-- Up-to-date: /home/px4/ros2/ws/install/px4_msgs/include/px4_msgs/px4_msgs/msg/detail/sensor_gnss_relative__rosidl_typesupport_fastrtps_c.h\n'}
[2.570824] (px4_msgs) StdoutLine: {'line': b'-- Up-to-date: /home/px4/ros2/ws/install/px4_msgs/include/px4_msgs/px4_msgs/msg/detail/camera_status__rosidl_typesupport_fastrtps_c.h\n'}
[2.570930] (px4_msgs) StdoutLine: {'line': b'-- Up-to-date: /home/px4/ros2/ws/install/px4_msgs/include/px4_msgs/px4_msgs/msg/detail/estimator_selector_status__rosidl_typesupport_fastrtps_c.h\n'}
[2.571039] (px4_msgs) StdoutLine: {'line': b'-- Up-to-date: /home/px4/ros2/ws/install/px4_msgs/include/px4_msgs/px4_msgs/msg/detail/vehicle_rates_setpoint__rosidl_typesupport_fastrtps_c.h\n'}
[2.571140] (px4_msgs) StdoutLine: {'line': b'-- Up-to-date: /home/px4/ros2/ws/install/px4_msgs/include/px4_msgs/px4_msgs/msg/detail/task_stack_info__rosidl_typesupport_fastrtps_c.h\n'}
[2.571257] (px4_msgs) StdoutLine: {'line': b'-- Up-to-date: /home/px4/ros2/ws/install/px4_msgs/include/px4_msgs/px4_msgs/msg/detail/power_monitor__rosidl_typesupport_fastrtps_c.h\n'}
[2.571500] (px4_msgs) StdoutLine: {'line': b'-- Up-to-date: /home/px4/ros2/ws/install/px4_msgs/include/px4_msgs/px4_msgs/msg/detail/vehicle_optical_flow_vel__rosidl_typesupport_fastrtps_c.h\n'}
[2.571597] (px4_msgs) StdoutLine: {'line': b'-- Up-to-date: /home/px4/ros2/ws/install/px4_msgs/include/px4_msgs/px4_msgs/msg/detail/lateral_control_configuration__rosidl_typesupport_fastrtps_c.h\n'}
[2.571781] (px4_msgs) StdoutLine: {'line': b'-- Up-to-date: /home/px4/ros2/ws/install/px4_msgs/include/px4_msgs/px4_msgs/msg/detail/estimator_aid_source1d__rosidl_typesupport_fastrtps_c.h\n'}
[2.571885] (px4_msgs) StdoutLine: {'line': b'-- Up-to-date: /home/px4/ros2/ws/install/px4_msgs/include/px4_msgs/px4_msgs/msg/detail/dataman_response__rosidl_typesupport_fastrtps_c.h\n'}
[2.571962] (px4_msgs) StdoutLine: {'line': b'-- Up-to-date: /home/px4/ros2/ws/install/px4_msgs/include/px4_msgs/px4_msgs/msg/detail/estimator_bias__rosidl_typesupport_fastrtps_c.h\n'}
[2.572054] (px4_msgs) StdoutLine: {'line': b'-- Up-to-date: /home/px4/ros2/ws/install/px4_msgs/include/px4_msgs/px4_msgs/msg/detail/input_rc__rosidl_typesupport_fastrtps_c.h\n'}
[2.572529] (px4_msgs) StdoutLine: {'line': b'-- Up-to-date: /home/px4/ros2/ws/install/px4_msgs/include/px4_msgs/px4_msgs/msg/detail/yaw_estimator_status__rosidl_typesupport_fastrtps_c.h\n'}
[2.572737] (px4_msgs) StdoutLine: {'line': b'-- Up-to-date: /home/px4/ros2/ws/install/px4_msgs/include/px4_msgs/px4_msgs/msg/detail/offboard_control_mode__rosidl_typesupport_fastrtps_c.h\n'}
[2.572842] (px4_msgs) StdoutLine: {'line': b'-- Up-to-date: /home/px4/ros2/ws/install/px4_msgs/include/px4_msgs/px4_msgs/msg/detail/geofence_status__rosidl_typesupport_fastrtps_c.h\n'}
[2.572965] (px4_msgs) StdoutLine: {'line': b'-- Up-to-date: /home/px4/ros2/ws/install/px4_msgs/include/px4_msgs/px4_msgs/msg/detail/sensor_hygrometer__rosidl_typesupport_fastrtps_c.h\n'}
[2.573084] (px4_msgs) StdoutLine: {'line': b'-- Up-to-date: /home/px4/ros2/ws/install/px4_msgs/include/px4_msgs/px4_msgs/msg/detail/satellite_info__rosidl_typesupport_fastrtps_c.h\n'}
[2.573322] (px4_msgs) StdoutLine: {'line': b'-- Up-to-date: /home/px4/ros2/ws/install/px4_msgs/include/px4_msgs/px4_msgs/msg/rosidl_typesupport_fastrtps_c__visibility_control.h\n'}
[2.573427] (px4_msgs) StdoutLine: {'line': b'-- Up-to-date: /home/px4/ros2/ws/install/px4_msgs/include/px4_msgs/px4_msgs/srv\n'}
[2.573549] (px4_msgs) StdoutLine: {'line': b'-- Up-to-date: /home/px4/ros2/ws/install/px4_msgs/include/px4_msgs/px4_msgs/srv/detail\n'}
[2.573657] (px4_msgs) StdoutLine: {'line': b'-- Up-to-date: /home/px4/ros2/ws/install/px4_msgs/include/px4_msgs/px4_msgs/srv/detail/vehicle_command__rosidl_typesupport_fastrtps_c.h\n'}
[2.573865] (px4_msgs) StdoutLine: {'line': b'-- Up-to-date: /home/px4/ros2/ws/install/px4_msgs/lib/libpx4_msgs__rosidl_typesupport_fastrtps_c.so\n'}
[2.573978] (px4_msgs) StdoutLine: {'line': b'-- Up-to-date: /home/px4/ros2/ws/install/px4_msgs/include/px4_msgs/px4_msgs\n'}
[2.574204] (px4_msgs) StdoutLine: {'line': b'-- Up-to-date: /home/px4/ros2/ws/install/px4_msgs/include/px4_msgs/px4_msgs/msg\n'}
[2.574298] (px4_msgs) StdoutLine: {'line': b'-- Up-to-date: /home/px4/ros2/ws/install/px4_msgs/include/px4_msgs/px4_msgs/msg/parameter_update.hpp\n'}
[2.574394] (px4_msgs) StdoutLine: {'line': b'-- Up-to-date: /home/px4/ros2/ws/install/px4_msgs/include/px4_msgs/px4_msgs/msg/sensor_accel_fifo.hpp\n'}
[2.574668] (px4_msgs) StdoutLine: {'line': b'-- Up-to-date: /home/px4/ros2/ws/install/px4_msgs/include/px4_msgs/px4_msgs/msg/tiltrotor_extra_controls.hpp\n'}
[2.574771] (px4_msgs) StdoutLine: {'line': b'-- Up-to-date: /home/px4/ros2/ws/install/px4_msgs/include/px4_msgs/px4_msgs/msg/debug_value.hpp\n'}
[2.574867] (px4_msgs) StdoutLine: {'line': b'-- Up-to-date: /home/px4/ros2/ws/install/px4_msgs/include/px4_msgs/px4_msgs/msg/tecs_status.hpp\n'}
[2.574959] (px4_msgs) StdoutLine: {'line': b'-- Up-to-date: /home/px4/ros2/ws/install/px4_msgs/include/px4_msgs/px4_msgs/msg/lateral_control_configuration.hpp\n'}
[2.575130] (px4_msgs) StdoutLine: {'line': b'-- Up-to-date: /home/px4/ros2/ws/install/px4_msgs/include/px4_msgs/px4_msgs/msg/gripper.hpp\n'}
[2.575344] (px4_msgs) StdoutLine: {'line': b'-- Up-to-date: /home/px4/ros2/ws/install/px4_msgs/include/px4_msgs/px4_msgs/msg/vehicle_local_position_setpoint.hpp\n'}
[2.575454] (px4_msgs) StdoutLine: {'line': b'-- Up-to-date: /home/px4/ros2/ws/install/px4_msgs/include/px4_msgs/px4_msgs/msg/airspeed_validated.hpp\n'}
[2.575600] (px4_msgs) StdoutLine: {'line': b'-- Up-to-date: /home/px4/ros2/ws/install/px4_msgs/include/px4_msgs/px4_msgs/msg/velocity_limits.hpp\n'}
[2.575698] (px4_msgs) StdoutLine: {'line': b'-- Up-to-date: /home/px4/ros2/ws/install/px4_msgs/include/px4_msgs/px4_msgs/msg/qshell_retval.hpp\n'}
[2.575801] (px4_msgs) StdoutLine: {'line': b'-- Up-to-date: /home/px4/ros2/ws/install/px4_msgs/include/px4_msgs/px4_msgs/msg/navigator_mission_item.hpp\n'}
[2.576098] (px4_msgs) StdoutLine: {'line': b'-- Up-to-date: /home/px4/ros2/ws/install/px4_msgs/include/px4_msgs/px4_msgs/msg/vehicle_optical_flow_vel.hpp\n'}
[2.576539] (px4_msgs) StdoutLine: {'line': b'-- Up-to-date: /home/px4/ros2/ws/install/px4_msgs/include/px4_msgs/px4_msgs/msg/heater_status.hpp\n'}
[2.576648] (px4_msgs) StdoutLine: {'line': b'-- Up-to-date: /home/px4/ros2/ws/install/px4_msgs/include/px4_msgs/px4_msgs/msg/vehicle_thrust_setpoint.hpp\n'}
[2.576892] (px4_msgs) StdoutLine: {'line': b'-- Up-to-date: /home/px4/ros2/ws/install/px4_msgs/include/px4_msgs/px4_msgs/msg/internal_combustion_engine_control.hpp\n'}
[2.577283] (px4_msgs) StdoutLine: {'line': b'-- Up-to-date: /home/px4/ros2/ws/install/px4_msgs/include/px4_msgs/px4_msgs/msg/transponder_report.hpp\n'}
[2.577401] (px4_msgs) StdoutLine: {'line': b'-- Up-to-date: /home/px4/ros2/ws/install/px4_msgs/include/px4_msgs/px4_msgs/msg/fuel_tank_status.hpp\n'}
[2.577528] (px4_msgs) StdoutLine: {'line': b'-- Up-to-date: /home/px4/ros2/ws/install/px4_msgs/include/px4_msgs/px4_msgs/msg/uavcan_parameter_request.hpp\n'}
[2.577653] (px4_msgs) StdoutLine: {'line': b'-- Up-to-date: /home/px4/ros2/ws/install/px4_msgs/include/px4_msgs/px4_msgs/msg/position_controller_status.hpp\n'}
[2.577780] (px4_msgs) StdoutLine: {'line': b'-- Up-to-date: /home/px4/ros2/ws/install/px4_msgs/include/px4_msgs/px4_msgs/msg/onboard_computer_status.hpp\n'}
[2.578031] (px4_msgs) StdoutLine: {'line': b'-- Up-to-date: /home/px4/ros2/ws/install/px4_msgs/include/px4_msgs/px4_msgs/msg/message_format_response.hpp\n'}
[2.578120] (px4_msgs) StdoutLine: {'line': b'-- Up-to-date: /home/px4/ros2/ws/install/px4_msgs/include/px4_msgs/px4_msgs/msg/fixed_wing_lateral_setpoint.hpp\n'}
[2.578293] (px4_msgs) StdoutLine: {'line': b'-- Up-to-date: /home/px4/ros2/ws/install/px4_msgs/include/px4_msgs/px4_msgs/msg/rtl_time_estimate.hpp\n'}
[2.578440] (px4_msgs) StdoutLine: {'line': b'-- Up-to-date: /home/px4/ros2/ws/install/px4_msgs/include/px4_msgs/px4_msgs/msg/iridiumsbd_status.hpp\n'}
[2.578563] (px4_msgs) StdoutLine: {'line': b'-- Up-to-date: /home/px4/ros2/ws/install/px4_msgs/include/px4_msgs/px4_msgs/msg/rover_attitude_setpoint.hpp\n'}
[2.578645] (px4_msgs) StdoutLine: {'line': b'-- Up-to-date: /home/px4/ros2/ws/install/px4_msgs/include/px4_msgs/px4_msgs/msg/open_drone_id_system.hpp\n'}
[2.578767] (px4_msgs) StdoutLine: {'line': b'-- Up-to-date: /home/px4/ros2/ws/install/px4_msgs/include/px4_msgs/px4_msgs/msg/vehicle_attitude.hpp\n'}
[2.578869] (px4_msgs) StdoutLine: {'line': b'-- Up-to-date: /home/px4/ros2/ws/install/px4_msgs/include/px4_msgs/px4_msgs/msg/arming_check_request.hpp\n'}
[2.578985] (px4_msgs) StdoutLine: {'line': b'-- Up-to-date: /home/px4/ros2/ws/install/px4_msgs/include/px4_msgs/px4_msgs/msg/gpio_config.hpp\n'}
[2.579107] (px4_msgs) StdoutLine: {'line': b'-- Up-to-date: /home/px4/ros2/ws/install/px4_msgs/include/px4_msgs/px4_msgs/msg/sensor_gnss_relative.hpp\n'}
[2.579198] (px4_msgs) StdoutLine: {'line': b'-- Up-to-date: /home/px4/ros2/ws/install/px4_msgs/include/px4_msgs/px4_msgs/msg/sensor_gyro_fifo.hpp\n'}
[2.579372] (px4_msgs) StdoutLine: {'line': b'-- Up-to-date: /home/px4/ros2/ws/install/px4_msgs/include/px4_msgs/px4_msgs/msg/detail\n'}
[2.579454] (px4_msgs) StdoutLine: {'line': b'-- Up-to-date: /home/px4/ros2/ws/install/px4_msgs/include/px4_msgs/px4_msgs/msg/detail/neural_control__struct.hpp\n'}
[2.579533] (px4_msgs) StdoutLine: {'line': b'-- Up-to-date: /home/px4/ros2/ws/install/px4_msgs/include/px4_msgs/px4_msgs/msg/detail/estimator_bias3d__traits.hpp\n'}
[2.579685] (px4_msgs) StdoutLine: {'line': b'-- Up-to-date: /home/px4/ros2/ws/install/px4_msgs/include/px4_msgs/px4_msgs/msg/detail/parameter_set_used_request__type_support.hpp\n'}
[2.579837] (px4_msgs) StdoutLine: {'line': b'-- Up-to-date: /home/px4/ros2/ws/install/px4_msgs/include/px4_msgs/px4_msgs/msg/detail/task_stack_info__traits.hpp\n'}
[2.579984] (px4_msgs) StdoutLine: {'line': b'-- Up-to-date: /home/px4/ros2/ws/install/px4_msgs/include/px4_msgs/px4_msgs/msg/detail/estimator_bias__traits.hpp\n'}
[2.580140] (px4_msgs) StdoutLine: {'line': b'-- Up-to-date: /home/px4/ros2/ws/install/px4_msgs/include/px4_msgs/px4_msgs/msg/detail/tune_control__type_support.hpp\n'}
[2.580325] (px4_msgs) StdoutLine: {'line': b'-- Up-to-date: /home/px4/ros2/ws/install/px4_msgs/include/px4_msgs/px4_msgs/msg/detail/dronecan_node_status__builder.hpp\n'}
[2.580624] (px4_msgs) StdoutLine: {'line': b'-- Up-to-date: /home/px4/ros2/ws/install/px4_msgs/include/px4_msgs/px4_msgs/msg/detail/normalized_unsigned_setpoint__type_support.hpp\n'}
[2.580753] (px4_msgs) StdoutLine: {'line': b'-- Up-to-date: /home/px4/ros2/ws/install/px4_msgs/include/px4_msgs/px4_msgs/msg/detail/rover_attitude_status__type_support.hpp\n'}
[2.581050] (px4_msgs) StdoutLine: {'line': b'-- Up-to-date: /home/px4/ros2/ws/install/px4_msgs/include/px4_msgs/px4_msgs/msg/detail/irlock_report__traits.hpp\n'}
[2.581182] (px4_msgs) StdoutLine: {'line': b'-- Up-to-date: /home/px4/ros2/ws/install/px4_msgs/include/px4_msgs/px4_msgs/msg/detail/parameter_update__traits.hpp\n'}
[2.581462] (px4_msgs) StdoutLine: {'line': b'-- Up-to-date: /home/px4/ros2/ws/install/px4_msgs/include/px4_msgs/px4_msgs/msg/detail/estimator_aid_source3d__traits.hpp\n'}
[2.581635] (px4_msgs) StdoutLine: {'line': b'-- Up-to-date: /home/px4/ros2/ws/install/px4_msgs/include/px4_msgs/px4_msgs/msg/detail/gimbal_controls__traits.hpp\n'}
[2.581789] (px4_msgs) StdoutLine: {'line': b'-- Up-to-date: /home/px4/ros2/ws/install/px4_msgs/include/px4_msgs/px4_msgs/msg/detail/internal_combustion_engine_control__struct.hpp\n'}
[2.582034] (px4_msgs) StdoutLine: {'line': b'-- Up-to-date: /home/px4/ros2/ws/install/px4_msgs/include/px4_msgs/px4_msgs/msg/detail/sensor_preflight_mag__traits.hpp\n'}
[2.582223] (px4_msgs) StdoutLine: {'line': b'-- Up-to-date: /home/px4/ros2/ws/install/px4_msgs/include/px4_msgs/px4_msgs/msg/detail/sensor_gyro_fifo__traits.hpp\n'}
[2.582410] (px4_msgs) StdoutLine: {'line': b'-- Up-to-date: /home/px4/ros2/ws/install/px4_msgs/include/px4_msgs/px4_msgs/msg/detail/dataman_response__type_support.hpp\n'}
[2.582530] (px4_msgs) StdoutLine: {'line': b'-- Up-to-date: /home/px4/ros2/ws/install/px4_msgs/include/px4_msgs/px4_msgs/msg/detail/system_power__builder.hpp\n'}
[2.582622] (px4_msgs) StdoutLine: {'line': b'-- Up-to-date: /home/px4/ros2/ws/install/px4_msgs/include/px4_msgs/px4_msgs/msg/detail/estimator_states__builder.hpp\n'}
[2.582768] (px4_msgs) StdoutLine: {'line': b'-- Up-to-date: /home/px4/ros2/ws/install/px4_msgs/include/px4_msgs/px4_msgs/msg/detail/ping__builder.hpp\n'}
[2.582853] (px4_msgs) StdoutLine: {'line': b'-- Up-to-date: /home/px4/ros2/ws/install/px4_msgs/include/px4_msgs/px4_msgs/msg/detail/normalized_unsigned_setpoint__traits.hpp\n'}
[2.583008] (px4_msgs) StdoutLine: {'line': b'-- Up-to-date: /home/px4/ros2/ws/install/px4_msgs/include/px4_msgs/px4_msgs/msg/detail/orb_test_large__builder.hpp\n'}
[2.583239] (px4_msgs) StdoutLine: {'line': b'-- Up-to-date: /home/px4/ros2/ws/install/px4_msgs/include/px4_msgs/px4_msgs/msg/detail/gimbal_device_information__type_support.hpp\n'}
[2.583462] (px4_msgs) StdoutLine: {'line': b'-- Up-to-date: /home/px4/ros2/ws/install/px4_msgs/include/px4_msgs/px4_msgs/msg/detail/rtl_time_estimate__traits.hpp\n'}
[2.583553] (px4_msgs) StdoutLine: {'line': b'-- Up-to-date: /home/px4/ros2/ws/install/px4_msgs/include/px4_msgs/px4_msgs/msg/detail/sensor_accel_fifo__struct.hpp\n'}
[2.583736] (px4_msgs) StdoutLine: {'line': b'-- Up-to-date: /home/px4/ros2/ws/install/px4_msgs/include/px4_msgs/px4_msgs/msg/detail/estimator_bias__builder.hpp\n'}
[2.583874] (px4_msgs) StdoutLine: {'line': b'-- Up-to-date: /home/px4/ros2/ws/install/px4_msgs/include/px4_msgs/px4_msgs/msg/detail/estimator_status_flags__type_support.hpp\n'}
[2.584150] (px4_msgs) StdoutLine: {'line': b'-- Up-to-date: /home/px4/ros2/ws/install/px4_msgs/include/px4_msgs/px4_msgs/msg/detail/vehicle_angular_acceleration_setpoint__struct.hpp\n'}
[2.584299] (px4_msgs) StdoutLine: {'line': b'-- Up-to-date: /home/px4/ros2/ws/install/px4_msgs/include/px4_msgs/px4_msgs/msg/detail/generator_status__type_support.hpp\n'}
[2.584408] (px4_msgs) StdoutLine: {'line': b'-- Up-to-date: /home/px4/ros2/ws/install/px4_msgs/include/px4_msgs/px4_msgs/msg/detail/launch_detection_status__type_support.hpp\n'}
[2.584559] (px4_msgs) StdoutLine: {'line': b'-- Up-to-date: /home/px4/ros2/ws/install/px4_msgs/include/px4_msgs/px4_msgs/msg/detail/takeoff_status__traits.hpp\n'}
[2.584694] (px4_msgs) StdoutLine: {'line': b'-- Up-to-date: /home/px4/ros2/ws/install/px4_msgs/include/px4_msgs/px4_msgs/msg/detail/orb_test_medium__type_support.hpp\n'}
[2.584823] (px4_msgs) StdoutLine: {'line': b'-- Up-to-date: /home/px4/ros2/ws/install/px4_msgs/include/px4_msgs/px4_msgs/msg/detail/sensor_combined__traits.hpp\n'}
[2.585128] (px4_msgs) StdoutLine: {'line': b'-- Up-to-date: /home/px4/ros2/ws/install/px4_msgs/include/px4_msgs/px4_msgs/msg/detail/mission_result__type_support.hpp\n'}
[2.585410] (px4_msgs) StdoutLine: {'line': b'-- Up-to-date: /home/px4/ros2/ws/install/px4_msgs/include/px4_msgs/px4_msgs/msg/detail/open_drone_id_self_id__struct.hpp\n'}
[2.585529] (px4_msgs) StdoutLine: {'line': b'-- Up-to-date: /home/px4/ros2/ws/install/px4_msgs/include/px4_msgs/px4_msgs/msg/detail/failsafe_flags__struct.hpp\n'}
[2.585652] (px4_msgs) StdoutLine: {'line': b'-- Up-to-date: /home/px4/ros2/ws/install/px4_msgs/include/px4_msgs/px4_msgs/msg/detail/sensor_combined__builder.hpp\n'}
[2.586033] (px4_msgs) StdoutLine: {'line': b'-- Up-to-date: /home/px4/ros2/ws/install/px4_msgs/include/px4_msgs/px4_msgs/msg/detail/onboard_computer_status__traits.hpp\n'}
[2.586155] (px4_msgs) StdoutLine: {'line': b'-- Up-to-date: /home/px4/ros2/ws/install/px4_msgs/include/px4_msgs/px4_msgs/msg/detail/navigator_status__type_support.hpp\n'}
[2.586310] (px4_msgs) StdoutLine: {'line': b'-- Up-to-date: /home/px4/ros2/ws/install/px4_msgs/include/px4_msgs/px4_msgs/msg/detail/battery_status__traits.hpp\n'}
[2.586393] (px4_msgs) StdoutLine: {'line': b'-- Up-to-date: /home/px4/ros2/ws/install/px4_msgs/include/px4_msgs/px4_msgs/msg/detail/estimator_status__builder.hpp\n'}
[2.586479] (px4_msgs) StdoutLine: {'line': b'-- Up-to-date: /home/px4/ros2/ws/install/px4_msgs/include/px4_msgs/px4_msgs/msg/detail/vehicle_magnetometer__builder.hpp\n'}
[2.586567] (px4_msgs) StdoutLine: {'line': b'-- Up-to-date: /home/px4/ros2/ws/install/px4_msgs/include/px4_msgs/px4_msgs/msg/detail/sensor_preflight_mag__struct.hpp\n'}
[2.586645] (px4_msgs) StdoutLine: {'line': b'-- Up-to-date: /home/px4/ros2/ws/install/px4_msgs/include/px4_msgs/px4_msgs/msg/detail/lateral_control_configuration__traits.hpp\n'}
[2.586718] (px4_msgs) StdoutLine: {'line': b'-- Up-to-date: /home/px4/ros2/ws/install/px4_msgs/include/px4_msgs/px4_msgs/msg/detail/mavlink_tunnel__builder.hpp\n'}
[2.586782] (px4_msgs) StdoutLine: {'line': b'-- Up-to-date: /home/px4/ros2/ws/install/px4_msgs/include/px4_msgs/px4_msgs/msg/detail/estimator_aid_source1d__struct.hpp\n'}
[2.586850] (px4_msgs) StdoutLine: {'line': b'-- Up-to-date: /home/px4/ros2/ws/install/px4_msgs/include/px4_msgs/px4_msgs/msg/detail/iridiumsbd_status__struct.hpp\n'}
[2.586924] (px4_msgs) StdoutLine: {'line': b'-- Up-to-date: /home/px4/ros2/ws/install/px4_msgs/include/px4_msgs/px4_msgs/msg/detail/parameter_set_value_request__struct.hpp\n'}
[2.586989] (px4_msgs) StdoutLine: {'line': b'-- Up-to-date: /home/px4/ros2/ws/install/px4_msgs/include/px4_msgs/px4_msgs/msg/detail/position_controller_landing_status__struct.hpp\n'}
[2.587052] (px4_msgs) StdoutLine: {'line': b'-- Up-to-date: /home/px4/ros2/ws/install/px4_msgs/include/px4_msgs/px4_msgs/msg/detail/ekf2_timestamps__traits.hpp\n'}
[2.587117] (px4_msgs) StdoutLine: {'line': b'-- Up-to-date: /home/px4/ros2/ws/install/px4_msgs/include/px4_msgs/px4_msgs/msg/detail/parameter_reset_request__struct.hpp\n'}
[2.587205] (px4_msgs) StdoutLine: {'line': b'-- Up-to-date: /home/px4/ros2/ws/install/px4_msgs/include/px4_msgs/px4_msgs/msg/detail/rover_rate_setpoint__struct.hpp\n'}
[2.587285] (px4_msgs) StdoutLine: {'line': b'-- Up-to-date: /home/px4/ros2/ws/install/px4_msgs/include/px4_msgs/px4_msgs/msg/detail/power_button_state__builder.hpp\n'}
[2.587350] (px4_msgs) StdoutLine: {'line': b'-- Up-to-date: /home/px4/ros2/ws/install/px4_msgs/include/px4_msgs/px4_msgs/msg/detail/gimbal_manager_set_attitude__type_support.hpp\n'}
[2.587414] (px4_msgs) StdoutLine: {'line': b'-- Up-to-date: /home/px4/ros2/ws/install/px4_msgs/include/px4_msgs/px4_msgs/msg/detail/parameter_set_value_response__builder.hpp\n'}
[2.587490] (px4_msgs) StdoutLine: {'line': b'-- Up-to-date: /home/px4/ros2/ws/install/px4_msgs/include/px4_msgs/px4_msgs/msg/detail/rover_position_setpoint__struct.hpp\n'}
[2.587555] (px4_msgs) StdoutLine: {'line': b'-- Up-to-date: /home/px4/ros2/ws/install/px4_msgs/include/px4_msgs/px4_msgs/msg/detail/sensor_accel__type_support.hpp\n'}
[2.587617] (px4_msgs) StdoutLine: {'line': b'-- Up-to-date: /home/px4/ros2/ws/install/px4_msgs/include/px4_msgs/px4_msgs/msg/detail/estimator_aid_source2d__builder.hpp\n'}
[2.587692] (px4_msgs) StdoutLine: {'line': b'-- Up-to-date: /home/px4/ros2/ws/install/px4_msgs/include/px4_msgs/px4_msgs/msg/detail/obstacle_distance__traits.hpp\n'}
[2.587758] (px4_msgs) StdoutLine: {'line': b'-- Up-to-date: /home/px4/ros2/ws/install/px4_msgs/include/px4_msgs/px4_msgs/msg/detail/power_monitor__struct.hpp\n'}
[2.587818] (px4_msgs) StdoutLine: {'line': b'-- Up-to-date: /home/px4/ros2/ws/install/px4_msgs/include/px4_msgs/px4_msgs/msg/detail/trajectory_setpoint6dof__type_support.hpp\n'}
[2.587879] (px4_msgs) StdoutLine: {'line': b'-- Up-to-date: /home/px4/ros2/ws/install/px4_msgs/include/px4_msgs/px4_msgs/msg/detail/launch_detection_status__struct.hpp\n'}
[2.587940] (px4_msgs) StdoutLine: {'line': b'-- Up-to-date: /home/px4/ros2/ws/install/px4_msgs/include/px4_msgs/px4_msgs/msg/detail/navigator_status__traits.hpp\n'}
[2.588000] (px4_msgs) StdoutLine: {'line': b'-- Up-to-date: /home/px4/ros2/ws/install/px4_msgs/include/px4_msgs/px4_msgs/msg/detail/airspeed_validated__struct.hpp\n'}
[2.588061] (px4_msgs) StdoutLine: {'line': b'-- Up-to-date: /home/px4/ros2/ws/install/px4_msgs/include/px4_msgs/px4_msgs/msg/detail/onboard_computer_status__struct.hpp\n'}
[2.588120] (px4_msgs) StdoutLine: {'line': b'-- Up-to-date: /home/px4/ros2/ws/install/px4_msgs/include/px4_msgs/px4_msgs/msg/detail/autotune_attitude_control_status__struct.hpp\n'}
[2.588180] (px4_msgs) StdoutLine: {'line': b'-- Up-to-date: /home/px4/ros2/ws/install/px4_msgs/include/px4_msgs/px4_msgs/msg/detail/estimator_bias3d__struct.hpp\n'}
[2.588264] (px4_msgs) StdoutLine: {'line': b'-- Up-to-date: /home/px4/ros2/ws/install/px4_msgs/include/px4_msgs/px4_msgs/msg/detail/actuator_outputs__struct.hpp\n'}
[2.588329] (px4_msgs) StdoutLine: {'line': b'-- Up-to-date: /home/px4/ros2/ws/install/px4_msgs/include/px4_msgs/px4_msgs/msg/detail/orb_test__builder.hpp\n'}
[2.588390] (px4_msgs) StdoutLine: {'line': b'-- Up-to-date: /home/px4/ros2/ws/install/px4_msgs/include/px4_msgs/px4_msgs/msg/detail/transponder_report__traits.hpp\n'}
[2.588450] (px4_msgs) StdoutLine: {'line': b'-- Up-to-date: /home/px4/ros2/ws/install/px4_msgs/include/px4_msgs/px4_msgs/msg/detail/actuator_outputs__builder.hpp\n'}
[2.588510] (px4_msgs) StdoutLine: {'line': b'-- Up-to-date: /home/px4/ros2/ws/install/px4_msgs/include/px4_msgs/px4_msgs/msg/detail/rover_position_setpoint__builder.hpp\n'}
[2.588568] (px4_msgs) StdoutLine: {'line': b'-- Up-to-date: /home/px4/ros2/ws/install/px4_msgs/include/px4_msgs/px4_msgs/msg/detail/camera_trigger__struct.hpp\n'}
[2.588643] (px4_msgs) StdoutLine: {'line': b'-- Up-to-date: /home/px4/ros2/ws/install/px4_msgs/include/px4_msgs/px4_msgs/msg/detail/tecs_status__struct.hpp\n'}
[2.588703] (px4_msgs) StdoutLine: {'line': b'-- Up-to-date: /home/px4/ros2/ws/install/px4_msgs/include/px4_msgs/px4_msgs/msg/detail/rtl_status__traits.hpp\n'}
[2.588772] (px4_msgs) StdoutLine: {'line': b'-- Up-to-date: /home/px4/ros2/ws/install/px4_msgs/include/px4_msgs/px4_msgs/msg/detail/distance_sensor_mode_change_request__traits.hpp\n'}
[2.588833] (px4_msgs) StdoutLine: {'line': b'-- Up-to-date: /home/px4/ros2/ws/install/px4_msgs/include/px4_msgs/px4_msgs/msg/detail/uavcan_parameter_value__type_support.hpp\n'}
[2.588889] (px4_msgs) StdoutLine: {'line': b'-- Up-to-date: /home/px4/ros2/ws/install/px4_msgs/include/px4_msgs/px4_msgs/msg/detail/sensors_status__type_support.hpp\n'}
[2.588957] (px4_msgs) StdoutLine: {'line': b'-- Up-to-date: /home/px4/ros2/ws/install/px4_msgs/include/px4_msgs/px4_msgs/msg/detail/gpio_request__traits.hpp\n'}
[2.589031] (px4_msgs) StdoutLine: {'line': b'-- Up-to-date: /home/px4/ros2/ws/install/px4_msgs/include/px4_msgs/px4_msgs/msg/detail/distance_sensor_mode_change_request__type_support.hpp\n'}
[2.589107] (px4_msgs) StdoutLine: {'line': b'-- Up-to-date: /home/px4/ros2/ws/install/px4_msgs/include/px4_msgs/px4_msgs/msg/detail/orb_test__struct.hpp\n'}
[2.589286] (px4_msgs) StdoutLine: {'line': b'-- Up-to-date: /home/px4/ros2/ws/install/px4_msgs/include/px4_msgs/px4_msgs/msg/detail/rtl_time_estimate__builder.hpp\n'}
[2.589385] (px4_msgs) StdoutLine: {'line': b'-- Up-to-date: /home/px4/ros2/ws/install/px4_msgs/include/px4_msgs/px4_msgs/msg/detail/vehicle_constraints__struct.hpp\n'}
[2.589463] (px4_msgs) StdoutLine: {'line': b'-- Up-to-date: /home/px4/ros2/ws/install/px4_msgs/include/px4_msgs/px4_msgs/msg/detail/rpm__type_support.hpp\n'}
[2.589532] (px4_msgs) StdoutLine: {'line': b'-- Up-to-date: /home/px4/ros2/ws/install/px4_msgs/include/px4_msgs/px4_msgs/msg/detail/geofence_result__type_support.hpp\n'}
[2.589611] (px4_msgs) StdoutLine: {'line': b'-- Up-to-date: /home/px4/ros2/ws/install/px4_msgs/include/px4_msgs/px4_msgs/msg/detail/internal_combustion_engine_control__traits.hpp\n'}
[2.589707] (px4_msgs) StdoutLine: {'line': b'-- Up-to-date: /home/px4/ros2/ws/install/px4_msgs/include/px4_msgs/px4_msgs/msg/detail/config_overrides__struct.hpp\n'}
[2.589809] (px4_msgs) StdoutLine: {'line': b'-- Up-to-date: /home/px4/ros2/ws/install/px4_msgs/include/px4_msgs/px4_msgs/msg/detail/uavcan_parameter_request__traits.hpp\n'}
[2.589880] (px4_msgs) StdoutLine: {'line': b'-- Up-to-date: /home/px4/ros2/ws/install/px4_msgs/include/px4_msgs/px4_msgs/msg/detail/offboard_control_mode__builder.hpp\n'}
[2.589955] (px4_msgs) StdoutLine: {'line': b'-- Up-to-date: /home/px4/ros2/ws/install/px4_msgs/include/px4_msgs/px4_msgs/msg/detail/orb_test_large__struct.hpp\n'}
[2.590048] (px4_msgs) StdoutLine: {'line': b'-- Up-to-date: /home/px4/ros2/ws/install/px4_msgs/include/px4_msgs/px4_msgs/msg/detail/config_overrides__type_support.hpp\n'}
[2.590116] (px4_msgs) StdoutLine: {'line': b'-- Up-to-date: /home/px4/ros2/ws/install/px4_msgs/include/px4_msgs/px4_msgs/msg/detail/message_format_response__traits.hpp\n'}
[2.590207] (px4_msgs) StdoutLine: {'line': b'-- Up-to-date: /home/px4/ros2/ws/install/px4_msgs/include/px4_msgs/px4_msgs/msg/detail/internal_combustion_engine_control__builder.hpp\n'}
[2.590326] (px4_msgs) StdoutLine: {'line': b'-- Up-to-date: /home/px4/ros2/ws/install/px4_msgs/include/px4_msgs/px4_msgs/msg/detail/estimator_aid_source2d__traits.hpp\n'}
[2.590416] (px4_msgs) StdoutLine: {'line': b'-- Up-to-date: /home/px4/ros2/ws/install/px4_msgs/include/px4_msgs/px4_msgs/msg/detail/offboard_control_mode__struct.hpp\n'}
[2.590512] (px4_msgs) StdoutLine: {'line': b'-- Up-to-date: /home/px4/ros2/ws/install/px4_msgs/include/px4_msgs/px4_msgs/msg/detail/log_message__struct.hpp\n'}
[2.590623] (px4_msgs) StdoutLine: {'line': b'-- Up-to-date: /home/px4/ros2/ws/install/px4_msgs/include/px4_msgs/px4_msgs/msg/detail/figure_eight_status__traits.hpp\n'}
[2.590771] (px4_msgs) StdoutLine: {'line': b'-- Up-to-date: /home/px4/ros2/ws/install/px4_msgs/include/px4_msgs/px4_msgs/msg/detail/failure_detector_status__builder.hpp\n'}
[2.590966] (px4_msgs) StdoutLine: {'line': b'-- Up-to-date: /home/px4/ros2/ws/install/px4_msgs/include/px4_msgs/px4_msgs/msg/detail/navigator_status__struct.hpp\n'}
[2.591097] (px4_msgs) StdoutLine: {'line': b'-- Up-to-date: /home/px4/ros2/ws/install/px4_msgs/include/px4_msgs/px4_msgs/msg/detail/parameter_set_value_response__type_support.hpp\n'}
[2.591223] (px4_msgs) StdoutLine: {'line': b'-- Up-to-date: /home/px4/ros2/ws/install/px4_msgs/include/px4_msgs/px4_msgs/msg/detail/estimator_bias__type_support.hpp\n'}
[2.591389] (px4_msgs) StdoutLine: {'line': b'-- Up-to-date: /home/px4/ros2/ws/install/px4_msgs/include/px4_msgs/px4_msgs/msg/detail/gps_inject_data__traits.hpp\n'}
[2.591462] (px4_msgs) StdoutLine: {'line': b'-- Up-to-date: /home/px4/ros2/ws/install/px4_msgs/include/px4_msgs/px4_msgs/msg/detail/vehicle_attitude_setpoint__type_support.hpp\n'}
[2.591545] (px4_msgs) StdoutLine: {'line': b'-- Up-to-date: /home/px4/ros2/ws/install/px4_msgs/include/px4_msgs/px4_msgs/msg/detail/rover_velocity_status__type_support.hpp\n'}
[2.591621] (px4_msgs) StdoutLine: {'line': b'-- Up-to-date: /home/px4/ros2/ws/install/px4_msgs/include/px4_msgs/px4_msgs/msg/detail/gimbal_device_set_attitude__struct.hpp\n'}
[2.591685] (px4_msgs) StdoutLine: {'line': b'-- Up-to-date: /home/px4/ros2/ws/install/px4_msgs/include/px4_msgs/px4_msgs/msg/detail/vehicle_angular_acceleration_setpoint__type_support.hpp\n'}
[2.591794] (px4_msgs) StdoutLine: {'line': b'-- Up-to-date: /home/px4/ros2/ws/install/px4_msgs/include/px4_msgs/px4_msgs/msg/detail/landing_gear_wheel__type_support.hpp\n'}
[2.591861] (px4_msgs) StdoutLine: {'line': b'-- Up-to-date: /home/px4/ros2/ws/install/px4_msgs/include/px4_msgs/px4_msgs/msg/detail/manual_control_setpoint__type_support.hpp\n'}
[2.591923] (px4_msgs) StdoutLine: {'line': b'-- Up-to-date: /home/px4/ros2/ws/install/px4_msgs/include/px4_msgs/px4_msgs/msg/detail/vehicle_command__type_support.hpp\n'}
[2.591993] (px4_msgs) StdoutLine: {'line': b'-- Up-to-date: /home/px4/ros2/ws/install/px4_msgs/include/px4_msgs/px4_msgs/msg/detail/follow_target_estimator__struct.hpp\n'}
[2.592083] (px4_msgs) StdoutLine: {'line': b'-- Up-to-date: /home/px4/ros2/ws/install/px4_msgs/include/px4_msgs/px4_msgs/msg/detail/gimbal_manager_status__traits.hpp\n'}
[2.592177] (px4_msgs) StdoutLine: {'line': b'-- Up-to-date: /home/px4/ros2/ws/install/px4_msgs/include/px4_msgs/px4_msgs/msg/detail/radio_status__struct.hpp\n'}
[2.592293] (px4_msgs) StdoutLine: {'line': b'-- Up-to-date: /home/px4/ros2/ws/install/px4_msgs/include/px4_msgs/px4_msgs/msg/detail/sensor_airflow__type_support.hpp\n'}
[2.592364] (px4_msgs) StdoutLine: {'line': b'-- Up-to-date: /home/px4/ros2/ws/install/px4_msgs/include/px4_msgs/px4_msgs/msg/detail/landing_target_pose__struct.hpp\n'}
[2.592429] (px4_msgs) StdoutLine: {'line': b'-- Up-to-date: /home/px4/ros2/ws/install/px4_msgs/include/px4_msgs/px4_msgs/msg/detail/actuator_controls_status__traits.hpp\n'}
[2.592518] (px4_msgs) StdoutLine: {'line': b'-- Up-to-date: /home/px4/ros2/ws/install/px4_msgs/include/px4_msgs/px4_msgs/msg/detail/vehicle_control_mode__type_support.hpp\n'}
[2.592611] (px4_msgs) StdoutLine: {'line': b'-- Up-to-date: /home/px4/ros2/ws/install/px4_msgs/include/px4_msgs/px4_msgs/msg/detail/rover_velocity_status__traits.hpp\n'}
[2.592758] (px4_msgs) StdoutLine: {'line': b'-- Up-to-date: /home/px4/ros2/ws/install/px4_msgs/include/px4_msgs/px4_msgs/msg/detail/gimbal_manager_set_manual_control__type_support.hpp\n'}
[2.592867] (px4_msgs) StdoutLine: {'line': b'-- Up-to-date: /home/px4/ros2/ws/install/px4_msgs/include/px4_msgs/px4_msgs/msg/detail/actuator_controls_status__type_support.hpp\n'}
[2.592978] (px4_msgs) StdoutLine: {'line': b'-- Up-to-date: /home/px4/ros2/ws/install/px4_msgs/include/px4_msgs/px4_msgs/msg/detail/rover_throttle_setpoint__type_support.hpp\n'}
[2.593058] (px4_msgs) StdoutLine: {'line': b'-- Up-to-date: /home/px4/ros2/ws/install/px4_msgs/include/px4_msgs/px4_msgs/msg/detail/estimator_bias__struct.hpp\n'}
[2.593138] (px4_msgs) StdoutLine: {'line': b'-- Up-to-date: /home/px4/ros2/ws/install/px4_msgs/include/px4_msgs/px4_msgs/msg/detail/vehicle_local_position__struct.hpp\n'}
[2.593262] (px4_msgs) StdoutLine: {'line': b'-- Up-to-date: /home/px4/ros2/ws/install/px4_msgs/include/px4_msgs/px4_msgs/msg/detail/fixed_wing_lateral_guidance_status__builder.hpp\n'}
[2.593393] (px4_msgs) StdoutLine: {'line': b'-- Up-to-date: /home/px4/ros2/ws/install/px4_msgs/include/px4_msgs/px4_msgs/msg/detail/uavcan_parameter_value__struct.hpp\n'}
[2.593469] (px4_msgs) StdoutLine: {'line': b'-- Up-to-date: /home/px4/ros2/ws/install/px4_msgs/include/px4_msgs/px4_msgs/msg/detail/open_drone_id_self_id__builder.hpp\n'}
[2.593566] (px4_msgs) StdoutLine: {'line': b'-- Up-to-date: /home/px4/ros2/ws/install/px4_msgs/include/px4_msgs/px4_msgs/msg/detail/qshell_req__builder.hpp\n'}
[2.593674] (px4_msgs) StdoutLine: {'line': b'-- Up-to-date: /home/px4/ros2/ws/install/px4_msgs/include/px4_msgs/px4_msgs/msg/detail/vehicle_thrust_setpoint__traits.hpp\n'}
[2.593790] (px4_msgs) StdoutLine: {'line': b'-- Up-to-date: /home/px4/ros2/ws/install/px4_msgs/include/px4_msgs/px4_msgs/msg/detail/mode_completed__traits.hpp\n'}
[2.593906] (px4_msgs) StdoutLine: {'line': b'-- Up-to-date: /home/px4/ros2/ws/install/px4_msgs/include/px4_msgs/px4_msgs/msg/detail/adc_report__type_support.hpp\n'}
[2.594012] (px4_msgs) StdoutLine: {'line': b'-- Up-to-date: /home/px4/ros2/ws/install/px4_msgs/include/px4_msgs/px4_msgs/msg/detail/battery_info__traits.hpp\n'}
[2.594114] (px4_msgs) StdoutLine: {'line': b'-- Up-to-date: /home/px4/ros2/ws/install/px4_msgs/include/px4_msgs/px4_msgs/msg/detail/rtl_status__struct.hpp\n'}
[2.594247] (px4_msgs) StdoutLine: {'line': b'-- Up-to-date: /home/px4/ros2/ws/install/px4_msgs/include/px4_msgs/px4_msgs/msg/detail/parameter_reset_request__type_support.hpp\n'}
[2.594397] (px4_msgs) StdoutLine: {'line': b'-- Up-to-date: /home/px4/ros2/ws/install/px4_msgs/include/px4_msgs/px4_msgs/msg/detail/iridiumsbd_status__type_support.hpp\n'}
[2.594500] (px4_msgs) StdoutLine: {'line': b'-- Up-to-date: /home/px4/ros2/ws/install/px4_msgs/include/px4_msgs/px4_msgs/msg/detail/follow_target_status__type_support.hpp\n'}
[2.594575] (px4_msgs) StdoutLine: {'line': b'-- Up-to-date: /home/px4/ros2/ws/install/px4_msgs/include/px4_msgs/px4_msgs/msg/detail/sensor_baro__traits.hpp\n'}
[2.594642] (px4_msgs) StdoutLine: {'line': b'-- Up-to-date: /home/px4/ros2/ws/install/px4_msgs/include/px4_msgs/px4_msgs/msg/detail/obstacle_distance__builder.hpp\n'}
[2.594725] (px4_msgs) StdoutLine: {'line': b'-- Up-to-date: /home/px4/ros2/ws/install/px4_msgs/include/px4_msgs/px4_msgs/msg/detail/esc_status__traits.hpp\n'}
[2.594795] (px4_msgs) StdoutLine: {'line': b'-- Up-to-date: /home/px4/ros2/ws/install/px4_msgs/include/px4_msgs/px4_msgs/msg/detail/open_drone_id_arm_status__type_support.hpp\n'}
[2.594860] (px4_msgs) StdoutLine: {'line': b'-- Up-to-date: /home/px4/ros2/ws/install/px4_msgs/include/px4_msgs/px4_msgs/msg/detail/estimator_aid_source2d__struct.hpp\n'}
[2.594931] (px4_msgs) StdoutLine: {'line': b'-- Up-to-date: /home/px4/ros2/ws/install/px4_msgs/include/px4_msgs/px4_msgs/msg/detail/tecs_status__type_support.hpp\n'}
[2.595018] (px4_msgs) StdoutLine: {'line': b'-- Up-to-date: /home/px4/ros2/ws/install/px4_msgs/include/px4_msgs/px4_msgs/msg/detail/gimbal_device_attitude_status__struct.hpp\n'}
[2.595084] (px4_msgs) StdoutLine: {'line': b'-- Up-to-date: /home/px4/ros2/ws/install/px4_msgs/include/px4_msgs/px4_msgs/msg/detail/button_event__traits.hpp\n'}
[2.595150] (px4_msgs) StdoutLine: {'line': b'-- Up-to-date: /home/px4/ros2/ws/install/px4_msgs/include/px4_msgs/px4_msgs/msg/detail/action_request__type_support.hpp\n'}
[2.595234] (px4_msgs) StdoutLine: {'line': b'-- Up-to-date: /home/px4/ros2/ws/install/px4_msgs/include/px4_msgs/px4_msgs/msg/detail/sensor_preflight_mag__type_support.hpp\n'}
[2.595310] (px4_msgs) StdoutLine: {'line': b'-- Up-to-date: /home/px4/ros2/ws/install/px4_msgs/include/px4_msgs/px4_msgs/msg/detail/longitudinal_control_configuration__type_support.hpp\n'}
[2.595375] (px4_msgs) StdoutLine: {'line': b'-- Up-to-date: /home/px4/ros2/ws/install/px4_msgs/include/px4_msgs/px4_msgs/msg/detail/sensor_selection__type_support.hpp\n'}
[2.595438] (px4_msgs) StdoutLine: {'line': b'-- Up-to-date: /home/px4/ros2/ws/install/px4_msgs/include/px4_msgs/px4_msgs/msg/detail/mag_worker_data__traits.hpp\n'}
[2.595511] (px4_msgs) StdoutLine: {'line': b'-- Up-to-date: /home/px4/ros2/ws/install/px4_msgs/include/px4_msgs/px4_msgs/msg/detail/radio_status__traits.hpp\n'}
[2.595574] (px4_msgs) StdoutLine: {'line': b'-- Up-to-date: /home/px4/ros2/ws/install/px4_msgs/include/px4_msgs/px4_msgs/msg/detail/trajectory_setpoint6dof__builder.hpp\n'}
[2.595647] (px4_msgs) StdoutLine: {'line': b'-- Up-to-date: /home/px4/ros2/ws/install/px4_msgs/include/px4_msgs/px4_msgs/msg/detail/estimator_innovations__struct.hpp\n'}
[2.595712] (px4_msgs) StdoutLine: {'line': b'-- Up-to-date: /home/px4/ros2/ws/install/px4_msgs/include/px4_msgs/px4_msgs/msg/detail/transponder_report__type_support.hpp\n'}
[2.595777] (px4_msgs) StdoutLine: {'line': b'-- Up-to-date: /home/px4/ros2/ws/install/px4_msgs/include/px4_msgs/px4_msgs/msg/detail/distance_sensor__struct.hpp\n'}
[2.595856] (px4_msgs) StdoutLine: {'line': b'-- Up-to-date: /home/px4/ros2/ws/install/px4_msgs/include/px4_msgs/px4_msgs/msg/detail/navigator_mission_item__builder.hpp\n'}
[2.595919] (px4_msgs) StdoutLine: {'line': b'-- Up-to-date: /home/px4/ros2/ws/install/px4_msgs/include/px4_msgs/px4_msgs/msg/detail/qshell_retval__type_support.hpp\n'}
[2.595984] (px4_msgs) StdoutLine: {'line': b'-- Up-to-date: /home/px4/ros2/ws/install/px4_msgs/include/px4_msgs/px4_msgs/msg/detail/gps_dump__traits.hpp\n'}
[2.596047] (px4_msgs) StdoutLine: {'line': b'-- Up-to-date: /home/px4/ros2/ws/install/px4_msgs/include/px4_msgs/px4_msgs/msg/detail/vehicle_global_position__type_support.hpp\n'}
[2.596109] (px4_msgs) StdoutLine: {'line': b'-- Up-to-date: /home/px4/ros2/ws/install/px4_msgs/include/px4_msgs/px4_msgs/msg/detail/vtol_vehicle_status__struct.hpp\n'}
[2.596174] (px4_msgs) StdoutLine: {'line': b'-- Up-to-date: /home/px4/ros2/ws/install/px4_msgs/include/px4_msgs/px4_msgs/msg/detail/logger_status__type_support.hpp\n'}
[2.596275] (px4_msgs) StdoutLine: {'line': b'-- Up-to-date: /home/px4/ros2/ws/install/px4_msgs/include/px4_msgs/px4_msgs/msg/detail/estimator_aid_source2d__type_support.hpp\n'}
[2.596342] (px4_msgs) StdoutLine: {'line': b'-- Up-to-date: /home/px4/ros2/ws/install/px4_msgs/include/px4_msgs/px4_msgs/msg/detail/esc_status__builder.hpp\n'}
[2.596405] (px4_msgs) StdoutLine: {'line': b'-- Up-to-date: /home/px4/ros2/ws/install/px4_msgs/include/px4_msgs/px4_msgs/msg/detail/follow_target__builder.hpp\n'}
[2.596468] (px4_msgs) StdoutLine: {'line': b'-- Up-to-date: /home/px4/ros2/ws/install/px4_msgs/include/px4_msgs/px4_msgs/msg/detail/pwm_input__struct.hpp\n'}
[2.596532] (px4_msgs) StdoutLine: {'line': b'-- Up-to-date: /home/px4/ros2/ws/install/px4_msgs/include/px4_msgs/px4_msgs/msg/detail/dataman_request__traits.hpp\n'}
[2.596594] (px4_msgs) StdoutLine: {'line': b'-- Up-to-date: /home/px4/ros2/ws/install/px4_msgs/include/px4_msgs/px4_msgs/msg/detail/follow_target_estimator__builder.hpp\n'}
[2.596656] (px4_msgs) StdoutLine: {'line': b'-- Up-to-date: /home/px4/ros2/ws/install/px4_msgs/include/px4_msgs/px4_msgs/msg/detail/tune_control__builder.hpp\n'}
[2.596717] (px4_msgs) StdoutLine: {'line': b'-- Up-to-date: /home/px4/ros2/ws/install/px4_msgs/include/px4_msgs/px4_msgs/msg/detail/gpio_config__traits.hpp\n'}
[2.596779] (px4_msgs) StdoutLine: {'line': b'-- Up-to-date: /home/px4/ros2/ws/install/px4_msgs/include/px4_msgs/px4_msgs/msg/detail/airspeed__type_support.hpp\n'}
[2.596840] (px4_msgs) StdoutLine: {'line': b'-- Up-to-date: /home/px4/ros2/ws/install/px4_msgs/include/px4_msgs/px4_msgs/msg/detail/landing_target_pose__builder.hpp\n'}
[2.596901] (px4_msgs) StdoutLine: {'line': b'-- Up-to-date: /home/px4/ros2/ws/install/px4_msgs/include/px4_msgs/px4_msgs/msg/detail/vehicle_thrust_setpoint__builder.hpp\n'}
[2.596962] (px4_msgs) StdoutLine: {'line': b'-- Up-to-date: /home/px4/ros2/ws/install/px4_msgs/include/px4_msgs/px4_msgs/msg/detail/system_power__type_support.hpp\n'}
[2.597024] (px4_msgs) StdoutLine: {'line': b'-- Up-to-date: /home/px4/ros2/ws/install/px4_msgs/include/px4_msgs/px4_msgs/msg/detail/open_drone_id_self_id__type_support.hpp\n'}
[2.597096] (px4_msgs) StdoutLine: {'line': b'-- Up-to-date: /home/px4/ros2/ws/install/px4_msgs/include/px4_msgs/px4_msgs/msg/detail/uavcan_parameter_value__builder.hpp\n'}
[2.597159] (px4_msgs) StdoutLine: {'line': b'-- Up-to-date: /home/px4/ros2/ws/install/px4_msgs/include/px4_msgs/px4_msgs/msg/detail/led_control__builder.hpp\n'}
[2.597235] (px4_msgs) StdoutLine: {'line': b'-- Up-to-date: /home/px4/ros2/ws/install/px4_msgs/include/px4_msgs/px4_msgs/msg/detail/sensor_uwb__builder.hpp\n'}
[2.597370] (px4_msgs) StdoutLine: {'line': b'-- Up-to-date: /home/px4/ros2/ws/install/px4_msgs/include/px4_msgs/px4_msgs/msg/detail/vehicle_global_position__builder.hpp\n'}
[2.597475] (px4_msgs) StdoutLine: {'line': b'-- Up-to-date: /home/px4/ros2/ws/install/px4_msgs/include/px4_msgs/px4_msgs/msg/detail/manual_control_setpoint__builder.hpp\n'}
[2.597551] (px4_msgs) StdoutLine: {'line': b'-- Up-to-date: /home/px4/ros2/ws/install/px4_msgs/include/px4_msgs/px4_msgs/msg/detail/gimbal_manager_set_attitude__struct.hpp\n'}
[2.597616] (px4_msgs) StdoutLine: {'line': b'-- Up-to-date: /home/px4/ros2/ws/install/px4_msgs/include/px4_msgs/px4_msgs/msg/detail/wheel_encoders__type_support.hpp\n'}
[2.597680] (px4_msgs) StdoutLine: {'line': b'-- Up-to-date: /home/px4/ros2/ws/install/px4_msgs/include/px4_msgs/px4_msgs/msg/detail/uavcan_parameter_request__builder.hpp\n'}
[2.597741] (px4_msgs) StdoutLine: {'line': b'-- Up-to-date: /home/px4/ros2/ws/install/px4_msgs/include/px4_msgs/px4_msgs/msg/detail/estimator_innovations__traits.hpp\n'}
[2.597800] (px4_msgs) StdoutLine: {'line': b'-- Up-to-date: /home/px4/ros2/ws/install/px4_msgs/include/px4_msgs/px4_msgs/msg/detail/system_power__struct.hpp\n'}
[2.597871] (px4_msgs) StdoutLine: {'line': b'-- Up-to-date: /home/px4/ros2/ws/install/px4_msgs/include/px4_msgs/px4_msgs/msg/detail/message_format_request__struct.hpp\n'}
[2.597936] (px4_msgs) StdoutLine: {'line': b'-- Up-to-date: /home/px4/ros2/ws/install/px4_msgs/include/px4_msgs/px4_msgs/msg/detail/button_event__builder.hpp\n'}
[2.598000] (px4_msgs) StdoutLine: {'line': b'-- Up-to-date: /home/px4/ros2/ws/install/px4_msgs/include/px4_msgs/px4_msgs/msg/detail/landing_target_pose__traits.hpp\n'}
[2.598060] (px4_msgs) StdoutLine: {'line': b'-- Up-to-date: /home/px4/ros2/ws/install/px4_msgs/include/px4_msgs/px4_msgs/msg/detail/parameter_set_used_request__struct.hpp\n'}
[2.598121] (px4_msgs) StdoutLine: {'line': b'-- Up-to-date: /home/px4/ros2/ws/install/px4_msgs/include/px4_msgs/px4_msgs/msg/detail/vehicle_constraints__builder.hpp\n'}
[2.598183] (px4_msgs) StdoutLine: {'line': b'-- Up-to-date: /home/px4/ros2/ws/install/px4_msgs/include/px4_msgs/px4_msgs/msg/detail/actuator_armed__type_support.hpp\n'}
[2.598310] (px4_msgs) StdoutLine: {'line': b'-- Up-to-date: /home/px4/ros2/ws/install/px4_msgs/include/px4_msgs/px4_msgs/msg/detail/parameter_set_value_response__traits.hpp\n'}
[2.598414] (px4_msgs) StdoutLine: {'line': b'-- Up-to-date: /home/px4/ros2/ws/install/px4_msgs/include/px4_msgs/px4_msgs/msg/detail/config_overrides__traits.hpp\n'}
[2.598484] (px4_msgs) StdoutLine: {'line': b'-- Up-to-date: /home/px4/ros2/ws/install/px4_msgs/include/px4_msgs/px4_msgs/msg/detail/failure_detector_status__type_support.hpp\n'}
[2.598580] (px4_msgs) StdoutLine: {'line': b'-- Up-to-date: /home/px4/ros2/ws/install/px4_msgs/include/px4_msgs/px4_msgs/msg/detail/vehicle_air_data__builder.hpp\n'}
[2.598648] (px4_msgs) StdoutLine: {'line': b'-- Up-to-date: /home/px4/ros2/ws/install/px4_msgs/include/px4_msgs/px4_msgs/msg/detail/fixed_wing_lateral_setpoint__type_support.hpp\n'}
[2.598713] (px4_msgs) StdoutLine: {'line': b'-- Up-to-date: /home/px4/ros2/ws/install/px4_msgs/include/px4_msgs/px4_msgs/msg/detail/power_monitor__traits.hpp\n'}
[2.598777] (px4_msgs) StdoutLine: {'line': b'-- Up-to-date: /home/px4/ros2/ws/install/px4_msgs/include/px4_msgs/px4_msgs/msg/detail/rc_parameter_map__traits.hpp\n'}
[2.598875] (px4_msgs) StdoutLine: {'line': b'-- Up-to-date: /home/px4/ros2/ws/install/px4_msgs/include/px4_msgs/px4_msgs/msg/detail/sensor_airflow__builder.hpp\n'}
[2.598975] (px4_msgs) StdoutLine: {'line': b'-- Up-to-date: /home/px4/ros2/ws/install/px4_msgs/include/px4_msgs/px4_msgs/msg/detail/pwm_input__traits.hpp\n'}
[2.599058] (px4_msgs) StdoutLine: {'line': b'-- Up-to-date: /home/px4/ros2/ws/install/px4_msgs/include/px4_msgs/px4_msgs/msg/detail/sensor_gps__traits.hpp\n'}
[2.599126] (px4_msgs) StdoutLine: {'line': b'-- Up-to-date: /home/px4/ros2/ws/install/px4_msgs/include/px4_msgs/px4_msgs/msg/detail/generator_status__builder.hpp\n'}
[2.599200] (px4_msgs) StdoutLine: {'line': b'-- Up-to-date: /home/px4/ros2/ws/install/px4_msgs/include/px4_msgs/px4_msgs/msg/detail/debug_value__traits.hpp\n'}
[2.599311] (px4_msgs) StdoutLine: {'line': b'-- Up-to-date: /home/px4/ros2/ws/install/px4_msgs/include/px4_msgs/px4_msgs/msg/detail/vehicle_torque_setpoint__struct.hpp\n'}
[2.599407] (px4_msgs) StdoutLine: {'line': b'-- Up-to-date: /home/px4/ros2/ws/install/px4_msgs/include/px4_msgs/px4_msgs/msg/detail/airspeed_wind__type_support.hpp\n'}
[2.599508] (px4_msgs) StdoutLine: {'line': b'-- Up-to-date: /home/px4/ros2/ws/install/px4_msgs/include/px4_msgs/px4_msgs/msg/detail/sensor_optical_flow__type_support.hpp\n'}
[2.599616] (px4_msgs) StdoutLine: {'line': b'-- Up-to-date: /home/px4/ros2/ws/install/px4_msgs/include/px4_msgs/px4_msgs/msg/detail/cellular_status__builder.hpp\n'}
[2.599730] (px4_msgs) StdoutLine: {'line': b'-- Up-to-date: /home/px4/ros2/ws/install/px4_msgs/include/px4_msgs/px4_msgs/msg/detail/message_format_response__builder.hpp\n'}
[2.599835] (px4_msgs) StdoutLine: {'line': b'-- Up-to-date: /home/px4/ros2/ws/install/px4_msgs/include/px4_msgs/px4_msgs/msg/detail/vehicle_roi__builder.hpp\n'}
[2.599910] (px4_msgs) StdoutLine: {'line': b'-- Up-to-date: /home/px4/ros2/ws/install/px4_msgs/include/px4_msgs/px4_msgs/msg/detail/vehicle_angular_velocity__struct.hpp\n'}
[2.599974] (px4_msgs) StdoutLine: {'line': b'-- Up-to-date: /home/px4/ros2/ws/install/px4_msgs/include/px4_msgs/px4_msgs/msg/detail/vehicle_imu_status__traits.hpp\n'}
[2.600038] (px4_msgs) StdoutLine: {'line': b'-- Up-to-date: /home/px4/ros2/ws/install/px4_msgs/include/px4_msgs/px4_msgs/msg/detail/vehicle_land_detected__type_support.hpp\n'}
[2.600101] (px4_msgs) StdoutLine: {'line': b'-- Up-to-date: /home/px4/ros2/ws/install/px4_msgs/include/px4_msgs/px4_msgs/msg/detail/gpio_config__type_support.hpp\n'}
[2.600181] (px4_msgs) StdoutLine: {'line': b'-- Up-to-date: /home/px4/ros2/ws/install/px4_msgs/include/px4_msgs/px4_msgs/msg/detail/vehicle_optical_flow_vel__builder.hpp\n'}
[2.600274] (px4_msgs) StdoutLine: {'line': b'-- Up-to-date: /home/px4/ros2/ws/install/px4_msgs/include/px4_msgs/px4_msgs/msg/detail/sensor_correction__struct.hpp\n'}
[2.600339] (px4_msgs) StdoutLine: {'line': b'-- Up-to-date: /home/px4/ros2/ws/install/px4_msgs/include/px4_msgs/px4_msgs/msg/detail/estimator_aid_source1d__type_support.hpp\n'}
[2.600402] (px4_msgs) StdoutLine: {'line': b'-- Up-to-date: /home/px4/ros2/ws/install/px4_msgs/include/px4_msgs/px4_msgs/msg/detail/vehicle_constraints__type_support.hpp\n'}
[2.600472] (px4_msgs) StdoutLine: {'line': b'-- Up-to-date: /home/px4/ros2/ws/install/px4_msgs/include/px4_msgs/px4_msgs/msg/detail/gimbal_controls__struct.hpp\n'}
[2.600570] (px4_msgs) StdoutLine: {'line': b'-- Up-to-date: /home/px4/ros2/ws/install/px4_msgs/include/px4_msgs/px4_msgs/msg/detail/message_format_request__type_support.hpp\n'}
[2.600663] (px4_msgs) StdoutLine: {'line': b'-- Up-to-date: /home/px4/ros2/ws/install/px4_msgs/include/px4_msgs/px4_msgs/msg/detail/gpio_config__builder.hpp\n'}
[2.600755] (px4_msgs) StdoutLine: {'line': b'-- Up-to-date: /home/px4/ros2/ws/install/px4_msgs/include/px4_msgs/px4_msgs/msg/detail/sensors_status_imu__struct.hpp\n'}
[2.600845] (px4_msgs) StdoutLine: {'line': b'-- Up-to-date: /home/px4/ros2/ws/install/px4_msgs/include/px4_msgs/px4_msgs/msg/detail/vehicle_magnetometer__traits.hpp\n'}
[2.600942] (px4_msgs) StdoutLine: {'line': b'-- Up-to-date: /home/px4/ros2/ws/install/px4_msgs/include/px4_msgs/px4_msgs/msg/detail/register_ext_component_reply__builder.hpp\n'}
[2.601041] (px4_msgs) StdoutLine: {'line': b'-- Up-to-date: /home/px4/ros2/ws/install/px4_msgs/include/px4_msgs/px4_msgs/msg/detail/fuel_tank_status__type_support.hpp\n'}
[2.601145] (px4_msgs) StdoutLine: {'line': b'-- Up-to-date: /home/px4/ros2/ws/install/px4_msgs/include/px4_msgs/px4_msgs/msg/detail/rover_throttle_setpoint__builder.hpp\n'}
[2.601227] (px4_msgs) StdoutLine: {'line': b'-- Up-to-date: /home/px4/ros2/ws/install/px4_msgs/include/px4_msgs/px4_msgs/msg/detail/normalized_unsigned_setpoint__builder.hpp\n'}
[2.601305] (px4_msgs) StdoutLine: {'line': b'-- Up-to-date: /home/px4/ros2/ws/install/px4_msgs/include/px4_msgs/px4_msgs/msg/detail/differential_pressure__builder.hpp\n'}
[2.601414] (px4_msgs) StdoutLine: {'line': b'-- Up-to-date: /home/px4/ros2/ws/install/px4_msgs/include/px4_msgs/px4_msgs/msg/detail/input_rc__type_support.hpp\n'}
[2.601518] (px4_msgs) StdoutLine: {'line': b'-- Up-to-date: /home/px4/ros2/ws/install/px4_msgs/include/px4_msgs/px4_msgs/msg/detail/arming_check_request__builder.hpp\n'}
[2.601604] (px4_msgs) StdoutLine: {'line': b'-- Up-to-date: /home/px4/ros2/ws/install/px4_msgs/include/px4_msgs/px4_msgs/msg/detail/position_setpoint__builder.hpp\n'}
[2.601692] (px4_msgs) StdoutLine: {'line': b'-- Up-to-date: /home/px4/ros2/ws/install/px4_msgs/include/px4_msgs/px4_msgs/msg/detail/rover_rate_setpoint__type_support.hpp\n'}
[2.601793] (px4_msgs) StdoutLine: {'line': b'-- Up-to-date: /home/px4/ros2/ws/install/px4_msgs/include/px4_msgs/px4_msgs/msg/detail/landing_gear_wheel__struct.hpp\n'}
[2.601888] (px4_msgs) StdoutLine: {'line': b'-- Up-to-date: /home/px4/ros2/ws/install/px4_msgs/include/px4_msgs/px4_msgs/msg/detail/wheel_encoders__struct.hpp\n'}
[2.601975] (px4_msgs) StdoutLine: {'line': b'-- Up-to-date: /home/px4/ros2/ws/install/px4_msgs/include/px4_msgs/px4_msgs/msg/detail/actuator_servos__type_support.hpp\n'}
[2.602063] (px4_msgs) StdoutLine: {'line': b'-- Up-to-date: /home/px4/ros2/ws/install/px4_msgs/include/px4_msgs/px4_msgs/msg/detail/landing_gear__builder.hpp\n'}
[2.602128] (px4_msgs) StdoutLine: {'line': b'-- Up-to-date: /home/px4/ros2/ws/install/px4_msgs/include/px4_msgs/px4_msgs/msg/detail/sensor_gyro_fft__traits.hpp\n'}
[2.602202] (px4_msgs) StdoutLine: {'line': b'-- Up-to-date: /home/px4/ros2/ws/install/px4_msgs/include/px4_msgs/px4_msgs/msg/detail/vehicle_land_detected__builder.hpp\n'}
[2.602288] (px4_msgs) StdoutLine: {'line': b'-- Up-to-date: /home/px4/ros2/ws/install/px4_msgs/include/px4_msgs/px4_msgs/msg/detail/rover_attitude_status__traits.hpp\n'}
[2.602379] (px4_msgs) StdoutLine: {'line': b'-- Up-to-date: /home/px4/ros2/ws/install/px4_msgs/include/px4_msgs/px4_msgs/msg/detail/gimbal_device_set_attitude__traits.hpp\n'}
[2.602456] (px4_msgs) StdoutLine: {'line': b'-- Up-to-date: /home/px4/ros2/ws/install/px4_msgs/include/px4_msgs/px4_msgs/msg/detail/timesync_status__type_support.hpp\n'}
[2.602548] (px4_msgs) StdoutLine: {'line': b'-- Up-to-date: /home/px4/ros2/ws/install/px4_msgs/include/px4_msgs/px4_msgs/msg/detail/debug_array__builder.hpp\n'}
[2.602626] (px4_msgs) StdoutLine: {'line': b'-- Up-to-date: /home/px4/ros2/ws/install/px4_msgs/include/px4_msgs/px4_msgs/msg/detail/px4io_status__type_support.hpp\n'}
[2.602722] (px4_msgs) StdoutLine: {'line': b'-- Up-to-date: /home/px4/ros2/ws/install/px4_msgs/include/px4_msgs/px4_msgs/msg/detail/vehicle_constraints__traits.hpp\n'}
[2.602814] (px4_msgs) StdoutLine: {'line': b'-- Up-to-date: /home/px4/ros2/ws/install/px4_msgs/include/px4_msgs/px4_msgs/msg/detail/rover_throttle_setpoint__struct.hpp\n'}
[2.602907] (px4_msgs) StdoutLine: {'line': b'-- Up-to-date: /home/px4/ros2/ws/install/px4_msgs/include/px4_msgs/px4_msgs/msg/detail/failsafe_flags__traits.hpp\n'}
[2.602980] (px4_msgs) StdoutLine: {'line': b'-- Up-to-date: /home/px4/ros2/ws/install/px4_msgs/include/px4_msgs/px4_msgs/msg/detail/vehicle_status__type_support.hpp\n'}
[2.603044] (px4_msgs) StdoutLine: {'line': b'-- Up-to-date: /home/px4/ros2/ws/install/px4_msgs/include/px4_msgs/px4_msgs/msg/detail/control_allocator_status__type_support.hpp\n'}
[2.603129] (px4_msgs) StdoutLine: {'line': b'-- Up-to-date: /home/px4/ros2/ws/install/px4_msgs/include/px4_msgs/px4_msgs/msg/detail/estimator_status_flags__struct.hpp\n'}
[2.603255] (px4_msgs) StdoutLine: {'line': b'-- Up-to-date: /home/px4/ros2/ws/install/px4_msgs/include/px4_msgs/px4_msgs/msg/detail/iridiumsbd_status__builder.hpp\n'}
[2.603373] (px4_msgs) StdoutLine: {'line': b'-- Up-to-date: /home/px4/ros2/ws/install/px4_msgs/include/px4_msgs/px4_msgs/msg/detail/differential_pressure__traits.hpp\n'}
[2.603455] (px4_msgs) StdoutLine: {'line': b'-- Up-to-date: /home/px4/ros2/ws/install/px4_msgs/include/px4_msgs/px4_msgs/msg/detail/magnetometer_bias_estimate__traits.hpp\n'}
[2.603539] (px4_msgs) StdoutLine: {'line': b'-- Up-to-date: /home/px4/ros2/ws/install/px4_msgs/include/px4_msgs/px4_msgs/msg/detail/vehicle_odometry__struct.hpp\n'}
[2.603611] (px4_msgs) StdoutLine: {'line': b'-- Up-to-date: /home/px4/ros2/ws/install/px4_msgs/include/px4_msgs/px4_msgs/msg/detail/arming_check_reply__struct.hpp\n'}
[2.603677] (px4_msgs) StdoutLine: {'line': b'-- Up-to-date: /home/px4/ros2/ws/install/px4_msgs/include/px4_msgs/px4_msgs/msg/detail/estimator_status__type_support.hpp\n'}
[2.603741] (px4_msgs) StdoutLine: {'line': b'-- Up-to-date: /home/px4/ros2/ws/install/px4_msgs/include/px4_msgs/px4_msgs/msg/detail/dronecan_node_status__struct.hpp\n'}
[2.603804] (px4_msgs) StdoutLine: {'line': b'-- Up-to-date: /home/px4/ros2/ws/install/px4_msgs/include/px4_msgs/px4_msgs/msg/detail/magnetometer_bias_estimate__struct.hpp\n'}
[2.603881] (px4_msgs) StdoutLine: {'line': b'-- Up-to-date: /home/px4/ros2/ws/install/px4_msgs/include/px4_msgs/px4_msgs/msg/detail/vehicle_attitude__struct.hpp\n'}
[2.603976] (px4_msgs) StdoutLine: {'line': b'-- Up-to-date: /home/px4/ros2/ws/install/px4_msgs/include/px4_msgs/px4_msgs/msg/detail/rtl_time_estimate__type_support.hpp\n'}
[2.604072] (px4_msgs) StdoutLine: {'line': b'-- Up-to-date: /home/px4/ros2/ws/install/px4_msgs/include/px4_msgs/px4_msgs/msg/detail/input_rc__builder.hpp\n'}
[2.604150] (px4_msgs) StdoutLine: {'line': b'-- Up-to-date: /home/px4/ros2/ws/install/px4_msgs/include/px4_msgs/px4_msgs/msg/detail/vehicle_thrust_setpoint__type_support.hpp\n'}
[2.604240] (px4_msgs) StdoutLine: {'line': b'-- Up-to-date: /home/px4/ros2/ws/install/px4_msgs/include/px4_msgs/px4_msgs/msg/detail/rate_ctrl_status__builder.hpp\n'}
[2.604314] (px4_msgs) StdoutLine: {'line': b'-- Up-to-date: /home/px4/ros2/ws/install/px4_msgs/include/px4_msgs/px4_msgs/msg/detail/vehicle_attitude_setpoint__traits.hpp\n'}
[2.604405] (px4_msgs) StdoutLine: {'line': b'-- Up-to-date: /home/px4/ros2/ws/install/px4_msgs/include/px4_msgs/px4_msgs/msg/detail/mavlink_tunnel__type_support.hpp\n'}
[2.604488] (-) TimerEvent: {}
[2.604597] (px4_msgs) StdoutLine: {'line': b'-- Up-to-date: /home/px4/ros2/ws/install/px4_msgs/include/px4_msgs/px4_msgs/msg/detail/distance_sensor_mode_change_request__builder.hpp\n'}
[2.604701] (px4_msgs) StdoutLine: {'line': b'-- Up-to-date: /home/px4/ros2/ws/install/px4_msgs/include/px4_msgs/px4_msgs/msg/detail/open_drone_id_system__builder.hpp\n'}
[2.604783] (px4_msgs) StdoutLine: {'line': b'-- Up-to-date: /home/px4/ros2/ws/install/px4_msgs/include/px4_msgs/px4_msgs/msg/detail/vehicle_optical_flow__type_support.hpp\n'}
[2.604866] (px4_msgs) StdoutLine: {'line': b'-- Up-to-date: /home/px4/ros2/ws/install/px4_msgs/include/px4_msgs/px4_msgs/msg/detail/sensor_mag__builder.hpp\n'}
[2.604931] (px4_msgs) StdoutLine: {'line': b'-- Up-to-date: /home/px4/ros2/ws/install/px4_msgs/include/px4_msgs/px4_msgs/msg/detail/flight_phase_estimation__builder.hpp\n'}
[2.605009] (px4_msgs) StdoutLine: {'line': b'-- Up-to-date: /home/px4/ros2/ws/install/px4_msgs/include/px4_msgs/px4_msgs/msg/detail/actuator_motors__struct.hpp\n'}
[2.605072] (px4_msgs) StdoutLine: {'line': b'-- Up-to-date: /home/px4/ros2/ws/install/px4_msgs/include/px4_msgs/px4_msgs/msg/detail/landing_gear__type_support.hpp\n'}
[2.605134] (px4_msgs) StdoutLine: {'line': b'-- Up-to-date: /home/px4/ros2/ws/install/px4_msgs/include/px4_msgs/px4_msgs/msg/detail/timesync_status__builder.hpp\n'}
[2.605219] (px4_msgs) StdoutLine: {'line': b'-- Up-to-date: /home/px4/ros2/ws/install/px4_msgs/include/px4_msgs/px4_msgs/msg/detail/unregister_ext_component__builder.hpp\n'}
[2.605318] (px4_msgs) StdoutLine: {'line': b'-- Up-to-date: /home/px4/ros2/ws/install/px4_msgs/include/px4_msgs/px4_msgs/msg/detail/cpuload__traits.hpp\n'}
[2.605421] (px4_msgs) StdoutLine: {'line': b'-- Up-to-date: /home/px4/ros2/ws/install/px4_msgs/include/px4_msgs/px4_msgs/msg/detail/rover_steering_setpoint__traits.hpp\n'}
[2.605525] (px4_msgs) StdoutLine: {'line': b'-- Up-to-date: /home/px4/ros2/ws/install/px4_msgs/include/px4_msgs/px4_msgs/msg/detail/wheel_encoders__traits.hpp\n'}
[2.605592] (px4_msgs) StdoutLine: {'line': b'-- Up-to-date: /home/px4/ros2/ws/install/px4_msgs/include/px4_msgs/px4_msgs/msg/detail/vehicle_optical_flow__builder.hpp\n'}
[2.605665] (px4_msgs) StdoutLine: {'line': b'-- Up-to-date: /home/px4/ros2/ws/install/px4_msgs/include/px4_msgs/px4_msgs/msg/detail/rc_parameter_map__type_support.hpp\n'}
[2.605730] (px4_msgs) StdoutLine: {'line': b'-- Up-to-date: /home/px4/ros2/ws/install/px4_msgs/include/px4_msgs/px4_msgs/msg/detail/fuel_tank_status__traits.hpp\n'}
[2.605792] (px4_msgs) StdoutLine: {'line': b'-- Up-to-date: /home/px4/ros2/ws/install/px4_msgs/include/px4_msgs/px4_msgs/msg/detail/takeoff_status__type_support.hpp\n'}
[2.605872] (px4_msgs) StdoutLine: {'line': b'-- Up-to-date: /home/px4/ros2/ws/install/px4_msgs/include/px4_msgs/px4_msgs/msg/detail/logger_status__traits.hpp\n'}
[2.606001] (px4_msgs) StdoutLine: {'line': b'-- Up-to-date: /home/px4/ros2/ws/install/px4_msgs/include/px4_msgs/px4_msgs/msg/detail/generator_status__struct.hpp\n'}
[2.606095] (px4_msgs) StdoutLine: {'line': b'-- Up-to-date: /home/px4/ros2/ws/install/px4_msgs/include/px4_msgs/px4_msgs/msg/detail/gpio_config__struct.hpp\n'}
[2.606185] (px4_msgs) StdoutLine: {'line': b'-- Up-to-date: /home/px4/ros2/ws/install/px4_msgs/include/px4_msgs/px4_msgs/msg/detail/vehicle_rates_setpoint__type_support.hpp\n'}
[2.606283] (px4_msgs) StdoutLine: {'line': b'-- Up-to-date: /home/px4/ros2/ws/install/px4_msgs/include/px4_msgs/px4_msgs/msg/detail/vehicle_imu_status__struct.hpp\n'}
[2.606383] (px4_msgs) StdoutLine: {'line': b'-- Up-to-date: /home/px4/ros2/ws/install/px4_msgs/include/px4_msgs/px4_msgs/msg/detail/cpuload__builder.hpp\n'}
[2.606479] (px4_msgs) StdoutLine: {'line': b'-- Up-to-date: /home/px4/ros2/ws/install/px4_msgs/include/px4_msgs/px4_msgs/msg/detail/home_position__struct.hpp\n'}
[2.606565] (px4_msgs) StdoutLine: {'line': b'-- Up-to-date: /home/px4/ros2/ws/install/px4_msgs/include/px4_msgs/px4_msgs/msg/detail/vehicle_command__builder.hpp\n'}
[2.606630] (px4_msgs) StdoutLine: {'line': b'-- Up-to-date: /home/px4/ros2/ws/install/px4_msgs/include/px4_msgs/px4_msgs/msg/detail/internal_combustion_engine_status__builder.hpp\n'}
[2.606694] (px4_msgs) StdoutLine: {'line': b'-- Up-to-date: /home/px4/ros2/ws/install/px4_msgs/include/px4_msgs/px4_msgs/msg/detail/estimator_sensor_bias__builder.hpp\n'}
[2.606759] (px4_msgs) StdoutLine: {'line': b'-- Up-to-date: /home/px4/ros2/ws/install/px4_msgs/include/px4_msgs/px4_msgs/msg/detail/gps_inject_data__struct.hpp\n'}
[2.606823] (px4_msgs) StdoutLine: {'line': b'-- Up-to-date: /home/px4/ros2/ws/install/px4_msgs/include/px4_msgs/px4_msgs/msg/detail/mission__type_support.hpp\n'}
[2.606887] (px4_msgs) StdoutLine: {'line': b'-- Up-to-date: /home/px4/ros2/ws/install/px4_msgs/include/px4_msgs/px4_msgs/msg/detail/airspeed__traits.hpp\n'}
[2.606955] (px4_msgs) StdoutLine: {'line': b'-- Up-to-date: /home/px4/ros2/ws/install/px4_msgs/include/px4_msgs/px4_msgs/msg/detail/debug_vect__struct.hpp\n'}
[2.607019] (px4_msgs) StdoutLine: {'line': b'-- Up-to-date: /home/px4/ros2/ws/install/px4_msgs/include/px4_msgs/px4_msgs/msg/detail/landing_gear__traits.hpp\n'}
[2.607082] (px4_msgs) StdoutLine: {'line': b'-- Up-to-date: /home/px4/ros2/ws/install/px4_msgs/include/px4_msgs/px4_msgs/msg/detail/sensor_gnss_relative__traits.hpp\n'}
[2.607143] (px4_msgs) StdoutLine: {'line': b'-- Up-to-date: /home/px4/ros2/ws/install/px4_msgs/include/px4_msgs/px4_msgs/msg/detail/gimbal_manager_information__type_support.hpp\n'}
[2.607234] (px4_msgs) StdoutLine: {'line': b'-- Up-to-date: /home/px4/ros2/ws/install/px4_msgs/include/px4_msgs/px4_msgs/msg/detail/debug_vect__builder.hpp\n'}
[2.607320] (px4_msgs) StdoutLine: {'line': b'-- Up-to-date: /home/px4/ros2/ws/install/px4_msgs/include/px4_msgs/px4_msgs/msg/detail/fixed_wing_lateral_status__type_support.hpp\n'}
[2.607385] (px4_msgs) StdoutLine: {'line': b'-- Up-to-date: /home/px4/ros2/ws/install/px4_msgs/include/px4_msgs/px4_msgs/msg/detail/fixed_wing_lateral_guidance_status__traits.hpp\n'}
[2.607449] (px4_msgs) StdoutLine: {'line': b'-- Up-to-date: /home/px4/ros2/ws/install/px4_msgs/include/px4_msgs/px4_msgs/msg/detail/sensor_hygrometer__traits.hpp\n'}
[2.607513] (px4_msgs) StdoutLine: {'line': b'-- Up-to-date: /home/px4/ros2/ws/install/px4_msgs/include/px4_msgs/px4_msgs/msg/detail/estimator_gps_status__struct.hpp\n'}
[2.607576] (px4_msgs) StdoutLine: {'line': b'-- Up-to-date: /home/px4/ros2/ws/install/px4_msgs/include/px4_msgs/px4_msgs/msg/detail/actuator_outputs__traits.hpp\n'}
[2.607639] (px4_msgs) StdoutLine: {'line': b'-- Up-to-date: /home/px4/ros2/ws/install/px4_msgs/include/px4_msgs/px4_msgs/msg/detail/sensor_gyro__struct.hpp\n'}
[2.607703] (px4_msgs) StdoutLine: {'line': b'-- Up-to-date: /home/px4/ros2/ws/install/px4_msgs/include/px4_msgs/px4_msgs/msg/detail/wind__struct.hpp\n'}
[2.607767] (px4_msgs) StdoutLine: {'line': b'-- Up-to-date: /home/px4/ros2/ws/install/px4_msgs/include/px4_msgs/px4_msgs/msg/detail/pwm_input__builder.hpp\n'}
[2.607829] (px4_msgs) StdoutLine: {'line': b'-- Up-to-date: /home/px4/ros2/ws/install/px4_msgs/include/px4_msgs/px4_msgs/msg/detail/home_position__traits.hpp\n'}
[2.607893] (px4_msgs) StdoutLine: {'line': b'-- Up-to-date: /home/px4/ros2/ws/install/px4_msgs/include/px4_msgs/px4_msgs/msg/detail/cpuload__type_support.hpp\n'}
[2.607955] (px4_msgs) StdoutLine: {'line': b'-- Up-to-date: /home/px4/ros2/ws/install/px4_msgs/include/px4_msgs/px4_msgs/msg/detail/gpio_request__builder.hpp\n'}
[2.608019] (px4_msgs) StdoutLine: {'line': b'-- Up-to-date: /home/px4/ros2/ws/install/px4_msgs/include/px4_msgs/px4_msgs/msg/detail/follow_target__type_support.hpp\n'}
[2.608082] (px4_msgs) StdoutLine: {'line': b'-- Up-to-date: /home/px4/ros2/ws/install/px4_msgs/include/px4_msgs/px4_msgs/msg/detail/can_interface_status__struct.hpp\n'}
[2.608144] (px4_msgs) StdoutLine: {'line': b'-- Up-to-date: /home/px4/ros2/ws/install/px4_msgs/include/px4_msgs/px4_msgs/msg/detail/estimator_status__traits.hpp\n'}
[2.608222] (px4_msgs) StdoutLine: {'line': b'-- Up-to-date: /home/px4/ros2/ws/install/px4_msgs/include/px4_msgs/px4_msgs/msg/detail/vehicle_global_position__traits.hpp\n'}
[2.608319] (px4_msgs) StdoutLine: {'line': b'-- Up-to-date: /home/px4/ros2/ws/install/px4_msgs/include/px4_msgs/px4_msgs/msg/detail/estimator_event_flags__traits.hpp\n'}
[2.608391] (px4_msgs) StdoutLine: {'line': b'-- Up-to-date: /home/px4/ros2/ws/install/px4_msgs/include/px4_msgs/px4_msgs/msg/detail/sensor_uwb__type_support.hpp\n'}
[2.608457] (px4_msgs) StdoutLine: {'line': b'-- Up-to-date: /home/px4/ros2/ws/install/px4_msgs/include/px4_msgs/px4_msgs/msg/detail/vehicle_local_position_setpoint__builder.hpp\n'}
[2.608521] (px4_msgs) StdoutLine: {'line': b'-- Up-to-date: /home/px4/ros2/ws/install/px4_msgs/include/px4_msgs/px4_msgs/msg/detail/parameter_set_value_response__struct.hpp\n'}
[2.608597] (px4_msgs) StdoutLine: {'line': b'-- Up-to-date: /home/px4/ros2/ws/install/px4_msgs/include/px4_msgs/px4_msgs/msg/detail/vehicle_local_position_setpoint__type_support.hpp\n'}
[2.608660] (px4_msgs) StdoutLine: {'line': b'-- Up-to-date: /home/px4/ros2/ws/install/px4_msgs/include/px4_msgs/px4_msgs/msg/detail/vehicle_torque_setpoint__traits.hpp\n'}
[2.608723] (px4_msgs) StdoutLine: {'line': b'-- Up-to-date: /home/px4/ros2/ws/install/px4_msgs/include/px4_msgs/px4_msgs/msg/detail/actuator_controls_status__builder.hpp\n'}
[2.608786] (px4_msgs) StdoutLine: {'line': b'-- Up-to-date: /home/px4/ros2/ws/install/px4_msgs/include/px4_msgs/px4_msgs/msg/detail/actuator_controls_status__struct.hpp\n'}
[2.608848] (px4_msgs) StdoutLine: {'line': b'-- Up-to-date: /home/px4/ros2/ws/install/px4_msgs/include/px4_msgs/px4_msgs/msg/detail/qshell_req__type_support.hpp\n'}
[2.608920] (px4_msgs) StdoutLine: {'line': b'-- Up-to-date: /home/px4/ros2/ws/install/px4_msgs/include/px4_msgs/px4_msgs/msg/detail/ulog_stream__traits.hpp\n'}
[2.608983] (px4_msgs) StdoutLine: {'line': b'-- Up-to-date: /home/px4/ros2/ws/install/px4_msgs/include/px4_msgs/px4_msgs/msg/detail/figure_eight_status__builder.hpp\n'}
[2.609045] (px4_msgs) StdoutLine: {'line': b'-- Up-to-date: /home/px4/ros2/ws/install/px4_msgs/include/px4_msgs/px4_msgs/msg/detail/debug_array__traits.hpp\n'}
[2.609109] (px4_msgs) StdoutLine: {'line': b'-- Up-to-date: /home/px4/ros2/ws/install/px4_msgs/include/px4_msgs/px4_msgs/msg/detail/estimator_gps_status__builder.hpp\n'}
[2.609172] (px4_msgs) StdoutLine: {'line': b'-- Up-to-date: /home/px4/ros2/ws/install/px4_msgs/include/px4_msgs/px4_msgs/msg/detail/vehicle_imu__builder.hpp\n'}
[2.609269] (px4_msgs) StdoutLine: {'line': b'-- Up-to-date: /home/px4/ros2/ws/install/px4_msgs/include/px4_msgs/px4_msgs/msg/detail/home_position__type_support.hpp\n'}
[2.609337] (px4_msgs) StdoutLine: {'line': b'-- Up-to-date: /home/px4/ros2/ws/install/px4_msgs/include/px4_msgs/px4_msgs/msg/detail/vehicle_land_detected__struct.hpp\n'}
[2.609431] (px4_msgs) StdoutLine: {'line': b'-- Up-to-date: /home/px4/ros2/ws/install/px4_msgs/include/px4_msgs/px4_msgs/msg/detail/gps_dump__builder.hpp\n'}
[2.609549] (px4_msgs) StdoutLine: {'line': b'-- Up-to-date: /home/px4/ros2/ws/install/px4_msgs/include/px4_msgs/px4_msgs/msg/detail/rover_velocity_status__struct.hpp\n'}
[2.609618] (px4_msgs) StdoutLine: {'line': b'-- Up-to-date: /home/px4/ros2/ws/install/px4_msgs/include/px4_msgs/px4_msgs/msg/detail/parameter_update__struct.hpp\n'}
[2.609681] (px4_msgs) StdoutLine: {'line': b'-- Up-to-date: /home/px4/ros2/ws/install/px4_msgs/include/px4_msgs/px4_msgs/msg/detail/sensor_accel__struct.hpp\n'}
[2.609744] (px4_msgs) StdoutLine: {'line': b'-- Up-to-date: /home/px4/ros2/ws/install/px4_msgs/include/px4_msgs/px4_msgs/msg/detail/offboard_control_mode__type_support.hpp\n'}
[2.609814] (px4_msgs) StdoutLine: {'line': b'-- Up-to-date: /home/px4/ros2/ws/install/px4_msgs/include/px4_msgs/px4_msgs/msg/detail/mavlink_log__builder.hpp\n'}
[2.609917] (px4_msgs) StdoutLine: {'line': b'-- Up-to-date: /home/px4/ros2/ws/install/px4_msgs/include/px4_msgs/px4_msgs/msg/detail/estimator_sensor_bias__struct.hpp\n'}
[2.610006] (px4_msgs) StdoutLine: {'line': b'-- Up-to-date: /home/px4/ros2/ws/install/px4_msgs/include/px4_msgs/px4_msgs/msg/detail/event__struct.hpp\n'}
[2.610074] (px4_msgs) StdoutLine: {'line': b'-- Up-to-date: /home/px4/ros2/ws/install/px4_msgs/include/px4_msgs/px4_msgs/msg/detail/vehicle_attitude_setpoint__struct.hpp\n'}
[2.610162] (px4_msgs) StdoutLine: {'line': b'-- Up-to-date: /home/px4/ros2/ws/install/px4_msgs/include/px4_msgs/px4_msgs/msg/detail/system_power__traits.hpp\n'}
[2.610281] (px4_msgs) StdoutLine: {'line': b'-- Up-to-date: /home/px4/ros2/ws/install/px4_msgs/include/px4_msgs/px4_msgs/msg/detail/vtol_vehicle_status__builder.hpp\n'}
[2.610399] (px4_msgs) StdoutLine: {'line': b'-- Up-to-date: /home/px4/ros2/ws/install/px4_msgs/include/px4_msgs/px4_msgs/msg/detail/rc_parameter_map__builder.hpp\n'}
[2.610500] (px4_msgs) StdoutLine: {'line': b'-- Up-to-date: /home/px4/ros2/ws/install/px4_msgs/include/px4_msgs/px4_msgs/msg/detail/pps_capture__traits.hpp\n'}
[2.610577] (px4_msgs) StdoutLine: {'line': b'-- Up-to-date: /home/px4/ros2/ws/install/px4_msgs/include/px4_msgs/px4_msgs/msg/detail/rate_ctrl_status__traits.hpp\n'}
[2.610673] (px4_msgs) StdoutLine: {'line': b'-- Up-to-date: /home/px4/ros2/ws/install/px4_msgs/include/px4_msgs/px4_msgs/msg/detail/estimator_aid_source1d__builder.hpp\n'}
[2.610773] (px4_msgs) StdoutLine: {'line': b'-- Up-to-date: /home/px4/ros2/ws/install/px4_msgs/include/px4_msgs/px4_msgs/msg/detail/gimbal_device_set_attitude__type_support.hpp\n'}
[2.610866] (px4_msgs) StdoutLine: {'line': b'-- Up-to-date: /home/px4/ros2/ws/install/px4_msgs/include/px4_msgs/px4_msgs/msg/detail/velocity_limits__struct.hpp\n'}
[2.610973] (px4_msgs) StdoutLine: {'line': b'-- Up-to-date: /home/px4/ros2/ws/install/px4_msgs/include/px4_msgs/px4_msgs/msg/detail/airspeed_validated__traits.hpp\n'}
[2.611086] (px4_msgs) StdoutLine: {'line': b'-- Up-to-date: /home/px4/ros2/ws/install/px4_msgs/include/px4_msgs/px4_msgs/msg/detail/power_button_state__struct.hpp\n'}
[2.611173] (px4_msgs) StdoutLine: {'line': b'-- Up-to-date: /home/px4/ros2/ws/install/px4_msgs/include/px4_msgs/px4_msgs/msg/detail/ulog_stream__type_support.hpp\n'}
[2.611261] (px4_msgs) StdoutLine: {'line': b'-- Up-to-date: /home/px4/ros2/ws/install/px4_msgs/include/px4_msgs/px4_msgs/msg/detail/landing_gear_wheel__traits.hpp\n'}
[2.611328] (px4_msgs) StdoutLine: {'line': b'-- Up-to-date: /home/px4/ros2/ws/install/px4_msgs/include/px4_msgs/px4_msgs/msg/detail/internal_combustion_engine_status__traits.hpp\n'}
[2.611416] (px4_msgs) StdoutLine: {'line': b'-- Up-to-date: /home/px4/ros2/ws/install/px4_msgs/include/px4_msgs/px4_msgs/msg/detail/mount_orientation__builder.hpp\n'}
[2.611505] (px4_msgs) StdoutLine: {'line': b'-- Up-to-date: /home/px4/ros2/ws/install/px4_msgs/include/px4_msgs/px4_msgs/msg/detail/obstacle_distance__struct.hpp\n'}
[2.611605] (px4_msgs) StdoutLine: {'line': b'-- Up-to-date: /home/px4/ros2/ws/install/px4_msgs/include/px4_msgs/px4_msgs/msg/detail/vehicle_rates_setpoint__struct.hpp\n'}
[2.611713] (px4_msgs) StdoutLine: {'line': b'-- Up-to-date: /home/px4/ros2/ws/install/px4_msgs/include/px4_msgs/px4_msgs/msg/detail/estimator_selector_status__type_support.hpp\n'}
[2.611828] (px4_msgs) StdoutLine: {'line': b'-- Up-to-date: /home/px4/ros2/ws/install/px4_msgs/include/px4_msgs/px4_msgs/msg/detail/uavcan_parameter_value__traits.hpp\n'}
[2.611941] (px4_msgs) StdoutLine: {'line': b'-- Up-to-date: /home/px4/ros2/ws/install/px4_msgs/include/px4_msgs/px4_msgs/msg/detail/vehicle_odometry__builder.hpp\n'}
[2.612061] (px4_msgs) StdoutLine: {'line': b'-- Up-to-date: /home/px4/ros2/ws/install/px4_msgs/include/px4_msgs/px4_msgs/msg/detail/sensors_status_imu__type_support.hpp\n'}
[2.612140] (px4_msgs) StdoutLine: {'line': b'-- Up-to-date: /home/px4/ros2/ws/install/px4_msgs/include/px4_msgs/px4_msgs/msg/detail/satellite_info__type_support.hpp\n'}
[2.612245] (px4_msgs) StdoutLine: {'line': b'-- Up-to-date: /home/px4/ros2/ws/install/px4_msgs/include/px4_msgs/px4_msgs/msg/detail/tiltrotor_extra_controls__builder.hpp\n'}
[2.612377] (px4_msgs) StdoutLine: {'line': b'-- Up-to-date: /home/px4/ros2/ws/install/px4_msgs/include/px4_msgs/px4_msgs/msg/detail/cellular_status__type_support.hpp\n'}
[2.612489] (px4_msgs) StdoutLine: {'line': b'-- Up-to-date: /home/px4/ros2/ws/install/px4_msgs/include/px4_msgs/px4_msgs/msg/detail/register_ext_component_reply__traits.hpp\n'}
[2.612594] (px4_msgs) StdoutLine: {'line': b'-- Up-to-date: /home/px4/ros2/ws/install/px4_msgs/include/px4_msgs/px4_msgs/msg/detail/rover_rate_status__builder.hpp\n'}
[2.612687] (px4_msgs) StdoutLine: {'line': b'-- Up-to-date: /home/px4/ros2/ws/install/px4_msgs/include/px4_msgs/px4_msgs/msg/detail/estimator_event_flags__struct.hpp\n'}
[2.612783] (px4_msgs) StdoutLine: {'line': b'-- Up-to-date: /home/px4/ros2/ws/install/px4_msgs/include/px4_msgs/px4_msgs/msg/detail/action_request__builder.hpp\n'}
[2.612875] (px4_msgs) StdoutLine: {'line': b'-- Up-to-date: /home/px4/ros2/ws/install/px4_msgs/include/px4_msgs/px4_msgs/msg/detail/rover_velocity_setpoint__traits.hpp\n'}
[2.612967] (px4_msgs) StdoutLine: {'line': b'-- Up-to-date: /home/px4/ros2/ws/install/px4_msgs/include/px4_msgs/px4_msgs/msg/detail/tiltrotor_extra_controls__traits.hpp\n'}
[2.613059] (px4_msgs) StdoutLine: {'line': b'-- Up-to-date: /home/px4/ros2/ws/install/px4_msgs/include/px4_msgs/px4_msgs/msg/detail/position_controller_status__type_support.hpp\n'}
[2.613141] (px4_msgs) StdoutLine: {'line': b'-- Up-to-date: /home/px4/ros2/ws/install/px4_msgs/include/px4_msgs/px4_msgs/msg/detail/heater_status__struct.hpp\n'}
[2.613247] (px4_msgs) StdoutLine: {'line': b'-- Up-to-date: /home/px4/ros2/ws/install/px4_msgs/include/px4_msgs/px4_msgs/msg/detail/actuator_servos_trim__type_support.hpp\n'}
[2.613351] (px4_msgs) StdoutLine: {'line': b'-- Up-to-date: /home/px4/ros2/ws/install/px4_msgs/include/px4_msgs/px4_msgs/msg/detail/longitudinal_control_configuration__struct.hpp\n'}
[2.613451] (px4_msgs) StdoutLine: {'line': b'-- Up-to-date: /home/px4/ros2/ws/install/px4_msgs/include/px4_msgs/px4_msgs/msg/detail/gpio_out__type_support.hpp\n'}
[2.613579] (px4_msgs) StdoutLine: {'line': b'-- Up-to-date: /home/px4/ros2/ws/install/px4_msgs/include/px4_msgs/px4_msgs/msg/detail/navigator_mission_item__traits.hpp\n'}
[2.613673] (px4_msgs) StdoutLine: {'line': b'-- Up-to-date: /home/px4/ros2/ws/install/px4_msgs/include/px4_msgs/px4_msgs/msg/detail/rate_ctrl_status__type_support.hpp\n'}
[2.613738] (px4_msgs) StdoutLine: {'line': b'-- Up-to-date: /home/px4/ros2/ws/install/px4_msgs/include/px4_msgs/px4_msgs/msg/detail/geofence_status__struct.hpp\n'}
[2.613802] (px4_msgs) StdoutLine: {'line': b'-- Up-to-date: /home/px4/ros2/ws/install/px4_msgs/include/px4_msgs/px4_msgs/msg/detail/follow_target__traits.hpp\n'}
[2.613865] (px4_msgs) StdoutLine: {'line': b'-- Up-to-date: /home/px4/ros2/ws/install/px4_msgs/include/px4_msgs/px4_msgs/msg/detail/battery_status__type_support.hpp\n'}
[2.613972] (px4_msgs) StdoutLine: {'line': b'-- Up-to-date: /home/px4/ros2/ws/install/px4_msgs/include/px4_msgs/px4_msgs/msg/detail/mission__struct.hpp\n'}
[2.614085] (px4_msgs) StdoutLine: {'line': b'-- Up-to-date: /home/px4/ros2/ws/install/px4_msgs/include/px4_msgs/px4_msgs/msg/detail/vehicle_torque_setpoint__type_support.hpp\n'}
[2.614204] (px4_msgs) StdoutLine: {'line': b'-- Up-to-date: /home/px4/ros2/ws/install/px4_msgs/include/px4_msgs/px4_msgs/msg/detail/fixed_wing_runway_control__type_support.hpp\n'}
[2.614332] (px4_msgs) StdoutLine: {'line': b'-- Up-to-date: /home/px4/ros2/ws/install/px4_msgs/include/px4_msgs/px4_msgs/msg/detail/sensor_uwb__struct.hpp\n'}
[2.614429] (px4_msgs) StdoutLine: {'line': b'-- Up-to-date: /home/px4/ros2/ws/install/px4_msgs/include/px4_msgs/px4_msgs/msg/detail/tune_control__struct.hpp\n'}
[2.614523] (px4_msgs) StdoutLine: {'line': b'-- Up-to-date: /home/px4/ros2/ws/install/px4_msgs/include/px4_msgs/px4_msgs/msg/detail/neural_control__traits.hpp\n'}
[2.614612] (px4_msgs) StdoutLine: {'line': b'-- Up-to-date: /home/px4/ros2/ws/install/px4_msgs/include/px4_msgs/px4_msgs/msg/detail/position_setpoint_triplet__type_support.hpp\n'}
[2.614706] (px4_msgs) StdoutLine: {'line': b'-- Up-to-date: /home/px4/ros2/ws/install/px4_msgs/include/px4_msgs/px4_msgs/msg/detail/control_allocator_status__traits.hpp\n'}
[2.614818] (px4_msgs) StdoutLine: {'line': b'-- Up-to-date: /home/px4/ros2/ws/install/px4_msgs/include/px4_msgs/px4_msgs/msg/detail/irlock_report__struct.hpp\n'}
[2.614909] (px4_msgs) StdoutLine: {'line': b'-- Up-to-date: /home/px4/ros2/ws/install/px4_msgs/include/px4_msgs/px4_msgs/msg/detail/sensor_accel__traits.hpp\n'}
[2.615004] (px4_msgs) StdoutLine: {'line': b'-- Up-to-date: /home/px4/ros2/ws/install/px4_msgs/include/px4_msgs/px4_msgs/msg/detail/event__builder.hpp\n'}
[2.615069] (px4_msgs) StdoutLine: {'line': b'-- Up-to-date: /home/px4/ros2/ws/install/px4_msgs/include/px4_msgs/px4_msgs/msg/detail/camera_capture__builder.hpp\n'}
[2.615131] (px4_msgs) StdoutLine: {'line': b'-- Up-to-date: /home/px4/ros2/ws/install/px4_msgs/include/px4_msgs/px4_msgs/msg/detail/rover_attitude_setpoint__struct.hpp\n'}
[2.615207] (px4_msgs) StdoutLine: {'line': b'-- Up-to-date: /home/px4/ros2/ws/install/px4_msgs/include/px4_msgs/px4_msgs/msg/detail/estimator_aid_source3d__type_support.hpp\n'}
[2.615285] (px4_msgs) StdoutLine: {'line': b'-- Up-to-date: /home/px4/ros2/ws/install/px4_msgs/include/px4_msgs/px4_msgs/msg/detail/actuator_test__traits.hpp\n'}
[2.615348] (px4_msgs) StdoutLine: {'line': b'-- Up-to-date: /home/px4/ros2/ws/install/px4_msgs/include/px4_msgs/px4_msgs/msg/detail/mount_orientation__traits.hpp\n'}
[2.615411] (px4_msgs) StdoutLine: {'line': b'-- Up-to-date: /home/px4/ros2/ws/install/px4_msgs/include/px4_msgs/px4_msgs/msg/detail/debug_array__struct.hpp\n'}
[2.615474] (px4_msgs) StdoutLine: {'line': b'-- Up-to-date: /home/px4/ros2/ws/install/px4_msgs/include/px4_msgs/px4_msgs/msg/detail/wheel_encoders__builder.hpp\n'}
[2.615588] (px4_msgs) StdoutLine: {'line': b'-- Up-to-date: /home/px4/ros2/ws/install/px4_msgs/include/px4_msgs/px4_msgs/msg/detail/health_report__struct.hpp\n'}
[2.615693] (px4_msgs) StdoutLine: {'line': b'-- Up-to-date: /home/px4/ros2/ws/install/px4_msgs/include/px4_msgs/px4_msgs/msg/detail/mission__builder.hpp\n'}
[2.615758] (px4_msgs) StdoutLine: {'line': b'-- Up-to-date: /home/px4/ros2/ws/install/px4_msgs/include/px4_msgs/px4_msgs/msg/detail/autotune_attitude_control_status__traits.hpp\n'}
[2.615823] (px4_msgs) StdoutLine: {'line': b'-- Up-to-date: /home/px4/ros2/ws/install/px4_msgs/include/px4_msgs/px4_msgs/msg/detail/open_drone_id_operator_id__builder.hpp\n'}
[2.615887] (px4_msgs) StdoutLine: {'line': b'-- Up-to-date: /home/px4/ros2/ws/install/px4_msgs/include/px4_msgs/px4_msgs/msg/detail/rtl_status__builder.hpp\n'}
[2.615949] (px4_msgs) StdoutLine: {'line': b'-- Up-to-date: /home/px4/ros2/ws/install/px4_msgs/include/px4_msgs/px4_msgs/msg/detail/failsafe_flags__type_support.hpp\n'}
[2.616011] (px4_msgs) StdoutLine: {'line': b'-- Up-to-date: /home/px4/ros2/ws/install/px4_msgs/include/px4_msgs/px4_msgs/msg/detail/follow_target_status__builder.hpp\n'}
[2.616075] (px4_msgs) StdoutLine: {'line': b'-- Up-to-date: /home/px4/ros2/ws/install/px4_msgs/include/px4_msgs/px4_msgs/msg/detail/neural_control__type_support.hpp\n'}
[2.616138] (px4_msgs) StdoutLine: {'line': b'-- Up-to-date: /home/px4/ros2/ws/install/px4_msgs/include/px4_msgs/px4_msgs/msg/detail/arming_check_reply__builder.hpp\n'}
[2.616244] (px4_msgs) StdoutLine: {'line': b'-- Up-to-date: /home/px4/ros2/ws/install/px4_msgs/include/px4_msgs/px4_msgs/msg/detail/timesync_status__traits.hpp\n'}
[2.616316] (px4_msgs) StdoutLine: {'line': b'-- Up-to-date: /home/px4/ros2/ws/install/px4_msgs/include/px4_msgs/px4_msgs/msg/detail/vehicle_status__traits.hpp\n'}
[2.616380] (px4_msgs) StdoutLine: {'line': b'-- Up-to-date: /home/px4/ros2/ws/install/px4_msgs/include/px4_msgs/px4_msgs/msg/detail/estimator_selector_status__traits.hpp\n'}
[2.616462] (px4_msgs) StdoutLine: {'line': b'-- Up-to-date: /home/px4/ros2/ws/install/px4_msgs/include/px4_msgs/px4_msgs/msg/detail/position_controller_landing_status__traits.hpp\n'}
[2.616526] (px4_msgs) StdoutLine: {'line': b'-- Up-to-date: /home/px4/ros2/ws/install/px4_msgs/include/px4_msgs/px4_msgs/msg/detail/rover_velocity_setpoint__builder.hpp\n'}
[2.616599] (px4_msgs) StdoutLine: {'line': b'-- Up-to-date: /home/px4/ros2/ws/install/px4_msgs/include/px4_msgs/px4_msgs/msg/detail/rover_attitude_setpoint__builder.hpp\n'}
[2.616685] (px4_msgs) StdoutLine: {'line': b'-- Up-to-date: /home/px4/ros2/ws/install/px4_msgs/include/px4_msgs/px4_msgs/msg/detail/actuator_outputs__type_support.hpp\n'}
[2.616788] (px4_msgs) StdoutLine: {'line': b'-- Up-to-date: /home/px4/ros2/ws/install/px4_msgs/include/px4_msgs/px4_msgs/msg/detail/debug_value__type_support.hpp\n'}
[2.616890] (px4_msgs) StdoutLine: {'line': b'-- Up-to-date: /home/px4/ros2/ws/install/px4_msgs/include/px4_msgs/px4_msgs/msg/detail/register_ext_component_request__type_support.hpp\n'}
[2.616997] (px4_msgs) StdoutLine: {'line': b'-- Up-to-date: /home/px4/ros2/ws/install/px4_msgs/include/px4_msgs/px4_msgs/msg/detail/mag_worker_data__struct.hpp\n'}
[2.617121] (px4_msgs) StdoutLine: {'line': b'-- Up-to-date: /home/px4/ros2/ws/install/px4_msgs/include/px4_msgs/px4_msgs/msg/detail/vehicle_local_position__traits.hpp\n'}
[2.617234] (px4_msgs) StdoutLine: {'line': b'-- Up-to-date: /home/px4/ros2/ws/install/px4_msgs/include/px4_msgs/px4_msgs/msg/detail/position_controller_status__builder.hpp\n'}
[2.617312] (px4_msgs) StdoutLine: {'line': b'-- Up-to-date: /home/px4/ros2/ws/install/px4_msgs/include/px4_msgs/px4_msgs/msg/detail/autotune_attitude_control_status__type_support.hpp\n'}
[2.617378] (px4_msgs) StdoutLine: {'line': b'-- Up-to-date: /home/px4/ros2/ws/install/px4_msgs/include/px4_msgs/px4_msgs/msg/detail/figure_eight_status__type_support.hpp\n'}
[2.617453] (px4_msgs) StdoutLine: {'line': b'-- Up-to-date: /home/px4/ros2/ws/install/px4_msgs/include/px4_msgs/px4_msgs/msg/detail/hover_thrust_estimate__type_support.hpp\n'}
[2.617625] (px4_msgs) StdoutLine: {'line': b'-- Up-to-date: /home/px4/ros2/ws/install/px4_msgs/include/px4_msgs/px4_msgs/msg/detail/magnetometer_bias_estimate__type_support.hpp\n'}
[2.617790] (px4_msgs) StdoutLine: {'line': b'-- Up-to-date: /home/px4/ros2/ws/install/px4_msgs/include/px4_msgs/px4_msgs/msg/detail/lateral_control_configuration__builder.hpp\n'}
[2.617898] (px4_msgs) StdoutLine: {'line': b'-- Up-to-date: /home/px4/ros2/ws/install/px4_msgs/include/px4_msgs/px4_msgs/msg/detail/rc_parameter_map__struct.hpp\n'}
[2.617966] (px4_msgs) StdoutLine: {'line': b'-- Up-to-date: /home/px4/ros2/ws/install/px4_msgs/include/px4_msgs/px4_msgs/msg/detail/mission_result__traits.hpp\n'}
[2.618030] (px4_msgs) StdoutLine: {'line': b'-- Up-to-date: /home/px4/ros2/ws/install/px4_msgs/include/px4_msgs/px4_msgs/msg/detail/telemetry_status__traits.hpp\n'}
[2.618111] (px4_msgs) StdoutLine: {'line': b'-- Up-to-date: /home/px4/ros2/ws/install/px4_msgs/include/px4_msgs/px4_msgs/msg/detail/collision_constraints__traits.hpp\n'}
[2.618227] (px4_msgs) StdoutLine: {'line': b'-- Up-to-date: /home/px4/ros2/ws/install/px4_msgs/include/px4_msgs/px4_msgs/msg/detail/telemetry_status__type_support.hpp\n'}
[2.618327] (px4_msgs) StdoutLine: {'line': b'-- Up-to-date: /home/px4/ros2/ws/install/px4_msgs/include/px4_msgs/px4_msgs/msg/detail/vehicle_roi__traits.hpp\n'}
[2.618395] (px4_msgs) StdoutLine: {'line': b'-- Up-to-date: /home/px4/ros2/ws/install/px4_msgs/include/px4_msgs/px4_msgs/msg/detail/rover_rate_status__traits.hpp\n'}
[2.618489] (px4_msgs) StdoutLine: {'line': b'-- Up-to-date: /home/px4/ros2/ws/install/px4_msgs/include/px4_msgs/px4_msgs/msg/detail/mag_worker_data__builder.hpp\n'}
[2.618555] (px4_msgs) StdoutLine: {'line': b'-- Up-to-date: /home/px4/ros2/ws/install/px4_msgs/include/px4_msgs/px4_msgs/msg/detail/geofence_result__traits.hpp\n'}
[2.618622] (px4_msgs) StdoutLine: {'line': b'-- Up-to-date: /home/px4/ros2/ws/install/px4_msgs/include/px4_msgs/px4_msgs/msg/detail/fixed_wing_longitudinal_setpoint__builder.hpp\n'}
[2.618715] (px4_msgs) StdoutLine: {'line': b'-- Up-to-date: /home/px4/ros2/ws/install/px4_msgs/include/px4_msgs/px4_msgs/msg/detail/sensors_status__builder.hpp\n'}
[2.618794] (px4_msgs) StdoutLine: {'line': b'-- Up-to-date: /home/px4/ros2/ws/install/px4_msgs/include/px4_msgs/px4_msgs/msg/detail/actuator_armed__struct.hpp\n'}
[2.618885] (px4_msgs) StdoutLine: {'line': b'-- Up-to-date: /home/px4/ros2/ws/install/px4_msgs/include/px4_msgs/px4_msgs/msg/detail/dronecan_node_status__traits.hpp\n'}
[2.618948] (px4_msgs) StdoutLine: {'line': b'-- Up-to-date: /home/px4/ros2/ws/install/px4_msgs/include/px4_msgs/px4_msgs/msg/detail/fixed_wing_runway_control__builder.hpp\n'}
[2.619010] (px4_msgs) StdoutLine: {'line': b'-- Up-to-date: /home/px4/ros2/ws/install/px4_msgs/include/px4_msgs/px4_msgs/msg/detail/ekf2_timestamps__type_support.hpp\n'}
[2.619073] (px4_msgs) StdoutLine: {'line': b'-- Up-to-date: /home/px4/ros2/ws/install/px4_msgs/include/px4_msgs/px4_msgs/msg/detail/sensor_gps__struct.hpp\n'}
[2.619136] (px4_msgs) StdoutLine: {'line': b'-- Up-to-date: /home/px4/ros2/ws/install/px4_msgs/include/px4_msgs/px4_msgs/msg/detail/sensor_baro__struct.hpp\n'}
[2.619207] (px4_msgs) StdoutLine: {'line': b'-- Up-to-date: /home/px4/ros2/ws/install/px4_msgs/include/px4_msgs/px4_msgs/msg/detail/irlock_report__type_support.hpp\n'}
[2.619286] (px4_msgs) StdoutLine: {'line': b'-- Up-to-date: /home/px4/ros2/ws/install/px4_msgs/include/px4_msgs/px4_msgs/msg/detail/manual_control_setpoint__struct.hpp\n'}
[2.619350] (px4_msgs) StdoutLine: {'line': b'-- Up-to-date: /home/px4/ros2/ws/install/px4_msgs/include/px4_msgs/px4_msgs/msg/detail/irlock_report__builder.hpp\n'}
[2.619423] (px4_msgs) StdoutLine: {'line': b'-- Up-to-date: /home/px4/ros2/ws/install/px4_msgs/include/px4_msgs/px4_msgs/msg/detail/flight_phase_estimation__struct.hpp\n'}
[2.619488] (px4_msgs) StdoutLine: {'line': b'-- Up-to-date: /home/px4/ros2/ws/install/px4_msgs/include/px4_msgs/px4_msgs/msg/detail/health_report__traits.hpp\n'}
[2.619562] (px4_msgs) StdoutLine: {'line': b'-- Up-to-date: /home/px4/ros2/ws/install/px4_msgs/include/px4_msgs/px4_msgs/msg/detail/transponder_report__struct.hpp\n'}
[2.619626] (px4_msgs) StdoutLine: {'line': b'-- Up-to-date: /home/px4/ros2/ws/install/px4_msgs/include/px4_msgs/px4_msgs/msg/detail/ekf2_timestamps__builder.hpp\n'}
[2.619690] (px4_msgs) StdoutLine: {'line': b'-- Up-to-date: /home/px4/ros2/ws/install/px4_msgs/include/px4_msgs/px4_msgs/msg/detail/gimbal_manager_status__type_support.hpp\n'}
[2.619757] (px4_msgs) StdoutLine: {'line': b'-- Up-to-date: /home/px4/ros2/ws/install/px4_msgs/include/px4_msgs/px4_msgs/msg/detail/power_monitor__builder.hpp\n'}
[2.619819] (px4_msgs) StdoutLine: {'line': b'-- Up-to-date: /home/px4/ros2/ws/install/px4_msgs/include/px4_msgs/px4_msgs/msg/detail/led_control__type_support.hpp\n'}
[2.619882] (px4_msgs) StdoutLine: {'line': b'-- Up-to-date: /home/px4/ros2/ws/install/px4_msgs/include/px4_msgs/px4_msgs/msg/detail/esc_status__struct.hpp\n'}
[2.619944] (px4_msgs) StdoutLine: {'line': b'-- Up-to-date: /home/px4/ros2/ws/install/px4_msgs/include/px4_msgs/px4_msgs/msg/detail/collision_constraints__builder.hpp\n'}
[2.620006] (px4_msgs) StdoutLine: {'line': b'-- Up-to-date: /home/px4/ros2/ws/install/px4_msgs/include/px4_msgs/px4_msgs/msg/detail/camera_capture__struct.hpp\n'}
[2.620068] (px4_msgs) StdoutLine: {'line': b'-- Up-to-date: /home/px4/ros2/ws/install/px4_msgs/include/px4_msgs/px4_msgs/msg/detail/vehicle_air_data__type_support.hpp\n'}
[2.620131] (px4_msgs) StdoutLine: {'line': b'-- Up-to-date: /home/px4/ros2/ws/install/px4_msgs/include/px4_msgs/px4_msgs/msg/detail/manual_control_setpoint__traits.hpp\n'}
[2.620236] (px4_msgs) StdoutLine: {'line': b'-- Up-to-date: /home/px4/ros2/ws/install/px4_msgs/include/px4_msgs/px4_msgs/msg/detail/satellite_info__traits.hpp\n'}
[2.620319] (px4_msgs) StdoutLine: {'line': b'-- Up-to-date: /home/px4/ros2/ws/install/px4_msgs/include/px4_msgs/px4_msgs/msg/detail/estimator_bias3d__builder.hpp\n'}
[2.620383] (px4_msgs) StdoutLine: {'line': b'-- Up-to-date: /home/px4/ros2/ws/install/px4_msgs/include/px4_msgs/px4_msgs/msg/detail/goto_setpoint__struct.hpp\n'}
[2.620444] (px4_msgs) StdoutLine: {'line': b'-- Up-to-date: /home/px4/ros2/ws/install/px4_msgs/include/px4_msgs/px4_msgs/msg/detail/estimator_selector_status__builder.hpp\n'}
[2.620507] (px4_msgs) StdoutLine: {'line': b'-- Up-to-date: /home/px4/ros2/ws/install/px4_msgs/include/px4_msgs/px4_msgs/msg/detail/collision_constraints__struct.hpp\n'}
[2.620581] (px4_msgs) StdoutLine: {'line': b'-- Up-to-date: /home/px4/ros2/ws/install/px4_msgs/include/px4_msgs/px4_msgs/msg/detail/cellular_status__traits.hpp\n'}
[2.620667] (px4_msgs) StdoutLine: {'line': b'-- Up-to-date: /home/px4/ros2/ws/install/px4_msgs/include/px4_msgs/px4_msgs/msg/detail/gimbal_manager_set_manual_control__builder.hpp\n'}
[2.620729] (px4_msgs) StdoutLine: {'line': b'-- Up-to-date: /home/px4/ros2/ws/install/px4_msgs/include/px4_msgs/px4_msgs/msg/detail/mode_completed__type_support.hpp\n'}
[2.620802] (px4_msgs) StdoutLine: {'line': b'-- Up-to-date: /home/px4/ros2/ws/install/px4_msgs/include/px4_msgs/px4_msgs/msg/detail/task_stack_info__struct.hpp\n'}
[2.620897] (px4_msgs) StdoutLine: {'line': b'-- Up-to-date: /home/px4/ros2/ws/install/px4_msgs/include/px4_msgs/px4_msgs/msg/detail/sensors_status__traits.hpp\n'}
[2.620999] (px4_msgs) StdoutLine: {'line': b'-- Up-to-date: /home/px4/ros2/ws/install/px4_msgs/include/px4_msgs/px4_msgs/msg/detail/actuator_servos__traits.hpp\n'}
[2.621097] (px4_msgs) StdoutLine: {'line': b'-- Up-to-date: /home/px4/ros2/ws/install/px4_msgs/include/px4_msgs/px4_msgs/msg/detail/px4io_status__builder.hpp\n'}
[2.621204] (px4_msgs) StdoutLine: {'line': b'-- Up-to-date: /home/px4/ros2/ws/install/px4_msgs/include/px4_msgs/px4_msgs/msg/detail/sensor_baro__type_support.hpp\n'}
[2.621312] (px4_msgs) StdoutLine: {'line': b'-- Up-to-date: /home/px4/ros2/ws/install/px4_msgs/include/px4_msgs/px4_msgs/msg/detail/camera_trigger__traits.hpp\n'}
[2.621402] (px4_msgs) StdoutLine: {'line': b'-- Up-to-date: /home/px4/ros2/ws/install/px4_msgs/include/px4_msgs/px4_msgs/msg/detail/vehicle_command_ack__struct.hpp\n'}
[2.621493] (px4_msgs) StdoutLine: {'line': b'-- Up-to-date: /home/px4/ros2/ws/install/px4_msgs/include/px4_msgs/px4_msgs/msg/detail/dataman_request__struct.hpp\n'}
[2.621607] (px4_msgs) StdoutLine: {'line': b'-- Up-to-date: /home/px4/ros2/ws/install/px4_msgs/include/px4_msgs/px4_msgs/msg/detail/internal_combustion_engine_status__struct.hpp\n'}
[2.621693] (px4_msgs) StdoutLine: {'line': b'-- Up-to-date: /home/px4/ros2/ws/install/px4_msgs/include/px4_msgs/px4_msgs/msg/detail/tecs_status__builder.hpp\n'}
[2.621758] (px4_msgs) StdoutLine: {'line': b'-- Up-to-date: /home/px4/ros2/ws/install/px4_msgs/include/px4_msgs/px4_msgs/msg/detail/qshell_retval__traits.hpp\n'}
[2.621851] (px4_msgs) StdoutLine: {'line': b'-- Up-to-date: /home/px4/ros2/ws/install/px4_msgs/include/px4_msgs/px4_msgs/msg/detail/fixed_wing_lateral_status__builder.hpp\n'}
[2.621937] (px4_msgs) StdoutLine: {'line': b'-- Up-to-date: /home/px4/ros2/ws/install/px4_msgs/include/px4_msgs/px4_msgs/msg/detail/event__type_support.hpp\n'}
[2.622015] (px4_msgs) StdoutLine: {'line': b'-- Up-to-date: /home/px4/ros2/ws/install/px4_msgs/include/px4_msgs/px4_msgs/msg/detail/sensor_gyro_fft__type_support.hpp\n'}
[2.622116] (px4_msgs) StdoutLine: {'line': b'-- Up-to-date: /home/px4/ros2/ws/install/px4_msgs/include/px4_msgs/px4_msgs/msg/detail/follow_target_status__struct.hpp\n'}
[2.622244] (px4_msgs) StdoutLine: {'line': b'-- Up-to-date: /home/px4/ros2/ws/install/px4_msgs/include/px4_msgs/px4_msgs/msg/detail/estimator_bias3d__type_support.hpp\n'}
[2.622346] (px4_msgs) StdoutLine: {'line': b'-- Up-to-date: /home/px4/ros2/ws/install/px4_msgs/include/px4_msgs/px4_msgs/msg/detail/actuator_servos_trim__struct.hpp\n'}
[2.622427] (px4_msgs) StdoutLine: {'line': b'-- Up-to-date: /home/px4/ros2/ws/install/px4_msgs/include/px4_msgs/px4_msgs/msg/detail/rover_rate_setpoint__traits.hpp\n'}
[2.622494] (px4_msgs) StdoutLine: {'line': b'-- Up-to-date: /home/px4/ros2/ws/install/px4_msgs/include/px4_msgs/px4_msgs/msg/detail/sensor_airflow__traits.hpp\n'}
[2.622594] (px4_msgs) StdoutLine: {'line': b'-- Up-to-date: /home/px4/ros2/ws/install/px4_msgs/include/px4_msgs/px4_msgs/msg/detail/mission__traits.hpp\n'}
[2.622673] (px4_msgs) StdoutLine: {'line': b'-- Up-to-date: /home/px4/ros2/ws/install/px4_msgs/include/px4_msgs/px4_msgs/msg/detail/fixed_wing_lateral_setpoint__traits.hpp\n'}
[2.622737] (px4_msgs) StdoutLine: {'line': b'-- Up-to-date: /home/px4/ros2/ws/install/px4_msgs/include/px4_msgs/px4_msgs/msg/detail/gpio_in__builder.hpp\n'}
[2.622803] (px4_msgs) StdoutLine: {'line': b'-- Up-to-date: /home/px4/ros2/ws/install/px4_msgs/include/px4_msgs/px4_msgs/msg/detail/airspeed_wind__builder.hpp\n'}
[2.622902] (px4_msgs) StdoutLine: {'line': b'-- Up-to-date: /home/px4/ros2/ws/install/px4_msgs/include/px4_msgs/px4_msgs/msg/detail/orb_test__type_support.hpp\n'}
[2.622981] (px4_msgs) StdoutLine: {'line': b'-- Up-to-date: /home/px4/ros2/ws/install/px4_msgs/include/px4_msgs/px4_msgs/msg/detail/open_drone_id_arm_status__traits.hpp\n'}
[2.623080] (px4_msgs) StdoutLine: {'line': b'-- Up-to-date: /home/px4/ros2/ws/install/px4_msgs/include/px4_msgs/px4_msgs/msg/detail/geofence_result__builder.hpp\n'}
[2.623174] (px4_msgs) StdoutLine: {'line': b'-- Up-to-date: /home/px4/ros2/ws/install/px4_msgs/include/px4_msgs/px4_msgs/msg/detail/gripper__struct.hpp\n'}
[2.623317] (px4_msgs) StdoutLine: {'line': b'-- Up-to-date: /home/px4/ros2/ws/install/px4_msgs/include/px4_msgs/px4_msgs/msg/detail/tecs_status__traits.hpp\n'}
[2.623420] (px4_msgs) StdoutLine: {'line': b'-- Up-to-date: /home/px4/ros2/ws/install/px4_msgs/include/px4_msgs/px4_msgs/msg/detail/ulog_stream_ack__type_support.hpp\n'}
[2.623499] (px4_msgs) StdoutLine: {'line': b'-- Up-to-date: /home/px4/ros2/ws/install/px4_msgs/include/px4_msgs/px4_msgs/msg/detail/vehicle_rates_setpoint__traits.hpp\n'}
[2.623583] (px4_msgs) StdoutLine: {'line': b'-- Up-to-date: /home/px4/ros2/ws/install/px4_msgs/include/px4_msgs/px4_msgs/msg/detail/trajectory_setpoint__type_support.hpp\n'}
[2.623648] (px4_msgs) StdoutLine: {'line': b'-- Up-to-date: /home/px4/ros2/ws/install/px4_msgs/include/px4_msgs/px4_msgs/msg/detail/velocity_limits__builder.hpp\n'}
[2.623721] (px4_msgs) StdoutLine: {'line': b'-- Up-to-date: /home/px4/ros2/ws/install/px4_msgs/include/px4_msgs/px4_msgs/msg/detail/open_drone_id_arm_status__builder.hpp\n'}
[2.623794] (px4_msgs) StdoutLine: {'line': b'-- Up-to-date: /home/px4/ros2/ws/install/px4_msgs/include/px4_msgs/px4_msgs/msg/detail/rover_steering_setpoint__builder.hpp\n'}
[2.623891] (px4_msgs) StdoutLine: {'line': b'-- Up-to-date: /home/px4/ros2/ws/install/px4_msgs/include/px4_msgs/px4_msgs/msg/detail/sensor_gnss_relative__struct.hpp\n'}
[2.623967] (px4_msgs) StdoutLine: {'line': b'-- Up-to-date: /home/px4/ros2/ws/install/px4_msgs/include/px4_msgs/px4_msgs/msg/detail/fixed_wing_longitudinal_setpoint__type_support.hpp\n'}
[2.624066] (px4_msgs) StdoutLine: {'line': b'-- Up-to-date: /home/px4/ros2/ws/install/px4_msgs/include/px4_msgs/px4_msgs/msg/detail/event__traits.hpp\n'}
[2.624166] (px4_msgs) StdoutLine: {'line': b'-- Up-to-date: /home/px4/ros2/ws/install/px4_msgs/include/px4_msgs/px4_msgs/msg/detail/arming_check_reply__type_support.hpp\n'}
[2.624288] (px4_msgs) StdoutLine: {'line': b'-- Up-to-date: /home/px4/ros2/ws/install/px4_msgs/include/px4_msgs/px4_msgs/msg/detail/actuator_servos_trim__builder.hpp\n'}
[2.624356] (px4_msgs) StdoutLine: {'line': b'-- Up-to-date: /home/px4/ros2/ws/install/px4_msgs/include/px4_msgs/px4_msgs/msg/detail/airspeed__struct.hpp\n'}
[2.624429] (px4_msgs) StdoutLine: {'line': b'-- Up-to-date: /home/px4/ros2/ws/install/px4_msgs/include/px4_msgs/px4_msgs/msg/detail/arming_check_request__struct.hpp\n'}
[2.624523] (px4_msgs) StdoutLine: {'line': b'-- Up-to-date: /home/px4/ros2/ws/install/px4_msgs/include/px4_msgs/px4_msgs/msg/detail/power_button_state__type_support.hpp\n'}
[2.624616] (px4_msgs) StdoutLine: {'line': b'-- Up-to-date: /home/px4/ros2/ws/install/px4_msgs/include/px4_msgs/px4_msgs/msg/detail/trajectory_setpoint__struct.hpp\n'}
[2.624707] (px4_msgs) StdoutLine: {'line': b'-- Up-to-date: /home/px4/ros2/ws/install/px4_msgs/include/px4_msgs/px4_msgs/msg/detail/satellite_info__struct.hpp\n'}
[2.624795] (px4_msgs) StdoutLine: {'line': b'-- Up-to-date: /home/px4/ros2/ws/install/px4_msgs/include/px4_msgs/px4_msgs/msg/detail/rc_channels__type_support.hpp\n'}
[2.624863] (px4_msgs) StdoutLine: {'line': b'-- Up-to-date: /home/px4/ros2/ws/install/px4_msgs/include/px4_msgs/px4_msgs/msg/detail/logger_status__struct.hpp\n'}
[2.624955] (px4_msgs) StdoutLine: {'line': b'-- Up-to-date: /home/px4/ros2/ws/install/px4_msgs/include/px4_msgs/px4_msgs/msg/detail/camera_trigger__builder.hpp\n'}
[2.625025] (px4_msgs) StdoutLine: {'line': b'-- Up-to-date: /home/px4/ros2/ws/install/px4_msgs/include/px4_msgs/px4_msgs/msg/detail/pure_pursuit_status__struct.hpp\n'}
[2.625087] (px4_msgs) StdoutLine: {'line': b'-- Up-to-date: /home/px4/ros2/ws/install/px4_msgs/include/px4_msgs/px4_msgs/msg/detail/rpm__struct.hpp\n'}
[2.625147] (px4_msgs) StdoutLine: {'line': b'-- Up-to-date: /home/px4/ros2/ws/install/px4_msgs/include/px4_msgs/px4_msgs/msg/detail/landing_target_innovations__traits.hpp\n'}
[2.625254] (px4_msgs) StdoutLine: {'line': b'-- Up-to-date: /home/px4/ros2/ws/install/px4_msgs/include/px4_msgs/px4_msgs/msg/detail/estimator_selector_status__struct.hpp\n'}
[2.625345] (px4_msgs) StdoutLine: {'line': b'-- Up-to-date: /home/px4/ros2/ws/install/px4_msgs/include/px4_msgs/px4_msgs/msg/detail/vehicle_acceleration__traits.hpp\n'}
[2.625434] (px4_msgs) StdoutLine: {'line': b'-- Up-to-date: /home/px4/ros2/ws/install/px4_msgs/include/px4_msgs/px4_msgs/msg/detail/autotune_attitude_control_status__builder.hpp\n'}
[2.625514] (px4_msgs) StdoutLine: {'line': b'-- Up-to-date: /home/px4/ros2/ws/install/px4_msgs/include/px4_msgs/px4_msgs/msg/detail/dataman_response__traits.hpp\n'}
[2.625603] (px4_msgs) StdoutLine: {'line': b'-- Up-to-date: /home/px4/ros2/ws/install/px4_msgs/include/px4_msgs/px4_msgs/msg/detail/vehicle_angular_acceleration_setpoint__traits.hpp\n'}
[2.625683] (px4_msgs) StdoutLine: {'line': b'-- Up-to-date: /home/px4/ros2/ws/install/px4_msgs/include/px4_msgs/px4_msgs/msg/detail/task_stack_info__builder.hpp\n'}
[2.625792] (px4_msgs) StdoutLine: {'line': b'-- Up-to-date: /home/px4/ros2/ws/install/px4_msgs/include/px4_msgs/px4_msgs/msg/detail/follow_target_status__traits.hpp\n'}
[2.625861] (px4_msgs) StdoutLine: {'line': b'-- Up-to-date: /home/px4/ros2/ws/install/px4_msgs/include/px4_msgs/px4_msgs/msg/detail/heater_status__type_support.hpp\n'}
[2.625924] (px4_msgs) StdoutLine: {'line': b'-- Up-to-date: /home/px4/ros2/ws/install/px4_msgs/include/px4_msgs/px4_msgs/msg/detail/launch_detection_status__traits.hpp\n'}
[2.626023] (px4_msgs) StdoutLine: {'line': b'-- Up-to-date: /home/px4/ros2/ws/install/px4_msgs/include/px4_msgs/px4_msgs/msg/detail/ulog_stream__builder.hpp\n'}
[2.626130] (px4_msgs) StdoutLine: {'line': b'-- Up-to-date: /home/px4/ros2/ws/install/px4_msgs/include/px4_msgs/px4_msgs/msg/detail/landing_target_innovations__type_support.hpp\n'}
[2.626301] (px4_msgs) StdoutLine: {'line': b'-- Up-to-date: /home/px4/ros2/ws/install/px4_msgs/include/px4_msgs/px4_msgs/msg/detail/gimbal_manager_set_manual_control__struct.hpp\n'}
[2.626428] (px4_msgs) StdoutLine: {'line': b'-- Up-to-date: /home/px4/ros2/ws/install/px4_msgs/include/px4_msgs/px4_msgs/msg/detail/velocity_limits__traits.hpp\n'}
[2.626539] (px4_msgs) StdoutLine: {'line': b'-- Up-to-date: /home/px4/ros2/ws/install/px4_msgs/include/px4_msgs/px4_msgs/msg/detail/sensor_mag__type_support.hpp\n'}
[2.626658] (px4_msgs) StdoutLine: {'line': b'-- Up-to-date: /home/px4/ros2/ws/install/px4_msgs/include/px4_msgs/px4_msgs/msg/detail/hover_thrust_estimate__builder.hpp\n'}
[2.626756] (px4_msgs) StdoutLine: {'line': b'-- Up-to-date: /home/px4/ros2/ws/install/px4_msgs/include/px4_msgs/px4_msgs/msg/detail/sensor_optical_flow__traits.hpp\n'}
[2.626838] (px4_msgs) StdoutLine: {'line': b'-- Up-to-date: /home/px4/ros2/ws/install/px4_msgs/include/px4_msgs/px4_msgs/msg/detail/distance_sensor_mode_change_request__struct.hpp\n'}
[2.626905] (px4_msgs) StdoutLine: {'line': b'-- Up-to-date: /home/px4/ros2/ws/install/px4_msgs/include/px4_msgs/px4_msgs/msg/detail/orbit_status__builder.hpp\n'}
[2.626967] (px4_msgs) StdoutLine: {'line': b'-- Up-to-date: /home/px4/ros2/ws/install/px4_msgs/include/px4_msgs/px4_msgs/msg/detail/control_allocator_status__struct.hpp\n'}
[2.627028] (px4_msgs) StdoutLine: {'line': b'-- Up-to-date: /home/px4/ros2/ws/install/px4_msgs/include/px4_msgs/px4_msgs/msg/detail/fuel_tank_status__struct.hpp\n'}
[2.627090] (px4_msgs) StdoutLine: {'line': b'-- Up-to-date: /home/px4/ros2/ws/install/px4_msgs/include/px4_msgs/px4_msgs/msg/detail/onboard_computer_status__type_support.hpp\n'}
[2.627153] (px4_msgs) StdoutLine: {'line': b'-- Up-to-date: /home/px4/ros2/ws/install/px4_msgs/include/px4_msgs/px4_msgs/msg/detail/sensor_hygrometer__builder.hpp\n'}
[2.627238] (px4_msgs) StdoutLine: {'line': b'-- Up-to-date: /home/px4/ros2/ws/install/px4_msgs/include/px4_msgs/px4_msgs/msg/detail/sensor_gyro_fifo__builder.hpp\n'}
[2.627317] (px4_msgs) StdoutLine: {'line': b'-- Up-to-date: /home/px4/ros2/ws/install/px4_msgs/include/px4_msgs/px4_msgs/msg/detail/mavlink_log__traits.hpp\n'}
[2.627381] (px4_msgs) StdoutLine: {'line': b'-- Up-to-date: /home/px4/ros2/ws/install/px4_msgs/include/px4_msgs/px4_msgs/msg/detail/gpio_request__struct.hpp\n'}
[2.627443] (px4_msgs) StdoutLine: {'line': b'-- Up-to-date: /home/px4/ros2/ws/install/px4_msgs/include/px4_msgs/px4_msgs/msg/detail/actuator_servos__struct.hpp\n'}
[2.627539] (px4_msgs) StdoutLine: {'line': b'-- Up-to-date: /home/px4/ros2/ws/install/px4_msgs/include/px4_msgs/px4_msgs/msg/detail/debug_key_value__traits.hpp\n'}
[2.627608] (px4_msgs) StdoutLine: {'line': b'-- Up-to-date: /home/px4/ros2/ws/install/px4_msgs/include/px4_msgs/px4_msgs/msg/detail/rover_throttle_setpoint__traits.hpp\n'}
[2.627673] (px4_msgs) StdoutLine: {'line': b'-- Up-to-date: /home/px4/ros2/ws/install/px4_msgs/include/px4_msgs/px4_msgs/msg/detail/vehicle_global_position__struct.hpp\n'}
[2.627737] (px4_msgs) StdoutLine: {'line': b'-- Up-to-date: /home/px4/ros2/ws/install/px4_msgs/include/px4_msgs/px4_msgs/msg/detail/actuator_test__builder.hpp\n'}
[2.627810] (px4_msgs) StdoutLine: {'line': b'-- Up-to-date: /home/px4/ros2/ws/install/px4_msgs/include/px4_msgs/px4_msgs/msg/detail/vehicle_air_data__struct.hpp\n'}
[2.627873] (px4_msgs) StdoutLine: {'line': b'-- Up-to-date: /home/px4/ros2/ws/install/px4_msgs/include/px4_msgs/px4_msgs/msg/detail/sensor_preflight_mag__builder.hpp\n'}
[2.627937] (px4_msgs) StdoutLine: {'line': b'-- Up-to-date: /home/px4/ros2/ws/install/px4_msgs/include/px4_msgs/px4_msgs/msg/detail/vehicle_land_detected__traits.hpp\n'}
[2.628001] (px4_msgs) StdoutLine: {'line': b'-- Up-to-date: /home/px4/ros2/ws/install/px4_msgs/include/px4_msgs/px4_msgs/msg/detail/sensor_correction__builder.hpp\n'}
[2.628064] (px4_msgs) StdoutLine: {'line': b'-- Up-to-date: /home/px4/ros2/ws/install/px4_msgs/include/px4_msgs/px4_msgs/msg/detail/pure_pursuit_status__builder.hpp\n'}
[2.628127] (px4_msgs) StdoutLine: {'line': b'-- Up-to-date: /home/px4/ros2/ws/install/px4_msgs/include/px4_msgs/px4_msgs/msg/detail/dataman_request__type_support.hpp\n'}
[2.628201] (px4_msgs) StdoutLine: {'line': b'-- Up-to-date: /home/px4/ros2/ws/install/px4_msgs/include/px4_msgs/px4_msgs/msg/detail/failsafe_flags__builder.hpp\n'}
[2.628282] (px4_msgs) StdoutLine: {'line': b'-- Up-to-date: /home/px4/ros2/ws/install/px4_msgs/include/px4_msgs/px4_msgs/msg/detail/camera_capture__type_support.hpp\n'}
[2.628362] (px4_msgs) StdoutLine: {'line': b'-- Up-to-date: /home/px4/ros2/ws/install/px4_msgs/include/px4_msgs/px4_msgs/msg/detail/vehicle_attitude__builder.hpp\n'}
[2.628426] (px4_msgs) StdoutLine: {'line': b'-- Up-to-date: /home/px4/ros2/ws/install/px4_msgs/include/px4_msgs/px4_msgs/msg/detail/wind__traits.hpp\n'}
[2.628488] (px4_msgs) StdoutLine: {'line': b'-- Up-to-date: /home/px4/ros2/ws/install/px4_msgs/include/px4_msgs/px4_msgs/msg/detail/airspeed_wind__struct.hpp\n'}
[2.628551] (px4_msgs) StdoutLine: {'line': b'-- Up-to-date: /home/px4/ros2/ws/install/px4_msgs/include/px4_msgs/px4_msgs/msg/detail/rover_velocity_status__builder.hpp\n'}
[2.628611] (px4_msgs) StdoutLine: {'line': b'-- Up-to-date: /home/px4/ros2/ws/install/px4_msgs/include/px4_msgs/px4_msgs/msg/detail/actuator_motors__traits.hpp\n'}
[2.628674] (px4_msgs) StdoutLine: {'line': b'-- Up-to-date: /home/px4/ros2/ws/install/px4_msgs/include/px4_msgs/px4_msgs/msg/detail/sensor_correction__traits.hpp\n'}
[2.628737] (px4_msgs) StdoutLine: {'line': b'-- Up-to-date: /home/px4/ros2/ws/install/px4_msgs/include/px4_msgs/px4_msgs/msg/detail/orb_test_medium__struct.hpp\n'}
[2.628799] (px4_msgs) StdoutLine: {'line': b'-- Up-to-date: /home/px4/ros2/ws/install/px4_msgs/include/px4_msgs/px4_msgs/msg/detail/offboard_control_mode__traits.hpp\n'}
[2.628876] (px4_msgs) StdoutLine: {'line': b'-- Up-to-date: /home/px4/ros2/ws/install/px4_msgs/include/px4_msgs/px4_msgs/msg/detail/sensor_selection__traits.hpp\n'}
[2.628940] (px4_msgs) StdoutLine: {'line': b'-- Up-to-date: /home/px4/ros2/ws/install/px4_msgs/include/px4_msgs/px4_msgs/msg/detail/vehicle_acceleration__struct.hpp\n'}
[2.629002] (px4_msgs) StdoutLine: {'line': b'-- Up-to-date: /home/px4/ros2/ws/install/px4_msgs/include/px4_msgs/px4_msgs/msg/detail/landing_target_innovations__builder.hpp\n'}
[2.629064] (px4_msgs) StdoutLine: {'line': b'-- Up-to-date: /home/px4/ros2/ws/install/px4_msgs/include/px4_msgs/px4_msgs/msg/detail/gpio_out__struct.hpp\n'}
[2.629127] (px4_msgs) StdoutLine: {'line': b'-- Up-to-date: /home/px4/ros2/ws/install/px4_msgs/include/px4_msgs/px4_msgs/msg/detail/normalized_unsigned_setpoint__struct.hpp\n'}
[2.629200] (px4_msgs) StdoutLine: {'line': b'-- Up-to-date: /home/px4/ros2/ws/install/px4_msgs/include/px4_msgs/px4_msgs/msg/detail/gimbal_device_attitude_status__type_support.hpp\n'}
[2.629291] (px4_msgs) StdoutLine: {'line': b'-- Up-to-date: /home/px4/ros2/ws/install/px4_msgs/include/px4_msgs/px4_msgs/msg/detail/fixed_wing_longitudinal_setpoint__struct.hpp\n'}
[2.629358] (px4_msgs) StdoutLine: {'line': b'-- Up-to-date: /home/px4/ros2/ws/install/px4_msgs/include/px4_msgs/px4_msgs/msg/detail/parameter_set_used_request__traits.hpp\n'}
[2.629431] (px4_msgs) StdoutLine: {'line': b'-- Up-to-date: /home/px4/ros2/ws/install/px4_msgs/include/px4_msgs/px4_msgs/msg/detail/vehicle_odometry__traits.hpp\n'}
[2.629493] (px4_msgs) StdoutLine: {'line': b'-- Up-to-date: /home/px4/ros2/ws/install/px4_msgs/include/px4_msgs/px4_msgs/msg/detail/telemetry_status__struct.hpp\n'}
[2.629555] (px4_msgs) StdoutLine: {'line': b'-- Up-to-date: /home/px4/ros2/ws/install/px4_msgs/include/px4_msgs/px4_msgs/msg/detail/manual_control_switches__struct.hpp\n'}
[2.629617] (px4_msgs) StdoutLine: {'line': b'-- Up-to-date: /home/px4/ros2/ws/install/px4_msgs/include/px4_msgs/px4_msgs/msg/detail/orb_test__traits.hpp\n'}
[2.629756] (px4_msgs) StdoutLine: {'line': b'-- Up-to-date: /home/px4/ros2/ws/install/px4_msgs/include/px4_msgs/px4_msgs/msg/detail/rover_steering_setpoint__type_support.hpp\n'}
[2.629834] (px4_msgs) StdoutLine: {'line': b'-- Up-to-date: /home/px4/ros2/ws/install/px4_msgs/include/px4_msgs/px4_msgs/msg/detail/trajectory_setpoint6dof__traits.hpp\n'}
[2.629899] (px4_msgs) StdoutLine: {'line': b'-- Up-to-date: /home/px4/ros2/ws/install/px4_msgs/include/px4_msgs/px4_msgs/msg/detail/sensor_selection__struct.hpp\n'}
[2.629962] (px4_msgs) StdoutLine: {'line': b'-- Up-to-date: /home/px4/ros2/ws/install/px4_msgs/include/px4_msgs/px4_msgs/msg/detail/debug_key_value__builder.hpp\n'}
[2.630026] (px4_msgs) StdoutLine: {'line': b'-- Up-to-date: /home/px4/ros2/ws/install/px4_msgs/include/px4_msgs/px4_msgs/msg/detail/goto_setpoint__type_support.hpp\n'}
[2.630116] (px4_msgs) StdoutLine: {'line': b'-- Up-to-date: /home/px4/ros2/ws/install/px4_msgs/include/px4_msgs/px4_msgs/msg/detail/geofence_result__struct.hpp\n'}
[2.630250] (px4_msgs) StdoutLine: {'line': b'-- Up-to-date: /home/px4/ros2/ws/install/px4_msgs/include/px4_msgs/px4_msgs/msg/detail/parameter_set_value_request__type_support.hpp\n'}
[2.630381] (px4_msgs) StdoutLine: {'line': b'-- Up-to-date: /home/px4/ros2/ws/install/px4_msgs/include/px4_msgs/px4_msgs/msg/detail/camera_status__traits.hpp\n'}
[2.630491] (px4_msgs) StdoutLine: {'line': b'-- Up-to-date: /home/px4/ros2/ws/install/px4_msgs/include/px4_msgs/px4_msgs/msg/detail/gps_dump__type_support.hpp\n'}
[2.630603] (px4_msgs) StdoutLine: {'line': b'-- Up-to-date: /home/px4/ros2/ws/install/px4_msgs/include/px4_msgs/px4_msgs/msg/detail/obstacle_distance__type_support.hpp\n'}
[2.630725] (px4_msgs) StdoutLine: {'line': b'-- Up-to-date: /home/px4/ros2/ws/install/px4_msgs/include/px4_msgs/px4_msgs/msg/detail/sensor_optical_flow__builder.hpp\n'}
[2.630801] (px4_msgs) StdoutLine: {'line': b'-- Up-to-date: /home/px4/ros2/ws/install/px4_msgs/include/px4_msgs/px4_msgs/msg/detail/vehicle_imu_status__type_support.hpp\n'}
[2.630877] (px4_msgs) StdoutLine: {'line': b'-- Up-to-date: /home/px4/ros2/ws/install/px4_msgs/include/px4_msgs/px4_msgs/msg/detail/can_interface_status__traits.hpp\n'}
[2.630964] (px4_msgs) StdoutLine: {'line': b'-- Up-to-date: /home/px4/ros2/ws/install/px4_msgs/include/px4_msgs/px4_msgs/msg/detail/fixed_wing_lateral_setpoint__builder.hpp\n'}
[2.631050] (px4_msgs) StdoutLine: {'line': b'-- Up-to-date: /home/px4/ros2/ws/install/px4_msgs/include/px4_msgs/px4_msgs/msg/detail/vehicle_acceleration__type_support.hpp\n'}
[2.631149] (px4_msgs) StdoutLine: {'line': b'-- Up-to-date: /home/px4/ros2/ws/install/px4_msgs/include/px4_msgs/px4_msgs/msg/detail/distance_sensor__type_support.hpp\n'}
[2.631250] (px4_msgs) StdoutLine: {'line': b'-- Up-to-date: /home/px4/ros2/ws/install/px4_msgs/include/px4_msgs/px4_msgs/msg/detail/sensor_gyro__traits.hpp\n'}
[2.631354] (px4_msgs) StdoutLine: {'line': b'-- Up-to-date: /home/px4/ros2/ws/install/px4_msgs/include/px4_msgs/px4_msgs/msg/detail/arming_check_request__type_support.hpp\n'}
[2.631451] (px4_msgs) StdoutLine: {'line': b'-- Up-to-date: /home/px4/ros2/ws/install/px4_msgs/include/px4_msgs/px4_msgs/msg/detail/uavcan_parameter_request__type_support.hpp\n'}
[2.631544] (px4_msgs) StdoutLine: {'line': b'-- Up-to-date: /home/px4/ros2/ws/install/px4_msgs/include/px4_msgs/px4_msgs/msg/detail/orb_test_medium__builder.hpp\n'}
[2.631623] (px4_msgs) StdoutLine: {'line': b'-- Up-to-date: /home/px4/ros2/ws/install/px4_msgs/include/px4_msgs/px4_msgs/msg/detail/gpio_out__traits.hpp\n'}
[2.631716] (px4_msgs) StdoutLine: {'line': b'-- Up-to-date: /home/px4/ros2/ws/install/px4_msgs/include/px4_msgs/px4_msgs/msg/detail/gimbal_manager_status__struct.hpp\n'}
[2.631801] (px4_msgs) StdoutLine: {'line': b'-- Up-to-date: /home/px4/ros2/ws/install/px4_msgs/include/px4_msgs/px4_msgs/msg/detail/rover_position_setpoint__type_support.hpp\n'}
[2.631866] (px4_msgs) StdoutLine: {'line': b'-- Up-to-date: /home/px4/ros2/ws/install/px4_msgs/include/px4_msgs/px4_msgs/msg/detail/fixed_wing_longitudinal_setpoint__traits.hpp\n'}
[2.631940] (px4_msgs) StdoutLine: {'line': b'-- Up-to-date: /home/px4/ros2/ws/install/px4_msgs/include/px4_msgs/px4_msgs/msg/detail/debug_key_value__type_support.hpp\n'}
[2.632034] (px4_msgs) StdoutLine: {'line': b'-- Up-to-date: /home/px4/ros2/ws/install/px4_msgs/include/px4_msgs/px4_msgs/msg/detail/rpm__traits.hpp\n'}
[2.632100] (px4_msgs) StdoutLine: {'line': b'-- Up-to-date: /home/px4/ros2/ws/install/px4_msgs/include/px4_msgs/px4_msgs/msg/detail/gpio_out__builder.hpp\n'}
[2.632162] (px4_msgs) StdoutLine: {'line': b'-- Up-to-date: /home/px4/ros2/ws/install/px4_msgs/include/px4_msgs/px4_msgs/msg/detail/estimator_gps_status__traits.hpp\n'}
[2.632262] (px4_msgs) StdoutLine: {'line': b'-- Up-to-date: /home/px4/ros2/ws/install/px4_msgs/include/px4_msgs/px4_msgs/msg/detail/mode_completed__builder.hpp\n'}
[2.632340] (px4_msgs) StdoutLine: {'line': b'-- Up-to-date: /home/px4/ros2/ws/install/px4_msgs/include/px4_msgs/px4_msgs/msg/detail/gimbal_device_attitude_status__traits.hpp\n'}
[2.632406] (px4_msgs) StdoutLine: {'line': b'-- Up-to-date: /home/px4/ros2/ws/install/px4_msgs/include/px4_msgs/px4_msgs/msg/detail/esc_status__type_support.hpp\n'}
[2.632491] (px4_msgs) StdoutLine: {'line': b'-- Up-to-date: /home/px4/ros2/ws/install/px4_msgs/include/px4_msgs/px4_msgs/msg/detail/estimator_status__struct.hpp\n'}
[2.632566] (px4_msgs) StdoutLine: {'line': b'-- Up-to-date: /home/px4/ros2/ws/install/px4_msgs/include/px4_msgs/px4_msgs/msg/detail/failure_detector_status__struct.hpp\n'}
[2.632653] (px4_msgs) StdoutLine: {'line': b'-- Up-to-date: /home/px4/ros2/ws/install/px4_msgs/include/px4_msgs/px4_msgs/msg/detail/open_drone_id_operator_id__type_support.hpp\n'}
[2.632749] (px4_msgs) StdoutLine: {'line': b'-- Up-to-date: /home/px4/ros2/ws/install/px4_msgs/include/px4_msgs/px4_msgs/msg/detail/gpio_request__type_support.hpp\n'}
[2.632841] (px4_msgs) StdoutLine: {'line': b'-- Up-to-date: /home/px4/ros2/ws/install/px4_msgs/include/px4_msgs/px4_msgs/msg/detail/wind__type_support.hpp\n'}
[2.632927] (px4_msgs) StdoutLine: {'line': b'-- Up-to-date: /home/px4/ros2/ws/install/px4_msgs/include/px4_msgs/px4_msgs/msg/detail/position_controller_landing_status__builder.hpp\n'}
[2.632997] (px4_msgs) StdoutLine: {'line': b'-- Up-to-date: /home/px4/ros2/ws/install/px4_msgs/include/px4_msgs/px4_msgs/msg/detail/rover_attitude_status__builder.hpp\n'}
[2.633061] (px4_msgs) StdoutLine: {'line': b'-- Up-to-date: /home/px4/ros2/ws/install/px4_msgs/include/px4_msgs/px4_msgs/msg/detail/vehicle_optical_flow_vel__type_support.hpp\n'}
[2.633145] (px4_msgs) StdoutLine: {'line': b'-- Up-to-date: /home/px4/ros2/ws/install/px4_msgs/include/px4_msgs/px4_msgs/msg/detail/button_event__struct.hpp\n'}
[2.633253] (px4_msgs) StdoutLine: {'line': b'-- Up-to-date: /home/px4/ros2/ws/install/px4_msgs/include/px4_msgs/px4_msgs/msg/detail/differential_pressure__struct.hpp\n'}
[2.633342] (px4_msgs) StdoutLine: {'line': b'-- Up-to-date: /home/px4/ros2/ws/install/px4_msgs/include/px4_msgs/px4_msgs/msg/detail/ping__struct.hpp\n'}
[2.633423] (px4_msgs) StdoutLine: {'line': b'-- Up-to-date: /home/px4/ros2/ws/install/px4_msgs/include/px4_msgs/px4_msgs/msg/detail/sensor_baro__builder.hpp\n'}
[2.633487] (px4_msgs) StdoutLine: {'line': b'-- Up-to-date: /home/px4/ros2/ws/install/px4_msgs/include/px4_msgs/px4_msgs/msg/detail/esc_report__type_support.hpp\n'}
[2.633550] (px4_msgs) StdoutLine: {'line': b'-- Up-to-date: /home/px4/ros2/ws/install/px4_msgs/include/px4_msgs/px4_msgs/msg/detail/estimator_aid_source1d__traits.hpp\n'}
[2.633622] (px4_msgs) StdoutLine: {'line': b'-- Up-to-date: /home/px4/ros2/ws/install/px4_msgs/include/px4_msgs/px4_msgs/msg/detail/follow_target_estimator__type_support.hpp\n'}
[2.633742] (px4_msgs) StdoutLine: {'line': b'-- Up-to-date: /home/px4/ros2/ws/install/px4_msgs/include/px4_msgs/px4_msgs/msg/detail/fixed_wing_lateral_status__traits.hpp\n'}
[2.633819] (px4_msgs) StdoutLine: {'line': b'-- Up-to-date: /home/px4/ros2/ws/install/px4_msgs/include/px4_msgs/px4_msgs/msg/detail/estimator_aid_source3d__struct.hpp\n'}
[2.633884] (px4_msgs) StdoutLine: {'line': b'-- Up-to-date: /home/px4/ros2/ws/install/px4_msgs/include/px4_msgs/px4_msgs/msg/detail/dataman_response__builder.hpp\n'}
[2.633947] (px4_msgs) StdoutLine: {'line': b'-- Up-to-date: /home/px4/ros2/ws/install/px4_msgs/include/px4_msgs/px4_msgs/msg/detail/rpm__builder.hpp\n'}
[2.634044] (px4_msgs) StdoutLine: {'line': b'-- Up-to-date: /home/px4/ros2/ws/install/px4_msgs/include/px4_msgs/px4_msgs/msg/detail/yaw_estimator_status__type_support.hpp\n'}
[2.634145] (px4_msgs) StdoutLine: {'line': b'-- Up-to-date: /home/px4/ros2/ws/install/px4_msgs/include/px4_msgs/px4_msgs/msg/detail/health_report__type_support.hpp\n'}
[2.634277] (px4_msgs) StdoutLine: {'line': b'-- Up-to-date: /home/px4/ros2/ws/install/px4_msgs/include/px4_msgs/px4_msgs/msg/detail/landing_gear__struct.hpp\n'}
[2.634401] (px4_msgs) StdoutLine: {'line': b'-- Up-to-date: /home/px4/ros2/ws/install/px4_msgs/include/px4_msgs/px4_msgs/msg/detail/position_setpoint__traits.hpp\n'}
[2.634515] (px4_msgs) StdoutLine: {'line': b'-- Up-to-date: /home/px4/ros2/ws/install/px4_msgs/include/px4_msgs/px4_msgs/msg/detail/manual_control_switches__builder.hpp\n'}
[2.634615] (px4_msgs) StdoutLine: {'line': b'-- Up-to-date: /home/px4/ros2/ws/install/px4_msgs/include/px4_msgs/px4_msgs/msg/detail/battery_info__struct.hpp\n'}
[2.634738] (px4_msgs) StdoutLine: {'line': b'-- Up-to-date: /home/px4/ros2/ws/install/px4_msgs/include/px4_msgs/px4_msgs/msg/detail/message_format_response__struct.hpp\n'}
[2.634829] (px4_msgs) StdoutLine: {'line': b'-- Up-to-date: /home/px4/ros2/ws/install/px4_msgs/include/px4_msgs/px4_msgs/msg/detail/input_rc__struct.hpp\n'}
[2.634905] (px4_msgs) StdoutLine: {'line': b'-- Up-to-date: /home/px4/ros2/ws/install/px4_msgs/include/px4_msgs/px4_msgs/msg/detail/follow_target__struct.hpp\n'}
[2.634968] (px4_msgs) StdoutLine: {'line': b'-- Up-to-date: /home/px4/ros2/ws/install/px4_msgs/include/px4_msgs/px4_msgs/msg/detail/gimbal_manager_information__builder.hpp\n'}
[2.635030] (px4_msgs) StdoutLine: {'line': b'-- Up-to-date: /home/px4/ros2/ws/install/px4_msgs/include/px4_msgs/px4_msgs/msg/detail/qshell_req__traits.hpp\n'}
[2.635103] (px4_msgs) StdoutLine: {'line': b'-- Up-to-date: /home/px4/ros2/ws/install/px4_msgs/include/px4_msgs/px4_msgs/msg/detail/esc_report__struct.hpp\n'}
[2.635165] (px4_msgs) StdoutLine: {'line': b'-- Up-to-date: /home/px4/ros2/ws/install/px4_msgs/include/px4_msgs/px4_msgs/msg/detail/sensor_selection__builder.hpp\n'}
[2.635253] (px4_msgs) StdoutLine: {'line': b'-- Up-to-date: /home/px4/ros2/ws/install/px4_msgs/include/px4_msgs/px4_msgs/msg/detail/estimator_sensor_bias__traits.hpp\n'}
[2.635353] (px4_msgs) StdoutLine: {'line': b'-- Up-to-date: /home/px4/ros2/ws/install/px4_msgs/include/px4_msgs/px4_msgs/msg/detail/mount_orientation__type_support.hpp\n'}
[2.635417] (px4_msgs) StdoutLine: {'line': b'-- Up-to-date: /home/px4/ros2/ws/install/px4_msgs/include/px4_msgs/px4_msgs/msg/detail/battery_status__builder.hpp\n'}
[2.635479] (px4_msgs) StdoutLine: {'line': b'-- Up-to-date: /home/px4/ros2/ws/install/px4_msgs/include/px4_msgs/px4_msgs/msg/detail/iridiumsbd_status__traits.hpp\n'}
[2.635543] (px4_msgs) StdoutLine: {'line': b'-- Up-to-date: /home/px4/ros2/ws/install/px4_msgs/include/px4_msgs/px4_msgs/msg/detail/open_drone_id_system__traits.hpp\n'}
[2.635603] (px4_msgs) StdoutLine: {'line': b'-- Up-to-date: /home/px4/ros2/ws/install/px4_msgs/include/px4_msgs/px4_msgs/msg/detail/gps_inject_data__type_support.hpp\n'}
[2.635675] (px4_msgs) StdoutLine: {'line': b'-- Up-to-date: /home/px4/ros2/ws/install/px4_msgs/include/px4_msgs/px4_msgs/msg/detail/takeoff_status__builder.hpp\n'}
[2.635735] (px4_msgs) StdoutLine: {'line': b'-- Up-to-date: /home/px4/ros2/ws/install/px4_msgs/include/px4_msgs/px4_msgs/msg/detail/mag_worker_data__type_support.hpp\n'}
[2.635797] (px4_msgs) StdoutLine: {'line': b'-- Up-to-date: /home/px4/ros2/ws/install/px4_msgs/include/px4_msgs/px4_msgs/msg/detail/register_ext_component_request__traits.hpp\n'}
[2.635858] (px4_msgs) StdoutLine: {'line': b'-- Up-to-date: /home/px4/ros2/ws/install/px4_msgs/include/px4_msgs/px4_msgs/msg/detail/led_control__struct.hpp\n'}
[2.635920] (px4_msgs) StdoutLine: {'line': b'-- Up-to-date: /home/px4/ros2/ws/install/px4_msgs/include/px4_msgs/px4_msgs/msg/detail/parameter_update__builder.hpp\n'}
[2.635981] (px4_msgs) StdoutLine: {'line': b'-- Up-to-date: /home/px4/ros2/ws/install/px4_msgs/include/px4_msgs/px4_msgs/msg/detail/arming_check_reply__traits.hpp\n'}
[2.636043] (px4_msgs) StdoutLine: {'line': b'-- Up-to-date: /home/px4/ros2/ws/install/px4_msgs/include/px4_msgs/px4_msgs/msg/detail/actuator_servos_trim__traits.hpp\n'}
[2.636105] (px4_msgs) StdoutLine: {'line': b'-- Up-to-date: /home/px4/ros2/ws/install/px4_msgs/include/px4_msgs/px4_msgs/msg/detail/gimbal_controls__builder.hpp\n'}
[2.636167] (px4_msgs) StdoutLine: {'line': b'-- Up-to-date: /home/px4/ros2/ws/install/px4_msgs/include/px4_msgs/px4_msgs/msg/detail/px4io_status__traits.hpp\n'}
[2.636267] (px4_msgs) StdoutLine: {'line': b'-- Up-to-date: /home/px4/ros2/ws/install/px4_msgs/include/px4_msgs/px4_msgs/msg/detail/longitudinal_control_configuration__builder.hpp\n'}
[2.636333] (px4_msgs) StdoutLine: {'line': b'-- Up-to-date: /home/px4/ros2/ws/install/px4_msgs/include/px4_msgs/px4_msgs/msg/detail/actuator_servos__builder.hpp\n'}
[2.636417] (px4_msgs) StdoutLine: {'line': b'-- Up-to-date: /home/px4/ros2/ws/install/px4_msgs/include/px4_msgs/px4_msgs/msg/detail/dataman_request__builder.hpp\n'}
[2.636480] (px4_msgs) StdoutLine: {'line': b'-- Up-to-date: /home/px4/ros2/ws/install/px4_msgs/include/px4_msgs/px4_msgs/msg/detail/adc_report__struct.hpp\n'}
[2.636545] (px4_msgs) StdoutLine: {'line': b'-- Up-to-date: /home/px4/ros2/ws/install/px4_msgs/include/px4_msgs/px4_msgs/msg/detail/position_setpoint_triplet__builder.hpp\n'}
[2.636633] (px4_msgs) StdoutLine: {'line': b'-- Up-to-date: /home/px4/ros2/ws/install/px4_msgs/include/px4_msgs/px4_msgs/msg/detail/airspeed_validated__type_support.hpp\n'}
[2.636701] (px4_msgs) StdoutLine: {'line': b'-- Up-to-date: /home/px4/ros2/ws/install/px4_msgs/include/px4_msgs/px4_msgs/msg/detail/open_drone_id_arm_status__struct.hpp\n'}
[2.636764] (px4_msgs) StdoutLine: {'line': b'-- Up-to-date: /home/px4/ros2/ws/install/px4_msgs/include/px4_msgs/px4_msgs/msg/detail/gimbal_manager_set_manual_control__traits.hpp\n'}
[2.636826] (px4_msgs) StdoutLine: {'line': b'-- Up-to-date: /home/px4/ros2/ws/install/px4_msgs/include/px4_msgs/px4_msgs/msg/detail/gps_dump__struct.hpp\n'}
[2.636888] (px4_msgs) StdoutLine: {'line': b'-- Up-to-date: /home/px4/ros2/ws/install/px4_msgs/include/px4_msgs/px4_msgs/msg/detail/vehicle_command_ack__builder.hpp\n'}
[2.636948] (px4_msgs) StdoutLine: {'line': b'-- Up-to-date: /home/px4/ros2/ws/install/px4_msgs/include/px4_msgs/px4_msgs/msg/detail/px4io_status__struct.hpp\n'}
[2.637009] (px4_msgs) StdoutLine: {'line': b'-- Up-to-date: /home/px4/ros2/ws/install/px4_msgs/include/px4_msgs/px4_msgs/msg/detail/flight_phase_estimation__traits.hpp\n'}
[2.637070] (px4_msgs) StdoutLine: {'line': b'-- Up-to-date: /home/px4/ros2/ws/install/px4_msgs/include/px4_msgs/px4_msgs/msg/detail/qshell_retval__struct.hpp\n'}
[2.637150] (px4_msgs) StdoutLine: {'line': b'-- Up-to-date: /home/px4/ros2/ws/install/px4_msgs/include/px4_msgs/px4_msgs/msg/detail/rtl_time_estimate__struct.hpp\n'}
[2.637231] (px4_msgs) StdoutLine: {'line': b'-- Up-to-date: /home/px4/ros2/ws/install/px4_msgs/include/px4_msgs/px4_msgs/msg/detail/yaw_estimator_status__traits.hpp\n'}
[2.637312] (px4_msgs) StdoutLine: {'line': b'-- Up-to-date: /home/px4/ros2/ws/install/px4_msgs/include/px4_msgs/px4_msgs/msg/detail/sensors_status_imu__builder.hpp\n'}
[2.637386] (px4_msgs) StdoutLine: {'line': b'-- Up-to-date: /home/px4/ros2/ws/install/px4_msgs/include/px4_msgs/px4_msgs/msg/detail/vehicle_thrust_setpoint__struct.hpp\n'}
[2.637448] (px4_msgs) StdoutLine: {'line': b'-- Up-to-date: /home/px4/ros2/ws/install/px4_msgs/include/px4_msgs/px4_msgs/msg/detail/vehicle_acceleration__builder.hpp\n'}
[2.637518] (px4_msgs) StdoutLine: {'line': b'-- Up-to-date: /home/px4/ros2/ws/install/px4_msgs/include/px4_msgs/px4_msgs/msg/detail/sensor_optical_flow__struct.hpp\n'}
[2.637582] (px4_msgs) StdoutLine: {'line': b'-- Up-to-date: /home/px4/ros2/ws/install/px4_msgs/include/px4_msgs/px4_msgs/msg/detail/neural_control__builder.hpp\n'}
[2.637644] (px4_msgs) StdoutLine: {'line': b'-- Up-to-date: /home/px4/ros2/ws/install/px4_msgs/include/px4_msgs/px4_msgs/msg/detail/vehicle_local_position__builder.hpp\n'}
[2.637753] (px4_msgs) StdoutLine: {'line': b'-- Up-to-date: /home/px4/ros2/ws/install/px4_msgs/include/px4_msgs/px4_msgs/msg/detail/failure_detector_status__traits.hpp\n'}
[2.637833] (px4_msgs) StdoutLine: {'line': b'-- Up-to-date: /home/px4/ros2/ws/install/px4_msgs/include/px4_msgs/px4_msgs/msg/detail/sensor_gyro_fft__struct.hpp\n'}
[2.637898] (px4_msgs) StdoutLine: {'line': b'-- Up-to-date: /home/px4/ros2/ws/install/px4_msgs/include/px4_msgs/px4_msgs/msg/detail/pwm_input__type_support.hpp\n'}
[2.637960] (px4_msgs) StdoutLine: {'line': b'-- Up-to-date: /home/px4/ros2/ws/install/px4_msgs/include/px4_msgs/px4_msgs/msg/detail/rover_attitude_status__struct.hpp\n'}
[2.638023] (px4_msgs) StdoutLine: {'line': b'-- Up-to-date: /home/px4/ros2/ws/install/px4_msgs/include/px4_msgs/px4_msgs/msg/detail/sensor_accel_fifo__traits.hpp\n'}
[2.638085] (px4_msgs) StdoutLine: {'line': b'-- Up-to-date: /home/px4/ros2/ws/install/px4_msgs/include/px4_msgs/px4_msgs/msg/detail/magnetometer_bias_estimate__builder.hpp\n'}
[2.638147] (px4_msgs) StdoutLine: {'line': b'-- Up-to-date: /home/px4/ros2/ws/install/px4_msgs/include/px4_msgs/px4_msgs/msg/detail/register_ext_component_reply__struct.hpp\n'}
[2.638273] (px4_msgs) StdoutLine: {'line': b'-- Up-to-date: /home/px4/ros2/ws/install/px4_msgs/include/px4_msgs/px4_msgs/msg/detail/ping__traits.hpp\n'}
[2.638416] (px4_msgs) StdoutLine: {'line': b'-- Up-to-date: /home/px4/ros2/ws/install/px4_msgs/include/px4_msgs/px4_msgs/msg/detail/navigator_mission_item__type_support.hpp\n'}
[2.638540] (px4_msgs) StdoutLine: {'line': b'-- Up-to-date: /home/px4/ros2/ws/install/px4_msgs/include/px4_msgs/px4_msgs/msg/detail/velocity_limits__type_support.hpp\n'}
[2.638649] (px4_msgs) StdoutLine: {'line': b'-- Up-to-date: /home/px4/ros2/ws/install/px4_msgs/include/px4_msgs/px4_msgs/msg/detail/esc_report__traits.hpp\n'}
[2.638748] (px4_msgs) StdoutLine: {'line': b'-- Up-to-date: /home/px4/ros2/ws/install/px4_msgs/include/px4_msgs/px4_msgs/msg/detail/navigator_status__builder.hpp\n'}
[2.638843] (px4_msgs) StdoutLine: {'line': b'-- Up-to-date: /home/px4/ros2/ws/install/px4_msgs/include/px4_msgs/px4_msgs/msg/detail/vehicle_local_position__type_support.hpp\n'}
[2.638908] (px4_msgs) StdoutLine: {'line': b'-- Up-to-date: /home/px4/ros2/ws/install/px4_msgs/include/px4_msgs/px4_msgs/msg/detail/trajectory_setpoint__traits.hpp\n'}
[2.639005] (px4_msgs) StdoutLine: {'line': b'-- Up-to-date: /home/px4/ros2/ws/install/px4_msgs/include/px4_msgs/px4_msgs/msg/detail/estimator_event_flags__builder.hpp\n'}
[2.639094] (px4_msgs) StdoutLine: {'line': b'-- Up-to-date: /home/px4/ros2/ws/install/px4_msgs/include/px4_msgs/px4_msgs/msg/detail/manual_control_switches__type_support.hpp\n'}
[2.639170] (px4_msgs) StdoutLine: {'line': b'-- Up-to-date: /home/px4/ros2/ws/install/px4_msgs/include/px4_msgs/px4_msgs/msg/detail/position_setpoint_triplet__traits.hpp\n'}
[2.639267] (px4_msgs) StdoutLine: {'line': b'-- Up-to-date: /home/px4/ros2/ws/install/px4_msgs/include/px4_msgs/px4_msgs/msg/detail/mission_result__builder.hpp\n'}
[2.639335] (px4_msgs) StdoutLine: {'line': b'-- Up-to-date: /home/px4/ros2/ws/install/px4_msgs/include/px4_msgs/px4_msgs/msg/detail/camera_status__builder.hpp\n'}
[2.639411] (px4_msgs) StdoutLine: {'line': b'-- Up-to-date: /home/px4/ros2/ws/install/px4_msgs/include/px4_msgs/px4_msgs/msg/detail/vehicle_status__builder.hpp\n'}
[2.639473] (px4_msgs) StdoutLine: {'line': b'-- Up-to-date: /home/px4/ros2/ws/install/px4_msgs/include/px4_msgs/px4_msgs/msg/detail/gimbal_device_information__traits.hpp\n'}
[2.639535] (px4_msgs) StdoutLine: {'line': b'-- Up-to-date: /home/px4/ros2/ws/install/px4_msgs/include/px4_msgs/px4_msgs/msg/detail/action_request__struct.hpp\n'}
[2.639596] (px4_msgs) StdoutLine: {'line': b'-- Up-to-date: /home/px4/ros2/ws/install/px4_msgs/include/px4_msgs/px4_msgs/msg/detail/yaw_estimator_status__builder.hpp\n'}
[2.639657] (px4_msgs) StdoutLine: {'line': b'-- Up-to-date: /home/px4/ros2/ws/install/px4_msgs/include/px4_msgs/px4_msgs/msg/detail/landing_target_innovations__struct.hpp\n'}
[2.639718] (px4_msgs) StdoutLine: {'line': b'-- Up-to-date: /home/px4/ros2/ws/install/px4_msgs/include/px4_msgs/px4_msgs/msg/detail/onboard_computer_status__builder.hpp\n'}
[2.639779] (px4_msgs) StdoutLine: {'line': b'-- Up-to-date: /home/px4/ros2/ws/install/px4_msgs/include/px4_msgs/px4_msgs/msg/detail/health_report__builder.hpp\n'}
[2.639855] (px4_msgs) StdoutLine: {'line': b'-- Up-to-date: /home/px4/ros2/ws/install/px4_msgs/include/px4_msgs/px4_msgs/msg/detail/qshell_retval__builder.hpp\n'}
[2.639919] (px4_msgs) StdoutLine: {'line': b'-- Up-to-date: /home/px4/ros2/ws/install/px4_msgs/include/px4_msgs/px4_msgs/msg/detail/vehicle_command__struct.hpp\n'}
[2.639981] (px4_msgs) StdoutLine: {'line': b'-- Up-to-date: /home/px4/ros2/ws/install/px4_msgs/include/px4_msgs/px4_msgs/msg/detail/sensor_gyro_fifo__struct.hpp\n'}
[2.640065] (px4_msgs) StdoutLine: {'line': b'-- Up-to-date: /home/px4/ros2/ws/install/px4_msgs/include/px4_msgs/px4_msgs/msg/detail/dronecan_node_status__type_support.hpp\n'}
[2.640129] (px4_msgs) StdoutLine: {'line': b'-- Up-to-date: /home/px4/ros2/ws/install/px4_msgs/include/px4_msgs/px4_msgs/msg/detail/orb_test_medium__traits.hpp\n'}
[2.640204] (px4_msgs) StdoutLine: {'line': b'-- Up-to-date: /home/px4/ros2/ws/install/px4_msgs/include/px4_msgs/px4_msgs/msg/detail/parameter_set_value_request__traits.hpp\n'}
[2.640310] (px4_msgs) StdoutLine: {'line': b'-- Up-to-date: /home/px4/ros2/ws/install/px4_msgs/include/px4_msgs/px4_msgs/msg/detail/sensor_mag__traits.hpp\n'}
[2.640374] (px4_msgs) StdoutLine: {'line': b'-- Up-to-date: /home/px4/ros2/ws/install/px4_msgs/include/px4_msgs/px4_msgs/msg/detail/rover_steering_setpoint__struct.hpp\n'}
[2.640436] (px4_msgs) StdoutLine: {'line': b'-- Up-to-date: /home/px4/ros2/ws/install/px4_msgs/include/px4_msgs/px4_msgs/msg/detail/sensor_accel__builder.hpp\n'}
[2.640498] (px4_msgs) StdoutLine: {'line': b'-- Up-to-date: /home/px4/ros2/ws/install/px4_msgs/include/px4_msgs/px4_msgs/msg/detail/internal_combustion_engine_control__type_support.hpp\n'}
[2.640561] (px4_msgs) StdoutLine: {'line': b'-- Up-to-date: /home/px4/ros2/ws/install/px4_msgs/include/px4_msgs/px4_msgs/msg/detail/navigator_mission_item__struct.hpp\n'}
[2.640641] (px4_msgs) StdoutLine: {'line': b'-- Up-to-date: /home/px4/ros2/ws/install/px4_msgs/include/px4_msgs/px4_msgs/msg/detail/vehicle_angular_velocity__builder.hpp\n'}
[2.640727] (px4_msgs) StdoutLine: {'line': b'-- Up-to-date: /home/px4/ros2/ws/install/px4_msgs/include/px4_msgs/px4_msgs/msg/detail/vehicle_imu_status__builder.hpp\n'}
[2.640814] (px4_msgs) StdoutLine: {'line': b'-- Up-to-date: /home/px4/ros2/ws/install/px4_msgs/include/px4_msgs/px4_msgs/msg/detail/vehicle_attitude__traits.hpp\n'}
[2.640902] (px4_msgs) StdoutLine: {'line': b'-- Up-to-date: /home/px4/ros2/ws/install/px4_msgs/include/px4_msgs/px4_msgs/msg/detail/fixed_wing_lateral_guidance_status__struct.hpp\n'}
[2.640998] (px4_msgs) StdoutLine: {'line': b'-- Up-to-date: /home/px4/ros2/ws/install/px4_msgs/include/px4_msgs/px4_msgs/msg/detail/sensor_mag__struct.hpp\n'}
[2.641098] (px4_msgs) StdoutLine: {'line': b'-- Up-to-date: /home/px4/ros2/ws/install/px4_msgs/include/px4_msgs/px4_msgs/msg/detail/estimator_states__struct.hpp\n'}
[2.641214] (px4_msgs) StdoutLine: {'line': b'-- Up-to-date: /home/px4/ros2/ws/install/px4_msgs/include/px4_msgs/px4_msgs/msg/detail/vehicle_local_position_setpoint__struct.hpp\n'}
[2.641317] (px4_msgs) StdoutLine: {'line': b'-- Up-to-date: /home/px4/ros2/ws/install/px4_msgs/include/px4_msgs/px4_msgs/msg/detail/estimator_status_flags__traits.hpp\n'}
[2.641390] (px4_msgs) StdoutLine: {'line': b'-- Up-to-date: /home/px4/ros2/ws/install/px4_msgs/include/px4_msgs/px4_msgs/msg/detail/fixed_wing_lateral_status__struct.hpp\n'}
[2.641470] (px4_msgs) StdoutLine: {'line': b'-- Up-to-date: /home/px4/ros2/ws/install/px4_msgs/include/px4_msgs/px4_msgs/msg/detail/tune_control__traits.hpp\n'}
[2.641541] (px4_msgs) StdoutLine: {'line': b'-- Up-to-date: /home/px4/ros2/ws/install/px4_msgs/include/px4_msgs/px4_msgs/msg/detail/debug_value__struct.hpp\n'}
[2.641603] (px4_msgs) StdoutLine: {'line': b'-- Up-to-date: /home/px4/ros2/ws/install/px4_msgs/include/px4_msgs/px4_msgs/msg/detail/vehicle_command_ack__type_support.hpp\n'}
[2.641681] (px4_msgs) StdoutLine: {'line': b'-- Up-to-date: /home/px4/ros2/ws/install/px4_msgs/include/px4_msgs/px4_msgs/msg/detail/power_button_state__traits.hpp\n'}
[2.641807] (px4_msgs) StdoutLine: {'line': b'-- Up-to-date: /home/px4/ros2/ws/install/px4_msgs/include/px4_msgs/px4_msgs/msg/detail/rover_position_setpoint__traits.hpp\n'}
[2.641878] (px4_msgs) StdoutLine: {'line': b'-- Up-to-date: /home/px4/ros2/ws/install/px4_msgs/include/px4_msgs/px4_msgs/msg/detail/geofence_status__type_support.hpp\n'}
[2.641940] (px4_msgs) StdoutLine: {'line': b'-- Up-to-date: /home/px4/ros2/ws/install/px4_msgs/include/px4_msgs/px4_msgs/msg/detail/task_stack_info__type_support.hpp\n'}
[2.642018] (px4_msgs) StdoutLine: {'line': b'-- Up-to-date: /home/px4/ros2/ws/install/px4_msgs/include/px4_msgs/px4_msgs/msg/detail/fixed_wing_runway_control__traits.hpp\n'}
[2.642119] (px4_msgs) StdoutLine: {'line': b'-- Up-to-date: /home/px4/ros2/ws/install/px4_msgs/include/px4_msgs/px4_msgs/msg/detail/distance_sensor__builder.hpp\n'}
[2.642199] (px4_msgs) StdoutLine: {'line': b'-- Up-to-date: /home/px4/ros2/ws/install/px4_msgs/include/px4_msgs/px4_msgs/msg/detail/airspeed_validated__builder.hpp\n'}
[2.642295] (px4_msgs) StdoutLine: {'line': b'-- Up-to-date: /home/px4/ros2/ws/install/px4_msgs/include/px4_msgs/px4_msgs/msg/detail/follow_target_estimator__traits.hpp\n'}
[2.642401] (px4_msgs) StdoutLine: {'line': b'-- Up-to-date: /home/px4/ros2/ws/install/px4_msgs/include/px4_msgs/px4_msgs/msg/detail/gimbal_manager_information__struct.hpp\n'}
[2.642501] (px4_msgs) StdoutLine: {'line': b'-- Up-to-date: /home/px4/ros2/ws/install/px4_msgs/include/px4_msgs/px4_msgs/msg/detail/gimbal_device_attitude_status__builder.hpp\n'}
[2.642594] (px4_msgs) StdoutLine: {'line': b'-- Up-to-date: /home/px4/ros2/ws/install/px4_msgs/include/px4_msgs/px4_msgs/msg/detail/estimator_innovations__builder.hpp\n'}
[2.642721] (px4_msgs) StdoutLine: {'line': b'-- Up-to-date: /home/px4/ros2/ws/install/px4_msgs/include/px4_msgs/px4_msgs/msg/detail/position_setpoint__type_support.hpp\n'}
[2.642815] (px4_msgs) StdoutLine: {'line': b'-- Up-to-date: /home/px4/ros2/ws/install/px4_msgs/include/px4_msgs/px4_msgs/msg/detail/telemetry_status__builder.hpp\n'}
[2.642928] (px4_msgs) StdoutLine: {'line': b'-- Up-to-date: /home/px4/ros2/ws/install/px4_msgs/include/px4_msgs/px4_msgs/msg/detail/register_ext_component_request__builder.hpp\n'}
[2.643020] (px4_msgs) StdoutLine: {'line': b'-- Up-to-date: /home/px4/ros2/ws/install/px4_msgs/include/px4_msgs/px4_msgs/msg/detail/button_event__type_support.hpp\n'}
[2.643101] (px4_msgs) StdoutLine: {'line': b'-- Up-to-date: /home/px4/ros2/ws/install/px4_msgs/include/px4_msgs/px4_msgs/msg/detail/vehicle_imu__type_support.hpp\n'}
[2.643213] (px4_msgs) StdoutLine: {'line': b'-- Up-to-date: /home/px4/ros2/ws/install/px4_msgs/include/px4_msgs/px4_msgs/msg/detail/gripper__builder.hpp\n'}
[2.643301] (px4_msgs) StdoutLine: {'line': b'-- Up-to-date: /home/px4/ros2/ws/install/px4_msgs/include/px4_msgs/px4_msgs/msg/detail/vtol_vehicle_status__traits.hpp\n'}
[2.643405] (px4_msgs) StdoutLine: {'line': b'-- Up-to-date: /home/px4/ros2/ws/install/px4_msgs/include/px4_msgs/px4_msgs/msg/detail/parameter_reset_request__traits.hpp\n'}
[2.643472] (px4_msgs) StdoutLine: {'line': b'-- Up-to-date: /home/px4/ros2/ws/install/px4_msgs/include/px4_msgs/px4_msgs/msg/detail/landing_target_pose__type_support.hpp\n'}
[2.643536] (px4_msgs) StdoutLine: {'line': b'-- Up-to-date: /home/px4/ros2/ws/install/px4_msgs/include/px4_msgs/px4_msgs/msg/detail/sensor_gps__builder.hpp\n'}
[2.643599] (px4_msgs) StdoutLine: {'line': b'-- Up-to-date: /home/px4/ros2/ws/install/px4_msgs/include/px4_msgs/px4_msgs/msg/detail/sensor_gps__type_support.hpp\n'}
[2.643661] (px4_msgs) StdoutLine: {'line': b'-- Up-to-date: /home/px4/ros2/ws/install/px4_msgs/include/px4_msgs/px4_msgs/msg/detail/unregister_ext_component__traits.hpp\n'}
[2.643742] (px4_msgs) StdoutLine: {'line': b'-- Up-to-date: /home/px4/ros2/ws/install/px4_msgs/include/px4_msgs/px4_msgs/msg/detail/vehicle_magnetometer__type_support.hpp\n'}
[2.643837] (px4_msgs) StdoutLine: {'line': b'-- Up-to-date: /home/px4/ros2/ws/install/px4_msgs/include/px4_msgs/px4_msgs/msg/detail/dataman_response__struct.hpp\n'}
[2.643929] (px4_msgs) StdoutLine: {'line': b'-- Up-to-date: /home/px4/ros2/ws/install/px4_msgs/include/px4_msgs/px4_msgs/msg/detail/ulog_stream__struct.hpp\n'}
[2.644024] (px4_msgs) StdoutLine: {'line': b'-- Up-to-date: /home/px4/ros2/ws/install/px4_msgs/include/px4_msgs/px4_msgs/msg/detail/register_ext_component_reply__type_support.hpp\n'}
[2.644116] (px4_msgs) StdoutLine: {'line': b'-- Up-to-date: /home/px4/ros2/ws/install/px4_msgs/include/px4_msgs/px4_msgs/msg/detail/timesync_status__struct.hpp\n'}
[2.644204] (px4_msgs) StdoutLine: {'line': b'-- Up-to-date: /home/px4/ros2/ws/install/px4_msgs/include/px4_msgs/px4_msgs/msg/detail/position_controller_landing_status__type_support.hpp\n'}
[2.644300] (px4_msgs) StdoutLine: {'line': b'-- Up-to-date: /home/px4/ros2/ws/install/px4_msgs/include/px4_msgs/px4_msgs/msg/detail/goto_setpoint__traits.hpp\n'}
[2.644364] (px4_msgs) StdoutLine: {'line': b'-- Up-to-date: /home/px4/ros2/ws/install/px4_msgs/include/px4_msgs/px4_msgs/msg/detail/pure_pursuit_status__traits.hpp\n'}
[2.644426] (px4_msgs) StdoutLine: {'line': b'-- Up-to-date: /home/px4/ros2/ws/install/px4_msgs/include/px4_msgs/px4_msgs/msg/detail/vehicle_angular_velocity__traits.hpp\n'}
[2.644486] (px4_msgs) StdoutLine: {'line': b'-- Up-to-date: /home/px4/ros2/ws/install/px4_msgs/include/px4_msgs/px4_msgs/msg/detail/rover_rate_status__type_support.hpp\n'}
[2.644549] (px4_msgs) StdoutLine: {'line': b'-- Up-to-date: /home/px4/ros2/ws/install/px4_msgs/include/px4_msgs/px4_msgs/msg/detail/tiltrotor_extra_controls__type_support.hpp\n'}
[2.644610] (px4_msgs) StdoutLine: {'line': b'-- Up-to-date: /home/px4/ros2/ws/install/px4_msgs/include/px4_msgs/px4_msgs/msg/detail/register_ext_component_request__struct.hpp\n'}
[2.644671] (px4_msgs) StdoutLine: {'line': b'-- Up-to-date: /home/px4/ros2/ws/install/px4_msgs/include/px4_msgs/px4_msgs/msg/detail/gpio_in__type_support.hpp\n'}
[2.644731] (px4_msgs) StdoutLine: {'line': b'-- Up-to-date: /home/px4/ros2/ws/install/px4_msgs/include/px4_msgs/px4_msgs/msg/detail/position_controller_status__struct.hpp\n'}
[2.644794] (px4_msgs) StdoutLine: {'line': b'-- Up-to-date: /home/px4/ros2/ws/install/px4_msgs/include/px4_msgs/px4_msgs/msg/detail/sensor_gyro_fft__builder.hpp\n'}
[2.644856] (px4_msgs) StdoutLine: {'line': b'-- Up-to-date: /home/px4/ros2/ws/install/px4_msgs/include/px4_msgs/px4_msgs/msg/detail/ulog_stream_ack__struct.hpp\n'}
[2.644918] (px4_msgs) StdoutLine: {'line': b'-- Up-to-date: /home/px4/ros2/ws/install/px4_msgs/include/px4_msgs/px4_msgs/msg/detail/qshell_req__struct.hpp\n'}
[2.644981] (px4_msgs) StdoutLine: {'line': b'-- Up-to-date: /home/px4/ros2/ws/install/px4_msgs/include/px4_msgs/px4_msgs/msg/detail/gripper__type_support.hpp\n'}
[2.645041] (px4_msgs) StdoutLine: {'line': b'-- Up-to-date: /home/px4/ros2/ws/install/px4_msgs/include/px4_msgs/px4_msgs/msg/detail/gpio_in__struct.hpp\n'}
[2.645103] (px4_msgs) StdoutLine: {'line': b'-- Up-to-date: /home/px4/ros2/ws/install/px4_msgs/include/px4_msgs/px4_msgs/msg/detail/trajectory_setpoint6dof__struct.hpp\n'}
[2.645182] (px4_msgs) StdoutLine: {'line': b'-- Up-to-date: /home/px4/ros2/ws/install/px4_msgs/include/px4_msgs/px4_msgs/msg/detail/gimbal_manager_set_attitude__traits.hpp\n'}
[2.645272] (px4_msgs) StdoutLine: {'line': b'-- Up-to-date: /home/px4/ros2/ws/install/px4_msgs/include/px4_msgs/px4_msgs/msg/detail/wind__builder.hpp\n'}
[2.645352] (px4_msgs) StdoutLine: {'line': b'-- Up-to-date: /home/px4/ros2/ws/install/px4_msgs/include/px4_msgs/px4_msgs/msg/detail/flight_phase_estimation__type_support.hpp\n'}
[2.645416] (px4_msgs) StdoutLine: {'line': b'-- Up-to-date: /home/px4/ros2/ws/install/px4_msgs/include/px4_msgs/px4_msgs/msg/detail/actuator_motors__type_support.hpp\n'}
[2.645478] (px4_msgs) StdoutLine: {'line': b'-- Up-to-date: /home/px4/ros2/ws/install/px4_msgs/include/px4_msgs/px4_msgs/msg/detail/sensor_gyro__type_support.hpp\n'}
[2.645540] (px4_msgs) StdoutLine: {'line': b'-- Up-to-date: /home/px4/ros2/ws/install/px4_msgs/include/px4_msgs/px4_msgs/msg/detail/control_allocator_status__builder.hpp\n'}
[2.645629] (px4_msgs) StdoutLine: {'line': b'-- Up-to-date: /home/px4/ros2/ws/install/px4_msgs/include/px4_msgs/px4_msgs/msg/detail/estimator_gps_status__type_support.hpp\n'}
[2.645721] (px4_msgs) StdoutLine: {'line': b'-- Up-to-date: /home/px4/ros2/ws/install/px4_msgs/include/px4_msgs/px4_msgs/msg/detail/gimbal_device_set_attitude__builder.hpp\n'}
[2.645917] (px4_msgs) StdoutLine: {'line': b'-- Up-to-date: /home/px4/ros2/ws/install/px4_msgs/include/px4_msgs/px4_msgs/msg/detail/open_drone_id_system__type_support.hpp\n'}
[2.646041] (px4_msgs) StdoutLine: {'line': b'-- Up-to-date: /home/px4/ros2/ws/install/px4_msgs/include/px4_msgs/px4_msgs/msg/detail/vehicle_attitude__type_support.hpp\n'}
[2.646146] (px4_msgs) StdoutLine: {'line': b'-- Up-to-date: /home/px4/ros2/ws/install/px4_msgs/include/px4_msgs/px4_msgs/msg/detail/camera_status__type_support.hpp\n'}
[2.646274] (px4_msgs) StdoutLine: {'line': b'-- Up-to-date: /home/px4/ros2/ws/install/px4_msgs/include/px4_msgs/px4_msgs/msg/detail/battery_info__builder.hpp\n'}
[2.646368] (px4_msgs) StdoutLine: {'line': b'-- Up-to-date: /home/px4/ros2/ws/install/px4_msgs/include/px4_msgs/px4_msgs/msg/detail/vehicle_optical_flow_vel__struct.hpp\n'}
[2.646455] (px4_msgs) StdoutLine: {'line': b'-- Up-to-date: /home/px4/ros2/ws/install/px4_msgs/include/px4_msgs/px4_msgs/msg/detail/rover_velocity_setpoint__struct.hpp\n'}
[2.646527] (px4_msgs) StdoutLine: {'line': b'-- Up-to-date: /home/px4/ros2/ws/install/px4_msgs/include/px4_msgs/px4_msgs/msg/detail/debug_vect__type_support.hpp\n'}
[2.646589] (px4_msgs) StdoutLine: {'line': b'-- Up-to-date: /home/px4/ros2/ws/install/px4_msgs/include/px4_msgs/px4_msgs/msg/detail/goto_setpoint__builder.hpp\n'}
[2.646651] (px4_msgs) StdoutLine: {'line': b'-- Up-to-date: /home/px4/ros2/ws/install/px4_msgs/include/px4_msgs/px4_msgs/msg/detail/ulog_stream_ack__traits.hpp\n'}
[2.646712] (px4_msgs) StdoutLine: {'line': b'-- Up-to-date: /home/px4/ros2/ws/install/px4_msgs/include/px4_msgs/px4_msgs/msg/detail/vehicle_air_data__traits.hpp\n'}
[2.646774] (px4_msgs) StdoutLine: {'line': b'-- Up-to-date: /home/px4/ros2/ws/install/px4_msgs/include/px4_msgs/px4_msgs/msg/detail/home_position__builder.hpp\n'}
[2.646835] (px4_msgs) StdoutLine: {'line': b'-- Up-to-date: /home/px4/ros2/ws/install/px4_msgs/include/px4_msgs/px4_msgs/msg/detail/vehicle_angular_acceleration_setpoint__builder.hpp\n'}
[2.646906] (px4_msgs) StdoutLine: {'line': b'-- Up-to-date: /home/px4/ros2/ws/install/px4_msgs/include/px4_msgs/px4_msgs/msg/detail/vehicle_optical_flow__struct.hpp\n'}
[2.646990] (px4_msgs) StdoutLine: {'line': b'-- Up-to-date: /home/px4/ros2/ws/install/px4_msgs/include/px4_msgs/px4_msgs/msg/detail/orbit_status__traits.hpp\n'}
[2.647052] (px4_msgs) StdoutLine: {'line': b'-- Up-to-date: /home/px4/ros2/ws/install/px4_msgs/include/px4_msgs/px4_msgs/msg/detail/lateral_control_configuration__struct.hpp\n'}
[2.647116] (px4_msgs) StdoutLine: {'line': b'-- Up-to-date: /home/px4/ros2/ws/install/px4_msgs/include/px4_msgs/px4_msgs/msg/detail/yaw_estimator_status__struct.hpp\n'}
[2.647209] (px4_msgs) StdoutLine: {'line': b'-- Up-to-date: /home/px4/ros2/ws/install/px4_msgs/include/px4_msgs/px4_msgs/msg/detail/fixed_wing_lateral_guidance_status__type_support.hpp\n'}
[2.647294] (px4_msgs) StdoutLine: {'line': b'-- Up-to-date: /home/px4/ros2/ws/install/px4_msgs/include/px4_msgs/px4_msgs/msg/detail/sensor_correction__type_support.hpp\n'}
[2.647359] (px4_msgs) StdoutLine: {'line': b'-- Up-to-date: /home/px4/ros2/ws/install/px4_msgs/include/px4_msgs/px4_msgs/msg/detail/heater_status__traits.hpp\n'}
[2.647423] (px4_msgs) StdoutLine: {'line': b'-- Up-to-date: /home/px4/ros2/ws/install/px4_msgs/include/px4_msgs/px4_msgs/msg/detail/estimator_sensor_bias__type_support.hpp\n'}
[2.647484] (px4_msgs) StdoutLine: {'line': b'-- Up-to-date: /home/px4/ros2/ws/install/px4_msgs/include/px4_msgs/px4_msgs/msg/detail/estimator_states__type_support.hpp\n'}
[2.647547] (px4_msgs) StdoutLine: {'line': b'-- Up-to-date: /home/px4/ros2/ws/install/px4_msgs/include/px4_msgs/px4_msgs/msg/detail/arming_check_request__traits.hpp\n'}
[2.647609] (px4_msgs) StdoutLine: {'line': b'-- Up-to-date: /home/px4/ros2/ws/install/px4_msgs/include/px4_msgs/px4_msgs/msg/detail/vehicle_rates_setpoint__builder.hpp\n'}
[2.647681] (px4_msgs) StdoutLine: {'line': b'-- Up-to-date: /home/px4/ros2/ws/install/px4_msgs/include/px4_msgs/px4_msgs/msg/detail/vehicle_control_mode__traits.hpp\n'}
[2.647761] (px4_msgs) StdoutLine: {'line': b'-- Up-to-date: /home/px4/ros2/ws/install/px4_msgs/include/px4_msgs/px4_msgs/msg/detail/sensor_hygrometer__type_support.hpp\n'}
[2.647824] (px4_msgs) StdoutLine: {'line': b'-- Up-to-date: /home/px4/ros2/ws/install/px4_msgs/include/px4_msgs/px4_msgs/msg/detail/sensors_status_imu__traits.hpp\n'}
[2.647886] (px4_msgs) StdoutLine: {'line': b'-- Up-to-date: /home/px4/ros2/ws/install/px4_msgs/include/px4_msgs/px4_msgs/msg/detail/rate_ctrl_status__struct.hpp\n'}
[2.647949] (px4_msgs) StdoutLine: {'line': b'-- Up-to-date: /home/px4/ros2/ws/install/px4_msgs/include/px4_msgs/px4_msgs/msg/detail/sensor_gyro_fifo__type_support.hpp\n'}
[2.648024] (px4_msgs) StdoutLine: {'line': b'-- Up-to-date: /home/px4/ros2/ws/install/px4_msgs/include/px4_msgs/px4_msgs/msg/detail/estimator_event_flags__type_support.hpp\n'}
[2.648087] (px4_msgs) StdoutLine: {'line': b'-- Up-to-date: /home/px4/ros2/ws/install/px4_msgs/include/px4_msgs/px4_msgs/msg/detail/debug_key_value__struct.hpp\n'}
[2.648149] (px4_msgs) StdoutLine: {'line': b'-- Up-to-date: /home/px4/ros2/ws/install/px4_msgs/include/px4_msgs/px4_msgs/msg/detail/vehicle_odometry__type_support.hpp\n'}
[2.648232] (px4_msgs) StdoutLine: {'line': b'-- Up-to-date: /home/px4/ros2/ws/install/px4_msgs/include/px4_msgs/px4_msgs/msg/detail/geofence_status__builder.hpp\n'}
[2.648310] (px4_msgs) StdoutLine: {'line': b'-- Up-to-date: /home/px4/ros2/ws/install/px4_msgs/include/px4_msgs/px4_msgs/msg/detail/action_request__traits.hpp\n'}
[2.648375] (px4_msgs) StdoutLine: {'line': b'-- Up-to-date: /home/px4/ros2/ws/install/px4_msgs/include/px4_msgs/px4_msgs/msg/detail/sensor_accel_fifo__type_support.hpp\n'}
[2.648438] (px4_msgs) StdoutLine: {'line': b'-- Up-to-date: /home/px4/ros2/ws/install/px4_msgs/include/px4_msgs/px4_msgs/msg/detail/gpio_in__traits.hpp\n'}
[2.648500] (px4_msgs) StdoutLine: {'line': b'-- Up-to-date: /home/px4/ros2/ws/install/px4_msgs/include/px4_msgs/px4_msgs/msg/detail/open_drone_id_system__struct.hpp\n'}
[2.648562] (px4_msgs) StdoutLine: {'line': b'-- Up-to-date: /home/px4/ros2/ws/install/px4_msgs/include/px4_msgs/px4_msgs/msg/detail/gimbal_manager_information__traits.hpp\n'}
[2.648624] (px4_msgs) StdoutLine: {'line': b'-- Up-to-date: /home/px4/ros2/ws/install/px4_msgs/include/px4_msgs/px4_msgs/msg/detail/gimbal_device_information__struct.hpp\n'}
[2.648684] (px4_msgs) StdoutLine: {'line': b'-- Up-to-date: /home/px4/ros2/ws/install/px4_msgs/include/px4_msgs/px4_msgs/msg/detail/estimator_innovations__type_support.hpp\n'}
[2.648745] (px4_msgs) StdoutLine: {'line': b'-- Up-to-date: /home/px4/ros2/ws/install/px4_msgs/include/px4_msgs/px4_msgs/msg/detail/vehicle_control_mode__struct.hpp\n'}
[2.648816] (px4_msgs) StdoutLine: {'line': b'-- Up-to-date: /home/px4/ros2/ws/install/px4_msgs/include/px4_msgs/px4_msgs/msg/detail/vehicle_magnetometer__struct.hpp\n'}
[2.648879] (px4_msgs) StdoutLine: {'line': b'-- Up-to-date: /home/px4/ros2/ws/install/px4_msgs/include/px4_msgs/px4_msgs/msg/detail/rc_channels__builder.hpp\n'}
[2.648940] (px4_msgs) StdoutLine: {'line': b'-- Up-to-date: /home/px4/ros2/ws/install/px4_msgs/include/px4_msgs/px4_msgs/msg/detail/log_message__builder.hpp\n'}
[2.649000] (px4_msgs) StdoutLine: {'line': b'-- Up-to-date: /home/px4/ros2/ws/install/px4_msgs/include/px4_msgs/px4_msgs/msg/detail/open_drone_id_operator_id__traits.hpp\n'}
[2.649062] (px4_msgs) StdoutLine: {'line': b'-- Up-to-date: /home/px4/ros2/ws/install/px4_msgs/include/px4_msgs/px4_msgs/msg/detail/cellular_status__struct.hpp\n'}
[2.649124] (px4_msgs) StdoutLine: {'line': b'-- Up-to-date: /home/px4/ros2/ws/install/px4_msgs/include/px4_msgs/px4_msgs/msg/detail/gimbal_manager_status__builder.hpp\n'}
[2.649183] (px4_msgs) StdoutLine: {'line': b'-- Up-to-date: /home/px4/ros2/ws/install/px4_msgs/include/px4_msgs/px4_msgs/msg/detail/debug_value__builder.hpp\n'}
[2.649281] (px4_msgs) StdoutLine: {'line': b'-- Up-to-date: /home/px4/ros2/ws/install/px4_msgs/include/px4_msgs/px4_msgs/msg/detail/message_format_response__type_support.hpp\n'}
[2.649349] (px4_msgs) StdoutLine: {'line': b'-- Up-to-date: /home/px4/ros2/ws/install/px4_msgs/include/px4_msgs/px4_msgs/msg/detail/rover_velocity_setpoint__type_support.hpp\n'}
[2.649413] (px4_msgs) StdoutLine: {'line': b'-- Up-to-date: /home/px4/ros2/ws/install/px4_msgs/include/px4_msgs/px4_msgs/msg/detail/vehicle_optical_flow_vel__traits.hpp\n'}
[2.649475] (px4_msgs) StdoutLine: {'line': b'-- Up-to-date: /home/px4/ros2/ws/install/px4_msgs/include/px4_msgs/px4_msgs/msg/detail/mount_orientation__struct.hpp\n'}
[2.649537] (px4_msgs) StdoutLine: {'line': b'-- Up-to-date: /home/px4/ros2/ws/install/px4_msgs/include/px4_msgs/px4_msgs/msg/detail/logger_status__builder.hpp\n'}
[2.649600] (px4_msgs) StdoutLine: {'line': b'-- Up-to-date: /home/px4/ros2/ws/install/px4_msgs/include/px4_msgs/px4_msgs/msg/detail/can_interface_status__builder.hpp\n'}
[2.649697] (px4_msgs) StdoutLine: {'line': b'-- Up-to-date: /home/px4/ros2/ws/install/px4_msgs/include/px4_msgs/px4_msgs/msg/detail/open_drone_id_self_id__traits.hpp\n'}
[2.649847] (px4_msgs) StdoutLine: {'line': b'-- Up-to-date: /home/px4/ros2/ws/install/px4_msgs/include/px4_msgs/px4_msgs/msg/detail/position_setpoint_triplet__struct.hpp\n'}
[2.649997] (px4_msgs) StdoutLine: {'line': b'-- Up-to-date: /home/px4/ros2/ws/install/px4_msgs/include/px4_msgs/px4_msgs/msg/detail/vehicle_local_position_setpoint__traits.hpp\n'}
[2.650118] (px4_msgs) StdoutLine: {'line': b'-- Up-to-date: /home/px4/ros2/ws/install/px4_msgs/include/px4_msgs/px4_msgs/msg/detail/geofence_status__traits.hpp\n'}
[2.650218] (px4_msgs) StdoutLine: {'line': b'-- Up-to-date: /home/px4/ros2/ws/install/px4_msgs/include/px4_msgs/px4_msgs/msg/detail/camera_status__struct.hpp\n'}
[2.650299] (px4_msgs) StdoutLine: {'line': b'-- Up-to-date: /home/px4/ros2/ws/install/px4_msgs/include/px4_msgs/px4_msgs/msg/detail/ekf2_timestamps__struct.hpp\n'}
[2.650403] (px4_msgs) StdoutLine: {'line': b'-- Up-to-date: /home/px4/ros2/ws/install/px4_msgs/include/px4_msgs/px4_msgs/msg/detail/message_format_request__builder.hpp\n'}
[2.650476] (px4_msgs) StdoutLine: {'line': b'-- Up-to-date: /home/px4/ros2/ws/install/px4_msgs/include/px4_msgs/px4_msgs/msg/detail/gripper__traits.hpp\n'}
[2.650538] (px4_msgs) StdoutLine: {'line': b'-- Up-to-date: /home/px4/ros2/ws/install/px4_msgs/include/px4_msgs/px4_msgs/msg/detail/estimator_aid_source3d__builder.hpp\n'}
[2.650615] (px4_msgs) StdoutLine: {'line': b'-- Up-to-date: /home/px4/ros2/ws/install/px4_msgs/include/px4_msgs/px4_msgs/msg/detail/open_drone_id_operator_id__struct.hpp\n'}
[2.650713] (px4_msgs) StdoutLine: {'line': b'-- Up-to-date: /home/px4/ros2/ws/install/px4_msgs/include/px4_msgs/px4_msgs/msg/detail/mavlink_tunnel__struct.hpp\n'}
[2.650819] (px4_msgs) StdoutLine: {'line': b'-- Up-to-date: /home/px4/ros2/ws/install/px4_msgs/include/px4_msgs/px4_msgs/msg/detail/mode_completed__struct.hpp\n'}
[2.650911] (px4_msgs) StdoutLine: {'line': b'-- Up-to-date: /home/px4/ros2/ws/install/px4_msgs/include/px4_msgs/px4_msgs/msg/detail/sensor_combined__type_support.hpp\n'}
[2.651012] (px4_msgs) StdoutLine: {'line': b'-- Up-to-date: /home/px4/ros2/ws/install/px4_msgs/include/px4_msgs/px4_msgs/msg/detail/vehicle_roi__type_support.hpp\n'}
[2.651110] (px4_msgs) StdoutLine: {'line': b'-- Up-to-date: /home/px4/ros2/ws/install/px4_msgs/include/px4_msgs/px4_msgs/msg/detail/rc_channels__traits.hpp\n'}
[2.651221] (px4_msgs) StdoutLine: {'line': b'-- Up-to-date: /home/px4/ros2/ws/install/px4_msgs/include/px4_msgs/px4_msgs/msg/detail/orb_test_large__type_support.hpp\n'}
[2.651340] (px4_msgs) StdoutLine: {'line': b'-- Up-to-date: /home/px4/ros2/ws/install/px4_msgs/include/px4_msgs/px4_msgs/msg/detail/rover_rate_setpoint__builder.hpp\n'}
[2.651433] (px4_msgs) StdoutLine: {'line': b'-- Up-to-date: /home/px4/ros2/ws/install/px4_msgs/include/px4_msgs/px4_msgs/msg/detail/generator_status__traits.hpp\n'}
[2.651517] (px4_msgs) StdoutLine: {'line': b'-- Up-to-date: /home/px4/ros2/ws/install/px4_msgs/include/px4_msgs/px4_msgs/msg/detail/sensor_gyro__builder.hpp\n'}
[2.651583] (px4_msgs) StdoutLine: {'line': b'-- Up-to-date: /home/px4/ros2/ws/install/px4_msgs/include/px4_msgs/px4_msgs/msg/detail/actuator_test__type_support.hpp\n'}
[2.651646] (px4_msgs) StdoutLine: {'line': b'-- Up-to-date: /home/px4/ros2/ws/install/px4_msgs/include/px4_msgs/px4_msgs/msg/detail/hover_thrust_estimate__struct.hpp\n'}
[2.651714] (px4_msgs) StdoutLine: {'line': b'-- Up-to-date: /home/px4/ros2/ws/install/px4_msgs/include/px4_msgs/px4_msgs/msg/detail/parameter_set_value_request__builder.hpp\n'}
[2.651793] (px4_msgs) StdoutLine: {'line': b'-- Up-to-date: /home/px4/ros2/ws/install/px4_msgs/include/px4_msgs/px4_msgs/msg/detail/orbit_status__type_support.hpp\n'}
[2.651859] (px4_msgs) StdoutLine: {'line': b'-- Up-to-date: /home/px4/ros2/ws/install/px4_msgs/include/px4_msgs/px4_msgs/msg/detail/transponder_report__builder.hpp\n'}
[2.651922] (px4_msgs) StdoutLine: {'line': b'-- Up-to-date: /home/px4/ros2/ws/install/px4_msgs/include/px4_msgs/px4_msgs/msg/detail/hover_thrust_estimate__traits.hpp\n'}
[2.652002] (px4_msgs) StdoutLine: {'line': b'-- Up-to-date: /home/px4/ros2/ws/install/px4_msgs/include/px4_msgs/px4_msgs/msg/detail/esc_report__builder.hpp\n'}
[2.652073] (px4_msgs) StdoutLine: {'line': b'-- Up-to-date: /home/px4/ros2/ws/install/px4_msgs/include/px4_msgs/px4_msgs/msg/detail/log_message__type_support.hpp\n'}
[2.652143] (px4_msgs) StdoutLine: {'line': b'-- Up-to-date: /home/px4/ros2/ws/install/px4_msgs/include/px4_msgs/px4_msgs/msg/detail/vehicle_optical_flow__traits.hpp\n'}
[2.652240] (px4_msgs) StdoutLine: {'line': b'-- Up-to-date: /home/px4/ros2/ws/install/px4_msgs/include/px4_msgs/px4_msgs/msg/detail/internal_combustion_engine_status__type_support.hpp\n'}
[2.652316] (px4_msgs) StdoutLine: {'line': b'-- Up-to-date: /home/px4/ros2/ws/install/px4_msgs/include/px4_msgs/px4_msgs/msg/detail/vehicle_roi__struct.hpp\n'}
[2.652398] (px4_msgs) StdoutLine: {'line': b'-- Up-to-date: /home/px4/ros2/ws/install/px4_msgs/include/px4_msgs/px4_msgs/msg/detail/gimbal_device_information__builder.hpp\n'}
[2.652496] (px4_msgs) StdoutLine: {'line': b'-- Up-to-date: /home/px4/ros2/ws/install/px4_msgs/include/px4_msgs/px4_msgs/msg/detail/vehicle_attitude_setpoint__builder.hpp\n'}
[2.652590] (px4_msgs) StdoutLine: {'line': b'-- Up-to-date: /home/px4/ros2/ws/install/px4_msgs/include/px4_msgs/px4_msgs/msg/detail/vehicle_imu__traits.hpp\n'}
[2.652661] (px4_msgs) StdoutLine: {'line': b'-- Up-to-date: /home/px4/ros2/ws/install/px4_msgs/include/px4_msgs/px4_msgs/msg/detail/parameter_update__type_support.hpp\n'}
[2.652734] (px4_msgs) StdoutLine: {'line': b'-- Up-to-date: /home/px4/ros2/ws/install/px4_msgs/include/px4_msgs/px4_msgs/msg/detail/sensor_combined__struct.hpp\n'}
[2.652798] (px4_msgs) StdoutLine: {'line': b'-- Up-to-date: /home/px4/ros2/ws/install/px4_msgs/include/px4_msgs/px4_msgs/msg/detail/fixed_wing_runway_control__struct.hpp\n'}
[2.652868] (px4_msgs) StdoutLine: {'line': b'-- Up-to-date: /home/px4/ros2/ws/install/px4_msgs/include/px4_msgs/px4_msgs/msg/detail/position_controller_status__traits.hpp\n'}
[2.652946] (px4_msgs) StdoutLine: {'line': b'-- Up-to-date: /home/px4/ros2/ws/install/px4_msgs/include/px4_msgs/px4_msgs/msg/detail/ping__type_support.hpp\n'}
[2.653047] (px4_msgs) StdoutLine: {'line': b'-- Up-to-date: /home/px4/ros2/ws/install/px4_msgs/include/px4_msgs/px4_msgs/msg/detail/debug_vect__traits.hpp\n'}
[2.653127] (px4_msgs) StdoutLine: {'line': b'-- Up-to-date: /home/px4/ros2/ws/install/px4_msgs/include/px4_msgs/px4_msgs/msg/detail/vehicle_command__traits.hpp\n'}
[2.653215] (px4_msgs) StdoutLine: {'line': b'-- Up-to-date: /home/px4/ros2/ws/install/px4_msgs/include/px4_msgs/px4_msgs/msg/detail/vehicle_imu__struct.hpp\n'}
[2.653322] (px4_msgs) StdoutLine: {'line': b'-- Up-to-date: /home/px4/ros2/ws/install/px4_msgs/include/px4_msgs/px4_msgs/msg/detail/camera_trigger__type_support.hpp\n'}
[2.653392] (px4_msgs) StdoutLine: {'line': b'-- Up-to-date: /home/px4/ros2/ws/install/px4_msgs/include/px4_msgs/px4_msgs/msg/detail/sensor_airflow__struct.hpp\n'}
[2.653456] (px4_msgs) StdoutLine: {'line': b'-- Up-to-date: /home/px4/ros2/ws/install/px4_msgs/include/px4_msgs/px4_msgs/msg/detail/debug_array__type_support.hpp\n'}
[2.653538] (px4_msgs) StdoutLine: {'line': b'-- Up-to-date: /home/px4/ros2/ws/install/px4_msgs/include/px4_msgs/px4_msgs/msg/detail/vehicle_torque_setpoint__builder.hpp\n'}
[2.653606] (px4_msgs) StdoutLine: {'line': b'-- Up-to-date: /home/px4/ros2/ws/install/px4_msgs/include/px4_msgs/px4_msgs/msg/detail/gimbal_controls__type_support.hpp\n'}
[2.653701] (px4_msgs) StdoutLine: {'line': b'-- Up-to-date: /home/px4/ros2/ws/install/px4_msgs/include/px4_msgs/px4_msgs/msg/detail/rover_attitude_setpoint__traits.hpp\n'}
[2.653768] (px4_msgs) StdoutLine: {'line': b'-- Up-to-date: /home/px4/ros2/ws/install/px4_msgs/include/px4_msgs/px4_msgs/msg/detail/tiltrotor_extra_controls__struct.hpp\n'}
[2.653863] (px4_msgs) StdoutLine: {'line': b'-- Up-to-date: /home/px4/ros2/ws/install/px4_msgs/include/px4_msgs/px4_msgs/msg/detail/ulog_stream_ack__builder.hpp\n'}
[2.653949] (px4_msgs) StdoutLine: {'line': b'-- Up-to-date: /home/px4/ros2/ws/install/px4_msgs/include/px4_msgs/px4_msgs/msg/detail/vehicle_status__struct.hpp\n'}
[2.654045] (px4_msgs) StdoutLine: {'line': b'-- Up-to-date: /home/px4/ros2/ws/install/px4_msgs/include/px4_msgs/px4_msgs/msg/detail/pure_pursuit_status__type_support.hpp\n'}
[2.654139] (px4_msgs) StdoutLine: {'line': b'-- Up-to-date: /home/px4/ros2/ws/install/px4_msgs/include/px4_msgs/px4_msgs/msg/detail/actuator_motors__builder.hpp\n'}
[2.654253] (px4_msgs) StdoutLine: {'line': b'-- Up-to-date: /home/px4/ros2/ws/install/px4_msgs/include/px4_msgs/px4_msgs/msg/detail/orbit_status__struct.hpp\n'}
[2.654356] (px4_msgs) StdoutLine: {'line': b'-- Up-to-date: /home/px4/ros2/ws/install/px4_msgs/include/px4_msgs/px4_msgs/msg/detail/manual_control_switches__traits.hpp\n'}
[2.654472] (px4_msgs) StdoutLine: {'line': b'-- Up-to-date: /home/px4/ros2/ws/install/px4_msgs/include/px4_msgs/px4_msgs/msg/detail/sensors_status__struct.hpp\n'}
[2.654587] (px4_msgs) StdoutLine: {'line': b'-- Up-to-date: /home/px4/ros2/ws/install/px4_msgs/include/px4_msgs/px4_msgs/msg/detail/figure_eight_status__struct.hpp\n'}
[2.654700] (px4_msgs) StdoutLine: {'line': b'-- Up-to-date: /home/px4/ros2/ws/install/px4_msgs/include/px4_msgs/px4_msgs/msg/detail/rc_channels__struct.hpp\n'}
[2.654800] (px4_msgs) StdoutLine: {'line': b'-- Up-to-date: /home/px4/ros2/ws/install/px4_msgs/include/px4_msgs/px4_msgs/msg/detail/rtl_status__type_support.hpp\n'}
[2.654898] (px4_msgs) StdoutLine: {'line': b'-- Up-to-date: /home/px4/ros2/ws/install/px4_msgs/include/px4_msgs/px4_msgs/msg/detail/estimator_states__traits.hpp\n'}
[2.654995] (px4_msgs) StdoutLine: {'line': b'-- Up-to-date: /home/px4/ros2/ws/install/px4_msgs/include/px4_msgs/px4_msgs/msg/detail/vtol_vehicle_status__type_support.hpp\n'}
[2.655076] (px4_msgs) StdoutLine: {'line': b'-- Up-to-date: /home/px4/ros2/ws/install/px4_msgs/include/px4_msgs/px4_msgs/msg/detail/collision_constraints__type_support.hpp\n'}
[2.655139] (px4_msgs) StdoutLine: {'line': b'-- Up-to-date: /home/px4/ros2/ws/install/px4_msgs/include/px4_msgs/px4_msgs/msg/detail/launch_detection_status__builder.hpp\n'}
[2.655218] (px4_msgs) StdoutLine: {'line': b'-- Up-to-date: /home/px4/ros2/ws/install/px4_msgs/include/px4_msgs/px4_msgs/msg/detail/sensor_hygrometer__struct.hpp\n'}
[2.655304] (px4_msgs) StdoutLine: {'line': b'-- Up-to-date: /home/px4/ros2/ws/install/px4_msgs/include/px4_msgs/px4_msgs/msg/detail/satellite_info__builder.hpp\n'}
[2.655372] (px4_msgs) StdoutLine: {'line': b'-- Up-to-date: /home/px4/ros2/ws/install/px4_msgs/include/px4_msgs/px4_msgs/msg/detail/vehicle_control_mode__builder.hpp\n'}
[2.655434] (px4_msgs) StdoutLine: {'line': b'-- Up-to-date: /home/px4/ros2/ws/install/px4_msgs/include/px4_msgs/px4_msgs/msg/detail/actuator_armed__builder.hpp\n'}
[2.655504] (px4_msgs) StdoutLine: {'line': b'-- Up-to-date: /home/px4/ros2/ws/install/px4_msgs/include/px4_msgs/px4_msgs/msg/detail/vehicle_angular_velocity__type_support.hpp\n'}
[2.655568] (px4_msgs) StdoutLine: {'line': b'-- Up-to-date: /home/px4/ros2/ws/install/px4_msgs/include/px4_msgs/px4_msgs/msg/detail/unregister_ext_component__struct.hpp\n'}
[2.655643] (px4_msgs) StdoutLine: {'line': b'-- Up-to-date: /home/px4/ros2/ws/install/px4_msgs/include/px4_msgs/px4_msgs/msg/detail/sensor_gnss_relative__builder.hpp\n'}
[2.655705] (px4_msgs) StdoutLine: {'line': b'-- Up-to-date: /home/px4/ros2/ws/install/px4_msgs/include/px4_msgs/px4_msgs/msg/detail/battery_status__struct.hpp\n'}
[2.655771] (px4_msgs) StdoutLine: {'line': b'-- Up-to-date: /home/px4/ros2/ws/install/px4_msgs/include/px4_msgs/px4_msgs/msg/detail/can_interface_status__type_support.hpp\n'}
[2.655834] (px4_msgs) StdoutLine: {'line': b'-- Up-to-date: /home/px4/ros2/ws/install/px4_msgs/include/px4_msgs/px4_msgs/msg/detail/fixed_wing_lateral_setpoint__struct.hpp\n'}
[2.655896] (px4_msgs) StdoutLine: {'line': b'-- Up-to-date: /home/px4/ros2/ws/install/px4_msgs/include/px4_msgs/px4_msgs/msg/detail/position_setpoint__struct.hpp\n'}
[2.655958] (px4_msgs) StdoutLine: {'line': b'-- Up-to-date: /home/px4/ros2/ws/install/px4_msgs/include/px4_msgs/px4_msgs/msg/detail/lateral_control_configuration__type_support.hpp\n'}
[2.656020] (px4_msgs) StdoutLine: {'line': b'-- Up-to-date: /home/px4/ros2/ws/install/px4_msgs/include/px4_msgs/px4_msgs/msg/detail/radio_status__type_support.hpp\n'}
[2.656080] (px4_msgs) StdoutLine: {'line': b'-- Up-to-date: /home/px4/ros2/ws/install/px4_msgs/include/px4_msgs/px4_msgs/msg/detail/config_overrides__builder.hpp\n'}
[2.656141] (px4_msgs) StdoutLine: {'line': b'-- Up-to-date: /home/px4/ros2/ws/install/px4_msgs/include/px4_msgs/px4_msgs/msg/detail/uavcan_parameter_request__struct.hpp\n'}
[2.656219] (px4_msgs) StdoutLine: {'line': b'-- Up-to-date: /home/px4/ros2/ws/install/px4_msgs/include/px4_msgs/px4_msgs/msg/detail/unregister_ext_component__type_support.hpp\n'}
[2.656315] (px4_msgs) StdoutLine: {'line': b'-- Up-to-date: /home/px4/ros2/ws/install/px4_msgs/include/px4_msgs/px4_msgs/msg/detail/distance_sensor__traits.hpp\n'}
[2.656382] (px4_msgs) StdoutLine: {'line': b'-- Up-to-date: /home/px4/ros2/ws/install/px4_msgs/include/px4_msgs/px4_msgs/msg/detail/fuel_tank_status__builder.hpp\n'}
[2.656446] (px4_msgs) StdoutLine: {'line': b'-- Up-to-date: /home/px4/ros2/ws/install/px4_msgs/include/px4_msgs/px4_msgs/msg/detail/pps_capture__type_support.hpp\n'}
[2.656508] (px4_msgs) StdoutLine: {'line': b'-- Up-to-date: /home/px4/ros2/ws/install/px4_msgs/include/px4_msgs/px4_msgs/msg/detail/mavlink_log__type_support.hpp\n'}
[2.656570] (px4_msgs) StdoutLine: {'line': b'-- Up-to-date: /home/px4/ros2/ws/install/px4_msgs/include/px4_msgs/px4_msgs/msg/detail/battery_info__type_support.hpp\n'}
[2.656631] (px4_msgs) StdoutLine: {'line': b'-- Up-to-date: /home/px4/ros2/ws/install/px4_msgs/include/px4_msgs/px4_msgs/msg/detail/mavlink_log__struct.hpp\n'}
[2.656712] (px4_msgs) StdoutLine: {'line': b'-- Up-to-date: /home/px4/ros2/ws/install/px4_msgs/include/px4_msgs/px4_msgs/msg/detail/takeoff_status__struct.hpp\n'}
[2.656795] (px4_msgs) StdoutLine: {'line': b'-- Up-to-date: /home/px4/ros2/ws/install/px4_msgs/include/px4_msgs/px4_msgs/msg/detail/adc_report__traits.hpp\n'}
[2.656863] (px4_msgs) StdoutLine: {'line': b'-- Up-to-date: /home/px4/ros2/ws/install/px4_msgs/include/px4_msgs/px4_msgs/msg/detail/trajectory_setpoint__builder.hpp\n'}
[2.656925] (px4_msgs) StdoutLine: {'line': b'-- Up-to-date: /home/px4/ros2/ws/install/px4_msgs/include/px4_msgs/px4_msgs/msg/detail/heater_status__builder.hpp\n'}
[2.656987] (px4_msgs) StdoutLine: {'line': b'-- Up-to-date: /home/px4/ros2/ws/install/px4_msgs/include/px4_msgs/px4_msgs/msg/detail/sensor_uwb__traits.hpp\n'}
[2.657048] (px4_msgs) StdoutLine: {'line': b'-- Up-to-date: /home/px4/ros2/ws/install/px4_msgs/include/px4_msgs/px4_msgs/msg/detail/power_monitor__type_support.hpp\n'}
[2.657111] (px4_msgs) StdoutLine: {'line': b'-- Up-to-date: /home/px4/ros2/ws/install/px4_msgs/include/px4_msgs/px4_msgs/msg/detail/actuator_test__struct.hpp\n'}
[2.657173] (px4_msgs) StdoutLine: {'line': b'-- Up-to-date: /home/px4/ros2/ws/install/px4_msgs/include/px4_msgs/px4_msgs/msg/detail/adc_report__builder.hpp\n'}
[2.657283] (px4_msgs) StdoutLine: {'line': b'-- Up-to-date: /home/px4/ros2/ws/install/px4_msgs/include/px4_msgs/px4_msgs/msg/detail/cpuload__struct.hpp\n'}
[2.657350] (px4_msgs) StdoutLine: {'line': b'-- Up-to-date: /home/px4/ros2/ws/install/px4_msgs/include/px4_msgs/px4_msgs/msg/detail/radio_status__builder.hpp\n'}
[2.657413] (px4_msgs) StdoutLine: {'line': b'-- Up-to-date: /home/px4/ros2/ws/install/px4_msgs/include/px4_msgs/px4_msgs/msg/detail/gimbal_manager_set_attitude__builder.hpp\n'}
[2.657475] (px4_msgs) StdoutLine: {'line': b'-- Up-to-date: /home/px4/ros2/ws/install/px4_msgs/include/px4_msgs/px4_msgs/msg/detail/longitudinal_control_configuration__traits.hpp\n'}
[2.657538] (px4_msgs) StdoutLine: {'line': b'-- Up-to-date: /home/px4/ros2/ws/install/px4_msgs/include/px4_msgs/px4_msgs/msg/detail/parameter_reset_request__builder.hpp\n'}
[2.657600] (px4_msgs) StdoutLine: {'line': b'-- Up-to-date: /home/px4/ros2/ws/install/px4_msgs/include/px4_msgs/px4_msgs/msg/detail/log_message__traits.hpp\n'}
[2.657672] (px4_msgs) StdoutLine: {'line': b'-- Up-to-date: /home/px4/ros2/ws/install/px4_msgs/include/px4_msgs/px4_msgs/msg/detail/rover_attitude_setpoint__type_support.hpp\n'}
[2.657736] (px4_msgs) StdoutLine: {'line': b'-- Up-to-date: /home/px4/ros2/ws/install/px4_msgs/include/px4_msgs/px4_msgs/msg/detail/orb_test_large__traits.hpp\n'}
[2.657798] (px4_msgs) StdoutLine: {'line': b'-- Up-to-date: /home/px4/ros2/ws/install/px4_msgs/include/px4_msgs/px4_msgs/msg/detail/led_control__traits.hpp\n'}
[2.657859] (px4_msgs) StdoutLine: {'line': b'-- Up-to-date: /home/px4/ros2/ws/install/px4_msgs/include/px4_msgs/px4_msgs/msg/detail/estimator_status_flags__builder.hpp\n'}
[2.657964] (px4_msgs) StdoutLine: {'line': b'-- Up-to-date: /home/px4/ros2/ws/install/px4_msgs/include/px4_msgs/px4_msgs/msg/detail/airspeed__builder.hpp\n'}
[2.658027] (px4_msgs) StdoutLine: {'line': b'-- Up-to-date: /home/px4/ros2/ws/install/px4_msgs/include/px4_msgs/px4_msgs/msg/detail/mavlink_tunnel__traits.hpp\n'}
[2.658090] (px4_msgs) StdoutLine: {'line': b'-- Up-to-date: /home/px4/ros2/ws/install/px4_msgs/include/px4_msgs/px4_msgs/msg/detail/pps_capture__struct.hpp\n'}
[2.658156] (px4_msgs) StdoutLine: {'line': b'-- Up-to-date: /home/px4/ros2/ws/install/px4_msgs/include/px4_msgs/px4_msgs/msg/detail/rover_rate_status__struct.hpp\n'}
[2.658264] (px4_msgs) StdoutLine: {'line': b'-- Up-to-date: /home/px4/ros2/ws/install/px4_msgs/include/px4_msgs/px4_msgs/msg/detail/gps_inject_data__builder.hpp\n'}
[2.658376] (px4_msgs) StdoutLine: {'line': b'-- Up-to-date: /home/px4/ros2/ws/install/px4_msgs/include/px4_msgs/px4_msgs/msg/detail/differential_pressure__type_support.hpp\n'}
[2.658490] (px4_msgs) StdoutLine: {'line': b'-- Up-to-date: /home/px4/ros2/ws/install/px4_msgs/include/px4_msgs/px4_msgs/msg/detail/landing_gear_wheel__builder.hpp\n'}
[2.658618] (px4_msgs) StdoutLine: {'line': b'-- Up-to-date: /home/px4/ros2/ws/install/px4_msgs/include/px4_msgs/px4_msgs/msg/detail/sensor_accel_fifo__builder.hpp\n'}
[2.658727] (px4_msgs) StdoutLine: {'line': b'-- Up-to-date: /home/px4/ros2/ws/install/px4_msgs/include/px4_msgs/px4_msgs/msg/detail/parameter_set_used_request__builder.hpp\n'}
[2.658798] (px4_msgs) StdoutLine: {'line': b'-- Up-to-date: /home/px4/ros2/ws/install/px4_msgs/include/px4_msgs/px4_msgs/msg/detail/camera_capture__traits.hpp\n'}
[2.658861] (px4_msgs) StdoutLine: {'line': b'-- Up-to-date: /home/px4/ros2/ws/install/px4_msgs/include/px4_msgs/px4_msgs/msg/detail/sensor_gnss_relative__type_support.hpp\n'}
[2.658944] (px4_msgs) StdoutLine: {'line': b'-- Up-to-date: /home/px4/ros2/ws/install/px4_msgs/include/px4_msgs/px4_msgs/msg/detail/mission_result__struct.hpp\n'}
[2.659008] (px4_msgs) StdoutLine: {'line': b'-- Up-to-date: /home/px4/ros2/ws/install/px4_msgs/include/px4_msgs/px4_msgs/msg/detail/vehicle_command_ack__traits.hpp\n'}
[2.659072] (px4_msgs) StdoutLine: {'line': b'-- Up-to-date: /home/px4/ros2/ws/install/px4_msgs/include/px4_msgs/px4_msgs/msg/detail/pps_capture__builder.hpp\n'}
[2.659134] (px4_msgs) StdoutLine: {'line': b'-- Up-to-date: /home/px4/ros2/ws/install/px4_msgs/include/px4_msgs/px4_msgs/msg/detail/airspeed_wind__traits.hpp\n'}
[2.659212] (px4_msgs) StdoutLine: {'line': b'-- Up-to-date: /home/px4/ros2/ws/install/px4_msgs/include/px4_msgs/px4_msgs/msg/detail/input_rc__traits.hpp\n'}
[2.659303] (px4_msgs) StdoutLine: {'line': b'-- Up-to-date: /home/px4/ros2/ws/install/px4_msgs/include/px4_msgs/px4_msgs/msg/detail/message_format_request__traits.hpp\n'}
[2.659366] (px4_msgs) StdoutLine: {'line': b'-- Up-to-date: /home/px4/ros2/ws/install/px4_msgs/include/px4_msgs/px4_msgs/msg/detail/actuator_armed__traits.hpp\n'}
[2.659428] (px4_msgs) StdoutLine: {'line': b'-- Up-to-date: /home/px4/ros2/ws/install/px4_msgs/include/px4_msgs/px4_msgs/msg/camera_capture.hpp\n'}
[2.659490] (px4_msgs) StdoutLine: {'line': b'-- Up-to-date: /home/px4/ros2/ws/install/px4_msgs/include/px4_msgs/px4_msgs/msg/rover_position_setpoint.hpp\n'}
[2.659552] (px4_msgs) StdoutLine: {'line': b'-- Up-to-date: /home/px4/ros2/ws/install/px4_msgs/include/px4_msgs/px4_msgs/msg/ulog_stream.hpp\n'}
[2.659613] (px4_msgs) StdoutLine: {'line': b'-- Up-to-date: /home/px4/ros2/ws/install/px4_msgs/include/px4_msgs/px4_msgs/msg/vtol_vehicle_status.hpp\n'}
[2.659676] (px4_msgs) StdoutLine: {'line': b'-- Up-to-date: /home/px4/ros2/ws/install/px4_msgs/include/px4_msgs/px4_msgs/msg/position_controller_landing_status.hpp\n'}
[2.659739] (px4_msgs) StdoutLine: {'line': b'-- Up-to-date: /home/px4/ros2/ws/install/px4_msgs/include/px4_msgs/px4_msgs/msg/hover_thrust_estimate.hpp\n'}
[2.659800] (px4_msgs) StdoutLine: {'line': b'-- Up-to-date: /home/px4/ros2/ws/install/px4_msgs/include/px4_msgs/px4_msgs/msg/uavcan_parameter_value.hpp\n'}
[2.659862] (px4_msgs) StdoutLine: {'line': b'-- Up-to-date: /home/px4/ros2/ws/install/px4_msgs/include/px4_msgs/px4_msgs/msg/figure_eight_status.hpp\n'}
[2.659924] (px4_msgs) StdoutLine: {'line': b'-- Up-to-date: /home/px4/ros2/ws/install/px4_msgs/include/px4_msgs/px4_msgs/msg/parameter_reset_request.hpp\n'}
[2.659985] (px4_msgs) StdoutLine: {'line': b'-- Up-to-date: /home/px4/ros2/ws/install/px4_msgs/include/px4_msgs/px4_msgs/msg/estimator_aid_source3d.hpp\n'}
[2.660045] (px4_msgs) StdoutLine: {'line': b'-- Up-to-date: /home/px4/ros2/ws/install/px4_msgs/include/px4_msgs/px4_msgs/msg/gimbal_manager_status.hpp\n'}
[2.660106] (px4_msgs) StdoutLine: {'line': b'-- Up-to-date: /home/px4/ros2/ws/install/px4_msgs/include/px4_msgs/px4_msgs/msg/vehicle_attitude_setpoint.hpp\n'}
[2.660175] (px4_msgs) StdoutLine: {'line': b'-- Up-to-date: /home/px4/ros2/ws/install/px4_msgs/include/px4_msgs/px4_msgs/msg/tune_control.hpp\n'}
[2.660268] (px4_msgs) StdoutLine: {'line': b'-- Up-to-date: /home/px4/ros2/ws/install/px4_msgs/include/px4_msgs/px4_msgs/msg/position_setpoint_triplet.hpp\n'}
[2.660334] (px4_msgs) StdoutLine: {'line': b'-- Up-to-date: /home/px4/ros2/ws/install/px4_msgs/include/px4_msgs/px4_msgs/msg/gpio_out.hpp\n'}
[2.660405] (px4_msgs) StdoutLine: {'line': b'-- Up-to-date: /home/px4/ros2/ws/install/px4_msgs/include/px4_msgs/px4_msgs/msg/vehicle_odometry.hpp\n'}
[2.660467] (px4_msgs) StdoutLine: {'line': b'-- Up-to-date: /home/px4/ros2/ws/install/px4_msgs/include/px4_msgs/px4_msgs/msg/debug_array.hpp\n'}
[2.660528] (px4_msgs) StdoutLine: {'line': b'-- Up-to-date: /home/px4/ros2/ws/install/px4_msgs/include/px4_msgs/px4_msgs/msg/actuator_outputs.hpp\n'}
[2.660591] (px4_msgs) StdoutLine: {'line': b'-- Up-to-date: /home/px4/ros2/ws/install/px4_msgs/include/px4_msgs/px4_msgs/msg/wheel_encoders.hpp\n'}
[2.660673] (px4_msgs) StdoutLine: {'line': b'-- Up-to-date: /home/px4/ros2/ws/install/px4_msgs/include/px4_msgs/px4_msgs/msg/pps_capture.hpp\n'}
[2.660734] (px4_msgs) StdoutLine: {'line': b'-- Up-to-date: /home/px4/ros2/ws/install/px4_msgs/include/px4_msgs/px4_msgs/msg/estimator_sensor_bias.hpp\n'}
[2.660819] (px4_msgs) StdoutLine: {'line': b'-- Up-to-date: /home/px4/ros2/ws/install/px4_msgs/include/px4_msgs/px4_msgs/msg/pwm_input.hpp\n'}
[2.660906] (px4_msgs) StdoutLine: {'line': b'-- Up-to-date: /home/px4/ros2/ws/install/px4_msgs/include/px4_msgs/px4_msgs/msg/rover_rate_status.hpp\n'}
[2.661004] (px4_msgs) StdoutLine: {'line': b'-- Up-to-date: /home/px4/ros2/ws/install/px4_msgs/include/px4_msgs/px4_msgs/msg/vehicle_rates_setpoint.hpp\n'}
[2.661098] (px4_msgs) StdoutLine: {'line': b'-- Up-to-date: /home/px4/ros2/ws/install/px4_msgs/include/px4_msgs/px4_msgs/msg/sensor_baro.hpp\n'}
[2.661220] (px4_msgs) StdoutLine: {'line': b'-- Up-to-date: /home/px4/ros2/ws/install/px4_msgs/include/px4_msgs/px4_msgs/msg/parameter_set_used_request.hpp\n'}
[2.661316] (px4_msgs) StdoutLine: {'line': b'-- Up-to-date: /home/px4/ros2/ws/install/px4_msgs/include/px4_msgs/px4_msgs/msg/estimator_innovations.hpp\n'}
[2.661418] (px4_msgs) StdoutLine: {'line': b'-- Up-to-date: /home/px4/ros2/ws/install/px4_msgs/include/px4_msgs/px4_msgs/msg/actuator_motors.hpp\n'}
[2.661503] (px4_msgs) StdoutLine: {'line': b'-- Up-to-date: /home/px4/ros2/ws/install/px4_msgs/include/px4_msgs/px4_msgs/msg/can_interface_status.hpp\n'}
[2.661568] (px4_msgs) StdoutLine: {'line': b'-- Up-to-date: /home/px4/ros2/ws/install/px4_msgs/include/px4_msgs/px4_msgs/msg/gimbal_device_attitude_status.hpp\n'}
[2.661631] (px4_msgs) StdoutLine: {'line': b'-- Up-to-date: /home/px4/ros2/ws/install/px4_msgs/include/px4_msgs/px4_msgs/msg/vehicle_angular_acceleration_setpoint.hpp\n'}
[2.661719] (px4_msgs) StdoutLine: {'line': b'-- Up-to-date: /home/px4/ros2/ws/install/px4_msgs/include/px4_msgs/px4_msgs/msg/estimator_event_flags.hpp\n'}
[2.661799] (px4_msgs) StdoutLine: {'line': b'-- Up-to-date: /home/px4/ros2/ws/install/px4_msgs/include/px4_msgs/px4_msgs/msg/vehicle_constraints.hpp\n'}
[2.661901] (px4_msgs) StdoutLine: {'line': b'-- Up-to-date: /home/px4/ros2/ws/install/px4_msgs/include/px4_msgs/px4_msgs/msg/fixed_wing_longitudinal_setpoint.hpp\n'}
[2.661981] (px4_msgs) StdoutLine: {'line': b'-- Up-to-date: /home/px4/ros2/ws/install/px4_msgs/include/px4_msgs/px4_msgs/msg/led_control.hpp\n'}
[2.662076] (px4_msgs) StdoutLine: {'line': b'-- Up-to-date: /home/px4/ros2/ws/install/px4_msgs/include/px4_msgs/px4_msgs/msg/sensor_gyro_fft.hpp\n'}
[2.662161] (px4_msgs) StdoutLine: {'line': b'-- Up-to-date: /home/px4/ros2/ws/install/px4_msgs/include/px4_msgs/px4_msgs/msg/sensor_combined.hpp\n'}
[2.662277] (px4_msgs) StdoutLine: {'line': b'-- Up-to-date: /home/px4/ros2/ws/install/px4_msgs/include/px4_msgs/px4_msgs/msg/landing_gear.hpp\n'}
[2.662383] (px4_msgs) StdoutLine: {'line': b'-- Up-to-date: /home/px4/ros2/ws/install/px4_msgs/include/px4_msgs/px4_msgs/msg/debug_key_value.hpp\n'}
[2.662457] (px4_msgs) StdoutLine: {'line': b'-- Up-to-date: /home/px4/ros2/ws/install/px4_msgs/include/px4_msgs/px4_msgs/msg/rover_velocity_status.hpp\n'}
[2.662529] (px4_msgs) StdoutLine: {'line': b'-- Up-to-date: /home/px4/ros2/ws/install/px4_msgs/include/px4_msgs/px4_msgs/msg/dataman_response.hpp\n'}
[2.662590] (px4_msgs) StdoutLine: {'line': b'-- Up-to-date: /home/px4/ros2/ws/install/px4_msgs/include/px4_msgs/px4_msgs/msg/cellular_status.hpp\n'}
[2.662708] (px4_msgs) StdoutLine: {'line': b'-- Up-to-date: /home/px4/ros2/ws/install/px4_msgs/include/px4_msgs/px4_msgs/msg/estimator_states.hpp\n'}
[2.662824] (px4_msgs) StdoutLine: {'line': b'-- Up-to-date: /home/px4/ros2/ws/install/px4_msgs/include/px4_msgs/px4_msgs/msg/airspeed_wind.hpp\n'}
[2.662924] (px4_msgs) StdoutLine: {'line': b'-- Up-to-date: /home/px4/ros2/ws/install/px4_msgs/include/px4_msgs/px4_msgs/msg/open_drone_id_operator_id.hpp\n'}
[2.663053] (px4_msgs) StdoutLine: {'line': b'-- Up-to-date: /home/px4/ros2/ws/install/px4_msgs/include/px4_msgs/px4_msgs/msg/sensor_gps.hpp\n'}
[2.663149] (px4_msgs) StdoutLine: {'line': b'-- Up-to-date: /home/px4/ros2/ws/install/px4_msgs/include/px4_msgs/px4_msgs/msg/gimbal_controls.hpp\n'}
[2.663274] (px4_msgs) StdoutLine: {'line': b'-- Up-to-date: /home/px4/ros2/ws/install/px4_msgs/include/px4_msgs/px4_msgs/msg/trajectory_setpoint6dof.hpp\n'}
[2.663393] (px4_msgs) StdoutLine: {'line': b'-- Up-to-date: /home/px4/ros2/ws/install/px4_msgs/include/px4_msgs/px4_msgs/msg/rtl_status.hpp\n'}
[2.663468] (px4_msgs) StdoutLine: {'line': b'-- Up-to-date: /home/px4/ros2/ws/install/px4_msgs/include/px4_msgs/px4_msgs/msg/actuator_servos_trim.hpp\n'}
[2.663532] (px4_msgs) StdoutLine: {'line': b'-- Up-to-date: /home/px4/ros2/ws/install/px4_msgs/include/px4_msgs/px4_msgs/msg/takeoff_status.hpp\n'}
[2.663595] (px4_msgs) StdoutLine: {'line': b'-- Up-to-date: /home/px4/ros2/ws/install/px4_msgs/include/px4_msgs/px4_msgs/msg/vehicle_control_mode.hpp\n'}
[2.663658] (px4_msgs) StdoutLine: {'line': b'-- Up-to-date: /home/px4/ros2/ws/install/px4_msgs/include/px4_msgs/px4_msgs/msg/battery_info.hpp\n'}
[2.663720] (px4_msgs) StdoutLine: {'line': b'-- Up-to-date: /home/px4/ros2/ws/install/px4_msgs/include/px4_msgs/px4_msgs/msg/unregister_ext_component.hpp\n'}
[2.663785] (px4_msgs) StdoutLine: {'line': b'-- Up-to-date: /home/px4/ros2/ws/install/px4_msgs/include/px4_msgs/px4_msgs/msg/collision_constraints.hpp\n'}
[2.663877] (px4_msgs) StdoutLine: {'line': b'-- Up-to-date: /home/px4/ros2/ws/install/px4_msgs/include/px4_msgs/px4_msgs/msg/vehicle_command.hpp\n'}
[2.663988] (px4_msgs) StdoutLine: {'line': b'-- Up-to-date: /home/px4/ros2/ws/install/px4_msgs/include/px4_msgs/px4_msgs/msg/rover_rate_setpoint.hpp\n'}
[2.664088] (px4_msgs) StdoutLine: {'line': b'-- Up-to-date: /home/px4/ros2/ws/install/px4_msgs/include/px4_msgs/px4_msgs/msg/rover_throttle_setpoint.hpp\n'}
[2.664158] (px4_msgs) StdoutLine: {'line': b'-- Up-to-date: /home/px4/ros2/ws/install/px4_msgs/include/px4_msgs/px4_msgs/msg/landing_gear_wheel.hpp\n'}
[2.664265] (px4_msgs) StdoutLine: {'line': b'-- Up-to-date: /home/px4/ros2/ws/install/px4_msgs/include/px4_msgs/px4_msgs/msg/gpio_in.hpp\n'}
[2.664363] (px4_msgs) StdoutLine: {'line': b'-- Up-to-date: /home/px4/ros2/ws/install/px4_msgs/include/px4_msgs/px4_msgs/msg/rpm.hpp\n'}
[2.664458] (px4_msgs) StdoutLine: {'line': b'-- Up-to-date: /home/px4/ros2/ws/install/px4_msgs/include/px4_msgs/px4_msgs/msg/mount_orientation.hpp\n'}
[2.664539] (px4_msgs) StdoutLine: {'line': b'-- Up-to-date: /home/px4/ros2/ws/install/px4_msgs/include/px4_msgs/px4_msgs/msg/orb_test.hpp\n'}
[2.664607] (px4_msgs) StdoutLine: {'line': b'-- Up-to-date: /home/px4/ros2/ws/install/px4_msgs/include/px4_msgs/px4_msgs/msg/camera_trigger.hpp\n'}
[2.664669] (px4_msgs) StdoutLine: {'line': b'-- Up-to-date: /home/px4/ros2/ws/install/px4_msgs/include/px4_msgs/px4_msgs/msg/vehicle_air_data.hpp\n'}
[2.664733] (px4_msgs) StdoutLine: {'line': b'-- Up-to-date: /home/px4/ros2/ws/install/px4_msgs/include/px4_msgs/px4_msgs/msg/vehicle_optical_flow.hpp\n'}
[2.664793] (px4_msgs) StdoutLine: {'line': b'-- Up-to-date: /home/px4/ros2/ws/install/px4_msgs/include/px4_msgs/px4_msgs/msg/flight_phase_estimation.hpp\n'}
[2.664859] (px4_msgs) StdoutLine: {'line': b'-- Up-to-date: /home/px4/ros2/ws/install/px4_msgs/include/px4_msgs/px4_msgs/msg/vehicle_local_position.hpp\n'}
[2.664922] (px4_msgs) StdoutLine: {'line': b'-- Up-to-date: /home/px4/ros2/ws/install/px4_msgs/include/px4_msgs/px4_msgs/msg/sensor_accel.hpp\n'}
[2.665015] (px4_msgs) StdoutLine: {'line': b'-- Up-to-date: /home/px4/ros2/ws/install/px4_msgs/include/px4_msgs/px4_msgs/msg/estimator_bias.hpp\n'}
[2.665081] (px4_msgs) StdoutLine: {'line': b'-- Up-to-date: /home/px4/ros2/ws/install/px4_msgs/include/px4_msgs/px4_msgs/msg/debug_vect.hpp\n'}
[2.665164] (px4_msgs) StdoutLine: {'line': b'-- Up-to-date: /home/px4/ros2/ws/install/px4_msgs/include/px4_msgs/px4_msgs/msg/open_drone_id_arm_status.hpp\n'}
[2.665304] (px4_msgs) StdoutLine: {'line': b'-- Up-to-date: /home/px4/ros2/ws/install/px4_msgs/include/px4_msgs/px4_msgs/msg/mission_result.hpp\n'}
[2.665405] (px4_msgs) StdoutLine: {'line': b'-- Up-to-date: /home/px4/ros2/ws/install/px4_msgs/include/px4_msgs/px4_msgs/msg/health_report.hpp\n'}
[2.665498] (px4_msgs) StdoutLine: {'line': b'-- Up-to-date: /home/px4/ros2/ws/install/px4_msgs/include/px4_msgs/px4_msgs/msg/parameter_set_value_response.hpp\n'}
[2.665592] (px4_msgs) StdoutLine: {'line': b'-- Up-to-date: /home/px4/ros2/ws/install/px4_msgs/include/px4_msgs/px4_msgs/msg/gimbal_manager_set_manual_control.hpp\n'}
[2.665694] (px4_msgs) StdoutLine: {'line': b'-- Up-to-date: /home/px4/ros2/ws/install/px4_msgs/include/px4_msgs/px4_msgs/msg/vehicle_land_detected.hpp\n'}
[2.665785] (px4_msgs) StdoutLine: {'line': b'-- Up-to-date: /home/px4/ros2/ws/install/px4_msgs/include/px4_msgs/px4_msgs/msg/navigator_status.hpp\n'}
[2.665873] (px4_msgs) StdoutLine: {'line': b'-- Up-to-date: /home/px4/ros2/ws/install/px4_msgs/include/px4_msgs/px4_msgs/msg/rosidl_generator_cpp__visibility_control.hpp\n'}
[2.665938] (px4_msgs) StdoutLine: {'line': b'-- Up-to-date: /home/px4/ros2/ws/install/px4_msgs/include/px4_msgs/px4_msgs/msg/magnetometer_bias_estimate.hpp\n'}
[2.666052] (px4_msgs) StdoutLine: {'line': b'-- Up-to-date: /home/px4/ros2/ws/install/px4_msgs/include/px4_msgs/px4_msgs/msg/estimator_status.hpp\n'}
[2.666137] (px4_msgs) StdoutLine: {'line': b'-- Up-to-date: /home/px4/ros2/ws/install/px4_msgs/include/px4_msgs/px4_msgs/msg/distance_sensor_mode_change_request.hpp\n'}
[2.666264] (px4_msgs) StdoutLine: {'line': b'-- Up-to-date: /home/px4/ros2/ws/install/px4_msgs/include/px4_msgs/px4_msgs/msg/gps_dump.hpp\n'}
[2.666349] (px4_msgs) StdoutLine: {'line': b'-- Up-to-date: /home/px4/ros2/ws/install/px4_msgs/include/px4_msgs/px4_msgs/msg/goto_setpoint.hpp\n'}
[2.666446] (px4_msgs) StdoutLine: {'line': b'-- Up-to-date: /home/px4/ros2/ws/install/px4_msgs/include/px4_msgs/px4_msgs/msg/gimbal_manager_information.hpp\n'}
[2.666578] (px4_msgs) StdoutLine: {'line': b'-- Up-to-date: /home/px4/ros2/ws/install/px4_msgs/include/px4_msgs/px4_msgs/msg/orb_test_large.hpp\n'}
[2.666680] (px4_msgs) StdoutLine: {'line': b'-- Up-to-date: /home/px4/ros2/ws/install/px4_msgs/include/px4_msgs/px4_msgs/msg/ekf2_timestamps.hpp\n'}
[2.666779] (px4_msgs) StdoutLine: {'line': b'-- Up-to-date: /home/px4/ros2/ws/install/px4_msgs/include/px4_msgs/px4_msgs/msg/open_drone_id_self_id.hpp\n'}
[2.666870] (px4_msgs) StdoutLine: {'line': b'-- Up-to-date: /home/px4/ros2/ws/install/px4_msgs/include/px4_msgs/px4_msgs/msg/satellite_info.hpp\n'}
[2.666936] (px4_msgs) StdoutLine: {'line': b'-- Up-to-date: /home/px4/ros2/ws/install/px4_msgs/include/px4_msgs/px4_msgs/msg/sensor_uwb.hpp\n'}
[2.666997] (px4_msgs) StdoutLine: {'line': b'-- Up-to-date: /home/px4/ros2/ws/install/px4_msgs/include/px4_msgs/px4_msgs/msg/vehicle_magnetometer.hpp\n'}
[2.667058] (px4_msgs) StdoutLine: {'line': b'-- Up-to-date: /home/px4/ros2/ws/install/px4_msgs/include/px4_msgs/px4_msgs/msg/sensor_mag.hpp\n'}
[2.667119] (px4_msgs) StdoutLine: {'line': b'-- Up-to-date: /home/px4/ros2/ws/install/px4_msgs/include/px4_msgs/px4_msgs/msg/estimator_status_flags.hpp\n'}
[2.667182] (px4_msgs) StdoutLine: {'line': b'-- Up-to-date: /home/px4/ros2/ws/install/px4_msgs/include/px4_msgs/px4_msgs/msg/telemetry_status.hpp\n'}
[2.667274] (px4_msgs) StdoutLine: {'line': b'-- Up-to-date: /home/px4/ros2/ws/install/px4_msgs/include/px4_msgs/px4_msgs/msg/wind.hpp\n'}
[2.667342] (px4_msgs) StdoutLine: {'line': b'-- Up-to-date: /home/px4/ros2/ws/install/px4_msgs/include/px4_msgs/px4_msgs/msg/input_rc.hpp\n'}
[2.667417] (px4_msgs) StdoutLine: {'line': b'-- Up-to-date: /home/px4/ros2/ws/install/px4_msgs/include/px4_msgs/px4_msgs/msg/position_setpoint.hpp\n'}
[2.667493] (px4_msgs) StdoutLine: {'line': b'-- Up-to-date: /home/px4/ros2/ws/install/px4_msgs/include/px4_msgs/px4_msgs/msg/vehicle_global_position.hpp\n'}
[2.667555] (px4_msgs) StdoutLine: {'line': b'-- Up-to-date: /home/px4/ros2/ws/install/px4_msgs/include/px4_msgs/px4_msgs/msg/sensor_selection.hpp\n'}
[2.667617] (px4_msgs) StdoutLine: {'line': b'-- Up-to-date: /home/px4/ros2/ws/install/px4_msgs/include/px4_msgs/px4_msgs/msg/esc_report.hpp\n'}
[2.667677] (px4_msgs) StdoutLine: {'line': b'-- Up-to-date: /home/px4/ros2/ws/install/px4_msgs/include/px4_msgs/px4_msgs/msg/actuator_servos.hpp\n'}
[2.667740] (px4_msgs) StdoutLine: {'line': b'-- Up-to-date: /home/px4/ros2/ws/install/px4_msgs/include/px4_msgs/px4_msgs/msg/obstacle_distance.hpp\n'}
[2.667802] (px4_msgs) StdoutLine: {'line': b'-- Up-to-date: /home/px4/ros2/ws/install/px4_msgs/include/px4_msgs/px4_msgs/msg/ulog_stream_ack.hpp\n'}
[2.667874] (px4_msgs) StdoutLine: {'line': b'-- Up-to-date: /home/px4/ros2/ws/install/px4_msgs/include/px4_msgs/px4_msgs/msg/vehicle_roi.hpp\n'}
[2.667935] (px4_msgs) StdoutLine: {'line': b'-- Up-to-date: /home/px4/ros2/ws/install/px4_msgs/include/px4_msgs/px4_msgs/msg/follow_target.hpp\n'}
[2.667999] (px4_msgs) StdoutLine: {'line': b'-- Up-to-date: /home/px4/ros2/ws/install/px4_msgs/include/px4_msgs/px4_msgs/msg/estimator_bias3d.hpp\n'}
[2.668061] (px4_msgs) StdoutLine: {'line': b'-- Up-to-date: /home/px4/ros2/ws/install/px4_msgs/include/px4_msgs/px4_msgs/msg/orb_test_medium.hpp\n'}
[2.668124] (px4_msgs) StdoutLine: {'line': b'-- Up-to-date: /home/px4/ros2/ws/install/px4_msgs/include/px4_msgs/px4_msgs/msg/follow_target_status.hpp\n'}
[2.668186] (px4_msgs) StdoutLine: {'line': b'-- Up-to-date: /home/px4/ros2/ws/install/px4_msgs/include/px4_msgs/px4_msgs/msg/action_request.hpp\n'}
[2.668277] (px4_msgs) StdoutLine: {'line': b'-- Up-to-date: /home/px4/ros2/ws/install/px4_msgs/include/px4_msgs/px4_msgs/msg/manual_control_setpoint.hpp\n'}
[2.668342] (px4_msgs) StdoutLine: {'line': b'-- Up-to-date: /home/px4/ros2/ws/install/px4_msgs/include/px4_msgs/px4_msgs/msg/sensors_status_imu.hpp\n'}
[2.668418] (px4_msgs) StdoutLine: {'line': b'-- Up-to-date: /home/px4/ros2/ws/install/px4_msgs/include/px4_msgs/px4_msgs/msg/rc_parameter_map.hpp\n'}
[2.668482] (px4_msgs) StdoutLine: {'line': b'-- Up-to-date: /home/px4/ros2/ws/install/px4_msgs/include/px4_msgs/px4_msgs/msg/actuator_controls_status.hpp\n'}
[2.668545] (px4_msgs) StdoutLine: {'line': b'-- Up-to-date: /home/px4/ros2/ws/install/px4_msgs/include/px4_msgs/px4_msgs/msg/launch_detection_status.hpp\n'}
[2.668607] (px4_msgs) StdoutLine: {'line': b'-- Up-to-date: /home/px4/ros2/ws/install/px4_msgs/include/px4_msgs/px4_msgs/msg/follow_target_estimator.hpp\n'}
[2.668667] (px4_msgs) StdoutLine: {'line': b'-- Up-to-date: /home/px4/ros2/ws/install/px4_msgs/include/px4_msgs/px4_msgs/msg/sensor_preflight_mag.hpp\n'}
[2.668727] (px4_msgs) StdoutLine: {'line': b'-- Up-to-date: /home/px4/ros2/ws/install/px4_msgs/include/px4_msgs/px4_msgs/msg/parameter_set_value_request.hpp\n'}
[2.668788] (px4_msgs) StdoutLine: {'line': b'-- Up-to-date: /home/px4/ros2/ws/install/px4_msgs/include/px4_msgs/px4_msgs/msg/arming_check_reply.hpp\n'}
[2.668847] (px4_msgs) StdoutLine: {'line': b'-- Up-to-date: /home/px4/ros2/ws/install/px4_msgs/include/px4_msgs/px4_msgs/msg/message_format_request.hpp\n'}
[2.668907] (px4_msgs) StdoutLine: {'line': b'-- Up-to-date: /home/px4/ros2/ws/install/px4_msgs/include/px4_msgs/px4_msgs/msg/landing_target_innovations.hpp\n'}
[2.668968] (px4_msgs) StdoutLine: {'line': b'-- Up-to-date: /home/px4/ros2/ws/install/px4_msgs/include/px4_msgs/px4_msgs/msg/vehicle_imu.hpp\n'}
[2.669028] (px4_msgs) StdoutLine: {'line': b'-- Up-to-date: /home/px4/ros2/ws/install/px4_msgs/include/px4_msgs/px4_msgs/msg/sensor_gyro.hpp\n'}
[2.669098] (px4_msgs) StdoutLine: {'line': b'-- Up-to-date: /home/px4/ros2/ws/install/px4_msgs/include/px4_msgs/px4_msgs/msg/internal_combustion_engine_status.hpp\n'}
[2.669169] (px4_msgs) StdoutLine: {'line': b'-- Up-to-date: /home/px4/ros2/ws/install/px4_msgs/include/px4_msgs/px4_msgs/msg/timesync_status.hpp\n'}
[2.669274] (px4_msgs) StdoutLine: {'line': b'-- Up-to-date: /home/px4/ros2/ws/install/px4_msgs/include/px4_msgs/px4_msgs/msg/dronecan_node_status.hpp\n'}
[2.669365] (px4_msgs) StdoutLine: {'line': b'-- Up-to-date: /home/px4/ros2/ws/install/px4_msgs/include/px4_msgs/px4_msgs/msg/sensor_hygrometer.hpp\n'}
[2.669430] (px4_msgs) StdoutLine: {'line': b'-- Up-to-date: /home/px4/ros2/ws/install/px4_msgs/include/px4_msgs/px4_msgs/msg/mag_worker_data.hpp\n'}
[2.669493] (px4_msgs) StdoutLine: {'line': b'-- Up-to-date: /home/px4/ros2/ws/install/px4_msgs/include/px4_msgs/px4_msgs/msg/task_stack_info.hpp\n'}
[2.669568] (px4_msgs) StdoutLine: {'line': b'-- Up-to-date: /home/px4/ros2/ws/install/px4_msgs/include/px4_msgs/px4_msgs/msg/fixed_wing_runway_control.hpp\n'}
[2.669690] (px4_msgs) StdoutLine: {'line': b'-- Up-to-date: /home/px4/ros2/ws/install/px4_msgs/include/px4_msgs/px4_msgs/msg/logger_status.hpp\n'}
[2.669777] (px4_msgs) StdoutLine: {'line': b'-- Up-to-date: /home/px4/ros2/ws/install/px4_msgs/include/px4_msgs/px4_msgs/msg/mode_completed.hpp\n'}
[2.669844] (px4_msgs) StdoutLine: {'line': b'-- Up-to-date: /home/px4/ros2/ws/install/px4_msgs/include/px4_msgs/px4_msgs/msg/landing_target_pose.hpp\n'}
[2.669906] (px4_msgs) StdoutLine: {'line': b'-- Up-to-date: /home/px4/ros2/ws/install/px4_msgs/include/px4_msgs/px4_msgs/msg/normalized_unsigned_setpoint.hpp\n'}
[2.670010] (px4_msgs) StdoutLine: {'line': b'-- Up-to-date: /home/px4/ros2/ws/install/px4_msgs/include/px4_msgs/px4_msgs/msg/register_ext_component_reply.hpp\n'}
[2.670094] (px4_msgs) StdoutLine: {'line': b'-- Up-to-date: /home/px4/ros2/ws/install/px4_msgs/include/px4_msgs/px4_msgs/msg/vehicle_torque_setpoint.hpp\n'}
[2.670216] (px4_msgs) StdoutLine: {'line': b'-- Up-to-date: /home/px4/ros2/ws/install/px4_msgs/include/px4_msgs/px4_msgs/msg/autotune_attitude_control_status.hpp\n'}
[2.670382] (px4_msgs) StdoutLine: {'line': b'-- Up-to-date: /home/px4/ros2/ws/install/px4_msgs/include/px4_msgs/px4_msgs/msg/offboard_control_mode.hpp\n'}
[2.670481] (px4_msgs) StdoutLine: {'line': b'-- Up-to-date: /home/px4/ros2/ws/install/px4_msgs/include/px4_msgs/px4_msgs/msg/sensors_status.hpp\n'}
[2.670547] (px4_msgs) StdoutLine: {'line': b'-- Up-to-date: /home/px4/ros2/ws/install/px4_msgs/include/px4_msgs/px4_msgs/msg/rover_steering_setpoint.hpp\n'}
[2.670632] (px4_msgs) StdoutLine: {'line': b'-- Up-to-date: /home/px4/ros2/ws/install/px4_msgs/include/px4_msgs/px4_msgs/msg/camera_status.hpp\n'}
[2.670734] (px4_msgs) StdoutLine: {'line': b'-- Up-to-date: /home/px4/ros2/ws/install/px4_msgs/include/px4_msgs/px4_msgs/msg/gpio_request.hpp\n'}
[2.670824] (px4_msgs) StdoutLine: {'line': b'-- Up-to-date: /home/px4/ros2/ws/install/px4_msgs/include/px4_msgs/px4_msgs/msg/yaw_estimator_status.hpp\n'}
[2.670911] (px4_msgs) StdoutLine: {'line': b'-- Up-to-date: /home/px4/ros2/ws/install/px4_msgs/include/px4_msgs/px4_msgs/msg/sensor_correction.hpp\n'}
[2.671020] (px4_msgs) StdoutLine: {'line': b'-- Up-to-date: /home/px4/ros2/ws/install/px4_msgs/include/px4_msgs/px4_msgs/msg/esc_status.hpp\n'}
[2.671108] (px4_msgs) StdoutLine: {'line': b'-- Up-to-date: /home/px4/ros2/ws/install/px4_msgs/include/px4_msgs/px4_msgs/msg/gimbal_manager_set_attitude.hpp\n'}
[2.671207] (px4_msgs) StdoutLine: {'line': b'-- Up-to-date: /home/px4/ros2/ws/install/px4_msgs/include/px4_msgs/px4_msgs/msg/estimator_aid_source1d.hpp\n'}
[2.671322] (px4_msgs) StdoutLine: {'line': b'-- Up-to-date: /home/px4/ros2/ws/install/px4_msgs/include/px4_msgs/px4_msgs/msg/mission.hpp\n'}
[2.671413] (px4_msgs) StdoutLine: {'line': b'-- Up-to-date: /home/px4/ros2/ws/install/px4_msgs/include/px4_msgs/px4_msgs/msg/power_monitor.hpp\n'}
[2.671502] (px4_msgs) StdoutLine: {'line': b'-- Up-to-date: /home/px4/ros2/ws/install/px4_msgs/include/px4_msgs/px4_msgs/msg/sensor_optical_flow.hpp\n'}
[2.671612] (px4_msgs) StdoutLine: {'line': b'-- Up-to-date: /home/px4/ros2/ws/install/px4_msgs/include/px4_msgs/px4_msgs/msg/sensor_airflow.hpp\n'}
[2.671709] (px4_msgs) StdoutLine: {'line': b'-- Up-to-date: /home/px4/ros2/ws/install/px4_msgs/include/px4_msgs/px4_msgs/msg/rate_ctrl_status.hpp\n'}
[2.671815] (px4_msgs) StdoutLine: {'line': b'-- Up-to-date: /home/px4/ros2/ws/install/px4_msgs/include/px4_msgs/px4_msgs/msg/rc_channels.hpp\n'}
[2.671903] (px4_msgs) StdoutLine: {'line': b'-- Up-to-date: /home/px4/ros2/ws/install/px4_msgs/include/px4_msgs/px4_msgs/msg/distance_sensor.hpp\n'}
[2.671990] (px4_msgs) StdoutLine: {'line': b'-- Up-to-date: /home/px4/ros2/ws/install/px4_msgs/include/px4_msgs/px4_msgs/msg/log_message.hpp\n'}
[2.672087] (px4_msgs) StdoutLine: {'line': b'-- Up-to-date: /home/px4/ros2/ws/install/px4_msgs/include/px4_msgs/px4_msgs/msg/ping.hpp\n'}
[2.672181] (px4_msgs) StdoutLine: {'line': b'-- Up-to-date: /home/px4/ros2/ws/install/px4_msgs/include/px4_msgs/px4_msgs/msg/event.hpp\n'}
[2.672388] (px4_msgs) StdoutLine: {'line': b'-- Up-to-date: /home/px4/ros2/ws/install/px4_msgs/include/px4_msgs/px4_msgs/msg/gimbal_device_information.hpp\n'}
[2.672495] (px4_msgs) StdoutLine: {'line': b'-- Up-to-date: /home/px4/ros2/ws/install/px4_msgs/include/px4_msgs/px4_msgs/msg/irlock_report.hpp\n'}
[2.672593] (px4_msgs) StdoutLine: {'line': b'-- Up-to-date: /home/px4/ros2/ws/install/px4_msgs/include/px4_msgs/px4_msgs/msg/adc_report.hpp\n'}
[2.672704] (px4_msgs) StdoutLine: {'line': b'-- Up-to-date: /home/px4/ros2/ws/install/px4_msgs/include/px4_msgs/px4_msgs/msg/differential_pressure.hpp\n'}
[2.672808] (px4_msgs) StdoutLine: {'line': b'-- Up-to-date: /home/px4/ros2/ws/install/px4_msgs/include/px4_msgs/px4_msgs/msg/config_overrides.hpp\n'}
[2.672899] (px4_msgs) StdoutLine: {'line': b'-- Up-to-date: /home/px4/ros2/ws/install/px4_msgs/include/px4_msgs/px4_msgs/msg/failsafe_flags.hpp\n'}
[2.672968] (px4_msgs) StdoutLine: {'line': b'-- Up-to-date: /home/px4/ros2/ws/install/px4_msgs/include/px4_msgs/px4_msgs/msg/home_position.hpp\n'}
[2.673034] (px4_msgs) StdoutLine: {'line': b'-- Up-to-date: /home/px4/ros2/ws/install/px4_msgs/include/px4_msgs/px4_msgs/msg/power_button_state.hpp\n'}
[2.673102] (px4_msgs) StdoutLine: {'line': b'-- Up-to-date: /home/px4/ros2/ws/install/px4_msgs/include/px4_msgs/px4_msgs/msg/fixed_wing_lateral_status.hpp\n'}
[2.673184] (px4_msgs) StdoutLine: {'line': b'-- Up-to-date: /home/px4/ros2/ws/install/px4_msgs/include/px4_msgs/px4_msgs/msg/orbit_status.hpp\n'}
[2.673300] (px4_msgs) StdoutLine: {'line': b'-- Up-to-date: /home/px4/ros2/ws/install/px4_msgs/include/px4_msgs/px4_msgs/msg/generator_status.hpp\n'}
[2.673372] (px4_msgs) StdoutLine: {'line': b'-- Up-to-date: /home/px4/ros2/ws/install/px4_msgs/include/px4_msgs/px4_msgs/msg/vehicle_angular_velocity.hpp\n'}
[2.673442] (px4_msgs) StdoutLine: {'line': b'-- Up-to-date: /home/px4/ros2/ws/install/px4_msgs/include/px4_msgs/px4_msgs/msg/actuator_test.hpp\n'}
[2.673533] (px4_msgs) StdoutLine: {'line': b'-- Up-to-date: /home/px4/ros2/ws/install/px4_msgs/include/px4_msgs/px4_msgs/msg/trajectory_setpoint.hpp\n'}
[2.673604] (px4_msgs) StdoutLine: {'line': b'-- Up-to-date: /home/px4/ros2/ws/install/px4_msgs/include/px4_msgs/px4_msgs/msg/system_power.hpp\n'}
[2.673685] (px4_msgs) StdoutLine: {'line': b'-- Up-to-date: /home/px4/ros2/ws/install/px4_msgs/include/px4_msgs/px4_msgs/msg/gimbal_device_set_attitude.hpp\n'}
[2.673756] (px4_msgs) StdoutLine: {'line': b'-- Up-to-date: /home/px4/ros2/ws/install/px4_msgs/include/px4_msgs/px4_msgs/msg/vehicle_command_ack.hpp\n'}
[2.673836] (px4_msgs) StdoutLine: {'line': b'-- Up-to-date: /home/px4/ros2/ws/install/px4_msgs/include/px4_msgs/px4_msgs/msg/estimator_gps_status.hpp\n'}
[2.673912] (px4_msgs) StdoutLine: {'line': b'-- Up-to-date: /home/px4/ros2/ws/install/px4_msgs/include/px4_msgs/px4_msgs/msg/vehicle_imu_status.hpp\n'}
[2.673997] (px4_msgs) StdoutLine: {'line': b'-- Up-to-date: /home/px4/ros2/ws/install/px4_msgs/include/px4_msgs/px4_msgs/msg/radio_status.hpp\n'}
[2.674111] (px4_msgs) StdoutLine: {'line': b'-- Up-to-date: /home/px4/ros2/ws/install/px4_msgs/include/px4_msgs/px4_msgs/msg/rover_velocity_setpoint.hpp\n'}
[2.674266] (px4_msgs) StdoutLine: {'line': b'-- Up-to-date: /home/px4/ros2/ws/install/px4_msgs/include/px4_msgs/px4_msgs/msg/register_ext_component_request.hpp\n'}
[2.674379] (px4_msgs) StdoutLine: {'line': b'-- Up-to-date: /home/px4/ros2/ws/install/px4_msgs/include/px4_msgs/px4_msgs/msg/button_event.hpp\n'}
[2.674487] (px4_msgs) StdoutLine: {'line': b'-- Up-to-date: /home/px4/ros2/ws/install/px4_msgs/include/px4_msgs/px4_msgs/msg/geofence_result.hpp\n'}
[2.674582] (px4_msgs) StdoutLine: {'line': b'-- Up-to-date: /home/px4/ros2/ws/install/px4_msgs/include/px4_msgs/px4_msgs/msg/control_allocator_status.hpp\n'}
[2.674672] (px4_msgs) StdoutLine: {'line': b'-- Up-to-date: /home/px4/ros2/ws/install/px4_msgs/include/px4_msgs/px4_msgs/msg/gps_inject_data.hpp\n'}
[2.674769] (px4_msgs) StdoutLine: {'line': b'-- Up-to-date: /home/px4/ros2/ws/install/px4_msgs/include/px4_msgs/px4_msgs/msg/manual_control_switches.hpp\n'}
[2.674868] (px4_msgs) StdoutLine: {'line': b'-- Up-to-date: /home/px4/ros2/ws/install/px4_msgs/include/px4_msgs/px4_msgs/msg/px4io_status.hpp\n'}
[2.674937] (px4_msgs) StdoutLine: {'line': b'-- Up-to-date: /home/px4/ros2/ws/install/px4_msgs/include/px4_msgs/px4_msgs/msg/estimator_aid_source2d.hpp\n'}
[2.675001] (px4_msgs) StdoutLine: {'line': b'-- Up-to-date: /home/px4/ros2/ws/install/px4_msgs/include/px4_msgs/px4_msgs/msg/qshell_req.hpp\n'}
[2.675085] (px4_msgs) StdoutLine: {'line': b'-- Up-to-date: /home/px4/ros2/ws/install/px4_msgs/include/px4_msgs/px4_msgs/msg/rover_attitude_status.hpp\n'}
[2.675201] (px4_msgs) StdoutLine: {'line': b'-- Up-to-date: /home/px4/ros2/ws/install/px4_msgs/include/px4_msgs/px4_msgs/msg/dataman_request.hpp\n'}
[2.675331] (px4_msgs) StdoutLine: {'line': b'-- Up-to-date: /home/px4/ros2/ws/install/px4_msgs/include/px4_msgs/px4_msgs/msg/airspeed.hpp\n'}
[2.675448] (px4_msgs) StdoutLine: {'line': b'-- Up-to-date: /home/px4/ros2/ws/install/px4_msgs/include/px4_msgs/px4_msgs/msg/battery_status.hpp\n'}
[2.675558] (px4_msgs) StdoutLine: {'line': b'-- Up-to-date: /home/px4/ros2/ws/install/px4_msgs/include/px4_msgs/px4_msgs/msg/vehicle_acceleration.hpp\n'}
[2.675694] (px4_msgs) StdoutLine: {'line': b'-- Up-to-date: /home/px4/ros2/ws/install/px4_msgs/include/px4_msgs/px4_msgs/msg/mavlink_log.hpp\n'}
[2.675807] (px4_msgs) StdoutLine: {'line': b'-- Up-to-date: /home/px4/ros2/ws/install/px4_msgs/include/px4_msgs/px4_msgs/msg/pure_pursuit_status.hpp\n'}
[2.675923] (px4_msgs) StdoutLine: {'line': b'-- Up-to-date: /home/px4/ros2/ws/install/px4_msgs/include/px4_msgs/px4_msgs/msg/actuator_armed.hpp\n'}
[2.676050] (px4_msgs) StdoutLine: {'line': b'-- Up-to-date: /home/px4/ros2/ws/install/px4_msgs/include/px4_msgs/px4_msgs/msg/estimator_selector_status.hpp\n'}
[2.676176] (px4_msgs) StdoutLine: {'line': b'-- Up-to-date: /home/px4/ros2/ws/install/px4_msgs/include/px4_msgs/px4_msgs/msg/cpuload.hpp\n'}
[2.676303] (px4_msgs) StdoutLine: {'line': b'-- Up-to-date: /home/px4/ros2/ws/install/px4_msgs/include/px4_msgs/px4_msgs/msg/neural_control.hpp\n'}
[2.676403] (px4_msgs) StdoutLine: {'line': b'-- Up-to-date: /home/px4/ros2/ws/install/px4_msgs/include/px4_msgs/px4_msgs/msg/geofence_status.hpp\n'}
[2.676498] (px4_msgs) StdoutLine: {'line': b'-- Up-to-date: /home/px4/ros2/ws/install/px4_msgs/include/px4_msgs/px4_msgs/msg/failure_detector_status.hpp\n'}
[2.676590] (px4_msgs) StdoutLine: {'line': b'-- Up-to-date: /home/px4/ros2/ws/install/px4_msgs/include/px4_msgs/px4_msgs/msg/fixed_wing_lateral_guidance_status.hpp\n'}
[2.676691] (px4_msgs) StdoutLine: {'line': b'-- Up-to-date: /home/px4/ros2/ws/install/px4_msgs/include/px4_msgs/px4_msgs/msg/mavlink_tunnel.hpp\n'}
[2.676777] (px4_msgs) StdoutLine: {'line': b'-- Up-to-date: /home/px4/ros2/ws/install/px4_msgs/include/px4_msgs/px4_msgs/msg/vehicle_status.hpp\n'}
[2.676842] (px4_msgs) StdoutLine: {'line': b'-- Up-to-date: /home/px4/ros2/ws/install/px4_msgs/include/px4_msgs/px4_msgs/msg/longitudinal_control_configuration.hpp\n'}
[2.676904] (px4_msgs) StdoutLine: {'line': b'-- Up-to-date: /home/px4/ros2/ws/install/px4_msgs/include/px4_msgs/px4_msgs/srv\n'}
[2.676979] (px4_msgs) StdoutLine: {'line': b'-- Up-to-date: /home/px4/ros2/ws/install/px4_msgs/include/px4_msgs/px4_msgs/srv/detail\n'}
[2.677042] (px4_msgs) StdoutLine: {'line': b'-- Up-to-date: /home/px4/ros2/ws/install/px4_msgs/include/px4_msgs/px4_msgs/srv/detail/vehicle_command__type_support.hpp\n'}
[2.677111] (px4_msgs) StdoutLine: {'line': b'-- Up-to-date: /home/px4/ros2/ws/install/px4_msgs/include/px4_msgs/px4_msgs/srv/detail/vehicle_command__builder.hpp\n'}
[2.677223] (px4_msgs) StdoutLine: {'line': b'-- Up-to-date: /home/px4/ros2/ws/install/px4_msgs/include/px4_msgs/px4_msgs/srv/detail/vehicle_command__struct.hpp\n'}
[2.677328] (px4_msgs) StdoutLine: {'line': b'-- Up-to-date: /home/px4/ros2/ws/install/px4_msgs/include/px4_msgs/px4_msgs/srv/detail/vehicle_command__traits.hpp\n'}
[2.677398] (px4_msgs) StdoutLine: {'line': b'-- Up-to-date: /home/px4/ros2/ws/install/px4_msgs/include/px4_msgs/px4_msgs/srv/vehicle_command.hpp\n'}
[2.677463] (px4_msgs) StdoutLine: {'line': b'-- Up-to-date: /home/px4/ros2/ws/install/px4_msgs/include/px4_msgs/px4_msgs\n'}
[2.677527] (px4_msgs) StdoutLine: {'line': b'-- Up-to-date: /home/px4/ros2/ws/install/px4_msgs/include/px4_msgs/px4_msgs/msg\n'}
[2.677590] (px4_msgs) StdoutLine: {'line': b'-- Up-to-date: /home/px4/ros2/ws/install/px4_msgs/include/px4_msgs/px4_msgs/msg/detail\n'}
[2.677652] (px4_msgs) StdoutLine: {'line': b'-- Up-to-date: /home/px4/ros2/ws/install/px4_msgs/include/px4_msgs/px4_msgs/msg/detail/neural_control__rosidl_typesupport_fastrtps_cpp.hpp\n'}
[2.677715] (px4_msgs) StdoutLine: {'line': b'-- Up-to-date: /home/px4/ros2/ws/install/px4_msgs/include/px4_msgs/px4_msgs/msg/detail/sensor_gyro_fft__rosidl_typesupport_fastrtps_cpp.hpp\n'}
[2.677777] (px4_msgs) StdoutLine: {'line': b'-- Up-to-date: /home/px4/ros2/ws/install/px4_msgs/include/px4_msgs/px4_msgs/msg/detail/vehicle_angular_velocity__rosidl_typesupport_fastrtps_cpp.hpp\n'}
[2.677839] (px4_msgs) StdoutLine: {'line': b'-- Up-to-date: /home/px4/ros2/ws/install/px4_msgs/include/px4_msgs/px4_msgs/msg/detail/adc_report__rosidl_typesupport_fastrtps_cpp.hpp\n'}
[2.677900] (px4_msgs) StdoutLine: {'line': b'-- Up-to-date: /home/px4/ros2/ws/install/px4_msgs/include/px4_msgs/px4_msgs/msg/detail/vehicle_torque_setpoint__rosidl_typesupport_fastrtps_cpp.hpp\n'}
[2.677963] (px4_msgs) StdoutLine: {'line': b'-- Up-to-date: /home/px4/ros2/ws/install/px4_msgs/include/px4_msgs/px4_msgs/msg/detail/autotune_attitude_control_status__rosidl_typesupport_fastrtps_cpp.hpp\n'}
[2.678024] (px4_msgs) StdoutLine: {'line': b'-- Up-to-date: /home/px4/ros2/ws/install/px4_msgs/include/px4_msgs/px4_msgs/msg/detail/vehicle_imu_status__rosidl_typesupport_fastrtps_cpp.hpp\n'}
[2.678127] (px4_msgs) StdoutLine: {'line': b'-- Up-to-date: /home/px4/ros2/ws/install/px4_msgs/include/px4_msgs/px4_msgs/msg/detail/qshell_req__rosidl_typesupport_fastrtps_cpp.hpp\n'}
[2.678240] (px4_msgs) StdoutLine: {'line': b'-- Up-to-date: /home/px4/ros2/ws/install/px4_msgs/include/px4_msgs/px4_msgs/msg/detail/yaw_estimator_status__rosidl_typesupport_fastrtps_cpp.hpp\n'}
[2.678320] (px4_msgs) StdoutLine: {'line': b'-- Up-to-date: /home/px4/ros2/ws/install/px4_msgs/include/px4_msgs/px4_msgs/msg/detail/gimbal_manager_set_attitude__rosidl_typesupport_fastrtps_cpp.hpp\n'}
[2.678383] (px4_msgs) StdoutLine: {'line': b'-- Up-to-date: /home/px4/ros2/ws/install/px4_msgs/include/px4_msgs/px4_msgs/msg/detail/fixed_wing_lateral_setpoint__rosidl_typesupport_fastrtps_cpp.hpp\n'}
[2.678448] (px4_msgs) StdoutLine: {'line': b'-- Up-to-date: /home/px4/ros2/ws/install/px4_msgs/include/px4_msgs/px4_msgs/msg/detail/led_control__rosidl_typesupport_fastrtps_cpp.hpp\n'}
[2.678511] (px4_msgs) StdoutLine: {'line': b'-- Up-to-date: /home/px4/ros2/ws/install/px4_msgs/include/px4_msgs/px4_msgs/msg/detail/vehicle_attitude__rosidl_typesupport_fastrtps_cpp.hpp\n'}
[2.678628] (px4_msgs) StdoutLine: {'line': b'-- Up-to-date: /home/px4/ros2/ws/install/px4_msgs/include/px4_msgs/px4_msgs/msg/detail/tune_control__rosidl_typesupport_fastrtps_cpp.hpp\n'}
[2.678768] (px4_msgs) StdoutLine: {'line': b'-- Up-to-date: /home/px4/ros2/ws/install/px4_msgs/include/px4_msgs/px4_msgs/msg/detail/rover_rate_status__rosidl_typesupport_fastrtps_cpp.hpp\n'}
[2.678913] (px4_msgs) StdoutLine: {'line': b'-- Up-to-date: /home/px4/ros2/ws/install/px4_msgs/include/px4_msgs/px4_msgs/msg/detail/esc_report__rosidl_typesupport_fastrtps_cpp.hpp\n'}
[2.678985] (px4_msgs) StdoutLine: {'line': b'-- Up-to-date: /home/px4/ros2/ws/install/px4_msgs/include/px4_msgs/px4_msgs/msg/detail/vehicle_imu__rosidl_typesupport_fastrtps_cpp.hpp\n'}
[2.679050] (px4_msgs) StdoutLine: {'line': b'-- Up-to-date: /home/px4/ros2/ws/install/px4_msgs/include/px4_msgs/px4_msgs/msg/detail/vehicle_local_position_setpoint__rosidl_typesupport_fastrtps_cpp.hpp\n'}
[2.679114] (px4_msgs) StdoutLine: {'line': b'-- Up-to-date: /home/px4/ros2/ws/install/px4_msgs/include/px4_msgs/px4_msgs/msg/detail/system_power__rosidl_typesupport_fastrtps_cpp.hpp\n'}
[2.679176] (px4_msgs) StdoutLine: {'line': b'-- Up-to-date: /home/px4/ros2/ws/install/px4_msgs/include/px4_msgs/px4_msgs/msg/detail/orb_test_medium__rosidl_typesupport_fastrtps_cpp.hpp\n'}
[2.679281] (px4_msgs) StdoutLine: {'line': b'-- Up-to-date: /home/px4/ros2/ws/install/px4_msgs/include/px4_msgs/px4_msgs/msg/detail/orb_test_large__rosidl_typesupport_fastrtps_cpp.hpp\n'}
[2.679345] (px4_msgs) StdoutLine: {'line': b'-- Up-to-date: /home/px4/ros2/ws/install/px4_msgs/include/px4_msgs/px4_msgs/msg/detail/radio_status__rosidl_typesupport_fastrtps_cpp.hpp\n'}
[2.679407] (px4_msgs) StdoutLine: {'line': b'-- Up-to-date: /home/px4/ros2/ws/install/px4_msgs/include/px4_msgs/px4_msgs/msg/detail/internal_combustion_engine_status__rosidl_typesupport_fastrtps_cpp.hpp\n'}
[2.679468] (px4_msgs) StdoutLine: {'line': b'-- Up-to-date: /home/px4/ros2/ws/install/px4_msgs/include/px4_msgs/px4_msgs/msg/detail/position_controller_landing_status__rosidl_typesupport_fastrtps_cpp.hpp\n'}
[2.679530] (px4_msgs) StdoutLine: {'line': b'-- Up-to-date: /home/px4/ros2/ws/install/px4_msgs/include/px4_msgs/px4_msgs/msg/detail/camera_trigger__rosidl_typesupport_fastrtps_cpp.hpp\n'}
[2.679591] (px4_msgs) StdoutLine: {'line': b'-- Up-to-date: /home/px4/ros2/ws/install/px4_msgs/include/px4_msgs/px4_msgs/msg/detail/rover_position_setpoint__rosidl_typesupport_fastrtps_cpp.hpp\n'}
[2.679651] (px4_msgs) StdoutLine: {'line': b'-- Up-to-date: /home/px4/ros2/ws/install/px4_msgs/include/px4_msgs/px4_msgs/msg/detail/onboard_computer_status__rosidl_typesupport_fastrtps_cpp.hpp\n'}
[2.679713] (px4_msgs) StdoutLine: {'line': b'-- Up-to-date: /home/px4/ros2/ws/install/px4_msgs/include/px4_msgs/px4_msgs/msg/detail/vehicle_local_position__rosidl_typesupport_fastrtps_cpp.hpp\n'}
[2.679779] (px4_msgs) StdoutLine: {'line': b'-- Up-to-date: /home/px4/ros2/ws/install/px4_msgs/include/px4_msgs/px4_msgs/msg/detail/vehicle_optical_flow__rosidl_typesupport_fastrtps_cpp.hpp\n'}
[2.679845] (px4_msgs) StdoutLine: {'line': b'-- Up-to-date: /home/px4/ros2/ws/install/px4_msgs/include/px4_msgs/px4_msgs/msg/detail/ping__rosidl_typesupport_fastrtps_cpp.hpp\n'}
[2.679909] (px4_msgs) StdoutLine: {'line': b'-- Up-to-date: /home/px4/ros2/ws/install/px4_msgs/include/px4_msgs/px4_msgs/msg/detail/landing_target_pose__rosidl_typesupport_fastrtps_cpp.hpp\n'}
[2.680034] (px4_msgs) StdoutLine: {'line': b'-- Up-to-date: /home/px4/ros2/ws/install/px4_msgs/include/px4_msgs/px4_msgs/msg/detail/message_format_request__rosidl_typesupport_fastrtps_cpp.hpp\n'}
[2.680103] (px4_msgs) StdoutLine: {'line': b'-- Up-to-date: /home/px4/ros2/ws/install/px4_msgs/include/px4_msgs/px4_msgs/msg/detail/vehicle_optical_flow_vel__rosidl_typesupport_fastrtps_cpp.hpp\n'}
[2.680168] (px4_msgs) StdoutLine: {'line': b'-- Up-to-date: /home/px4/ros2/ws/install/px4_msgs/include/px4_msgs/px4_msgs/msg/detail/mag_worker_data__rosidl_typesupport_fastrtps_cpp.hpp\n'}
[2.680268] (px4_msgs) StdoutLine: {'line': b'-- Up-to-date: /home/px4/ros2/ws/install/px4_msgs/include/px4_msgs/px4_msgs/msg/detail/landing_gear__rosidl_typesupport_fastrtps_cpp.hpp\n'}
[2.680337] (px4_msgs) StdoutLine: {'line': b'-- Up-to-date: /home/px4/ros2/ws/install/px4_msgs/include/px4_msgs/px4_msgs/msg/detail/hover_thrust_estimate__rosidl_typesupport_fastrtps_cpp.hpp\n'}
[2.680423] (px4_msgs) StdoutLine: {'line': b'-- Up-to-date: /home/px4/ros2/ws/install/px4_msgs/include/px4_msgs/px4_msgs/msg/detail/camera_status__rosidl_typesupport_fastrtps_cpp.hpp\n'}
[2.680498] (px4_msgs) StdoutLine: {'line': b'-- Up-to-date: /home/px4/ros2/ws/install/px4_msgs/include/px4_msgs/px4_msgs/msg/detail/differential_pressure__rosidl_typesupport_fastrtps_cpp.hpp\n'}
[2.680562] (px4_msgs) StdoutLine: {'line': b'-- Up-to-date: /home/px4/ros2/ws/install/px4_msgs/include/px4_msgs/px4_msgs/msg/detail/position_controller_status__rosidl_typesupport_fastrtps_cpp.hpp\n'}
[2.680641] (px4_msgs) StdoutLine: {'line': b'-- Up-to-date: /home/px4/ros2/ws/install/px4_msgs/include/px4_msgs/px4_msgs/msg/detail/satellite_info__rosidl_typesupport_fastrtps_cpp.hpp\n'}
[2.680746] (px4_msgs) StdoutLine: {'line': b'-- Up-to-date: /home/px4/ros2/ws/install/px4_msgs/include/px4_msgs/px4_msgs/msg/detail/telemetry_status__rosidl_typesupport_fastrtps_cpp.hpp\n'}
[2.680870] (px4_msgs) StdoutLine: {'line': b'-- Up-to-date: /home/px4/ros2/ws/install/px4_msgs/include/px4_msgs/px4_msgs/msg/detail/transponder_report__rosidl_typesupport_fastrtps_cpp.hpp\n'}
[2.680961] (px4_msgs) StdoutLine: {'line': b'-- Up-to-date: /home/px4/ros2/ws/install/px4_msgs/include/px4_msgs/px4_msgs/msg/detail/pps_capture__rosidl_typesupport_fastrtps_cpp.hpp\n'}
[2.681030] (px4_msgs) StdoutLine: {'line': b'-- Up-to-date: /home/px4/ros2/ws/install/px4_msgs/include/px4_msgs/px4_msgs/msg/detail/debug_vect__rosidl_typesupport_fastrtps_cpp.hpp\n'}
[2.681097] (px4_msgs) StdoutLine: {'line': b'-- Up-to-date: /home/px4/ros2/ws/install/px4_msgs/include/px4_msgs/px4_msgs/msg/detail/gimbal_controls__rosidl_typesupport_fastrtps_cpp.hpp\n'}
[2.681170] (px4_msgs) StdoutLine: {'line': b'-- Up-to-date: /home/px4/ros2/ws/install/px4_msgs/include/px4_msgs/px4_msgs/msg/detail/sensor_hygrometer__rosidl_typesupport_fastrtps_cpp.hpp\n'}
[2.681316] (px4_msgs) StdoutLine: {'line': b'-- Up-to-date: /home/px4/ros2/ws/install/px4_msgs/include/px4_msgs/px4_msgs/msg/detail/vehicle_air_data__rosidl_typesupport_fastrtps_cpp.hpp\n'}
[2.681388] (px4_msgs) StdoutLine: {'line': b'-- Up-to-date: /home/px4/ros2/ws/install/px4_msgs/include/px4_msgs/px4_msgs/msg/detail/parameter_set_value_response__rosidl_typesupport_fastrtps_cpp.hpp\n'}
[2.681452] (px4_msgs) StdoutLine: {'line': b'-- Up-to-date: /home/px4/ros2/ws/install/px4_msgs/include/px4_msgs/px4_msgs/msg/detail/battery_status__rosidl_typesupport_fastrtps_cpp.hpp\n'}
[2.681515] (px4_msgs) StdoutLine: {'line': b'-- Up-to-date: /home/px4/ros2/ws/install/px4_msgs/include/px4_msgs/px4_msgs/msg/detail/uavcan_parameter_request__rosidl_typesupport_fastrtps_cpp.hpp\n'}
[2.681577] (px4_msgs) StdoutLine: {'line': b'-- Up-to-date: /home/px4/ros2/ws/install/px4_msgs/include/px4_msgs/px4_msgs/msg/detail/wheel_encoders__rosidl_typesupport_fastrtps_cpp.hpp\n'}
[2.681666] (px4_msgs) StdoutLine: {'line': b'-- Up-to-date: /home/px4/ros2/ws/install/px4_msgs/include/px4_msgs/px4_msgs/msg/detail/trajectory_setpoint6dof__rosidl_typesupport_fastrtps_cpp.hpp\n'}
[2.681762] (px4_msgs) StdoutLine: {'line': b'-- Up-to-date: /home/px4/ros2/ws/install/px4_msgs/include/px4_msgs/px4_msgs/msg/detail/sensor_selection__rosidl_typesupport_fastrtps_cpp.hpp\n'}
[2.681873] (px4_msgs) StdoutLine: {'line': b'-- Up-to-date: /home/px4/ros2/ws/install/px4_msgs/include/px4_msgs/px4_msgs/msg/detail/vehicle_control_mode__rosidl_typesupport_fastrtps_cpp.hpp\n'}
[2.682048] (px4_msgs) StdoutLine: {'line': b'-- Up-to-date: /home/px4/ros2/ws/install/px4_msgs/include/px4_msgs/px4_msgs/msg/detail/sensor_mag__rosidl_typesupport_fastrtps_cpp.hpp\n'}
[2.682171] (px4_msgs) StdoutLine: {'line': b'-- Up-to-date: /home/px4/ros2/ws/install/px4_msgs/include/px4_msgs/px4_msgs/msg/detail/vehicle_command_ack__rosidl_typesupport_fastrtps_cpp.hpp\n'}
[2.682368] (px4_msgs) StdoutLine: {'line': b'-- Up-to-date: /home/px4/ros2/ws/install/px4_msgs/include/px4_msgs/px4_msgs/msg/detail/rtl_time_estimate__rosidl_typesupport_fastrtps_cpp.hpp\n'}
[2.682508] (px4_msgs) StdoutLine: {'line': b'-- Up-to-date: /home/px4/ros2/ws/install/px4_msgs/include/px4_msgs/px4_msgs/msg/detail/distance_sensor__rosidl_typesupport_fastrtps_cpp.hpp\n'}
[2.682624] (px4_msgs) StdoutLine: {'line': b'-- Up-to-date: /home/px4/ros2/ws/install/px4_msgs/include/px4_msgs/px4_msgs/msg/detail/fuel_tank_status__rosidl_typesupport_fastrtps_cpp.hpp\n'}
[2.682727] (px4_msgs) StdoutLine: {'line': b'-- Up-to-date: /home/px4/ros2/ws/install/px4_msgs/include/px4_msgs/px4_msgs/msg/detail/battery_info__rosidl_typesupport_fastrtps_cpp.hpp\n'}
[2.682839] (px4_msgs) StdoutLine: {'line': b'-- Up-to-date: /home/px4/ros2/ws/install/px4_msgs/include/px4_msgs/px4_msgs/msg/detail/arming_check_request__rosidl_typesupport_fastrtps_cpp.hpp\n'}
[2.682953] (px4_msgs) StdoutLine: {'line': b'-- Up-to-date: /home/px4/ros2/ws/install/px4_msgs/include/px4_msgs/px4_msgs/msg/detail/collision_constraints__rosidl_typesupport_fastrtps_cpp.hpp\n'}
[2.683177] (px4_msgs) StdoutLine: {'line': b'-- Up-to-date: /home/px4/ros2/ws/install/px4_msgs/include/px4_msgs/px4_msgs/msg/detail/power_monitor__rosidl_typesupport_fastrtps_cpp.hpp\n'}
[2.683346] (px4_msgs) StdoutLine: {'line': b'-- Up-to-date: /home/px4/ros2/ws/install/px4_msgs/include/px4_msgs/px4_msgs/msg/detail/sensor_gyro__rosidl_typesupport_fastrtps_cpp.hpp\n'}
[2.683463] (px4_msgs) StdoutLine: {'line': b'-- Up-to-date: /home/px4/ros2/ws/install/px4_msgs/include/px4_msgs/px4_msgs/msg/detail/control_allocator_status__rosidl_typesupport_fastrtps_cpp.hpp\n'}
[2.683580] (px4_msgs) StdoutLine: {'line': b'-- Up-to-date: /home/px4/ros2/ws/install/px4_msgs/include/px4_msgs/px4_msgs/msg/detail/camera_capture__rosidl_typesupport_fastrtps_cpp.hpp\n'}
[2.683758] (px4_msgs) StdoutLine: {'line': b'-- Up-to-date: /home/px4/ros2/ws/install/px4_msgs/include/px4_msgs/px4_msgs/msg/detail/wind__rosidl_typesupport_fastrtps_cpp.hpp\n'}
[2.683874] (px4_msgs) StdoutLine: {'line': b'-- Up-to-date: /home/px4/ros2/ws/install/px4_msgs/include/px4_msgs/px4_msgs/msg/detail/estimator_aid_source3d__rosidl_typesupport_fastrtps_cpp.hpp\n'}
[2.684019] (px4_msgs) StdoutLine: {'line': b'-- Up-to-date: /home/px4/ros2/ws/install/px4_msgs/include/px4_msgs/px4_msgs/msg/detail/landing_gear_wheel__rosidl_typesupport_fastrtps_cpp.hpp\n'}
[2.684117] (px4_msgs) StdoutLine: {'line': b'-- Up-to-date: /home/px4/ros2/ws/install/px4_msgs/include/px4_msgs/px4_msgs/msg/detail/unregister_ext_component__rosidl_typesupport_fastrtps_cpp.hpp\n'}
[2.684233] (px4_msgs) StdoutLine: {'line': b'-- Up-to-date: /home/px4/ros2/ws/install/px4_msgs/include/px4_msgs/px4_msgs/msg/detail/ulog_stream__rosidl_typesupport_fastrtps_cpp.hpp\n'}
[2.684426] (px4_msgs) StdoutLine: {'line': b'-- Up-to-date: /home/px4/ros2/ws/install/px4_msgs/include/px4_msgs/px4_msgs/msg/detail/longitudinal_control_configuration__rosidl_typesupport_fastrtps_cpp.hpp\n'}
[2.684538] (px4_msgs) StdoutLine: {'line': b'-- Up-to-date: /home/px4/ros2/ws/install/px4_msgs/include/px4_msgs/px4_msgs/msg/detail/can_interface_status__rosidl_typesupport_fastrtps_cpp.hpp\n'}
[2.684640] (px4_msgs) StdoutLine: {'line': b'-- Up-to-date: /home/px4/ros2/ws/install/px4_msgs/include/px4_msgs/px4_msgs/msg/detail/register_ext_component_request__rosidl_typesupport_fastrtps_cpp.hpp\n'}
[2.684720] (px4_msgs) StdoutLine: {'line': b'-- Up-to-date: /home/px4/ros2/ws/install/px4_msgs/include/px4_msgs/px4_msgs/msg/detail/pure_pursuit_status__rosidl_typesupport_fastrtps_cpp.hpp\n'}
[2.684826] (px4_msgs) StdoutLine: {'line': b'-- Up-to-date: /home/px4/ros2/ws/install/px4_msgs/include/px4_msgs/px4_msgs/msg/detail/parameter_update__rosidl_typesupport_fastrtps_cpp.hpp\n'}
[2.684932] (px4_msgs) StdoutLine: {'line': b'-- Up-to-date: /home/px4/ros2/ws/install/px4_msgs/include/px4_msgs/px4_msgs/msg/detail/velocity_limits__rosidl_typesupport_fastrtps_cpp.hpp\n'}
[2.685035] (px4_msgs) StdoutLine: {'line': b'-- Up-to-date: /home/px4/ros2/ws/install/px4_msgs/include/px4_msgs/px4_msgs/msg/detail/failure_detector_status__rosidl_typesupport_fastrtps_cpp.hpp\n'}
[2.685169] (px4_msgs) StdoutLine: {'line': b'-- Up-to-date: /home/px4/ros2/ws/install/px4_msgs/include/px4_msgs/px4_msgs/msg/detail/vehicle_odometry__rosidl_typesupport_fastrtps_cpp.hpp\n'}
[2.685281] (px4_msgs) StdoutLine: {'line': b'-- Up-to-date: /home/px4/ros2/ws/install/px4_msgs/include/px4_msgs/px4_msgs/msg/detail/parameter_reset_request__rosidl_typesupport_fastrtps_cpp.hpp\n'}
[2.685418] (px4_msgs) StdoutLine: {'line': b'-- Up-to-date: /home/px4/ros2/ws/install/px4_msgs/include/px4_msgs/px4_msgs/msg/detail/actuator_controls_status__rosidl_typesupport_fastrtps_cpp.hpp\n'}
[2.685521] (px4_msgs) StdoutLine: {'line': b'-- Up-to-date: /home/px4/ros2/ws/install/px4_msgs/include/px4_msgs/px4_msgs/msg/detail/mount_orientation__rosidl_typesupport_fastrtps_cpp.hpp\n'}
[2.685624] (px4_msgs) StdoutLine: {'line': b'-- Up-to-date: /home/px4/ros2/ws/install/px4_msgs/include/px4_msgs/px4_msgs/msg/detail/timesync_status__rosidl_typesupport_fastrtps_cpp.hpp\n'}
[2.685748] (px4_msgs) StdoutLine: {'line': b'-- Up-to-date: /home/px4/ros2/ws/install/px4_msgs/include/px4_msgs/px4_msgs/msg/detail/internal_combustion_engine_control__rosidl_typesupport_fastrtps_cpp.hpp\n'}
[2.685820] (px4_msgs) StdoutLine: {'line': b'-- Up-to-date: /home/px4/ros2/ws/install/px4_msgs/include/px4_msgs/px4_msgs/msg/detail/mission__rosidl_typesupport_fastrtps_cpp.hpp\n'}
[2.685898] (px4_msgs) StdoutLine: {'line': b'-- Up-to-date: /home/px4/ros2/ws/install/px4_msgs/include/px4_msgs/px4_msgs/msg/detail/message_format_response__rosidl_typesupport_fastrtps_cpp.hpp\n'}
[2.685999] (px4_msgs) StdoutLine: {'line': b'-- Up-to-date: /home/px4/ros2/ws/install/px4_msgs/include/px4_msgs/px4_msgs/msg/detail/dds_fastrtps\n'}
[2.686097] (px4_msgs) StdoutLine: {'line': b'-- Up-to-date: /home/px4/ros2/ws/install/px4_msgs/include/px4_msgs/px4_msgs/msg/detail/follow_target_estimator__rosidl_typesupport_fastrtps_cpp.hpp\n'}
[2.686326] (px4_msgs) StdoutLine: {'line': b'-- Up-to-date: /home/px4/ros2/ws/install/px4_msgs/include/px4_msgs/px4_msgs/msg/detail/px4io_status__rosidl_typesupport_fastrtps_cpp.hpp\n'}
[2.686436] (px4_msgs) StdoutLine: {'line': b'-- Up-to-date: /home/px4/ros2/ws/install/px4_msgs/include/px4_msgs/px4_msgs/msg/detail/dataman_response__rosidl_typesupport_fastrtps_cpp.hpp\n'}
[2.686548] (px4_msgs) StdoutLine: {'line': b'-- Up-to-date: /home/px4/ros2/ws/install/px4_msgs/include/px4_msgs/px4_msgs/msg/detail/gimbal_manager_set_manual_control__rosidl_typesupport_fastrtps_cpp.hpp\n'}
[2.686638] (px4_msgs) StdoutLine: {'line': b'-- Up-to-date: /home/px4/ros2/ws/install/px4_msgs/include/px4_msgs/px4_msgs/msg/detail/estimator_innovations__rosidl_typesupport_fastrtps_cpp.hpp\n'}
[2.686745] (px4_msgs) StdoutLine: {'line': b'-- Up-to-date: /home/px4/ros2/ws/install/px4_msgs/include/px4_msgs/px4_msgs/msg/detail/logger_status__rosidl_typesupport_fastrtps_cpp.hpp\n'}
[2.686846] (px4_msgs) StdoutLine: {'line': b'-- Up-to-date: /home/px4/ros2/ws/install/px4_msgs/include/px4_msgs/px4_msgs/msg/detail/launch_detection_status__rosidl_typesupport_fastrtps_cpp.hpp\n'}
[2.686958] (px4_msgs) StdoutLine: {'line': b'-- Up-to-date: /home/px4/ros2/ws/install/px4_msgs/include/px4_msgs/px4_msgs/msg/detail/action_request__rosidl_typesupport_fastrtps_cpp.hpp\n'}
[2.687096] (px4_msgs) StdoutLine: {'line': b'-- Up-to-date: /home/px4/ros2/ws/install/px4_msgs/include/px4_msgs/px4_msgs/msg/detail/sensor_combined__rosidl_typesupport_fastrtps_cpp.hpp\n'}
[2.687220] (px4_msgs) StdoutLine: {'line': b'-- Up-to-date: /home/px4/ros2/ws/install/px4_msgs/include/px4_msgs/px4_msgs/msg/detail/rover_rate_setpoint__rosidl_typesupport_fastrtps_cpp.hpp\n'}
[2.687342] (px4_msgs) StdoutLine: {'line': b'-- Up-to-date: /home/px4/ros2/ws/install/px4_msgs/include/px4_msgs/px4_msgs/msg/detail/open_drone_id_system__rosidl_typesupport_fastrtps_cpp.hpp\n'}
[2.687451] (px4_msgs) StdoutLine: {'line': b'-- Up-to-date: /home/px4/ros2/ws/install/px4_msgs/include/px4_msgs/px4_msgs/msg/detail/sensor_gyro_fifo__rosidl_typesupport_fastrtps_cpp.hpp\n'}
[2.687613] (px4_msgs) StdoutLine: {'line': b'-- Up-to-date: /home/px4/ros2/ws/install/px4_msgs/include/px4_msgs/px4_msgs/msg/detail/task_stack_info__rosidl_typesupport_fastrtps_cpp.hpp\n'}
[2.687726] (px4_msgs) StdoutLine: {'line': b'-- Up-to-date: /home/px4/ros2/ws/install/px4_msgs/include/px4_msgs/px4_msgs/msg/detail/vehicle_status__rosidl_typesupport_fastrtps_cpp.hpp\n'}
[2.687817] (px4_msgs) StdoutLine: {'line': b'-- Up-to-date: /home/px4/ros2/ws/install/px4_msgs/include/px4_msgs/px4_msgs/msg/detail/config_overrides__rosidl_typesupport_fastrtps_cpp.hpp\n'}
[2.687910] (px4_msgs) StdoutLine: {'line': b'-- Up-to-date: /home/px4/ros2/ws/install/px4_msgs/include/px4_msgs/px4_msgs/msg/detail/distance_sensor_mode_change_request__rosidl_typesupport_fastrtps_cpp.hpp\n'}
[2.688008] (px4_msgs) StdoutLine: {'line': b'-- Up-to-date: /home/px4/ros2/ws/install/px4_msgs/include/px4_msgs/px4_msgs/msg/detail/dataman_request__rosidl_typesupport_fastrtps_cpp.hpp\n'}
[2.688103] (px4_msgs) StdoutLine: {'line': b'-- Up-to-date: /home/px4/ros2/ws/install/px4_msgs/include/px4_msgs/px4_msgs/msg/detail/vehicle_roi__rosidl_typesupport_fastrtps_cpp.hpp\n'}
[2.688215] (px4_msgs) StdoutLine: {'line': b'-- Up-to-date: /home/px4/ros2/ws/install/px4_msgs/include/px4_msgs/px4_msgs/msg/detail/sensors_status__rosidl_typesupport_fastrtps_cpp.hpp\n'}
[2.688330] (px4_msgs) StdoutLine: {'line': b'-- Up-to-date: /home/px4/ros2/ws/install/px4_msgs/include/px4_msgs/px4_msgs/msg/detail/navigator_status__rosidl_typesupport_fastrtps_cpp.hpp\n'}
[2.688428] (px4_msgs) StdoutLine: {'line': b'-- Up-to-date: /home/px4/ros2/ws/install/px4_msgs/include/px4_msgs/px4_msgs/msg/detail/pwm_input__rosidl_typesupport_fastrtps_cpp.hpp\n'}
[2.688521] (px4_msgs) StdoutLine: {'line': b'-- Up-to-date: /home/px4/ros2/ws/install/px4_msgs/include/px4_msgs/px4_msgs/msg/detail/log_message__rosidl_typesupport_fastrtps_cpp.hpp\n'}
[2.688614] (px4_msgs) StdoutLine: {'line': b'-- Up-to-date: /home/px4/ros2/ws/install/px4_msgs/include/px4_msgs/px4_msgs/msg/detail/debug_array__rosidl_typesupport_fastrtps_cpp.hpp\n'}
[2.688937] (px4_msgs) StdoutLine: {'line': b'-- Up-to-date: /home/px4/ros2/ws/install/px4_msgs/include/px4_msgs/px4_msgs/msg/detail/parameter_set_used_request__rosidl_typesupport_fastrtps_cpp.hpp\n'}
[2.689020] (px4_msgs) StdoutLine: {'line': b'-- Up-to-date: /home/px4/ros2/ws/install/px4_msgs/include/px4_msgs/px4_msgs/msg/detail/heater_status__rosidl_typesupport_fastrtps_cpp.hpp\n'}
[2.689121] (px4_msgs) StdoutLine: {'line': b'-- Up-to-date: /home/px4/ros2/ws/install/px4_msgs/include/px4_msgs/px4_msgs/msg/detail/follow_target__rosidl_typesupport_fastrtps_cpp.hpp\n'}
[2.689485] (px4_msgs) StdoutLine: {'line': b'-- Up-to-date: /home/px4/ros2/ws/install/px4_msgs/include/px4_msgs/px4_msgs/msg/detail/gpio_out__rosidl_typesupport_fastrtps_cpp.hpp\n'}
[2.689614] (px4_msgs) StdoutLine: {'line': b'-- Up-to-date: /home/px4/ros2/ws/install/px4_msgs/include/px4_msgs/px4_msgs/msg/detail/button_event__rosidl_typesupport_fastrtps_cpp.hpp\n'}
[2.689725] (px4_msgs) StdoutLine: {'line': b'-- Up-to-date: /home/px4/ros2/ws/install/px4_msgs/include/px4_msgs/px4_msgs/msg/detail/follow_target_status__rosidl_typesupport_fastrtps_cpp.hpp\n'}
[2.689821] (px4_msgs) StdoutLine: {'line': b'-- Up-to-date: /home/px4/ros2/ws/install/px4_msgs/include/px4_msgs/px4_msgs/msg/detail/rover_throttle_setpoint__rosidl_typesupport_fastrtps_cpp.hpp\n'}
[2.689918] (px4_msgs) StdoutLine: {'line': b'-- Up-to-date: /home/px4/ros2/ws/install/px4_msgs/include/px4_msgs/px4_msgs/msg/detail/arming_check_reply__rosidl_typesupport_fastrtps_cpp.hpp\n'}
[2.690014] (px4_msgs) StdoutLine: {'line': b'-- Up-to-date: /home/px4/ros2/ws/install/px4_msgs/include/px4_msgs/px4_msgs/msg/detail/sensor_baro__rosidl_typesupport_fastrtps_cpp.hpp\n'}
[2.690139] (px4_msgs) StdoutLine: {'line': b'-- Up-to-date: /home/px4/ros2/ws/install/px4_msgs/include/px4_msgs/px4_msgs/msg/detail/normalized_unsigned_setpoint__rosidl_typesupport_fastrtps_cpp.hpp\n'}
[2.690303] (px4_msgs) StdoutLine: {'line': b'-- Up-to-date: /home/px4/ros2/ws/install/px4_msgs/include/px4_msgs/px4_msgs/msg/detail/sensor_accel__rosidl_typesupport_fastrtps_cpp.hpp\n'}
[2.690471] (px4_msgs) StdoutLine: {'line': b'-- Up-to-date: /home/px4/ros2/ws/install/px4_msgs/include/px4_msgs/px4_msgs/msg/detail/manual_control_switches__rosidl_typesupport_fastrtps_cpp.hpp\n'}
[2.690613] (px4_msgs) StdoutLine: {'line': b'-- Up-to-date: /home/px4/ros2/ws/install/px4_msgs/include/px4_msgs/px4_msgs/msg/detail/actuator_test__rosidl_typesupport_fastrtps_cpp.hpp\n'}
[2.690744] (px4_msgs) StdoutLine: {'line': b'-- Up-to-date: /home/px4/ros2/ws/install/px4_msgs/include/px4_msgs/px4_msgs/msg/detail/rate_ctrl_status__rosidl_typesupport_fastrtps_cpp.hpp\n'}
[2.690879] (px4_msgs) StdoutLine: {'line': b'-- Up-to-date: /home/px4/ros2/ws/install/px4_msgs/include/px4_msgs/px4_msgs/msg/detail/gpio_in__rosidl_typesupport_fastrtps_cpp.hpp\n'}
[2.691027] (px4_msgs) StdoutLine: {'line': b'-- Up-to-date: /home/px4/ros2/ws/install/px4_msgs/include/px4_msgs/px4_msgs/msg/detail/estimator_sensor_bias__rosidl_typesupport_fastrtps_cpp.hpp\n'}
[2.691131] (px4_msgs) StdoutLine: {'line': b'-- Up-to-date: /home/px4/ros2/ws/install/px4_msgs/include/px4_msgs/px4_msgs/msg/detail/gimbal_manager_status__rosidl_typesupport_fastrtps_cpp.hpp\n'}
[2.691263] (px4_msgs) StdoutLine: {'line': b'-- Up-to-date: /home/px4/ros2/ws/install/px4_msgs/include/px4_msgs/px4_msgs/msg/detail/home_position__rosidl_typesupport_fastrtps_cpp.hpp\n'}
[2.691376] (px4_msgs) StdoutLine: {'line': b'-- Up-to-date: /home/px4/ros2/ws/install/px4_msgs/include/px4_msgs/px4_msgs/msg/detail/power_button_state__rosidl_typesupport_fastrtps_cpp.hpp\n'}
[2.691446] (px4_msgs) StdoutLine: {'line': b'-- Up-to-date: /home/px4/ros2/ws/install/px4_msgs/include/px4_msgs/px4_msgs/msg/detail/gripper__rosidl_typesupport_fastrtps_cpp.hpp\n'}
[2.691549] (px4_msgs) StdoutLine: {'line': b'-- Up-to-date: /home/px4/ros2/ws/install/px4_msgs/include/px4_msgs/px4_msgs/msg/detail/gimbal_device_set_attitude__rosidl_typesupport_fastrtps_cpp.hpp\n'}
[2.691618] (px4_msgs) StdoutLine: {'line': b'-- Up-to-date: /home/px4/ros2/ws/install/px4_msgs/include/px4_msgs/px4_msgs/msg/detail/gpio_config__rosidl_typesupport_fastrtps_cpp.hpp\n'}
[2.691684] (px4_msgs) StdoutLine: {'line': b'-- Up-to-date: /home/px4/ros2/ws/install/px4_msgs/include/px4_msgs/px4_msgs/msg/detail/mavlink_tunnel__rosidl_typesupport_fastrtps_cpp.hpp\n'}
[2.691749] (px4_msgs) StdoutLine: {'line': b'-- Up-to-date: /home/px4/ros2/ws/install/px4_msgs/include/px4_msgs/px4_msgs/msg/detail/qshell_retval__rosidl_typesupport_fastrtps_cpp.hpp\n'}
[2.691814] (px4_msgs) StdoutLine: {'line': b'-- Up-to-date: /home/px4/ros2/ws/install/px4_msgs/include/px4_msgs/px4_msgs/msg/detail/position_setpoint__rosidl_typesupport_fastrtps_cpp.hpp\n'}
[2.691878] (px4_msgs) StdoutLine: {'line': b'-- Up-to-date: /home/px4/ros2/ws/install/px4_msgs/include/px4_msgs/px4_msgs/msg/detail/gps_dump__rosidl_typesupport_fastrtps_cpp.hpp\n'}
[2.691942] (px4_msgs) StdoutLine: {'line': b'-- Up-to-date: /home/px4/ros2/ws/install/px4_msgs/include/px4_msgs/px4_msgs/msg/detail/sensor_uwb__rosidl_typesupport_fastrtps_cpp.hpp\n'}
[2.692006] (px4_msgs) StdoutLine: {'line': b'-- Up-to-date: /home/px4/ros2/ws/install/px4_msgs/include/px4_msgs/px4_msgs/msg/detail/vehicle_land_detected__rosidl_typesupport_fastrtps_cpp.hpp\n'}
[2.692069] (px4_msgs) StdoutLine: {'line': b'-- Up-to-date: /home/px4/ros2/ws/install/px4_msgs/include/px4_msgs/px4_msgs/msg/detail/rover_steering_setpoint__rosidl_typesupport_fastrtps_cpp.hpp\n'}
[2.692137] (px4_msgs) StdoutLine: {'line': b'-- Up-to-date: /home/px4/ros2/ws/install/px4_msgs/include/px4_msgs/px4_msgs/msg/detail/rover_attitude_status__rosidl_typesupport_fastrtps_cpp.hpp\n'}
[2.692277] (px4_msgs) StdoutLine: {'line': b'-- Up-to-date: /home/px4/ros2/ws/install/px4_msgs/include/px4_msgs/px4_msgs/msg/detail/fixed_wing_longitudinal_setpoint__rosidl_typesupport_fastrtps_cpp.hpp\n'}
[2.692357] (px4_msgs) StdoutLine: {'line': b'-- Up-to-date: /home/px4/ros2/ws/install/px4_msgs/include/px4_msgs/px4_msgs/msg/detail/takeoff_status__rosidl_typesupport_fastrtps_cpp.hpp\n'}
[2.692425] (px4_msgs) StdoutLine: {'line': b'-- Up-to-date: /home/px4/ros2/ws/install/px4_msgs/include/px4_msgs/px4_msgs/msg/detail/vehicle_acceleration__rosidl_typesupport_fastrtps_cpp.hpp\n'}
[2.692506] (px4_msgs) StdoutLine: {'line': b'-- Up-to-date: /home/px4/ros2/ws/install/px4_msgs/include/px4_msgs/px4_msgs/msg/detail/tiltrotor_extra_controls__rosidl_typesupport_fastrtps_cpp.hpp\n'}
[2.692581] (px4_msgs) StdoutLine: {'line': b'-- Up-to-date: /home/px4/ros2/ws/install/px4_msgs/include/px4_msgs/px4_msgs/msg/detail/register_ext_component_reply__rosidl_typesupport_fastrtps_cpp.hpp\n'}
[2.692667] (px4_msgs) StdoutLine: {'line': b'-- Up-to-date: /home/px4/ros2/ws/install/px4_msgs/include/px4_msgs/px4_msgs/msg/detail/cpuload__rosidl_typesupport_fastrtps_cpp.hpp\n'}
[2.692765] (px4_msgs) StdoutLine: {'line': b'-- Up-to-date: /home/px4/ros2/ws/install/px4_msgs/include/px4_msgs/px4_msgs/msg/detail/fixed_wing_runway_control__rosidl_typesupport_fastrtps_cpp.hpp\n'}
[2.692831] (px4_msgs) StdoutLine: {'line': b'-- Up-to-date: /home/px4/ros2/ws/install/px4_msgs/include/px4_msgs/px4_msgs/msg/detail/health_report__rosidl_typesupport_fastrtps_cpp.hpp\n'}
[2.692909] (px4_msgs) StdoutLine: {'line': b'-- Up-to-date: /home/px4/ros2/ws/install/px4_msgs/include/px4_msgs/px4_msgs/msg/detail/sensor_airflow__rosidl_typesupport_fastrtps_cpp.hpp\n'}
[2.693012] (px4_msgs) StdoutLine: {'line': b'-- Up-to-date: /home/px4/ros2/ws/install/px4_msgs/include/px4_msgs/px4_msgs/msg/detail/obstacle_distance__rosidl_typesupport_fastrtps_cpp.hpp\n'}
[2.693148] (px4_msgs) StdoutLine: {'line': b'-- Up-to-date: /home/px4/ros2/ws/install/px4_msgs/include/px4_msgs/px4_msgs/msg/detail/vehicle_attitude_setpoint__rosidl_typesupport_fastrtps_cpp.hpp\n'}
[2.693276] (px4_msgs) StdoutLine: {'line': b'-- Up-to-date: /home/px4/ros2/ws/install/px4_msgs/include/px4_msgs/px4_msgs/msg/detail/estimator_bias__rosidl_typesupport_fastrtps_cpp.hpp\n'}
[2.693376] (px4_msgs) StdoutLine: {'line': b'-- Up-to-date: /home/px4/ros2/ws/install/px4_msgs/include/px4_msgs/px4_msgs/msg/detail/gimbal_manager_information__rosidl_typesupport_fastrtps_cpp.hpp\n'}
[2.693636] (px4_msgs) StdoutLine: {'line': b'-- Up-to-date: /home/px4/ros2/ws/install/px4_msgs/include/px4_msgs/px4_msgs/msg/detail/fixed_wing_lateral_status__rosidl_typesupport_fastrtps_cpp.hpp\n'}
[2.693795] (px4_msgs) StdoutLine: {'line': b'-- Up-to-date: /home/px4/ros2/ws/install/px4_msgs/include/px4_msgs/px4_msgs/msg/detail/vtol_vehicle_status__rosidl_typesupport_fastrtps_cpp.hpp\n'}
[2.693869] (px4_msgs) StdoutLine: {'line': b'-- Up-to-date: /home/px4/ros2/ws/install/px4_msgs/include/px4_msgs/px4_msgs/msg/detail/gimbal_device_attitude_status__rosidl_typesupport_fastrtps_cpp.hpp\n'}
[2.693939] (px4_msgs) StdoutLine: {'line': b'-- Up-to-date: /home/px4/ros2/ws/install/px4_msgs/include/px4_msgs/px4_msgs/msg/detail/orb_test__rosidl_typesupport_fastrtps_cpp.hpp\n'}
[2.694082] (px4_msgs) StdoutLine: {'line': b'-- Up-to-date: /home/px4/ros2/ws/install/px4_msgs/include/px4_msgs/px4_msgs/msg/detail/airspeed__rosidl_typesupport_fastrtps_cpp.hpp\n'}
[2.694211] (px4_msgs) StdoutLine: {'line': b'-- Up-to-date: /home/px4/ros2/ws/install/px4_msgs/include/px4_msgs/px4_msgs/msg/detail/rover_attitude_setpoint__rosidl_typesupport_fastrtps_cpp.hpp\n'}
[2.694313] (px4_msgs) StdoutLine: {'line': b'-- Up-to-date: /home/px4/ros2/ws/install/px4_msgs/include/px4_msgs/px4_msgs/msg/detail/estimator_status_flags__rosidl_typesupport_fastrtps_cpp.hpp\n'}
[2.694405] (px4_msgs) StdoutLine: {'line': b'-- Up-to-date: /home/px4/ros2/ws/install/px4_msgs/include/px4_msgs/px4_msgs/msg/detail/estimator_states__rosidl_typesupport_fastrtps_cpp.hpp\n'}
[2.694529] (px4_msgs) StdoutLine: {'line': b'-- Up-to-date: /home/px4/ros2/ws/install/px4_msgs/include/px4_msgs/px4_msgs/msg/detail/esc_status__rosidl_typesupport_fastrtps_cpp.hpp\n'}
[2.694673] (px4_msgs) StdoutLine: {'line': b'-- Up-to-date: /home/px4/ros2/ws/install/px4_msgs/include/px4_msgs/px4_msgs/msg/detail/ulog_stream_ack__rosidl_typesupport_fastrtps_cpp.hpp\n'}
[2.694826] (px4_msgs) StdoutLine: {'line': b'-- Up-to-date: /home/px4/ros2/ws/install/px4_msgs/include/px4_msgs/px4_msgs/msg/detail/rtl_status__rosidl_typesupport_fastrtps_cpp.hpp\n'}
[2.694929] (px4_msgs) StdoutLine: {'line': b'-- Up-to-date: /home/px4/ros2/ws/install/px4_msgs/include/px4_msgs/px4_msgs/msg/detail/manual_control_setpoint__rosidl_typesupport_fastrtps_cpp.hpp\n'}
[2.695000] (px4_msgs) StdoutLine: {'line': b'-- Up-to-date: /home/px4/ros2/ws/install/px4_msgs/include/px4_msgs/px4_msgs/msg/detail/goto_setpoint__rosidl_typesupport_fastrtps_cpp.hpp\n'}
[2.695084] (px4_msgs) StdoutLine: {'line': b'-- Up-to-date: /home/px4/ros2/ws/install/px4_msgs/include/px4_msgs/px4_msgs/msg/detail/sensor_correction__rosidl_typesupport_fastrtps_cpp.hpp\n'}
[2.695180] (px4_msgs) StdoutLine: {'line': b'-- Up-to-date: /home/px4/ros2/ws/install/px4_msgs/include/px4_msgs/px4_msgs/msg/detail/flight_phase_estimation__rosidl_typesupport_fastrtps_cpp.hpp\n'}
[2.695301] (px4_msgs) StdoutLine: {'line': b'-- Up-to-date: /home/px4/ros2/ws/install/px4_msgs/include/px4_msgs/px4_msgs/msg/detail/tecs_status__rosidl_typesupport_fastrtps_cpp.hpp\n'}
[2.695457] (px4_msgs) StdoutLine: {'line': b'-- Up-to-date: /home/px4/ros2/ws/install/px4_msgs/include/px4_msgs/px4_msgs/msg/detail/actuator_servos_trim__rosidl_typesupport_fastrtps_cpp.hpp\n'}
[2.695552] (px4_msgs) StdoutLine: {'line': b'-- Up-to-date: /home/px4/ros2/ws/install/px4_msgs/include/px4_msgs/px4_msgs/msg/detail/parameter_set_value_request__rosidl_typesupport_fastrtps_cpp.hpp\n'}
[2.695699] (px4_msgs) StdoutLine: {'line': b'-- Up-to-date: /home/px4/ros2/ws/install/px4_msgs/include/px4_msgs/px4_msgs/msg/detail/vehicle_command__rosidl_typesupport_fastrtps_cpp.hpp\n'}
[2.695809] (px4_msgs) StdoutLine: {'line': b'-- Up-to-date: /home/px4/ros2/ws/install/px4_msgs/include/px4_msgs/px4_msgs/msg/detail/estimator_aid_source1d__rosidl_typesupport_fastrtps_cpp.hpp\n'}
[2.695894] (px4_msgs) StdoutLine: {'line': b'-- Up-to-date: /home/px4/ros2/ws/install/px4_msgs/include/px4_msgs/px4_msgs/msg/detail/rover_velocity_setpoint__rosidl_typesupport_fastrtps_cpp.hpp\n'}
[2.695977] (px4_msgs) StdoutLine: {'line': b'-- Up-to-date: /home/px4/ros2/ws/install/px4_msgs/include/px4_msgs/px4_msgs/msg/detail/airspeed_wind__rosidl_typesupport_fastrtps_cpp.hpp\n'}
[2.696044] (px4_msgs) StdoutLine: {'line': b'-- Up-to-date: /home/px4/ros2/ws/install/px4_msgs/include/px4_msgs/px4_msgs/msg/detail/rc_channels__rosidl_typesupport_fastrtps_cpp.hpp\n'}
[2.696142] (px4_msgs) StdoutLine: {'line': b'-- Up-to-date: /home/px4/ros2/ws/install/px4_msgs/include/px4_msgs/px4_msgs/msg/detail/sensors_status_imu__rosidl_typesupport_fastrtps_cpp.hpp\n'}
[2.696252] (px4_msgs) StdoutLine: {'line': b'-- Up-to-date: /home/px4/ros2/ws/install/px4_msgs/include/px4_msgs/px4_msgs/msg/detail/gps_inject_data__rosidl_typesupport_fastrtps_cpp.hpp\n'}
[2.696358] (px4_msgs) StdoutLine: {'line': b'-- Up-to-date: /home/px4/ros2/ws/install/px4_msgs/include/px4_msgs/px4_msgs/msg/detail/iridiumsbd_status__rosidl_typesupport_fastrtps_cpp.hpp\n'}
[2.696459] (px4_msgs) StdoutLine: {'line': b'-- Up-to-date: /home/px4/ros2/ws/install/px4_msgs/include/px4_msgs/px4_msgs/msg/detail/vehicle_thrust_setpoint__rosidl_typesupport_fastrtps_cpp.hpp\n'}
[2.696551] (px4_msgs) StdoutLine: {'line': b'-- Up-to-date: /home/px4/ros2/ws/install/px4_msgs/include/px4_msgs/px4_msgs/msg/detail/sensor_optical_flow__rosidl_typesupport_fastrtps_cpp.hpp\n'}
[2.696616] (px4_msgs) StdoutLine: {'line': b'-- Up-to-date: /home/px4/ros2/ws/install/px4_msgs/include/px4_msgs/px4_msgs/msg/detail/failsafe_flags__rosidl_typesupport_fastrtps_cpp.hpp\n'}
[2.696680] (px4_msgs) StdoutLine: {'line': b'-- Up-to-date: /home/px4/ros2/ws/install/px4_msgs/include/px4_msgs/px4_msgs/msg/detail/vehicle_rates_setpoint__rosidl_typesupport_fastrtps_cpp.hpp\n'}
[2.696744] (px4_msgs) StdoutLine: {'line': b'-- Up-to-date: /home/px4/ros2/ws/install/px4_msgs/include/px4_msgs/px4_msgs/msg/detail/irlock_report__rosidl_typesupport_fastrtps_cpp.hpp\n'}
[2.696816] (px4_msgs) StdoutLine: {'line': b'-- Up-to-date: /home/px4/ros2/ws/install/px4_msgs/include/px4_msgs/px4_msgs/msg/detail/sensor_accel_fifo__rosidl_typesupport_fastrtps_cpp.hpp\n'}
[2.696949] (px4_msgs) StdoutLine: {'line': b'-- Up-to-date: /home/px4/ros2/ws/install/px4_msgs/include/px4_msgs/px4_msgs/msg/detail/geofence_status__rosidl_typesupport_fastrtps_cpp.hpp\n'}
[2.697348] (px4_msgs) StdoutLine: {'line': b'-- Up-to-date: /home/px4/ros2/ws/install/px4_msgs/include/px4_msgs/px4_msgs/msg/detail/input_rc__rosidl_typesupport_fastrtps_cpp.hpp\n'}
[2.697454] (px4_msgs) StdoutLine: {'line': b'-- Up-to-date: /home/px4/ros2/ws/install/px4_msgs/include/px4_msgs/px4_msgs/msg/detail/actuator_armed__rosidl_typesupport_fastrtps_cpp.hpp\n'}
[2.697531] (px4_msgs) StdoutLine: {'line': b'-- Up-to-date: /home/px4/ros2/ws/install/px4_msgs/include/px4_msgs/px4_msgs/msg/detail/vehicle_global_position__rosidl_typesupport_fastrtps_cpp.hpp\n'}
[2.697598] (px4_msgs) StdoutLine: {'line': b'-- Up-to-date: /home/px4/ros2/ws/install/px4_msgs/include/px4_msgs/px4_msgs/msg/detail/trajectory_setpoint__rosidl_typesupport_fastrtps_cpp.hpp\n'}
[2.697820] (px4_msgs) StdoutLine: {'line': b'-- Up-to-date: /home/px4/ros2/ws/install/px4_msgs/include/px4_msgs/px4_msgs/msg/detail/offboard_control_mode__rosidl_typesupport_fastrtps_cpp.hpp\n'}
[2.697953] (px4_msgs) StdoutLine: {'line': b'-- Up-to-date: /home/px4/ros2/ws/install/px4_msgs/include/px4_msgs/px4_msgs/msg/detail/debug_value__rosidl_typesupport_fastrtps_cpp.hpp\n'}
[2.698112] (px4_msgs) StdoutLine: {'line': b'-- Up-to-date: /home/px4/ros2/ws/install/px4_msgs/include/px4_msgs/px4_msgs/msg/detail/mission_result__rosidl_typesupport_fastrtps_cpp.hpp\n'}
[2.698323] (px4_msgs) StdoutLine: {'line': b'-- Up-to-date: /home/px4/ros2/ws/install/px4_msgs/include/px4_msgs/px4_msgs/msg/detail/event__rosidl_typesupport_fastrtps_cpp.hpp\n'}
[2.698403] (px4_msgs) StdoutLine: {'line': b'-- Up-to-date: /home/px4/ros2/ws/install/px4_msgs/include/px4_msgs/px4_msgs/msg/detail/vehicle_magnetometer__rosidl_typesupport_fastrtps_cpp.hpp\n'}
[2.698786] (px4_msgs) StdoutLine: {'line': b'-- Up-to-date: /home/px4/ros2/ws/install/px4_msgs/include/px4_msgs/px4_msgs/msg/detail/mavlink_log__rosidl_typesupport_fastrtps_cpp.hpp\n'}
[2.698916] (px4_msgs) StdoutLine: {'line': b'-- Up-to-date: /home/px4/ros2/ws/install/px4_msgs/include/px4_msgs/px4_msgs/msg/detail/estimator_aid_source2d__rosidl_typesupport_fastrtps_cpp.hpp\n'}
[2.699291] (px4_msgs) StdoutLine: {'line': b'-- Up-to-date: /home/px4/ros2/ws/install/px4_msgs/include/px4_msgs/px4_msgs/msg/detail/rpm__rosidl_typesupport_fastrtps_cpp.hpp\n'}
[2.699378] (px4_msgs) StdoutLine: {'line': b'-- Up-to-date: /home/px4/ros2/ws/install/px4_msgs/include/px4_msgs/px4_msgs/msg/detail/vehicle_angular_acceleration_setpoint__rosidl_typesupport_fastrtps_cpp.hpp\n'}
[2.699518] (px4_msgs) StdoutLine: {'line': b'-- Up-to-date: /home/px4/ros2/ws/install/px4_msgs/include/px4_msgs/px4_msgs/msg/detail/mode_completed__rosidl_typesupport_fastrtps_cpp.hpp\n'}
[2.699588] (px4_msgs) StdoutLine: {'line': b'-- Up-to-date: /home/px4/ros2/ws/install/px4_msgs/include/px4_msgs/px4_msgs/msg/detail/open_drone_id_arm_status__rosidl_typesupport_fastrtps_cpp.hpp\n'}
[2.699655] (px4_msgs) StdoutLine: {'line': b'-- Up-to-date: /home/px4/ros2/ws/install/px4_msgs/include/px4_msgs/px4_msgs/msg/detail/landing_target_innovations__rosidl_typesupport_fastrtps_cpp.hpp\n'}
[2.699725] (px4_msgs) StdoutLine: {'line': b'-- Up-to-date: /home/px4/ros2/ws/install/px4_msgs/include/px4_msgs/px4_msgs/msg/detail/navigator_mission_item__rosidl_typesupport_fastrtps_cpp.hpp\n'}
[2.699793] (px4_msgs) StdoutLine: {'line': b'-- Up-to-date: /home/px4/ros2/ws/install/px4_msgs/include/px4_msgs/px4_msgs/msg/detail/cellular_status__rosidl_typesupport_fastrtps_cpp.hpp\n'}
[2.699877] (px4_msgs) StdoutLine: {'line': b'-- Up-to-date: /home/px4/ros2/ws/install/px4_msgs/include/px4_msgs/px4_msgs/msg/detail/magnetometer_bias_estimate__rosidl_typesupport_fastrtps_cpp.hpp\n'}
[2.699946] (px4_msgs) StdoutLine: {'line': b'-- Up-to-date: /home/px4/ros2/ws/install/px4_msgs/include/px4_msgs/px4_msgs/msg/detail/fixed_wing_lateral_guidance_status__rosidl_typesupport_fastrtps_cpp.hpp\n'}
[2.700051] (px4_msgs) StdoutLine: {'line': b'-- Up-to-date: /home/px4/ros2/ws/install/px4_msgs/include/px4_msgs/px4_msgs/msg/detail/estimator_selector_status__rosidl_typesupport_fastrtps_cpp.hpp\n'}
[2.700129] (px4_msgs) StdoutLine: {'line': b'-- Up-to-date: /home/px4/ros2/ws/install/px4_msgs/include/px4_msgs/px4_msgs/msg/detail/position_setpoint_triplet__rosidl_typesupport_fastrtps_cpp.hpp\n'}
[2.700210] (px4_msgs) StdoutLine: {'line': b'-- Up-to-date: /home/px4/ros2/ws/install/px4_msgs/include/px4_msgs/px4_msgs/msg/detail/generator_status__rosidl_typesupport_fastrtps_cpp.hpp\n'}
[2.700326] (px4_msgs) StdoutLine: {'line': b'-- Up-to-date: /home/px4/ros2/ws/install/px4_msgs/include/px4_msgs/px4_msgs/msg/detail/actuator_motors__rosidl_typesupport_fastrtps_cpp.hpp\n'}
[2.700397] (px4_msgs) StdoutLine: {'line': b'-- Up-to-date: /home/px4/ros2/ws/install/px4_msgs/include/px4_msgs/px4_msgs/msg/detail/estimator_event_flags__rosidl_typesupport_fastrtps_cpp.hpp\n'}
[2.700466] (px4_msgs) StdoutLine: {'line': b'-- Up-to-date: /home/px4/ros2/ws/install/px4_msgs/include/px4_msgs/px4_msgs/msg/detail/uavcan_parameter_value__rosidl_typesupport_fastrtps_cpp.hpp\n'}
[2.700531] (px4_msgs) StdoutLine: {'line': b'-- Up-to-date: /home/px4/ros2/ws/install/px4_msgs/include/px4_msgs/px4_msgs/msg/detail/open_drone_id_self_id__rosidl_typesupport_fastrtps_cpp.hpp\n'}
[2.700596] (px4_msgs) StdoutLine: {'line': b'-- Up-to-date: /home/px4/ros2/ws/install/px4_msgs/include/px4_msgs/px4_msgs/msg/detail/dronecan_node_status__rosidl_typesupport_fastrtps_cpp.hpp\n'}
[2.700704] (px4_msgs) StdoutLine: {'line': b'-- Up-to-date: /home/px4/ros2/ws/install/px4_msgs/include/px4_msgs/px4_msgs/msg/detail/actuator_outputs__rosidl_typesupport_fastrtps_cpp.hpp\n'}
[2.700774] (px4_msgs) StdoutLine: {'line': b'-- Up-to-date: /home/px4/ros2/ws/install/px4_msgs/include/px4_msgs/px4_msgs/msg/detail/estimator_bias3d__rosidl_typesupport_fastrtps_cpp.hpp\n'}
[2.700842] (px4_msgs) StdoutLine: {'line': b'-- Up-to-date: /home/px4/ros2/ws/install/px4_msgs/include/px4_msgs/px4_msgs/msg/detail/lateral_control_configuration__rosidl_typesupport_fastrtps_cpp.hpp\n'}
[2.700907] (px4_msgs) StdoutLine: {'line': b'-- Up-to-date: /home/px4/ros2/ws/install/px4_msgs/include/px4_msgs/px4_msgs/msg/detail/geofence_result__rosidl_typesupport_fastrtps_cpp.hpp\n'}
[2.700971] (px4_msgs) StdoutLine: {'line': b'-- Up-to-date: /home/px4/ros2/ws/install/px4_msgs/include/px4_msgs/px4_msgs/msg/detail/figure_eight_status__rosidl_typesupport_fastrtps_cpp.hpp\n'}
[2.701036] (px4_msgs) StdoutLine: {'line': b'-- Up-to-date: /home/px4/ros2/ws/install/px4_msgs/include/px4_msgs/px4_msgs/msg/detail/gimbal_device_information__rosidl_typesupport_fastrtps_cpp.hpp\n'}
[2.701099] (px4_msgs) StdoutLine: {'line': b'-- Up-to-date: /home/px4/ros2/ws/install/px4_msgs/include/px4_msgs/px4_msgs/msg/detail/actuator_servos__rosidl_typesupport_fastrtps_cpp.hpp\n'}
[2.701163] (px4_msgs) StdoutLine: {'line': b'-- Up-to-date: /home/px4/ros2/ws/install/px4_msgs/include/px4_msgs/px4_msgs/msg/detail/debug_key_value__rosidl_typesupport_fastrtps_cpp.hpp\n'}
[2.701289] (px4_msgs) StdoutLine: {'line': b'-- Up-to-date: /home/px4/ros2/ws/install/px4_msgs/include/px4_msgs/px4_msgs/msg/detail/estimator_status__rosidl_typesupport_fastrtps_cpp.hpp\n'}
[2.701379] (px4_msgs) StdoutLine: {'line': b'-- Up-to-date: /home/px4/ros2/ws/install/px4_msgs/include/px4_msgs/px4_msgs/msg/detail/sensor_gnss_relative__rosidl_typesupport_fastrtps_cpp.hpp\n'}
[2.701477] (px4_msgs) StdoutLine: {'line': b'-- Up-to-date: /home/px4/ros2/ws/install/px4_msgs/include/px4_msgs/px4_msgs/msg/detail/sensor_gps__rosidl_typesupport_fastrtps_cpp.hpp\n'}
[2.701546] (px4_msgs) StdoutLine: {'line': b'-- Up-to-date: /home/px4/ros2/ws/install/px4_msgs/include/px4_msgs/px4_msgs/msg/detail/orbit_status__rosidl_typesupport_fastrtps_cpp.hpp\n'}
[2.701612] (px4_msgs) StdoutLine: {'line': b'-- Up-to-date: /home/px4/ros2/ws/install/px4_msgs/include/px4_msgs/px4_msgs/msg/detail/ekf2_timestamps__rosidl_typesupport_fastrtps_cpp.hpp\n'}
[2.701683] (px4_msgs) StdoutLine: {'line': b'-- Up-to-date: /home/px4/ros2/ws/install/px4_msgs/include/px4_msgs/px4_msgs/msg/detail/sensor_preflight_mag__rosidl_typesupport_fastrtps_cpp.hpp\n'}
[2.701800] (px4_msgs) StdoutLine: {'line': b'-- Up-to-date: /home/px4/ros2/ws/install/px4_msgs/include/px4_msgs/px4_msgs/msg/detail/rover_velocity_status__rosidl_typesupport_fastrtps_cpp.hpp\n'}
[2.701869] (px4_msgs) StdoutLine: {'line': b'-- Up-to-date: /home/px4/ros2/ws/install/px4_msgs/include/px4_msgs/px4_msgs/msg/detail/airspeed_validated__rosidl_typesupport_fastrtps_cpp.hpp\n'}
[2.701970] (px4_msgs) StdoutLine: {'line': b'-- Up-to-date: /home/px4/ros2/ws/install/px4_msgs/include/px4_msgs/px4_msgs/msg/detail/rc_parameter_map__rosidl_typesupport_fastrtps_cpp.hpp\n'}
[2.702061] (px4_msgs) StdoutLine: {'line': b'-- Up-to-date: /home/px4/ros2/ws/install/px4_msgs/include/px4_msgs/px4_msgs/msg/detail/estimator_gps_status__rosidl_typesupport_fastrtps_cpp.hpp\n'}
[2.702156] (px4_msgs) StdoutLine: {'line': b'-- Up-to-date: /home/px4/ros2/ws/install/px4_msgs/include/px4_msgs/px4_msgs/msg/detail/gpio_request__rosidl_typesupport_fastrtps_cpp.hpp\n'}
[2.702389] (px4_msgs) StdoutLine: {'line': b'-- Up-to-date: /home/px4/ros2/ws/install/px4_msgs/include/px4_msgs/px4_msgs/msg/detail/open_drone_id_operator_id__rosidl_typesupport_fastrtps_cpp.hpp\n'}
[2.702533] (px4_msgs) StdoutLine: {'line': b'-- Up-to-date: /home/px4/ros2/ws/install/px4_msgs/include/px4_msgs/px4_msgs/msg/detail/vehicle_constraints__rosidl_typesupport_fastrtps_cpp.hpp\n'}
[2.702628] (px4_msgs) StdoutLine: {'line': b'-- Up-to-date: /home/px4/ros2/ws/install/px4_msgs/include/px4_msgs/px4_msgs/msg/rosidl_typesupport_fastrtps_cpp__visibility_control.h\n'}
[2.702697] (px4_msgs) StdoutLine: {'line': b'-- Up-to-date: /home/px4/ros2/ws/install/px4_msgs/include/px4_msgs/px4_msgs/srv\n'}
[2.702848] (px4_msgs) StdoutLine: {'line': b'-- Up-to-date: /home/px4/ros2/ws/install/px4_msgs/include/px4_msgs/px4_msgs/srv/detail\n'}
[2.702941] (px4_msgs) StdoutLine: {'line': b'-- Up-to-date: /home/px4/ros2/ws/install/px4_msgs/include/px4_msgs/px4_msgs/srv/detail/dds_fastrtps\n'}
[2.703028] (px4_msgs) StdoutLine: {'line': b'-- Up-to-date: /home/px4/ros2/ws/install/px4_msgs/include/px4_msgs/px4_msgs/srv/detail/vehicle_command__rosidl_typesupport_fastrtps_cpp.hpp\n'}
[2.703103] (px4_msgs) StdoutLine: {'line': b'-- Up-to-date: /home/px4/ros2/ws/install/px4_msgs/lib/libpx4_msgs__rosidl_typesupport_fastrtps_cpp.so\n'}
[2.703169] (px4_msgs) StdoutLine: {'line': b'-- Up-to-date: /home/px4/ros2/ws/install/px4_msgs/include/px4_msgs/px4_msgs\n'}
[2.703282] (px4_msgs) StdoutLine: {'line': b'-- Up-to-date: /home/px4/ros2/ws/install/px4_msgs/include/px4_msgs/px4_msgs/msg\n'}
[2.703411] (px4_msgs) StdoutLine: {'line': b'-- Up-to-date: /home/px4/ros2/ws/install/px4_msgs/include/px4_msgs/px4_msgs/msg/detail\n'}
[2.703524] (px4_msgs) StdoutLine: {'line': b'-- Up-to-date: /home/px4/ros2/ws/install/px4_msgs/include/px4_msgs/px4_msgs/msg/detail/follow_target_status__type_support.c\n'}
[2.703630] (px4_msgs) StdoutLine: {'line': b'-- Up-to-date: /home/px4/ros2/ws/install/px4_msgs/include/px4_msgs/px4_msgs/msg/detail/sensor_gnss_relative__rosidl_typesupport_introspection_c.h\n'}
[2.703794] (px4_msgs) StdoutLine: {'line': b'-- Up-to-date: /home/px4/ros2/ws/install/px4_msgs/include/px4_msgs/px4_msgs/msg/detail/sensor_accel_fifo__rosidl_typesupport_introspection_c.h\n'}
[2.703890] (px4_msgs) StdoutLine: {'line': b'-- Up-to-date: /home/px4/ros2/ws/install/px4_msgs/include/px4_msgs/px4_msgs/msg/detail/gimbal_device_attitude_status__rosidl_typesupport_introspection_c.h\n'}
[2.703972] (px4_msgs) StdoutLine: {'line': b'-- Up-to-date: /home/px4/ros2/ws/install/px4_msgs/include/px4_msgs/px4_msgs/msg/detail/sensor_optical_flow__type_support.c\n'}
[2.704042] (px4_msgs) StdoutLine: {'line': b'-- Up-to-date: /home/px4/ros2/ws/install/px4_msgs/include/px4_msgs/px4_msgs/msg/detail/yaw_estimator_status__rosidl_typesupport_introspection_c.h\n'}
[2.704124] (px4_msgs) StdoutLine: {'line': b'-- Up-to-date: /home/px4/ros2/ws/install/px4_msgs/include/px4_msgs/px4_msgs/msg/detail/rover_steering_setpoint__type_support.c\n'}
[2.704251] (px4_msgs) StdoutLine: {'line': b'-- Up-to-date: /home/px4/ros2/ws/install/px4_msgs/include/px4_msgs/px4_msgs/msg/detail/parameter_set_value_response__rosidl_typesupport_introspection_c.h\n'}
[2.704357] (px4_msgs) StdoutLine: {'line': b'-- Up-to-date: /home/px4/ros2/ws/install/px4_msgs/include/px4_msgs/px4_msgs/msg/detail/gpio_in__rosidl_typesupport_introspection_c.h\n'}
[2.704428] (px4_msgs) StdoutLine: {'line': b'-- Up-to-date: /home/px4/ros2/ws/install/px4_msgs/include/px4_msgs/px4_msgs/msg/detail/dataman_request__type_support.c\n'}
[2.704525] (-) TimerEvent: {}
[2.704653] (px4_msgs) StdoutLine: {'line': b'-- Up-to-date: /home/px4/ros2/ws/install/px4_msgs/include/px4_msgs/px4_msgs/msg/detail/sensor_gps__rosidl_typesupport_introspection_c.h\n'}
[2.704758] (px4_msgs) StdoutLine: {'line': b'-- Up-to-date: /home/px4/ros2/ws/install/px4_msgs/include/px4_msgs/px4_msgs/msg/detail/vehicle_optical_flow_vel__type_support.c\n'}
[2.704840] (px4_msgs) StdoutLine: {'line': b'-- Up-to-date: /home/px4/ros2/ws/install/px4_msgs/include/px4_msgs/px4_msgs/msg/detail/rover_steering_setpoint__rosidl_typesupport_introspection_c.h\n'}
[2.704914] (px4_msgs) StdoutLine: {'line': b'-- Up-to-date: /home/px4/ros2/ws/install/px4_msgs/include/px4_msgs/px4_msgs/msg/detail/arming_check_reply__rosidl_typesupport_introspection_c.h\n'}
[2.705041] (px4_msgs) StdoutLine: {'line': b'-- Up-to-date: /home/px4/ros2/ws/install/px4_msgs/include/px4_msgs/px4_msgs/msg/detail/geofence_status__type_support.c\n'}
[2.705139] (px4_msgs) StdoutLine: {'line': b'-- Up-to-date: /home/px4/ros2/ws/install/px4_msgs/include/px4_msgs/px4_msgs/msg/detail/input_rc__type_support.c\n'}
[2.705236] (px4_msgs) StdoutLine: {'line': b'-- Up-to-date: /home/px4/ros2/ws/install/px4_msgs/include/px4_msgs/px4_msgs/msg/detail/sensor_baro__type_support.c\n'}
[2.705595] (px4_msgs) StdoutLine: {'line': b'-- Up-to-date: /home/px4/ros2/ws/install/px4_msgs/include/px4_msgs/px4_msgs/msg/detail/longitudinal_control_configuration__rosidl_typesupport_introspection_c.h\n'}
[2.705709] (px4_msgs) StdoutLine: {'line': b'-- Up-to-date: /home/px4/ros2/ws/install/px4_msgs/include/px4_msgs/px4_msgs/msg/detail/sensor_correction__rosidl_typesupport_introspection_c.h\n'}
[2.705894] (px4_msgs) StdoutLine: {'line': b'-- Up-to-date: /home/px4/ros2/ws/install/px4_msgs/include/px4_msgs/px4_msgs/msg/detail/can_interface_status__rosidl_typesupport_introspection_c.h\n'}
[2.705979] (px4_msgs) StdoutLine: {'line': b'-- Up-to-date: /home/px4/ros2/ws/install/px4_msgs/include/px4_msgs/px4_msgs/msg/detail/config_overrides__rosidl_typesupport_introspection_c.h\n'}
[2.706049] (px4_msgs) StdoutLine: {'line': b'-- Up-to-date: /home/px4/ros2/ws/install/px4_msgs/include/px4_msgs/px4_msgs/msg/detail/vehicle_angular_velocity__rosidl_typesupport_introspection_c.h\n'}
[2.706345] (px4_msgs) StdoutLine: {'line': b'-- Up-to-date: /home/px4/ros2/ws/install/px4_msgs/include/px4_msgs/px4_msgs/msg/detail/pure_pursuit_status__type_support.c\n'}
[2.706559] (px4_msgs) StdoutLine: {'line': b'-- Up-to-date: /home/px4/ros2/ws/install/px4_msgs/include/px4_msgs/px4_msgs/msg/detail/gimbal_manager_information__type_support.c\n'}
[2.706646] (px4_msgs) StdoutLine: {'line': b'-- Up-to-date: /home/px4/ros2/ws/install/px4_msgs/include/px4_msgs/px4_msgs/msg/detail/sensor_gyro_fifo__rosidl_typesupport_introspection_c.h\n'}
[2.706754] (px4_msgs) StdoutLine: {'line': b'-- Up-to-date: /home/px4/ros2/ws/install/px4_msgs/include/px4_msgs/px4_msgs/msg/detail/position_controller_landing_status__type_support.c\n'}
[2.706937] (px4_msgs) StdoutLine: {'line': b'-- Up-to-date: /home/px4/ros2/ws/install/px4_msgs/include/px4_msgs/px4_msgs/msg/detail/internal_combustion_engine_status__type_support.c\n'}
[2.707046] (px4_msgs) StdoutLine: {'line': b'-- Up-to-date: /home/px4/ros2/ws/install/px4_msgs/include/px4_msgs/px4_msgs/msg/detail/rover_attitude_status__rosidl_typesupport_introspection_c.h\n'}
[2.707167] (px4_msgs) StdoutLine: {'line': b'-- Up-to-date: /home/px4/ros2/ws/install/px4_msgs/include/px4_msgs/px4_msgs/msg/detail/uavcan_parameter_value__type_support.c\n'}
[2.707300] (px4_msgs) StdoutLine: {'line': b'-- Up-to-date: /home/px4/ros2/ws/install/px4_msgs/include/px4_msgs/px4_msgs/msg/detail/vehicle_thrust_setpoint__type_support.c\n'}
[2.707424] (px4_msgs) StdoutLine: {'line': b'-- Up-to-date: /home/px4/ros2/ws/install/px4_msgs/include/px4_msgs/px4_msgs/msg/detail/distance_sensor__type_support.c\n'}
[2.707515] (px4_msgs) StdoutLine: {'line': b'-- Up-to-date: /home/px4/ros2/ws/install/px4_msgs/include/px4_msgs/px4_msgs/msg/detail/open_drone_id_operator_id__rosidl_typesupport_introspection_c.h\n'}
[2.707669] (px4_msgs) StdoutLine: {'line': b'-- Up-to-date: /home/px4/ros2/ws/install/px4_msgs/include/px4_msgs/px4_msgs/msg/detail/system_power__type_support.c\n'}
[2.707764] (px4_msgs) StdoutLine: {'line': b'-- Up-to-date: /home/px4/ros2/ws/install/px4_msgs/include/px4_msgs/px4_msgs/msg/detail/vehicle_local_position_setpoint__rosidl_typesupport_introspection_c.h\n'}
[2.707874] (px4_msgs) StdoutLine: {'line': b'-- Up-to-date: /home/px4/ros2/ws/install/px4_msgs/include/px4_msgs/px4_msgs/msg/detail/open_drone_id_self_id__rosidl_typesupport_introspection_c.h\n'}
[2.707974] (px4_msgs) StdoutLine: {'line': b'-- Up-to-date: /home/px4/ros2/ws/install/px4_msgs/include/px4_msgs/px4_msgs/msg/detail/rover_throttle_setpoint__type_support.c\n'}
[2.708072] (px4_msgs) StdoutLine: {'line': b'-- Up-to-date: /home/px4/ros2/ws/install/px4_msgs/include/px4_msgs/px4_msgs/msg/detail/landing_target_innovations__type_support.c\n'}
[2.708168] (px4_msgs) StdoutLine: {'line': b'-- Up-to-date: /home/px4/ros2/ws/install/px4_msgs/include/px4_msgs/px4_msgs/msg/detail/vehicle_odometry__rosidl_typesupport_introspection_c.h\n'}
[2.708293] (px4_msgs) StdoutLine: {'line': b'-- Up-to-date: /home/px4/ros2/ws/install/px4_msgs/include/px4_msgs/px4_msgs/msg/detail/radio_status__rosidl_typesupport_introspection_c.h\n'}
[2.708392] (px4_msgs) StdoutLine: {'line': b'-- Up-to-date: /home/px4/ros2/ws/install/px4_msgs/include/px4_msgs/px4_msgs/msg/detail/rover_throttle_setpoint__rosidl_typesupport_introspection_c.h\n'}
[2.708489] (px4_msgs) StdoutLine: {'line': b'-- Up-to-date: /home/px4/ros2/ws/install/px4_msgs/include/px4_msgs/px4_msgs/msg/detail/mount_orientation__rosidl_typesupport_introspection_c.h\n'}
[2.708586] (px4_msgs) StdoutLine: {'line': b'-- Up-to-date: /home/px4/ros2/ws/install/px4_msgs/include/px4_msgs/px4_msgs/msg/detail/register_ext_component_request__rosidl_typesupport_introspection_c.h\n'}
[2.708682] (px4_msgs) StdoutLine: {'line': b'-- Up-to-date: /home/px4/ros2/ws/install/px4_msgs/include/px4_msgs/px4_msgs/msg/detail/flight_phase_estimation__rosidl_typesupport_introspection_c.h\n'}
[2.708778] (px4_msgs) StdoutLine: {'line': b'-- Up-to-date: /home/px4/ros2/ws/install/px4_msgs/include/px4_msgs/px4_msgs/msg/detail/gps_inject_data__type_support.c\n'}
[2.708873] (px4_msgs) StdoutLine: {'line': b'-- Up-to-date: /home/px4/ros2/ws/install/px4_msgs/include/px4_msgs/px4_msgs/msg/detail/distance_sensor_mode_change_request__rosidl_typesupport_introspection_c.h\n'}
[2.709024] (px4_msgs) StdoutLine: {'line': b'-- Up-to-date: /home/px4/ros2/ws/install/px4_msgs/include/px4_msgs/px4_msgs/msg/detail/vehicle_torque_setpoint__rosidl_typesupport_introspection_c.h\n'}
[2.709121] (px4_msgs) StdoutLine: {'line': b'-- Up-to-date: /home/px4/ros2/ws/install/px4_msgs/include/px4_msgs/px4_msgs/msg/detail/landing_target_innovations__rosidl_typesupport_introspection_c.h\n'}
[2.709227] (px4_msgs) StdoutLine: {'line': b'-- Up-to-date: /home/px4/ros2/ws/install/px4_msgs/include/px4_msgs/px4_msgs/msg/detail/esc_status__rosidl_typesupport_introspection_c.h\n'}
[2.709353] (px4_msgs) StdoutLine: {'line': b'-- Up-to-date: /home/px4/ros2/ws/install/px4_msgs/include/px4_msgs/px4_msgs/msg/detail/power_button_state__rosidl_typesupport_introspection_c.h\n'}
[2.709449] (px4_msgs) StdoutLine: {'line': b'-- Up-to-date: /home/px4/ros2/ws/install/px4_msgs/include/px4_msgs/px4_msgs/msg/detail/camera_trigger__type_support.c\n'}
[2.709550] (px4_msgs) StdoutLine: {'line': b'-- Up-to-date: /home/px4/ros2/ws/install/px4_msgs/include/px4_msgs/px4_msgs/msg/detail/generator_status__type_support.c\n'}
[2.709644] (px4_msgs) StdoutLine: {'line': b'-- Up-to-date: /home/px4/ros2/ws/install/px4_msgs/include/px4_msgs/px4_msgs/msg/detail/vehicle_control_mode__type_support.c\n'}
[2.709762] (px4_msgs) StdoutLine: {'line': b'-- Up-to-date: /home/px4/ros2/ws/install/px4_msgs/include/px4_msgs/px4_msgs/msg/detail/esc_report__type_support.c\n'}
[2.709853] (px4_msgs) StdoutLine: {'line': b'-- Up-to-date: /home/px4/ros2/ws/install/px4_msgs/include/px4_msgs/px4_msgs/msg/detail/camera_trigger__rosidl_typesupport_introspection_c.h\n'}
[2.709957] (px4_msgs) StdoutLine: {'line': b'-- Up-to-date: /home/px4/ros2/ws/install/px4_msgs/include/px4_msgs/px4_msgs/msg/detail/sensors_status_imu__type_support.c\n'}
[2.710046] (px4_msgs) StdoutLine: {'line': b'-- Up-to-date: /home/px4/ros2/ws/install/px4_msgs/include/px4_msgs/px4_msgs/msg/detail/vehicle_command_ack__rosidl_typesupport_introspection_c.h\n'}
[2.710136] (px4_msgs) StdoutLine: {'line': b'-- Up-to-date: /home/px4/ros2/ws/install/px4_msgs/include/px4_msgs/px4_msgs/msg/detail/rtl_time_estimate__type_support.c\n'}
[2.710240] (px4_msgs) StdoutLine: {'line': b'-- Up-to-date: /home/px4/ros2/ws/install/px4_msgs/include/px4_msgs/px4_msgs/msg/detail/satellite_info__type_support.c\n'}
[2.710340] (px4_msgs) StdoutLine: {'line': b'-- Up-to-date: /home/px4/ros2/ws/install/px4_msgs/include/px4_msgs/px4_msgs/msg/detail/gimbal_manager_set_attitude__type_support.c\n'}
[2.710560] (px4_msgs) StdoutLine: {'line': b'-- Up-to-date: /home/px4/ros2/ws/install/px4_msgs/include/px4_msgs/px4_msgs/msg/detail/vehicle_rates_setpoint__rosidl_typesupport_introspection_c.h\n'}
[2.710705] (px4_msgs) StdoutLine: {'line': b'-- Up-to-date: /home/px4/ros2/ws/install/px4_msgs/include/px4_msgs/px4_msgs/msg/detail/sensor_mag__type_support.c\n'}
[2.710855] (px4_msgs) StdoutLine: {'line': b'-- Up-to-date: /home/px4/ros2/ws/install/px4_msgs/include/px4_msgs/px4_msgs/msg/detail/actuator_controls_status__rosidl_typesupport_introspection_c.h\n'}
[2.710993] (px4_msgs) StdoutLine: {'line': b'-- Up-to-date: /home/px4/ros2/ws/install/px4_msgs/include/px4_msgs/px4_msgs/msg/detail/rover_attitude_setpoint__type_support.c\n'}
[2.711102] (px4_msgs) StdoutLine: {'line': b'-- Up-to-date: /home/px4/ros2/ws/install/px4_msgs/include/px4_msgs/px4_msgs/msg/detail/log_message__rosidl_typesupport_introspection_c.h\n'}
[2.711306] (px4_msgs) StdoutLine: {'line': b'-- Up-to-date: /home/px4/ros2/ws/install/px4_msgs/include/px4_msgs/px4_msgs/msg/detail/rtl_time_estimate__rosidl_typesupport_introspection_c.h\n'}
[2.711426] (px4_msgs) StdoutLine: {'line': b'-- Up-to-date: /home/px4/ros2/ws/install/px4_msgs/include/px4_msgs/px4_msgs/msg/detail/parameter_set_value_request__type_support.c\n'}
[2.711553] (px4_msgs) StdoutLine: {'line': b'-- Up-to-date: /home/px4/ros2/ws/install/px4_msgs/include/px4_msgs/px4_msgs/msg/detail/vehicle_status__rosidl_typesupport_introspection_c.h\n'}
[2.711653] (px4_msgs) StdoutLine: {'line': b'-- Up-to-date: /home/px4/ros2/ws/install/px4_msgs/include/px4_msgs/px4_msgs/msg/detail/internal_combustion_engine_control__type_support.c\n'}
[2.711749] (px4_msgs) StdoutLine: {'line': b'-- Up-to-date: /home/px4/ros2/ws/install/px4_msgs/include/px4_msgs/px4_msgs/msg/detail/normalized_unsigned_setpoint__rosidl_typesupport_introspection_c.h\n'}
[2.711843] (px4_msgs) StdoutLine: {'line': b'-- Up-to-date: /home/px4/ros2/ws/install/px4_msgs/include/px4_msgs/px4_msgs/msg/detail/pps_capture__rosidl_typesupport_introspection_c.h\n'}
[2.711936] (px4_msgs) StdoutLine: {'line': b'-- Up-to-date: /home/px4/ros2/ws/install/px4_msgs/include/px4_msgs/px4_msgs/msg/detail/ping__type_support.c\n'}
[2.712034] (px4_msgs) StdoutLine: {'line': b'-- Up-to-date: /home/px4/ros2/ws/install/px4_msgs/include/px4_msgs/px4_msgs/msg/detail/sensor_airflow__type_support.c\n'}
[2.712126] (px4_msgs) StdoutLine: {'line': b'-- Up-to-date: /home/px4/ros2/ws/install/px4_msgs/include/px4_msgs/px4_msgs/msg/detail/estimator_states__rosidl_typesupport_introspection_c.h\n'}
[2.712283] (px4_msgs) StdoutLine: {'line': b'-- Up-to-date: /home/px4/ros2/ws/install/px4_msgs/include/px4_msgs/px4_msgs/msg/detail/vehicle_land_detected__type_support.c\n'}
[2.712383] (px4_msgs) StdoutLine: {'line': b'-- Up-to-date: /home/px4/ros2/ws/install/px4_msgs/include/px4_msgs/px4_msgs/msg/detail/follow_target_estimator__rosidl_typesupport_introspection_c.h\n'}
[2.712453] (px4_msgs) StdoutLine: {'line': b'-- Up-to-date: /home/px4/ros2/ws/install/px4_msgs/include/px4_msgs/px4_msgs/msg/detail/debug_key_value__rosidl_typesupport_introspection_c.h\n'}
[2.712558] (px4_msgs) StdoutLine: {'line': b'-- Up-to-date: /home/px4/ros2/ws/install/px4_msgs/include/px4_msgs/px4_msgs/msg/detail/sensor_gps__type_support.c\n'}
[2.712640] (px4_msgs) StdoutLine: {'line': b'-- Up-to-date: /home/px4/ros2/ws/install/px4_msgs/include/px4_msgs/px4_msgs/msg/detail/figure_eight_status__type_support.c\n'}
[2.712710] (px4_msgs) StdoutLine: {'line': b'-- Up-to-date: /home/px4/ros2/ws/install/px4_msgs/include/px4_msgs/px4_msgs/msg/detail/velocity_limits__type_support.c\n'}
[2.712790] (px4_msgs) StdoutLine: {'line': b'-- Up-to-date: /home/px4/ros2/ws/install/px4_msgs/include/px4_msgs/px4_msgs/msg/detail/vehicle_command_ack__type_support.c\n'}
[2.712854] (px4_msgs) StdoutLine: {'line': b'-- Up-to-date: /home/px4/ros2/ws/install/px4_msgs/include/px4_msgs/px4_msgs/msg/detail/rtl_status__rosidl_typesupport_introspection_c.h\n'}
[2.712952] (px4_msgs) StdoutLine: {'line': b'-- Up-to-date: /home/px4/ros2/ws/install/px4_msgs/include/px4_msgs/px4_msgs/msg/detail/system_power__rosidl_typesupport_introspection_c.h\n'}
[2.713049] (px4_msgs) StdoutLine: {'line': b'-- Up-to-date: /home/px4/ros2/ws/install/px4_msgs/include/px4_msgs/px4_msgs/msg/detail/estimator_states__type_support.c\n'}
[2.713143] (px4_msgs) StdoutLine: {'line': b'-- Up-to-date: /home/px4/ros2/ws/install/px4_msgs/include/px4_msgs/px4_msgs/msg/detail/vehicle_attitude__type_support.c\n'}
[2.713293] (px4_msgs) StdoutLine: {'line': b'-- Up-to-date: /home/px4/ros2/ws/install/px4_msgs/include/px4_msgs/px4_msgs/msg/detail/airspeed_wind__type_support.c\n'}
[2.713401] (px4_msgs) StdoutLine: {'line': b'-- Up-to-date: /home/px4/ros2/ws/install/px4_msgs/include/px4_msgs/px4_msgs/msg/detail/actuator_servos__rosidl_typesupport_introspection_c.h\n'}
[2.713502] (px4_msgs) StdoutLine: {'line': b'-- Up-to-date: /home/px4/ros2/ws/install/px4_msgs/include/px4_msgs/px4_msgs/msg/detail/sensors_status__rosidl_typesupport_introspection_c.h\n'}
[2.713580] (px4_msgs) StdoutLine: {'line': b'-- Up-to-date: /home/px4/ros2/ws/install/px4_msgs/include/px4_msgs/px4_msgs/msg/detail/gimbal_device_information__type_support.c\n'}
[2.713671] (px4_msgs) StdoutLine: {'line': b'-- Up-to-date: /home/px4/ros2/ws/install/px4_msgs/include/px4_msgs/px4_msgs/msg/detail/open_drone_id_system__rosidl_typesupport_introspection_c.h\n'}
[2.713761] (px4_msgs) StdoutLine: {'line': b'-- Up-to-date: /home/px4/ros2/ws/install/px4_msgs/include/px4_msgs/px4_msgs/msg/detail/navigator_mission_item__rosidl_typesupport_introspection_c.h\n'}
[2.713854] (px4_msgs) StdoutLine: {'line': b'-- Up-to-date: /home/px4/ros2/ws/install/px4_msgs/include/px4_msgs/px4_msgs/msg/detail/debug_vect__rosidl_typesupport_introspection_c.h\n'}
[2.713942] (px4_msgs) StdoutLine: {'line': b'-- Up-to-date: /home/px4/ros2/ws/install/px4_msgs/include/px4_msgs/px4_msgs/msg/detail/power_monitor__rosidl_typesupport_introspection_c.h\n'}
[2.714043] (px4_msgs) StdoutLine: {'line': b'-- Up-to-date: /home/px4/ros2/ws/install/px4_msgs/include/px4_msgs/px4_msgs/msg/detail/satellite_info__rosidl_typesupport_introspection_c.h\n'}
[2.714227] (px4_msgs) StdoutLine: {'line': b'-- Up-to-date: /home/px4/ros2/ws/install/px4_msgs/include/px4_msgs/px4_msgs/msg/detail/follow_target_estimator__type_support.c\n'}
[2.714327] (px4_msgs) StdoutLine: {'line': b'-- Up-to-date: /home/px4/ros2/ws/install/px4_msgs/include/px4_msgs/px4_msgs/msg/detail/mavlink_log__type_support.c\n'}
[2.714399] (px4_msgs) StdoutLine: {'line': b'-- Up-to-date: /home/px4/ros2/ws/install/px4_msgs/include/px4_msgs/px4_msgs/msg/detail/vehicle_acceleration__type_support.c\n'}
[2.714466] (px4_msgs) StdoutLine: {'line': b'-- Up-to-date: /home/px4/ros2/ws/install/px4_msgs/include/px4_msgs/px4_msgs/msg/detail/sensor_preflight_mag__type_support.c\n'}
[2.714571] (px4_msgs) StdoutLine: {'line': b'-- Up-to-date: /home/px4/ros2/ws/install/px4_msgs/include/px4_msgs/px4_msgs/msg/detail/irlock_report__rosidl_typesupport_introspection_c.h\n'}
[2.714674] (px4_msgs) StdoutLine: {'line': b'-- Up-to-date: /home/px4/ros2/ws/install/px4_msgs/include/px4_msgs/px4_msgs/msg/detail/control_allocator_status__type_support.c\n'}
[2.714796] (px4_msgs) StdoutLine: {'line': b'-- Up-to-date: /home/px4/ros2/ws/install/px4_msgs/include/px4_msgs/px4_msgs/msg/detail/vehicle_air_data__rosidl_typesupport_introspection_c.h\n'}
[2.714899] (px4_msgs) StdoutLine: {'line': b'-- Up-to-date: /home/px4/ros2/ws/install/px4_msgs/include/px4_msgs/px4_msgs/msg/detail/fixed_wing_lateral_setpoint__type_support.c\n'}
[2.715088] (px4_msgs) StdoutLine: {'line': b'-- Up-to-date: /home/px4/ros2/ws/install/px4_msgs/include/px4_msgs/px4_msgs/msg/detail/neural_control__type_support.c\n'}
[2.715289] (px4_msgs) StdoutLine: {'line': b'-- Up-to-date: /home/px4/ros2/ws/install/px4_msgs/include/px4_msgs/px4_msgs/msg/detail/timesync_status__rosidl_typesupport_introspection_c.h\n'}
[2.715472] (px4_msgs) StdoutLine: {'line': b'-- Up-to-date: /home/px4/ros2/ws/install/px4_msgs/include/px4_msgs/px4_msgs/msg/detail/obstacle_distance__type_support.c\n'}
[2.715672] (px4_msgs) StdoutLine: {'line': b'-- Up-to-date: /home/px4/ros2/ws/install/px4_msgs/include/px4_msgs/px4_msgs/msg/detail/adc_report__rosidl_typesupport_introspection_c.h\n'}
[2.715796] (px4_msgs) StdoutLine: {'line': b'-- Up-to-date: /home/px4/ros2/ws/install/px4_msgs/include/px4_msgs/px4_msgs/msg/detail/trajectory_setpoint6dof__type_support.c\n'}
[2.715903] (px4_msgs) StdoutLine: {'line': b'-- Up-to-date: /home/px4/ros2/ws/install/px4_msgs/include/px4_msgs/px4_msgs/msg/detail/vehicle_thrust_setpoint__rosidl_typesupport_introspection_c.h\n'}
[2.716009] (px4_msgs) StdoutLine: {'line': b'-- Up-to-date: /home/px4/ros2/ws/install/px4_msgs/include/px4_msgs/px4_msgs/msg/detail/gimbal_manager_set_manual_control__type_support.c\n'}
[2.716111] (px4_msgs) StdoutLine: {'line': b'-- Up-to-date: /home/px4/ros2/ws/install/px4_msgs/include/px4_msgs/px4_msgs/msg/detail/geofence_status__rosidl_typesupport_introspection_c.h\n'}
[2.716228] (px4_msgs) StdoutLine: {'line': b'-- Up-to-date: /home/px4/ros2/ws/install/px4_msgs/include/px4_msgs/px4_msgs/msg/detail/fixed_wing_runway_control__rosidl_typesupport_introspection_c.h\n'}
[2.716397] (px4_msgs) StdoutLine: {'line': b'-- Up-to-date: /home/px4/ros2/ws/install/px4_msgs/include/px4_msgs/px4_msgs/msg/detail/wind__type_support.c\n'}
[2.716510] (px4_msgs) StdoutLine: {'line': b'-- Up-to-date: /home/px4/ros2/ws/install/px4_msgs/include/px4_msgs/px4_msgs/msg/detail/gimbal_manager_set_attitude__rosidl_typesupport_introspection_c.h\n'}
[2.716629] (px4_msgs) StdoutLine: {'line': b'-- Up-to-date: /home/px4/ros2/ws/install/px4_msgs/include/px4_msgs/px4_msgs/msg/detail/lateral_control_configuration__type_support.c\n'}
[2.716738] (px4_msgs) StdoutLine: {'line': b'-- Up-to-date: /home/px4/ros2/ws/install/px4_msgs/include/px4_msgs/px4_msgs/msg/detail/airspeed_validated__type_support.c\n'}
[2.716844] (px4_msgs) StdoutLine: {'line': b'-- Up-to-date: /home/px4/ros2/ws/install/px4_msgs/include/px4_msgs/px4_msgs/msg/detail/trajectory_setpoint__type_support.c\n'}
[2.716946] (px4_msgs) StdoutLine: {'line': b'-- Up-to-date: /home/px4/ros2/ws/install/px4_msgs/include/px4_msgs/px4_msgs/msg/detail/wind__rosidl_typesupport_introspection_c.h\n'}
[2.717047] (px4_msgs) StdoutLine: {'line': b'-- Up-to-date: /home/px4/ros2/ws/install/px4_msgs/include/px4_msgs/px4_msgs/msg/detail/failure_detector_status__rosidl_typesupport_introspection_c.h\n'}
[2.717158] (px4_msgs) StdoutLine: {'line': b'-- Up-to-date: /home/px4/ros2/ws/install/px4_msgs/include/px4_msgs/px4_msgs/msg/detail/landing_gear__rosidl_typesupport_introspection_c.h\n'}
[2.717381] (px4_msgs) StdoutLine: {'line': b'-- Up-to-date: /home/px4/ros2/ws/install/px4_msgs/include/px4_msgs/px4_msgs/msg/detail/gimbal_manager_status__rosidl_typesupport_introspection_c.h\n'}
[2.717558] (px4_msgs) StdoutLine: {'line': b'-- Up-to-date: /home/px4/ros2/ws/install/px4_msgs/include/px4_msgs/px4_msgs/msg/detail/cellular_status__rosidl_typesupport_introspection_c.h\n'}
[2.717678] (px4_msgs) StdoutLine: {'line': b'-- Up-to-date: /home/px4/ros2/ws/install/px4_msgs/include/px4_msgs/px4_msgs/msg/detail/wheel_encoders__type_support.c\n'}
[2.717853] (px4_msgs) StdoutLine: {'line': b'-- Up-to-date: /home/px4/ros2/ws/install/px4_msgs/include/px4_msgs/px4_msgs/msg/detail/estimator_innovations__type_support.c\n'}
[2.717965] (px4_msgs) StdoutLine: {'line': b'-- Up-to-date: /home/px4/ros2/ws/install/px4_msgs/include/px4_msgs/px4_msgs/msg/detail/sensor_preflight_mag__rosidl_typesupport_introspection_c.h\n'}
[2.718082] (px4_msgs) StdoutLine: {'line': b'-- Up-to-date: /home/px4/ros2/ws/install/px4_msgs/include/px4_msgs/px4_msgs/msg/detail/sensor_selection__rosidl_typesupport_introspection_c.h\n'}
[2.718242] (px4_msgs) StdoutLine: {'line': b'-- Up-to-date: /home/px4/ros2/ws/install/px4_msgs/include/px4_msgs/px4_msgs/msg/detail/px4io_status__rosidl_typesupport_introspection_c.h\n'}
[2.718351] (px4_msgs) StdoutLine: {'line': b'-- Up-to-date: /home/px4/ros2/ws/install/px4_msgs/include/px4_msgs/px4_msgs/msg/detail/offboard_control_mode__rosidl_typesupport_introspection_c.h\n'}
[2.718447] (px4_msgs) StdoutLine: {'line': b'-- Up-to-date: /home/px4/ros2/ws/install/px4_msgs/include/px4_msgs/px4_msgs/msg/detail/fixed_wing_lateral_guidance_status__type_support.c\n'}
[2.718592] (px4_msgs) StdoutLine: {'line': b'-- Up-to-date: /home/px4/ros2/ws/install/px4_msgs/include/px4_msgs/px4_msgs/msg/detail/rate_ctrl_status__rosidl_typesupport_introspection_c.h\n'}
[2.718666] (px4_msgs) StdoutLine: {'line': b'-- Up-to-date: /home/px4/ros2/ws/install/px4_msgs/include/px4_msgs/px4_msgs/msg/detail/task_stack_info__rosidl_typesupport_introspection_c.h\n'}
[2.718731] (px4_msgs) StdoutLine: {'line': b'-- Up-to-date: /home/px4/ros2/ws/install/px4_msgs/include/px4_msgs/px4_msgs/msg/detail/tune_control__rosidl_typesupport_introspection_c.h\n'}
[2.718796] (px4_msgs) StdoutLine: {'line': b'-- Up-to-date: /home/px4/ros2/ws/install/px4_msgs/include/px4_msgs/px4_msgs/msg/detail/takeoff_status__type_support.c\n'}
[2.718875] (px4_msgs) StdoutLine: {'line': b'-- Up-to-date: /home/px4/ros2/ws/install/px4_msgs/include/px4_msgs/px4_msgs/msg/detail/led_control__type_support.c\n'}
[2.718957] (px4_msgs) StdoutLine: {'line': b'-- Up-to-date: /home/px4/ros2/ws/install/px4_msgs/include/px4_msgs/px4_msgs/msg/detail/goto_setpoint__type_support.c\n'}
[2.719036] (px4_msgs) StdoutLine: {'line': b'-- Up-to-date: /home/px4/ros2/ws/install/px4_msgs/include/px4_msgs/px4_msgs/msg/detail/launch_detection_status__type_support.c\n'}
[2.719124] (px4_msgs) StdoutLine: {'line': b'-- Up-to-date: /home/px4/ros2/ws/install/px4_msgs/include/px4_msgs/px4_msgs/msg/detail/gimbal_device_attitude_status__type_support.c\n'}
[2.719215] (px4_msgs) StdoutLine: {'line': b'-- Up-to-date: /home/px4/ros2/ws/install/px4_msgs/include/px4_msgs/px4_msgs/msg/detail/landing_gear_wheel__rosidl_typesupport_introspection_c.h\n'}
[2.719315] (px4_msgs) StdoutLine: {'line': b'-- Up-to-date: /home/px4/ros2/ws/install/px4_msgs/include/px4_msgs/px4_msgs/msg/detail/position_controller_status__type_support.c\n'}
[2.719453] (px4_msgs) StdoutLine: {'line': b'-- Up-to-date: /home/px4/ros2/ws/install/px4_msgs/include/px4_msgs/px4_msgs/msg/detail/vehicle_command__rosidl_typesupport_introspection_c.h\n'}
[2.719561] (px4_msgs) StdoutLine: {'line': b'-- Up-to-date: /home/px4/ros2/ws/install/px4_msgs/include/px4_msgs/px4_msgs/msg/detail/manual_control_setpoint__rosidl_typesupport_introspection_c.h\n'}
[2.719670] (px4_msgs) StdoutLine: {'line': b'-- Up-to-date: /home/px4/ros2/ws/install/px4_msgs/include/px4_msgs/px4_msgs/msg/detail/rover_rate_setpoint__rosidl_typesupport_introspection_c.h\n'}
[2.719841] (px4_msgs) StdoutLine: {'line': b'-- Up-to-date: /home/px4/ros2/ws/install/px4_msgs/include/px4_msgs/px4_msgs/msg/detail/orb_test_large__type_support.c\n'}
[2.719931] (px4_msgs) StdoutLine: {'line': b'-- Up-to-date: /home/px4/ros2/ws/install/px4_msgs/include/px4_msgs/px4_msgs/msg/detail/autotune_attitude_control_status__rosidl_typesupport_introspection_c.h\n'}
[2.720061] (px4_msgs) StdoutLine: {'line': b'-- Up-to-date: /home/px4/ros2/ws/install/px4_msgs/include/px4_msgs/px4_msgs/msg/detail/vehicle_local_position__rosidl_typesupport_introspection_c.h\n'}
[2.720135] (px4_msgs) StdoutLine: {'line': b'-- Up-to-date: /home/px4/ros2/ws/install/px4_msgs/include/px4_msgs/px4_msgs/msg/detail/sensor_combined__type_support.c\n'}
[2.720224] (px4_msgs) StdoutLine: {'line': b'-- Up-to-date: /home/px4/ros2/ws/install/px4_msgs/include/px4_msgs/px4_msgs/msg/detail/position_controller_landing_status__rosidl_typesupport_introspection_c.h\n'}
[2.720350] (px4_msgs) StdoutLine: {'line': b'-- Up-to-date: /home/px4/ros2/ws/install/px4_msgs/include/px4_msgs/px4_msgs/msg/detail/ulog_stream__rosidl_typesupport_introspection_c.h\n'}
[2.720454] (px4_msgs) StdoutLine: {'line': b'-- Up-to-date: /home/px4/ros2/ws/install/px4_msgs/include/px4_msgs/px4_msgs/msg/detail/rate_ctrl_status__type_support.c\n'}
[2.720553] (px4_msgs) StdoutLine: {'line': b'-- Up-to-date: /home/px4/ros2/ws/install/px4_msgs/include/px4_msgs/px4_msgs/msg/detail/debug_vect__type_support.c\n'}
[2.720649] (px4_msgs) StdoutLine: {'line': b'-- Up-to-date: /home/px4/ros2/ws/install/px4_msgs/include/px4_msgs/px4_msgs/msg/detail/goto_setpoint__rosidl_typesupport_introspection_c.h\n'}
[2.720745] (px4_msgs) StdoutLine: {'line': b'-- Up-to-date: /home/px4/ros2/ws/install/px4_msgs/include/px4_msgs/px4_msgs/msg/detail/fixed_wing_lateral_guidance_status__rosidl_typesupport_introspection_c.h\n'}
[2.720838] (px4_msgs) StdoutLine: {'line': b'-- Up-to-date: /home/px4/ros2/ws/install/px4_msgs/include/px4_msgs/px4_msgs/msg/detail/fixed_wing_runway_control__type_support.c\n'}
[2.720933] (px4_msgs) StdoutLine: {'line': b'-- Up-to-date: /home/px4/ros2/ws/install/px4_msgs/include/px4_msgs/px4_msgs/msg/detail/log_message__type_support.c\n'}
[2.721025] (px4_msgs) StdoutLine: {'line': b'-- Up-to-date: /home/px4/ros2/ws/install/px4_msgs/include/px4_msgs/px4_msgs/msg/detail/sensor_airflow__rosidl_typesupport_introspection_c.h\n'}
[2.721119] (px4_msgs) StdoutLine: {'line': b'-- Up-to-date: /home/px4/ros2/ws/install/px4_msgs/include/px4_msgs/px4_msgs/msg/detail/input_rc__rosidl_typesupport_introspection_c.h\n'}
[2.721323] (px4_msgs) StdoutLine: {'line': b'-- Up-to-date: /home/px4/ros2/ws/install/px4_msgs/include/px4_msgs/px4_msgs/msg/detail/gripper__type_support.c\n'}
[2.721432] (px4_msgs) StdoutLine: {'line': b'-- Up-to-date: /home/px4/ros2/ws/install/px4_msgs/include/px4_msgs/px4_msgs/msg/detail/sensor_hygrometer__rosidl_typesupport_introspection_c.h\n'}
[2.721515] (px4_msgs) StdoutLine: {'line': b'-- Up-to-date: /home/px4/ros2/ws/install/px4_msgs/include/px4_msgs/px4_msgs/msg/detail/estimator_aid_source2d__type_support.c\n'}
[2.721616] (px4_msgs) StdoutLine: {'line': b'-- Up-to-date: /home/px4/ros2/ws/install/px4_msgs/include/px4_msgs/px4_msgs/msg/detail/dronecan_node_status__type_support.c\n'}
[2.721702] (px4_msgs) StdoutLine: {'line': b'-- Up-to-date: /home/px4/ros2/ws/install/px4_msgs/include/px4_msgs/px4_msgs/msg/detail/debug_value__rosidl_typesupport_introspection_c.h\n'}
[2.721770] (px4_msgs) StdoutLine: {'line': b'-- Up-to-date: /home/px4/ros2/ws/install/px4_msgs/include/px4_msgs/px4_msgs/msg/detail/estimator_event_flags__type_support.c\n'}
[2.721844] (px4_msgs) StdoutLine: {'line': b'-- Up-to-date: /home/px4/ros2/ws/install/px4_msgs/include/px4_msgs/px4_msgs/msg/detail/mode_completed__type_support.c\n'}
[2.721908] (px4_msgs) StdoutLine: {'line': b'-- Up-to-date: /home/px4/ros2/ws/install/px4_msgs/include/px4_msgs/px4_msgs/msg/detail/trajectory_setpoint__rosidl_typesupport_introspection_c.h\n'}
[2.721971] (px4_msgs) StdoutLine: {'line': b'-- Up-to-date: /home/px4/ros2/ws/install/px4_msgs/include/px4_msgs/px4_msgs/msg/detail/heater_status__type_support.c\n'}
[2.722033] (px4_msgs) StdoutLine: {'line': b'-- Up-to-date: /home/px4/ros2/ws/install/px4_msgs/include/px4_msgs/px4_msgs/msg/detail/orb_test_medium__type_support.c\n'}
[2.722104] (px4_msgs) StdoutLine: {'line': b'-- Up-to-date: /home/px4/ros2/ws/install/px4_msgs/include/px4_msgs/px4_msgs/msg/detail/logger_status__type_support.c\n'}
[2.722166] (px4_msgs) StdoutLine: {'line': b'-- Up-to-date: /home/px4/ros2/ws/install/px4_msgs/include/px4_msgs/px4_msgs/msg/detail/distance_sensor__rosidl_typesupport_introspection_c.h\n'}
[2.722257] (px4_msgs) StdoutLine: {'line': b'-- Up-to-date: /home/px4/ros2/ws/install/px4_msgs/include/px4_msgs/px4_msgs/msg/detail/position_setpoint_triplet__type_support.c\n'}
[2.722367] (px4_msgs) StdoutLine: {'line': b'-- Up-to-date: /home/px4/ros2/ws/install/px4_msgs/include/px4_msgs/px4_msgs/msg/detail/vehicle_air_data__type_support.c\n'}
[2.722430] (px4_msgs) StdoutLine: {'line': b'-- Up-to-date: /home/px4/ros2/ws/install/px4_msgs/include/px4_msgs/px4_msgs/msg/detail/orb_test_medium__rosidl_typesupport_introspection_c.h\n'}
[2.722493] (px4_msgs) StdoutLine: {'line': b'-- Up-to-date: /home/px4/ros2/ws/install/px4_msgs/include/px4_msgs/px4_msgs/msg/detail/health_report__type_support.c\n'}
[2.722554] (px4_msgs) StdoutLine: {'line': b'-- Up-to-date: /home/px4/ros2/ws/install/px4_msgs/include/px4_msgs/px4_msgs/msg/detail/estimator_status_flags__rosidl_typesupport_introspection_c.h\n'}
[2.722632] (px4_msgs) StdoutLine: {'line': b'-- Up-to-date: /home/px4/ros2/ws/install/px4_msgs/include/px4_msgs/px4_msgs/msg/detail/rover_velocity_setpoint__rosidl_typesupport_introspection_c.h\n'}
[2.722839] (px4_msgs) StdoutLine: {'line': b'-- Up-to-date: /home/px4/ros2/ws/install/px4_msgs/include/px4_msgs/px4_msgs/msg/detail/vehicle_rates_setpoint__type_support.c\n'}
[2.722949] (px4_msgs) StdoutLine: {'line': b'-- Up-to-date: /home/px4/ros2/ws/install/px4_msgs/include/px4_msgs/px4_msgs/msg/detail/vehicle_global_position__type_support.c\n'}
[2.723017] (px4_msgs) StdoutLine: {'line': b'-- Up-to-date: /home/px4/ros2/ws/install/px4_msgs/include/px4_msgs/px4_msgs/msg/detail/vehicle_angular_acceleration_setpoint__rosidl_typesupport_introspection_c.h\n'}
[2.723100] (px4_msgs) StdoutLine: {'line': b'-- Up-to-date: /home/px4/ros2/ws/install/px4_msgs/include/px4_msgs/px4_msgs/msg/detail/gimbal_manager_status__type_support.c\n'}
[2.723172] (px4_msgs) StdoutLine: {'line': b'-- Up-to-date: /home/px4/ros2/ws/install/px4_msgs/include/px4_msgs/px4_msgs/msg/detail/vehicle_acceleration__rosidl_typesupport_introspection_c.h\n'}
[2.723314] (px4_msgs) StdoutLine: {'line': b'-- Up-to-date: /home/px4/ros2/ws/install/px4_msgs/include/px4_msgs/px4_msgs/msg/detail/mag_worker_data__rosidl_typesupport_introspection_c.h\n'}
[2.723385] (px4_msgs) StdoutLine: {'line': b'-- Up-to-date: /home/px4/ros2/ws/install/px4_msgs/include/px4_msgs/px4_msgs/msg/detail/uavcan_parameter_value__rosidl_typesupport_introspection_c.h\n'}
[2.723449] (px4_msgs) StdoutLine: {'line': b'-- Up-to-date: /home/px4/ros2/ws/install/px4_msgs/include/px4_msgs/px4_msgs/msg/detail/rover_rate_status__rosidl_typesupport_introspection_c.h\n'}
[2.723511] (px4_msgs) StdoutLine: {'line': b'-- Up-to-date: /home/px4/ros2/ws/install/px4_msgs/include/px4_msgs/px4_msgs/msg/detail/gpio_config__type_support.c\n'}
[2.723581] (px4_msgs) StdoutLine: {'line': b'-- Up-to-date: /home/px4/ros2/ws/install/px4_msgs/include/px4_msgs/px4_msgs/msg/detail/sensor_gyro_fifo__type_support.c\n'}
[2.723644] (px4_msgs) StdoutLine: {'line': b'-- Up-to-date: /home/px4/ros2/ws/install/px4_msgs/include/px4_msgs/px4_msgs/msg/detail/takeoff_status__rosidl_typesupport_introspection_c.h\n'}
[2.723705] (px4_msgs) StdoutLine: {'line': b'-- Up-to-date: /home/px4/ros2/ws/install/px4_msgs/include/px4_msgs/px4_msgs/msg/detail/control_allocator_status__rosidl_typesupport_introspection_c.h\n'}
[2.723817] (px4_msgs) StdoutLine: {'line': b'-- Up-to-date: /home/px4/ros2/ws/install/px4_msgs/include/px4_msgs/px4_msgs/msg/detail/sensor_uwb__rosidl_typesupport_introspection_c.h\n'}
[2.723900] (px4_msgs) StdoutLine: {'line': b'-- Up-to-date: /home/px4/ros2/ws/install/px4_msgs/include/px4_msgs/px4_msgs/msg/detail/mag_worker_data__type_support.c\n'}
[2.723963] (px4_msgs) StdoutLine: {'line': b'-- Up-to-date: /home/px4/ros2/ws/install/px4_msgs/include/px4_msgs/px4_msgs/msg/detail/landing_gear__type_support.c\n'}
[2.724048] (px4_msgs) StdoutLine: {'line': b'-- Up-to-date: /home/px4/ros2/ws/install/px4_msgs/include/px4_msgs/px4_msgs/msg/detail/unregister_ext_component__type_support.c\n'}
[2.724200] (px4_msgs) StdoutLine: {'line': b'-- Up-to-date: /home/px4/ros2/ws/install/px4_msgs/include/px4_msgs/px4_msgs/msg/detail/sensor_baro__rosidl_typesupport_introspection_c.h\n'}
[2.724317] (px4_msgs) StdoutLine: {'line': b'-- Up-to-date: /home/px4/ros2/ws/install/px4_msgs/include/px4_msgs/px4_msgs/msg/detail/wheel_encoders__rosidl_typesupport_introspection_c.h\n'}
[2.724409] (px4_msgs) StdoutLine: {'line': b'-- Up-to-date: /home/px4/ros2/ws/install/px4_msgs/include/px4_msgs/px4_msgs/msg/detail/mount_orientation__type_support.c\n'}
[2.724472] (px4_msgs) StdoutLine: {'line': b'-- Up-to-date: /home/px4/ros2/ws/install/px4_msgs/include/px4_msgs/px4_msgs/msg/detail/ulog_stream__type_support.c\n'}
[2.724531] (px4_msgs) StdoutLine: {'line': b'-- Up-to-date: /home/px4/ros2/ws/install/px4_msgs/include/px4_msgs/px4_msgs/msg/detail/vehicle_angular_velocity__type_support.c\n'}
[2.724652] (px4_msgs) StdoutLine: {'line': b'-- Up-to-date: /home/px4/ros2/ws/install/px4_msgs/include/px4_msgs/px4_msgs/msg/detail/trajectory_setpoint6dof__rosidl_typesupport_introspection_c.h\n'}
[2.724748] (px4_msgs) StdoutLine: {'line': b'-- Up-to-date: /home/px4/ros2/ws/install/px4_msgs/include/px4_msgs/px4_msgs/msg/detail/vehicle_optical_flow__type_support.c\n'}
[2.724845] (px4_msgs) StdoutLine: {'line': b'-- Up-to-date: /home/px4/ros2/ws/install/px4_msgs/include/px4_msgs/px4_msgs/msg/detail/navigator_status__rosidl_typesupport_introspection_c.h\n'}
[2.725007] (px4_msgs) StdoutLine: {'line': b'-- Up-to-date: /home/px4/ros2/ws/install/px4_msgs/include/px4_msgs/px4_msgs/msg/detail/estimator_aid_source1d__type_support.c\n'}
[2.725115] (px4_msgs) StdoutLine: {'line': b'-- Up-to-date: /home/px4/ros2/ws/install/px4_msgs/include/px4_msgs/px4_msgs/msg/detail/register_ext_component_request__type_support.c\n'}
[2.725208] (px4_msgs) StdoutLine: {'line': b'-- Up-to-date: /home/px4/ros2/ws/install/px4_msgs/include/px4_msgs/px4_msgs/msg/detail/pps_capture__type_support.c\n'}
[2.725328] (px4_msgs) StdoutLine: {'line': b'-- Up-to-date: /home/px4/ros2/ws/install/px4_msgs/include/px4_msgs/px4_msgs/msg/detail/vtol_vehicle_status__rosidl_typesupport_introspection_c.h\n'}
[2.725433] (px4_msgs) StdoutLine: {'line': b'-- Up-to-date: /home/px4/ros2/ws/install/px4_msgs/include/px4_msgs/px4_msgs/msg/detail/vtol_vehicle_status__type_support.c\n'}
[2.725539] (px4_msgs) StdoutLine: {'line': b'-- Up-to-date: /home/px4/ros2/ws/install/px4_msgs/include/px4_msgs/px4_msgs/msg/detail/sensors_status__type_support.c\n'}
[2.725610] (px4_msgs) StdoutLine: {'line': b'-- Up-to-date: /home/px4/ros2/ws/install/px4_msgs/include/px4_msgs/px4_msgs/msg/detail/airspeed__type_support.c\n'}
[2.725679] (px4_msgs) StdoutLine: {'line': b'-- Up-to-date: /home/px4/ros2/ws/install/px4_msgs/include/px4_msgs/px4_msgs/msg/detail/mission_result__type_support.c\n'}
[2.725757] (px4_msgs) StdoutLine: {'line': b'-- Up-to-date: /home/px4/ros2/ws/install/px4_msgs/include/px4_msgs/px4_msgs/msg/detail/led_control__rosidl_typesupport_introspection_c.h\n'}
[2.725847] (px4_msgs) StdoutLine: {'line': b'-- Up-to-date: /home/px4/ros2/ws/install/px4_msgs/include/px4_msgs/px4_msgs/msg/detail/orb_test_large__rosidl_typesupport_introspection_c.h\n'}
[2.725939] (px4_msgs) StdoutLine: {'line': b'-- Up-to-date: /home/px4/ros2/ws/install/px4_msgs/include/px4_msgs/px4_msgs/msg/detail/debug_value__type_support.c\n'}
[2.726027] (px4_msgs) StdoutLine: {'line': b'-- Up-to-date: /home/px4/ros2/ws/install/px4_msgs/include/px4_msgs/px4_msgs/msg/detail/tiltrotor_extra_controls__type_support.c\n'}
[2.726261] (px4_msgs) StdoutLine: {'line': b'-- Up-to-date: /home/px4/ros2/ws/install/px4_msgs/include/px4_msgs/px4_msgs/msg/detail/estimator_bias3d__rosidl_typesupport_introspection_c.h\n'}
[2.726430] (px4_msgs) StdoutLine: {'line': b'-- Up-to-date: /home/px4/ros2/ws/install/px4_msgs/include/px4_msgs/px4_msgs/msg/detail/manual_control_switches__rosidl_typesupport_introspection_c.h\n'}
[2.726557] (px4_msgs) StdoutLine: {'line': b'-- Up-to-date: /home/px4/ros2/ws/install/px4_msgs/include/px4_msgs/px4_msgs/msg/detail/cpuload__type_support.c\n'}
[2.726674] (px4_msgs) StdoutLine: {'line': b'-- Up-to-date: /home/px4/ros2/ws/install/px4_msgs/include/px4_msgs/px4_msgs/msg/detail/qshell_retval__type_support.c\n'}
[2.726786] (px4_msgs) StdoutLine: {'line': b'-- Up-to-date: /home/px4/ros2/ws/install/px4_msgs/include/px4_msgs/px4_msgs/msg/detail/vehicle_imu_status__rosidl_typesupport_introspection_c.h\n'}
[2.726886] (px4_msgs) StdoutLine: {'line': b'-- Up-to-date: /home/px4/ros2/ws/install/px4_msgs/include/px4_msgs/px4_msgs/msg/detail/transponder_report__type_support.c\n'}
[2.726989] (px4_msgs) StdoutLine: {'line': b'-- Up-to-date: /home/px4/ros2/ws/install/px4_msgs/include/px4_msgs/px4_msgs/msg/detail/internal_combustion_engine_status__rosidl_typesupport_introspection_c.h\n'}
[2.727090] (px4_msgs) StdoutLine: {'line': b'-- Up-to-date: /home/px4/ros2/ws/install/px4_msgs/include/px4_msgs/px4_msgs/msg/detail/action_request__type_support.c\n'}
[2.727212] (px4_msgs) StdoutLine: {'line': b'-- Up-to-date: /home/px4/ros2/ws/install/px4_msgs/include/px4_msgs/px4_msgs/msg/detail/home_position__rosidl_typesupport_introspection_c.h\n'}
[2.727384] (px4_msgs) StdoutLine: {'line': b'-- Up-to-date: /home/px4/ros2/ws/install/px4_msgs/include/px4_msgs/px4_msgs/msg/detail/actuator_armed__type_support.c\n'}
[2.727565] (px4_msgs) StdoutLine: {'line': b'-- Up-to-date: /home/px4/ros2/ws/install/px4_msgs/include/px4_msgs/px4_msgs/msg/detail/config_overrides__type_support.c\n'}
[2.727722] (px4_msgs) StdoutLine: {'line': b'-- Up-to-date: /home/px4/ros2/ws/install/px4_msgs/include/px4_msgs/px4_msgs/msg/detail/rover_rate_status__type_support.c\n'}
[2.727838] (px4_msgs) StdoutLine: {'line': b'-- Up-to-date: /home/px4/ros2/ws/install/px4_msgs/include/px4_msgs/px4_msgs/msg/detail/sensor_uwb__type_support.c\n'}
[2.727954] (px4_msgs) StdoutLine: {'line': b'-- Up-to-date: /home/px4/ros2/ws/install/px4_msgs/include/px4_msgs/px4_msgs/msg/detail/collision_constraints__rosidl_typesupport_introspection_c.h\n'}
[2.728097] (px4_msgs) StdoutLine: {'line': b'-- Up-to-date: /home/px4/ros2/ws/install/px4_msgs/include/px4_msgs/px4_msgs/msg/detail/estimator_status__type_support.c\n'}
[2.728266] (px4_msgs) StdoutLine: {'line': b'-- Up-to-date: /home/px4/ros2/ws/install/px4_msgs/include/px4_msgs/px4_msgs/msg/detail/gps_dump__type_support.c\n'}
[2.728446] (px4_msgs) StdoutLine: {'line': b'-- Up-to-date: /home/px4/ros2/ws/install/px4_msgs/include/px4_msgs/px4_msgs/msg/detail/failsafe_flags__rosidl_typesupport_introspection_c.h\n'}
[2.728559] (px4_msgs) StdoutLine: {'line': b'-- Up-to-date: /home/px4/ros2/ws/install/px4_msgs/include/px4_msgs/px4_msgs/msg/detail/cellular_status__type_support.c\n'}
[2.728656] (px4_msgs) StdoutLine: {'line': b'-- Up-to-date: /home/px4/ros2/ws/install/px4_msgs/include/px4_msgs/px4_msgs/msg/detail/orbit_status__rosidl_typesupport_introspection_c.h\n'}
[2.728729] (px4_msgs) StdoutLine: {'line': b'-- Up-to-date: /home/px4/ros2/ws/install/px4_msgs/include/px4_msgs/px4_msgs/msg/detail/battery_status__type_support.c\n'}
[2.728800] (px4_msgs) StdoutLine: {'line': b'-- Up-to-date: /home/px4/ros2/ws/install/px4_msgs/include/px4_msgs/px4_msgs/msg/detail/vehicle_angular_acceleration_setpoint__type_support.c\n'}
[2.728872] (px4_msgs) StdoutLine: {'line': b'-- Up-to-date: /home/px4/ros2/ws/install/px4_msgs/include/px4_msgs/px4_msgs/msg/detail/px4io_status__type_support.c\n'}
[2.728939] (px4_msgs) StdoutLine: {'line': b'-- Up-to-date: /home/px4/ros2/ws/install/px4_msgs/include/px4_msgs/px4_msgs/msg/detail/telemetry_status__rosidl_typesupport_introspection_c.h\n'}
[2.729006] (px4_msgs) StdoutLine: {'line': b'-- Up-to-date: /home/px4/ros2/ws/install/px4_msgs/include/px4_msgs/px4_msgs/msg/detail/action_request__rosidl_typesupport_introspection_c.h\n'}
[2.729070] (px4_msgs) StdoutLine: {'line': b'-- Up-to-date: /home/px4/ros2/ws/install/px4_msgs/include/px4_msgs/px4_msgs/msg/detail/vehicle_magnetometer__rosidl_typesupport_introspection_c.h\n'}
[2.729216] (px4_msgs) StdoutLine: {'line': b'-- Up-to-date: /home/px4/ros2/ws/install/px4_msgs/include/px4_msgs/px4_msgs/msg/detail/gimbal_controls__type_support.c\n'}
[2.729308] (px4_msgs) StdoutLine: {'line': b'-- Up-to-date: /home/px4/ros2/ws/install/px4_msgs/include/px4_msgs/px4_msgs/msg/detail/tune_control__type_support.c\n'}
[2.729380] (px4_msgs) StdoutLine: {'line': b'-- Up-to-date: /home/px4/ros2/ws/install/px4_msgs/include/px4_msgs/px4_msgs/msg/detail/vehicle_optical_flow__rosidl_typesupport_introspection_c.h\n'}
[2.729447] (px4_msgs) StdoutLine: {'line': b'-- Up-to-date: /home/px4/ros2/ws/install/px4_msgs/include/px4_msgs/px4_msgs/msg/detail/vehicle_attitude_setpoint__rosidl_typesupport_introspection_c.h\n'}
[2.729642] (px4_msgs) StdoutLine: {'line': b'-- Up-to-date: /home/px4/ros2/ws/install/px4_msgs/include/px4_msgs/px4_msgs/msg/detail/fixed_wing_longitudinal_setpoint__rosidl_typesupport_introspection_c.h\n'}
[2.729756] (px4_msgs) StdoutLine: {'line': b'-- Up-to-date: /home/px4/ros2/ws/install/px4_msgs/include/px4_msgs/px4_msgs/msg/detail/distance_sensor_mode_change_request__type_support.c\n'}
[2.729848] (px4_msgs) StdoutLine: {'line': b'-- Up-to-date: /home/px4/ros2/ws/install/px4_msgs/include/px4_msgs/px4_msgs/msg/detail/magnetometer_bias_estimate__type_support.c\n'}
[2.729960] (px4_msgs) StdoutLine: {'line': b'-- Up-to-date: /home/px4/ros2/ws/install/px4_msgs/include/px4_msgs/px4_msgs/msg/detail/vehicle_constraints__type_support.c\n'}
[2.730028] (px4_msgs) StdoutLine: {'line': b'-- Up-to-date: /home/px4/ros2/ws/install/px4_msgs/include/px4_msgs/px4_msgs/msg/detail/irlock_report__type_support.c\n'}
[2.730093] (px4_msgs) StdoutLine: {'line': b'-- Up-to-date: /home/px4/ros2/ws/install/px4_msgs/include/px4_msgs/px4_msgs/msg/detail/vehicle_optical_flow_vel__rosidl_typesupport_introspection_c.h\n'}
[2.730160] (px4_msgs) StdoutLine: {'line': b'-- Up-to-date: /home/px4/ros2/ws/install/px4_msgs/include/px4_msgs/px4_msgs/msg/detail/health_report__rosidl_typesupport_introspection_c.h\n'}
[2.730253] (px4_msgs) StdoutLine: {'line': b'-- Up-to-date: /home/px4/ros2/ws/install/px4_msgs/include/px4_msgs/px4_msgs/msg/detail/sensor_accel__rosidl_typesupport_introspection_c.h\n'}
[2.730567] (px4_msgs) StdoutLine: {'line': b'-- Up-to-date: /home/px4/ros2/ws/install/px4_msgs/include/px4_msgs/px4_msgs/msg/detail/navigator_status__type_support.c\n'}
[2.730660] (px4_msgs) StdoutLine: {'line': b'-- Up-to-date: /home/px4/ros2/ws/install/px4_msgs/include/px4_msgs/px4_msgs/msg/detail/vehicle_attitude_setpoint__type_support.c\n'}
[2.730890] (px4_msgs) StdoutLine: {'line': b'-- Up-to-date: /home/px4/ros2/ws/install/px4_msgs/include/px4_msgs/px4_msgs/msg/detail/telemetry_status__type_support.c\n'}
[2.731007] (px4_msgs) StdoutLine: {'line': b'-- Up-to-date: /home/px4/ros2/ws/install/px4_msgs/include/px4_msgs/px4_msgs/msg/detail/camera_capture__rosidl_typesupport_introspection_c.h\n'}
[2.731441] (px4_msgs) StdoutLine: {'line': b'-- Up-to-date: /home/px4/ros2/ws/install/px4_msgs/include/px4_msgs/px4_msgs/msg/detail/open_drone_id_arm_status__rosidl_typesupport_introspection_c.h\n'}
[2.731666] (px4_msgs) StdoutLine: {'line': b'-- Up-to-date: /home/px4/ros2/ws/install/px4_msgs/include/px4_msgs/px4_msgs/msg/detail/tiltrotor_extra_controls__rosidl_typesupport_introspection_c.h\n'}
[2.731793] (px4_msgs) StdoutLine: {'line': b'-- Up-to-date: /home/px4/ros2/ws/install/px4_msgs/include/px4_msgs/px4_msgs/msg/detail/fuel_tank_status__type_support.c\n'}
[2.731921] (px4_msgs) StdoutLine: {'line': b'-- Up-to-date: /home/px4/ros2/ws/install/px4_msgs/include/px4_msgs/px4_msgs/msg/detail/sensor_combined__rosidl_typesupport_introspection_c.h\n'}
[2.731997] (px4_msgs) StdoutLine: {'line': b'-- Up-to-date: /home/px4/ros2/ws/install/px4_msgs/include/px4_msgs/px4_msgs/msg/detail/ekf2_timestamps__type_support.c\n'}
[2.732068] (px4_msgs) StdoutLine: {'line': b'-- Up-to-date: /home/px4/ros2/ws/install/px4_msgs/include/px4_msgs/px4_msgs/msg/detail/estimator_aid_source3d__type_support.c\n'}
[2.732153] (px4_msgs) StdoutLine: {'line': b'-- Up-to-date: /home/px4/ros2/ws/install/px4_msgs/include/px4_msgs/px4_msgs/msg/detail/estimator_selector_status__rosidl_typesupport_introspection_c.h\n'}
[2.732267] (px4_msgs) StdoutLine: {'line': b'-- Up-to-date: /home/px4/ros2/ws/install/px4_msgs/include/px4_msgs/px4_msgs/msg/detail/fixed_wing_lateral_status__type_support.c\n'}
[2.732373] (px4_msgs) StdoutLine: {'line': b'-- Up-to-date: /home/px4/ros2/ws/install/px4_msgs/include/px4_msgs/px4_msgs/msg/detail/onboard_computer_status__type_support.c\n'}
[2.732452] (px4_msgs) StdoutLine: {'line': b'-- Up-to-date: /home/px4/ros2/ws/install/px4_msgs/include/px4_msgs/px4_msgs/msg/detail/sensors_status_imu__rosidl_typesupport_introspection_c.h\n'}
[2.732557] (px4_msgs) StdoutLine: {'line': b'-- Up-to-date: /home/px4/ros2/ws/install/px4_msgs/include/px4_msgs/px4_msgs/msg/detail/offboard_control_mode__type_support.c\n'}
[2.732631] (px4_msgs) StdoutLine: {'line': b'-- Up-to-date: /home/px4/ros2/ws/install/px4_msgs/include/px4_msgs/px4_msgs/msg/detail/manual_control_switches__type_support.c\n'}
[2.732727] (px4_msgs) StdoutLine: {'line': b'-- Up-to-date: /home/px4/ros2/ws/install/px4_msgs/include/px4_msgs/px4_msgs/msg/detail/message_format_response__type_support.c\n'}
[2.732798] (px4_msgs) StdoutLine: {'line': b'-- Up-to-date: /home/px4/ros2/ws/install/px4_msgs/include/px4_msgs/px4_msgs/msg/detail/estimator_sensor_bias__type_support.c\n'}
[2.732895] (px4_msgs) StdoutLine: {'line': b'-- Up-to-date: /home/px4/ros2/ws/install/px4_msgs/include/px4_msgs/px4_msgs/msg/detail/home_position__type_support.c\n'}
[2.732993] (px4_msgs) StdoutLine: {'line': b'-- Up-to-date: /home/px4/ros2/ws/install/px4_msgs/include/px4_msgs/px4_msgs/msg/detail/gimbal_manager_set_manual_control__rosidl_typesupport_introspection_c.h\n'}
[2.733095] (px4_msgs) StdoutLine: {'line': b'-- Up-to-date: /home/px4/ros2/ws/install/px4_msgs/include/px4_msgs/px4_msgs/msg/detail/estimator_bias3d__type_support.c\n'}
[2.733208] (px4_msgs) StdoutLine: {'line': b'-- Up-to-date: /home/px4/ros2/ws/install/px4_msgs/include/px4_msgs/px4_msgs/msg/detail/actuator_servos__type_support.c\n'}
[2.733339] (px4_msgs) StdoutLine: {'line': b'-- Up-to-date: /home/px4/ros2/ws/install/px4_msgs/include/px4_msgs/px4_msgs/msg/detail/landing_target_pose__type_support.c\n'}
[2.733439] (px4_msgs) StdoutLine: {'line': b'-- Up-to-date: /home/px4/ros2/ws/install/px4_msgs/include/px4_msgs/px4_msgs/msg/detail/button_event__type_support.c\n'}
[2.733535] (px4_msgs) StdoutLine: {'line': b'-- Up-to-date: /home/px4/ros2/ws/install/px4_msgs/include/px4_msgs/px4_msgs/msg/detail/debug_key_value__type_support.c\n'}
[2.733631] (px4_msgs) StdoutLine: {'line': b'-- Up-to-date: /home/px4/ros2/ws/install/px4_msgs/include/px4_msgs/px4_msgs/msg/detail/transponder_report__rosidl_typesupport_introspection_c.h\n'}
[2.733731] (px4_msgs) StdoutLine: {'line': b'-- Up-to-date: /home/px4/ros2/ws/install/px4_msgs/include/px4_msgs/px4_msgs/msg/detail/open_drone_id_operator_id__type_support.c\n'}
[2.733826] (px4_msgs) StdoutLine: {'line': b'-- Up-to-date: /home/px4/ros2/ws/install/px4_msgs/include/px4_msgs/px4_msgs/msg/detail/parameter_update__rosidl_typesupport_introspection_c.h\n'}
[2.733935] (px4_msgs) StdoutLine: {'line': b'-- Up-to-date: /home/px4/ros2/ws/install/px4_msgs/include/px4_msgs/px4_msgs/msg/detail/event__rosidl_typesupport_introspection_c.h\n'}
[2.734026] (px4_msgs) StdoutLine: {'line': b'-- Up-to-date: /home/px4/ros2/ws/install/px4_msgs/include/px4_msgs/px4_msgs/msg/detail/sensor_accel_fifo__type_support.c\n'}
[2.734121] (px4_msgs) StdoutLine: {'line': b'-- Up-to-date: /home/px4/ros2/ws/install/px4_msgs/include/px4_msgs/px4_msgs/msg/detail/sensor_optical_flow__rosidl_typesupport_introspection_c.h\n'}
[2.734228] (px4_msgs) StdoutLine: {'line': b'-- Up-to-date: /home/px4/ros2/ws/install/px4_msgs/include/px4_msgs/px4_msgs/msg/detail/geofence_result__rosidl_typesupport_introspection_c.h\n'}
[2.734400] (px4_msgs) StdoutLine: {'line': b'-- Up-to-date: /home/px4/ros2/ws/install/px4_msgs/include/px4_msgs/px4_msgs/msg/detail/airspeed__rosidl_typesupport_introspection_c.h\n'}
[2.734503] (px4_msgs) StdoutLine: {'line': b'-- Up-to-date: /home/px4/ros2/ws/install/px4_msgs/include/px4_msgs/px4_msgs/msg/detail/generator_status__rosidl_typesupport_introspection_c.h\n'}
[2.734601] (px4_msgs) StdoutLine: {'line': b'-- Up-to-date: /home/px4/ros2/ws/install/px4_msgs/include/px4_msgs/px4_msgs/msg/detail/hover_thrust_estimate__type_support.c\n'}
[2.734771] (px4_msgs) StdoutLine: {'line': b'-- Up-to-date: /home/px4/ros2/ws/install/px4_msgs/include/px4_msgs/px4_msgs/msg/detail/mode_completed__rosidl_typesupport_introspection_c.h\n'}
[2.734864] (px4_msgs) StdoutLine: {'line': b'-- Up-to-date: /home/px4/ros2/ws/install/px4_msgs/include/px4_msgs/px4_msgs/msg/detail/debug_array__rosidl_typesupport_introspection_c.h\n'}
[2.734966] (px4_msgs) StdoutLine: {'line': b'-- Up-to-date: /home/px4/ros2/ws/install/px4_msgs/include/px4_msgs/px4_msgs/msg/detail/arming_check_request__type_support.c\n'}
[2.735065] (px4_msgs) StdoutLine: {'line': b'-- Up-to-date: /home/px4/ros2/ws/install/px4_msgs/include/px4_msgs/px4_msgs/msg/detail/logger_status__rosidl_typesupport_introspection_c.h\n'}
[2.735173] (px4_msgs) StdoutLine: {'line': b'-- Up-to-date: /home/px4/ros2/ws/install/px4_msgs/include/px4_msgs/px4_msgs/msg/detail/gps_dump__rosidl_typesupport_introspection_c.h\n'}
[2.735365] (px4_msgs) StdoutLine: {'line': b'-- Up-to-date: /home/px4/ros2/ws/install/px4_msgs/include/px4_msgs/px4_msgs/msg/detail/actuator_armed__rosidl_typesupport_introspection_c.h\n'}
[2.735502] (px4_msgs) StdoutLine: {'line': b'-- Up-to-date: /home/px4/ros2/ws/install/px4_msgs/include/px4_msgs/px4_msgs/msg/detail/actuator_controls_status__type_support.c\n'}
[2.735633] (px4_msgs) StdoutLine: {'line': b'-- Up-to-date: /home/px4/ros2/ws/install/px4_msgs/include/px4_msgs/px4_msgs/msg/detail/orb_test__rosidl_typesupport_introspection_c.h\n'}
[2.735765] (px4_msgs) StdoutLine: {'line': b'-- Up-to-date: /home/px4/ros2/ws/install/px4_msgs/include/px4_msgs/px4_msgs/msg/detail/vehicle_imu__rosidl_typesupport_introspection_c.h\n'}
[2.735890] (px4_msgs) StdoutLine: {'line': b'-- Up-to-date: /home/px4/ros2/ws/install/px4_msgs/include/px4_msgs/px4_msgs/msg/detail/open_drone_id_system__type_support.c\n'}
[2.736005] (px4_msgs) StdoutLine: {'line': b'-- Up-to-date: /home/px4/ros2/ws/install/px4_msgs/include/px4_msgs/px4_msgs/msg/detail/sensor_correction__type_support.c\n'}
[2.736141] (px4_msgs) StdoutLine: {'line': b'-- Up-to-date: /home/px4/ros2/ws/install/px4_msgs/include/px4_msgs/px4_msgs/msg/detail/vehicle_odometry__type_support.c\n'}
[2.736234] (px4_msgs) StdoutLine: {'line': b'-- Up-to-date: /home/px4/ros2/ws/install/px4_msgs/include/px4_msgs/px4_msgs/msg/detail/hover_thrust_estimate__rosidl_typesupport_introspection_c.h\n'}
[2.736314] (px4_msgs) StdoutLine: {'line': b'-- Up-to-date: /home/px4/ros2/ws/install/px4_msgs/include/px4_msgs/px4_msgs/msg/detail/mission_result__rosidl_typesupport_introspection_c.h\n'}
[2.736410] (px4_msgs) StdoutLine: {'line': b'-- Up-to-date: /home/px4/ros2/ws/install/px4_msgs/include/px4_msgs/px4_msgs/msg/detail/neural_control__rosidl_typesupport_introspection_c.h\n'}
[2.736483] (px4_msgs) StdoutLine: {'line': b'-- Up-to-date: /home/px4/ros2/ws/install/px4_msgs/include/px4_msgs/px4_msgs/msg/detail/rtl_status__type_support.c\n'}
[2.736551] (px4_msgs) StdoutLine: {'line': b'-- Up-to-date: /home/px4/ros2/ws/install/px4_msgs/include/px4_msgs/px4_msgs/msg/detail/navigator_mission_item__type_support.c\n'}
[2.736624] (px4_msgs) StdoutLine: {'line': b'-- Up-to-date: /home/px4/ros2/ws/install/px4_msgs/include/px4_msgs/px4_msgs/msg/detail/dataman_response__type_support.c\n'}
[2.736765] (px4_msgs) StdoutLine: {'line': b'-- Up-to-date: /home/px4/ros2/ws/install/px4_msgs/include/px4_msgs/px4_msgs/msg/detail/rover_attitude_status__type_support.c\n'}
[2.736857] (px4_msgs) StdoutLine: {'line': b'-- Up-to-date: /home/px4/ros2/ws/install/px4_msgs/include/px4_msgs/px4_msgs/msg/detail/arming_check_request__rosidl_typesupport_introspection_c.h\n'}
[2.736972] (px4_msgs) StdoutLine: {'line': b'-- Up-to-date: /home/px4/ros2/ws/install/px4_msgs/include/px4_msgs/px4_msgs/msg/detail/follow_target__type_support.c\n'}
[2.737043] (px4_msgs) StdoutLine: {'line': b'-- Up-to-date: /home/px4/ros2/ws/install/px4_msgs/include/px4_msgs/px4_msgs/msg/detail/estimator_aid_source2d__rosidl_typesupport_introspection_c.h\n'}
[2.737209] (px4_msgs) StdoutLine: {'line': b'-- Up-to-date: /home/px4/ros2/ws/install/px4_msgs/include/px4_msgs/px4_msgs/msg/detail/landing_gear_wheel__type_support.c\n'}
[2.737300] (px4_msgs) StdoutLine: {'line': b'-- Up-to-date: /home/px4/ros2/ws/install/px4_msgs/include/px4_msgs/px4_msgs/msg/detail/radio_status__type_support.c\n'}
[2.737370] (px4_msgs) StdoutLine: {'line': b'-- Up-to-date: /home/px4/ros2/ws/install/px4_msgs/include/px4_msgs/px4_msgs/msg/detail/gripper__rosidl_typesupport_introspection_c.h\n'}
[2.737473] (px4_msgs) StdoutLine: {'line': b'-- Up-to-date: /home/px4/ros2/ws/install/px4_msgs/include/px4_msgs/px4_msgs/msg/detail/rover_rate_setpoint__type_support.c\n'}
[2.737587] (px4_msgs) StdoutLine: {'line': b'-- Up-to-date: /home/px4/ros2/ws/install/px4_msgs/include/px4_msgs/px4_msgs/msg/detail/sensor_gyro_fft__rosidl_typesupport_introspection_c.h\n'}
[2.737659] (px4_msgs) StdoutLine: {'line': b'-- Up-to-date: /home/px4/ros2/ws/install/px4_msgs/include/px4_msgs/px4_msgs/msg/detail/battery_info__rosidl_typesupport_introspection_c.h\n'}
[2.737731] (px4_msgs) StdoutLine: {'line': b'-- Up-to-date: /home/px4/ros2/ws/install/px4_msgs/include/px4_msgs/px4_msgs/msg/detail/actuator_test__rosidl_typesupport_introspection_c.h\n'}
[2.737799] (px4_msgs) StdoutLine: {'line': b'-- Up-to-date: /home/px4/ros2/ws/install/px4_msgs/include/px4_msgs/px4_msgs/msg/detail/sensor_gyro__rosidl_typesupport_introspection_c.h\n'}
[2.737880] (px4_msgs) StdoutLine: {'line': b'-- Up-to-date: /home/px4/ros2/ws/install/px4_msgs/include/px4_msgs/px4_msgs/msg/detail/rc_parameter_map__rosidl_typesupport_introspection_c.h\n'}
[2.737947] (px4_msgs) StdoutLine: {'line': b'-- Up-to-date: /home/px4/ros2/ws/install/px4_msgs/include/px4_msgs/px4_msgs/msg/detail/power_button_state__type_support.c\n'}
[2.738011] (px4_msgs) StdoutLine: {'line': b'-- Up-to-date: /home/px4/ros2/ws/install/px4_msgs/include/px4_msgs/px4_msgs/msg/detail/tecs_status__type_support.c\n'}
[2.738076] (px4_msgs) StdoutLine: {'line': b'-- Up-to-date: /home/px4/ros2/ws/install/px4_msgs/include/px4_msgs/px4_msgs/msg/detail/rc_parameter_map__type_support.c\n'}
[2.738140] (px4_msgs) StdoutLine: {'line': b'-- Up-to-date: /home/px4/ros2/ws/install/px4_msgs/include/px4_msgs/px4_msgs/msg/detail/geofence_result__type_support.c\n'}
[2.738337] (px4_msgs) StdoutLine: {'line': b'-- Up-to-date: /home/px4/ros2/ws/install/px4_msgs/include/px4_msgs/px4_msgs/msg/detail/airspeed_validated__rosidl_typesupport_introspection_c.h\n'}
[2.738481] (px4_msgs) StdoutLine: {'line': b'-- Up-to-date: /home/px4/ros2/ws/install/px4_msgs/include/px4_msgs/px4_msgs/msg/detail/open_drone_id_arm_status__type_support.c\n'}
[2.738600] (px4_msgs) StdoutLine: {'line': b'-- Up-to-date: /home/px4/ros2/ws/install/px4_msgs/include/px4_msgs/px4_msgs/msg/detail/vehicle_command__type_support.c\n'}
[2.738984] (px4_msgs) StdoutLine: {'line': b'-- Up-to-date: /home/px4/ros2/ws/install/px4_msgs/include/px4_msgs/px4_msgs/msg/detail/actuator_servos_trim__type_support.c\n'}
[2.739122] (px4_msgs) StdoutLine: {'line': b'-- Up-to-date: /home/px4/ros2/ws/install/px4_msgs/include/px4_msgs/px4_msgs/msg/detail/pwm_input__rosidl_typesupport_introspection_c.h\n'}
[2.739336] (px4_msgs) StdoutLine: {'line': b'-- Up-to-date: /home/px4/ros2/ws/install/px4_msgs/include/px4_msgs/px4_msgs/msg/detail/longitudinal_control_configuration__type_support.c\n'}
[2.739504] (px4_msgs) StdoutLine: {'line': b'-- Up-to-date: /home/px4/ros2/ws/install/px4_msgs/include/px4_msgs/px4_msgs/msg/detail/vehicle_roi__type_support.c\n'}
[2.739609] (px4_msgs) StdoutLine: {'line': b'-- Up-to-date: /home/px4/ros2/ws/install/px4_msgs/include/px4_msgs/px4_msgs/msg/detail/rc_channels__type_support.c\n'}
[2.739718] (px4_msgs) StdoutLine: {'line': b'-- Up-to-date: /home/px4/ros2/ws/install/px4_msgs/include/px4_msgs/px4_msgs/msg/detail/gpio_in__type_support.c\n'}
[2.739835] (px4_msgs) StdoutLine: {'line': b'-- Up-to-date: /home/px4/ros2/ws/install/px4_msgs/include/px4_msgs/px4_msgs/msg/detail/vehicle_local_position__type_support.c\n'}
[2.739915] (px4_msgs) StdoutLine: {'line': b'-- Up-to-date: /home/px4/ros2/ws/install/px4_msgs/include/px4_msgs/px4_msgs/msg/detail/sensor_hygrometer__type_support.c\n'}
[2.740006] (px4_msgs) StdoutLine: {'line': b'-- Up-to-date: /home/px4/ros2/ws/install/px4_msgs/include/px4_msgs/px4_msgs/msg/detail/qshell_req__type_support.c\n'}
[2.740386] (px4_msgs) StdoutLine: {'line': b'-- Up-to-date: /home/px4/ros2/ws/install/px4_msgs/include/px4_msgs/px4_msgs/msg/detail/adc_report__type_support.c\n'}
[2.740501] (px4_msgs) StdoutLine: {'line': b'-- Up-to-date: /home/px4/ros2/ws/install/px4_msgs/include/px4_msgs/px4_msgs/msg/detail/estimator_status__rosidl_typesupport_introspection_c.h\n'}
[2.740766] (px4_msgs) StdoutLine: {'line': b'-- Up-to-date: /home/px4/ros2/ws/install/px4_msgs/include/px4_msgs/px4_msgs/msg/detail/yaw_estimator_status__type_support.c\n'}
[2.740921] (px4_msgs) StdoutLine: {'line': b'-- Up-to-date: /home/px4/ros2/ws/install/px4_msgs/include/px4_msgs/px4_msgs/msg/detail/vehicle_global_position__rosidl_typesupport_introspection_c.h\n'}
[2.741037] (px4_msgs) StdoutLine: {'line': b'-- Up-to-date: /home/px4/ros2/ws/install/px4_msgs/include/px4_msgs/px4_msgs/msg/detail/battery_status__rosidl_typesupport_introspection_c.h\n'}
[2.741148] (px4_msgs) StdoutLine: {'line': b'-- Up-to-date: /home/px4/ros2/ws/install/px4_msgs/include/px4_msgs/px4_msgs/msg/detail/parameter_set_value_request__rosidl_typesupport_introspection_c.h\n'}
[2.741305] (px4_msgs) StdoutLine: {'line': b'-- Up-to-date: /home/px4/ros2/ws/install/px4_msgs/include/px4_msgs/px4_msgs/msg/detail/gpio_out__rosidl_typesupport_introspection_c.h\n'}
[2.741422] (px4_msgs) StdoutLine: {'line': b'-- Up-to-date: /home/px4/ros2/ws/install/px4_msgs/include/px4_msgs/px4_msgs/msg/detail/failure_detector_status__type_support.c\n'}
[2.741547] (px4_msgs) StdoutLine: {'line': b'-- Up-to-date: /home/px4/ros2/ws/install/px4_msgs/include/px4_msgs/px4_msgs/msg/detail/vehicle_torque_setpoint__type_support.c\n'}
[2.741699] (px4_msgs) StdoutLine: {'line': b'-- Up-to-date: /home/px4/ros2/ws/install/px4_msgs/include/px4_msgs/px4_msgs/msg/detail/rpm__rosidl_typesupport_introspection_c.h\n'}
[2.741841] (px4_msgs) StdoutLine: {'line': b'-- Up-to-date: /home/px4/ros2/ws/install/px4_msgs/include/px4_msgs/px4_msgs/msg/detail/rover_attitude_setpoint__rosidl_typesupport_introspection_c.h\n'}
[2.741916] (px4_msgs) StdoutLine: {'line': b'-- Up-to-date: /home/px4/ros2/ws/install/px4_msgs/include/px4_msgs/px4_msgs/msg/detail/airspeed_wind__rosidl_typesupport_introspection_c.h\n'}
[2.741984] (px4_msgs) StdoutLine: {'line': b'-- Up-to-date: /home/px4/ros2/ws/install/px4_msgs/include/px4_msgs/px4_msgs/msg/detail/vehicle_control_mode__rosidl_typesupport_introspection_c.h\n'}
[2.742092] (px4_msgs) StdoutLine: {'line': b'-- Up-to-date: /home/px4/ros2/ws/install/px4_msgs/include/px4_msgs/px4_msgs/msg/detail/vehicle_magnetometer__type_support.c\n'}
[2.742165] (px4_msgs) StdoutLine: {'line': b'-- Up-to-date: /home/px4/ros2/ws/install/px4_msgs/include/px4_msgs/px4_msgs/msg/detail/mavlink_log__rosidl_typesupport_introspection_c.h\n'}
[2.742315] (px4_msgs) StdoutLine: {'line': b'-- Up-to-date: /home/px4/ros2/ws/install/px4_msgs/include/px4_msgs/px4_msgs/msg/detail/actuator_outputs__rosidl_typesupport_introspection_c.h\n'}
[2.742394] (px4_msgs) StdoutLine: {'line': b'-- Up-to-date: /home/px4/ros2/ws/install/px4_msgs/include/px4_msgs/px4_msgs/msg/detail/vehicle_status__type_support.c\n'}
[2.742463] (px4_msgs) StdoutLine: {'line': b'-- Up-to-date: /home/px4/ros2/ws/install/px4_msgs/include/px4_msgs/px4_msgs/msg/detail/actuator_servos_trim__rosidl_typesupport_introspection_c.h\n'}
[2.742558] (px4_msgs) StdoutLine: {'line': b'-- Up-to-date: /home/px4/ros2/ws/install/px4_msgs/include/px4_msgs/px4_msgs/msg/detail/message_format_request__rosidl_typesupport_introspection_c.h\n'}
[2.742723] (px4_msgs) StdoutLine: {'line': b'-- Up-to-date: /home/px4/ros2/ws/install/px4_msgs/include/px4_msgs/px4_msgs/msg/detail/estimator_status_flags__type_support.c\n'}
[2.742796] (px4_msgs) StdoutLine: {'line': b'-- Up-to-date: /home/px4/ros2/ws/install/px4_msgs/include/px4_msgs/px4_msgs/msg/detail/onboard_computer_status__rosidl_typesupport_introspection_c.h\n'}
[2.742862] (px4_msgs) StdoutLine: {'line': b'-- Up-to-date: /home/px4/ros2/ws/install/px4_msgs/include/px4_msgs/px4_msgs/msg/detail/gimbal_device_information__rosidl_typesupport_introspection_c.h\n'}
[2.742925] (px4_msgs) StdoutLine: {'line': b'-- Up-to-date: /home/px4/ros2/ws/install/px4_msgs/include/px4_msgs/px4_msgs/msg/detail/gimbal_manager_information__rosidl_typesupport_introspection_c.h\n'}
[2.743003] (px4_msgs) StdoutLine: {'line': b'-- Up-to-date: /home/px4/ros2/ws/install/px4_msgs/include/px4_msgs/px4_msgs/msg/detail/sensor_gyro__type_support.c\n'}
[2.743066] (px4_msgs) StdoutLine: {'line': b'-- Up-to-date: /home/px4/ros2/ws/install/px4_msgs/include/px4_msgs/px4_msgs/msg/detail/cpuload__rosidl_typesupport_introspection_c.h\n'}
[2.743130] (px4_msgs) StdoutLine: {'line': b'-- Up-to-date: /home/px4/ros2/ws/install/px4_msgs/include/px4_msgs/px4_msgs/msg/detail/gpio_config__rosidl_typesupport_introspection_c.h\n'}
[2.743236] (px4_msgs) StdoutLine: {'line': b'-- Up-to-date: /home/px4/ros2/ws/install/px4_msgs/include/px4_msgs/px4_msgs/msg/detail/rover_velocity_status__rosidl_typesupport_introspection_c.h\n'}
[2.743349] (px4_msgs) StdoutLine: {'line': b'-- Up-to-date: /home/px4/ros2/ws/install/px4_msgs/include/px4_msgs/px4_msgs/msg/detail/open_drone_id_self_id__type_support.c\n'}
[2.743451] (px4_msgs) StdoutLine: {'line': b'-- Up-to-date: /home/px4/ros2/ws/install/px4_msgs/include/px4_msgs/px4_msgs/msg/detail/orbit_status__type_support.c\n'}
[2.743645] (px4_msgs) StdoutLine: {'line': b'-- Up-to-date: /home/px4/ros2/ws/install/px4_msgs/include/px4_msgs/px4_msgs/msg/detail/iridiumsbd_status__rosidl_typesupport_introspection_c.h\n'}
[2.743803] (px4_msgs) StdoutLine: {'line': b'-- Up-to-date: /home/px4/ros2/ws/install/px4_msgs/include/px4_msgs/px4_msgs/msg/detail/heater_status__rosidl_typesupport_introspection_c.h\n'}
[2.743978] (px4_msgs) StdoutLine: {'line': b'-- Up-to-date: /home/px4/ros2/ws/install/px4_msgs/include/px4_msgs/px4_msgs/msg/detail/gimbal_device_set_attitude__rosidl_typesupport_introspection_c.h\n'}
[2.744065] (px4_msgs) StdoutLine: {'line': b'-- Up-to-date: /home/px4/ros2/ws/install/px4_msgs/include/px4_msgs/px4_msgs/msg/detail/velocity_limits__rosidl_typesupport_introspection_c.h\n'}
[2.744135] (px4_msgs) StdoutLine: {'line': b'-- Up-to-date: /home/px4/ros2/ws/install/px4_msgs/include/px4_msgs/px4_msgs/msg/detail/mavlink_tunnel__rosidl_typesupport_introspection_c.h\n'}
[2.744234] (px4_msgs) StdoutLine: {'line': b'-- Up-to-date: /home/px4/ros2/ws/install/px4_msgs/include/px4_msgs/px4_msgs/msg/detail/actuator_test__type_support.c\n'}
[2.744325] (px4_msgs) StdoutLine: {'line': b'-- Up-to-date: /home/px4/ros2/ws/install/px4_msgs/include/px4_msgs/px4_msgs/msg/detail/esc_status__type_support.c\n'}
[2.744423] (px4_msgs) StdoutLine: {'line': b'-- Up-to-date: /home/px4/ros2/ws/install/px4_msgs/include/px4_msgs/px4_msgs/msg/detail/flight_phase_estimation__type_support.c\n'}
[2.744511] (px4_msgs) StdoutLine: {'line': b'-- Up-to-date: /home/px4/ros2/ws/install/px4_msgs/include/px4_msgs/px4_msgs/msg/detail/differential_pressure__type_support.c\n'}
[2.744579] (px4_msgs) StdoutLine: {'line': b'-- Up-to-date: /home/px4/ros2/ws/install/px4_msgs/include/px4_msgs/px4_msgs/msg/detail/uavcan_parameter_request__rosidl_typesupport_introspection_c.h\n'}
[2.744648] (px4_msgs) StdoutLine: {'line': b'-- Up-to-date: /home/px4/ros2/ws/install/px4_msgs/include/px4_msgs/px4_msgs/msg/detail/vehicle_imu__type_support.c\n'}
[2.744714] (px4_msgs) StdoutLine: {'line': b'-- Up-to-date: /home/px4/ros2/ws/install/px4_msgs/include/px4_msgs/px4_msgs/msg/detail/sensor_gyro_fft__type_support.c\n'}
[2.744789] (px4_msgs) StdoutLine: {'line': b'-- Up-to-date: /home/px4/ros2/ws/install/px4_msgs/include/px4_msgs/px4_msgs/msg/detail/power_monitor__type_support.c\n'}
[2.744851] (px4_msgs) StdoutLine: {'line': b'-- Up-to-date: /home/px4/ros2/ws/install/px4_msgs/include/px4_msgs/px4_msgs/msg/detail/failsafe_flags__type_support.c\n'}
[2.744922] (px4_msgs) StdoutLine: {'line': b'-- Up-to-date: /home/px4/ros2/ws/install/px4_msgs/include/px4_msgs/px4_msgs/msg/detail/can_interface_status__type_support.c\n'}
[2.744994] (px4_msgs) StdoutLine: {'line': b'-- Up-to-date: /home/px4/ros2/ws/install/px4_msgs/include/px4_msgs/px4_msgs/msg/detail/button_event__rosidl_typesupport_introspection_c.h\n'}
[2.745077] (px4_msgs) StdoutLine: {'line': b'-- Up-to-date: /home/px4/ros2/ws/install/px4_msgs/include/px4_msgs/px4_msgs/msg/detail/vehicle_land_detected__rosidl_typesupport_introspection_c.h\n'}
[2.745212] (px4_msgs) StdoutLine: {'line': b'-- Up-to-date: /home/px4/ros2/ws/install/px4_msgs/include/px4_msgs/px4_msgs/msg/detail/estimator_innovations__rosidl_typesupport_introspection_c.h\n'}
[2.745293] (px4_msgs) StdoutLine: {'line': b'-- Up-to-date: /home/px4/ros2/ws/install/px4_msgs/include/px4_msgs/px4_msgs/msg/detail/parameter_set_used_request__type_support.c\n'}
[2.745357] (px4_msgs) StdoutLine: {'line': b'-- Up-to-date: /home/px4/ros2/ws/install/px4_msgs/include/px4_msgs/px4_msgs/msg/detail/manual_control_setpoint__type_support.c\n'}
[2.745420] (px4_msgs) StdoutLine: {'line': b'-- Up-to-date: /home/px4/ros2/ws/install/px4_msgs/include/px4_msgs/px4_msgs/msg/detail/estimator_gps_status__type_support.c\n'}
[2.745487] (px4_msgs) StdoutLine: {'line': b'-- Up-to-date: /home/px4/ros2/ws/install/px4_msgs/include/px4_msgs/px4_msgs/msg/detail/uavcan_parameter_request__type_support.c\n'}
[2.745570] (px4_msgs) StdoutLine: {'line': b'-- Up-to-date: /home/px4/ros2/ws/install/px4_msgs/include/px4_msgs/px4_msgs/msg/detail/sensor_gnss_relative__type_support.c\n'}
[2.745650] (px4_msgs) StdoutLine: {'line': b'-- Up-to-date: /home/px4/ros2/ws/install/px4_msgs/include/px4_msgs/px4_msgs/msg/detail/fixed_wing_lateral_setpoint__rosidl_typesupport_introspection_c.h\n'}
[2.745735] (px4_msgs) StdoutLine: {'line': b'-- Up-to-date: /home/px4/ros2/ws/install/px4_msgs/include/px4_msgs/px4_msgs/msg/detail/gps_inject_data__rosidl_typesupport_introspection_c.h\n'}
[2.745802] (px4_msgs) StdoutLine: {'line': b'-- Up-to-date: /home/px4/ros2/ws/install/px4_msgs/include/px4_msgs/px4_msgs/msg/detail/sensor_selection__type_support.c\n'}
[2.745863] (px4_msgs) StdoutLine: {'line': b'-- Up-to-date: /home/px4/ros2/ws/install/px4_msgs/include/px4_msgs/px4_msgs/msg/detail/actuator_motors__rosidl_typesupport_introspection_c.h\n'}
[2.745945] (px4_msgs) StdoutLine: {'line': b'-- Up-to-date: /home/px4/ros2/ws/install/px4_msgs/include/px4_msgs/px4_msgs/msg/detail/mission__rosidl_typesupport_introspection_c.h\n'}
[2.746008] (px4_msgs) StdoutLine: {'line': b'-- Up-to-date: /home/px4/ros2/ws/install/px4_msgs/include/px4_msgs/px4_msgs/msg/detail/parameter_reset_request__type_support.c\n'}
[2.746069] (px4_msgs) StdoutLine: {'line': b'-- Up-to-date: /home/px4/ros2/ws/install/px4_msgs/include/px4_msgs/px4_msgs/msg/detail/esc_report__rosidl_typesupport_introspection_c.h\n'}
[2.746129] (px4_msgs) StdoutLine: {'line': b'-- Up-to-date: /home/px4/ros2/ws/install/px4_msgs/include/px4_msgs/px4_msgs/msg/detail/position_setpoint__rosidl_typesupport_introspection_c.h\n'}
[2.746207] (px4_msgs) StdoutLine: {'line': b'-- Up-to-date: /home/px4/ros2/ws/install/px4_msgs/include/px4_msgs/px4_msgs/msg/detail/rpm__type_support.c\n'}
[2.746335] (px4_msgs) StdoutLine: {'line': b'-- Up-to-date: /home/px4/ros2/ws/install/px4_msgs/include/px4_msgs/px4_msgs/msg/detail/camera_status__type_support.c\n'}
[2.746403] (px4_msgs) StdoutLine: {'line': b'-- Up-to-date: /home/px4/ros2/ws/install/px4_msgs/include/px4_msgs/px4_msgs/msg/detail/rover_velocity_setpoint__type_support.c\n'}
[2.746512] (px4_msgs) StdoutLine: {'line': b'-- Up-to-date: /home/px4/ros2/ws/install/px4_msgs/include/px4_msgs/px4_msgs/msg/detail/pure_pursuit_status__rosidl_typesupport_introspection_c.h\n'}
[2.746592] (px4_msgs) StdoutLine: {'line': b'-- Up-to-date: /home/px4/ros2/ws/install/px4_msgs/include/px4_msgs/px4_msgs/msg/detail/magnetometer_bias_estimate__rosidl_typesupport_introspection_c.h\n'}
[2.746687] (px4_msgs) StdoutLine: {'line': b'-- Up-to-date: /home/px4/ros2/ws/install/px4_msgs/include/px4_msgs/px4_msgs/msg/detail/ulog_stream_ack__type_support.c\n'}
[2.746791] (px4_msgs) StdoutLine: {'line': b'-- Up-to-date: /home/px4/ros2/ws/install/px4_msgs/include/px4_msgs/px4_msgs/msg/detail/estimator_aid_source1d__rosidl_typesupport_introspection_c.h\n'}
[2.746915] (px4_msgs) StdoutLine: {'line': b'-- Up-to-date: /home/px4/ros2/ws/install/px4_msgs/include/px4_msgs/px4_msgs/msg/detail/estimator_selector_status__type_support.c\n'}
[2.746984] (px4_msgs) StdoutLine: {'line': b'-- Up-to-date: /home/px4/ros2/ws/install/px4_msgs/include/px4_msgs/px4_msgs/msg/detail/collision_constraints__type_support.c\n'}
[2.747046] (px4_msgs) StdoutLine: {'line': b'-- Up-to-date: /home/px4/ros2/ws/install/px4_msgs/include/px4_msgs/px4_msgs/msg/detail/dronecan_node_status__rosidl_typesupport_introspection_c.h\n'}
[2.747108] (px4_msgs) StdoutLine: {'line': b'-- Up-to-date: /home/px4/ros2/ws/install/px4_msgs/include/px4_msgs/px4_msgs/msg/detail/dataman_request__rosidl_typesupport_introspection_c.h\n'}
[2.747219] (px4_msgs) StdoutLine: {'line': b'-- Up-to-date: /home/px4/ros2/ws/install/px4_msgs/include/px4_msgs/px4_msgs/msg/detail/figure_eight_status__rosidl_typesupport_introspection_c.h\n'}
[2.747371] (px4_msgs) StdoutLine: {'line': b'-- Up-to-date: /home/px4/ros2/ws/install/px4_msgs/include/px4_msgs/px4_msgs/msg/detail/vehicle_local_position_setpoint__type_support.c\n'}
[2.747441] (px4_msgs) StdoutLine: {'line': b'-- Up-to-date: /home/px4/ros2/ws/install/px4_msgs/include/px4_msgs/px4_msgs/msg/detail/sensor_accel__type_support.c\n'}
[2.747520] (px4_msgs) StdoutLine: {'line': b'-- Up-to-date: /home/px4/ros2/ws/install/px4_msgs/include/px4_msgs/px4_msgs/msg/detail/message_format_request__type_support.c\n'}
[2.747666] (px4_msgs) StdoutLine: {'line': b'-- Up-to-date: /home/px4/ros2/ws/install/px4_msgs/include/px4_msgs/px4_msgs/msg/detail/arming_check_reply__type_support.c\n'}
[2.747826] (px4_msgs) StdoutLine: {'line': b'-- Up-to-date: /home/px4/ros2/ws/install/px4_msgs/include/px4_msgs/px4_msgs/msg/detail/ulog_stream_ack__rosidl_typesupport_introspection_c.h\n'}
[2.747898] (px4_msgs) StdoutLine: {'line': b'-- Up-to-date: /home/px4/ros2/ws/install/px4_msgs/include/px4_msgs/px4_msgs/msg/detail/vehicle_constraints__rosidl_typesupport_introspection_c.h\n'}
[2.747980] (px4_msgs) StdoutLine: {'line': b'-- Up-to-date: /home/px4/ros2/ws/install/px4_msgs/include/px4_msgs/px4_msgs/msg/detail/rc_channels__rosidl_typesupport_introspection_c.h\n'}
[2.748047] (px4_msgs) StdoutLine: {'line': b'-- Up-to-date: /home/px4/ros2/ws/install/px4_msgs/include/px4_msgs/px4_msgs/msg/detail/lateral_control_configuration__rosidl_typesupport_introspection_c.h\n'}
[2.748129] (px4_msgs) StdoutLine: {'line': b'-- Up-to-date: /home/px4/ros2/ws/install/px4_msgs/include/px4_msgs/px4_msgs/msg/detail/battery_info__type_support.c\n'}
[2.748217] (px4_msgs) StdoutLine: {'line': b'-- Up-to-date: /home/px4/ros2/ws/install/px4_msgs/include/px4_msgs/px4_msgs/msg/detail/vehicle_attitude__rosidl_typesupport_introspection_c.h\n'}
[2.748298] (px4_msgs) StdoutLine: {'line': b'-- Up-to-date: /home/px4/ros2/ws/install/px4_msgs/include/px4_msgs/px4_msgs/msg/detail/differential_pressure__rosidl_typesupport_introspection_c.h\n'}
[2.748365] (px4_msgs) StdoutLine: {'line': b'-- Up-to-date: /home/px4/ros2/ws/install/px4_msgs/include/px4_msgs/px4_msgs/msg/detail/position_setpoint_triplet__rosidl_typesupport_introspection_c.h\n'}
[2.748443] (px4_msgs) StdoutLine: {'line': b'-- Up-to-date: /home/px4/ros2/ws/install/px4_msgs/include/px4_msgs/px4_msgs/msg/detail/register_ext_component_reply__rosidl_typesupport_introspection_c.h\n'}
[2.748555] (px4_msgs) StdoutLine: {'line': b'-- Up-to-date: /home/px4/ros2/ws/install/px4_msgs/include/px4_msgs/px4_msgs/msg/detail/parameter_reset_request__rosidl_typesupport_introspection_c.h\n'}
[2.748664] (px4_msgs) StdoutLine: {'line': b'-- Up-to-date: /home/px4/ros2/ws/install/px4_msgs/include/px4_msgs/px4_msgs/msg/detail/gpio_request__rosidl_typesupport_introspection_c.h\n'}
[2.748769] (px4_msgs) StdoutLine: {'line': b'-- Up-to-date: /home/px4/ros2/ws/install/px4_msgs/include/px4_msgs/px4_msgs/msg/detail/mission__type_support.c\n'}
[2.748881] (px4_msgs) StdoutLine: {'line': b'-- Up-to-date: /home/px4/ros2/ws/install/px4_msgs/include/px4_msgs/px4_msgs/msg/detail/estimator_sensor_bias__rosidl_typesupport_introspection_c.h\n'}
[2.748998] (px4_msgs) StdoutLine: {'line': b'-- Up-to-date: /home/px4/ros2/ws/install/px4_msgs/include/px4_msgs/px4_msgs/msg/detail/iridiumsbd_status__type_support.c\n'}
[2.749091] (px4_msgs) StdoutLine: {'line': b'-- Up-to-date: /home/px4/ros2/ws/install/px4_msgs/include/px4_msgs/px4_msgs/msg/detail/estimator_aid_source3d__rosidl_typesupport_introspection_c.h\n'}
[2.749213] (px4_msgs) StdoutLine: {'line': b'-- Up-to-date: /home/px4/ros2/ws/install/px4_msgs/include/px4_msgs/px4_msgs/msg/detail/camera_status__rosidl_typesupport_introspection_c.h\n'}
[2.749384] (px4_msgs) StdoutLine: {'line': b'-- Up-to-date: /home/px4/ros2/ws/install/px4_msgs/include/px4_msgs/px4_msgs/msg/detail/camera_capture__type_support.c\n'}
[2.749503] (px4_msgs) StdoutLine: {'line': b'-- Up-to-date: /home/px4/ros2/ws/install/px4_msgs/include/px4_msgs/px4_msgs/msg/detail/mavlink_tunnel__type_support.c\n'}
[2.749621] (px4_msgs) StdoutLine: {'line': b'-- Up-to-date: /home/px4/ros2/ws/install/px4_msgs/include/px4_msgs/px4_msgs/msg/detail/actuator_outputs__type_support.c\n'}
[2.749722] (px4_msgs) StdoutLine: {'line': b'-- Up-to-date: /home/px4/ros2/ws/install/px4_msgs/include/px4_msgs/px4_msgs/msg/detail/vehicle_roi__rosidl_typesupport_introspection_c.h\n'}
[2.749831] (px4_msgs) StdoutLine: {'line': b'-- Up-to-date: /home/px4/ros2/ws/install/px4_msgs/include/px4_msgs/px4_msgs/msg/detail/fixed_wing_longitudinal_setpoint__type_support.c\n'}
[2.749933] (px4_msgs) StdoutLine: {'line': b'-- Up-to-date: /home/px4/ros2/ws/install/px4_msgs/include/px4_msgs/px4_msgs/msg/detail/actuator_motors__type_support.c\n'}
[2.750061] (px4_msgs) StdoutLine: {'line': b'-- Up-to-date: /home/px4/ros2/ws/install/px4_msgs/include/px4_msgs/px4_msgs/msg/detail/ping__rosidl_typesupport_introspection_c.h\n'}
[2.750184] (px4_msgs) StdoutLine: {'line': b'-- Up-to-date: /home/px4/ros2/ws/install/px4_msgs/include/px4_msgs/px4_msgs/msg/detail/parameter_set_value_response__type_support.c\n'}
[2.750424] (px4_msgs) StdoutLine: {'line': b'-- Up-to-date: /home/px4/ros2/ws/install/px4_msgs/include/px4_msgs/px4_msgs/msg/detail/rover_velocity_status__type_support.c\n'}
[2.750542] (px4_msgs) StdoutLine: {'line': b'-- Up-to-date: /home/px4/ros2/ws/install/px4_msgs/include/px4_msgs/px4_msgs/msg/detail/gimbal_device_set_attitude__type_support.c\n'}
[2.750650] (px4_msgs) StdoutLine: {'line': b'-- Up-to-date: /home/px4/ros2/ws/install/px4_msgs/include/px4_msgs/px4_msgs/msg/detail/rover_position_setpoint__type_support.c\n'}
[2.750760] (px4_msgs) StdoutLine: {'line': b'-- Up-to-date: /home/px4/ros2/ws/install/px4_msgs/include/px4_msgs/px4_msgs/msg/detail/message_format_response__rosidl_typesupport_introspection_c.h\n'}
[2.750876] (px4_msgs) StdoutLine: {'line': b'-- Up-to-date: /home/px4/ros2/ws/install/px4_msgs/include/px4_msgs/px4_msgs/msg/detail/parameter_set_used_request__rosidl_typesupport_introspection_c.h\n'}
[2.750996] (px4_msgs) StdoutLine: {'line': b'-- Up-to-date: /home/px4/ros2/ws/install/px4_msgs/include/px4_msgs/px4_msgs/msg/detail/estimator_event_flags__rosidl_typesupport_introspection_c.h\n'}
[2.751119] (px4_msgs) StdoutLine: {'line': b'-- Up-to-date: /home/px4/ros2/ws/install/px4_msgs/include/px4_msgs/px4_msgs/msg/detail/position_controller_status__rosidl_typesupport_introspection_c.h\n'}
[2.751226] (px4_msgs) StdoutLine: {'line': b'-- Up-to-date: /home/px4/ros2/ws/install/px4_msgs/include/px4_msgs/px4_msgs/msg/detail/fuel_tank_status__rosidl_typesupport_introspection_c.h\n'}
[2.751356] (px4_msgs) StdoutLine: {'line': b'-- Up-to-date: /home/px4/ros2/ws/install/px4_msgs/include/px4_msgs/px4_msgs/msg/detail/timesync_status__type_support.c\n'}
[2.751443] (px4_msgs) StdoutLine: {'line': b'-- Up-to-date: /home/px4/ros2/ws/install/px4_msgs/include/px4_msgs/px4_msgs/msg/detail/gpio_out__type_support.c\n'}
[2.751519] (px4_msgs) StdoutLine: {'line': b'-- Up-to-date: /home/px4/ros2/ws/install/px4_msgs/include/px4_msgs/px4_msgs/msg/detail/orb_test__type_support.c\n'}
[2.751611] (px4_msgs) StdoutLine: {'line': b'-- Up-to-date: /home/px4/ros2/ws/install/px4_msgs/include/px4_msgs/px4_msgs/msg/detail/qshell_retval__rosidl_typesupport_introspection_c.h\n'}
[2.751753] (px4_msgs) StdoutLine: {'line': b'-- Up-to-date: /home/px4/ros2/ws/install/px4_msgs/include/px4_msgs/px4_msgs/msg/detail/ekf2_timestamps__rosidl_typesupport_introspection_c.h\n'}
[2.751868] (px4_msgs) StdoutLine: {'line': b'-- Up-to-date: /home/px4/ros2/ws/install/px4_msgs/include/px4_msgs/px4_msgs/msg/detail/sensor_mag__rosidl_typesupport_introspection_c.h\n'}
[2.751981] (px4_msgs) StdoutLine: {'line': b'-- Up-to-date: /home/px4/ros2/ws/install/px4_msgs/include/px4_msgs/px4_msgs/msg/detail/gimbal_controls__rosidl_typesupport_introspection_c.h\n'}
[2.752054] (px4_msgs) StdoutLine: {'line': b'-- Up-to-date: /home/px4/ros2/ws/install/px4_msgs/include/px4_msgs/px4_msgs/msg/detail/unregister_ext_component__rosidl_typesupport_introspection_c.h\n'}
[2.752145] (px4_msgs) StdoutLine: {'line': b'-- Up-to-date: /home/px4/ros2/ws/install/px4_msgs/include/px4_msgs/px4_msgs/msg/detail/estimator_gps_status__rosidl_typesupport_introspection_c.h\n'}
[2.752312] (px4_msgs) StdoutLine: {'line': b'-- Up-to-date: /home/px4/ros2/ws/install/px4_msgs/include/px4_msgs/px4_msgs/msg/detail/task_stack_info__type_support.c\n'}
[2.752411] (px4_msgs) StdoutLine: {'line': b'-- Up-to-date: /home/px4/ros2/ws/install/px4_msgs/include/px4_msgs/px4_msgs/msg/detail/launch_detection_status__rosidl_typesupport_introspection_c.h\n'}
[2.752517] (px4_msgs) StdoutLine: {'line': b'-- Up-to-date: /home/px4/ros2/ws/install/px4_msgs/include/px4_msgs/px4_msgs/msg/detail/tecs_status__rosidl_typesupport_introspection_c.h\n'}
[2.752590] (px4_msgs) StdoutLine: {'line': b'-- Up-to-date: /home/px4/ros2/ws/install/px4_msgs/include/px4_msgs/px4_msgs/msg/detail/debug_array__type_support.c\n'}
[2.752689] (px4_msgs) StdoutLine: {'line': b'-- Up-to-date: /home/px4/ros2/ws/install/px4_msgs/include/px4_msgs/px4_msgs/msg/detail/dataman_response__rosidl_typesupport_introspection_c.h\n'}
[2.752786] (px4_msgs) StdoutLine: {'line': b'-- Up-to-date: /home/px4/ros2/ws/install/px4_msgs/include/px4_msgs/px4_msgs/msg/detail/pwm_input__type_support.c\n'}
[2.752898] (px4_msgs) StdoutLine: {'line': b'-- Up-to-date: /home/px4/ros2/ws/install/px4_msgs/include/px4_msgs/px4_msgs/msg/detail/landing_target_pose__rosidl_typesupport_introspection_c.h\n'}
[2.752981] (px4_msgs) StdoutLine: {'line': b'-- Up-to-date: /home/px4/ros2/ws/install/px4_msgs/include/px4_msgs/px4_msgs/msg/detail/estimator_bias__type_support.c\n'}
[2.753062] (px4_msgs) StdoutLine: {'line': b'-- Up-to-date: /home/px4/ros2/ws/install/px4_msgs/include/px4_msgs/px4_msgs/msg/detail/register_ext_component_reply__type_support.c\n'}
[2.753220] (px4_msgs) StdoutLine: {'line': b'-- Up-to-date: /home/px4/ros2/ws/install/px4_msgs/include/px4_msgs/px4_msgs/msg/detail/follow_target_status__rosidl_typesupport_introspection_c.h\n'}
[2.753335] (px4_msgs) StdoutLine: {'line': b'-- Up-to-date: /home/px4/ros2/ws/install/px4_msgs/include/px4_msgs/px4_msgs/msg/detail/internal_combustion_engine_control__rosidl_typesupport_introspection_c.h\n'}
[2.753435] (px4_msgs) StdoutLine: {'line': b'-- Up-to-date: /home/px4/ros2/ws/install/px4_msgs/include/px4_msgs/px4_msgs/msg/detail/obstacle_distance__rosidl_typesupport_introspection_c.h\n'}
[2.753501] (px4_msgs) StdoutLine: {'line': b'-- Up-to-date: /home/px4/ros2/ws/install/px4_msgs/include/px4_msgs/px4_msgs/msg/detail/autotune_attitude_control_status__type_support.c\n'}
[2.753566] (px4_msgs) StdoutLine: {'line': b'-- Up-to-date: /home/px4/ros2/ws/install/px4_msgs/include/px4_msgs/px4_msgs/msg/detail/normalized_unsigned_setpoint__type_support.c\n'}
[2.753645] (px4_msgs) StdoutLine: {'line': b'-- Up-to-date: /home/px4/ros2/ws/install/px4_msgs/include/px4_msgs/px4_msgs/msg/detail/gpio_request__type_support.c\n'}
[2.753711] (px4_msgs) StdoutLine: {'line': b'-- Up-to-date: /home/px4/ros2/ws/install/px4_msgs/include/px4_msgs/px4_msgs/msg/detail/position_setpoint__type_support.c\n'}
[2.753800] (px4_msgs) StdoutLine: {'line': b'-- Up-to-date: /home/px4/ros2/ws/install/px4_msgs/include/px4_msgs/px4_msgs/msg/detail/parameter_update__type_support.c\n'}
[2.753885] (px4_msgs) StdoutLine: {'line': b'-- Up-to-date: /home/px4/ros2/ws/install/px4_msgs/include/px4_msgs/px4_msgs/msg/detail/fixed_wing_lateral_status__rosidl_typesupport_introspection_c.h\n'}
[2.753960] (px4_msgs) StdoutLine: {'line': b'-- Up-to-date: /home/px4/ros2/ws/install/px4_msgs/include/px4_msgs/px4_msgs/msg/detail/qshell_req__rosidl_typesupport_introspection_c.h\n'}
[2.754059] (px4_msgs) StdoutLine: {'line': b'-- Up-to-date: /home/px4/ros2/ws/install/px4_msgs/include/px4_msgs/px4_msgs/msg/detail/vehicle_imu_status__type_support.c\n'}
[2.754143] (px4_msgs) StdoutLine: {'line': b'-- Up-to-date: /home/px4/ros2/ws/install/px4_msgs/include/px4_msgs/px4_msgs/msg/detail/follow_target__rosidl_typesupport_introspection_c.h\n'}
[2.754226] (px4_msgs) StdoutLine: {'line': b'-- Up-to-date: /home/px4/ros2/ws/install/px4_msgs/include/px4_msgs/px4_msgs/msg/detail/estimator_bias__rosidl_typesupport_introspection_c.h\n'}
[2.754303] (px4_msgs) StdoutLine: {'line': b'-- Up-to-date: /home/px4/ros2/ws/install/px4_msgs/include/px4_msgs/px4_msgs/msg/detail/event__type_support.c\n'}
[2.754367] (px4_msgs) StdoutLine: {'line': b'-- Up-to-date: /home/px4/ros2/ws/install/px4_msgs/include/px4_msgs/px4_msgs/msg/detail/rover_position_setpoint__rosidl_typesupport_introspection_c.h\n'}
[2.754452] (px4_msgs) StdoutLine: {'line': b'-- Up-to-date: /home/px4/ros2/ws/install/px4_msgs/include/px4_msgs/px4_msgs/msg/rosidl_typesupport_introspection_c__visibility_control.h\n'}
[2.754533] (px4_msgs) StdoutLine: {'line': b'-- Up-to-date: /home/px4/ros2/ws/install/px4_msgs/include/px4_msgs/px4_msgs/srv\n'}
[2.754603] (px4_msgs) StdoutLine: {'line': b'-- Up-to-date: /home/px4/ros2/ws/install/px4_msgs/include/px4_msgs/px4_msgs/srv/detail\n'}
[2.754681] (px4_msgs) StdoutLine: {'line': b'-- Up-to-date: /home/px4/ros2/ws/install/px4_msgs/include/px4_msgs/px4_msgs/srv/detail/vehicle_command__rosidl_typesupport_introspection_c.h\n'}
[2.754793] (px4_msgs) StdoutLine: {'line': b'-- Up-to-date: /home/px4/ros2/ws/install/px4_msgs/include/px4_msgs/px4_msgs/srv/detail/vehicle_command__type_support.c\n'}
[2.754857] (px4_msgs) StdoutLine: {'line': b'-- Up-to-date: /home/px4/ros2/ws/install/px4_msgs/lib/libpx4_msgs__rosidl_typesupport_introspection_c.so\n'}
[2.754918] (px4_msgs) StdoutLine: {'line': b'-- Up-to-date: /home/px4/ros2/ws/install/px4_msgs/lib/libpx4_msgs__rosidl_typesupport_c.so\n'}
[2.755010] (px4_msgs) StdoutLine: {'line': b'-- Up-to-date: /home/px4/ros2/ws/install/px4_msgs/include/px4_msgs/px4_msgs\n'}
[2.755074] (px4_msgs) StdoutLine: {'line': b'-- Up-to-date: /home/px4/ros2/ws/install/px4_msgs/include/px4_msgs/px4_msgs/msg\n'}
[2.755135] (px4_msgs) StdoutLine: {'line': b'-- Up-to-date: /home/px4/ros2/ws/install/px4_msgs/include/px4_msgs/px4_msgs/msg/detail\n'}
[2.755247] (px4_msgs) StdoutLine: {'line': b'-- Up-to-date: /home/px4/ros2/ws/install/px4_msgs/include/px4_msgs/px4_msgs/msg/detail/follow_target_estimator__rosidl_typesupport_introspection_cpp.hpp\n'}
[2.755368] (px4_msgs) StdoutLine: {'line': b'-- Up-to-date: /home/px4/ros2/ws/install/px4_msgs/include/px4_msgs/px4_msgs/msg/detail/mode_completed__rosidl_typesupport_introspection_cpp.hpp\n'}
[2.755457] (px4_msgs) StdoutLine: {'line': b'-- Up-to-date: /home/px4/ros2/ws/install/px4_msgs/include/px4_msgs/px4_msgs/msg/detail/gimbal_device_information__type_support.cpp\n'}
[2.755636] (px4_msgs) StdoutLine: {'line': b'-- Up-to-date: /home/px4/ros2/ws/install/px4_msgs/include/px4_msgs/px4_msgs/msg/detail/message_format_request__rosidl_typesupport_introspection_cpp.hpp\n'}
[2.755743] (px4_msgs) StdoutLine: {'line': b'-- Up-to-date: /home/px4/ros2/ws/install/px4_msgs/include/px4_msgs/px4_msgs/msg/detail/vehicle_control_mode__type_support.cpp\n'}
[2.755863] (px4_msgs) StdoutLine: {'line': b'-- Up-to-date: /home/px4/ros2/ws/install/px4_msgs/include/px4_msgs/px4_msgs/msg/detail/generator_status__rosidl_typesupport_introspection_cpp.hpp\n'}
[2.755930] (px4_msgs) StdoutLine: {'line': b'-- Up-to-date: /home/px4/ros2/ws/install/px4_msgs/include/px4_msgs/px4_msgs/msg/detail/rover_velocity_setpoint__type_support.cpp\n'}
[2.756009] (px4_msgs) StdoutLine: {'line': b'-- Up-to-date: /home/px4/ros2/ws/install/px4_msgs/include/px4_msgs/px4_msgs/msg/detail/dataman_request__rosidl_typesupport_introspection_cpp.hpp\n'}
[2.756109] (px4_msgs) StdoutLine: {'line': b'-- Up-to-date: /home/px4/ros2/ws/install/px4_msgs/include/px4_msgs/px4_msgs/msg/detail/failsafe_flags__rosidl_typesupport_introspection_cpp.hpp\n'}
[2.756174] (px4_msgs) StdoutLine: {'line': b'-- Up-to-date: /home/px4/ros2/ws/install/px4_msgs/include/px4_msgs/px4_msgs/msg/detail/vehicle_global_position__rosidl_typesupport_introspection_cpp.hpp\n'}
[2.756286] (px4_msgs) StdoutLine: {'line': b'-- Up-to-date: /home/px4/ros2/ws/install/px4_msgs/include/px4_msgs/px4_msgs/msg/detail/vehicle_optical_flow__type_support.cpp\n'}
[2.756354] (px4_msgs) StdoutLine: {'line': b'-- Up-to-date: /home/px4/ros2/ws/install/px4_msgs/include/px4_msgs/px4_msgs/msg/detail/rtl_status__rosidl_typesupport_introspection_cpp.hpp\n'}
[2.756444] (px4_msgs) StdoutLine: {'line': b'-- Up-to-date: /home/px4/ros2/ws/install/px4_msgs/include/px4_msgs/px4_msgs/msg/detail/vehicle_attitude__type_support.cpp\n'}
[2.756528] (px4_msgs) StdoutLine: {'line': b'-- Up-to-date: /home/px4/ros2/ws/install/px4_msgs/include/px4_msgs/px4_msgs/msg/detail/lateral_control_configuration__type_support.cpp\n'}
[2.756590] (px4_msgs) StdoutLine: {'line': b'-- Up-to-date: /home/px4/ros2/ws/install/px4_msgs/include/px4_msgs/px4_msgs/msg/detail/sensor_combined__rosidl_typesupport_introspection_cpp.hpp\n'}
[2.756652] (px4_msgs) StdoutLine: {'line': b'-- Up-to-date: /home/px4/ros2/ws/install/px4_msgs/include/px4_msgs/px4_msgs/msg/detail/open_drone_id_system__rosidl_typesupport_introspection_cpp.hpp\n'}
[2.756713] (px4_msgs) StdoutLine: {'line': b'-- Up-to-date: /home/px4/ros2/ws/install/px4_msgs/include/px4_msgs/px4_msgs/msg/detail/follow_target_status__rosidl_typesupport_introspection_cpp.hpp\n'}
[2.756774] (px4_msgs) StdoutLine: {'line': b'-- Up-to-date: /home/px4/ros2/ws/install/px4_msgs/include/px4_msgs/px4_msgs/msg/detail/mavlink_tunnel__rosidl_typesupport_introspection_cpp.hpp\n'}
[2.756850] (px4_msgs) StdoutLine: {'line': b'-- Up-to-date: /home/px4/ros2/ws/install/px4_msgs/include/px4_msgs/px4_msgs/msg/detail/ulog_stream_ack__type_support.cpp\n'}
[2.756915] (px4_msgs) StdoutLine: {'line': b'-- Up-to-date: /home/px4/ros2/ws/install/px4_msgs/include/px4_msgs/px4_msgs/msg/detail/ekf2_timestamps__rosidl_typesupport_introspection_cpp.hpp\n'}
[2.756978] (px4_msgs) StdoutLine: {'line': b'-- Up-to-date: /home/px4/ros2/ws/install/px4_msgs/include/px4_msgs/px4_msgs/msg/detail/rover_steering_setpoint__rosidl_typesupport_introspection_cpp.hpp\n'}
[2.757041] (px4_msgs) StdoutLine: {'line': b'-- Up-to-date: /home/px4/ros2/ws/install/px4_msgs/include/px4_msgs/px4_msgs/msg/detail/actuator_armed__type_support.cpp\n'}
[2.757138] (px4_msgs) StdoutLine: {'line': b'-- Up-to-date: /home/px4/ros2/ws/install/px4_msgs/include/px4_msgs/px4_msgs/msg/detail/landing_target_innovations__rosidl_typesupport_introspection_cpp.hpp\n'}
[2.757216] (px4_msgs) StdoutLine: {'line': b'-- Up-to-date: /home/px4/ros2/ws/install/px4_msgs/include/px4_msgs/px4_msgs/msg/detail/collision_constraints__rosidl_typesupport_introspection_cpp.hpp\n'}
[2.757311] (px4_msgs) StdoutLine: {'line': b'-- Up-to-date: /home/px4/ros2/ws/install/px4_msgs/include/px4_msgs/px4_msgs/msg/detail/orb_test_medium__type_support.cpp\n'}
[2.757376] (px4_msgs) StdoutLine: {'line': b'-- Up-to-date: /home/px4/ros2/ws/install/px4_msgs/include/px4_msgs/px4_msgs/msg/detail/vehicle_local_position__type_support.cpp\n'}
[2.757447] (px4_msgs) StdoutLine: {'line': b'-- Up-to-date: /home/px4/ros2/ws/install/px4_msgs/include/px4_msgs/px4_msgs/msg/detail/ulog_stream_ack__rosidl_typesupport_introspection_cpp.hpp\n'}
[2.757512] (px4_msgs) StdoutLine: {'line': b'-- Up-to-date: /home/px4/ros2/ws/install/px4_msgs/include/px4_msgs/px4_msgs/msg/detail/estimator_status__rosidl_typesupport_introspection_cpp.hpp\n'}
[2.757575] (px4_msgs) StdoutLine: {'line': b'-- Up-to-date: /home/px4/ros2/ws/install/px4_msgs/include/px4_msgs/px4_msgs/msg/detail/rover_rate_setpoint__rosidl_typesupport_introspection_cpp.hpp\n'}
[2.757680] (px4_msgs) StdoutLine: {'line': b'-- Up-to-date: /home/px4/ros2/ws/install/px4_msgs/include/px4_msgs/px4_msgs/msg/detail/vehicle_imu_status__rosidl_typesupport_introspection_cpp.hpp\n'}
[2.757751] (px4_msgs) StdoutLine: {'line': b'-- Up-to-date: /home/px4/ros2/ws/install/px4_msgs/include/px4_msgs/px4_msgs/msg/detail/fixed_wing_lateral_setpoint__type_support.cpp\n'}
[2.757816] (px4_msgs) StdoutLine: {'line': b'-- Up-to-date: /home/px4/ros2/ws/install/px4_msgs/include/px4_msgs/px4_msgs/msg/detail/dronecan_node_status__rosidl_typesupport_introspection_cpp.hpp\n'}
[2.757879] (px4_msgs) StdoutLine: {'line': b'-- Up-to-date: /home/px4/ros2/ws/install/px4_msgs/include/px4_msgs/px4_msgs/msg/detail/parameter_set_value_request__rosidl_typesupport_introspection_cpp.hpp\n'}
[2.757940] (px4_msgs) StdoutLine: {'line': b'-- Up-to-date: /home/px4/ros2/ws/install/px4_msgs/include/px4_msgs/px4_msgs/msg/detail/actuator_servos_trim__type_support.cpp\n'}
[2.758001] (px4_msgs) StdoutLine: {'line': b'-- Up-to-date: /home/px4/ros2/ws/install/px4_msgs/include/px4_msgs/px4_msgs/msg/detail/velocity_limits__rosidl_typesupport_introspection_cpp.hpp\n'}
[2.758095] (px4_msgs) StdoutLine: {'line': b'-- Up-to-date: /home/px4/ros2/ws/install/px4_msgs/include/px4_msgs/px4_msgs/msg/detail/sensor_preflight_mag__type_support.cpp\n'}
[2.758159] (px4_msgs) StdoutLine: {'line': b'-- Up-to-date: /home/px4/ros2/ws/install/px4_msgs/include/px4_msgs/px4_msgs/msg/detail/rover_velocity_status__type_support.cpp\n'}
[2.758241] (px4_msgs) StdoutLine: {'line': b'-- Up-to-date: /home/px4/ros2/ws/install/px4_msgs/include/px4_msgs/px4_msgs/msg/detail/takeoff_status__rosidl_typesupport_introspection_cpp.hpp\n'}
[2.758309] (px4_msgs) StdoutLine: {'line': b'-- Up-to-date: /home/px4/ros2/ws/install/px4_msgs/include/px4_msgs/px4_msgs/msg/detail/estimator_aid_source2d__rosidl_typesupport_introspection_cpp.hpp\n'}
[2.758372] (px4_msgs) StdoutLine: {'line': b'-- Up-to-date: /home/px4/ros2/ws/install/px4_msgs/include/px4_msgs/px4_msgs/msg/detail/camera_trigger__rosidl_typesupport_introspection_cpp.hpp\n'}
[2.758435] (px4_msgs) StdoutLine: {'line': b'-- Up-to-date: /home/px4/ros2/ws/install/px4_msgs/include/px4_msgs/px4_msgs/msg/detail/home_position__type_support.cpp\n'}
[2.758530] (px4_msgs) StdoutLine: {'line': b'-- Up-to-date: /home/px4/ros2/ws/install/px4_msgs/include/px4_msgs/px4_msgs/msg/detail/rc_channels__type_support.cpp\n'}
[2.758594] (px4_msgs) StdoutLine: {'line': b'-- Up-to-date: /home/px4/ros2/ws/install/px4_msgs/include/px4_msgs/px4_msgs/msg/detail/sensor_accel_fifo__type_support.cpp\n'}
[2.758689] (px4_msgs) StdoutLine: {'line': b'-- Up-to-date: /home/px4/ros2/ws/install/px4_msgs/include/px4_msgs/px4_msgs/msg/detail/tecs_status__rosidl_typesupport_introspection_cpp.hpp\n'}
[2.758761] (px4_msgs) StdoutLine: {'line': b'-- Up-to-date: /home/px4/ros2/ws/install/px4_msgs/include/px4_msgs/px4_msgs/msg/detail/fixed_wing_lateral_guidance_status__type_support.cpp\n'}
[2.758858] (px4_msgs) StdoutLine: {'line': b'-- Up-to-date: /home/px4/ros2/ws/install/px4_msgs/include/px4_msgs/px4_msgs/msg/detail/magnetometer_bias_estimate__rosidl_typesupport_introspection_cpp.hpp\n'}
[2.758927] (px4_msgs) StdoutLine: {'line': b'-- Up-to-date: /home/px4/ros2/ws/install/px4_msgs/include/px4_msgs/px4_msgs/msg/detail/differential_pressure__type_support.cpp\n'}
[2.759013] (px4_msgs) StdoutLine: {'line': b'-- Up-to-date: /home/px4/ros2/ws/install/px4_msgs/include/px4_msgs/px4_msgs/msg/detail/sensor_gyro__rosidl_typesupport_introspection_cpp.hpp\n'}
[2.759217] (px4_msgs) StdoutLine: {'line': b'-- Up-to-date: /home/px4/ros2/ws/install/px4_msgs/include/px4_msgs/px4_msgs/msg/detail/distance_sensor__rosidl_typesupport_introspection_cpp.hpp\n'}
[2.759343] (px4_msgs) StdoutLine: {'line': b'-- Up-to-date: /home/px4/ros2/ws/install/px4_msgs/include/px4_msgs/px4_msgs/msg/detail/mission__type_support.cpp\n'}
[2.759526] (px4_msgs) StdoutLine: {'line': b'-- Up-to-date: /home/px4/ros2/ws/install/px4_msgs/include/px4_msgs/px4_msgs/msg/detail/event__type_support.cpp\n'}
[2.759637] (px4_msgs) StdoutLine: {'line': b'-- Up-to-date: /home/px4/ros2/ws/install/px4_msgs/include/px4_msgs/px4_msgs/msg/detail/rpm__rosidl_typesupport_introspection_cpp.hpp\n'}
[2.759803] (px4_msgs) StdoutLine: {'line': b'-- Up-to-date: /home/px4/ros2/ws/install/px4_msgs/include/px4_msgs/px4_msgs/msg/detail/follow_target_status__type_support.cpp\n'}
[2.759940] (px4_msgs) StdoutLine: {'line': b'-- Up-to-date: /home/px4/ros2/ws/install/px4_msgs/include/px4_msgs/px4_msgs/msg/detail/follow_target_estimator__type_support.cpp\n'}
[2.760065] (px4_msgs) StdoutLine: {'line': b'-- Up-to-date: /home/px4/ros2/ws/install/px4_msgs/include/px4_msgs/px4_msgs/msg/detail/rate_ctrl_status__type_support.cpp\n'}
[2.760168] (px4_msgs) StdoutLine: {'line': b'-- Up-to-date: /home/px4/ros2/ws/install/px4_msgs/include/px4_msgs/px4_msgs/msg/detail/sensor_airflow__type_support.cpp\n'}
[2.760291] (px4_msgs) StdoutLine: {'line': b'-- Up-to-date: /home/px4/ros2/ws/install/px4_msgs/include/px4_msgs/px4_msgs/msg/detail/estimator_aid_source1d__type_support.cpp\n'}
[2.760381] (px4_msgs) StdoutLine: {'line': b'-- Up-to-date: /home/px4/ros2/ws/install/px4_msgs/include/px4_msgs/px4_msgs/msg/detail/internal_combustion_engine_status__rosidl_typesupport_introspection_cpp.hpp\n'}
[2.760447] (px4_msgs) StdoutLine: {'line': b'-- Up-to-date: /home/px4/ros2/ws/install/px4_msgs/include/px4_msgs/px4_msgs/msg/detail/estimator_event_flags__type_support.cpp\n'}
[2.760524] (px4_msgs) StdoutLine: {'line': b'-- Up-to-date: /home/px4/ros2/ws/install/px4_msgs/include/px4_msgs/px4_msgs/msg/detail/estimator_aid_source3d__type_support.cpp\n'}
[2.760590] (px4_msgs) StdoutLine: {'line': b'-- Up-to-date: /home/px4/ros2/ws/install/px4_msgs/include/px4_msgs/px4_msgs/msg/detail/vehicle_acceleration__rosidl_typesupport_introspection_cpp.hpp\n'}
[2.760705] (px4_msgs) StdoutLine: {'line': b'-- Up-to-date: /home/px4/ros2/ws/install/px4_msgs/include/px4_msgs/px4_msgs/msg/detail/estimator_gps_status__rosidl_typesupport_introspection_cpp.hpp\n'}
[2.760791] (px4_msgs) StdoutLine: {'line': b'-- Up-to-date: /home/px4/ros2/ws/install/px4_msgs/include/px4_msgs/px4_msgs/msg/detail/fixed_wing_lateral_status__type_support.cpp\n'}
[2.760907] (px4_msgs) StdoutLine: {'line': b'-- Up-to-date: /home/px4/ros2/ws/install/px4_msgs/include/px4_msgs/px4_msgs/msg/detail/trajectory_setpoint__rosidl_typesupport_introspection_cpp.hpp\n'}
[2.761025] (px4_msgs) StdoutLine: {'line': b'-- Up-to-date: /home/px4/ros2/ws/install/px4_msgs/include/px4_msgs/px4_msgs/msg/detail/camera_status__type_support.cpp\n'}
[2.761102] (px4_msgs) StdoutLine: {'line': b'-- Up-to-date: /home/px4/ros2/ws/install/px4_msgs/include/px4_msgs/px4_msgs/msg/detail/position_controller_status__rosidl_typesupport_introspection_cpp.hpp\n'}
[2.761208] (px4_msgs) StdoutLine: {'line': b'-- Up-to-date: /home/px4/ros2/ws/install/px4_msgs/include/px4_msgs/px4_msgs/msg/detail/power_monitor__rosidl_typesupport_introspection_cpp.hpp\n'}
[2.761331] (px4_msgs) StdoutLine: {'line': b'-- Up-to-date: /home/px4/ros2/ws/install/px4_msgs/include/px4_msgs/px4_msgs/msg/detail/gps_dump__rosidl_typesupport_introspection_cpp.hpp\n'}
[2.761429] (px4_msgs) StdoutLine: {'line': b'-- Up-to-date: /home/px4/ros2/ws/install/px4_msgs/include/px4_msgs/px4_msgs/msg/detail/actuator_servos__type_support.cpp\n'}
[2.761523] (px4_msgs) StdoutLine: {'line': b'-- Up-to-date: /home/px4/ros2/ws/install/px4_msgs/include/px4_msgs/px4_msgs/msg/detail/health_report__type_support.cpp\n'}
[2.761635] (px4_msgs) StdoutLine: {'line': b'-- Up-to-date: /home/px4/ros2/ws/install/px4_msgs/include/px4_msgs/px4_msgs/msg/detail/fixed_wing_lateral_guidance_status__rosidl_typesupport_introspection_cpp.hpp\n'}
[2.761728] (px4_msgs) StdoutLine: {'line': b'-- Up-to-date: /home/px4/ros2/ws/install/px4_msgs/include/px4_msgs/px4_msgs/msg/detail/distance_sensor_mode_change_request__rosidl_typesupport_introspection_cpp.hpp\n'}
[2.761795] (px4_msgs) StdoutLine: {'line': b'-- Up-to-date: /home/px4/ros2/ws/install/px4_msgs/include/px4_msgs/px4_msgs/msg/detail/mavlink_tunnel__type_support.cpp\n'}
[2.761857] (px4_msgs) StdoutLine: {'line': b'-- Up-to-date: /home/px4/ros2/ws/install/px4_msgs/include/px4_msgs/px4_msgs/msg/detail/actuator_armed__rosidl_typesupport_introspection_cpp.hpp\n'}
[2.761920] (px4_msgs) StdoutLine: {'line': b'-- Up-to-date: /home/px4/ros2/ws/install/px4_msgs/include/px4_msgs/px4_msgs/msg/detail/vehicle_control_mode__rosidl_typesupport_introspection_cpp.hpp\n'}
[2.762027] (px4_msgs) StdoutLine: {'line': b'-- Up-to-date: /home/px4/ros2/ws/install/px4_msgs/include/px4_msgs/px4_msgs/msg/detail/qshell_req__rosidl_typesupport_introspection_cpp.hpp\n'}
[2.762142] (px4_msgs) StdoutLine: {'line': b'-- Up-to-date: /home/px4/ros2/ws/install/px4_msgs/include/px4_msgs/px4_msgs/msg/detail/vehicle_magnetometer__rosidl_typesupport_introspection_cpp.hpp\n'}
[2.762332] (px4_msgs) StdoutLine: {'line': b'-- Up-to-date: /home/px4/ros2/ws/install/px4_msgs/include/px4_msgs/px4_msgs/msg/detail/camera_trigger__type_support.cpp\n'}
[2.762490] (px4_msgs) StdoutLine: {'line': b'-- Up-to-date: /home/px4/ros2/ws/install/px4_msgs/include/px4_msgs/px4_msgs/msg/detail/uavcan_parameter_request__rosidl_typesupport_introspection_cpp.hpp\n'}
[2.762560] (px4_msgs) StdoutLine: {'line': b'-- Up-to-date: /home/px4/ros2/ws/install/px4_msgs/include/px4_msgs/px4_msgs/msg/detail/sensor_uwb__type_support.cpp\n'}
[2.762625] (px4_msgs) StdoutLine: {'line': b'-- Up-to-date: /home/px4/ros2/ws/install/px4_msgs/include/px4_msgs/px4_msgs/msg/detail/uavcan_parameter_request__type_support.cpp\n'}
[2.762721] (px4_msgs) StdoutLine: {'line': b'-- Up-to-date: /home/px4/ros2/ws/install/px4_msgs/include/px4_msgs/px4_msgs/msg/detail/position_setpoint_triplet__type_support.cpp\n'}
[2.762787] (px4_msgs) StdoutLine: {'line': b'-- Up-to-date: /home/px4/ros2/ws/install/px4_msgs/include/px4_msgs/px4_msgs/msg/detail/vehicle_constraints__rosidl_typesupport_introspection_cpp.hpp\n'}
[2.762853] (px4_msgs) StdoutLine: {'line': b'-- Up-to-date: /home/px4/ros2/ws/install/px4_msgs/include/px4_msgs/px4_msgs/msg/detail/cellular_status__rosidl_typesupport_introspection_cpp.hpp\n'}
[2.762957] (px4_msgs) StdoutLine: {'line': b'-- Up-to-date: /home/px4/ros2/ws/install/px4_msgs/include/px4_msgs/px4_msgs/msg/detail/config_overrides__rosidl_typesupport_introspection_cpp.hpp\n'}
[2.763042] (px4_msgs) StdoutLine: {'line': b'-- Up-to-date: /home/px4/ros2/ws/install/px4_msgs/include/px4_msgs/px4_msgs/msg/detail/trajectory_setpoint6dof__type_support.cpp\n'}
[2.763136] (px4_msgs) StdoutLine: {'line': b'-- Up-to-date: /home/px4/ros2/ws/install/px4_msgs/include/px4_msgs/px4_msgs/msg/detail/gimbal_controls__type_support.cpp\n'}
[2.763237] (px4_msgs) StdoutLine: {'line': b'-- Up-to-date: /home/px4/ros2/ws/install/px4_msgs/include/px4_msgs/px4_msgs/msg/detail/estimator_aid_source2d__type_support.cpp\n'}
[2.763353] (px4_msgs) StdoutLine: {'line': b'-- Up-to-date: /home/px4/ros2/ws/install/px4_msgs/include/px4_msgs/px4_msgs/msg/detail/autotune_attitude_control_status__rosidl_typesupport_introspection_cpp.hpp\n'}
[2.763448] (px4_msgs) StdoutLine: {'line': b'-- Up-to-date: /home/px4/ros2/ws/install/px4_msgs/include/px4_msgs/px4_msgs/msg/detail/rover_throttle_setpoint__rosidl_typesupport_introspection_cpp.hpp\n'}
[2.763581] (px4_msgs) StdoutLine: {'line': b'-- Up-to-date: /home/px4/ros2/ws/install/px4_msgs/include/px4_msgs/px4_msgs/msg/detail/lateral_control_configuration__rosidl_typesupport_introspection_cpp.hpp\n'}
[2.763672] (px4_msgs) StdoutLine: {'line': b'-- Up-to-date: /home/px4/ros2/ws/install/px4_msgs/include/px4_msgs/px4_msgs/msg/detail/vehicle_odometry__type_support.cpp\n'}
[2.763782] (px4_msgs) StdoutLine: {'line': b'-- Up-to-date: /home/px4/ros2/ws/install/px4_msgs/include/px4_msgs/px4_msgs/msg/detail/mission_result__type_support.cpp\n'}
[2.763972] (px4_msgs) StdoutLine: {'line': b'-- Up-to-date: /home/px4/ros2/ws/install/px4_msgs/include/px4_msgs/px4_msgs/msg/detail/estimator_status__type_support.cpp\n'}
[2.764061] (px4_msgs) StdoutLine: {'line': b'-- Up-to-date: /home/px4/ros2/ws/install/px4_msgs/include/px4_msgs/px4_msgs/msg/detail/rc_parameter_map__type_support.cpp\n'}
[2.764146] (px4_msgs) StdoutLine: {'line': b'-- Up-to-date: /home/px4/ros2/ws/install/px4_msgs/include/px4_msgs/px4_msgs/msg/detail/actuator_test__type_support.cpp\n'}
[2.764241] (px4_msgs) StdoutLine: {'line': b'-- Up-to-date: /home/px4/ros2/ws/install/px4_msgs/include/px4_msgs/px4_msgs/msg/detail/esc_status__type_support.cpp\n'}
[2.764360] (px4_msgs) StdoutLine: {'line': b'-- Up-to-date: /home/px4/ros2/ws/install/px4_msgs/include/px4_msgs/px4_msgs/msg/detail/px4io_status__type_support.cpp\n'}
[2.764433] (px4_msgs) StdoutLine: {'line': b'-- Up-to-date: /home/px4/ros2/ws/install/px4_msgs/include/px4_msgs/px4_msgs/msg/detail/internal_combustion_engine_control__rosidl_typesupport_introspection_cpp.hpp\n'}
[2.764501] (px4_msgs) StdoutLine: {'line': b'-- Up-to-date: /home/px4/ros2/ws/install/px4_msgs/include/px4_msgs/px4_msgs/msg/detail/qshell_retval__rosidl_typesupport_introspection_cpp.hpp\n'}
[2.764571] (px4_msgs) StdoutLine: {'line': b'-- Up-to-date: /home/px4/ros2/ws/install/px4_msgs/include/px4_msgs/px4_msgs/msg/detail/parameter_reset_request__rosidl_typesupport_introspection_cpp.hpp\n'}
[2.764636] (px4_msgs) StdoutLine: {'line': b'-- Up-to-date: /home/px4/ros2/ws/install/px4_msgs/include/px4_msgs/px4_msgs/msg/detail/hover_thrust_estimate__type_support.cpp\n'}
[2.764702] (px4_msgs) StdoutLine: {'line': b'-- Up-to-date: /home/px4/ros2/ws/install/px4_msgs/include/px4_msgs/px4_msgs/msg/detail/wind__type_support.cpp\n'}
[2.764767] (px4_msgs) StdoutLine: {'line': b'-- Up-to-date: /home/px4/ros2/ws/install/px4_msgs/include/px4_msgs/px4_msgs/msg/detail/estimator_gps_status__type_support.cpp\n'}
[2.764832] (px4_msgs) StdoutLine: {'line': b'-- Up-to-date: /home/px4/ros2/ws/install/px4_msgs/include/px4_msgs/px4_msgs/msg/detail/manual_control_setpoint__type_support.cpp\n'}
[2.764898] (px4_msgs) StdoutLine: {'line': b'-- Up-to-date: /home/px4/ros2/ws/install/px4_msgs/include/px4_msgs/px4_msgs/msg/detail/mavlink_log__rosidl_typesupport_introspection_cpp.hpp\n'}
[2.764961] (px4_msgs) StdoutLine: {'line': b'-- Up-to-date: /home/px4/ros2/ws/install/px4_msgs/include/px4_msgs/px4_msgs/msg/detail/gimbal_manager_set_manual_control__rosidl_typesupport_introspection_cpp.hpp\n'}
[2.765045] (px4_msgs) StdoutLine: {'line': b'-- Up-to-date: /home/px4/ros2/ws/install/px4_msgs/include/px4_msgs/px4_msgs/msg/detail/failsafe_flags__type_support.cpp\n'}
[2.765162] (px4_msgs) StdoutLine: {'line': b'-- Up-to-date: /home/px4/ros2/ws/install/px4_msgs/include/px4_msgs/px4_msgs/msg/detail/airspeed_validated__type_support.cpp\n'}
[2.765256] (px4_msgs) StdoutLine: {'line': b'-- Up-to-date: /home/px4/ros2/ws/install/px4_msgs/include/px4_msgs/px4_msgs/msg/detail/dronecan_node_status__type_support.cpp\n'}
[2.765357] (px4_msgs) StdoutLine: {'line': b'-- Up-to-date: /home/px4/ros2/ws/install/px4_msgs/include/px4_msgs/px4_msgs/msg/detail/dataman_response__type_support.cpp\n'}
[2.765424] (px4_msgs) StdoutLine: {'line': b'-- Up-to-date: /home/px4/ros2/ws/install/px4_msgs/include/px4_msgs/px4_msgs/msg/detail/arming_check_reply__rosidl_typesupport_introspection_cpp.hpp\n'}
[2.765491] (px4_msgs) StdoutLine: {'line': b'-- Up-to-date: /home/px4/ros2/ws/install/px4_msgs/include/px4_msgs/px4_msgs/msg/detail/gpio_config__rosidl_typesupport_introspection_cpp.hpp\n'}
[2.765557] (px4_msgs) StdoutLine: {'line': b'-- Up-to-date: /home/px4/ros2/ws/install/px4_msgs/include/px4_msgs/px4_msgs/msg/detail/actuator_motors__rosidl_typesupport_introspection_cpp.hpp\n'}
[2.765663] (px4_msgs) StdoutLine: {'line': b'-- Up-to-date: /home/px4/ros2/ws/install/px4_msgs/include/px4_msgs/px4_msgs/msg/detail/launch_detection_status__type_support.cpp\n'}
[2.765743] (px4_msgs) StdoutLine: {'line': b'-- Up-to-date: /home/px4/ros2/ws/install/px4_msgs/include/px4_msgs/px4_msgs/msg/detail/pure_pursuit_status__rosidl_typesupport_introspection_cpp.hpp\n'}
[2.765808] (px4_msgs) StdoutLine: {'line': b'-- Up-to-date: /home/px4/ros2/ws/install/px4_msgs/include/px4_msgs/px4_msgs/msg/detail/gpio_out__type_support.cpp\n'}
[2.765871] (px4_msgs) StdoutLine: {'line': b'-- Up-to-date: /home/px4/ros2/ws/install/px4_msgs/include/px4_msgs/px4_msgs/msg/detail/power_button_state__type_support.cpp\n'}
[2.765934] (px4_msgs) StdoutLine: {'line': b'-- Up-to-date: /home/px4/ros2/ws/install/px4_msgs/include/px4_msgs/px4_msgs/msg/detail/vehicle_angular_acceleration_setpoint__rosidl_typesupport_introspection_cpp.hpp\n'}
[2.765998] (px4_msgs) StdoutLine: {'line': b'-- Up-to-date: /home/px4/ros2/ws/install/px4_msgs/include/px4_msgs/px4_msgs/msg/detail/unregister_ext_component__type_support.cpp\n'}
[2.766061] (px4_msgs) StdoutLine: {'line': b'-- Up-to-date: /home/px4/ros2/ws/install/px4_msgs/include/px4_msgs/px4_msgs/msg/detail/vehicle_attitude_setpoint__rosidl_typesupport_introspection_cpp.hpp\n'}
[2.766123] (px4_msgs) StdoutLine: {'line': b'-- Up-to-date: /home/px4/ros2/ws/install/px4_msgs/include/px4_msgs/px4_msgs/msg/detail/dataman_response__rosidl_typesupport_introspection_cpp.hpp\n'}
[2.766185] (px4_msgs) StdoutLine: {'line': b'-- Up-to-date: /home/px4/ros2/ws/install/px4_msgs/include/px4_msgs/px4_msgs/msg/detail/gimbal_device_set_attitude__rosidl_typesupport_introspection_cpp.hpp\n'}
[2.766329] (px4_msgs) StdoutLine: {'line': b'-- Up-to-date: /home/px4/ros2/ws/install/px4_msgs/include/px4_msgs/px4_msgs/msg/detail/sensor_optical_flow__rosidl_typesupport_introspection_cpp.hpp\n'}
[2.766398] (px4_msgs) StdoutLine: {'line': b'-- Up-to-date: /home/px4/ros2/ws/install/px4_msgs/include/px4_msgs/px4_msgs/msg/detail/mavlink_log__type_support.cpp\n'}
[2.766462] (px4_msgs) StdoutLine: {'line': b'-- Up-to-date: /home/px4/ros2/ws/install/px4_msgs/include/px4_msgs/px4_msgs/msg/detail/parameter_update__type_support.cpp\n'}
[2.766540] (px4_msgs) StdoutLine: {'line': b'-- Up-to-date: /home/px4/ros2/ws/install/px4_msgs/include/px4_msgs/px4_msgs/msg/detail/landing_gear__rosidl_typesupport_introspection_cpp.hpp\n'}
[2.766626] (px4_msgs) StdoutLine: {'line': b'-- Up-to-date: /home/px4/ros2/ws/install/px4_msgs/include/px4_msgs/px4_msgs/msg/detail/rover_velocity_setpoint__rosidl_typesupport_introspection_cpp.hpp\n'}
[2.766691] (px4_msgs) StdoutLine: {'line': b'-- Up-to-date: /home/px4/ros2/ws/install/px4_msgs/include/px4_msgs/px4_msgs/msg/detail/actuator_servos__rosidl_typesupport_introspection_cpp.hpp\n'}
[2.766754] (px4_msgs) StdoutLine: {'line': b'-- Up-to-date: /home/px4/ros2/ws/install/px4_msgs/include/px4_msgs/px4_msgs/msg/detail/sensor_hygrometer__type_support.cpp\n'}
[2.766828] (px4_msgs) StdoutLine: {'line': b'-- Up-to-date: /home/px4/ros2/ws/install/px4_msgs/include/px4_msgs/px4_msgs/msg/detail/parameter_set_value_response__rosidl_typesupport_introspection_cpp.hpp\n'}
[2.766912] (px4_msgs) StdoutLine: {'line': b'-- Up-to-date: /home/px4/ros2/ws/install/px4_msgs/include/px4_msgs/px4_msgs/msg/detail/vehicle_local_position__rosidl_typesupport_introspection_cpp.hpp\n'}
[2.767001] (px4_msgs) StdoutLine: {'line': b'-- Up-to-date: /home/px4/ros2/ws/install/px4_msgs/include/px4_msgs/px4_msgs/msg/detail/register_ext_component_reply__type_support.cpp\n'}
[2.767159] (px4_msgs) StdoutLine: {'line': b'-- Up-to-date: /home/px4/ros2/ws/install/px4_msgs/include/px4_msgs/px4_msgs/msg/detail/sensor_accel__type_support.cpp\n'}
[2.767298] (px4_msgs) StdoutLine: {'line': b'-- Up-to-date: /home/px4/ros2/ws/install/px4_msgs/include/px4_msgs/px4_msgs/msg/detail/follow_target__type_support.cpp\n'}
[2.767420] (px4_msgs) StdoutLine: {'line': b'-- Up-to-date: /home/px4/ros2/ws/install/px4_msgs/include/px4_msgs/px4_msgs/msg/detail/navigator_mission_item__type_support.cpp\n'}
[2.767552] (px4_msgs) StdoutLine: {'line': b'-- Up-to-date: /home/px4/ros2/ws/install/px4_msgs/include/px4_msgs/px4_msgs/msg/detail/airspeed_wind__type_support.cpp\n'}
[2.767675] (px4_msgs) StdoutLine: {'line': b'-- Up-to-date: /home/px4/ros2/ws/install/px4_msgs/include/px4_msgs/px4_msgs/msg/detail/timesync_status__type_support.cpp\n'}
[2.767813] (px4_msgs) StdoutLine: {'line': b'-- Up-to-date: /home/px4/ros2/ws/install/px4_msgs/include/px4_msgs/px4_msgs/msg/detail/rover_position_setpoint__type_support.cpp\n'}
[2.768023] (px4_msgs) StdoutLine: {'line': b'-- Up-to-date: /home/px4/ros2/ws/install/px4_msgs/include/px4_msgs/px4_msgs/msg/detail/sensor_baro__rosidl_typesupport_introspection_cpp.hpp\n'}
[2.768140] (px4_msgs) StdoutLine: {'line': b'-- Up-to-date: /home/px4/ros2/ws/install/px4_msgs/include/px4_msgs/px4_msgs/msg/detail/vtol_vehicle_status__rosidl_typesupport_introspection_cpp.hpp\n'}
[2.768289] (px4_msgs) StdoutLine: {'line': b'-- Up-to-date: /home/px4/ros2/ws/install/px4_msgs/include/px4_msgs/px4_msgs/msg/detail/vehicle_air_data__rosidl_typesupport_introspection_cpp.hpp\n'}
[2.768400] (px4_msgs) StdoutLine: {'line': b'-- Up-to-date: /home/px4/ros2/ws/install/px4_msgs/include/px4_msgs/px4_msgs/msg/detail/gimbal_manager_information__type_support.cpp\n'}
[2.768542] (px4_msgs) StdoutLine: {'line': b'-- Up-to-date: /home/px4/ros2/ws/install/px4_msgs/include/px4_msgs/px4_msgs/msg/detail/pure_pursuit_status__type_support.cpp\n'}
[2.768637] (px4_msgs) StdoutLine: {'line': b'-- Up-to-date: /home/px4/ros2/ws/install/px4_msgs/include/px4_msgs/px4_msgs/msg/detail/landing_gear__type_support.cpp\n'}
[2.768732] (px4_msgs) StdoutLine: {'line': b'-- Up-to-date: /home/px4/ros2/ws/install/px4_msgs/include/px4_msgs/px4_msgs/msg/detail/estimator_bias__rosidl_typesupport_introspection_cpp.hpp\n'}
[2.768817] (px4_msgs) StdoutLine: {'line': b'-- Up-to-date: /home/px4/ros2/ws/install/px4_msgs/include/px4_msgs/px4_msgs/msg/detail/goto_setpoint__rosidl_typesupport_introspection_cpp.hpp\n'}
[2.768902] (px4_msgs) StdoutLine: {'line': b'-- Up-to-date: /home/px4/ros2/ws/install/px4_msgs/include/px4_msgs/px4_msgs/msg/detail/actuator_controls_status__type_support.cpp\n'}
[2.768987] (px4_msgs) StdoutLine: {'line': b'-- Up-to-date: /home/px4/ros2/ws/install/px4_msgs/include/px4_msgs/px4_msgs/msg/detail/wheel_encoders__rosidl_typesupport_introspection_cpp.hpp\n'}
[2.769082] (px4_msgs) StdoutLine: {'line': b'-- Up-to-date: /home/px4/ros2/ws/install/px4_msgs/include/px4_msgs/px4_msgs/msg/detail/uavcan_parameter_value__type_support.cpp\n'}
[2.769174] (px4_msgs) StdoutLine: {'line': b'-- Up-to-date: /home/px4/ros2/ws/install/px4_msgs/include/px4_msgs/px4_msgs/msg/detail/landing_target_pose__rosidl_typesupport_introspection_cpp.hpp\n'}
[2.769296] (px4_msgs) StdoutLine: {'line': b'-- Up-to-date: /home/px4/ros2/ws/install/px4_msgs/include/px4_msgs/px4_msgs/msg/detail/mission__rosidl_typesupport_introspection_cpp.hpp\n'}
[2.769396] (px4_msgs) StdoutLine: {'line': b'-- Up-to-date: /home/px4/ros2/ws/install/px4_msgs/include/px4_msgs/px4_msgs/msg/detail/position_controller_landing_status__type_support.cpp\n'}
[2.769489] (px4_msgs) StdoutLine: {'line': b'-- Up-to-date: /home/px4/ros2/ws/install/px4_msgs/include/px4_msgs/px4_msgs/msg/detail/gimbal_manager_set_manual_control__type_support.cpp\n'}
[2.769696] (px4_msgs) StdoutLine: {'line': b'-- Up-to-date: /home/px4/ros2/ws/install/px4_msgs/include/px4_msgs/px4_msgs/msg/detail/vehicle_optical_flow_vel__type_support.cpp\n'}
[2.769798] (px4_msgs) StdoutLine: {'line': b'-- Up-to-date: /home/px4/ros2/ws/install/px4_msgs/include/px4_msgs/px4_msgs/msg/detail/velocity_limits__type_support.cpp\n'}
[2.769890] (px4_msgs) StdoutLine: {'line': b'-- Up-to-date: /home/px4/ros2/ws/install/px4_msgs/include/px4_msgs/px4_msgs/msg/detail/gimbal_device_information__rosidl_typesupport_introspection_cpp.hpp\n'}
[2.769979] (px4_msgs) StdoutLine: {'line': b'-- Up-to-date: /home/px4/ros2/ws/install/px4_msgs/include/px4_msgs/px4_msgs/msg/detail/gpio_out__rosidl_typesupport_introspection_cpp.hpp\n'}
[2.770101] (px4_msgs) StdoutLine: {'line': b'-- Up-to-date: /home/px4/ros2/ws/install/px4_msgs/include/px4_msgs/px4_msgs/msg/detail/vehicle_acceleration__type_support.cpp\n'}
[2.770291] (px4_msgs) StdoutLine: {'line': b'-- Up-to-date: /home/px4/ros2/ws/install/px4_msgs/include/px4_msgs/px4_msgs/msg/detail/rover_rate_status__rosidl_typesupport_introspection_cpp.hpp\n'}
[2.770482] (px4_msgs) StdoutLine: {'line': b'-- Up-to-date: /home/px4/ros2/ws/install/px4_msgs/include/px4_msgs/px4_msgs/msg/detail/orbit_status__rosidl_typesupport_introspection_cpp.hpp\n'}
[2.770617] (px4_msgs) StdoutLine: {'line': b'-- Up-to-date: /home/px4/ros2/ws/install/px4_msgs/include/px4_msgs/px4_msgs/msg/detail/transponder_report__rosidl_typesupport_introspection_cpp.hpp\n'}
[2.770755] (px4_msgs) StdoutLine: {'line': b'-- Up-to-date: /home/px4/ros2/ws/install/px4_msgs/include/px4_msgs/px4_msgs/msg/detail/parameter_set_value_response__type_support.cpp\n'}
[2.770878] (px4_msgs) StdoutLine: {'line': b'-- Up-to-date: /home/px4/ros2/ws/install/px4_msgs/include/px4_msgs/px4_msgs/msg/detail/sensor_gps__type_support.cpp\n'}
[2.771008] (px4_msgs) StdoutLine: {'line': b'-- Up-to-date: /home/px4/ros2/ws/install/px4_msgs/include/px4_msgs/px4_msgs/msg/detail/input_rc__rosidl_typesupport_introspection_cpp.hpp\n'}
[2.771187] (px4_msgs) StdoutLine: {'line': b'-- Up-to-date: /home/px4/ros2/ws/install/px4_msgs/include/px4_msgs/px4_msgs/msg/detail/action_request__rosidl_typesupport_introspection_cpp.hpp\n'}
[2.771340] (px4_msgs) StdoutLine: {'line': b'-- Up-to-date: /home/px4/ros2/ws/install/px4_msgs/include/px4_msgs/px4_msgs/msg/detail/task_stack_info__type_support.cpp\n'}
[2.771545] (px4_msgs) StdoutLine: {'line': b'-- Up-to-date: /home/px4/ros2/ws/install/px4_msgs/include/px4_msgs/px4_msgs/msg/detail/fixed_wing_lateral_status__rosidl_typesupport_introspection_cpp.hpp\n'}
[2.771658] (px4_msgs) StdoutLine: {'line': b'-- Up-to-date: /home/px4/ros2/ws/install/px4_msgs/include/px4_msgs/px4_msgs/msg/detail/navigator_status__type_support.cpp\n'}
[2.771828] (px4_msgs) StdoutLine: {'line': b'-- Up-to-date: /home/px4/ros2/ws/install/px4_msgs/include/px4_msgs/px4_msgs/msg/detail/rc_channels__rosidl_typesupport_introspection_cpp.hpp\n'}
[2.772004] (px4_msgs) StdoutLine: {'line': b'-- Up-to-date: /home/px4/ros2/ws/install/px4_msgs/include/px4_msgs/px4_msgs/msg/detail/iridiumsbd_status__rosidl_typesupport_introspection_cpp.hpp\n'}
[2.772152] (px4_msgs) StdoutLine: {'line': b'-- Up-to-date: /home/px4/ros2/ws/install/px4_msgs/include/px4_msgs/px4_msgs/msg/detail/logger_status__rosidl_typesupport_introspection_cpp.hpp\n'}
[2.772292] (px4_msgs) StdoutLine: {'line': b'-- Up-to-date: /home/px4/ros2/ws/install/px4_msgs/include/px4_msgs/px4_msgs/msg/detail/dataman_request__type_support.cpp\n'}
[2.772433] (px4_msgs) StdoutLine: {'line': b'-- Up-to-date: /home/px4/ros2/ws/install/px4_msgs/include/px4_msgs/px4_msgs/msg/detail/ping__type_support.cpp\n'}
[2.772580] (px4_msgs) StdoutLine: {'line': b'-- Up-to-date: /home/px4/ros2/ws/install/px4_msgs/include/px4_msgs/px4_msgs/msg/detail/open_drone_id_self_id__rosidl_typesupport_introspection_cpp.hpp\n'}
[2.772687] (px4_msgs) StdoutLine: {'line': b'-- Up-to-date: /home/px4/ros2/ws/install/px4_msgs/include/px4_msgs/px4_msgs/msg/detail/takeoff_status__type_support.cpp\n'}
[2.772794] (px4_msgs) StdoutLine: {'line': b'-- Up-to-date: /home/px4/ros2/ws/install/px4_msgs/include/px4_msgs/px4_msgs/msg/detail/sensor_accel__rosidl_typesupport_introspection_cpp.hpp\n'}
[2.772908] (px4_msgs) StdoutLine: {'line': b'-- Up-to-date: /home/px4/ros2/ws/install/px4_msgs/include/px4_msgs/px4_msgs/msg/detail/log_message__type_support.cpp\n'}
[2.773012] (px4_msgs) StdoutLine: {'line': b'-- Up-to-date: /home/px4/ros2/ws/install/px4_msgs/include/px4_msgs/px4_msgs/msg/detail/magnetometer_bias_estimate__type_support.cpp\n'}
[2.773119] (px4_msgs) StdoutLine: {'line': b'-- Up-to-date: /home/px4/ros2/ws/install/px4_msgs/include/px4_msgs/px4_msgs/msg/detail/landing_gear_wheel__type_support.cpp\n'}
[2.773237] (px4_msgs) StdoutLine: {'line': b'-- Up-to-date: /home/px4/ros2/ws/install/px4_msgs/include/px4_msgs/px4_msgs/msg/detail/ulog_stream__type_support.cpp\n'}
[2.773333] (px4_msgs) StdoutLine: {'line': b'-- Up-to-date: /home/px4/ros2/ws/install/px4_msgs/include/px4_msgs/px4_msgs/msg/detail/can_interface_status__type_support.cpp\n'}
[2.773401] (px4_msgs) StdoutLine: {'line': b'-- Up-to-date: /home/px4/ros2/ws/install/px4_msgs/include/px4_msgs/px4_msgs/msg/detail/manual_control_setpoint__rosidl_typesupport_introspection_cpp.hpp\n'}
[2.773495] (px4_msgs) StdoutLine: {'line': b'-- Up-to-date: /home/px4/ros2/ws/install/px4_msgs/include/px4_msgs/px4_msgs/msg/detail/flight_phase_estimation__type_support.cpp\n'}
[2.773587] (px4_msgs) StdoutLine: {'line': b'-- Up-to-date: /home/px4/ros2/ws/install/px4_msgs/include/px4_msgs/px4_msgs/msg/detail/vehicle_torque_setpoint__rosidl_typesupport_introspection_cpp.hpp\n'}
[2.773682] (px4_msgs) StdoutLine: {'line': b'-- Up-to-date: /home/px4/ros2/ws/install/px4_msgs/include/px4_msgs/px4_msgs/msg/detail/vehicle_status__type_support.cpp\n'}
[2.773774] (px4_msgs) StdoutLine: {'line': b'-- Up-to-date: /home/px4/ros2/ws/install/px4_msgs/include/px4_msgs/px4_msgs/msg/detail/rate_ctrl_status__rosidl_typesupport_introspection_cpp.hpp\n'}
[2.773865] (px4_msgs) StdoutLine: {'line': b'-- Up-to-date: /home/px4/ros2/ws/install/px4_msgs/include/px4_msgs/px4_msgs/msg/detail/message_format_response__type_support.cpp\n'}
[2.773951] (px4_msgs) StdoutLine: {'line': b'-- Up-to-date: /home/px4/ros2/ws/install/px4_msgs/include/px4_msgs/px4_msgs/msg/detail/sensor_mag__type_support.cpp\n'}
[2.774047] (px4_msgs) StdoutLine: {'line': b'-- Up-to-date: /home/px4/ros2/ws/install/px4_msgs/include/px4_msgs/px4_msgs/msg/detail/battery_info__rosidl_typesupport_introspection_cpp.hpp\n'}
[2.774138] (px4_msgs) StdoutLine: {'line': b'-- Up-to-date: /home/px4/ros2/ws/install/px4_msgs/include/px4_msgs/px4_msgs/msg/detail/action_request__type_support.cpp\n'}
[2.774260] (px4_msgs) StdoutLine: {'line': b'-- Up-to-date: /home/px4/ros2/ws/install/px4_msgs/include/px4_msgs/px4_msgs/msg/detail/estimator_aid_source1d__rosidl_typesupport_introspection_cpp.hpp\n'}
[2.774348] (px4_msgs) StdoutLine: {'line': b'-- Up-to-date: /home/px4/ros2/ws/install/px4_msgs/include/px4_msgs/px4_msgs/msg/detail/esc_report__type_support.cpp\n'}
[2.774466] (px4_msgs) StdoutLine: {'line': b'-- Up-to-date: /home/px4/ros2/ws/install/px4_msgs/include/px4_msgs/px4_msgs/msg/detail/register_ext_component_reply__rosidl_typesupport_introspection_cpp.hpp\n'}
[2.774533] (px4_msgs) StdoutLine: {'line': b'-- Up-to-date: /home/px4/ros2/ws/install/px4_msgs/include/px4_msgs/px4_msgs/msg/detail/camera_capture__rosidl_typesupport_introspection_cpp.hpp\n'}
[2.774601] (px4_msgs) StdoutLine: {'line': b'-- Up-to-date: /home/px4/ros2/ws/install/px4_msgs/include/px4_msgs/px4_msgs/msg/detail/vehicle_angular_velocity__type_support.cpp\n'}
[2.774698] (px4_msgs) StdoutLine: {'line': b'-- Up-to-date: /home/px4/ros2/ws/install/px4_msgs/include/px4_msgs/px4_msgs/msg/detail/estimator_states__type_support.cpp\n'}
[2.774761] (px4_msgs) StdoutLine: {'line': b'-- Up-to-date: /home/px4/ros2/ws/install/px4_msgs/include/px4_msgs/px4_msgs/msg/detail/arming_check_request__type_support.cpp\n'}
[2.774821] (px4_msgs) StdoutLine: {'line': b'-- Up-to-date: /home/px4/ros2/ws/install/px4_msgs/include/px4_msgs/px4_msgs/msg/detail/actuator_controls_status__rosidl_typesupport_introspection_cpp.hpp\n'}
[2.774899] (px4_msgs) StdoutLine: {'line': b'-- Up-to-date: /home/px4/ros2/ws/install/px4_msgs/include/px4_msgs/px4_msgs/msg/detail/gimbal_device_set_attitude__type_support.cpp\n'}
[2.774961] (px4_msgs) StdoutLine: {'line': b'-- Up-to-date: /home/px4/ros2/ws/install/px4_msgs/include/px4_msgs/px4_msgs/msg/detail/debug_key_value__type_support.cpp\n'}
[2.775032] (px4_msgs) StdoutLine: {'line': b'-- Up-to-date: /home/px4/ros2/ws/install/px4_msgs/include/px4_msgs/px4_msgs/msg/detail/sensor_combined__type_support.cpp\n'}
[2.775235] (px4_msgs) StdoutLine: {'line': b'-- Up-to-date: /home/px4/ros2/ws/install/px4_msgs/include/px4_msgs/px4_msgs/msg/detail/geofence_result__type_support.cpp\n'}
[2.775337] (px4_msgs) StdoutLine: {'line': b'-- Up-to-date: /home/px4/ros2/ws/install/px4_msgs/include/px4_msgs/px4_msgs/msg/detail/satellite_info__rosidl_typesupport_introspection_cpp.hpp\n'}
[2.775478] (px4_msgs) StdoutLine: {'line': b'-- Up-to-date: /home/px4/ros2/ws/install/px4_msgs/include/px4_msgs/px4_msgs/msg/detail/sensors_status__rosidl_typesupport_introspection_cpp.hpp\n'}
[2.775562] (px4_msgs) StdoutLine: {'line': b'-- Up-to-date: /home/px4/ros2/ws/install/px4_msgs/include/px4_msgs/px4_msgs/msg/detail/debug_value__type_support.cpp\n'}
[2.775663] (px4_msgs) StdoutLine: {'line': b'-- Up-to-date: /home/px4/ros2/ws/install/px4_msgs/include/px4_msgs/px4_msgs/msg/detail/internal_combustion_engine_control__type_support.cpp\n'}
[2.775796] (px4_msgs) StdoutLine: {'line': b'-- Up-to-date: /home/px4/ros2/ws/install/px4_msgs/include/px4_msgs/px4_msgs/msg/detail/vtol_vehicle_status__type_support.cpp\n'}
[2.775918] (px4_msgs) StdoutLine: {'line': b'-- Up-to-date: /home/px4/ros2/ws/install/px4_msgs/include/px4_msgs/px4_msgs/msg/detail/register_ext_component_request__type_support.cpp\n'}
[2.776034] (px4_msgs) StdoutLine: {'line': b'-- Up-to-date: /home/px4/ros2/ws/install/px4_msgs/include/px4_msgs/px4_msgs/msg/detail/flight_phase_estimation__rosidl_typesupport_introspection_cpp.hpp\n'}
[2.776140] (px4_msgs) StdoutLine: {'line': b'-- Up-to-date: /home/px4/ros2/ws/install/px4_msgs/include/px4_msgs/px4_msgs/msg/detail/estimator_bias__type_support.cpp\n'}
[2.776315] (px4_msgs) StdoutLine: {'line': b'-- Up-to-date: /home/px4/ros2/ws/install/px4_msgs/include/px4_msgs/px4_msgs/msg/detail/landing_target_innovations__type_support.cpp\n'}
[2.776395] (px4_msgs) StdoutLine: {'line': b'-- Up-to-date: /home/px4/ros2/ws/install/px4_msgs/include/px4_msgs/px4_msgs/msg/detail/satellite_info__type_support.cpp\n'}
[2.776462] (px4_msgs) StdoutLine: {'line': b'-- Up-to-date: /home/px4/ros2/ws/install/px4_msgs/include/px4_msgs/px4_msgs/msg/detail/estimator_status_flags__rosidl_typesupport_introspection_cpp.hpp\n'}
[2.776526] (px4_msgs) StdoutLine: {'line': b'-- Up-to-date: /home/px4/ros2/ws/install/px4_msgs/include/px4_msgs/px4_msgs/msg/detail/normalized_unsigned_setpoint__rosidl_typesupport_introspection_cpp.hpp\n'}
[2.776602] (px4_msgs) StdoutLine: {'line': b'-- Up-to-date: /home/px4/ros2/ws/install/px4_msgs/include/px4_msgs/px4_msgs/msg/detail/power_button_state__rosidl_typesupport_introspection_cpp.hpp\n'}
[2.776663] (px4_msgs) StdoutLine: {'line': b'-- Up-to-date: /home/px4/ros2/ws/install/px4_msgs/include/px4_msgs/px4_msgs/msg/detail/obstacle_distance__type_support.cpp\n'}
[2.776726] (px4_msgs) StdoutLine: {'line': b'-- Up-to-date: /home/px4/ros2/ws/install/px4_msgs/include/px4_msgs/px4_msgs/msg/detail/estimator_aid_source3d__rosidl_typesupport_introspection_cpp.hpp\n'}
[2.776796] (px4_msgs) StdoutLine: {'line': b'-- Up-to-date: /home/px4/ros2/ws/install/px4_msgs/include/px4_msgs/px4_msgs/msg/detail/button_event__rosidl_typesupport_introspection_cpp.hpp\n'}
[2.776879] (px4_msgs) StdoutLine: {'line': b'-- Up-to-date: /home/px4/ros2/ws/install/px4_msgs/include/px4_msgs/px4_msgs/msg/detail/fuel_tank_status__type_support.cpp\n'}
[2.776964] (px4_msgs) StdoutLine: {'line': b'-- Up-to-date: /home/px4/ros2/ws/install/px4_msgs/include/px4_msgs/px4_msgs/msg/detail/rtl_status__type_support.cpp\n'}
[2.777050] (px4_msgs) StdoutLine: {'line': b'-- Up-to-date: /home/px4/ros2/ws/install/px4_msgs/include/px4_msgs/px4_msgs/msg/detail/cpuload__type_support.cpp\n'}
[2.777127] (px4_msgs) StdoutLine: {'line': b'-- Up-to-date: /home/px4/ros2/ws/install/px4_msgs/include/px4_msgs/px4_msgs/msg/detail/vehicle_local_position_setpoint__rosidl_typesupport_introspection_cpp.hpp\n'}
[2.777294] (px4_msgs) StdoutLine: {'line': b'-- Up-to-date: /home/px4/ros2/ws/install/px4_msgs/include/px4_msgs/px4_msgs/msg/detail/rpm__type_support.cpp\n'}
[2.777381] (px4_msgs) StdoutLine: {'line': b'-- Up-to-date: /home/px4/ros2/ws/install/px4_msgs/include/px4_msgs/px4_msgs/msg/detail/fixed_wing_longitudinal_setpoint__type_support.cpp\n'}
[2.777469] (px4_msgs) StdoutLine: {'line': b'-- Up-to-date: /home/px4/ros2/ws/install/px4_msgs/include/px4_msgs/px4_msgs/msg/detail/rover_rate_status__type_support.cpp\n'}
[2.777566] (px4_msgs) StdoutLine: {'line': b'-- Up-to-date: /home/px4/ros2/ws/install/px4_msgs/include/px4_msgs/px4_msgs/msg/detail/goto_setpoint__type_support.cpp\n'}
[2.777632] (px4_msgs) StdoutLine: {'line': b'-- Up-to-date: /home/px4/ros2/ws/install/px4_msgs/include/px4_msgs/px4_msgs/msg/detail/radio_status__type_support.cpp\n'}
[2.777709] (px4_msgs) StdoutLine: {'line': b'-- Up-to-date: /home/px4/ros2/ws/install/px4_msgs/include/px4_msgs/px4_msgs/msg/detail/vehicle_optical_flow_vel__rosidl_typesupport_introspection_cpp.hpp\n'}
[2.777796] (px4_msgs) StdoutLine: {'line': b'-- Up-to-date: /home/px4/ros2/ws/install/px4_msgs/include/px4_msgs/px4_msgs/msg/detail/sensor_gyro__type_support.cpp\n'}
[2.777909] (px4_msgs) StdoutLine: {'line': b'-- Up-to-date: /home/px4/ros2/ws/install/px4_msgs/include/px4_msgs/px4_msgs/msg/detail/estimator_innovations__rosidl_typesupport_introspection_cpp.hpp\n'}
[2.777975] (px4_msgs) StdoutLine: {'line': b'-- Up-to-date: /home/px4/ros2/ws/install/px4_msgs/include/px4_msgs/px4_msgs/msg/detail/sensors_status_imu__type_support.cpp\n'}
[2.778083] (px4_msgs) StdoutLine: {'line': b'-- Up-to-date: /home/px4/ros2/ws/install/px4_msgs/include/px4_msgs/px4_msgs/msg/detail/sensor_correction__rosidl_typesupport_introspection_cpp.hpp\n'}
[2.778147] (px4_msgs) StdoutLine: {'line': b'-- Up-to-date: /home/px4/ros2/ws/install/px4_msgs/include/px4_msgs/px4_msgs/msg/detail/vehicle_air_data__type_support.cpp\n'}
[2.778232] (px4_msgs) StdoutLine: {'line': b'-- Up-to-date: /home/px4/ros2/ws/install/px4_msgs/include/px4_msgs/px4_msgs/msg/detail/manual_control_switches__type_support.cpp\n'}
[2.778323] (px4_msgs) StdoutLine: {'line': b'-- Up-to-date: /home/px4/ros2/ws/install/px4_msgs/include/px4_msgs/px4_msgs/msg/detail/position_setpoint_triplet__rosidl_typesupport_introspection_cpp.hpp\n'}
[2.778444] (px4_msgs) StdoutLine: {'line': b'-- Up-to-date: /home/px4/ros2/ws/install/px4_msgs/include/px4_msgs/px4_msgs/msg/detail/debug_array__type_support.cpp\n'}
[2.778558] (px4_msgs) StdoutLine: {'line': b'-- Up-to-date: /home/px4/ros2/ws/install/px4_msgs/include/px4_msgs/px4_msgs/msg/detail/vehicle_status__rosidl_typesupport_introspection_cpp.hpp\n'}
[2.778676] (px4_msgs) StdoutLine: {'line': b'-- Up-to-date: /home/px4/ros2/ws/install/px4_msgs/include/px4_msgs/px4_msgs/msg/detail/actuator_outputs__type_support.cpp\n'}
[2.778742] (px4_msgs) StdoutLine: {'line': b'-- Up-to-date: /home/px4/ros2/ws/install/px4_msgs/include/px4_msgs/px4_msgs/msg/detail/sensor_gnss_relative__rosidl_typesupport_introspection_cpp.hpp\n'}
[2.778804] (px4_msgs) StdoutLine: {'line': b'-- Up-to-date: /home/px4/ros2/ws/install/px4_msgs/include/px4_msgs/px4_msgs/msg/detail/hover_thrust_estimate__rosidl_typesupport_introspection_cpp.hpp\n'}
[2.778866] (px4_msgs) StdoutLine: {'line': b'-- Up-to-date: /home/px4/ros2/ws/install/px4_msgs/include/px4_msgs/px4_msgs/msg/detail/longitudinal_control_configuration__rosidl_typesupport_introspection_cpp.hpp\n'}
[2.778928] (px4_msgs) StdoutLine: {'line': b'-- Up-to-date: /home/px4/ros2/ws/install/px4_msgs/include/px4_msgs/px4_msgs/msg/detail/wheel_encoders__type_support.cpp\n'}
[2.778987] (px4_msgs) StdoutLine: {'line': b'-- Up-to-date: /home/px4/ros2/ws/install/px4_msgs/include/px4_msgs/px4_msgs/msg/detail/vehicle_rates_setpoint__type_support.cpp\n'}
[2.779048] (px4_msgs) StdoutLine: {'line': b'-- Up-to-date: /home/px4/ros2/ws/install/px4_msgs/include/px4_msgs/px4_msgs/msg/detail/gpio_in__rosidl_typesupport_introspection_cpp.hpp\n'}
[2.779155] (px4_msgs) StdoutLine: {'line': b'-- Up-to-date: /home/px4/ros2/ws/install/px4_msgs/include/px4_msgs/px4_msgs/msg/detail/follow_target__rosidl_typesupport_introspection_cpp.hpp\n'}
[2.779250] (px4_msgs) StdoutLine: {'line': b'-- Up-to-date: /home/px4/ros2/ws/install/px4_msgs/include/px4_msgs/px4_msgs/msg/detail/telemetry_status__type_support.cpp\n'}
[2.779356] (px4_msgs) StdoutLine: {'line': b'-- Up-to-date: /home/px4/ros2/ws/install/px4_msgs/include/px4_msgs/px4_msgs/msg/detail/landing_gear_wheel__rosidl_typesupport_introspection_cpp.hpp\n'}
[2.779433] (px4_msgs) StdoutLine: {'line': b'-- Up-to-date: /home/px4/ros2/ws/install/px4_msgs/include/px4_msgs/px4_msgs/msg/detail/vehicle_thrust_setpoint__rosidl_typesupport_introspection_cpp.hpp\n'}
[2.779495] (px4_msgs) StdoutLine: {'line': b'-- Up-to-date: /home/px4/ros2/ws/install/px4_msgs/include/px4_msgs/px4_msgs/msg/detail/home_position__rosidl_typesupport_introspection_cpp.hpp\n'}
[2.779637] (px4_msgs) StdoutLine: {'line': b'-- Up-to-date: /home/px4/ros2/ws/install/px4_msgs/include/px4_msgs/px4_msgs/msg/detail/sensor_gyro_fft__rosidl_typesupport_introspection_cpp.hpp\n'}
[2.779756] (px4_msgs) StdoutLine: {'line': b'-- Up-to-date: /home/px4/ros2/ws/install/px4_msgs/include/px4_msgs/px4_msgs/msg/detail/estimator_sensor_bias__rosidl_typesupport_introspection_cpp.hpp\n'}
[2.779867] (px4_msgs) StdoutLine: {'line': b'-- Up-to-date: /home/px4/ros2/ws/install/px4_msgs/include/px4_msgs/px4_msgs/msg/detail/orb_test__rosidl_typesupport_introspection_cpp.hpp\n'}
[2.779979] (px4_msgs) StdoutLine: {'line': b'-- Up-to-date: /home/px4/ros2/ws/install/px4_msgs/include/px4_msgs/px4_msgs/msg/detail/sensors_status_imu__rosidl_typesupport_introspection_cpp.hpp\n'}
[2.780107] (px4_msgs) StdoutLine: {'line': b'-- Up-to-date: /home/px4/ros2/ws/install/px4_msgs/include/px4_msgs/px4_msgs/msg/detail/orb_test_medium__rosidl_typesupport_introspection_cpp.hpp\n'}
[2.780323] (px4_msgs) StdoutLine: {'line': b'-- Up-to-date: /home/px4/ros2/ws/install/px4_msgs/include/px4_msgs/px4_msgs/msg/detail/vehicle_command_ack__type_support.cpp\n'}
[2.780504] (px4_msgs) StdoutLine: {'line': b'-- Up-to-date: /home/px4/ros2/ws/install/px4_msgs/include/px4_msgs/px4_msgs/msg/detail/gimbal_manager_set_attitude__rosidl_typesupport_introspection_cpp.hpp\n'}
[2.780678] (px4_msgs) StdoutLine: {'line': b'-- Up-to-date: /home/px4/ros2/ws/install/px4_msgs/include/px4_msgs/px4_msgs/msg/detail/sensor_airflow__rosidl_typesupport_introspection_cpp.hpp\n'}
[2.780800] (px4_msgs) StdoutLine: {'line': b'-- Up-to-date: /home/px4/ros2/ws/install/px4_msgs/include/px4_msgs/px4_msgs/msg/detail/mission_result__rosidl_typesupport_introspection_cpp.hpp\n'}
[2.780911] (px4_msgs) StdoutLine: {'line': b'-- Up-to-date: /home/px4/ros2/ws/install/px4_msgs/include/px4_msgs/px4_msgs/msg/detail/battery_info__type_support.cpp\n'}
[2.781094] (px4_msgs) StdoutLine: {'line': b'-- Up-to-date: /home/px4/ros2/ws/install/px4_msgs/include/px4_msgs/px4_msgs/msg/detail/sensor_preflight_mag__rosidl_typesupport_introspection_cpp.hpp\n'}
[2.781282] (px4_msgs) StdoutLine: {'line': b'-- Up-to-date: /home/px4/ros2/ws/install/px4_msgs/include/px4_msgs/px4_msgs/msg/detail/ekf2_timestamps__type_support.cpp\n'}
[2.781386] (px4_msgs) StdoutLine: {'line': b'-- Up-to-date: /home/px4/ros2/ws/install/px4_msgs/include/px4_msgs/px4_msgs/msg/detail/trajectory_setpoint__type_support.cpp\n'}
[2.781530] (px4_msgs) StdoutLine: {'line': b'-- Up-to-date: /home/px4/ros2/ws/install/px4_msgs/include/px4_msgs/px4_msgs/msg/detail/vehicle_land_detected__rosidl_typesupport_introspection_cpp.hpp\n'}
[2.781626] (px4_msgs) StdoutLine: {'line': b'-- Up-to-date: /home/px4/ros2/ws/install/px4_msgs/include/px4_msgs/px4_msgs/msg/detail/mount_orientation__rosidl_typesupport_introspection_cpp.hpp\n'}
[2.781735] (px4_msgs) StdoutLine: {'line': b'-- Up-to-date: /home/px4/ros2/ws/install/px4_msgs/include/px4_msgs/px4_msgs/msg/detail/open_drone_id_self_id__type_support.cpp\n'}
[2.781840] (px4_msgs) StdoutLine: {'line': b'-- Up-to-date: /home/px4/ros2/ws/install/px4_msgs/include/px4_msgs/px4_msgs/msg/detail/yaw_estimator_status__type_support.cpp\n'}
[2.781933] (px4_msgs) StdoutLine: {'line': b'-- Up-to-date: /home/px4/ros2/ws/install/px4_msgs/include/px4_msgs/px4_msgs/msg/detail/button_event__type_support.cpp\n'}
[2.782026] (px4_msgs) StdoutLine: {'line': b'-- Up-to-date: /home/px4/ros2/ws/install/px4_msgs/include/px4_msgs/px4_msgs/msg/detail/rtl_time_estimate__type_support.cpp\n'}
[2.782092] (px4_msgs) StdoutLine: {'line': b'-- Up-to-date: /home/px4/ros2/ws/install/px4_msgs/include/px4_msgs/px4_msgs/msg/detail/power_monitor__type_support.cpp\n'}
[2.782177] (px4_msgs) StdoutLine: {'line': b'-- Up-to-date: /home/px4/ros2/ws/install/px4_msgs/include/px4_msgs/px4_msgs/msg/detail/mag_worker_data__rosidl_typesupport_introspection_cpp.hpp\n'}
[2.782311] (px4_msgs) StdoutLine: {'line': b'-- Up-to-date: /home/px4/ros2/ws/install/px4_msgs/include/px4_msgs/px4_msgs/msg/detail/adc_report__type_support.cpp\n'}
[2.782412] (px4_msgs) StdoutLine: {'line': b'-- Up-to-date: /home/px4/ros2/ws/install/px4_msgs/include/px4_msgs/px4_msgs/msg/detail/fixed_wing_runway_control__type_support.cpp\n'}
[2.782498] (px4_msgs) StdoutLine: {'line': b'-- Up-to-date: /home/px4/ros2/ws/install/px4_msgs/include/px4_msgs/px4_msgs/msg/detail/irlock_report__type_support.cpp\n'}
[2.782636] (px4_msgs) StdoutLine: {'line': b'-- Up-to-date: /home/px4/ros2/ws/install/px4_msgs/include/px4_msgs/px4_msgs/msg/detail/rover_position_setpoint__rosidl_typesupport_introspection_cpp.hpp\n'}
[2.782713] (px4_msgs) StdoutLine: {'line': b'-- Up-to-date: /home/px4/ros2/ws/install/px4_msgs/include/px4_msgs/px4_msgs/msg/detail/normalized_unsigned_setpoint__type_support.cpp\n'}
[2.782784] (px4_msgs) StdoutLine: {'line': b'-- Up-to-date: /home/px4/ros2/ws/install/px4_msgs/include/px4_msgs/px4_msgs/msg/detail/geofence_status__type_support.cpp\n'}
[2.782853] (px4_msgs) StdoutLine: {'line': b'-- Up-to-date: /home/px4/ros2/ws/install/px4_msgs/include/px4_msgs/px4_msgs/msg/detail/fixed_wing_longitudinal_setpoint__rosidl_typesupport_introspection_cpp.hpp\n'}
[2.782963] (px4_msgs) StdoutLine: {'line': b'-- Up-to-date: /home/px4/ros2/ws/install/px4_msgs/include/px4_msgs/px4_msgs/msg/detail/estimator_bias3d__rosidl_typesupport_introspection_cpp.hpp\n'}
[2.783067] (px4_msgs) StdoutLine: {'line': b'-- Up-to-date: /home/px4/ros2/ws/install/px4_msgs/include/px4_msgs/px4_msgs/msg/detail/sensor_selection__type_support.cpp\n'}
[2.783367] (px4_msgs) StdoutLine: {'line': b'-- Up-to-date: /home/px4/ros2/ws/install/px4_msgs/include/px4_msgs/px4_msgs/msg/detail/camera_capture__type_support.cpp\n'}
[2.783488] (px4_msgs) StdoutLine: {'line': b'-- Up-to-date: /home/px4/ros2/ws/install/px4_msgs/include/px4_msgs/px4_msgs/msg/detail/sensor_accel_fifo__rosidl_typesupport_introspection_cpp.hpp\n'}
[2.783589] (px4_msgs) StdoutLine: {'line': b'-- Up-to-date: /home/px4/ros2/ws/install/px4_msgs/include/px4_msgs/px4_msgs/msg/detail/parameter_update__rosidl_typesupport_introspection_cpp.hpp\n'}
[2.783679] (px4_msgs) StdoutLine: {'line': b'-- Up-to-date: /home/px4/ros2/ws/install/px4_msgs/include/px4_msgs/px4_msgs/msg/detail/obstacle_distance__rosidl_typesupport_introspection_cpp.hpp\n'}
[2.783813] (px4_msgs) StdoutLine: {'line': b'-- Up-to-date: /home/px4/ros2/ws/install/px4_msgs/include/px4_msgs/px4_msgs/msg/detail/message_format_response__rosidl_typesupport_introspection_cpp.hpp\n'}
[2.783908] (px4_msgs) StdoutLine: {'line': b'-- Up-to-date: /home/px4/ros2/ws/install/px4_msgs/include/px4_msgs/px4_msgs/msg/detail/vehicle_rates_setpoint__rosidl_typesupport_introspection_cpp.hpp\n'}
[2.784050] (px4_msgs) StdoutLine: {'line': b'-- Up-to-date: /home/px4/ros2/ws/install/px4_msgs/include/px4_msgs/px4_msgs/msg/detail/control_allocator_status__type_support.cpp\n'}
[2.784201] (px4_msgs) StdoutLine: {'line': b'-- Up-to-date: /home/px4/ros2/ws/install/px4_msgs/include/px4_msgs/px4_msgs/msg/detail/gps_inject_data__type_support.cpp\n'}
[2.784338] (px4_msgs) StdoutLine: {'line': b'-- Up-to-date: /home/px4/ros2/ws/install/px4_msgs/include/px4_msgs/px4_msgs/msg/detail/config_overrides__type_support.cpp\n'}
[2.784451] (px4_msgs) StdoutLine: {'line': b'-- Up-to-date: /home/px4/ros2/ws/install/px4_msgs/include/px4_msgs/px4_msgs/msg/detail/vehicle_magnetometer__type_support.cpp\n'}
[2.784596] (px4_msgs) StdoutLine: {'line': b'-- Up-to-date: /home/px4/ros2/ws/install/px4_msgs/include/px4_msgs/px4_msgs/msg/detail/vehicle_roi__rosidl_typesupport_introspection_cpp.hpp\n'}
[2.784684] (px4_msgs) StdoutLine: {'line': b'-- Up-to-date: /home/px4/ros2/ws/install/px4_msgs/include/px4_msgs/px4_msgs/msg/detail/mode_completed__type_support.cpp\n'}
[2.784807] (px4_msgs) StdoutLine: {'line': b'-- Up-to-date: /home/px4/ros2/ws/install/px4_msgs/include/px4_msgs/px4_msgs/msg/detail/debug_value__rosidl_typesupport_introspection_cpp.hpp\n'}
[2.784907] (px4_msgs) StdoutLine: {'line': b'-- Up-to-date: /home/px4/ros2/ws/install/px4_msgs/include/px4_msgs/px4_msgs/msg/detail/gimbal_manager_set_attitude__type_support.cpp\n'}
[2.785006] (px4_msgs) StdoutLine: {'line': b'-- Up-to-date: /home/px4/ros2/ws/install/px4_msgs/include/px4_msgs/px4_msgs/msg/detail/camera_status__rosidl_typesupport_introspection_cpp.hpp\n'}
[2.785104] (px4_msgs) StdoutLine: {'line': b'-- Up-to-date: /home/px4/ros2/ws/install/px4_msgs/include/px4_msgs/px4_msgs/msg/detail/gpio_request__rosidl_typesupport_introspection_cpp.hpp\n'}
[2.785212] (px4_msgs) StdoutLine: {'line': b'-- Up-to-date: /home/px4/ros2/ws/install/px4_msgs/include/px4_msgs/px4_msgs/msg/detail/tiltrotor_extra_controls__rosidl_typesupport_introspection_cpp.hpp\n'}
[2.785346] (px4_msgs) StdoutLine: {'line': b'-- Up-to-date: /home/px4/ros2/ws/install/px4_msgs/include/px4_msgs/px4_msgs/msg/detail/estimator_selector_status__rosidl_typesupport_introspection_cpp.hpp\n'}
[2.785454] (px4_msgs) StdoutLine: {'line': b'-- Up-to-date: /home/px4/ros2/ws/install/px4_msgs/include/px4_msgs/px4_msgs/msg/detail/onboard_computer_status__type_support.cpp\n'}
[2.785527] (px4_msgs) StdoutLine: {'line': b'-- Up-to-date: /home/px4/ros2/ws/install/px4_msgs/include/px4_msgs/px4_msgs/msg/detail/health_report__rosidl_typesupport_introspection_cpp.hpp\n'}
[2.785599] (px4_msgs) StdoutLine: {'line': b'-- Up-to-date: /home/px4/ros2/ws/install/px4_msgs/include/px4_msgs/px4_msgs/msg/detail/landing_target_pose__type_support.cpp\n'}
[2.785701] (px4_msgs) StdoutLine: {'line': b'-- Up-to-date: /home/px4/ros2/ws/install/px4_msgs/include/px4_msgs/px4_msgs/msg/detail/launch_detection_status__rosidl_typesupport_introspection_cpp.hpp\n'}
[2.785799] (px4_msgs) StdoutLine: {'line': b'-- Up-to-date: /home/px4/ros2/ws/install/px4_msgs/include/px4_msgs/px4_msgs/msg/detail/geofence_status__rosidl_typesupport_introspection_cpp.hpp\n'}
[2.785896] (px4_msgs) StdoutLine: {'line': b'-- Up-to-date: /home/px4/ros2/ws/install/px4_msgs/include/px4_msgs/px4_msgs/msg/detail/open_drone_id_operator_id__rosidl_typesupport_introspection_cpp.hpp\n'}
[2.785991] (px4_msgs) StdoutLine: {'line': b'-- Up-to-date: /home/px4/ros2/ws/install/px4_msgs/include/px4_msgs/px4_msgs/msg/detail/position_controller_status__type_support.cpp\n'}
[2.786093] (px4_msgs) StdoutLine: {'line': b'-- Up-to-date: /home/px4/ros2/ws/install/px4_msgs/include/px4_msgs/px4_msgs/msg/detail/navigator_mission_item__rosidl_typesupport_introspection_cpp.hpp\n'}
[2.786218] (px4_msgs) StdoutLine: {'line': b'-- Up-to-date: /home/px4/ros2/ws/install/px4_msgs/include/px4_msgs/px4_msgs/msg/detail/tecs_status__type_support.cpp\n'}
[2.786341] (px4_msgs) StdoutLine: {'line': b'-- Up-to-date: /home/px4/ros2/ws/install/px4_msgs/include/px4_msgs/px4_msgs/msg/detail/distance_sensor_mode_change_request__type_support.cpp\n'}
[2.786486] (px4_msgs) StdoutLine: {'line': b'-- Up-to-date: /home/px4/ros2/ws/install/px4_msgs/include/px4_msgs/px4_msgs/msg/detail/rover_attitude_status__rosidl_typesupport_introspection_cpp.hpp\n'}
[2.786585] (px4_msgs) StdoutLine: {'line': b'-- Up-to-date: /home/px4/ros2/ws/install/px4_msgs/include/px4_msgs/px4_msgs/msg/detail/navigator_status__rosidl_typesupport_introspection_cpp.hpp\n'}
[2.786695] (px4_msgs) StdoutLine: {'line': b'-- Up-to-date: /home/px4/ros2/ws/install/px4_msgs/include/px4_msgs/px4_msgs/msg/detail/airspeed_validated__rosidl_typesupport_introspection_cpp.hpp\n'}
[2.786858] (px4_msgs) StdoutLine: {'line': b'-- Up-to-date: /home/px4/ros2/ws/install/px4_msgs/include/px4_msgs/px4_msgs/msg/detail/input_rc__type_support.cpp\n'}
[2.786955] (px4_msgs) StdoutLine: {'line': b'-- Up-to-date: /home/px4/ros2/ws/install/px4_msgs/include/px4_msgs/px4_msgs/msg/detail/unregister_ext_component__rosidl_typesupport_introspection_cpp.hpp\n'}
[2.787047] (px4_msgs) StdoutLine: {'line': b'-- Up-to-date: /home/px4/ros2/ws/install/px4_msgs/include/px4_msgs/px4_msgs/msg/detail/orb_test_large__type_support.cpp\n'}
[2.787132] (px4_msgs) StdoutLine: {'line': b'-- Up-to-date: /home/px4/ros2/ws/install/px4_msgs/include/px4_msgs/px4_msgs/msg/detail/gimbal_manager_status__rosidl_typesupport_introspection_cpp.hpp\n'}
[2.787318] (px4_msgs) StdoutLine: {'line': b'-- Up-to-date: /home/px4/ros2/ws/install/px4_msgs/include/px4_msgs/px4_msgs/msg/detail/esc_report__rosidl_typesupport_introspection_cpp.hpp\n'}
[2.787438] (px4_msgs) StdoutLine: {'line': b'-- Up-to-date: /home/px4/ros2/ws/install/px4_msgs/include/px4_msgs/px4_msgs/msg/detail/event__rosidl_typesupport_introspection_cpp.hpp\n'}
[2.787569] (px4_msgs) StdoutLine: {'line': b'-- Up-to-date: /home/px4/ros2/ws/install/px4_msgs/include/px4_msgs/px4_msgs/msg/detail/neural_control__type_support.cpp\n'}
[2.787680] (px4_msgs) StdoutLine: {'line': b'-- Up-to-date: /home/px4/ros2/ws/install/px4_msgs/include/px4_msgs/px4_msgs/msg/detail/vehicle_local_position_setpoint__type_support.cpp\n'}
[2.787821] (px4_msgs) StdoutLine: {'line': b'-- Up-to-date: /home/px4/ros2/ws/install/px4_msgs/include/px4_msgs/px4_msgs/msg/detail/generator_status__type_support.cpp\n'}
[2.788010] (px4_msgs) StdoutLine: {'line': b'-- Up-to-date: /home/px4/ros2/ws/install/px4_msgs/include/px4_msgs/px4_msgs/msg/detail/system_power__rosidl_typesupport_introspection_cpp.hpp\n'}
[2.788186] (px4_msgs) StdoutLine: {'line': b'-- Up-to-date: /home/px4/ros2/ws/install/px4_msgs/include/px4_msgs/px4_msgs/msg/detail/debug_vect__type_support.cpp\n'}
[2.788326] (px4_msgs) StdoutLine: {'line': b'-- Up-to-date: /home/px4/ros2/ws/install/px4_msgs/include/px4_msgs/px4_msgs/msg/detail/collision_constraints__type_support.cpp\n'}
[2.788401] (px4_msgs) StdoutLine: {'line': b'-- Up-to-date: /home/px4/ros2/ws/install/px4_msgs/include/px4_msgs/px4_msgs/msg/detail/rover_attitude_setpoint__rosidl_typesupport_introspection_cpp.hpp\n'}
[2.788503] (px4_msgs) StdoutLine: {'line': b'-- Up-to-date: /home/px4/ros2/ws/install/px4_msgs/include/px4_msgs/px4_msgs/msg/detail/vehicle_land_detected__type_support.cpp\n'}
[2.788567] (px4_msgs) StdoutLine: {'line': b'-- Up-to-date: /home/px4/ros2/ws/install/px4_msgs/include/px4_msgs/px4_msgs/msg/detail/gps_inject_data__rosidl_typesupport_introspection_cpp.hpp\n'}
[2.788651] (px4_msgs) StdoutLine: {'line': b'-- Up-to-date: /home/px4/ros2/ws/install/px4_msgs/include/px4_msgs/px4_msgs/msg/detail/sensor_correction__type_support.cpp\n'}
[2.788713] (px4_msgs) StdoutLine: {'line': b'-- Up-to-date: /home/px4/ros2/ws/install/px4_msgs/include/px4_msgs/px4_msgs/msg/detail/position_setpoint__rosidl_typesupport_introspection_cpp.hpp\n'}
[2.788775] (px4_msgs) StdoutLine: {'line': b'-- Up-to-date: /home/px4/ros2/ws/install/px4_msgs/include/px4_msgs/px4_msgs/msg/detail/vehicle_angular_velocity__rosidl_typesupport_introspection_cpp.hpp\n'}
[2.788840] (px4_msgs) StdoutLine: {'line': b'-- Up-to-date: /home/px4/ros2/ws/install/px4_msgs/include/px4_msgs/px4_msgs/msg/detail/estimator_status_flags__type_support.cpp\n'}
[2.788904] (px4_msgs) StdoutLine: {'line': b'-- Up-to-date: /home/px4/ros2/ws/install/px4_msgs/include/px4_msgs/px4_msgs/msg/detail/system_power__type_support.cpp\n'}
[2.788965] (px4_msgs) StdoutLine: {'line': b'-- Up-to-date: /home/px4/ros2/ws/install/px4_msgs/include/px4_msgs/px4_msgs/msg/detail/longitudinal_control_configuration__type_support.cpp\n'}
[2.789026] (px4_msgs) StdoutLine: {'line': b'-- Up-to-date: /home/px4/ros2/ws/install/px4_msgs/include/px4_msgs/px4_msgs/msg/detail/debug_key_value__rosidl_typesupport_introspection_cpp.hpp\n'}
[2.789091] (px4_msgs) StdoutLine: {'line': b'-- Up-to-date: /home/px4/ros2/ws/install/px4_msgs/include/px4_msgs/px4_msgs/msg/detail/vehicle_command__rosidl_typesupport_introspection_cpp.hpp\n'}
[2.789151] (px4_msgs) StdoutLine: {'line': b'-- Up-to-date: /home/px4/ros2/ws/install/px4_msgs/include/px4_msgs/px4_msgs/msg/detail/sensor_optical_flow__type_support.cpp\n'}
[2.789242] (px4_msgs) StdoutLine: {'line': b'-- Up-to-date: /home/px4/ros2/ws/install/px4_msgs/include/px4_msgs/px4_msgs/msg/detail/position_controller_landing_status__rosidl_typesupport_introspection_cpp.hpp\n'}
[2.789373] (px4_msgs) StdoutLine: {'line': b'-- Up-to-date: /home/px4/ros2/ws/install/px4_msgs/include/px4_msgs/px4_msgs/msg/detail/wind__rosidl_typesupport_introspection_cpp.hpp\n'}
[2.789448] (px4_msgs) StdoutLine: {'line': b'-- Up-to-date: /home/px4/ros2/ws/install/px4_msgs/include/px4_msgs/px4_msgs/msg/detail/iridiumsbd_status__type_support.cpp\n'}
[2.789550] (px4_msgs) StdoutLine: {'line': b'-- Up-to-date: /home/px4/ros2/ws/install/px4_msgs/include/px4_msgs/px4_msgs/msg/detail/sensor_baro__type_support.cpp\n'}
[2.789668] (px4_msgs) StdoutLine: {'line': b'-- Up-to-date: /home/px4/ros2/ws/install/px4_msgs/include/px4_msgs/px4_msgs/msg/detail/sensor_hygrometer__rosidl_typesupport_introspection_cpp.hpp\n'}
[2.789794] (px4_msgs) StdoutLine: {'line': b'-- Up-to-date: /home/px4/ros2/ws/install/px4_msgs/include/px4_msgs/px4_msgs/msg/detail/pps_capture__type_support.cpp\n'}
[2.789903] (px4_msgs) StdoutLine: {'line': b'-- Up-to-date: /home/px4/ros2/ws/install/px4_msgs/include/px4_msgs/px4_msgs/msg/detail/battery_status__type_support.cpp\n'}
[2.790053] (px4_msgs) StdoutLine: {'line': b'-- Up-to-date: /home/px4/ros2/ws/install/px4_msgs/include/px4_msgs/px4_msgs/msg/detail/offboard_control_mode__rosidl_typesupport_introspection_cpp.hpp\n'}
[2.790235] (px4_msgs) StdoutLine: {'line': b'-- Up-to-date: /home/px4/ros2/ws/install/px4_msgs/include/px4_msgs/px4_msgs/msg/detail/vehicle_thrust_setpoint__type_support.cpp\n'}
[2.790360] (px4_msgs) StdoutLine: {'line': b'-- Up-to-date: /home/px4/ros2/ws/install/px4_msgs/include/px4_msgs/px4_msgs/msg/detail/radio_status__rosidl_typesupport_introspection_cpp.hpp\n'}
[2.790464] (px4_msgs) StdoutLine: {'line': b'-- Up-to-date: /home/px4/ros2/ws/install/px4_msgs/include/px4_msgs/px4_msgs/msg/detail/neural_control__rosidl_typesupport_introspection_cpp.hpp\n'}
[2.790569] (px4_msgs) StdoutLine: {'line': b'-- Up-to-date: /home/px4/ros2/ws/install/px4_msgs/include/px4_msgs/px4_msgs/msg/detail/vehicle_attitude__rosidl_typesupport_introspection_cpp.hpp\n'}
[2.790684] (px4_msgs) StdoutLine: {'line': b'-- Up-to-date: /home/px4/ros2/ws/install/px4_msgs/include/px4_msgs/px4_msgs/msg/detail/yaw_estimator_status__rosidl_typesupport_introspection_cpp.hpp\n'}
[2.790794] (px4_msgs) StdoutLine: {'line': b'-- Up-to-date: /home/px4/ros2/ws/install/px4_msgs/include/px4_msgs/px4_msgs/msg/detail/orbit_status__type_support.cpp\n'}
[2.790890] (px4_msgs) StdoutLine: {'line': b'-- Up-to-date: /home/px4/ros2/ws/install/px4_msgs/include/px4_msgs/px4_msgs/msg/detail/airspeed__type_support.cpp\n'}
[2.791329] (px4_msgs) StdoutLine: {'line': b'-- Up-to-date: /home/px4/ros2/ws/install/px4_msgs/include/px4_msgs/px4_msgs/msg/detail/estimator_bias3d__type_support.cpp\n'}
[2.791422] (px4_msgs) StdoutLine: {'line': b'-- Up-to-date: /home/px4/ros2/ws/install/px4_msgs/include/px4_msgs/px4_msgs/msg/detail/message_format_request__type_support.cpp\n'}
[2.791495] (px4_msgs) StdoutLine: {'line': b'-- Up-to-date: /home/px4/ros2/ws/install/px4_msgs/include/px4_msgs/px4_msgs/msg/detail/irlock_report__rosidl_typesupport_introspection_cpp.hpp\n'}
[2.791571] (px4_msgs) StdoutLine: {'line': b'-- Up-to-date: /home/px4/ros2/ws/install/px4_msgs/include/px4_msgs/px4_msgs/msg/detail/orb_test_large__rosidl_typesupport_introspection_cpp.hpp\n'}
[2.791671] (px4_msgs) StdoutLine: {'line': b'-- Up-to-date: /home/px4/ros2/ws/install/px4_msgs/include/px4_msgs/px4_msgs/msg/detail/differential_pressure__rosidl_typesupport_introspection_cpp.hpp\n'}
[2.791782] (px4_msgs) StdoutLine: {'line': b'-- Up-to-date: /home/px4/ros2/ws/install/px4_msgs/include/px4_msgs/px4_msgs/msg/detail/figure_eight_status__type_support.cpp\n'}
[2.791903] (px4_msgs) StdoutLine: {'line': b'-- Up-to-date: /home/px4/ros2/ws/install/px4_msgs/include/px4_msgs/px4_msgs/msg/detail/rover_steering_setpoint__type_support.cpp\n'}
[2.792013] (px4_msgs) StdoutLine: {'line': b'-- Up-to-date: /home/px4/ros2/ws/install/px4_msgs/include/px4_msgs/px4_msgs/msg/detail/pps_capture__rosidl_typesupport_introspection_cpp.hpp\n'}
[2.792128] (px4_msgs) StdoutLine: {'line': b'-- Up-to-date: /home/px4/ros2/ws/install/px4_msgs/include/px4_msgs/px4_msgs/msg/detail/uavcan_parameter_value__rosidl_typesupport_introspection_cpp.hpp\n'}
[2.792341] (px4_msgs) StdoutLine: {'line': b'-- Up-to-date: /home/px4/ros2/ws/install/px4_msgs/include/px4_msgs/px4_msgs/msg/detail/sensor_gyro_fifo__type_support.cpp\n'}
[2.792452] (px4_msgs) StdoutLine: {'line': b'-- Up-to-date: /home/px4/ros2/ws/install/px4_msgs/include/px4_msgs/px4_msgs/msg/detail/rover_rate_setpoint__type_support.cpp\n'}
[2.792592] (px4_msgs) StdoutLine: {'line': b'-- Up-to-date: /home/px4/ros2/ws/install/px4_msgs/include/px4_msgs/px4_msgs/msg/detail/gimbal_device_attitude_status__type_support.cpp\n'}
[2.792734] (px4_msgs) StdoutLine: {'line': b'-- Up-to-date: /home/px4/ros2/ws/install/px4_msgs/include/px4_msgs/px4_msgs/msg/detail/gps_dump__type_support.cpp\n'}
[2.792816] (px4_msgs) StdoutLine: {'line': b'-- Up-to-date: /home/px4/ros2/ws/install/px4_msgs/include/px4_msgs/px4_msgs/msg/detail/logger_status__type_support.cpp\n'}
[2.792920] (px4_msgs) StdoutLine: {'line': b'-- Up-to-date: /home/px4/ros2/ws/install/px4_msgs/include/px4_msgs/px4_msgs/msg/detail/figure_eight_status__rosidl_typesupport_introspection_cpp.hpp\n'}
[2.793020] (px4_msgs) StdoutLine: {'line': b'-- Up-to-date: /home/px4/ros2/ws/install/px4_msgs/include/px4_msgs/px4_msgs/msg/detail/autotune_attitude_control_status__type_support.cpp\n'}
[2.793121] (px4_msgs) StdoutLine: {'line': b'-- Up-to-date: /home/px4/ros2/ws/install/px4_msgs/include/px4_msgs/px4_msgs/msg/detail/trajectory_setpoint6dof__rosidl_typesupport_introspection_cpp.hpp\n'}
[2.793306] (px4_msgs) StdoutLine: {'line': b'-- Up-to-date: /home/px4/ros2/ws/install/px4_msgs/include/px4_msgs/px4_msgs/msg/detail/tune_control__rosidl_typesupport_introspection_cpp.hpp\n'}
[2.793417] (px4_msgs) StdoutLine: {'line': b'-- Up-to-date: /home/px4/ros2/ws/install/px4_msgs/include/px4_msgs/px4_msgs/msg/detail/vehicle_attitude_setpoint__type_support.cpp\n'}
[2.793509] (px4_msgs) StdoutLine: {'line': b'-- Up-to-date: /home/px4/ros2/ws/install/px4_msgs/include/px4_msgs/px4_msgs/msg/detail/vehicle_command__type_support.cpp\n'}
[2.793616] (px4_msgs) StdoutLine: {'line': b'-- Up-to-date: /home/px4/ros2/ws/install/px4_msgs/include/px4_msgs/px4_msgs/msg/detail/vehicle_imu_status__type_support.cpp\n'}
[2.793694] (px4_msgs) StdoutLine: {'line': b'-- Up-to-date: /home/px4/ros2/ws/install/px4_msgs/include/px4_msgs/px4_msgs/msg/detail/gimbal_device_attitude_status__rosidl_typesupport_introspection_cpp.hpp\n'}
[2.793764] (px4_msgs) StdoutLine: {'line': b'-- Up-to-date: /home/px4/ros2/ws/install/px4_msgs/include/px4_msgs/px4_msgs/msg/detail/cpuload__rosidl_typesupport_introspection_cpp.hpp\n'}
[2.793831] (px4_msgs) StdoutLine: {'line': b'-- Up-to-date: /home/px4/ros2/ws/install/px4_msgs/include/px4_msgs/px4_msgs/msg/detail/vehicle_angular_acceleration_setpoint__type_support.cpp\n'}
[2.793898] (px4_msgs) StdoutLine: {'line': b'-- Up-to-date: /home/px4/ros2/ws/install/px4_msgs/include/px4_msgs/px4_msgs/msg/detail/qshell_retval__type_support.cpp\n'}
[2.794018] (px4_msgs) StdoutLine: {'line': b'-- Up-to-date: /home/px4/ros2/ws/install/px4_msgs/include/px4_msgs/px4_msgs/msg/detail/vehicle_constraints__type_support.cpp\n'}
[2.794113] (px4_msgs) StdoutLine: {'line': b'-- Up-to-date: /home/px4/ros2/ws/install/px4_msgs/include/px4_msgs/px4_msgs/msg/detail/vehicle_imu__rosidl_typesupport_introspection_cpp.hpp\n'}
[2.794182] (px4_msgs) StdoutLine: {'line': b'-- Up-to-date: /home/px4/ros2/ws/install/px4_msgs/include/px4_msgs/px4_msgs/msg/detail/adc_report__rosidl_typesupport_introspection_cpp.hpp\n'}
[2.794304] (px4_msgs) StdoutLine: {'line': b'-- Up-to-date: /home/px4/ros2/ws/install/px4_msgs/include/px4_msgs/px4_msgs/msg/detail/transponder_report__type_support.cpp\n'}
[2.794423] (px4_msgs) StdoutLine: {'line': b'-- Up-to-date: /home/px4/ros2/ws/install/px4_msgs/include/px4_msgs/px4_msgs/msg/detail/sensor_gps__rosidl_typesupport_introspection_cpp.hpp\n'}
[2.794541] (px4_msgs) StdoutLine: {'line': b'-- Up-to-date: /home/px4/ros2/ws/install/px4_msgs/include/px4_msgs/px4_msgs/msg/detail/actuator_outputs__rosidl_typesupport_introspection_cpp.hpp\n'}
[2.794661] (px4_msgs) StdoutLine: {'line': b'-- Up-to-date: /home/px4/ros2/ws/install/px4_msgs/include/px4_msgs/px4_msgs/msg/detail/telemetry_status__rosidl_typesupport_introspection_cpp.hpp\n'}
[2.794740] (px4_msgs) StdoutLine: {'line': b'-- Up-to-date: /home/px4/ros2/ws/install/px4_msgs/include/px4_msgs/px4_msgs/msg/detail/parameter_reset_request__type_support.cpp\n'}
[2.794831] (px4_msgs) StdoutLine: {'line': b'-- Up-to-date: /home/px4/ros2/ws/install/px4_msgs/include/px4_msgs/px4_msgs/msg/detail/estimator_sensor_bias__type_support.cpp\n'}
[2.794928] (px4_msgs) StdoutLine: {'line': b'-- Up-to-date: /home/px4/ros2/ws/install/px4_msgs/include/px4_msgs/px4_msgs/msg/detail/parameter_set_value_request__type_support.cpp\n'}
[2.795025] (px4_msgs) StdoutLine: {'line': b'-- Up-to-date: /home/px4/ros2/ws/install/px4_msgs/include/px4_msgs/px4_msgs/msg/detail/gimbal_manager_status__type_support.cpp\n'}
[2.795120] (px4_msgs) StdoutLine: {'line': b'-- Up-to-date: /home/px4/ros2/ws/install/px4_msgs/include/px4_msgs/px4_msgs/msg/detail/rc_parameter_map__rosidl_typesupport_introspection_cpp.hpp\n'}
[2.795256] (px4_msgs) StdoutLine: {'line': b'-- Up-to-date: /home/px4/ros2/ws/install/px4_msgs/include/px4_msgs/px4_msgs/msg/detail/distance_sensor__type_support.cpp\n'}
[2.795378] (px4_msgs) StdoutLine: {'line': b'-- Up-to-date: /home/px4/ros2/ws/install/px4_msgs/include/px4_msgs/px4_msgs/msg/detail/gimbal_controls__rosidl_typesupport_introspection_cpp.hpp\n'}
[2.795454] (px4_msgs) StdoutLine: {'line': b'-- Up-to-date: /home/px4/ros2/ws/install/px4_msgs/include/px4_msgs/px4_msgs/msg/detail/register_ext_component_request__rosidl_typesupport_introspection_cpp.hpp\n'}
[2.795554] (px4_msgs) StdoutLine: {'line': b'-- Up-to-date: /home/px4/ros2/ws/install/px4_msgs/include/px4_msgs/px4_msgs/msg/detail/log_message__rosidl_typesupport_introspection_cpp.hpp\n'}
[2.795654] (px4_msgs) StdoutLine: {'line': b'-- Up-to-date: /home/px4/ros2/ws/install/px4_msgs/include/px4_msgs/px4_msgs/msg/detail/open_drone_id_system__type_support.cpp\n'}
[2.795763] (px4_msgs) StdoutLine: {'line': b'-- Up-to-date: /home/px4/ros2/ws/install/px4_msgs/include/px4_msgs/px4_msgs/msg/detail/offboard_control_mode__type_support.cpp\n'}
[2.795858] (px4_msgs) StdoutLine: {'line': b'-- Up-to-date: /home/px4/ros2/ws/install/px4_msgs/include/px4_msgs/px4_msgs/msg/detail/gripper__type_support.cpp\n'}
[2.795948] (px4_msgs) StdoutLine: {'line': b'-- Up-to-date: /home/px4/ros2/ws/install/px4_msgs/include/px4_msgs/px4_msgs/msg/detail/airspeed__rosidl_typesupport_introspection_cpp.hpp\n'}
[2.796043] (px4_msgs) StdoutLine: {'line': b'-- Up-to-date: /home/px4/ros2/ws/install/px4_msgs/include/px4_msgs/px4_msgs/msg/detail/rover_velocity_status__rosidl_typesupport_introspection_cpp.hpp\n'}
[2.796172] (px4_msgs) StdoutLine: {'line': b'-- Up-to-date: /home/px4/ros2/ws/install/px4_msgs/include/px4_msgs/px4_msgs/msg/detail/cellular_status__type_support.cpp\n'}
[2.796295] (px4_msgs) StdoutLine: {'line': b'-- Up-to-date: /home/px4/ros2/ws/install/px4_msgs/include/px4_msgs/px4_msgs/msg/detail/estimator_innovations__type_support.cpp\n'}
[2.797170] (px4_msgs) StdoutLine: {'line': b'-- Up-to-date: /home/px4/ros2/ws/install/px4_msgs/include/px4_msgs/px4_msgs/msg/detail/mag_worker_data__type_support.cpp\n'}
[2.797336] (px4_msgs) StdoutLine: {'line': b'-- Up-to-date: /home/px4/ros2/ws/install/px4_msgs/include/px4_msgs/px4_msgs/msg/detail/vehicle_optical_flow__rosidl_typesupport_introspection_cpp.hpp\n'}
[2.797439] (px4_msgs) StdoutLine: {'line': b'-- Up-to-date: /home/px4/ros2/ws/install/px4_msgs/include/px4_msgs/px4_msgs/msg/detail/onboard_computer_status__rosidl_typesupport_introspection_cpp.hpp\n'}
[2.797521] (px4_msgs) StdoutLine: {'line': b'-- Up-to-date: /home/px4/ros2/ws/install/px4_msgs/include/px4_msgs/px4_msgs/msg/detail/sensor_gyro_fft__type_support.cpp\n'}
[2.797617] (px4_msgs) StdoutLine: {'line': b'-- Up-to-date: /home/px4/ros2/ws/install/px4_msgs/include/px4_msgs/px4_msgs/msg/detail/sensor_selection__rosidl_typesupport_introspection_cpp.hpp\n'}
[2.797722] (px4_msgs) StdoutLine: {'line': b'-- Up-to-date: /home/px4/ros2/ws/install/px4_msgs/include/px4_msgs/px4_msgs/msg/detail/fixed_wing_lateral_setpoint__rosidl_typesupport_introspection_cpp.hpp\n'}
[2.797816] (px4_msgs) StdoutLine: {'line': b'-- Up-to-date: /home/px4/ros2/ws/install/px4_msgs/include/px4_msgs/px4_msgs/msg/detail/gripper__rosidl_typesupport_introspection_cpp.hpp\n'}
[2.797887] (px4_msgs) StdoutLine: {'line': b'-- Up-to-date: /home/px4/ros2/ws/install/px4_msgs/include/px4_msgs/px4_msgs/msg/detail/gpio_config__type_support.cpp\n'}
[2.797949] (px4_msgs) StdoutLine: {'line': b'-- Up-to-date: /home/px4/ros2/ws/install/px4_msgs/include/px4_msgs/px4_msgs/msg/detail/debug_vect__rosidl_typesupport_introspection_cpp.hpp\n'}
[2.798023] (px4_msgs) StdoutLine: {'line': b'-- Up-to-date: /home/px4/ros2/ws/install/px4_msgs/include/px4_msgs/px4_msgs/msg/detail/heater_status__type_support.cpp\n'}
[2.798095] (px4_msgs) StdoutLine: {'line': b'-- Up-to-date: /home/px4/ros2/ws/install/px4_msgs/include/px4_msgs/px4_msgs/msg/detail/sensor_gyro_fifo__rosidl_typesupport_introspection_cpp.hpp\n'}
[2.798290] (px4_msgs) StdoutLine: {'line': b'-- Up-to-date: /home/px4/ros2/ws/install/px4_msgs/include/px4_msgs/px4_msgs/msg/detail/estimator_selector_status__type_support.cpp\n'}
[2.798436] (px4_msgs) StdoutLine: {'line': b'-- Up-to-date: /home/px4/ros2/ws/install/px4_msgs/include/px4_msgs/px4_msgs/msg/detail/failure_detector_status__rosidl_typesupport_introspection_cpp.hpp\n'}
[2.798541] (px4_msgs) StdoutLine: {'line': b'-- Up-to-date: /home/px4/ros2/ws/install/px4_msgs/include/px4_msgs/px4_msgs/msg/detail/vehicle_torque_setpoint__type_support.cpp\n'}
[2.798660] (px4_msgs) StdoutLine: {'line': b'-- Up-to-date: /home/px4/ros2/ws/install/px4_msgs/include/px4_msgs/px4_msgs/msg/detail/rover_attitude_setpoint__type_support.cpp\n'}
[2.798736] (px4_msgs) StdoutLine: {'line': b'-- Up-to-date: /home/px4/ros2/ws/install/px4_msgs/include/px4_msgs/px4_msgs/msg/detail/sensors_status__type_support.cpp\n'}
[2.798806] (px4_msgs) StdoutLine: {'line': b'-- Up-to-date: /home/px4/ros2/ws/install/px4_msgs/include/px4_msgs/px4_msgs/msg/detail/open_drone_id_operator_id__type_support.cpp\n'}
[2.798873] (px4_msgs) StdoutLine: {'line': b'-- Up-to-date: /home/px4/ros2/ws/install/px4_msgs/include/px4_msgs/px4_msgs/msg/detail/battery_status__rosidl_typesupport_introspection_cpp.hpp\n'}
[2.798940] (px4_msgs) StdoutLine: {'line': b'-- Up-to-date: /home/px4/ros2/ws/install/px4_msgs/include/px4_msgs/px4_msgs/msg/detail/manual_control_switches__rosidl_typesupport_introspection_cpp.hpp\n'}
[2.799008] (px4_msgs) StdoutLine: {'line': b'-- Up-to-date: /home/px4/ros2/ws/install/px4_msgs/include/px4_msgs/px4_msgs/msg/detail/ping__rosidl_typesupport_introspection_cpp.hpp\n'}
[2.799097] (px4_msgs) StdoutLine: {'line': b'-- Up-to-date: /home/px4/ros2/ws/install/px4_msgs/include/px4_msgs/px4_msgs/msg/detail/vehicle_roi__type_support.cpp\n'}
[2.799233] (px4_msgs) StdoutLine: {'line': b'-- Up-to-date: /home/px4/ros2/ws/install/px4_msgs/include/px4_msgs/px4_msgs/msg/detail/debug_array__rosidl_typesupport_introspection_cpp.hpp\n'}
[2.799323] (px4_msgs) StdoutLine: {'line': b'-- Up-to-date: /home/px4/ros2/ws/install/px4_msgs/include/px4_msgs/px4_msgs/msg/detail/qshell_req__type_support.cpp\n'}
[2.799412] (px4_msgs) StdoutLine: {'line': b'-- Up-to-date: /home/px4/ros2/ws/install/px4_msgs/include/px4_msgs/px4_msgs/msg/detail/gpio_request__type_support.cpp\n'}
[2.799514] (px4_msgs) StdoutLine: {'line': b'-- Up-to-date: /home/px4/ros2/ws/install/px4_msgs/include/px4_msgs/px4_msgs/msg/detail/vehicle_global_position__type_support.cpp\n'}
[2.799579] (px4_msgs) StdoutLine: {'line': b'-- Up-to-date: /home/px4/ros2/ws/install/px4_msgs/include/px4_msgs/px4_msgs/msg/detail/geofence_result__rosidl_typesupport_introspection_cpp.hpp\n'}
[2.799656] (px4_msgs) StdoutLine: {'line': b'-- Up-to-date: /home/px4/ros2/ws/install/px4_msgs/include/px4_msgs/px4_msgs/msg/detail/sensor_gnss_relative__type_support.cpp\n'}
[2.799728] (px4_msgs) StdoutLine: {'line': b'-- Up-to-date: /home/px4/ros2/ws/install/px4_msgs/include/px4_msgs/px4_msgs/msg/detail/px4io_status__rosidl_typesupport_introspection_cpp.hpp\n'}
[2.799834] (px4_msgs) StdoutLine: {'line': b'-- Up-to-date: /home/px4/ros2/ws/install/px4_msgs/include/px4_msgs/px4_msgs/msg/detail/position_setpoint__type_support.cpp\n'}
[2.799925] (px4_msgs) StdoutLine: {'line': b'-- Up-to-date: /home/px4/ros2/ws/install/px4_msgs/include/px4_msgs/px4_msgs/msg/detail/failure_detector_status__type_support.cpp\n'}
[2.800148] (px4_msgs) StdoutLine: {'line': b'-- Up-to-date: /home/px4/ros2/ws/install/px4_msgs/include/px4_msgs/px4_msgs/msg/detail/estimator_event_flags__rosidl_typesupport_introspection_cpp.hpp\n'}
[2.800342] (px4_msgs) StdoutLine: {'line': b'-- Up-to-date: /home/px4/ros2/ws/install/px4_msgs/include/px4_msgs/px4_msgs/msg/detail/can_interface_status__rosidl_typesupport_introspection_cpp.hpp\n'}
[2.800515] (px4_msgs) StdoutLine: {'line': b'-- Up-to-date: /home/px4/ros2/ws/install/px4_msgs/include/px4_msgs/px4_msgs/msg/detail/airspeed_wind__rosidl_typesupport_introspection_cpp.hpp\n'}
[2.800631] (px4_msgs) StdoutLine: {'line': b'-- Up-to-date: /home/px4/ros2/ws/install/px4_msgs/include/px4_msgs/px4_msgs/msg/detail/orb_test__type_support.cpp\n'}
[2.800731] (px4_msgs) StdoutLine: {'line': b'-- Up-to-date: /home/px4/ros2/ws/install/px4_msgs/include/px4_msgs/px4_msgs/msg/detail/rover_throttle_setpoint__type_support.cpp\n'}
[2.800805] (px4_msgs) StdoutLine: {'line': b'-- Up-to-date: /home/px4/ros2/ws/install/px4_msgs/include/px4_msgs/px4_msgs/msg/detail/actuator_servos_trim__rosidl_typesupport_introspection_cpp.hpp\n'}
[2.800978] (px4_msgs) StdoutLine: {'line': b'-- Up-to-date: /home/px4/ros2/ws/install/px4_msgs/include/px4_msgs/px4_msgs/msg/detail/parameter_set_used_request__type_support.cpp\n'}
[2.801072] (px4_msgs) StdoutLine: {'line': b'-- Up-to-date: /home/px4/ros2/ws/install/px4_msgs/include/px4_msgs/px4_msgs/msg/detail/estimator_states__rosidl_typesupport_introspection_cpp.hpp\n'}
[2.801145] (px4_msgs) StdoutLine: {'line': b'-- Up-to-date: /home/px4/ros2/ws/install/px4_msgs/include/px4_msgs/px4_msgs/msg/detail/sensor_mag__rosidl_typesupport_introspection_cpp.hpp\n'}
[2.801336] (px4_msgs) StdoutLine: {'line': b'-- Up-to-date: /home/px4/ros2/ws/install/px4_msgs/include/px4_msgs/px4_msgs/msg/detail/ulog_stream__rosidl_typesupport_introspection_cpp.hpp\n'}
[2.801601] (px4_msgs) StdoutLine: {'line': b'-- Up-to-date: /home/px4/ros2/ws/install/px4_msgs/include/px4_msgs/px4_msgs/msg/detail/mount_orientation__type_support.cpp\n'}
[2.801732] (px4_msgs) StdoutLine: {'line': b'-- Up-to-date: /home/px4/ros2/ws/install/px4_msgs/include/px4_msgs/px4_msgs/msg/detail/task_stack_info__rosidl_typesupport_introspection_cpp.hpp\n'}
[2.801812] (px4_msgs) StdoutLine: {'line': b'-- Up-to-date: /home/px4/ros2/ws/install/px4_msgs/include/px4_msgs/px4_msgs/msg/detail/vehicle_odometry__rosidl_typesupport_introspection_cpp.hpp\n'}
[2.801993] (px4_msgs) StdoutLine: {'line': b'-- Up-to-date: /home/px4/ros2/ws/install/px4_msgs/include/px4_msgs/px4_msgs/msg/detail/actuator_motors__type_support.cpp\n'}
[2.802095] (px4_msgs) StdoutLine: {'line': b'-- Up-to-date: /home/px4/ros2/ws/install/px4_msgs/include/px4_msgs/px4_msgs/msg/detail/fixed_wing_runway_control__rosidl_typesupport_introspection_cpp.hpp\n'}
[2.802180] (px4_msgs) StdoutLine: {'line': b'-- Up-to-date: /home/px4/ros2/ws/install/px4_msgs/include/px4_msgs/px4_msgs/msg/detail/pwm_input__rosidl_typesupport_introspection_cpp.hpp\n'}
[2.802281] (px4_msgs) StdoutLine: {'line': b'-- Up-to-date: /home/px4/ros2/ws/install/px4_msgs/include/px4_msgs/px4_msgs/msg/detail/arming_check_reply__type_support.cpp\n'}
[2.802377] (px4_msgs) StdoutLine: {'line': b'-- Up-to-date: /home/px4/ros2/ws/install/px4_msgs/include/px4_msgs/px4_msgs/msg/detail/actuator_test__rosidl_typesupport_introspection_cpp.hpp\n'}
[2.802481] (px4_msgs) StdoutLine: {'line': b'-- Up-to-date: /home/px4/ros2/ws/install/px4_msgs/include/px4_msgs/px4_msgs/msg/detail/heater_status__rosidl_typesupport_introspection_cpp.hpp\n'}
[2.802589] (px4_msgs) StdoutLine: {'line': b'-- Up-to-date: /home/px4/ros2/ws/install/px4_msgs/include/px4_msgs/px4_msgs/msg/detail/fuel_tank_status__rosidl_typesupport_introspection_cpp.hpp\n'}
[2.802697] (px4_msgs) StdoutLine: {'line': b'-- Up-to-date: /home/px4/ros2/ws/install/px4_msgs/include/px4_msgs/px4_msgs/msg/detail/parameter_set_used_request__rosidl_typesupport_introspection_cpp.hpp\n'}
[2.802796] (px4_msgs) StdoutLine: {'line': b'-- Up-to-date: /home/px4/ros2/ws/install/px4_msgs/include/px4_msgs/px4_msgs/msg/detail/sensor_uwb__rosidl_typesupport_introspection_cpp.hpp\n'}
[2.803026] (px4_msgs) StdoutLine: {'line': b'-- Up-to-date: /home/px4/ros2/ws/install/px4_msgs/include/px4_msgs/px4_msgs/msg/detail/control_allocator_status__rosidl_typesupport_introspection_cpp.hpp\n'}
[2.803162] (px4_msgs) StdoutLine: {'line': b'-- Up-to-date: /home/px4/ros2/ws/install/px4_msgs/include/px4_msgs/px4_msgs/msg/detail/vehicle_imu__type_support.cpp\n'}
[2.803348] (px4_msgs) StdoutLine: {'line': b'-- Up-to-date: /home/px4/ros2/ws/install/px4_msgs/include/px4_msgs/px4_msgs/msg/detail/vehicle_command_ack__rosidl_typesupport_introspection_cpp.hpp\n'}
[2.803516] (px4_msgs) StdoutLine: {'line': b'-- Up-to-date: /home/px4/ros2/ws/install/px4_msgs/include/px4_msgs/px4_msgs/msg/detail/arming_check_request__rosidl_typesupport_introspection_cpp.hpp\n'}
[2.803638] (px4_msgs) StdoutLine: {'line': b'-- Up-to-date: /home/px4/ros2/ws/install/px4_msgs/include/px4_msgs/px4_msgs/msg/detail/rtl_time_estimate__rosidl_typesupport_introspection_cpp.hpp\n'}
[2.803760] (px4_msgs) StdoutLine: {'line': b'-- Up-to-date: /home/px4/ros2/ws/install/px4_msgs/include/px4_msgs/px4_msgs/msg/detail/pwm_input__type_support.cpp\n'}
[2.803870] (px4_msgs) StdoutLine: {'line': b'-- Up-to-date: /home/px4/ros2/ws/install/px4_msgs/include/px4_msgs/px4_msgs/msg/detail/gpio_in__type_support.cpp\n'}
[2.803983] (px4_msgs) StdoutLine: {'line': b'-- Up-to-date: /home/px4/ros2/ws/install/px4_msgs/include/px4_msgs/px4_msgs/msg/detail/gimbal_manager_information__rosidl_typesupport_introspection_cpp.hpp\n'}
[2.804133] (px4_msgs) StdoutLine: {'line': b'-- Up-to-date: /home/px4/ros2/ws/install/px4_msgs/include/px4_msgs/px4_msgs/msg/detail/tiltrotor_extra_controls__type_support.cpp\n'}
[2.804261] (px4_msgs) StdoutLine: {'line': b'-- Up-to-date: /home/px4/ros2/ws/install/px4_msgs/include/px4_msgs/px4_msgs/msg/detail/open_drone_id_arm_status__rosidl_typesupport_introspection_cpp.hpp\n'}
[2.804366] (px4_msgs) StdoutLine: {'line': b'-- Up-to-date: /home/px4/ros2/ws/install/px4_msgs/include/px4_msgs/px4_msgs/msg/detail/timesync_status__rosidl_typesupport_introspection_cpp.hpp\n'}
[2.804462] (px4_msgs) StdoutLine: {'line': b'-- Up-to-date: /home/px4/ros2/ws/install/px4_msgs/include/px4_msgs/px4_msgs/msg/detail/internal_combustion_engine_status__type_support.cpp\n'}
[2.804644] (-) TimerEvent: {}
[2.804767] (px4_msgs) StdoutLine: {'line': b'-- Up-to-date: /home/px4/ros2/ws/install/px4_msgs/include/px4_msgs/px4_msgs/msg/detail/tune_control__type_support.cpp\n'}
[2.804870] (px4_msgs) StdoutLine: {'line': b'-- Up-to-date: /home/px4/ros2/ws/install/px4_msgs/include/px4_msgs/px4_msgs/msg/detail/rover_attitude_status__type_support.cpp\n'}
[2.804983] (px4_msgs) StdoutLine: {'line': b'-- Up-to-date: /home/px4/ros2/ws/install/px4_msgs/include/px4_msgs/px4_msgs/msg/detail/esc_status__rosidl_typesupport_introspection_cpp.hpp\n'}
[2.805074] (px4_msgs) StdoutLine: {'line': b'-- Up-to-date: /home/px4/ros2/ws/install/px4_msgs/include/px4_msgs/px4_msgs/msg/detail/open_drone_id_arm_status__type_support.cpp\n'}
[2.805163] (px4_msgs) StdoutLine: {'line': b'-- Up-to-date: /home/px4/ros2/ws/install/px4_msgs/include/px4_msgs/px4_msgs/msg/detail/led_control__rosidl_typesupport_introspection_cpp.hpp\n'}
[2.805296] (px4_msgs) StdoutLine: {'line': b'-- Up-to-date: /home/px4/ros2/ws/install/px4_msgs/include/px4_msgs/px4_msgs/msg/detail/led_control__type_support.cpp\n'}
[2.805459] (px4_msgs) StdoutLine: {'line': b'-- Up-to-date: /home/px4/ros2/ws/install/px4_msgs/include/px4_msgs/px4_msgs/srv\n'}
[2.805534] (px4_msgs) StdoutLine: {'line': b'-- Up-to-date: /home/px4/ros2/ws/install/px4_msgs/include/px4_msgs/px4_msgs/srv/detail\n'}
[2.805617] (px4_msgs) StdoutLine: {'line': b'-- Up-to-date: /home/px4/ros2/ws/install/px4_msgs/include/px4_msgs/px4_msgs/srv/detail/vehicle_command__rosidl_typesupport_introspection_cpp.hpp\n'}
[2.805684] (px4_msgs) StdoutLine: {'line': b'-- Up-to-date: /home/px4/ros2/ws/install/px4_msgs/include/px4_msgs/px4_msgs/srv/detail/vehicle_command__type_support.cpp\n'}
[2.805767] (px4_msgs) StdoutLine: {'line': b'-- Up-to-date: /home/px4/ros2/ws/install/px4_msgs/lib/libpx4_msgs__rosidl_typesupport_introspection_cpp.so\n'}
[2.805861] (px4_msgs) StdoutLine: {'line': b'-- Up-to-date: /home/px4/ros2/ws/install/px4_msgs/lib/libpx4_msgs__rosidl_typesupport_cpp.so\n'}
[2.805955] (px4_msgs) StdoutLine: {'line': b'-- Up-to-date: /home/px4/ros2/ws/install/px4_msgs/share/px4_msgs/environment/pythonpath.sh\n'}
[2.806067] (px4_msgs) StdoutLine: {'line': b'-- Up-to-date: /home/px4/ros2/ws/install/px4_msgs/share/px4_msgs/environment/pythonpath.dsv\n'}
[2.806164] (px4_msgs) StdoutLine: {'line': b'-- Up-to-date: /home/px4/ros2/ws/install/px4_msgs/local/lib/python3.10/dist-packages/px4_msgs-2.0.1-py3.10.egg-info\n'}
[2.806298] (px4_msgs) StdoutLine: {'line': b'-- Installing: /home/px4/ros2/ws/install/px4_msgs/local/lib/python3.10/dist-packages/px4_msgs-2.0.1-py3.10.egg-info/top_level.txt\n'}
[2.806404] (px4_msgs) StdoutLine: {'line': b'-- Installing: /home/px4/ros2/ws/install/px4_msgs/local/lib/python3.10/dist-packages/px4_msgs-2.0.1-py3.10.egg-info/dependency_links.txt\n'}
[2.806500] (px4_msgs) StdoutLine: {'line': b'-- Installing: /home/px4/ros2/ws/install/px4_msgs/local/lib/python3.10/dist-packages/px4_msgs-2.0.1-py3.10.egg-info/SOURCES.txt\n'}
[2.806595] (px4_msgs) StdoutLine: {'line': b'-- Installing: /home/px4/ros2/ws/install/px4_msgs/local/lib/python3.10/dist-packages/px4_msgs-2.0.1-py3.10.egg-info/PKG-INFO\n'}
[2.806688] (px4_msgs) StdoutLine: {'line': b'-- Up-to-date: /home/px4/ros2/ws/install/px4_msgs/local/lib/python3.10/dist-packages/px4_msgs\n'}
[2.806781] (px4_msgs) StdoutLine: {'line': b'-- Up-to-date: /home/px4/ros2/ws/install/px4_msgs/local/lib/python3.10/dist-packages/px4_msgs/_px4_msgs_s.ep.rosidl_typesupport_introspection_c.c\n'}
[2.806875] (px4_msgs) StdoutLine: {'line': b'-- Up-to-date: /home/px4/ros2/ws/install/px4_msgs/local/lib/python3.10/dist-packages/px4_msgs/libpx4_msgs__rosidl_generator_py.so\n'}
[2.806967] (px4_msgs) StdoutLine: {'line': b'-- Up-to-date: /home/px4/ros2/ws/install/px4_msgs/local/lib/python3.10/dist-packages/px4_msgs/__init__.py\n'}
[2.807060] (px4_msgs) StdoutLine: {'line': b'-- Up-to-date: /home/px4/ros2/ws/install/px4_msgs/local/lib/python3.10/dist-packages/px4_msgs/_px4_msgs_s.ep.rosidl_typesupport_fastrtps_c.c\n'}
[2.807217] (px4_msgs) StdoutLine: {'line': b'-- Up-to-date: /home/px4/ros2/ws/install/px4_msgs/local/lib/python3.10/dist-packages/px4_msgs/msg\n'}
[2.807344] (px4_msgs) StdoutLine: {'line': b'-- Up-to-date: /home/px4/ros2/ws/install/px4_msgs/local/lib/python3.10/dist-packages/px4_msgs/msg/_event_s.c\n'}
[2.807447] (px4_msgs) StdoutLine: {'line': b'-- Up-to-date: /home/px4/ros2/ws/install/px4_msgs/local/lib/python3.10/dist-packages/px4_msgs/msg/_vtol_vehicle_status.py\n'}
[2.807519] (px4_msgs) StdoutLine: {'line': b'-- Up-to-date: /home/px4/ros2/ws/install/px4_msgs/local/lib/python3.10/dist-packages/px4_msgs/msg/_parameter_set_used_request.py\n'}
[2.807593] (px4_msgs) StdoutLine: {'line': b'-- Up-to-date: /home/px4/ros2/ws/install/px4_msgs/local/lib/python3.10/dist-packages/px4_msgs/msg/_trajectory_setpoint_s.c\n'}
[2.807677] (px4_msgs) StdoutLine: {'line': b'-- Up-to-date: /home/px4/ros2/ws/install/px4_msgs/local/lib/python3.10/dist-packages/px4_msgs/msg/_distance_sensor_mode_change_request_s.c\n'}
[2.807814] (px4_msgs) StdoutLine: {'line': b'-- Up-to-date: /home/px4/ros2/ws/install/px4_msgs/local/lib/python3.10/dist-packages/px4_msgs/msg/_landing_target_pose.py\n'}
[2.807985] (px4_msgs) StdoutLine: {'line': b'-- Up-to-date: /home/px4/ros2/ws/install/px4_msgs/local/lib/python3.10/dist-packages/px4_msgs/msg/_orbit_status.py\n'}
[2.808171] (px4_msgs) StdoutLine: {'line': b'-- Up-to-date: /home/px4/ros2/ws/install/px4_msgs/local/lib/python3.10/dist-packages/px4_msgs/msg/_register_ext_component_request_s.c\n'}
[2.808369] (px4_msgs) StdoutLine: {'line': b'-- Up-to-date: /home/px4/ros2/ws/install/px4_msgs/local/lib/python3.10/dist-packages/px4_msgs/msg/_sensor_gnss_relative_s.c\n'}
[2.808449] (px4_msgs) StdoutLine: {'line': b'-- Up-to-date: /home/px4/ros2/ws/install/px4_msgs/local/lib/python3.10/dist-packages/px4_msgs/msg/_geofence_result_s.c\n'}
[2.808528] (px4_msgs) StdoutLine: {'line': b'-- Up-to-date: /home/px4/ros2/ws/install/px4_msgs/local/lib/python3.10/dist-packages/px4_msgs/msg/_launch_detection_status_s.c\n'}
[2.808594] (px4_msgs) StdoutLine: {'line': b'-- Up-to-date: /home/px4/ros2/ws/install/px4_msgs/local/lib/python3.10/dist-packages/px4_msgs/msg/_gripper_s.c\n'}
[2.808697] (px4_msgs) StdoutLine: {'line': b'-- Up-to-date: /home/px4/ros2/ws/install/px4_msgs/local/lib/python3.10/dist-packages/px4_msgs/msg/_estimator_bias_s.c\n'}
[2.808764] (px4_msgs) StdoutLine: {'line': b'-- Up-to-date: /home/px4/ros2/ws/install/px4_msgs/local/lib/python3.10/dist-packages/px4_msgs/msg/_satellite_info.py\n'}
[2.808827] (px4_msgs) StdoutLine: {'line': b'-- Up-to-date: /home/px4/ros2/ws/install/px4_msgs/local/lib/python3.10/dist-packages/px4_msgs/msg/_yaw_estimator_status.py\n'}
[2.808890] (px4_msgs) StdoutLine: {'line': b'-- Up-to-date: /home/px4/ros2/ws/install/px4_msgs/local/lib/python3.10/dist-packages/px4_msgs/msg/_tecs_status_s.c\n'}
[2.808955] (px4_msgs) StdoutLine: {'line': b'-- Up-to-date: /home/px4/ros2/ws/install/px4_msgs/local/lib/python3.10/dist-packages/px4_msgs/msg/_estimator_sensor_bias_s.c\n'}
[2.809024] (px4_msgs) StdoutLine: {'line': b'-- Up-to-date: /home/px4/ros2/ws/install/px4_msgs/local/lib/python3.10/dist-packages/px4_msgs/msg/_system_power.py\n'}
[2.809090] (px4_msgs) StdoutLine: {'line': b'-- Up-to-date: /home/px4/ros2/ws/install/px4_msgs/local/lib/python3.10/dist-packages/px4_msgs/msg/_vehicle_local_position.py\n'}
[2.809174] (px4_msgs) StdoutLine: {'line': b'-- Up-to-date: /home/px4/ros2/ws/install/px4_msgs/local/lib/python3.10/dist-packages/px4_msgs/msg/_gpio_config_s.c\n'}
[2.809274] (px4_msgs) StdoutLine: {'line': b'-- Up-to-date: /home/px4/ros2/ws/install/px4_msgs/local/lib/python3.10/dist-packages/px4_msgs/msg/_fixed_wing_lateral_guidance_status.py\n'}
[2.809346] (px4_msgs) StdoutLine: {'line': b'-- Up-to-date: /home/px4/ros2/ws/install/px4_msgs/local/lib/python3.10/dist-packages/px4_msgs/msg/_satellite_info_s.c\n'}
[2.809445] (px4_msgs) StdoutLine: {'line': b'-- Up-to-date: /home/px4/ros2/ws/install/px4_msgs/local/lib/python3.10/dist-packages/px4_msgs/msg/_vtol_vehicle_status_s.c\n'}
[2.809538] (px4_msgs) StdoutLine: {'line': b'-- Up-to-date: /home/px4/ros2/ws/install/px4_msgs/local/lib/python3.10/dist-packages/px4_msgs/msg/_wheel_encoders.py\n'}
[2.809605] (px4_msgs) StdoutLine: {'line': b'-- Up-to-date: /home/px4/ros2/ws/install/px4_msgs/local/lib/python3.10/dist-packages/px4_msgs/msg/_estimator_status.py\n'}
[2.809688] (px4_msgs) StdoutLine: {'line': b'-- Up-to-date: /home/px4/ros2/ws/install/px4_msgs/local/lib/python3.10/dist-packages/px4_msgs/msg/_battery_status.py\n'}
[2.809774] (px4_msgs) StdoutLine: {'line': b'-- Up-to-date: /home/px4/ros2/ws/install/px4_msgs/local/lib/python3.10/dist-packages/px4_msgs/msg/_rover_throttle_setpoint.py\n'}
[2.809855] (px4_msgs) StdoutLine: {'line': b'-- Up-to-date: /home/px4/ros2/ws/install/px4_msgs/local/lib/python3.10/dist-packages/px4_msgs/msg/_estimator_event_flags_s.c\n'}
[2.809916] (px4_msgs) StdoutLine: {'line': b'-- Up-to-date: /home/px4/ros2/ws/install/px4_msgs/local/lib/python3.10/dist-packages/px4_msgs/msg/_pure_pursuit_status.py\n'}
[2.810000] (px4_msgs) StdoutLine: {'line': b'-- Up-to-date: /home/px4/ros2/ws/install/px4_msgs/local/lib/python3.10/dist-packages/px4_msgs/msg/_manual_control_setpoint_s.c\n'}
[2.810094] (px4_msgs) StdoutLine: {'line': b'-- Up-to-date: /home/px4/ros2/ws/install/px4_msgs/local/lib/python3.10/dist-packages/px4_msgs/msg/_px4io_status.py\n'}
[2.810229] (px4_msgs) StdoutLine: {'line': b'-- Up-to-date: /home/px4/ros2/ws/install/px4_msgs/local/lib/python3.10/dist-packages/px4_msgs/msg/_vehicle_imu_status_s.c\n'}
[2.810341] (px4_msgs) StdoutLine: {'line': b'-- Up-to-date: /home/px4/ros2/ws/install/px4_msgs/local/lib/python3.10/dist-packages/px4_msgs/msg/_navigator_mission_item_s.c\n'}
[2.810463] (px4_msgs) StdoutLine: {'line': b'-- Up-to-date: /home/px4/ros2/ws/install/px4_msgs/local/lib/python3.10/dist-packages/px4_msgs/msg/_goto_setpoint.py\n'}
[2.810554] (px4_msgs) StdoutLine: {'line': b'-- Up-to-date: /home/px4/ros2/ws/install/px4_msgs/local/lib/python3.10/dist-packages/px4_msgs/msg/_log_message.py\n'}
[2.810649] (px4_msgs) StdoutLine: {'line': b'-- Up-to-date: /home/px4/ros2/ws/install/px4_msgs/local/lib/python3.10/dist-packages/px4_msgs/msg/_esc_report.py\n'}
[2.810743] (px4_msgs) StdoutLine: {'line': b'-- Up-to-date: /home/px4/ros2/ws/install/px4_msgs/local/lib/python3.10/dist-packages/px4_msgs/msg/_estimator_aid_source1d_s.c\n'}
[2.810859] (px4_msgs) StdoutLine: {'line': b'-- Up-to-date: /home/px4/ros2/ws/install/px4_msgs/local/lib/python3.10/dist-packages/px4_msgs/msg/_log_message_s.c\n'}
[2.810960] (px4_msgs) StdoutLine: {'line': b'-- Up-to-date: /home/px4/ros2/ws/install/px4_msgs/local/lib/python3.10/dist-packages/px4_msgs/msg/_gpio_out_s.c\n'}
[2.811074] (px4_msgs) StdoutLine: {'line': b'-- Up-to-date: /home/px4/ros2/ws/install/px4_msgs/local/lib/python3.10/dist-packages/px4_msgs/msg/_button_event_s.c\n'}
[2.811182] (px4_msgs) StdoutLine: {'line': b'-- Up-to-date: /home/px4/ros2/ws/install/px4_msgs/local/lib/python3.10/dist-packages/px4_msgs/msg/_register_ext_component_reply_s.c\n'}
[2.811322] (px4_msgs) StdoutLine: {'line': b'-- Up-to-date: /home/px4/ros2/ws/install/px4_msgs/local/lib/python3.10/dist-packages/px4_msgs/msg/_vehicle_odometry_s.c\n'}
[2.811441] (px4_msgs) StdoutLine: {'line': b'-- Up-to-date: /home/px4/ros2/ws/install/px4_msgs/local/lib/python3.10/dist-packages/px4_msgs/msg/_mission_result_s.c\n'}
[2.811696] (px4_msgs) StdoutLine: {'line': b'-- Up-to-date: /home/px4/ros2/ws/install/px4_msgs/local/lib/python3.10/dist-packages/px4_msgs/msg/_vehicle_air_data.py\n'}
[2.811807] (px4_msgs) StdoutLine: {'line': b'-- Up-to-date: /home/px4/ros2/ws/install/px4_msgs/local/lib/python3.10/dist-packages/px4_msgs/msg/_vehicle_attitude.py\n'}
[2.811923] (px4_msgs) StdoutLine: {'line': b'-- Up-to-date: /home/px4/ros2/ws/install/px4_msgs/local/lib/python3.10/dist-packages/px4_msgs/msg/_fixed_wing_runway_control.py\n'}
[2.812045] (px4_msgs) StdoutLine: {'line': b'-- Up-to-date: /home/px4/ros2/ws/install/px4_msgs/local/lib/python3.10/dist-packages/px4_msgs/msg/_airspeed.py\n'}
[2.812159] (px4_msgs) StdoutLine: {'line': b'-- Up-to-date: /home/px4/ros2/ws/install/px4_msgs/local/lib/python3.10/dist-packages/px4_msgs/msg/_figure_eight_status.py\n'}
[2.812345] (px4_msgs) StdoutLine: {'line': b'-- Up-to-date: /home/px4/ros2/ws/install/px4_msgs/local/lib/python3.10/dist-packages/px4_msgs/msg/_arming_check_reply_s.c\n'}
[2.812473] (px4_msgs) StdoutLine: {'line': b'-- Up-to-date: /home/px4/ros2/ws/install/px4_msgs/local/lib/python3.10/dist-packages/px4_msgs/msg/_open_drone_id_operator_id.py\n'}
[2.812597] (px4_msgs) StdoutLine: {'line': b'-- Up-to-date: /home/px4/ros2/ws/install/px4_msgs/local/lib/python3.10/dist-packages/px4_msgs/msg/_airspeed_wind.py\n'}
[2.812701] (px4_msgs) StdoutLine: {'line': b'-- Up-to-date: /home/px4/ros2/ws/install/px4_msgs/local/lib/python3.10/dist-packages/px4_msgs/msg/_open_drone_id_system.py\n'}
[2.812802] (px4_msgs) StdoutLine: {'line': b'-- Up-to-date: /home/px4/ros2/ws/install/px4_msgs/local/lib/python3.10/dist-packages/px4_msgs/msg/_estimator_status_s.c\n'}
[2.812972] (px4_msgs) StdoutLine: {'line': b'-- Up-to-date: /home/px4/ros2/ws/install/px4_msgs/local/lib/python3.10/dist-packages/px4_msgs/msg/_vehicle_global_position_s.c\n'}
[2.813047] (px4_msgs) StdoutLine: {'line': b'-- Up-to-date: /home/px4/ros2/ws/install/px4_msgs/local/lib/python3.10/dist-packages/px4_msgs/msg/_fixed_wing_longitudinal_setpoint.py\n'}
[2.813124] (px4_msgs) StdoutLine: {'line': b'-- Up-to-date: /home/px4/ros2/ws/install/px4_msgs/local/lib/python3.10/dist-packages/px4_msgs/msg/_mount_orientation.py\n'}
[2.813210] (px4_msgs) StdoutLine: {'line': b'-- Up-to-date: /home/px4/ros2/ws/install/px4_msgs/local/lib/python3.10/dist-packages/px4_msgs/msg/_gimbal_controls_s.c\n'}
[2.813294] (px4_msgs) StdoutLine: {'line': b'-- Up-to-date: /home/px4/ros2/ws/install/px4_msgs/local/lib/python3.10/dist-packages/px4_msgs/msg/_open_drone_id_self_id_s.c\n'}
[2.813360] (px4_msgs) StdoutLine: {'line': b'-- Up-to-date: /home/px4/ros2/ws/install/px4_msgs/local/lib/python3.10/dist-packages/px4_msgs/msg/_vehicle_command_ack.py\n'}
[2.813423] (px4_msgs) StdoutLine: {'line': b'-- Up-to-date: /home/px4/ros2/ws/install/px4_msgs/local/lib/python3.10/dist-packages/px4_msgs/msg/_position_setpoint_triplet.py\n'}
[2.813510] (px4_msgs) StdoutLine: {'line': b'-- Up-to-date: /home/px4/ros2/ws/install/px4_msgs/local/lib/python3.10/dist-packages/px4_msgs/msg/_onboard_computer_status.py\n'}
[2.813710] (px4_msgs) StdoutLine: {'line': b'-- Up-to-date: /home/px4/ros2/ws/install/px4_msgs/local/lib/python3.10/dist-packages/px4_msgs/msg/_telemetry_status_s.c\n'}
[2.813877] (px4_msgs) StdoutLine: {'line': b'-- Up-to-date: /home/px4/ros2/ws/install/px4_msgs/local/lib/python3.10/dist-packages/px4_msgs/msg/_sensor_combined.py\n'}
[2.813992] (px4_msgs) StdoutLine: {'line': b'-- Up-to-date: /home/px4/ros2/ws/install/px4_msgs/local/lib/python3.10/dist-packages/px4_msgs/msg/_rover_velocity_status_s.c\n'}
[2.814067] (px4_msgs) StdoutLine: {'line': b'-- Up-to-date: /home/px4/ros2/ws/install/px4_msgs/local/lib/python3.10/dist-packages/px4_msgs/msg/_parameter_reset_request.py\n'}
[2.814137] (px4_msgs) StdoutLine: {'line': b'-- Up-to-date: /home/px4/ros2/ws/install/px4_msgs/local/lib/python3.10/dist-packages/px4_msgs/msg/_autotune_attitude_control_status.py\n'}
[2.814223] (px4_msgs) StdoutLine: {'line': b'-- Up-to-date: /home/px4/ros2/ws/install/px4_msgs/local/lib/python3.10/dist-packages/px4_msgs/msg/_camera_capture_s.c\n'}
[2.814306] (px4_msgs) StdoutLine: {'line': b'-- Up-to-date: /home/px4/ros2/ws/install/px4_msgs/local/lib/python3.10/dist-packages/px4_msgs/msg/_vehicle_thrust_setpoint_s.c\n'}
[2.814380] (px4_msgs) StdoutLine: {'line': b'-- Up-to-date: /home/px4/ros2/ws/install/px4_msgs/local/lib/python3.10/dist-packages/px4_msgs/msg/_parameter_update.py\n'}
[2.814503] (px4_msgs) StdoutLine: {'line': b'-- Up-to-date: /home/px4/ros2/ws/install/px4_msgs/local/lib/python3.10/dist-packages/px4_msgs/msg/_rover_position_setpoint.py\n'}
[2.814625] (px4_msgs) StdoutLine: {'line': b'-- Up-to-date: /home/px4/ros2/ws/install/px4_msgs/local/lib/python3.10/dist-packages/px4_msgs/msg/_unregister_ext_component_s.c\n'}
[2.814740] (px4_msgs) StdoutLine: {'line': b'-- Up-to-date: /home/px4/ros2/ws/install/px4_msgs/local/lib/python3.10/dist-packages/px4_msgs/msg/_ekf2_timestamps.py\n'}
[2.814823] (px4_msgs) StdoutLine: {'line': b'-- Up-to-date: /home/px4/ros2/ws/install/px4_msgs/local/lib/python3.10/dist-packages/px4_msgs/msg/_longitudinal_control_configuration_s.c\n'}
[2.814915] (px4_msgs) StdoutLine: {'line': b'-- Up-to-date: /home/px4/ros2/ws/install/px4_msgs/local/lib/python3.10/dist-packages/px4_msgs/msg/_position_setpoint_s.c\n'}
[2.815031] (px4_msgs) StdoutLine: {'line': b'-- Up-to-date: /home/px4/ros2/ws/install/px4_msgs/local/lib/python3.10/dist-packages/px4_msgs/msg/_position_setpoint_triplet_s.c\n'}
[2.815132] (px4_msgs) StdoutLine: {'line': b'-- Up-to-date: /home/px4/ros2/ws/install/px4_msgs/local/lib/python3.10/dist-packages/px4_msgs/msg/_follow_target_status.py\n'}
[2.815244] (px4_msgs) StdoutLine: {'line': b'-- Up-to-date: /home/px4/ros2/ws/install/px4_msgs/local/lib/python3.10/dist-packages/px4_msgs/msg/_offboard_control_mode.py\n'}
[2.815347] (px4_msgs) StdoutLine: {'line': b'-- Up-to-date: /home/px4/ros2/ws/install/px4_msgs/local/lib/python3.10/dist-packages/px4_msgs/msg/_esc_status_s.c\n'}
[2.815464] (px4_msgs) StdoutLine: {'line': b'-- Up-to-date: /home/px4/ros2/ws/install/px4_msgs/local/lib/python3.10/dist-packages/px4_msgs/msg/_parameter_set_value_response.py\n'}
[2.816021] (px4_msgs) StdoutLine: {'line': b'-- Up-to-date: /home/px4/ros2/ws/install/px4_msgs/local/lib/python3.10/dist-packages/px4_msgs/msg/_logger_status_s.c\n'}
[2.816129] (px4_msgs) StdoutLine: {'line': b'-- Up-to-date: /home/px4/ros2/ws/install/px4_msgs/local/lib/python3.10/dist-packages/px4_msgs/msg/_vehicle_angular_acceleration_setpoint.py\n'}
[2.816302] (px4_msgs) StdoutLine: {'line': b'-- Up-to-date: /home/px4/ros2/ws/install/px4_msgs/local/lib/python3.10/dist-packages/px4_msgs/msg/_magnetometer_bias_estimate.py\n'}
[2.816439] (px4_msgs) StdoutLine: {'line': b'-- Up-to-date: /home/px4/ros2/ws/install/px4_msgs/local/lib/python3.10/dist-packages/px4_msgs/msg/_cellular_status.py\n'}
[2.816536] (px4_msgs) StdoutLine: {'line': b'-- Up-to-date: /home/px4/ros2/ws/install/px4_msgs/local/lib/python3.10/dist-packages/px4_msgs/msg/_gimbal_manager_status.py\n'}
[2.816631] (px4_msgs) StdoutLine: {'line': b'-- Up-to-date: /home/px4/ros2/ws/install/px4_msgs/local/lib/python3.10/dist-packages/px4_msgs/msg/_estimator_status_flags_s.c\n'}
[2.816722] (px4_msgs) StdoutLine: {'line': b'-- Up-to-date: /home/px4/ros2/ws/install/px4_msgs/local/lib/python3.10/dist-packages/px4_msgs/msg/_fixed_wing_lateral_setpoint_s.c\n'}
[2.816875] (px4_msgs) StdoutLine: {'line': b'-- Up-to-date: /home/px4/ros2/ws/install/px4_msgs/local/lib/python3.10/dist-packages/px4_msgs/msg/_debug_array_s.c\n'}
[2.816971] (px4_msgs) StdoutLine: {'line': b'-- Up-to-date: /home/px4/ros2/ws/install/px4_msgs/local/lib/python3.10/dist-packages/px4_msgs/msg/_input_rc_s.c\n'}
[2.817075] (px4_msgs) StdoutLine: {'line': b'-- Up-to-date: /home/px4/ros2/ws/install/px4_msgs/local/lib/python3.10/dist-packages/px4_msgs/msg/_parameter_set_value_request.py\n'}
[2.817164] (px4_msgs) StdoutLine: {'line': b'-- Up-to-date: /home/px4/ros2/ws/install/px4_msgs/local/lib/python3.10/dist-packages/px4_msgs/msg/_gripper.py\n'}
[2.817299] (px4_msgs) StdoutLine: {'line': b'-- Up-to-date: /home/px4/ros2/ws/install/px4_msgs/local/lib/python3.10/dist-packages/px4_msgs/msg/_sensor_selection_s.c\n'}
[2.817394] (px4_msgs) StdoutLine: {'line': b'-- Up-to-date: /home/px4/ros2/ws/install/px4_msgs/local/lib/python3.10/dist-packages/px4_msgs/msg/_rover_steering_setpoint_s.c\n'}
[2.817483] (px4_msgs) StdoutLine: {'line': b'-- Up-to-date: /home/px4/ros2/ws/install/px4_msgs/local/lib/python3.10/dist-packages/px4_msgs/msg/_mavlink_tunnel_s.c\n'}
[2.817658] (px4_msgs) StdoutLine: {'line': b'-- Up-to-date: /home/px4/ros2/ws/install/px4_msgs/local/lib/python3.10/dist-packages/px4_msgs/msg/_debug_key_value.py\n'}
[2.817766] (px4_msgs) StdoutLine: {'line': b'-- Up-to-date: /home/px4/ros2/ws/install/px4_msgs/local/lib/python3.10/dist-packages/px4_msgs/msg/_sensor_gyro_s.c\n'}
[2.817891] (px4_msgs) StdoutLine: {'line': b'-- Up-to-date: /home/px4/ros2/ws/install/px4_msgs/local/lib/python3.10/dist-packages/px4_msgs/msg/_failsafe_flags.py\n'}
[2.817983] (px4_msgs) StdoutLine: {'line': b'-- Up-to-date: /home/px4/ros2/ws/install/px4_msgs/local/lib/python3.10/dist-packages/px4_msgs/msg/_differential_pressure.py\n'}
[2.818078] (px4_msgs) StdoutLine: {'line': b'-- Up-to-date: /home/px4/ros2/ws/install/px4_msgs/local/lib/python3.10/dist-packages/px4_msgs/msg/_gimbal_manager_set_manual_control.py\n'}
[2.818216] (px4_msgs) StdoutLine: {'line': b'-- Up-to-date: /home/px4/ros2/ws/install/px4_msgs/local/lib/python3.10/dist-packages/px4_msgs/msg/_position_controller_status_s.c\n'}
[2.818342] (px4_msgs) StdoutLine: {'line': b'-- Up-to-date: /home/px4/ros2/ws/install/px4_msgs/local/lib/python3.10/dist-packages/px4_msgs/msg/_gpio_request.py\n'}
[2.818433] (px4_msgs) StdoutLine: {'line': b'-- Up-to-date: /home/px4/ros2/ws/install/px4_msgs/local/lib/python3.10/dist-packages/px4_msgs/msg/_rover_velocity_setpoint.py\n'}
[2.818582] (px4_msgs) StdoutLine: {'line': b'-- Up-to-date: /home/px4/ros2/ws/install/px4_msgs/local/lib/python3.10/dist-packages/px4_msgs/msg/_vehicle_command_ack_s.c\n'}
[2.818675] (px4_msgs) StdoutLine: {'line': b'-- Up-to-date: /home/px4/ros2/ws/install/px4_msgs/local/lib/python3.10/dist-packages/px4_msgs/msg/_gimbal_manager_status_s.c\n'}
[2.818766] (px4_msgs) StdoutLine: {'line': b'-- Up-to-date: /home/px4/ros2/ws/install/px4_msgs/local/lib/python3.10/dist-packages/px4_msgs/msg/_power_monitor_s.c\n'}
[2.818838] (px4_msgs) StdoutLine: {'line': b'-- Up-to-date: /home/px4/ros2/ws/install/px4_msgs/local/lib/python3.10/dist-packages/px4_msgs/msg/_estimator_bias.py\n'}
[2.818945] (px4_msgs) StdoutLine: {'line': b'-- Up-to-date: /home/px4/ros2/ws/install/px4_msgs/local/lib/python3.10/dist-packages/px4_msgs/msg/_fuel_tank_status_s.c\n'}
[2.819014] (px4_msgs) StdoutLine: {'line': b'-- Up-to-date: /home/px4/ros2/ws/install/px4_msgs/local/lib/python3.10/dist-packages/px4_msgs/msg/_rover_attitude_setpoint_s.c\n'}
[2.819083] (px4_msgs) StdoutLine: {'line': b'-- Up-to-date: /home/px4/ros2/ws/install/px4_msgs/local/lib/python3.10/dist-packages/px4_msgs/msg/_airspeed_wind_s.c\n'}
[2.819153] (px4_msgs) StdoutLine: {'line': b'-- Up-to-date: /home/px4/ros2/ws/install/px4_msgs/local/lib/python3.10/dist-packages/px4_msgs/msg/_sensor_gps_s.c\n'}
[2.819296] (px4_msgs) StdoutLine: {'line': b'-- Up-to-date: /home/px4/ros2/ws/install/px4_msgs/local/lib/python3.10/dist-packages/px4_msgs/msg/_gimbal_device_attitude_status_s.c\n'}
[2.819373] (px4_msgs) StdoutLine: {'line': b'-- Up-to-date: /home/px4/ros2/ws/install/px4_msgs/local/lib/python3.10/dist-packages/px4_msgs/msg/_vehicle_command_s.c\n'}
[2.819437] (px4_msgs) StdoutLine: {'line': b'-- Up-to-date: /home/px4/ros2/ws/install/px4_msgs/local/lib/python3.10/dist-packages/px4_msgs/msg/_follow_target_s.c\n'}
[2.819549] (px4_msgs) StdoutLine: {'line': b'-- Up-to-date: /home/px4/ros2/ws/install/px4_msgs/local/lib/python3.10/dist-packages/px4_msgs/msg/_estimator_aid_source3d.py\n'}
[2.819757] (px4_msgs) StdoutLine: {'line': b'-- Up-to-date: /home/px4/ros2/ws/install/px4_msgs/local/lib/python3.10/dist-packages/px4_msgs/msg/_follow_target.py\n'}
[2.819866] (px4_msgs) StdoutLine: {'line': b'-- Up-to-date: /home/px4/ros2/ws/install/px4_msgs/local/lib/python3.10/dist-packages/px4_msgs/msg/_mission_s.c\n'}
[2.820012] (px4_msgs) StdoutLine: {'line': b'-- Up-to-date: /home/px4/ros2/ws/install/px4_msgs/local/lib/python3.10/dist-packages/px4_msgs/msg/_gps_inject_data_s.c\n'}
[2.820106] (px4_msgs) StdoutLine: {'line': b'-- Up-to-date: /home/px4/ros2/ws/install/px4_msgs/local/lib/python3.10/dist-packages/px4_msgs/msg/_can_interface_status.py\n'}
[2.820220] (px4_msgs) StdoutLine: {'line': b'-- Up-to-date: /home/px4/ros2/ws/install/px4_msgs/local/lib/python3.10/dist-packages/px4_msgs/msg/_actuator_servos_trim_s.c\n'}
[2.820320] (px4_msgs) StdoutLine: {'line': b'-- Up-to-date: /home/px4/ros2/ws/install/px4_msgs/local/lib/python3.10/dist-packages/px4_msgs/msg/_follow_target_status_s.c\n'}
[2.820437] (px4_msgs) StdoutLine: {'line': b'-- Up-to-date: /home/px4/ros2/ws/install/px4_msgs/local/lib/python3.10/dist-packages/px4_msgs/msg/_sensor_airflow_s.c\n'}
[2.820683] (px4_msgs) StdoutLine: {'line': b'-- Up-to-date: /home/px4/ros2/ws/install/px4_msgs/local/lib/python3.10/dist-packages/px4_msgs/msg/_fixed_wing_lateral_setpoint.py\n'}
[2.820818] (px4_msgs) StdoutLine: {'line': b'-- Up-to-date: /home/px4/ros2/ws/install/px4_msgs/local/lib/python3.10/dist-packages/px4_msgs/msg/_estimator_selector_status_s.c\n'}
[2.820993] (px4_msgs) StdoutLine: {'line': b'-- Up-to-date: /home/px4/ros2/ws/install/px4_msgs/local/lib/python3.10/dist-packages/px4_msgs/msg/_estimator_innovations_s.c\n'}
[2.821222] (px4_msgs) StdoutLine: {'line': b'-- Up-to-date: /home/px4/ros2/ws/install/px4_msgs/local/lib/python3.10/dist-packages/px4_msgs/msg/_longitudinal_control_configuration.py\n'}
[2.821427] (px4_msgs) StdoutLine: {'line': b'-- Up-to-date: /home/px4/ros2/ws/install/px4_msgs/local/lib/python3.10/dist-packages/px4_msgs/msg/_failure_detector_status.py\n'}
[2.821512] (px4_msgs) StdoutLine: {'line': b'-- Up-to-date: /home/px4/ros2/ws/install/px4_msgs/local/lib/python3.10/dist-packages/px4_msgs/msg/_rpm_s.c\n'}
[2.821589] (px4_msgs) StdoutLine: {'line': b'-- Up-to-date: /home/px4/ros2/ws/install/px4_msgs/local/lib/python3.10/dist-packages/px4_msgs/msg/_fuel_tank_status.py\n'}
[2.821693] (px4_msgs) StdoutLine: {'line': b'-- Up-to-date: /home/px4/ros2/ws/install/px4_msgs/local/lib/python3.10/dist-packages/px4_msgs/msg/_dataman_request.py\n'}
[2.821797] (px4_msgs) StdoutLine: {'line': b'-- Up-to-date: /home/px4/ros2/ws/install/px4_msgs/local/lib/python3.10/dist-packages/px4_msgs/msg/_open_drone_id_system_s.c\n'}
[2.821875] (px4_msgs) StdoutLine: {'line': b'-- Up-to-date: /home/px4/ros2/ws/install/px4_msgs/local/lib/python3.10/dist-packages/px4_msgs/msg/_orb_test_medium.py\n'}
[2.822047] (px4_msgs) StdoutLine: {'line': b'-- Up-to-date: /home/px4/ros2/ws/install/px4_msgs/local/lib/python3.10/dist-packages/px4_msgs/msg/_mavlink_log.py\n'}
[2.822207] (px4_msgs) StdoutLine: {'line': b'-- Up-to-date: /home/px4/ros2/ws/install/px4_msgs/local/lib/python3.10/dist-packages/px4_msgs/msg/_sensors_status_imu_s.c\n'}
[2.822449] (px4_msgs) StdoutLine: {'line': b'-- Up-to-date: /home/px4/ros2/ws/install/px4_msgs/local/lib/python3.10/dist-packages/px4_msgs/msg/_vehicle_land_detected.py\n'}
[2.822555] (px4_msgs) StdoutLine: {'line': b'-- Up-to-date: /home/px4/ros2/ws/install/px4_msgs/local/lib/python3.10/dist-packages/px4_msgs/msg/_actuator_controls_status_s.c\n'}
[2.822651] (px4_msgs) StdoutLine: {'line': b'-- Up-to-date: /home/px4/ros2/ws/install/px4_msgs/local/lib/python3.10/dist-packages/px4_msgs/msg/_rover_rate_status_s.c\n'}
[2.822748] (px4_msgs) StdoutLine: {'line': b'-- Up-to-date: /home/px4/ros2/ws/install/px4_msgs/local/lib/python3.10/dist-packages/px4_msgs/msg/_mavlink_tunnel.py\n'}
[2.822875] (px4_msgs) StdoutLine: {'line': b'-- Up-to-date: /home/px4/ros2/ws/install/px4_msgs/local/lib/python3.10/dist-packages/px4_msgs/msg/_landing_target_pose_s.c\n'}
[2.822964] (px4_msgs) StdoutLine: {'line': b'-- Up-to-date: /home/px4/ros2/ws/install/px4_msgs/local/lib/python3.10/dist-packages/px4_msgs/msg/_navigator_status_s.c\n'}
[2.823122] (px4_msgs) StdoutLine: {'line': b'-- Up-to-date: /home/px4/ros2/ws/install/px4_msgs/local/lib/python3.10/dist-packages/px4_msgs/msg/_vehicle_imu.py\n'}
[2.823335] (px4_msgs) StdoutLine: {'line': b'-- Up-to-date: /home/px4/ros2/ws/install/px4_msgs/local/lib/python3.10/dist-packages/px4_msgs/msg/_vehicle_air_data_s.c\n'}
[2.823450] (px4_msgs) StdoutLine: {'line': b'-- Up-to-date: /home/px4/ros2/ws/install/px4_msgs/local/lib/python3.10/dist-packages/px4_msgs/msg/_register_ext_component_request.py\n'}
[2.823586] (px4_msgs) StdoutLine: {'line': b'-- Up-to-date: /home/px4/ros2/ws/install/px4_msgs/local/lib/python3.10/dist-packages/px4_msgs/msg/_position_controller_status.py\n'}
[2.823658] (px4_msgs) StdoutLine: {'line': b'-- Up-to-date: /home/px4/ros2/ws/install/px4_msgs/local/lib/python3.10/dist-packages/px4_msgs/msg/_pwm_input_s.c\n'}
[2.823747] (px4_msgs) StdoutLine: {'line': b'-- Up-to-date: /home/px4/ros2/ws/install/px4_msgs/local/lib/python3.10/dist-packages/px4_msgs/msg/_lateral_control_configuration.py\n'}
[2.823822] (px4_msgs) StdoutLine: {'line': b'-- Up-to-date: /home/px4/ros2/ws/install/px4_msgs/local/lib/python3.10/dist-packages/px4_msgs/msg/_vehicle_thrust_setpoint.py\n'}
[2.823927] (px4_msgs) StdoutLine: {'line': b'-- Up-to-date: /home/px4/ros2/ws/install/px4_msgs/local/lib/python3.10/dist-packages/px4_msgs/msg/_tune_control.py\n'}
[2.824025] (px4_msgs) StdoutLine: {'line': b'-- Up-to-date: /home/px4/ros2/ws/install/px4_msgs/local/lib/python3.10/dist-packages/px4_msgs/msg/_orb_test.py\n'}
[2.824118] (px4_msgs) StdoutLine: {'line': b'-- Up-to-date: /home/px4/ros2/ws/install/px4_msgs/local/lib/python3.10/dist-packages/px4_msgs/msg/_pure_pursuit_status_s.c\n'}
[2.824289] (px4_msgs) StdoutLine: {'line': b'-- Up-to-date: /home/px4/ros2/ws/install/px4_msgs/local/lib/python3.10/dist-packages/px4_msgs/msg/_takeoff_status_s.c\n'}
[2.824452] (px4_msgs) StdoutLine: {'line': b'-- Up-to-date: /home/px4/ros2/ws/install/px4_msgs/local/lib/python3.10/dist-packages/px4_msgs/msg/_follow_target_estimator_s.c\n'}
[2.824537] (px4_msgs) StdoutLine: {'line': b'-- Up-to-date: /home/px4/ros2/ws/install/px4_msgs/local/lib/python3.10/dist-packages/px4_msgs/msg/_tecs_status.py\n'}
[2.824721] (px4_msgs) StdoutLine: {'line': b'-- Up-to-date: /home/px4/ros2/ws/install/px4_msgs/local/lib/python3.10/dist-packages/px4_msgs/msg/_sensor_baro_s.c\n'}
[2.824834] (px4_msgs) StdoutLine: {'line': b'-- Up-to-date: /home/px4/ros2/ws/install/px4_msgs/local/lib/python3.10/dist-packages/px4_msgs/msg/_internal_combustion_engine_status_s.c\n'}
[2.824980] (px4_msgs) StdoutLine: {'line': b'-- Up-to-date: /home/px4/ros2/ws/install/px4_msgs/local/lib/python3.10/dist-packages/px4_msgs/msg/_hover_thrust_estimate_s.c\n'}
[2.825055] (px4_msgs) StdoutLine: {'line': b'-- Up-to-date: /home/px4/ros2/ws/install/px4_msgs/local/lib/python3.10/dist-packages/px4_msgs/msg/_failsafe_flags_s.c\n'}
[2.825124] (px4_msgs) StdoutLine: {'line': b'-- Up-to-date: /home/px4/ros2/ws/install/px4_msgs/local/lib/python3.10/dist-packages/px4_msgs/msg/_health_report_s.c\n'}
[2.825256] (px4_msgs) StdoutLine: {'line': b'-- Up-to-date: /home/px4/ros2/ws/install/px4_msgs/local/lib/python3.10/dist-packages/px4_msgs/msg/_vehicle_imu_status.py\n'}
[2.825336] (px4_msgs) StdoutLine: {'line': b'-- Up-to-date: /home/px4/ros2/ws/install/px4_msgs/local/lib/python3.10/dist-packages/px4_msgs/msg/_generator_status.py\n'}
[2.825403] (px4_msgs) StdoutLine: {'line': b'-- Up-to-date: /home/px4/ros2/ws/install/px4_msgs/local/lib/python3.10/dist-packages/px4_msgs/msg/_mission_result.py\n'}
[2.825468] (px4_msgs) StdoutLine: {'line': b'-- Up-to-date: /home/px4/ros2/ws/install/px4_msgs/local/lib/python3.10/dist-packages/px4_msgs/msg/_ulog_stream_ack_s.c\n'}
[2.825567] (px4_msgs) StdoutLine: {'line': b'-- Up-to-date: /home/px4/ros2/ws/install/px4_msgs/local/lib/python3.10/dist-packages/px4_msgs/msg/_fixed_wing_lateral_status.py\n'}
[2.825633] (px4_msgs) StdoutLine: {'line': b'-- Up-to-date: /home/px4/ros2/ws/install/px4_msgs/local/lib/python3.10/dist-packages/px4_msgs/msg/_rover_attitude_setpoint.py\n'}
[2.825695] (px4_msgs) StdoutLine: {'line': b'-- Up-to-date: /home/px4/ros2/ws/install/px4_msgs/local/lib/python3.10/dist-packages/px4_msgs/msg/_estimator_aid_source2d.py\n'}
[2.825758] (px4_msgs) StdoutLine: {'line': b'-- Up-to-date: /home/px4/ros2/ws/install/px4_msgs/local/lib/python3.10/dist-packages/px4_msgs/msg/_actuator_motors.py\n'}
[2.825823] (px4_msgs) StdoutLine: {'line': b'-- Up-to-date: /home/px4/ros2/ws/install/px4_msgs/local/lib/python3.10/dist-packages/px4_msgs/msg/_gimbal_manager_information_s.c\n'}
[2.825887] (px4_msgs) StdoutLine: {'line': b'-- Up-to-date: /home/px4/ros2/ws/install/px4_msgs/local/lib/python3.10/dist-packages/px4_msgs/msg/_gimbal_manager_set_manual_control_s.c\n'}
[2.825950] (px4_msgs) StdoutLine: {'line': b'-- Up-to-date: /home/px4/ros2/ws/install/px4_msgs/local/lib/python3.10/dist-packages/px4_msgs/msg/_vehicle_torque_setpoint.py\n'}
[2.826027] (px4_msgs) StdoutLine: {'line': b'-- Up-to-date: /home/px4/ros2/ws/install/px4_msgs/local/lib/python3.10/dist-packages/px4_msgs/msg/_rtl_time_estimate.py\n'}
[2.826092] (px4_msgs) StdoutLine: {'line': b'-- Up-to-date: /home/px4/ros2/ws/install/px4_msgs/local/lib/python3.10/dist-packages/px4_msgs/msg/_radio_status_s.c\n'}
[2.826153] (px4_msgs) StdoutLine: {'line': b'-- Up-to-date: /home/px4/ros2/ws/install/px4_msgs/local/lib/python3.10/dist-packages/px4_msgs/msg/_onboard_computer_status_s.c\n'}
[2.826245] (px4_msgs) StdoutLine: {'line': b'-- Up-to-date: /home/px4/ros2/ws/install/px4_msgs/local/lib/python3.10/dist-packages/px4_msgs/msg/_ulog_stream_ack.py\n'}
[2.826325] (px4_msgs) StdoutLine: {'line': b'-- Up-to-date: /home/px4/ros2/ws/install/px4_msgs/local/lib/python3.10/dist-packages/px4_msgs/msg/_orb_test_medium_s.c\n'}
[2.826424] (px4_msgs) StdoutLine: {'line': b'-- Up-to-date: /home/px4/ros2/ws/install/px4_msgs/local/lib/python3.10/dist-packages/px4_msgs/msg/_arming_check_request_s.c\n'}
[2.826490] (px4_msgs) StdoutLine: {'line': b'-- Up-to-date: /home/px4/ros2/ws/install/px4_msgs/local/lib/python3.10/dist-packages/px4_msgs/msg/_sensor_combined_s.c\n'}
[2.826583] (px4_msgs) StdoutLine: {'line': b'-- Up-to-date: /home/px4/ros2/ws/install/px4_msgs/local/lib/python3.10/dist-packages/px4_msgs/msg/_vehicle_local_position_setpoint_s.c\n'}
[2.826660] (px4_msgs) StdoutLine: {'line': b'-- Up-to-date: /home/px4/ros2/ws/install/px4_msgs/local/lib/python3.10/dist-packages/px4_msgs/msg/_gpio_in_s.c\n'}
[2.826723] (px4_msgs) StdoutLine: {'line': b'-- Up-to-date: /home/px4/ros2/ws/install/px4_msgs/local/lib/python3.10/dist-packages/px4_msgs/msg/_sensors_status.py\n'}
[2.826795] (px4_msgs) StdoutLine: {'line': b'-- Up-to-date: /home/px4/ros2/ws/install/px4_msgs/local/lib/python3.10/dist-packages/px4_msgs/msg/_vehicle_angular_acceleration_setpoint_s.c\n'}
[2.826858] (px4_msgs) StdoutLine: {'line': b'-- Up-to-date: /home/px4/ros2/ws/install/px4_msgs/local/lib/python3.10/dist-packages/px4_msgs/msg/_message_format_response_s.c\n'}
[2.826920] (px4_msgs) StdoutLine: {'line': b'-- Up-to-date: /home/px4/ros2/ws/install/px4_msgs/local/lib/python3.10/dist-packages/px4_msgs/msg/_telemetry_status.py\n'}
[2.826985] (px4_msgs) StdoutLine: {'line': b'-- Up-to-date: /home/px4/ros2/ws/install/px4_msgs/local/lib/python3.10/dist-packages/px4_msgs/msg/_heater_status.py\n'}
[2.827049] (px4_msgs) StdoutLine: {'line': b'-- Up-to-date: /home/px4/ros2/ws/install/px4_msgs/local/lib/python3.10/dist-packages/px4_msgs/msg/_collision_constraints_s.c\n'}
[2.827111] (px4_msgs) StdoutLine: {'line': b'-- Up-to-date: /home/px4/ros2/ws/install/px4_msgs/local/lib/python3.10/dist-packages/px4_msgs/msg/_vehicle_angular_velocity.py\n'}
[2.827178] (px4_msgs) StdoutLine: {'line': b'-- Up-to-date: /home/px4/ros2/ws/install/px4_msgs/local/lib/python3.10/dist-packages/px4_msgs/msg/_mavlink_log_s.c\n'}
[2.827280] (px4_msgs) StdoutLine: {'line': b'-- Up-to-date: /home/px4/ros2/ws/install/px4_msgs/local/lib/python3.10/dist-packages/px4_msgs/msg/_lateral_control_configuration_s.c\n'}
[2.827393] (px4_msgs) StdoutLine: {'line': b'-- Up-to-date: /home/px4/ros2/ws/install/px4_msgs/local/lib/python3.10/dist-packages/px4_msgs/msg/_airspeed_s.c\n'}
[2.827490] (px4_msgs) StdoutLine: {'line': b'-- Up-to-date: /home/px4/ros2/ws/install/px4_msgs/local/lib/python3.10/dist-packages/px4_msgs/msg/_flight_phase_estimation_s.c\n'}
[2.827635] (px4_msgs) StdoutLine: {'line': b'-- Up-to-date: /home/px4/ros2/ws/install/px4_msgs/local/lib/python3.10/dist-packages/px4_msgs/msg/_sensor_baro.py\n'}
[2.827733] (px4_msgs) StdoutLine: {'line': b'-- Up-to-date: /home/px4/ros2/ws/install/px4_msgs/local/lib/python3.10/dist-packages/px4_msgs/msg/_message_format_request.py\n'}
[2.827831] (px4_msgs) StdoutLine: {'line': b'-- Up-to-date: /home/px4/ros2/ws/install/px4_msgs/local/lib/python3.10/dist-packages/px4_msgs/msg/_gps_dump.py\n'}
[2.827939] (px4_msgs) StdoutLine: {'line': b'-- Up-to-date: /home/px4/ros2/ws/install/px4_msgs/local/lib/python3.10/dist-packages/px4_msgs/msg/_vehicle_optical_flow.py\n'}
[2.828013] (px4_msgs) StdoutLine: {'line': b'-- Up-to-date: /home/px4/ros2/ws/install/px4_msgs/local/lib/python3.10/dist-packages/px4_msgs/msg/_actuator_servos_s.c\n'}
[2.828087] (px4_msgs) StdoutLine: {'line': b'-- Up-to-date: /home/px4/ros2/ws/install/px4_msgs/local/lib/python3.10/dist-packages/px4_msgs/msg/_actuator_servos_trim.py\n'}
[2.828208] (px4_msgs) StdoutLine: {'line': b'-- Up-to-date: /home/px4/ros2/ws/install/px4_msgs/local/lib/python3.10/dist-packages/px4_msgs/msg/_rover_position_setpoint_s.c\n'}
[2.828457] (px4_msgs) StdoutLine: {'line': b'-- Up-to-date: /home/px4/ros2/ws/install/px4_msgs/local/lib/python3.10/dist-packages/px4_msgs/msg/_orb_test_s.c\n'}
[2.828587] (px4_msgs) StdoutLine: {'line': b'-- Up-to-date: /home/px4/ros2/ws/install/px4_msgs/local/lib/python3.10/dist-packages/px4_msgs/msg/_estimator_gps_status_s.c\n'}
[2.828658] (px4_msgs) StdoutLine: {'line': b'-- Up-to-date: /home/px4/ros2/ws/install/px4_msgs/local/lib/python3.10/dist-packages/px4_msgs/msg/_rc_channels_s.c\n'}
[2.828723] (px4_msgs) StdoutLine: {'line': b'-- Up-to-date: /home/px4/ros2/ws/install/px4_msgs/local/lib/python3.10/dist-packages/px4_msgs/msg/_power_button_state.py\n'}
[2.828815] (px4_msgs) StdoutLine: {'line': b'-- Up-to-date: /home/px4/ros2/ws/install/px4_msgs/local/lib/python3.10/dist-packages/px4_msgs/msg/_adc_report_s.c\n'}
[2.828894] (px4_msgs) StdoutLine: {'line': b'-- Up-to-date: /home/px4/ros2/ws/install/px4_msgs/local/lib/python3.10/dist-packages/px4_msgs/msg/_estimator_bias3d_s.c\n'}
[2.828968] (px4_msgs) StdoutLine: {'line': b'-- Up-to-date: /home/px4/ros2/ws/install/px4_msgs/local/lib/python3.10/dist-packages/px4_msgs/msg/_sensors_status_s.c\n'}
[2.829032] (px4_msgs) StdoutLine: {'line': b'-- Up-to-date: /home/px4/ros2/ws/install/px4_msgs/local/lib/python3.10/dist-packages/px4_msgs/msg/_estimator_selector_status.py\n'}
[2.829095] (px4_msgs) StdoutLine: {'line': b'-- Up-to-date: /home/px4/ros2/ws/install/px4_msgs/local/lib/python3.10/dist-packages/px4_msgs/msg/_home_position_s.c\n'}
[2.829159] (px4_msgs) StdoutLine: {'line': b'-- Up-to-date: /home/px4/ros2/ws/install/px4_msgs/local/lib/python3.10/dist-packages/px4_msgs/msg/_action_request.py\n'}
[2.829248] (px4_msgs) StdoutLine: {'line': b'-- Up-to-date: /home/px4/ros2/ws/install/px4_msgs/local/lib/python3.10/dist-packages/px4_msgs/msg/_rc_parameter_map.py\n'}
[2.829335] (px4_msgs) StdoutLine: {'line': b'-- Up-to-date: /home/px4/ros2/ws/install/px4_msgs/local/lib/python3.10/dist-packages/px4_msgs/msg/_mode_completed.py\n'}
[2.829400] (px4_msgs) StdoutLine: {'line': b'-- Up-to-date: /home/px4/ros2/ws/install/px4_msgs/local/lib/python3.10/dist-packages/px4_msgs/msg/_vehicle_local_position_s.c\n'}
[2.829463] (px4_msgs) StdoutLine: {'line': b'-- Up-to-date: /home/px4/ros2/ws/install/px4_msgs/local/lib/python3.10/dist-packages/px4_msgs/msg/_sensor_accel_s.c\n'}
[2.829527] (px4_msgs) StdoutLine: {'line': b'-- Up-to-date: /home/px4/ros2/ws/install/px4_msgs/local/lib/python3.10/dist-packages/px4_msgs/msg/_camera_capture.py\n'}
[2.829612] (px4_msgs) StdoutLine: {'line': b'-- Up-to-date: /home/px4/ros2/ws/install/px4_msgs/local/lib/python3.10/dist-packages/px4_msgs/msg/_qshell_req_s.c\n'}
[2.829697] (px4_msgs) StdoutLine: {'line': b'-- Up-to-date: /home/px4/ros2/ws/install/px4_msgs/local/lib/python3.10/dist-packages/px4_msgs/msg/_wind_s.c\n'}
[2.829808] (px4_msgs) StdoutLine: {'line': b'-- Up-to-date: /home/px4/ros2/ws/install/px4_msgs/local/lib/python3.10/dist-packages/px4_msgs/msg/_vehicle_constraints.py\n'}
[2.829875] (px4_msgs) StdoutLine: {'line': b'-- Up-to-date: /home/px4/ros2/ws/install/px4_msgs/local/lib/python3.10/dist-packages/px4_msgs/msg/_button_event.py\n'}
[2.829938] (px4_msgs) StdoutLine: {'line': b'-- Up-to-date: /home/px4/ros2/ws/install/px4_msgs/local/lib/python3.10/dist-packages/px4_msgs/msg/_flight_phase_estimation.py\n'}
[2.830001] (px4_msgs) StdoutLine: {'line': b'-- Up-to-date: /home/px4/ros2/ws/install/px4_msgs/local/lib/python3.10/dist-packages/px4_msgs/msg/_landing_gear_wheel.py\n'}
[2.830077] (px4_msgs) StdoutLine: {'line': b'-- Up-to-date: /home/px4/ros2/ws/install/px4_msgs/local/lib/python3.10/dist-packages/px4_msgs/msg/_ulog_stream.py\n'}
[2.830159] (px4_msgs) StdoutLine: {'line': b'-- Up-to-date: /home/px4/ros2/ws/install/px4_msgs/local/lib/python3.10/dist-packages/px4_msgs/msg/_actuator_outputs_s.c\n'}
[2.830275] (px4_msgs) StdoutLine: {'line': b'-- Up-to-date: /home/px4/ros2/ws/install/px4_msgs/local/lib/python3.10/dist-packages/px4_msgs/msg/_vehicle_imu_s.c\n'}
[2.830355] (px4_msgs) StdoutLine: {'line': b'-- Up-to-date: /home/px4/ros2/ws/install/px4_msgs/local/lib/python3.10/dist-packages/px4_msgs/msg/_timesync_status_s.c\n'}
[2.830466] (px4_msgs) StdoutLine: {'line': b'-- Up-to-date: /home/px4/ros2/ws/install/px4_msgs/local/lib/python3.10/dist-packages/px4_msgs/msg/__init__.py\n'}
[2.830544] (px4_msgs) StdoutLine: {'line': b'-- Up-to-date: /home/px4/ros2/ws/install/px4_msgs/local/lib/python3.10/dist-packages/px4_msgs/msg/_obstacle_distance.py\n'}
[2.830626] (px4_msgs) StdoutLine: {'line': b'-- Up-to-date: /home/px4/ros2/ws/install/px4_msgs/local/lib/python3.10/dist-packages/px4_msgs/msg/_neural_control.py\n'}
[2.830706] (px4_msgs) StdoutLine: {'line': b'-- Up-to-date: /home/px4/ros2/ws/install/px4_msgs/local/lib/python3.10/dist-packages/px4_msgs/msg/_rover_attitude_status.py\n'}
[2.830788] (px4_msgs) StdoutLine: {'line': b'-- Up-to-date: /home/px4/ros2/ws/install/px4_msgs/local/lib/python3.10/dist-packages/px4_msgs/msg/_open_drone_id_operator_id_s.c\n'}
[2.830924] (px4_msgs) StdoutLine: {'line': b'-- Up-to-date: /home/px4/ros2/ws/install/px4_msgs/local/lib/python3.10/dist-packages/px4_msgs/msg/_sensor_gyro_fft.py\n'}
[2.831028] (px4_msgs) StdoutLine: {'line': b'-- Up-to-date: /home/px4/ros2/ws/install/px4_msgs/local/lib/python3.10/dist-packages/px4_msgs/msg/_logger_status.py\n'}
[2.831127] (px4_msgs) StdoutLine: {'line': b'-- Up-to-date: /home/px4/ros2/ws/install/px4_msgs/local/lib/python3.10/dist-packages/px4_msgs/msg/_pwm_input.py\n'}
[2.831319] (px4_msgs) StdoutLine: {'line': b'-- Up-to-date: /home/px4/ros2/ws/install/px4_msgs/local/lib/python3.10/dist-packages/px4_msgs/msg/_takeoff_status.py\n'}
[2.831481] (px4_msgs) StdoutLine: {'line': b'-- Up-to-date: /home/px4/ros2/ws/install/px4_msgs/local/lib/python3.10/dist-packages/px4_msgs/msg/_rc_parameter_map_s.c\n'}
[2.831690] (px4_msgs) StdoutLine: {'line': b'-- Up-to-date: /home/px4/ros2/ws/install/px4_msgs/local/lib/python3.10/dist-packages/px4_msgs/msg/_vehicle_roi_s.c\n'}
[2.831798] (px4_msgs) StdoutLine: {'line': b'-- Up-to-date: /home/px4/ros2/ws/install/px4_msgs/local/lib/python3.10/dist-packages/px4_msgs/msg/_esc_report_s.c\n'}
[2.831905] (px4_msgs) StdoutLine: {'line': b'-- Up-to-date: /home/px4/ros2/ws/install/px4_msgs/local/lib/python3.10/dist-packages/px4_msgs/msg/_actuator_outputs.py\n'}
[2.832009] (px4_msgs) StdoutLine: {'line': b'-- Up-to-date: /home/px4/ros2/ws/install/px4_msgs/local/lib/python3.10/dist-packages/px4_msgs/msg/_rover_rate_setpoint_s.c\n'}
[2.832109] (px4_msgs) StdoutLine: {'line': b'-- Up-to-date: /home/px4/ros2/ws/install/px4_msgs/local/lib/python3.10/dist-packages/px4_msgs/msg/_vehicle_local_position_setpoint.py\n'}
[2.832239] (px4_msgs) StdoutLine: {'line': b'-- Up-to-date: /home/px4/ros2/ws/install/px4_msgs/local/lib/python3.10/dist-packages/px4_msgs/msg/_rtl_status.py\n'}
[2.832363] (px4_msgs) StdoutLine: {'line': b'-- Up-to-date: /home/px4/ros2/ws/install/px4_msgs/local/lib/python3.10/dist-packages/px4_msgs/msg/_battery_info.py\n'}
[2.832470] (px4_msgs) StdoutLine: {'line': b'-- Up-to-date: /home/px4/ros2/ws/install/px4_msgs/local/lib/python3.10/dist-packages/px4_msgs/msg/_estimator_states.py\n'}
[2.832579] (px4_msgs) StdoutLine: {'line': b'-- Up-to-date: /home/px4/ros2/ws/install/px4_msgs/local/lib/python3.10/dist-packages/px4_msgs/msg/_camera_trigger.py\n'}
[2.832774] (px4_msgs) StdoutLine: {'line': b'-- Up-to-date: /home/px4/ros2/ws/install/px4_msgs/local/lib/python3.10/dist-packages/px4_msgs/msg/_vehicle_roi.py\n'}
[2.832906] (px4_msgs) StdoutLine: {'line': b'-- Up-to-date: /home/px4/ros2/ws/install/px4_msgs/local/lib/python3.10/dist-packages/px4_msgs/msg/_vehicle_acceleration_s.c\n'}
[2.833069] (px4_msgs) StdoutLine: {'line': b'-- Up-to-date: /home/px4/ros2/ws/install/px4_msgs/local/lib/python3.10/dist-packages/px4_msgs/msg/_debug_value.py\n'}
[2.833169] (px4_msgs) StdoutLine: {'line': b'-- Up-to-date: /home/px4/ros2/ws/install/px4_msgs/local/lib/python3.10/dist-packages/px4_msgs/msg/_landing_target_innovations.py\n'}
[2.833292] (px4_msgs) StdoutLine: {'line': b'-- Up-to-date: /home/px4/ros2/ws/install/px4_msgs/local/lib/python3.10/dist-packages/px4_msgs/msg/_vehicle_torque_setpoint_s.c\n'}
[2.833453] (px4_msgs) StdoutLine: {'line': b'-- Up-to-date: /home/px4/ros2/ws/install/px4_msgs/local/lib/python3.10/dist-packages/px4_msgs/msg/_led_control.py\n'}
[2.833570] (px4_msgs) StdoutLine: {'line': b'-- Up-to-date: /home/px4/ros2/ws/install/px4_msgs/local/lib/python3.10/dist-packages/px4_msgs/msg/_normalized_unsigned_setpoint.py\n'}
[2.833715] (px4_msgs) StdoutLine: {'line': b'-- Up-to-date: /home/px4/ros2/ws/install/px4_msgs/local/lib/python3.10/dist-packages/px4_msgs/msg/_ekf2_timestamps_s.c\n'}
[2.833861] (px4_msgs) StdoutLine: {'line': b'-- Up-to-date: /home/px4/ros2/ws/install/px4_msgs/local/lib/python3.10/dist-packages/px4_msgs/msg/_debug_array.py\n'}
[2.834015] (px4_msgs) StdoutLine: {'line': b'-- Up-to-date: /home/px4/ros2/ws/install/px4_msgs/local/lib/python3.10/dist-packages/px4_msgs/msg/_rover_rate_setpoint.py\n'}
[2.834131] (px4_msgs) StdoutLine: {'line': b'-- Up-to-date: /home/px4/ros2/ws/install/px4_msgs/local/lib/python3.10/dist-packages/px4_msgs/msg/_dataman_response_s.c\n'}
[2.834235] (px4_msgs) StdoutLine: {'line': b'-- Up-to-date: /home/px4/ros2/ws/install/px4_msgs/local/lib/python3.10/dist-packages/px4_msgs/msg/_sensor_accel_fifo_s.c\n'}
[2.834353] (px4_msgs) StdoutLine: {'line': b'-- Up-to-date: /home/px4/ros2/ws/install/px4_msgs/local/lib/python3.10/dist-packages/px4_msgs/msg/_debug_vect_s.c\n'}
[2.834492] (px4_msgs) StdoutLine: {'line': b'-- Up-to-date: /home/px4/ros2/ws/install/px4_msgs/local/lib/python3.10/dist-packages/px4_msgs/msg/_cpuload.py\n'}
[2.834588] (px4_msgs) StdoutLine: {'line': b'-- Up-to-date: /home/px4/ros2/ws/install/px4_msgs/local/lib/python3.10/dist-packages/px4_msgs/msg/_dataman_request_s.c\n'}
[2.834665] (px4_msgs) StdoutLine: {'line': b'-- Up-to-date: /home/px4/ros2/ws/install/px4_msgs/local/lib/python3.10/dist-packages/px4_msgs/msg/_velocity_limits.py\n'}
[2.834729] (px4_msgs) StdoutLine: {'line': b'-- Up-to-date: /home/px4/ros2/ws/install/px4_msgs/local/lib/python3.10/dist-packages/px4_msgs/msg/_estimator_innovations.py\n'}
[2.834813] (px4_msgs) StdoutLine: {'line': b'-- Up-to-date: /home/px4/ros2/ws/install/px4_msgs/local/lib/python3.10/dist-packages/px4_msgs/msg/_gpio_out.py\n'}
[2.834936] (px4_msgs) StdoutLine: {'line': b'-- Up-to-date: /home/px4/ros2/ws/install/px4_msgs/local/lib/python3.10/dist-packages/px4_msgs/msg/_orb_test_large_s.c\n'}
[2.835042] (px4_msgs) StdoutLine: {'line': b'-- Up-to-date: /home/px4/ros2/ws/install/px4_msgs/local/lib/python3.10/dist-packages/px4_msgs/msg/_gimbal_device_information.py\n'}
[2.835138] (px4_msgs) StdoutLine: {'line': b'-- Up-to-date: /home/px4/ros2/ws/install/px4_msgs/local/lib/python3.10/dist-packages/px4_msgs/msg/_vehicle_status_s.c\n'}
[2.835278] (px4_msgs) StdoutLine: {'line': b'-- Up-to-date: /home/px4/ros2/ws/install/px4_msgs/local/lib/python3.10/dist-packages/px4_msgs/msg/_fixed_wing_lateral_status_s.c\n'}
[2.835393] (px4_msgs) StdoutLine: {'line': b'-- Up-to-date: /home/px4/ros2/ws/install/px4_msgs/local/lib/python3.10/dist-packages/px4_msgs/msg/_debug_value_s.c\n'}
[2.835486] (px4_msgs) StdoutLine: {'line': b'-- Up-to-date: /home/px4/ros2/ws/install/px4_msgs/local/lib/python3.10/dist-packages/px4_msgs/msg/_navigator_mission_item.py\n'}
[2.835579] (px4_msgs) StdoutLine: {'line': b'-- Up-to-date: /home/px4/ros2/ws/install/px4_msgs/local/lib/python3.10/dist-packages/px4_msgs/msg/_actuator_controls_status.py\n'}
[2.835689] (px4_msgs) StdoutLine: {'line': b'-- Up-to-date: /home/px4/ros2/ws/install/px4_msgs/local/lib/python3.10/dist-packages/px4_msgs/msg/_vehicle_rates_setpoint_s.c\n'}
[2.835792] (px4_msgs) StdoutLine: {'line': b'-- Up-to-date: /home/px4/ros2/ws/install/px4_msgs/local/lib/python3.10/dist-packages/px4_msgs/msg/_vehicle_control_mode.py\n'}
[2.835882] (px4_msgs) StdoutLine: {'line': b'-- Up-to-date: /home/px4/ros2/ws/install/px4_msgs/local/lib/python3.10/dist-packages/px4_msgs/msg/_sensor_preflight_mag.py\n'}
[2.836024] (px4_msgs) StdoutLine: {'line': b'-- Up-to-date: /home/px4/ros2/ws/install/px4_msgs/local/lib/python3.10/dist-packages/px4_msgs/msg/_gimbal_controls.py\n'}
[2.836209] (px4_msgs) StdoutLine: {'line': b'-- Up-to-date: /home/px4/ros2/ws/install/px4_msgs/local/lib/python3.10/dist-packages/px4_msgs/msg/_heater_status_s.c\n'}
[2.836352] (px4_msgs) StdoutLine: {'line': b'-- Up-to-date: /home/px4/ros2/ws/install/px4_msgs/local/lib/python3.10/dist-packages/px4_msgs/msg/_tune_control_s.c\n'}
[2.836464] (px4_msgs) StdoutLine: {'line': b'-- Up-to-date: /home/px4/ros2/ws/install/px4_msgs/local/lib/python3.10/dist-packages/px4_msgs/msg/_pps_capture_s.c\n'}
[2.836628] (px4_msgs) StdoutLine: {'line': b'-- Up-to-date: /home/px4/ros2/ws/install/px4_msgs/local/lib/python3.10/dist-packages/px4_msgs/msg/_uavcan_parameter_value_s.c\n'}
[2.836713] (px4_msgs) StdoutLine: {'line': b'-- Up-to-date: /home/px4/ros2/ws/install/px4_msgs/local/lib/python3.10/dist-packages/px4_msgs/msg/_input_rc.py\n'}
[2.836799] (px4_msgs) StdoutLine: {'line': b'-- Up-to-date: /home/px4/ros2/ws/install/px4_msgs/local/lib/python3.10/dist-packages/px4_msgs/msg/_action_request_s.c\n'}
[2.836886] (px4_msgs) StdoutLine: {'line': b'-- Up-to-date: /home/px4/ros2/ws/install/px4_msgs/local/lib/python3.10/dist-packages/px4_msgs/msg/_geofence_result.py\n'}
[2.836988] (px4_msgs) StdoutLine: {'line': b'-- Up-to-date: /home/px4/ros2/ws/install/px4_msgs/local/lib/python3.10/dist-packages/px4_msgs/msg/_sensor_accel.py\n'}
[2.837059] (px4_msgs) StdoutLine: {'line': b'-- Up-to-date: /home/px4/ros2/ws/install/px4_msgs/local/lib/python3.10/dist-packages/px4_msgs/msg/_timesync_status.py\n'}
[2.837123] (px4_msgs) StdoutLine: {'line': b'-- Up-to-date: /home/px4/ros2/ws/install/px4_msgs/local/lib/python3.10/dist-packages/px4_msgs/msg/_airspeed_validated_s.c\n'}
[2.837202] (px4_msgs) StdoutLine: {'line': b'-- Up-to-date: /home/px4/ros2/ws/install/px4_msgs/local/lib/python3.10/dist-packages/px4_msgs/msg/_adc_report.py\n'}
[2.837321] (px4_msgs) StdoutLine: {'line': b'-- Up-to-date: /home/px4/ros2/ws/install/px4_msgs/local/lib/python3.10/dist-packages/px4_msgs/msg/_vehicle_odometry.py\n'}
[2.837390] (px4_msgs) StdoutLine: {'line': b'-- Up-to-date: /home/px4/ros2/ws/install/px4_msgs/local/lib/python3.10/dist-packages/px4_msgs/msg/_internal_combustion_engine_control_s.c\n'}
[2.837460] (px4_msgs) StdoutLine: {'line': b'-- Up-to-date: /home/px4/ros2/ws/install/px4_msgs/local/lib/python3.10/dist-packages/px4_msgs/msg/_sensor_uwb_s.c\n'}
[2.837526] (px4_msgs) StdoutLine: {'line': b'-- Up-to-date: /home/px4/ros2/ws/install/px4_msgs/local/lib/python3.10/dist-packages/px4_msgs/msg/_rover_attitude_status_s.c\n'}
[2.837615] (px4_msgs) StdoutLine: {'line': b'-- Up-to-date: /home/px4/ros2/ws/install/px4_msgs/local/lib/python3.10/dist-packages/px4_msgs/msg/_sensor_mag_s.c\n'}
[2.837687] (px4_msgs) StdoutLine: {'line': b'-- Up-to-date: /home/px4/ros2/ws/install/px4_msgs/local/lib/python3.10/dist-packages/px4_msgs/msg/_estimator_aid_source3d_s.c\n'}
[2.837753] (px4_msgs) StdoutLine: {'line': b'-- Up-to-date: /home/px4/ros2/ws/install/px4_msgs/local/lib/python3.10/dist-packages/px4_msgs/msg/_internal_combustion_engine_status.py\n'}
[2.837819] (px4_msgs) StdoutLine: {'line': b'-- Up-to-date: /home/px4/ros2/ws/install/px4_msgs/local/lib/python3.10/dist-packages/px4_msgs/msg/_parameter_set_value_request_s.c\n'}
[2.837881] (px4_msgs) StdoutLine: {'line': b'-- Up-to-date: /home/px4/ros2/ws/install/px4_msgs/local/lib/python3.10/dist-packages/px4_msgs/msg/_gps_inject_data.py\n'}
[2.837944] (px4_msgs) StdoutLine: {'line': b'-- Up-to-date: /home/px4/ros2/ws/install/px4_msgs/local/lib/python3.10/dist-packages/px4_msgs/msg/_sensor_hygrometer.py\n'}
[2.838007] (px4_msgs) StdoutLine: {'line': b'-- Up-to-date: /home/px4/ros2/ws/install/px4_msgs/local/lib/python3.10/dist-packages/px4_msgs/msg/_follow_target_estimator.py\n'}
[2.838123] (px4_msgs) StdoutLine: {'line': b'-- Up-to-date: /home/px4/ros2/ws/install/px4_msgs/local/lib/python3.10/dist-packages/px4_msgs/msg/_unregister_ext_component.py\n'}
[2.838204] (px4_msgs) StdoutLine: {'line': b'-- Up-to-date: /home/px4/ros2/ws/install/px4_msgs/local/lib/python3.10/dist-packages/px4_msgs/msg/_yaw_estimator_status_s.c\n'}
[2.838308] (px4_msgs) StdoutLine: {'line': b'-- Up-to-date: /home/px4/ros2/ws/install/px4_msgs/local/lib/python3.10/dist-packages/px4_msgs/msg/_rpm.py\n'}
[2.838437] (px4_msgs) StdoutLine: {'line': b'-- Up-to-date: /home/px4/ros2/ws/install/px4_msgs/local/lib/python3.10/dist-packages/px4_msgs/msg/_mode_completed_s.c\n'}
[2.838514] (px4_msgs) StdoutLine: {'line': b'-- Up-to-date: /home/px4/ros2/ws/install/px4_msgs/local/lib/python3.10/dist-packages/px4_msgs/msg/_sensor_uwb.py\n'}
[2.838579] (px4_msgs) StdoutLine: {'line': b'-- Up-to-date: /home/px4/ros2/ws/install/px4_msgs/local/lib/python3.10/dist-packages/px4_msgs/msg/_geofence_status.py\n'}
[2.838660] (px4_msgs) StdoutLine: {'line': b'-- Up-to-date: /home/px4/ros2/ws/install/px4_msgs/local/lib/python3.10/dist-packages/px4_msgs/msg/_rover_velocity_status.py\n'}
[2.838735] (px4_msgs) StdoutLine: {'line': b'-- Up-to-date: /home/px4/ros2/ws/install/px4_msgs/local/lib/python3.10/dist-packages/px4_msgs/msg/_open_drone_id_arm_status_s.c\n'}
[2.838813] (px4_msgs) StdoutLine: {'line': b'-- Up-to-date: /home/px4/ros2/ws/install/px4_msgs/local/lib/python3.10/dist-packages/px4_msgs/msg/_transponder_report_s.c\n'}
[2.838918] (px4_msgs) StdoutLine: {'line': b'-- Up-to-date: /home/px4/ros2/ws/install/px4_msgs/local/lib/python3.10/dist-packages/px4_msgs/msg/_arming_check_request.py\n'}
[2.839020] (px4_msgs) StdoutLine: {'line': b'-- Up-to-date: /home/px4/ros2/ws/install/px4_msgs/local/lib/python3.10/dist-packages/px4_msgs/msg/_fixed_wing_runway_control_s.c\n'}
[2.839121] (px4_msgs) StdoutLine: {'line': b'-- Up-to-date: /home/px4/ros2/ws/install/px4_msgs/local/lib/python3.10/dist-packages/px4_msgs/msg/_message_format_response.py\n'}
[2.839239] (px4_msgs) StdoutLine: {'line': b'-- Up-to-date: /home/px4/ros2/ws/install/px4_msgs/local/lib/python3.10/dist-packages/px4_msgs/msg/_obstacle_distance_s.c\n'}
[2.839384] (px4_msgs) StdoutLine: {'line': b'-- Up-to-date: /home/px4/ros2/ws/install/px4_msgs/local/lib/python3.10/dist-packages/px4_msgs/msg/_landing_gear_wheel_s.c\n'}
[2.839460] (px4_msgs) StdoutLine: {'line': b'-- Up-to-date: /home/px4/ros2/ws/install/px4_msgs/local/lib/python3.10/dist-packages/px4_msgs/msg/_actuator_servos.py\n'}
[2.839529] (px4_msgs) StdoutLine: {'line': b'-- Up-to-date: /home/px4/ros2/ws/install/px4_msgs/local/lib/python3.10/dist-packages/px4_msgs/msg/_gimbal_manager_information.py\n'}
[2.839630] (px4_msgs) StdoutLine: {'line': b'-- Up-to-date: /home/px4/ros2/ws/install/px4_msgs/local/lib/python3.10/dist-packages/px4_msgs/msg/_wind.py\n'}
[2.839739] (px4_msgs) StdoutLine: {'line': b'-- Up-to-date: /home/px4/ros2/ws/install/px4_msgs/local/lib/python3.10/dist-packages/px4_msgs/msg/_vehicle_attitude_setpoint_s.c\n'}
[2.839832] (px4_msgs) StdoutLine: {'line': b'-- Up-to-date: /home/px4/ros2/ws/install/px4_msgs/local/lib/python3.10/dist-packages/px4_msgs/msg/_iridiumsbd_status_s.c\n'}
[2.839907] (px4_msgs) StdoutLine: {'line': b'-- Up-to-date: /home/px4/ros2/ws/install/px4_msgs/local/lib/python3.10/dist-packages/px4_msgs/msg/_ulog_stream_s.c\n'}
[2.839998] (px4_msgs) StdoutLine: {'line': b'-- Up-to-date: /home/px4/ros2/ws/install/px4_msgs/local/lib/python3.10/dist-packages/px4_msgs/msg/_sensor_correction.py\n'}
[2.840065] (px4_msgs) StdoutLine: {'line': b'-- Up-to-date: /home/px4/ros2/ws/install/px4_msgs/local/lib/python3.10/dist-packages/px4_msgs/msg/_dataman_response.py\n'}
[2.840138] (px4_msgs) StdoutLine: {'line': b'-- Up-to-date: /home/px4/ros2/ws/install/px4_msgs/local/lib/python3.10/dist-packages/px4_msgs/msg/_estimator_states_s.c\n'}
[2.840244] (px4_msgs) StdoutLine: {'line': b'-- Up-to-date: /home/px4/ros2/ws/install/px4_msgs/local/lib/python3.10/dist-packages/px4_msgs/msg/_orb_test_large.py\n'}
[2.840371] (px4_msgs) StdoutLine: {'line': b'-- Up-to-date: /home/px4/ros2/ws/install/px4_msgs/local/lib/python3.10/dist-packages/px4_msgs/msg/_camera_status.py\n'}
[2.840561] (px4_msgs) StdoutLine: {'line': b'-- Up-to-date: /home/px4/ros2/ws/install/px4_msgs/local/lib/python3.10/dist-packages/px4_msgs/msg/_sensor_gnss_relative.py\n'}
[2.840710] (px4_msgs) StdoutLine: {'line': b'-- Up-to-date: /home/px4/ros2/ws/install/px4_msgs/local/lib/python3.10/dist-packages/px4_msgs/msg/_task_stack_info.py\n'}
[2.840857] (px4_msgs) StdoutLine: {'line': b'-- Up-to-date: /home/px4/ros2/ws/install/px4_msgs/local/lib/python3.10/dist-packages/px4_msgs/msg/_manual_control_switches_s.c\n'}
[2.840959] (px4_msgs) StdoutLine: {'line': b'-- Up-to-date: /home/px4/ros2/ws/install/px4_msgs/local/lib/python3.10/dist-packages/px4_msgs/msg/_gpio_request_s.c\n'}
[2.841036] (px4_msgs) StdoutLine: {'line': b'-- Up-to-date: /home/px4/ros2/ws/install/px4_msgs/local/lib/python3.10/dist-packages/px4_msgs/msg/_led_control_s.c\n'}
[2.841107] (px4_msgs) StdoutLine: {'line': b'-- Up-to-date: /home/px4/ros2/ws/install/px4_msgs/local/lib/python3.10/dist-packages/px4_msgs/msg/_sensor_optical_flow_s.c\n'}
[2.841271] (px4_msgs) StdoutLine: {'line': b'-- Up-to-date: /home/px4/ros2/ws/install/px4_msgs/local/lib/python3.10/dist-packages/px4_msgs/msg/_vehicle_acceleration.py\n'}
[2.841365] (px4_msgs) StdoutLine: {'line': b'-- Up-to-date: /home/px4/ros2/ws/install/px4_msgs/local/lib/python3.10/dist-packages/px4_msgs/msg/_vehicle_angular_velocity_s.c\n'}
[2.841434] (px4_msgs) StdoutLine: {'line': b'-- Up-to-date: /home/px4/ros2/ws/install/px4_msgs/local/lib/python3.10/dist-packages/px4_msgs/msg/_failure_detector_status_s.c\n'}
[2.841531] (px4_msgs) StdoutLine: {'line': b'-- Up-to-date: /home/px4/ros2/ws/install/px4_msgs/local/lib/python3.10/dist-packages/px4_msgs/msg/_vehicle_optical_flow_vel.py\n'}
[2.841694] (px4_msgs) StdoutLine: {'line': b'-- Up-to-date: /home/px4/ros2/ws/install/px4_msgs/local/lib/python3.10/dist-packages/px4_msgs/msg/_sensor_mag.py\n'}
[2.841822] (px4_msgs) StdoutLine: {'line': b'-- Up-to-date: /home/px4/ros2/ws/install/px4_msgs/local/lib/python3.10/dist-packages/px4_msgs/msg/_rc_channels.py\n'}
[2.841934] (px4_msgs) StdoutLine: {'line': b'-- Up-to-date: /home/px4/ros2/ws/install/px4_msgs/local/lib/python3.10/dist-packages/px4_msgs/msg/_vehicle_optical_flow_vel_s.c\n'}
[2.842036] (px4_msgs) StdoutLine: {'line': b'-- Up-to-date: /home/px4/ros2/ws/install/px4_msgs/local/lib/python3.10/dist-packages/px4_msgs/msg/_normalized_unsigned_setpoint_s.c\n'}
[2.842138] (px4_msgs) StdoutLine: {'line': b'-- Up-to-date: /home/px4/ros2/ws/install/px4_msgs/local/lib/python3.10/dist-packages/px4_msgs/msg/_config_overrides.py\n'}
[2.842247] (px4_msgs) StdoutLine: {'line': b'-- Up-to-date: /home/px4/ros2/ws/install/px4_msgs/local/lib/python3.10/dist-packages/px4_msgs/msg/_uavcan_parameter_value.py\n'}
[2.842328] (px4_msgs) StdoutLine: {'line': b'-- Up-to-date: /home/px4/ros2/ws/install/px4_msgs/local/lib/python3.10/dist-packages/px4_msgs/msg/_debug_vect.py\n'}
[2.842402] (px4_msgs) StdoutLine: {'line': b'-- Up-to-date: /home/px4/ros2/ws/install/px4_msgs/local/lib/python3.10/dist-packages/px4_msgs/msg/_gimbal_manager_set_attitude_s.c\n'}
[2.842595] (px4_msgs) StdoutLine: {'line': b'-- Up-to-date: /home/px4/ros2/ws/install/px4_msgs/local/lib/python3.10/dist-packages/px4_msgs/msg/_sensor_airflow.py\n'}
[2.842720] (px4_msgs) StdoutLine: {'line': b'-- Up-to-date: /home/px4/ros2/ws/install/px4_msgs/local/lib/python3.10/dist-packages/px4_msgs/msg/_event.py\n'}
[2.842833] (px4_msgs) StdoutLine: {'line': b'-- Up-to-date: /home/px4/ros2/ws/install/px4_msgs/local/lib/python3.10/dist-packages/px4_msgs/msg/_mount_orientation_s.c\n'}
[2.842961] (px4_msgs) StdoutLine: {'line': b'-- Up-to-date: /home/px4/ros2/ws/install/px4_msgs/local/lib/python3.10/dist-packages/px4_msgs/msg/_fixed_wing_longitudinal_setpoint_s.c\n'}
[2.843082] (px4_msgs) StdoutLine: {'line': b'-- Up-to-date: /home/px4/ros2/ws/install/px4_msgs/local/lib/python3.10/dist-packages/px4_msgs/msg/_camera_trigger_s.c\n'}
[2.843259] (px4_msgs) StdoutLine: {'line': b'-- Up-to-date: /home/px4/ros2/ws/install/px4_msgs/local/lib/python3.10/dist-packages/px4_msgs/msg/_ping_s.c\n'}
[2.843431] (px4_msgs) StdoutLine: {'line': b'-- Up-to-date: /home/px4/ros2/ws/install/px4_msgs/local/lib/python3.10/dist-packages/px4_msgs/msg/_actuator_test_s.c\n'}
[2.843538] (px4_msgs) StdoutLine: {'line': b'-- Up-to-date: /home/px4/ros2/ws/install/px4_msgs/local/lib/python3.10/dist-packages/px4_msgs/msg/_gimbal_device_set_attitude_s.c\n'}
[2.843619] (px4_msgs) StdoutLine: {'line': b'-- Up-to-date: /home/px4/ros2/ws/install/px4_msgs/local/lib/python3.10/dist-packages/px4_msgs/msg/_gps_dump_s.c\n'}
[2.843775] (px4_msgs) StdoutLine: {'line': b'-- Up-to-date: /home/px4/ros2/ws/install/px4_msgs/local/lib/python3.10/dist-packages/px4_msgs/msg/_geofence_status_s.c\n'}
[2.843890] (px4_msgs) StdoutLine: {'line': b'-- Up-to-date: /home/px4/ros2/ws/install/px4_msgs/local/lib/python3.10/dist-packages/px4_msgs/msg/_arming_check_reply.py\n'}
[2.843995] (px4_msgs) StdoutLine: {'line': b'-- Up-to-date: /home/px4/ros2/ws/install/px4_msgs/local/lib/python3.10/dist-packages/px4_msgs/msg/_system_power_s.c\n'}
[2.844104] (px4_msgs) StdoutLine: {'line': b'-- Up-to-date: /home/px4/ros2/ws/install/px4_msgs/local/lib/python3.10/dist-packages/px4_msgs/msg/_vehicle_land_detected_s.c\n'}
[2.844345] (px4_msgs) StdoutLine: {'line': b'-- Up-to-date: /home/px4/ros2/ws/install/px4_msgs/local/lib/python3.10/dist-packages/px4_msgs/msg/_parameter_reset_request_s.c\n'}
[2.844484] (px4_msgs) StdoutLine: {'line': b'-- Up-to-date: /home/px4/ros2/ws/install/px4_msgs/local/lib/python3.10/dist-packages/px4_msgs/msg/_health_report.py\n'}
[2.844593] (px4_msgs) StdoutLine: {'line': b'-- Up-to-date: /home/px4/ros2/ws/install/px4_msgs/local/lib/python3.10/dist-packages/px4_msgs/msg/_manual_control_switches.py\n'}
[2.844752] (px4_msgs) StdoutLine: {'line': b'-- Up-to-date: /home/px4/ros2/ws/install/px4_msgs/local/lib/python3.10/dist-packages/px4_msgs/msg/_px4io_status_s.c\n'}
[2.844861] (px4_msgs) StdoutLine: {'line': b'-- Up-to-date: /home/px4/ros2/ws/install/px4_msgs/local/lib/python3.10/dist-packages/px4_msgs/msg/_vehicle_command.py\n'}
[2.844955] (px4_msgs) StdoutLine: {'line': b'-- Up-to-date: /home/px4/ros2/ws/install/px4_msgs/local/lib/python3.10/dist-packages/px4_msgs/msg/_sensor_gyro.py\n'}
[2.845024] (px4_msgs) StdoutLine: {'line': b'-- Up-to-date: /home/px4/ros2/ws/install/px4_msgs/local/lib/python3.10/dist-packages/px4_msgs/msg/_tiltrotor_extra_controls.py\n'}
[2.845091] (px4_msgs) StdoutLine: {'line': b'-- Up-to-date: /home/px4/ros2/ws/install/px4_msgs/local/lib/python3.10/dist-packages/px4_msgs/msg/_gimbal_device_set_attitude.py\n'}
[2.845157] (px4_msgs) StdoutLine: {'line': b'-- Up-to-date: /home/px4/ros2/ws/install/px4_msgs/local/lib/python3.10/dist-packages/px4_msgs/msg/_gimbal_manager_set_attitude.py\n'}
[2.845304] (px4_msgs) StdoutLine: {'line': b'-- Up-to-date: /home/px4/ros2/ws/install/px4_msgs/local/lib/python3.10/dist-packages/px4_msgs/msg/_gimbal_device_information_s.c\n'}
[2.845396] (px4_msgs) StdoutLine: {'line': b'-- Up-to-date: /home/px4/ros2/ws/install/px4_msgs/local/lib/python3.10/dist-packages/px4_msgs/msg/_rover_velocity_setpoint_s.c\n'}
[2.845466] (px4_msgs) StdoutLine: {'line': b'-- Up-to-date: /home/px4/ros2/ws/install/px4_msgs/local/lib/python3.10/dist-packages/px4_msgs/msg/_radio_status.py\n'}
[2.845581] (px4_msgs) StdoutLine: {'line': b'-- Up-to-date: /home/px4/ros2/ws/install/px4_msgs/local/lib/python3.10/dist-packages/px4_msgs/msg/_cellular_status_s.c\n'}
[2.845649] (px4_msgs) StdoutLine: {'line': b'-- Up-to-date: /home/px4/ros2/ws/install/px4_msgs/local/lib/python3.10/dist-packages/px4_msgs/msg/_orbit_status_s.c\n'}
[2.845712] (px4_msgs) StdoutLine: {'line': b'-- Up-to-date: /home/px4/ros2/ws/install/px4_msgs/local/lib/python3.10/dist-packages/px4_msgs/msg/_landing_gear.py\n'}
[2.845804] (px4_msgs) StdoutLine: {'line': b'-- Up-to-date: /home/px4/ros2/ws/install/px4_msgs/local/lib/python3.10/dist-packages/px4_msgs/msg/_rover_steering_setpoint.py\n'}
[2.845873] (px4_msgs) StdoutLine: {'line': b'-- Up-to-date: /home/px4/ros2/ws/install/px4_msgs/local/lib/python3.10/dist-packages/px4_msgs/msg/_vehicle_constraints_s.c\n'}
[2.845937] (px4_msgs) StdoutLine: {'line': b'-- Up-to-date: /home/px4/ros2/ws/install/px4_msgs/local/lib/python3.10/dist-packages/px4_msgs/msg/_battery_status_s.c\n'}
[2.846029] (px4_msgs) StdoutLine: {'line': b'-- Up-to-date: /home/px4/ros2/ws/install/px4_msgs/local/lib/python3.10/dist-packages/px4_msgs/msg/_control_allocator_status_s.c\n'}
[2.846093] (px4_msgs) StdoutLine: {'line': b'-- Up-to-date: /home/px4/ros2/ws/install/px4_msgs/local/lib/python3.10/dist-packages/px4_msgs/msg/_estimator_sensor_bias.py\n'}
[2.846155] (px4_msgs) StdoutLine: {'line': b'-- Up-to-date: /home/px4/ros2/ws/install/px4_msgs/local/lib/python3.10/dist-packages/px4_msgs/msg/_actuator_motors_s.c\n'}
[2.846239] (px4_msgs) StdoutLine: {'line': b'-- Up-to-date: /home/px4/ros2/ws/install/px4_msgs/local/lib/python3.10/dist-packages/px4_msgs/msg/_battery_info_s.c\n'}
[2.846312] (px4_msgs) StdoutLine: {'line': b'-- Up-to-date: /home/px4/ros2/ws/install/px4_msgs/local/lib/python3.10/dist-packages/px4_msgs/msg/_mag_worker_data.py\n'}
[2.846389] (px4_msgs) StdoutLine: {'line': b'-- Up-to-date: /home/px4/ros2/ws/install/px4_msgs/local/lib/python3.10/dist-packages/px4_msgs/msg/_trajectory_setpoint6dof_s.c\n'}
[2.846453] (px4_msgs) StdoutLine: {'line': b'-- Up-to-date: /home/px4/ros2/ws/install/px4_msgs/local/lib/python3.10/dist-packages/px4_msgs/msg/_navigator_status.py\n'}
[2.846515] (px4_msgs) StdoutLine: {'line': b'-- Up-to-date: /home/px4/ros2/ws/install/px4_msgs/local/lib/python3.10/dist-packages/px4_msgs/msg/_gpio_in.py\n'}
[2.846577] (px4_msgs) StdoutLine: {'line': b'-- Up-to-date: /home/px4/ros2/ws/install/px4_msgs/local/lib/python3.10/dist-packages/px4_msgs/msg/_message_format_request_s.c\n'}
[2.846637] (px4_msgs) StdoutLine: {'line': b'-- Up-to-date: /home/px4/ros2/ws/install/px4_msgs/local/lib/python3.10/dist-packages/px4_msgs/msg/_rover_rate_status.py\n'}
[2.846700] (px4_msgs) StdoutLine: {'line': b'-- Up-to-date: /home/px4/ros2/ws/install/px4_msgs/local/lib/python3.10/dist-packages/px4_msgs/msg/_parameter_update_s.c\n'}
[2.846792] (px4_msgs) StdoutLine: {'line': b'-- Up-to-date: /home/px4/ros2/ws/install/px4_msgs/local/lib/python3.10/dist-packages/px4_msgs/msg/_manual_control_setpoint.py\n'}
[2.846877] (px4_msgs) StdoutLine: {'line': b'-- Up-to-date: /home/px4/ros2/ws/install/px4_msgs/local/lib/python3.10/dist-packages/px4_msgs/msg/_vehicle_attitude_setpoint.py\n'}
[2.846952] (px4_msgs) StdoutLine: {'line': b'-- Up-to-date: /home/px4/ros2/ws/install/px4_msgs/local/lib/python3.10/dist-packages/px4_msgs/msg/_rtl_status_s.c\n'}
[2.847028] (px4_msgs) StdoutLine: {'line': b'-- Up-to-date: /home/px4/ros2/ws/install/px4_msgs/local/lib/python3.10/dist-packages/px4_msgs/msg/_neural_control_s.c\n'}
[2.847093] (px4_msgs) StdoutLine: {'line': b'-- Up-to-date: /home/px4/ros2/ws/install/px4_msgs/local/lib/python3.10/dist-packages/px4_msgs/msg/_estimator_aid_source1d.py\n'}
[2.847205] (px4_msgs) StdoutLine: {'line': b'-- Up-to-date: /home/px4/ros2/ws/install/px4_msgs/local/lib/python3.10/dist-packages/px4_msgs/msg/_register_ext_component_reply.py\n'}
[2.847301] (px4_msgs) StdoutLine: {'line': b'-- Up-to-date: /home/px4/ros2/ws/install/px4_msgs/local/lib/python3.10/dist-packages/px4_msgs/msg/_sensor_hygrometer_s.c\n'}
[2.847366] (px4_msgs) StdoutLine: {'line': b'-- Up-to-date: /home/px4/ros2/ws/install/px4_msgs/local/lib/python3.10/dist-packages/px4_msgs/msg/_landing_target_innovations_s.c\n'}
[2.847429] (px4_msgs) StdoutLine: {'line': b'-- Up-to-date: /home/px4/ros2/ws/install/px4_msgs/local/lib/python3.10/dist-packages/px4_msgs/msg/_camera_status_s.c\n'}
[2.847489] (px4_msgs) StdoutLine: {'line': b'-- Up-to-date: /home/px4/ros2/ws/install/px4_msgs/local/lib/python3.10/dist-packages/px4_msgs/msg/_power_monitor.py\n'}
[2.847582] (px4_msgs) StdoutLine: {'line': b'-- Up-to-date: /home/px4/ros2/ws/install/px4_msgs/local/lib/python3.10/dist-packages/px4_msgs/msg/_velocity_limits_s.c\n'}
[2.847642] (px4_msgs) StdoutLine: {'line': b'-- Up-to-date: /home/px4/ros2/ws/install/px4_msgs/local/lib/python3.10/dist-packages/px4_msgs/msg/_qshell_retval_s.c\n'}
[2.847704] (px4_msgs) StdoutLine: {'line': b'-- Up-to-date: /home/px4/ros2/ws/install/px4_msgs/local/lib/python3.10/dist-packages/px4_msgs/msg/_sensor_gps.py\n'}
[2.847796] (px4_msgs) StdoutLine: {'line': b'-- Up-to-date: /home/px4/ros2/ws/install/px4_msgs/local/lib/python3.10/dist-packages/px4_msgs/msg/_trajectory_setpoint.py\n'}
[2.847890] (px4_msgs) StdoutLine: {'line': b'-- Up-to-date: /home/px4/ros2/ws/install/px4_msgs/local/lib/python3.10/dist-packages/px4_msgs/msg/_power_button_state_s.c\n'}
[2.847988] (px4_msgs) StdoutLine: {'line': b'-- Up-to-date: /home/px4/ros2/ws/install/px4_msgs/local/lib/python3.10/dist-packages/px4_msgs/msg/_vehicle_attitude_s.c\n'}
[2.848115] (px4_msgs) StdoutLine: {'line': b'-- Up-to-date: /home/px4/ros2/ws/install/px4_msgs/local/lib/python3.10/dist-packages/px4_msgs/msg/_estimator_status_flags.py\n'}
[2.848275] (px4_msgs) StdoutLine: {'line': b'-- Up-to-date: /home/px4/ros2/ws/install/px4_msgs/local/lib/python3.10/dist-packages/px4_msgs/msg/_position_controller_landing_status_s.c\n'}
[2.848406] (px4_msgs) StdoutLine: {'line': b'-- Up-to-date: /home/px4/ros2/ws/install/px4_msgs/local/lib/python3.10/dist-packages/px4_msgs/msg/_actuator_test.py\n'}
[2.848551] (px4_msgs) StdoutLine: {'line': b'-- Up-to-date: /home/px4/ros2/ws/install/px4_msgs/local/lib/python3.10/dist-packages/px4_msgs/msg/_uavcan_parameter_request_s.c\n'}
[2.848662] (px4_msgs) StdoutLine: {'line': b'-- Up-to-date: /home/px4/ros2/ws/install/px4_msgs/local/lib/python3.10/dist-packages/px4_msgs/msg/_vehicle_global_position.py\n'}
[2.848764] (px4_msgs) StdoutLine: {'line': b'-- Up-to-date: /home/px4/ros2/ws/install/px4_msgs/local/lib/python3.10/dist-packages/px4_msgs/msg/_estimator_event_flags.py\n'}
[2.848873] (px4_msgs) StdoutLine: {'line': b'-- Up-to-date: /home/px4/ros2/ws/install/px4_msgs/local/lib/python3.10/dist-packages/px4_msgs/msg/_rate_ctrl_status.py\n'}
[2.848975] (px4_msgs) StdoutLine: {'line': b'-- Up-to-date: /home/px4/ros2/ws/install/px4_msgs/local/lib/python3.10/dist-packages/px4_msgs/msg/_distance_sensor_s.c\n'}
[2.849073] (px4_msgs) StdoutLine: {'line': b'-- Up-to-date: /home/px4/ros2/ws/install/px4_msgs/local/lib/python3.10/dist-packages/px4_msgs/msg/_trajectory_setpoint6dof.py\n'}
[2.849176] (px4_msgs) StdoutLine: {'line': b'-- Up-to-date: /home/px4/ros2/ws/install/px4_msgs/local/lib/python3.10/dist-packages/px4_msgs/msg/_ping.py\n'}
[2.849356] (px4_msgs) StdoutLine: {'line': b'-- Up-to-date: /home/px4/ros2/ws/install/px4_msgs/local/lib/python3.10/dist-packages/px4_msgs/msg/_irlock_report_s.c\n'}
[2.849435] (px4_msgs) StdoutLine: {'line': b'-- Up-to-date: /home/px4/ros2/ws/install/px4_msgs/local/lib/python3.10/dist-packages/px4_msgs/msg/_sensor_gyro_fifo_s.c\n'}
[2.849504] (px4_msgs) StdoutLine: {'line': b'-- Up-to-date: /home/px4/ros2/ws/install/px4_msgs/local/lib/python3.10/dist-packages/px4_msgs/msg/_mission.py\n'}
[2.849575] (px4_msgs) StdoutLine: {'line': b'-- Up-to-date: /home/px4/ros2/ws/install/px4_msgs/local/lib/python3.10/dist-packages/px4_msgs/msg/_parameter_set_used_request_s.c\n'}
[2.849643] (px4_msgs) StdoutLine: {'line': b'-- Up-to-date: /home/px4/ros2/ws/install/px4_msgs/local/lib/python3.10/dist-packages/px4_msgs/msg/_sensor_optical_flow.py\n'}
[2.849709] (px4_msgs) StdoutLine: {'line': b'-- Up-to-date: /home/px4/ros2/ws/install/px4_msgs/local/lib/python3.10/dist-packages/px4_msgs/msg/_actuator_armed.py\n'}
[2.849777] (px4_msgs) StdoutLine: {'line': b'-- Up-to-date: /home/px4/ros2/ws/install/px4_msgs/local/lib/python3.10/dist-packages/px4_msgs/msg/_vehicle_magnetometer_s.c\n'}
[2.849842] (px4_msgs) StdoutLine: {'line': b'-- Up-to-date: /home/px4/ros2/ws/install/px4_msgs/local/lib/python3.10/dist-packages/px4_msgs/msg/_debug_key_value_s.c\n'}
[2.849928] (px4_msgs) StdoutLine: {'line': b'-- Up-to-date: /home/px4/ros2/ws/install/px4_msgs/local/lib/python3.10/dist-packages/px4_msgs/msg/_transponder_report.py\n'}
[2.850039] (px4_msgs) StdoutLine: {'line': b'-- Up-to-date: /home/px4/ros2/ws/install/px4_msgs/local/lib/python3.10/dist-packages/px4_msgs/msg/_landing_gear_s.c\n'}
[2.850107] (px4_msgs) StdoutLine: {'line': b'-- Up-to-date: /home/px4/ros2/ws/install/px4_msgs/local/lib/python3.10/dist-packages/px4_msgs/msg/_sensor_correction_s.c\n'}
[2.850171] (px4_msgs) StdoutLine: {'line': b'-- Up-to-date: /home/px4/ros2/ws/install/px4_msgs/local/lib/python3.10/dist-packages/px4_msgs/msg/_airspeed_validated.py\n'}
[2.850278] (px4_msgs) StdoutLine: {'line': b'-- Up-to-date: /home/px4/ros2/ws/install/px4_msgs/local/lib/python3.10/dist-packages/px4_msgs/msg/_estimator_aid_source2d_s.c\n'}
[2.850383] (px4_msgs) StdoutLine: {'line': b'-- Up-to-date: /home/px4/ros2/ws/install/px4_msgs/local/lib/python3.10/dist-packages/px4_msgs/msg/_uavcan_parameter_request.py\n'}
[2.850450] (px4_msgs) StdoutLine: {'line': b'-- Up-to-date: /home/px4/ros2/ws/install/px4_msgs/local/lib/python3.10/dist-packages/px4_msgs/msg/_position_setpoint.py\n'}
[2.850515] (px4_msgs) StdoutLine: {'line': b'-- Up-to-date: /home/px4/ros2/ws/install/px4_msgs/local/lib/python3.10/dist-packages/px4_msgs/msg/_vehicle_control_mode_s.c\n'}
[2.850591] (px4_msgs) StdoutLine: {'line': b'-- Up-to-date: /home/px4/ros2/ws/install/px4_msgs/local/lib/python3.10/dist-packages/px4_msgs/msg/_figure_eight_status_s.c\n'}
[2.850668] (px4_msgs) StdoutLine: {'line': b'-- Up-to-date: /home/px4/ros2/ws/install/px4_msgs/local/lib/python3.10/dist-packages/px4_msgs/msg/_config_overrides_s.c\n'}
[2.850747] (px4_msgs) StdoutLine: {'line': b'-- Up-to-date: /home/px4/ros2/ws/install/px4_msgs/local/lib/python3.10/dist-packages/px4_msgs/msg/_tiltrotor_extra_controls_s.c\n'}
[2.850824] (px4_msgs) StdoutLine: {'line': b'-- Up-to-date: /home/px4/ros2/ws/install/px4_msgs/local/lib/python3.10/dist-packages/px4_msgs/msg/_sensor_gyro_fifo.py\n'}
[2.850901] (px4_msgs) StdoutLine: {'line': b'-- Up-to-date: /home/px4/ros2/ws/install/px4_msgs/local/lib/python3.10/dist-packages/px4_msgs/msg/_fixed_wing_lateral_guidance_status_s.c\n'}
[2.850982] (px4_msgs) StdoutLine: {'line': b'-- Up-to-date: /home/px4/ros2/ws/install/px4_msgs/local/lib/python3.10/dist-packages/px4_msgs/msg/_vehicle_magnetometer.py\n'}
[2.851064] (px4_msgs) StdoutLine: {'line': b'-- Up-to-date: /home/px4/ros2/ws/install/px4_msgs/local/lib/python3.10/dist-packages/px4_msgs/msg/_parameter_set_value_response_s.c\n'}
[2.851143] (px4_msgs) StdoutLine: {'line': b'-- Up-to-date: /home/px4/ros2/ws/install/px4_msgs/local/lib/python3.10/dist-packages/px4_msgs/msg/_vehicle_status.py\n'}
[2.851270] (px4_msgs) StdoutLine: {'line': b'-- Up-to-date: /home/px4/ros2/ws/install/px4_msgs/local/lib/python3.10/dist-packages/px4_msgs/msg/_position_controller_landing_status.py\n'}
[2.851351] (px4_msgs) StdoutLine: {'line': b'-- Up-to-date: /home/px4/ros2/ws/install/px4_msgs/local/lib/python3.10/dist-packages/px4_msgs/msg/_vehicle_optical_flow_s.c\n'}
[2.851439] (px4_msgs) StdoutLine: {'line': b'-- Up-to-date: /home/px4/ros2/ws/install/px4_msgs/local/lib/python3.10/dist-packages/px4_msgs/msg/_magnetometer_bias_estimate_s.c\n'}
[2.851517] (px4_msgs) StdoutLine: {'line': b'-- Up-to-date: /home/px4/ros2/ws/install/px4_msgs/local/lib/python3.10/dist-packages/px4_msgs/msg/_distance_sensor.py\n'}
[2.851596] (px4_msgs) StdoutLine: {'line': b'-- Up-to-date: /home/px4/ros2/ws/install/px4_msgs/local/lib/python3.10/dist-packages/px4_msgs/msg/_wheel_encoders_s.c\n'}
[2.851748] (px4_msgs) StdoutLine: {'line': b'-- Up-to-date: /home/px4/ros2/ws/install/px4_msgs/local/lib/python3.10/dist-packages/px4_msgs/msg/_generator_status_s.c\n'}
[2.851956] (px4_msgs) StdoutLine: {'line': b'-- Up-to-date: /home/px4/ros2/ws/install/px4_msgs/local/lib/python3.10/dist-packages/px4_msgs/msg/_cpuload_s.c\n'}
[2.852077] (px4_msgs) StdoutLine: {'line': b'-- Up-to-date: /home/px4/ros2/ws/install/px4_msgs/local/lib/python3.10/dist-packages/px4_msgs/msg/_sensors_status_imu.py\n'}
[2.852206] (px4_msgs) StdoutLine: {'line': b'-- Up-to-date: /home/px4/ros2/ws/install/px4_msgs/local/lib/python3.10/dist-packages/px4_msgs/msg/_dronecan_node_status.py\n'}
[2.852333] (px4_msgs) StdoutLine: {'line': b'-- Up-to-date: /home/px4/ros2/ws/install/px4_msgs/local/lib/python3.10/dist-packages/px4_msgs/msg/_vehicle_rates_setpoint.py\n'}
[2.852435] (px4_msgs) StdoutLine: {'line': b'-- Up-to-date: /home/px4/ros2/ws/install/px4_msgs/local/lib/python3.10/dist-packages/px4_msgs/msg/_gimbal_device_attitude_status.py\n'}
[2.852549] (px4_msgs) StdoutLine: {'line': b'-- Up-to-date: /home/px4/ros2/ws/install/px4_msgs/local/lib/python3.10/dist-packages/px4_msgs/msg/_hover_thrust_estimate.py\n'}
[2.852740] (px4_msgs) StdoutLine: {'line': b'-- Up-to-date: /home/px4/ros2/ws/install/px4_msgs/local/lib/python3.10/dist-packages/px4_msgs/msg/_qshell_retval.py\n'}
[2.852836] (px4_msgs) StdoutLine: {'line': b'-- Up-to-date: /home/px4/ros2/ws/install/px4_msgs/local/lib/python3.10/dist-packages/px4_msgs/msg/_can_interface_status_s.c\n'}
[2.852940] (px4_msgs) StdoutLine: {'line': b'-- Up-to-date: /home/px4/ros2/ws/install/px4_msgs/local/lib/python3.10/dist-packages/px4_msgs/msg/_sensor_accel_fifo.py\n'}
[2.853049] (px4_msgs) StdoutLine: {'line': b'-- Up-to-date: /home/px4/ros2/ws/install/px4_msgs/local/lib/python3.10/dist-packages/px4_msgs/msg/_mag_worker_data_s.c\n'}
[2.853135] (px4_msgs) StdoutLine: {'line': b'-- Up-to-date: /home/px4/ros2/ws/install/px4_msgs/local/lib/python3.10/dist-packages/px4_msgs/msg/_collision_constraints.py\n'}
[2.853223] (px4_msgs) StdoutLine: {'line': b'-- Up-to-date: /home/px4/ros2/ws/install/px4_msgs/local/lib/python3.10/dist-packages/px4_msgs/msg/_pps_capture.py\n'}
[2.853308] (px4_msgs) StdoutLine: {'line': b'-- Up-to-date: /home/px4/ros2/ws/install/px4_msgs/local/lib/python3.10/dist-packages/px4_msgs/msg/_rtl_time_estimate_s.c\n'}
[2.853431] (px4_msgs) StdoutLine: {'line': b'-- Up-to-date: /home/px4/ros2/ws/install/px4_msgs/local/lib/python3.10/dist-packages/px4_msgs/msg/_esc_status.py\n'}
[2.853517] (px4_msgs) StdoutLine: {'line': b'-- Up-to-date: /home/px4/ros2/ws/install/px4_msgs/local/lib/python3.10/dist-packages/px4_msgs/msg/_sensor_preflight_mag_s.c\n'}
[2.853585] (px4_msgs) StdoutLine: {'line': b'-- Up-to-date: /home/px4/ros2/ws/install/px4_msgs/local/lib/python3.10/dist-packages/px4_msgs/msg/_estimator_gps_status.py\n'}
[2.853648] (px4_msgs) StdoutLine: {'line': b'-- Up-to-date: /home/px4/ros2/ws/install/px4_msgs/local/lib/python3.10/dist-packages/px4_msgs/msg/_sensor_selection.py\n'}
[2.853767] (px4_msgs) StdoutLine: {'line': b'-- Up-to-date: /home/px4/ros2/ws/install/px4_msgs/local/lib/python3.10/dist-packages/px4_msgs/msg/_goto_setpoint_s.c\n'}
[2.853856] (px4_msgs) StdoutLine: {'line': b'-- Up-to-date: /home/px4/ros2/ws/install/px4_msgs/local/lib/python3.10/dist-packages/px4_msgs/msg/_offboard_control_mode_s.c\n'}
[2.853933] (px4_msgs) StdoutLine: {'line': b'-- Up-to-date: /home/px4/ros2/ws/install/px4_msgs/local/lib/python3.10/dist-packages/px4_msgs/msg/_actuator_armed_s.c\n'}
[2.854020] (px4_msgs) StdoutLine: {'line': b'-- Up-to-date: /home/px4/ros2/ws/install/px4_msgs/local/lib/python3.10/dist-packages/px4_msgs/msg/_launch_detection_status.py\n'}
[2.854086] (px4_msgs) StdoutLine: {'line': b'-- Up-to-date: /home/px4/ros2/ws/install/px4_msgs/local/lib/python3.10/dist-packages/px4_msgs/msg/_sensor_gyro_fft_s.c\n'}
[2.854281] (px4_msgs) StdoutLine: {'line': b'-- Up-to-date: /home/px4/ros2/ws/install/px4_msgs/local/lib/python3.10/dist-packages/px4_msgs/msg/_autotune_attitude_control_status_s.c\n'}
[2.854409] (px4_msgs) StdoutLine: {'line': b'-- Up-to-date: /home/px4/ros2/ws/install/px4_msgs/local/lib/python3.10/dist-packages/px4_msgs/msg/_qshell_req.py\n'}
[2.854515] (px4_msgs) StdoutLine: {'line': b'-- Up-to-date: /home/px4/ros2/ws/install/px4_msgs/local/lib/python3.10/dist-packages/px4_msgs/msg/_rate_ctrl_status_s.c\n'}
[2.854616] (px4_msgs) StdoutLine: {'line': b'-- Up-to-date: /home/px4/ros2/ws/install/px4_msgs/local/lib/python3.10/dist-packages/px4_msgs/msg/_dronecan_node_status_s.c\n'}
[2.854764] (px4_msgs) StdoutLine: {'line': b'-- Up-to-date: /home/px4/ros2/ws/install/px4_msgs/local/lib/python3.10/dist-packages/px4_msgs/msg/_iridiumsbd_status.py\n'}
[2.854924] (px4_msgs) StdoutLine: {'line': b'-- Up-to-date: /home/px4/ros2/ws/install/px4_msgs/local/lib/python3.10/dist-packages/px4_msgs/msg/_task_stack_info_s.c\n'}
[2.855091] (px4_msgs) StdoutLine: {'line': b'-- Up-to-date: /home/px4/ros2/ws/install/px4_msgs/local/lib/python3.10/dist-packages/px4_msgs/msg/_rover_throttle_setpoint_s.c\n'}
[2.855172] (px4_msgs) StdoutLine: {'line': b'-- Up-to-date: /home/px4/ros2/ws/install/px4_msgs/local/lib/python3.10/dist-packages/px4_msgs/msg/_open_drone_id_self_id.py\n'}
[2.855293] (px4_msgs) StdoutLine: {'line': b'-- Up-to-date: /home/px4/ros2/ws/install/px4_msgs/local/lib/python3.10/dist-packages/px4_msgs/msg/_estimator_bias3d.py\n'}
[2.855374] (px4_msgs) StdoutLine: {'line': b'-- Up-to-date: /home/px4/ros2/ws/install/px4_msgs/local/lib/python3.10/dist-packages/px4_msgs/msg/_distance_sensor_mode_change_request.py\n'}
[2.855458] (px4_msgs) StdoutLine: {'line': b'-- Up-to-date: /home/px4/ros2/ws/install/px4_msgs/local/lib/python3.10/dist-packages/px4_msgs/msg/_irlock_report.py\n'}
[2.855564] (px4_msgs) StdoutLine: {'line': b'-- Up-to-date: /home/px4/ros2/ws/install/px4_msgs/local/lib/python3.10/dist-packages/px4_msgs/msg/_internal_combustion_engine_control.py\n'}
[2.855671] (px4_msgs) StdoutLine: {'line': b'-- Up-to-date: /home/px4/ros2/ws/install/px4_msgs/local/lib/python3.10/dist-packages/px4_msgs/msg/_home_position.py\n'}
[2.855762] (px4_msgs) StdoutLine: {'line': b'-- Up-to-date: /home/px4/ros2/ws/install/px4_msgs/local/lib/python3.10/dist-packages/px4_msgs/msg/_gpio_config.py\n'}
[2.855869] (px4_msgs) StdoutLine: {'line': b'-- Up-to-date: /home/px4/ros2/ws/install/px4_msgs/local/lib/python3.10/dist-packages/px4_msgs/msg/_open_drone_id_arm_status.py\n'}
[2.855985] (px4_msgs) StdoutLine: {'line': b'-- Up-to-date: /home/px4/ros2/ws/install/px4_msgs/local/lib/python3.10/dist-packages/px4_msgs/msg/_differential_pressure_s.c\n'}
[2.856116] (px4_msgs) StdoutLine: {'line': b'-- Up-to-date: /home/px4/ros2/ws/install/px4_msgs/local/lib/python3.10/dist-packages/px4_msgs/msg/_control_allocator_status.py\n'}
[2.856262] (px4_msgs) StdoutLine: {'line': b'-- Up-to-date: /home/px4/ros2/ws/install/px4_msgs/local/lib/python3.10/dist-packages/px4_msgs/px4_msgs_s__rosidl_typesupport_introspection_c.cpython-310-x86_64-linux-gnu.so\n'}
[2.856366] (px4_msgs) StdoutLine: {'line': b'-- Up-to-date: /home/px4/ros2/ws/install/px4_msgs/local/lib/python3.10/dist-packages/px4_msgs/srv\n'}
[2.856451] (px4_msgs) StdoutLine: {'line': b'-- Up-to-date: /home/px4/ros2/ws/install/px4_msgs/local/lib/python3.10/dist-packages/px4_msgs/srv/_vehicle_command_s.c\n'}
[2.856581] (px4_msgs) StdoutLine: {'line': b'-- Up-to-date: /home/px4/ros2/ws/install/px4_msgs/local/lib/python3.10/dist-packages/px4_msgs/srv/__init__.py\n'}
[2.856731] (px4_msgs) StdoutLine: {'line': b'-- Up-to-date: /home/px4/ros2/ws/install/px4_msgs/local/lib/python3.10/dist-packages/px4_msgs/srv/_vehicle_command.py\n'}
[2.856843] (px4_msgs) StdoutLine: {'line': b'-- Up-to-date: /home/px4/ros2/ws/install/px4_msgs/local/lib/python3.10/dist-packages/px4_msgs/px4_msgs_s__rosidl_typesupport_c.cpython-310-x86_64-linux-gnu.so\n'}
[2.856922] (px4_msgs) StdoutLine: {'line': b'-- Up-to-date: /home/px4/ros2/ws/install/px4_msgs/local/lib/python3.10/dist-packages/px4_msgs/px4_msgs_s__rosidl_typesupport_fastrtps_c.cpython-310-x86_64-linux-gnu.so\n'}
[2.856996] (px4_msgs) StdoutLine: {'line': b'-- Up-to-date: /home/px4/ros2/ws/install/px4_msgs/local/lib/python3.10/dist-packages/px4_msgs/_px4_msgs_s.ep.rosidl_typesupport_c.c\n'}
[2.857141] (px4_msgs) StdoutLine: {'line': b"Listing '/home/px4/ros2/ws/install/px4_msgs/local/lib/python3.10/dist-packages/px4_msgs'...\n"}
[2.857253] (px4_msgs) StdoutLine: {'line': b"Listing '/home/px4/ros2/ws/install/px4_msgs/local/lib/python3.10/dist-packages/px4_msgs/msg'...\n"}
[2.857333] (px4_msgs) StdoutLine: {'line': b"Listing '/home/px4/ros2/ws/install/px4_msgs/local/lib/python3.10/dist-packages/px4_msgs/srv'...\n"}
[2.857401] (px4_msgs) StdoutLine: {'line': b'-- Up-to-date: /home/px4/ros2/ws/install/px4_msgs/local/lib/python3.10/dist-packages/px4_msgs/px4_msgs_s__rosidl_typesupport_fastrtps_c.cpython-310-x86_64-linux-gnu.so\n'}
[2.857469] (px4_msgs) StdoutLine: {'line': b'-- Up-to-date: /home/px4/ros2/ws/install/px4_msgs/local/lib/python3.10/dist-packages/px4_msgs/px4_msgs_s__rosidl_typesupport_introspection_c.cpython-310-x86_64-linux-gnu.so\n'}
[2.857534] (px4_msgs) StdoutLine: {'line': b'-- Up-to-date: /home/px4/ros2/ws/install/px4_msgs/local/lib/python3.10/dist-packages/px4_msgs/px4_msgs_s__rosidl_typesupport_c.cpython-310-x86_64-linux-gnu.so\n'}
[2.857600] (px4_msgs) StdoutLine: {'line': b'-- Up-to-date: /home/px4/ros2/ws/install/px4_msgs/lib/libpx4_msgs__rosidl_generator_py.so\n'}
[2.857680] (px4_msgs) StdoutLine: {'line': b'-- Up-to-date: /home/px4/ros2/ws/install/px4_msgs/share/px4_msgs/msg/ActionRequest.idl\n'}
[2.857747] (px4_msgs) StdoutLine: {'line': b'-- Up-to-date: /home/px4/ros2/ws/install/px4_msgs/share/px4_msgs/msg/ActuatorArmed.idl\n'}
[2.857847] (px4_msgs) StdoutLine: {'line': b'-- Up-to-date: /home/px4/ros2/ws/install/px4_msgs/share/px4_msgs/msg/ActuatorControlsStatus.idl\n'}
[2.857914] (px4_msgs) StdoutLine: {'line': b'-- Up-to-date: /home/px4/ros2/ws/install/px4_msgs/share/px4_msgs/msg/ActuatorMotors.idl\n'}
[2.857990] (px4_msgs) StdoutLine: {'line': b'-- Up-to-date: /home/px4/ros2/ws/install/px4_msgs/share/px4_msgs/msg/ActuatorOutputs.idl\n'}
[2.858053] (px4_msgs) StdoutLine: {'line': b'-- Up-to-date: /home/px4/ros2/ws/install/px4_msgs/share/px4_msgs/msg/ActuatorServos.idl\n'}
[2.858117] (px4_msgs) StdoutLine: {'line': b'-- Up-to-date: /home/px4/ros2/ws/install/px4_msgs/share/px4_msgs/msg/ActuatorServosTrim.idl\n'}
[2.858180] (px4_msgs) StdoutLine: {'line': b'-- Up-to-date: /home/px4/ros2/ws/install/px4_msgs/share/px4_msgs/msg/ActuatorTest.idl\n'}
[2.858272] (px4_msgs) StdoutLine: {'line': b'-- Up-to-date: /home/px4/ros2/ws/install/px4_msgs/share/px4_msgs/msg/AdcReport.idl\n'}
[2.858355] (px4_msgs) StdoutLine: {'line': b'-- Up-to-date: /home/px4/ros2/ws/install/px4_msgs/share/px4_msgs/msg/Airspeed.idl\n'}
[2.858420] (px4_msgs) StdoutLine: {'line': b'-- Up-to-date: /home/px4/ros2/ws/install/px4_msgs/share/px4_msgs/msg/AirspeedValidated.idl\n'}
[2.858483] (px4_msgs) StdoutLine: {'line': b'-- Up-to-date: /home/px4/ros2/ws/install/px4_msgs/share/px4_msgs/msg/AirspeedWind.idl\n'}
[2.858552] (px4_msgs) StdoutLine: {'line': b'-- Up-to-date: /home/px4/ros2/ws/install/px4_msgs/share/px4_msgs/msg/ArmingCheckReply.idl\n'}
[2.858648] (px4_msgs) StdoutLine: {'line': b'-- Up-to-date: /home/px4/ros2/ws/install/px4_msgs/share/px4_msgs/msg/ArmingCheckRequest.idl\n'}
[2.858713] (px4_msgs) StdoutLine: {'line': b'-- Up-to-date: /home/px4/ros2/ws/install/px4_msgs/share/px4_msgs/msg/AutotuneAttitudeControlStatus.idl\n'}
[2.858777] (px4_msgs) StdoutLine: {'line': b'-- Up-to-date: /home/px4/ros2/ws/install/px4_msgs/share/px4_msgs/msg/BatteryInfo.idl\n'}
[2.858840] (px4_msgs) StdoutLine: {'line': b'-- Up-to-date: /home/px4/ros2/ws/install/px4_msgs/share/px4_msgs/msg/BatteryStatus.idl\n'}
[2.858935] (px4_msgs) StdoutLine: {'line': b'-- Up-to-date: /home/px4/ros2/ws/install/px4_msgs/share/px4_msgs/msg/ButtonEvent.idl\n'}
[2.859000] (px4_msgs) StdoutLine: {'line': b'-- Up-to-date: /home/px4/ros2/ws/install/px4_msgs/share/px4_msgs/msg/CameraCapture.idl\n'}
[2.859065] (px4_msgs) StdoutLine: {'line': b'-- Up-to-date: /home/px4/ros2/ws/install/px4_msgs/share/px4_msgs/msg/CameraStatus.idl\n'}
[2.859129] (px4_msgs) StdoutLine: {'line': b'-- Up-to-date: /home/px4/ros2/ws/install/px4_msgs/share/px4_msgs/msg/CameraTrigger.idl\n'}
[2.859207] (px4_msgs) StdoutLine: {'line': b'-- Up-to-date: /home/px4/ros2/ws/install/px4_msgs/share/px4_msgs/msg/CanInterfaceStatus.idl\n'}
[2.859343] (px4_msgs) StdoutLine: {'line': b'-- Up-to-date: /home/px4/ros2/ws/install/px4_msgs/share/px4_msgs/msg/CellularStatus.idl\n'}
[2.859413] (px4_msgs) StdoutLine: {'line': b'-- Up-to-date: /home/px4/ros2/ws/install/px4_msgs/share/px4_msgs/msg/CollisionConstraints.idl\n'}
[2.859480] (px4_msgs) StdoutLine: {'line': b'-- Up-to-date: /home/px4/ros2/ws/install/px4_msgs/share/px4_msgs/msg/ConfigOverrides.idl\n'}
[2.859544] (px4_msgs) StdoutLine: {'line': b'-- Up-to-date: /home/px4/ros2/ws/install/px4_msgs/share/px4_msgs/msg/ControlAllocatorStatus.idl\n'}
[2.859609] (px4_msgs) StdoutLine: {'line': b'-- Up-to-date: /home/px4/ros2/ws/install/px4_msgs/share/px4_msgs/msg/Cpuload.idl\n'}
[2.859672] (px4_msgs) StdoutLine: {'line': b'-- Up-to-date: /home/px4/ros2/ws/install/px4_msgs/share/px4_msgs/msg/DatamanRequest.idl\n'}
[2.859736] (px4_msgs) StdoutLine: {'line': b'-- Up-to-date: /home/px4/ros2/ws/install/px4_msgs/share/px4_msgs/msg/DatamanResponse.idl\n'}
[2.859799] (px4_msgs) StdoutLine: {'line': b'-- Up-to-date: /home/px4/ros2/ws/install/px4_msgs/share/px4_msgs/msg/DebugArray.idl\n'}
[2.859861] (px4_msgs) StdoutLine: {'line': b'-- Up-to-date: /home/px4/ros2/ws/install/px4_msgs/share/px4_msgs/msg/DebugKeyValue.idl\n'}
[2.859924] (px4_msgs) StdoutLine: {'line': b'-- Up-to-date: /home/px4/ros2/ws/install/px4_msgs/share/px4_msgs/msg/DebugValue.idl\n'}
[2.860036] (px4_msgs) StdoutLine: {'line': b'-- Up-to-date: /home/px4/ros2/ws/install/px4_msgs/share/px4_msgs/msg/DebugVect.idl\n'}
[2.860134] (px4_msgs) StdoutLine: {'line': b'-- Up-to-date: /home/px4/ros2/ws/install/px4_msgs/share/px4_msgs/msg/DifferentialPressure.idl\n'}
[2.860233] (px4_msgs) StdoutLine: {'line': b'-- Up-to-date: /home/px4/ros2/ws/install/px4_msgs/share/px4_msgs/msg/DistanceSensor.idl\n'}
[2.860306] (px4_msgs) StdoutLine: {'line': b'-- Up-to-date: /home/px4/ros2/ws/install/px4_msgs/share/px4_msgs/msg/DistanceSensorModeChangeRequest.idl\n'}
[2.860370] (px4_msgs) StdoutLine: {'line': b'-- Up-to-date: /home/px4/ros2/ws/install/px4_msgs/share/px4_msgs/msg/DronecanNodeStatus.idl\n'}
[2.860434] (px4_msgs) StdoutLine: {'line': b'-- Up-to-date: /home/px4/ros2/ws/install/px4_msgs/share/px4_msgs/msg/Ekf2Timestamps.idl\n'}
[2.860628] (px4_msgs) StdoutLine: {'line': b'-- Up-to-date: /home/px4/ros2/ws/install/px4_msgs/share/px4_msgs/msg/EscReport.idl\n'}
[2.860758] (px4_msgs) StdoutLine: {'line': b'-- Up-to-date: /home/px4/ros2/ws/install/px4_msgs/share/px4_msgs/msg/EscStatus.idl\n'}
[2.860867] (px4_msgs) StdoutLine: {'line': b'-- Up-to-date: /home/px4/ros2/ws/install/px4_msgs/share/px4_msgs/msg/EstimatorAidSource1d.idl\n'}
[2.860972] (px4_msgs) StdoutLine: {'line': b'-- Up-to-date: /home/px4/ros2/ws/install/px4_msgs/share/px4_msgs/msg/EstimatorAidSource2d.idl\n'}
[2.861089] (px4_msgs) StdoutLine: {'line': b'-- Up-to-date: /home/px4/ros2/ws/install/px4_msgs/share/px4_msgs/msg/EstimatorAidSource3d.idl\n'}
[2.861221] (px4_msgs) StdoutLine: {'line': b'-- Up-to-date: /home/px4/ros2/ws/install/px4_msgs/share/px4_msgs/msg/EstimatorBias.idl\n'}
[2.861377] (px4_msgs) StdoutLine: {'line': b'-- Up-to-date: /home/px4/ros2/ws/install/px4_msgs/share/px4_msgs/msg/EstimatorBias3d.idl\n'}
[2.861449] (px4_msgs) StdoutLine: {'line': b'-- Up-to-date: /home/px4/ros2/ws/install/px4_msgs/share/px4_msgs/msg/EstimatorEventFlags.idl\n'}
[2.861518] (px4_msgs) StdoutLine: {'line': b'-- Up-to-date: /home/px4/ros2/ws/install/px4_msgs/share/px4_msgs/msg/EstimatorGpsStatus.idl\n'}
[2.861586] (px4_msgs) StdoutLine: {'line': b'-- Up-to-date: /home/px4/ros2/ws/install/px4_msgs/share/px4_msgs/msg/EstimatorInnovations.idl\n'}
[2.861654] (px4_msgs) StdoutLine: {'line': b'-- Up-to-date: /home/px4/ros2/ws/install/px4_msgs/share/px4_msgs/msg/EstimatorSelectorStatus.idl\n'}
[2.861719] (px4_msgs) StdoutLine: {'line': b'-- Up-to-date: /home/px4/ros2/ws/install/px4_msgs/share/px4_msgs/msg/EstimatorSensorBias.idl\n'}
[2.861782] (px4_msgs) StdoutLine: {'line': b'-- Up-to-date: /home/px4/ros2/ws/install/px4_msgs/share/px4_msgs/msg/EstimatorStates.idl\n'}
[2.861861] (px4_msgs) StdoutLine: {'line': b'-- Up-to-date: /home/px4/ros2/ws/install/px4_msgs/share/px4_msgs/msg/EstimatorStatus.idl\n'}
[2.861962] (px4_msgs) StdoutLine: {'line': b'-- Up-to-date: /home/px4/ros2/ws/install/px4_msgs/share/px4_msgs/msg/EstimatorStatusFlags.idl\n'}
[2.862050] (px4_msgs) StdoutLine: {'line': b'-- Up-to-date: /home/px4/ros2/ws/install/px4_msgs/share/px4_msgs/msg/Event.idl\n'}
[2.862214] (px4_msgs) StdoutLine: {'line': b'-- Up-to-date: /home/px4/ros2/ws/install/px4_msgs/share/px4_msgs/msg/FailsafeFlags.idl\n'}
[2.862431] (px4_msgs) StdoutLine: {'line': b'-- Up-to-date: /home/px4/ros2/ws/install/px4_msgs/share/px4_msgs/msg/FailureDetectorStatus.idl\n'}
[2.862575] (px4_msgs) StdoutLine: {'line': b'-- Up-to-date: /home/px4/ros2/ws/install/px4_msgs/share/px4_msgs/msg/FigureEightStatus.idl\n'}
[2.862752] (px4_msgs) StdoutLine: {'line': b'-- Up-to-date: /home/px4/ros2/ws/install/px4_msgs/share/px4_msgs/msg/FixedWingLateralGuidanceStatus.idl\n'}
[2.862935] (px4_msgs) StdoutLine: {'line': b'-- Up-to-date: /home/px4/ros2/ws/install/px4_msgs/share/px4_msgs/msg/FixedWingLateralSetpoint.idl\n'}
[2.863054] (px4_msgs) StdoutLine: {'line': b'-- Up-to-date: /home/px4/ros2/ws/install/px4_msgs/share/px4_msgs/msg/FixedWingLateralStatus.idl\n'}
[2.863155] (px4_msgs) StdoutLine: {'line': b'-- Up-to-date: /home/px4/ros2/ws/install/px4_msgs/share/px4_msgs/msg/FixedWingLongitudinalSetpoint.idl\n'}
[2.863283] (px4_msgs) StdoutLine: {'line': b'-- Up-to-date: /home/px4/ros2/ws/install/px4_msgs/share/px4_msgs/msg/FixedWingRunwayControl.idl\n'}
[2.863385] (px4_msgs) StdoutLine: {'line': b'-- Up-to-date: /home/px4/ros2/ws/install/px4_msgs/share/px4_msgs/msg/FlightPhaseEstimation.idl\n'}
[2.863483] (px4_msgs) StdoutLine: {'line': b'-- Up-to-date: /home/px4/ros2/ws/install/px4_msgs/share/px4_msgs/msg/FollowTarget.idl\n'}
[2.863866] (px4_msgs) StdoutLine: {'line': b'-- Up-to-date: /home/px4/ros2/ws/install/px4_msgs/share/px4_msgs/msg/FollowTargetEstimator.idl\n'}
[2.864004] (px4_msgs) StdoutLine: {'line': b'-- Up-to-date: /home/px4/ros2/ws/install/px4_msgs/share/px4_msgs/msg/FollowTargetStatus.idl\n'}
[2.864109] (px4_msgs) StdoutLine: {'line': b'-- Up-to-date: /home/px4/ros2/ws/install/px4_msgs/share/px4_msgs/msg/FuelTankStatus.idl\n'}
[2.864290] (px4_msgs) StdoutLine: {'line': b'-- Up-to-date: /home/px4/ros2/ws/install/px4_msgs/share/px4_msgs/msg/GeneratorStatus.idl\n'}
[2.864406] (px4_msgs) StdoutLine: {'line': b'-- Up-to-date: /home/px4/ros2/ws/install/px4_msgs/share/px4_msgs/msg/GeofenceResult.idl\n'}
[2.864498] (px4_msgs) StdoutLine: {'line': b'-- Up-to-date: /home/px4/ros2/ws/install/px4_msgs/share/px4_msgs/msg/GeofenceStatus.idl\n'}
[2.864633] (px4_msgs) StdoutLine: {'line': b'-- Up-to-date: /home/px4/ros2/ws/install/px4_msgs/share/px4_msgs/msg/GimbalControls.idl\n'}
[2.864732] (px4_msgs) StdoutLine: {'line': b'-- Up-to-date: /home/px4/ros2/ws/install/px4_msgs/share/px4_msgs/msg/GimbalDeviceAttitudeStatus.idl\n'}
[2.864826] (px4_msgs) StdoutLine: {'line': b'-- Up-to-date: /home/px4/ros2/ws/install/px4_msgs/share/px4_msgs/msg/GimbalDeviceInformation.idl\n'}
[2.864918] (px4_msgs) StdoutLine: {'line': b'-- Up-to-date: /home/px4/ros2/ws/install/px4_msgs/share/px4_msgs/msg/GimbalDeviceSetAttitude.idl\n'}
[2.865008] (px4_msgs) StdoutLine: {'line': b'-- Up-to-date: /home/px4/ros2/ws/install/px4_msgs/share/px4_msgs/msg/GimbalManagerInformation.idl\n'}
[2.865093] (px4_msgs) StdoutLine: {'line': b'-- Up-to-date: /home/px4/ros2/ws/install/px4_msgs/share/px4_msgs/msg/GimbalManagerSetAttitude.idl\n'}
[2.865181] (px4_msgs) StdoutLine: {'line': b'-- Up-to-date: /home/px4/ros2/ws/install/px4_msgs/share/px4_msgs/msg/GimbalManagerSetManualControl.idl\n'}
[2.865309] (px4_msgs) StdoutLine: {'line': b'-- Up-to-date: /home/px4/ros2/ws/install/px4_msgs/share/px4_msgs/msg/GimbalManagerStatus.idl\n'}
[2.865399] (px4_msgs) StdoutLine: {'line': b'-- Up-to-date: /home/px4/ros2/ws/install/px4_msgs/share/px4_msgs/msg/GotoSetpoint.idl\n'}
[2.865490] (px4_msgs) StdoutLine: {'line': b'-- Up-to-date: /home/px4/ros2/ws/install/px4_msgs/share/px4_msgs/msg/GpioConfig.idl\n'}
[2.865620] (px4_msgs) StdoutLine: {'line': b'-- Up-to-date: /home/px4/ros2/ws/install/px4_msgs/share/px4_msgs/msg/GpioIn.idl\n'}
[2.865708] (px4_msgs) StdoutLine: {'line': b'-- Up-to-date: /home/px4/ros2/ws/install/px4_msgs/share/px4_msgs/msg/GpioOut.idl\n'}
[2.865798] (px4_msgs) StdoutLine: {'line': b'-- Up-to-date: /home/px4/ros2/ws/install/px4_msgs/share/px4_msgs/msg/GpioRequest.idl\n'}
[2.865889] (px4_msgs) StdoutLine: {'line': b'-- Up-to-date: /home/px4/ros2/ws/install/px4_msgs/share/px4_msgs/msg/GpsDump.idl\n'}
[2.865976] (px4_msgs) StdoutLine: {'line': b'-- Up-to-date: /home/px4/ros2/ws/install/px4_msgs/share/px4_msgs/msg/GpsInjectData.idl\n'}
[2.866072] (px4_msgs) StdoutLine: {'line': b'-- Up-to-date: /home/px4/ros2/ws/install/px4_msgs/share/px4_msgs/msg/Gripper.idl\n'}
[2.866210] (px4_msgs) StdoutLine: {'line': b'-- Up-to-date: /home/px4/ros2/ws/install/px4_msgs/share/px4_msgs/msg/HealthReport.idl\n'}
[2.866317] (px4_msgs) StdoutLine: {'line': b'-- Up-to-date: /home/px4/ros2/ws/install/px4_msgs/share/px4_msgs/msg/HeaterStatus.idl\n'}
[2.866438] (px4_msgs) StdoutLine: {'line': b'-- Up-to-date: /home/px4/ros2/ws/install/px4_msgs/share/px4_msgs/msg/HomePosition.idl\n'}
[2.866526] (px4_msgs) StdoutLine: {'line': b'-- Up-to-date: /home/px4/ros2/ws/install/px4_msgs/share/px4_msgs/msg/HoverThrustEstimate.idl\n'}
[2.866750] (px4_msgs) StdoutLine: {'line': b'-- Up-to-date: /home/px4/ros2/ws/install/px4_msgs/share/px4_msgs/msg/InputRc.idl\n'}
[2.866889] (px4_msgs) StdoutLine: {'line': b'-- Up-to-date: /home/px4/ros2/ws/install/px4_msgs/share/px4_msgs/msg/InternalCombustionEngineControl.idl\n'}
[2.867027] (px4_msgs) StdoutLine: {'line': b'-- Up-to-date: /home/px4/ros2/ws/install/px4_msgs/share/px4_msgs/msg/InternalCombustionEngineStatus.idl\n'}
[2.867147] (px4_msgs) StdoutLine: {'line': b'-- Up-to-date: /home/px4/ros2/ws/install/px4_msgs/share/px4_msgs/msg/IridiumsbdStatus.idl\n'}
[2.867266] (px4_msgs) StdoutLine: {'line': b'-- Up-to-date: /home/px4/ros2/ws/install/px4_msgs/share/px4_msgs/msg/IrlockReport.idl\n'}
[2.867373] (px4_msgs) StdoutLine: {'line': b'-- Up-to-date: /home/px4/ros2/ws/install/px4_msgs/share/px4_msgs/msg/LandingGear.idl\n'}
[2.867447] (px4_msgs) StdoutLine: {'line': b'-- Up-to-date: /home/px4/ros2/ws/install/px4_msgs/share/px4_msgs/msg/LandingGearWheel.idl\n'}
[2.867544] (px4_msgs) StdoutLine: {'line': b'-- Up-to-date: /home/px4/ros2/ws/install/px4_msgs/share/px4_msgs/msg/LandingTargetInnovations.idl\n'}
[2.867614] (px4_msgs) StdoutLine: {'line': b'-- Up-to-date: /home/px4/ros2/ws/install/px4_msgs/share/px4_msgs/msg/LandingTargetPose.idl\n'}
[2.867698] (px4_msgs) StdoutLine: {'line': b'-- Up-to-date: /home/px4/ros2/ws/install/px4_msgs/share/px4_msgs/msg/LateralControlConfiguration.idl\n'}
[2.867766] (px4_msgs) StdoutLine: {'line': b'-- Up-to-date: /home/px4/ros2/ws/install/px4_msgs/share/px4_msgs/msg/LaunchDetectionStatus.idl\n'}
[2.867836] (px4_msgs) StdoutLine: {'line': b'-- Up-to-date: /home/px4/ros2/ws/install/px4_msgs/share/px4_msgs/msg/LedControl.idl\n'}
[2.867925] (px4_msgs) StdoutLine: {'line': b'-- Up-to-date: /home/px4/ros2/ws/install/px4_msgs/share/px4_msgs/msg/LogMessage.idl\n'}
[2.867996] (px4_msgs) StdoutLine: {'line': b'-- Up-to-date: /home/px4/ros2/ws/install/px4_msgs/share/px4_msgs/msg/LoggerStatus.idl\n'}
[2.868162] (px4_msgs) StdoutLine: {'line': b'-- Up-to-date: /home/px4/ros2/ws/install/px4_msgs/share/px4_msgs/msg/LongitudinalControlConfiguration.idl\n'}
[2.868286] (px4_msgs) StdoutLine: {'line': b'-- Up-to-date: /home/px4/ros2/ws/install/px4_msgs/share/px4_msgs/msg/MagWorkerData.idl\n'}
[2.868394] (px4_msgs) StdoutLine: {'line': b'-- Up-to-date: /home/px4/ros2/ws/install/px4_msgs/share/px4_msgs/msg/MagnetometerBiasEstimate.idl\n'}
[2.868475] (px4_msgs) StdoutLine: {'line': b'-- Up-to-date: /home/px4/ros2/ws/install/px4_msgs/share/px4_msgs/msg/ManualControlSetpoint.idl\n'}
[2.868557] (px4_msgs) StdoutLine: {'line': b'-- Up-to-date: /home/px4/ros2/ws/install/px4_msgs/share/px4_msgs/msg/ManualControlSwitches.idl\n'}
[2.868646] (px4_msgs) StdoutLine: {'line': b'-- Up-to-date: /home/px4/ros2/ws/install/px4_msgs/share/px4_msgs/msg/MavlinkLog.idl\n'}
[2.868712] (px4_msgs) StdoutLine: {'line': b'-- Up-to-date: /home/px4/ros2/ws/install/px4_msgs/share/px4_msgs/msg/MavlinkTunnel.idl\n'}
[2.868803] (px4_msgs) StdoutLine: {'line': b'-- Up-to-date: /home/px4/ros2/ws/install/px4_msgs/share/px4_msgs/msg/MessageFormatRequest.idl\n'}
[2.868930] (px4_msgs) StdoutLine: {'line': b'-- Up-to-date: /home/px4/ros2/ws/install/px4_msgs/share/px4_msgs/msg/MessageFormatResponse.idl\n'}
[2.869001] (px4_msgs) StdoutLine: {'line': b'-- Up-to-date: /home/px4/ros2/ws/install/px4_msgs/share/px4_msgs/msg/Mission.idl\n'}
[2.869064] (px4_msgs) StdoutLine: {'line': b'-- Up-to-date: /home/px4/ros2/ws/install/px4_msgs/share/px4_msgs/msg/MissionResult.idl\n'}
[2.869128] (px4_msgs) StdoutLine: {'line': b'-- Up-to-date: /home/px4/ros2/ws/install/px4_msgs/share/px4_msgs/msg/ModeCompleted.idl\n'}
[2.869206] (px4_msgs) StdoutLine: {'line': b'-- Up-to-date: /home/px4/ros2/ws/install/px4_msgs/share/px4_msgs/msg/MountOrientation.idl\n'}
[2.869294] (px4_msgs) StdoutLine: {'line': b'-- Up-to-date: /home/px4/ros2/ws/install/px4_msgs/share/px4_msgs/msg/NavigatorMissionItem.idl\n'}
[2.869393] (px4_msgs) StdoutLine: {'line': b'-- Up-to-date: /home/px4/ros2/ws/install/px4_msgs/share/px4_msgs/msg/NavigatorStatus.idl\n'}
[2.869459] (px4_msgs) StdoutLine: {'line': b'-- Up-to-date: /home/px4/ros2/ws/install/px4_msgs/share/px4_msgs/msg/NeuralControl.idl\n'}
[2.869525] (px4_msgs) StdoutLine: {'line': b'-- Up-to-date: /home/px4/ros2/ws/install/px4_msgs/share/px4_msgs/msg/NormalizedUnsignedSetpoint.idl\n'}
[2.869618] (px4_msgs) StdoutLine: {'line': b'-- Up-to-date: /home/px4/ros2/ws/install/px4_msgs/share/px4_msgs/msg/ObstacleDistance.idl\n'}
[2.869702] (px4_msgs) StdoutLine: {'line': b'-- Up-to-date: /home/px4/ros2/ws/install/px4_msgs/share/px4_msgs/msg/OffboardControlMode.idl\n'}
[2.869793] (px4_msgs) StdoutLine: {'line': b'-- Up-to-date: /home/px4/ros2/ws/install/px4_msgs/share/px4_msgs/msg/OnboardComputerStatus.idl\n'}
[2.869859] (px4_msgs) StdoutLine: {'line': b'-- Up-to-date: /home/px4/ros2/ws/install/px4_msgs/share/px4_msgs/msg/OpenDroneIdArmStatus.idl\n'}
[2.869931] (px4_msgs) StdoutLine: {'line': b'-- Up-to-date: /home/px4/ros2/ws/install/px4_msgs/share/px4_msgs/msg/OpenDroneIdOperatorId.idl\n'}
[2.869996] (px4_msgs) StdoutLine: {'line': b'-- Up-to-date: /home/px4/ros2/ws/install/px4_msgs/share/px4_msgs/msg/OpenDroneIdSelfId.idl\n'}
[2.870060] (px4_msgs) StdoutLine: {'line': b'-- Up-to-date: /home/px4/ros2/ws/install/px4_msgs/share/px4_msgs/msg/OpenDroneIdSystem.idl\n'}
[2.870123] (px4_msgs) StdoutLine: {'line': b'-- Up-to-date: /home/px4/ros2/ws/install/px4_msgs/share/px4_msgs/msg/OrbTest.idl\n'}
[2.870186] (px4_msgs) StdoutLine: {'line': b'-- Up-to-date: /home/px4/ros2/ws/install/px4_msgs/share/px4_msgs/msg/OrbTestLarge.idl\n'}
[2.870283] (px4_msgs) StdoutLine: {'line': b'-- Up-to-date: /home/px4/ros2/ws/install/px4_msgs/share/px4_msgs/msg/OrbTestMedium.idl\n'}
[2.870349] (px4_msgs) StdoutLine: {'line': b'-- Up-to-date: /home/px4/ros2/ws/install/px4_msgs/share/px4_msgs/msg/OrbitStatus.idl\n'}
[2.870411] (px4_msgs) StdoutLine: {'line': b'-- Up-to-date: /home/px4/ros2/ws/install/px4_msgs/share/px4_msgs/msg/ParameterResetRequest.idl\n'}
[2.870514] (px4_msgs) StdoutLine: {'line': b'-- Up-to-date: /home/px4/ros2/ws/install/px4_msgs/share/px4_msgs/msg/ParameterSetUsedRequest.idl\n'}
[2.870593] (px4_msgs) StdoutLine: {'line': b'-- Up-to-date: /home/px4/ros2/ws/install/px4_msgs/share/px4_msgs/msg/ParameterSetValueRequest.idl\n'}
[2.870674] (px4_msgs) StdoutLine: {'line': b'-- Up-to-date: /home/px4/ros2/ws/install/px4_msgs/share/px4_msgs/msg/ParameterSetValueResponse.idl\n'}
[2.870768] (px4_msgs) StdoutLine: {'line': b'-- Up-to-date: /home/px4/ros2/ws/install/px4_msgs/share/px4_msgs/msg/ParameterUpdate.idl\n'}
[2.870851] (px4_msgs) StdoutLine: {'line': b'-- Up-to-date: /home/px4/ros2/ws/install/px4_msgs/share/px4_msgs/msg/Ping.idl\n'}
[2.870931] (px4_msgs) StdoutLine: {'line': b'-- Up-to-date: /home/px4/ros2/ws/install/px4_msgs/share/px4_msgs/msg/PositionControllerLandingStatus.idl\n'}
[2.871021] (px4_msgs) StdoutLine: {'line': b'-- Up-to-date: /home/px4/ros2/ws/install/px4_msgs/share/px4_msgs/msg/PositionControllerStatus.idl\n'}
[2.871085] (px4_msgs) StdoutLine: {'line': b'-- Up-to-date: /home/px4/ros2/ws/install/px4_msgs/share/px4_msgs/msg/PositionSetpoint.idl\n'}
[2.871147] (px4_msgs) StdoutLine: {'line': b'-- Up-to-date: /home/px4/ros2/ws/install/px4_msgs/share/px4_msgs/msg/PositionSetpointTriplet.idl\n'}
[2.871276] (px4_msgs) StdoutLine: {'line': b'-- Up-to-date: /home/px4/ros2/ws/install/px4_msgs/share/px4_msgs/msg/PowerButtonState.idl\n'}
[2.871349] (px4_msgs) StdoutLine: {'line': b'-- Up-to-date: /home/px4/ros2/ws/install/px4_msgs/share/px4_msgs/msg/PowerMonitor.idl\n'}
[2.871433] (px4_msgs) StdoutLine: {'line': b'-- Up-to-date: /home/px4/ros2/ws/install/px4_msgs/share/px4_msgs/msg/PpsCapture.idl\n'}
[2.871509] (px4_msgs) StdoutLine: {'line': b'-- Up-to-date: /home/px4/ros2/ws/install/px4_msgs/share/px4_msgs/msg/PurePursuitStatus.idl\n'}
[2.871575] (px4_msgs) StdoutLine: {'line': b'-- Up-to-date: /home/px4/ros2/ws/install/px4_msgs/share/px4_msgs/msg/PwmInput.idl\n'}
[2.871640] (px4_msgs) StdoutLine: {'line': b'-- Up-to-date: /home/px4/ros2/ws/install/px4_msgs/share/px4_msgs/msg/Px4ioStatus.idl\n'}
[2.871704] (px4_msgs) StdoutLine: {'line': b'-- Up-to-date: /home/px4/ros2/ws/install/px4_msgs/share/px4_msgs/msg/QshellReq.idl\n'}
[2.871766] (px4_msgs) StdoutLine: {'line': b'-- Up-to-date: /home/px4/ros2/ws/install/px4_msgs/share/px4_msgs/msg/QshellRetval.idl\n'}
[2.871827] (px4_msgs) StdoutLine: {'line': b'-- Up-to-date: /home/px4/ros2/ws/install/px4_msgs/share/px4_msgs/msg/RadioStatus.idl\n'}
[2.871899] (px4_msgs) StdoutLine: {'line': b'-- Up-to-date: /home/px4/ros2/ws/install/px4_msgs/share/px4_msgs/msg/RateCtrlStatus.idl\n'}
[2.871959] (px4_msgs) StdoutLine: {'line': b'-- Up-to-date: /home/px4/ros2/ws/install/px4_msgs/share/px4_msgs/msg/RcChannels.idl\n'}
[2.872053] (px4_msgs) StdoutLine: {'line': b'-- Up-to-date: /home/px4/ros2/ws/install/px4_msgs/share/px4_msgs/msg/RcParameterMap.idl\n'}
[2.872115] (px4_msgs) StdoutLine: {'line': b'-- Up-to-date: /home/px4/ros2/ws/install/px4_msgs/share/px4_msgs/msg/RegisterExtComponentReply.idl\n'}
[2.872268] (px4_msgs) StdoutLine: {'line': b'-- Up-to-date: /home/px4/ros2/ws/install/px4_msgs/share/px4_msgs/msg/RegisterExtComponentRequest.idl\n'}
[2.872405] (px4_msgs) StdoutLine: {'line': b'-- Up-to-date: /home/px4/ros2/ws/install/px4_msgs/share/px4_msgs/msg/RoverAttitudeSetpoint.idl\n'}
[2.872510] (px4_msgs) StdoutLine: {'line': b'-- Up-to-date: /home/px4/ros2/ws/install/px4_msgs/share/px4_msgs/msg/RoverAttitudeStatus.idl\n'}
[2.872613] (px4_msgs) StdoutLine: {'line': b'-- Up-to-date: /home/px4/ros2/ws/install/px4_msgs/share/px4_msgs/msg/RoverPositionSetpoint.idl\n'}
[2.872715] (px4_msgs) StdoutLine: {'line': b'-- Up-to-date: /home/px4/ros2/ws/install/px4_msgs/share/px4_msgs/msg/RoverRateSetpoint.idl\n'}
[2.872810] (px4_msgs) StdoutLine: {'line': b'-- Up-to-date: /home/px4/ros2/ws/install/px4_msgs/share/px4_msgs/msg/RoverRateStatus.idl\n'}
[2.872925] (px4_msgs) StdoutLine: {'line': b'-- Up-to-date: /home/px4/ros2/ws/install/px4_msgs/share/px4_msgs/msg/RoverSteeringSetpoint.idl\n'}
[2.873033] (px4_msgs) StdoutLine: {'line': b'-- Up-to-date: /home/px4/ros2/ws/install/px4_msgs/share/px4_msgs/msg/RoverThrottleSetpoint.idl\n'}
[2.873135] (px4_msgs) StdoutLine: {'line': b'-- Up-to-date: /home/px4/ros2/ws/install/px4_msgs/share/px4_msgs/msg/RoverVelocitySetpoint.idl\n'}
[2.873349] (px4_msgs) StdoutLine: {'line': b'-- Up-to-date: /home/px4/ros2/ws/install/px4_msgs/share/px4_msgs/msg/RoverVelocityStatus.idl\n'}
[2.873452] (px4_msgs) StdoutLine: {'line': b'-- Up-to-date: /home/px4/ros2/ws/install/px4_msgs/share/px4_msgs/msg/Rpm.idl\n'}
[2.873531] (px4_msgs) StdoutLine: {'line': b'-- Up-to-date: /home/px4/ros2/ws/install/px4_msgs/share/px4_msgs/msg/RtlStatus.idl\n'}
[2.873604] (px4_msgs) StdoutLine: {'line': b'-- Up-to-date: /home/px4/ros2/ws/install/px4_msgs/share/px4_msgs/msg/RtlTimeEstimate.idl\n'}
[2.873671] (px4_msgs) StdoutLine: {'line': b'-- Up-to-date: /home/px4/ros2/ws/install/px4_msgs/share/px4_msgs/msg/SatelliteInfo.idl\n'}
[2.873742] (px4_msgs) StdoutLine: {'line': b'-- Up-to-date: /home/px4/ros2/ws/install/px4_msgs/share/px4_msgs/msg/SensorAccel.idl\n'}
[2.873808] (px4_msgs) StdoutLine: {'line': b'-- Up-to-date: /home/px4/ros2/ws/install/px4_msgs/share/px4_msgs/msg/SensorAccelFifo.idl\n'}
[2.873872] (px4_msgs) StdoutLine: {'line': b'-- Up-to-date: /home/px4/ros2/ws/install/px4_msgs/share/px4_msgs/msg/SensorAirflow.idl\n'}
[2.873936] (px4_msgs) StdoutLine: {'line': b'-- Up-to-date: /home/px4/ros2/ws/install/px4_msgs/share/px4_msgs/msg/SensorBaro.idl\n'}
[2.874001] (px4_msgs) StdoutLine: {'line': b'-- Up-to-date: /home/px4/ros2/ws/install/px4_msgs/share/px4_msgs/msg/SensorCombined.idl\n'}
[2.874126] (px4_msgs) StdoutLine: {'line': b'-- Up-to-date: /home/px4/ros2/ws/install/px4_msgs/share/px4_msgs/msg/SensorCorrection.idl\n'}
[2.874260] (px4_msgs) StdoutLine: {'line': b'-- Up-to-date: /home/px4/ros2/ws/install/px4_msgs/share/px4_msgs/msg/SensorGnssRelative.idl\n'}
[2.874348] (px4_msgs) StdoutLine: {'line': b'-- Up-to-date: /home/px4/ros2/ws/install/px4_msgs/share/px4_msgs/msg/SensorGps.idl\n'}
[2.874430] (px4_msgs) StdoutLine: {'line': b'-- Up-to-date: /home/px4/ros2/ws/install/px4_msgs/share/px4_msgs/msg/SensorGyro.idl\n'}
[2.874552] (px4_msgs) StdoutLine: {'line': b'-- Up-to-date: /home/px4/ros2/ws/install/px4_msgs/share/px4_msgs/msg/SensorGyroFft.idl\n'}
[2.874642] (px4_msgs) StdoutLine: {'line': b'-- Up-to-date: /home/px4/ros2/ws/install/px4_msgs/share/px4_msgs/msg/SensorGyroFifo.idl\n'}
[2.874729] (px4_msgs) StdoutLine: {'line': b'-- Up-to-date: /home/px4/ros2/ws/install/px4_msgs/share/px4_msgs/msg/SensorHygrometer.idl\n'}
[2.874845] (px4_msgs) StdoutLine: {'line': b'-- Up-to-date: /home/px4/ros2/ws/install/px4_msgs/share/px4_msgs/msg/SensorMag.idl\n'}
[2.874934] (px4_msgs) StdoutLine: {'line': b'-- Up-to-date: /home/px4/ros2/ws/install/px4_msgs/share/px4_msgs/msg/SensorOpticalFlow.idl\n'}
[2.875011] (px4_msgs) StdoutLine: {'line': b'-- Up-to-date: /home/px4/ros2/ws/install/px4_msgs/share/px4_msgs/msg/SensorPreflightMag.idl\n'}
[2.875100] (px4_msgs) StdoutLine: {'line': b'-- Up-to-date: /home/px4/ros2/ws/install/px4_msgs/share/px4_msgs/msg/SensorSelection.idl\n'}
[2.875174] (px4_msgs) StdoutLine: {'line': b'-- Up-to-date: /home/px4/ros2/ws/install/px4_msgs/share/px4_msgs/msg/SensorUwb.idl\n'}
[2.875294] (px4_msgs) StdoutLine: {'line': b'-- Up-to-date: /home/px4/ros2/ws/install/px4_msgs/share/px4_msgs/msg/SensorsStatus.idl\n'}
[2.875410] (px4_msgs) StdoutLine: {'line': b'-- Up-to-date: /home/px4/ros2/ws/install/px4_msgs/share/px4_msgs/msg/SensorsStatusImu.idl\n'}
[2.875508] (px4_msgs) StdoutLine: {'line': b'-- Up-to-date: /home/px4/ros2/ws/install/px4_msgs/share/px4_msgs/msg/SystemPower.idl\n'}
[2.875600] (px4_msgs) StdoutLine: {'line': b'-- Up-to-date: /home/px4/ros2/ws/install/px4_msgs/share/px4_msgs/msg/TakeoffStatus.idl\n'}
[2.875689] (px4_msgs) StdoutLine: {'line': b'-- Up-to-date: /home/px4/ros2/ws/install/px4_msgs/share/px4_msgs/msg/TaskStackInfo.idl\n'}
[2.875827] (px4_msgs) StdoutLine: {'line': b'-- Up-to-date: /home/px4/ros2/ws/install/px4_msgs/share/px4_msgs/msg/TecsStatus.idl\n'}
[2.875924] (px4_msgs) StdoutLine: {'line': b'-- Up-to-date: /home/px4/ros2/ws/install/px4_msgs/share/px4_msgs/msg/TelemetryStatus.idl\n'}
[2.876078] (px4_msgs) StdoutLine: {'line': b'-- Up-to-date: /home/px4/ros2/ws/install/px4_msgs/share/px4_msgs/msg/TiltrotorExtraControls.idl\n'}
[2.876185] (px4_msgs) StdoutLine: {'line': b'-- Up-to-date: /home/px4/ros2/ws/install/px4_msgs/share/px4_msgs/msg/TimesyncStatus.idl\n'}
[2.876296] (px4_msgs) StdoutLine: {'line': b'-- Up-to-date: /home/px4/ros2/ws/install/px4_msgs/share/px4_msgs/msg/TrajectorySetpoint.idl\n'}
[2.876395] (px4_msgs) StdoutLine: {'line': b'-- Up-to-date: /home/px4/ros2/ws/install/px4_msgs/share/px4_msgs/msg/TrajectorySetpoint6dof.idl\n'}
[2.876475] (px4_msgs) StdoutLine: {'line': b'-- Up-to-date: /home/px4/ros2/ws/install/px4_msgs/share/px4_msgs/msg/TransponderReport.idl\n'}
[2.876564] (px4_msgs) StdoutLine: {'line': b'-- Up-to-date: /home/px4/ros2/ws/install/px4_msgs/share/px4_msgs/msg/TuneControl.idl\n'}
[2.876664] (px4_msgs) StdoutLine: {'line': b'-- Up-to-date: /home/px4/ros2/ws/install/px4_msgs/share/px4_msgs/msg/UavcanParameterRequest.idl\n'}
[2.876785] (px4_msgs) StdoutLine: {'line': b'-- Up-to-date: /home/px4/ros2/ws/install/px4_msgs/share/px4_msgs/msg/UavcanParameterValue.idl\n'}
[2.876900] (px4_msgs) StdoutLine: {'line': b'-- Up-to-date: /home/px4/ros2/ws/install/px4_msgs/share/px4_msgs/msg/UlogStream.idl\n'}
[2.877007] (px4_msgs) StdoutLine: {'line': b'-- Up-to-date: /home/px4/ros2/ws/install/px4_msgs/share/px4_msgs/msg/UlogStreamAck.idl\n'}
[2.877105] (px4_msgs) StdoutLine: {'line': b'-- Up-to-date: /home/px4/ros2/ws/install/px4_msgs/share/px4_msgs/msg/UnregisterExtComponent.idl\n'}
[2.877221] (px4_msgs) StdoutLine: {'line': b'-- Up-to-date: /home/px4/ros2/ws/install/px4_msgs/share/px4_msgs/msg/VehicleAcceleration.idl\n'}
[2.877333] (px4_msgs) StdoutLine: {'line': b'-- Up-to-date: /home/px4/ros2/ws/install/px4_msgs/share/px4_msgs/msg/VehicleAirData.idl\n'}
[2.877443] (px4_msgs) StdoutLine: {'line': b'-- Up-to-date: /home/px4/ros2/ws/install/px4_msgs/share/px4_msgs/msg/VehicleAngularAccelerationSetpoint.idl\n'}
[2.877549] (px4_msgs) StdoutLine: {'line': b'-- Up-to-date: /home/px4/ros2/ws/install/px4_msgs/share/px4_msgs/msg/VehicleAngularVelocity.idl\n'}
[2.877634] (px4_msgs) StdoutLine: {'line': b'-- Up-to-date: /home/px4/ros2/ws/install/px4_msgs/share/px4_msgs/msg/VehicleAttitude.idl\n'}
[2.877732] (px4_msgs) StdoutLine: {'line': b'-- Up-to-date: /home/px4/ros2/ws/install/px4_msgs/share/px4_msgs/msg/VehicleAttitudeSetpoint.idl\n'}
[2.877885] (px4_msgs) StdoutLine: {'line': b'-- Up-to-date: /home/px4/ros2/ws/install/px4_msgs/share/px4_msgs/msg/VehicleCommand.idl\n'}
[2.877988] (px4_msgs) StdoutLine: {'line': b'-- Up-to-date: /home/px4/ros2/ws/install/px4_msgs/share/px4_msgs/msg/VehicleCommandAck.idl\n'}
[2.878102] (px4_msgs) StdoutLine: {'line': b'-- Up-to-date: /home/px4/ros2/ws/install/px4_msgs/share/px4_msgs/msg/VehicleConstraints.idl\n'}
[2.878172] (px4_msgs) StdoutLine: {'line': b'-- Up-to-date: /home/px4/ros2/ws/install/px4_msgs/share/px4_msgs/msg/VehicleControlMode.idl\n'}
[2.878279] (px4_msgs) StdoutLine: {'line': b'-- Up-to-date: /home/px4/ros2/ws/install/px4_msgs/share/px4_msgs/msg/VehicleGlobalPosition.idl\n'}
[2.878349] (px4_msgs) StdoutLine: {'line': b'-- Up-to-date: /home/px4/ros2/ws/install/px4_msgs/share/px4_msgs/msg/VehicleImu.idl\n'}
[2.878421] (px4_msgs) StdoutLine: {'line': b'-- Up-to-date: /home/px4/ros2/ws/install/px4_msgs/share/px4_msgs/msg/VehicleImuStatus.idl\n'}
[2.878518] (px4_msgs) StdoutLine: {'line': b'-- Up-to-date: /home/px4/ros2/ws/install/px4_msgs/share/px4_msgs/msg/VehicleLandDetected.idl\n'}
[2.878588] (px4_msgs) StdoutLine: {'line': b'-- Up-to-date: /home/px4/ros2/ws/install/px4_msgs/share/px4_msgs/msg/VehicleLocalPosition.idl\n'}
[2.878651] (px4_msgs) StdoutLine: {'line': b'-- Up-to-date: /home/px4/ros2/ws/install/px4_msgs/share/px4_msgs/msg/VehicleLocalPositionSetpoint.idl\n'}
[2.878717] (px4_msgs) StdoutLine: {'line': b'-- Up-to-date: /home/px4/ros2/ws/install/px4_msgs/share/px4_msgs/msg/VehicleMagnetometer.idl\n'}
[2.878812] (px4_msgs) StdoutLine: {'line': b'-- Up-to-date: /home/px4/ros2/ws/install/px4_msgs/share/px4_msgs/msg/VehicleOdometry.idl\n'}
[2.878877] (px4_msgs) StdoutLine: {'line': b'-- Up-to-date: /home/px4/ros2/ws/install/px4_msgs/share/px4_msgs/msg/VehicleOpticalFlow.idl\n'}
[2.878953] (px4_msgs) StdoutLine: {'line': b'-- Up-to-date: /home/px4/ros2/ws/install/px4_msgs/share/px4_msgs/msg/VehicleOpticalFlowVel.idl\n'}
[2.879043] (px4_msgs) StdoutLine: {'line': b'-- Up-to-date: /home/px4/ros2/ws/install/px4_msgs/share/px4_msgs/msg/VehicleRatesSetpoint.idl\n'}
[2.879128] (px4_msgs) StdoutLine: {'line': b'-- Up-to-date: /home/px4/ros2/ws/install/px4_msgs/share/px4_msgs/msg/VehicleRoi.idl\n'}
[2.879233] (px4_msgs) StdoutLine: {'line': b'-- Up-to-date: /home/px4/ros2/ws/install/px4_msgs/share/px4_msgs/msg/VehicleStatus.idl\n'}
[2.879314] (px4_msgs) StdoutLine: {'line': b'-- Up-to-date: /home/px4/ros2/ws/install/px4_msgs/share/px4_msgs/msg/VehicleThrustSetpoint.idl\n'}
[2.879455] (px4_msgs) StdoutLine: {'line': b'-- Up-to-date: /home/px4/ros2/ws/install/px4_msgs/share/px4_msgs/msg/VehicleTorqueSetpoint.idl\n'}
[2.879528] (px4_msgs) StdoutLine: {'line': b'-- Up-to-date: /home/px4/ros2/ws/install/px4_msgs/share/px4_msgs/msg/VelocityLimits.idl\n'}
[2.879593] (px4_msgs) StdoutLine: {'line': b'-- Up-to-date: /home/px4/ros2/ws/install/px4_msgs/share/px4_msgs/msg/VtolVehicleStatus.idl\n'}
[2.879656] (px4_msgs) StdoutLine: {'line': b'-- Up-to-date: /home/px4/ros2/ws/install/px4_msgs/share/px4_msgs/msg/WheelEncoders.idl\n'}
[2.879718] (px4_msgs) StdoutLine: {'line': b'-- Up-to-date: /home/px4/ros2/ws/install/px4_msgs/share/px4_msgs/msg/Wind.idl\n'}
[2.879783] (px4_msgs) StdoutLine: {'line': b'-- Up-to-date: /home/px4/ros2/ws/install/px4_msgs/share/px4_msgs/msg/YawEstimatorStatus.idl\n'}
[2.879848] (px4_msgs) StdoutLine: {'line': b'-- Up-to-date: /home/px4/ros2/ws/install/px4_msgs/share/px4_msgs/srv/VehicleCommand.idl\n'}
[2.879926] (px4_msgs) StdoutLine: {'line': b'-- Up-to-date: /home/px4/ros2/ws/install/px4_msgs/share/px4_msgs/msg/ActionRequest.msg\n'}
[2.880009] (px4_msgs) StdoutLine: {'line': b'-- Up-to-date: /home/px4/ros2/ws/install/px4_msgs/share/px4_msgs/msg/ActuatorArmed.msg\n'}
[2.880073] (px4_msgs) StdoutLine: {'line': b'-- Up-to-date: /home/px4/ros2/ws/install/px4_msgs/share/px4_msgs/msg/ActuatorControlsStatus.msg\n'}
[2.880137] (px4_msgs) StdoutLine: {'line': b'-- Up-to-date: /home/px4/ros2/ws/install/px4_msgs/share/px4_msgs/msg/ActuatorMotors.msg\n'}
[2.880285] (px4_msgs) StdoutLine: {'line': b'-- Up-to-date: /home/px4/ros2/ws/install/px4_msgs/share/px4_msgs/msg/ActuatorOutputs.msg\n'}
[2.880373] (px4_msgs) StdoutLine: {'line': b'-- Up-to-date: /home/px4/ros2/ws/install/px4_msgs/share/px4_msgs/msg/ActuatorServos.msg\n'}
[2.880453] (px4_msgs) StdoutLine: {'line': b'-- Up-to-date: /home/px4/ros2/ws/install/px4_msgs/share/px4_msgs/msg/ActuatorServosTrim.msg\n'}
[2.880536] (px4_msgs) StdoutLine: {'line': b'-- Up-to-date: /home/px4/ros2/ws/install/px4_msgs/share/px4_msgs/msg/ActuatorTest.msg\n'}
[2.880697] (px4_msgs) StdoutLine: {'line': b'-- Up-to-date: /home/px4/ros2/ws/install/px4_msgs/share/px4_msgs/msg/AdcReport.msg\n'}
[2.880815] (px4_msgs) StdoutLine: {'line': b'-- Up-to-date: /home/px4/ros2/ws/install/px4_msgs/share/px4_msgs/msg/Airspeed.msg\n'}
[2.880925] (px4_msgs) StdoutLine: {'line': b'-- Up-to-date: /home/px4/ros2/ws/install/px4_msgs/share/px4_msgs/msg/AirspeedValidated.msg\n'}
[2.881026] (px4_msgs) StdoutLine: {'line': b'-- Up-to-date: /home/px4/ros2/ws/install/px4_msgs/share/px4_msgs/msg/AirspeedWind.msg\n'}
[2.881142] (px4_msgs) StdoutLine: {'line': b'-- Up-to-date: /home/px4/ros2/ws/install/px4_msgs/share/px4_msgs/msg/ArmingCheckReply.msg\n'}
[2.881256] (px4_msgs) StdoutLine: {'line': b'-- Up-to-date: /home/px4/ros2/ws/install/px4_msgs/share/px4_msgs/msg/ArmingCheckRequest.msg\n'}
[2.881327] (px4_msgs) StdoutLine: {'line': b'-- Up-to-date: /home/px4/ros2/ws/install/px4_msgs/share/px4_msgs/msg/AutotuneAttitudeControlStatus.msg\n'}
[2.881392] (px4_msgs) StdoutLine: {'line': b'-- Up-to-date: /home/px4/ros2/ws/install/px4_msgs/share/px4_msgs/msg/BatteryInfo.msg\n'}
[2.881492] (px4_msgs) StdoutLine: {'line': b'-- Up-to-date: /home/px4/ros2/ws/install/px4_msgs/share/px4_msgs/msg/BatteryStatus.msg\n'}
[2.881558] (px4_msgs) StdoutLine: {'line': b'-- Up-to-date: /home/px4/ros2/ws/install/px4_msgs/share/px4_msgs/msg/ButtonEvent.msg\n'}
[2.881625] (px4_msgs) StdoutLine: {'line': b'-- Up-to-date: /home/px4/ros2/ws/install/px4_msgs/share/px4_msgs/msg/CameraCapture.msg\n'}
[2.881714] (px4_msgs) StdoutLine: {'line': b'-- Up-to-date: /home/px4/ros2/ws/install/px4_msgs/share/px4_msgs/msg/CameraStatus.msg\n'}
[2.881779] (px4_msgs) StdoutLine: {'line': b'-- Up-to-date: /home/px4/ros2/ws/install/px4_msgs/share/px4_msgs/msg/CameraTrigger.msg\n'}
[2.881841] (px4_msgs) StdoutLine: {'line': b'-- Up-to-date: /home/px4/ros2/ws/install/px4_msgs/share/px4_msgs/msg/CanInterfaceStatus.msg\n'}
[2.881910] (px4_msgs) StdoutLine: {'line': b'-- Up-to-date: /home/px4/ros2/ws/install/px4_msgs/share/px4_msgs/msg/CellularStatus.msg\n'}
[2.882003] (px4_msgs) StdoutLine: {'line': b'-- Up-to-date: /home/px4/ros2/ws/install/px4_msgs/share/px4_msgs/msg/CollisionConstraints.msg\n'}
[2.882067] (px4_msgs) StdoutLine: {'line': b'-- Up-to-date: /home/px4/ros2/ws/install/px4_msgs/share/px4_msgs/msg/ConfigOverrides.msg\n'}
[2.882129] (px4_msgs) StdoutLine: {'line': b'-- Up-to-date: /home/px4/ros2/ws/install/px4_msgs/share/px4_msgs/msg/ControlAllocatorStatus.msg\n'}
[2.882202] (px4_msgs) StdoutLine: {'line': b'-- Up-to-date: /home/px4/ros2/ws/install/px4_msgs/share/px4_msgs/msg/Cpuload.msg\n'}
[2.882277] (px4_msgs) StdoutLine: {'line': b'-- Up-to-date: /home/px4/ros2/ws/install/px4_msgs/share/px4_msgs/msg/DatamanRequest.msg\n'}
[2.882343] (px4_msgs) StdoutLine: {'line': b'-- Up-to-date: /home/px4/ros2/ws/install/px4_msgs/share/px4_msgs/msg/DatamanResponse.msg\n'}
[2.882403] (px4_msgs) StdoutLine: {'line': b'-- Up-to-date: /home/px4/ros2/ws/install/px4_msgs/share/px4_msgs/msg/DebugArray.msg\n'}
[2.882463] (px4_msgs) StdoutLine: {'line': b'-- Up-to-date: /home/px4/ros2/ws/install/px4_msgs/share/px4_msgs/msg/DebugKeyValue.msg\n'}
[2.882524] (px4_msgs) StdoutLine: {'line': b'-- Up-to-date: /home/px4/ros2/ws/install/px4_msgs/share/px4_msgs/msg/DebugValue.msg\n'}
[2.882585] (px4_msgs) StdoutLine: {'line': b'-- Up-to-date: /home/px4/ros2/ws/install/px4_msgs/share/px4_msgs/msg/DebugVect.msg\n'}
[2.882645] (px4_msgs) StdoutLine: {'line': b'-- Up-to-date: /home/px4/ros2/ws/install/px4_msgs/share/px4_msgs/msg/DifferentialPressure.msg\n'}
[2.882754] (px4_msgs) StdoutLine: {'line': b'-- Up-to-date: /home/px4/ros2/ws/install/px4_msgs/share/px4_msgs/msg/DistanceSensor.msg\n'}
[2.882827] (px4_msgs) StdoutLine: {'line': b'-- Up-to-date: /home/px4/ros2/ws/install/px4_msgs/share/px4_msgs/msg/DistanceSensorModeChangeRequest.msg\n'}
[2.882893] (px4_msgs) StdoutLine: {'line': b'-- Up-to-date: /home/px4/ros2/ws/install/px4_msgs/share/px4_msgs/msg/DronecanNodeStatus.msg\n'}
[2.882973] (px4_msgs) StdoutLine: {'line': b'-- Up-to-date: /home/px4/ros2/ws/install/px4_msgs/share/px4_msgs/msg/Ekf2Timestamps.msg\n'}
[2.883038] (px4_msgs) StdoutLine: {'line': b'-- Up-to-date: /home/px4/ros2/ws/install/px4_msgs/share/px4_msgs/msg/EscReport.msg\n'}
[2.883122] (px4_msgs) StdoutLine: {'line': b'-- Up-to-date: /home/px4/ros2/ws/install/px4_msgs/share/px4_msgs/msg/EscStatus.msg\n'}
[2.883214] (px4_msgs) StdoutLine: {'line': b'-- Up-to-date: /home/px4/ros2/ws/install/px4_msgs/share/px4_msgs/msg/EstimatorAidSource1d.msg\n'}
[2.883330] (px4_msgs) StdoutLine: {'line': b'-- Up-to-date: /home/px4/ros2/ws/install/px4_msgs/share/px4_msgs/msg/EstimatorAidSource2d.msg\n'}
[2.883581] (px4_msgs) StdoutLine: {'line': b'-- Up-to-date: /home/px4/ros2/ws/install/px4_msgs/share/px4_msgs/msg/EstimatorAidSource3d.msg\n'}
[2.883727] (px4_msgs) StdoutLine: {'line': b'-- Up-to-date: /home/px4/ros2/ws/install/px4_msgs/share/px4_msgs/msg/EstimatorBias.msg\n'}
[2.883854] (px4_msgs) StdoutLine: {'line': b'-- Up-to-date: /home/px4/ros2/ws/install/px4_msgs/share/px4_msgs/msg/EstimatorBias3d.msg\n'}
[2.883967] (px4_msgs) StdoutLine: {'line': b'-- Up-to-date: /home/px4/ros2/ws/install/px4_msgs/share/px4_msgs/msg/EstimatorEventFlags.msg\n'}
[2.884147] (px4_msgs) StdoutLine: {'line': b'-- Up-to-date: /home/px4/ros2/ws/install/px4_msgs/share/px4_msgs/msg/EstimatorGpsStatus.msg\n'}
[2.884303] (px4_msgs) StdoutLine: {'line': b'-- Up-to-date: /home/px4/ros2/ws/install/px4_msgs/share/px4_msgs/msg/EstimatorInnovations.msg\n'}
[2.884409] (px4_msgs) StdoutLine: {'line': b'-- Up-to-date: /home/px4/ros2/ws/install/px4_msgs/share/px4_msgs/msg/EstimatorSelectorStatus.msg\n'}
[2.884577] (px4_msgs) StdoutLine: {'line': b'-- Up-to-date: /home/px4/ros2/ws/install/px4_msgs/share/px4_msgs/msg/EstimatorSensorBias.msg\n'}
[2.884692] (px4_msgs) StdoutLine: {'line': b'-- Up-to-date: /home/px4/ros2/ws/install/px4_msgs/share/px4_msgs/msg/EstimatorStates.msg\n'}
[2.884784] (px4_msgs) StdoutLine: {'line': b'-- Up-to-date: /home/px4/ros2/ws/install/px4_msgs/share/px4_msgs/msg/EstimatorStatus.msg\n'}
[2.884893] (px4_msgs) StdoutLine: {'line': b'-- Up-to-date: /home/px4/ros2/ws/install/px4_msgs/share/px4_msgs/msg/EstimatorStatusFlags.msg\n'}
[2.885000] (px4_msgs) StdoutLine: {'line': b'-- Up-to-date: /home/px4/ros2/ws/install/px4_msgs/share/px4_msgs/msg/Event.msg\n'}
[2.885138] (px4_msgs) StdoutLine: {'line': b'-- Up-to-date: /home/px4/ros2/ws/install/px4_msgs/share/px4_msgs/msg/FailsafeFlags.msg\n'}
[2.885246] (px4_msgs) StdoutLine: {'line': b'-- Up-to-date: /home/px4/ros2/ws/install/px4_msgs/share/px4_msgs/msg/FailureDetectorStatus.msg\n'}
[2.885322] (px4_msgs) StdoutLine: {'line': b'-- Up-to-date: /home/px4/ros2/ws/install/px4_msgs/share/px4_msgs/msg/FigureEightStatus.msg\n'}
[2.885389] (px4_msgs) StdoutLine: {'line': b'-- Up-to-date: /home/px4/ros2/ws/install/px4_msgs/share/px4_msgs/msg/FixedWingLateralGuidanceStatus.msg\n'}
[2.885514] (px4_msgs) StdoutLine: {'line': b'-- Up-to-date: /home/px4/ros2/ws/install/px4_msgs/share/px4_msgs/msg/FixedWingLateralSetpoint.msg\n'}
[2.885665] (px4_msgs) StdoutLine: {'line': b'-- Up-to-date: /home/px4/ros2/ws/install/px4_msgs/share/px4_msgs/msg/FixedWingLateralStatus.msg\n'}
[2.885821] (px4_msgs) StdoutLine: {'line': b'-- Up-to-date: /home/px4/ros2/ws/install/px4_msgs/share/px4_msgs/msg/FixedWingLongitudinalSetpoint.msg\n'}
[2.885941] (px4_msgs) StdoutLine: {'line': b'-- Up-to-date: /home/px4/ros2/ws/install/px4_msgs/share/px4_msgs/msg/FixedWingRunwayControl.msg\n'}
[2.886045] (px4_msgs) StdoutLine: {'line': b'-- Up-to-date: /home/px4/ros2/ws/install/px4_msgs/share/px4_msgs/msg/FlightPhaseEstimation.msg\n'}
[2.886208] (px4_msgs) StdoutLine: {'line': b'-- Up-to-date: /home/px4/ros2/ws/install/px4_msgs/share/px4_msgs/msg/FollowTarget.msg\n'}
[2.886328] (px4_msgs) StdoutLine: {'line': b'-- Up-to-date: /home/px4/ros2/ws/install/px4_msgs/share/px4_msgs/msg/FollowTargetEstimator.msg\n'}
[2.886432] (px4_msgs) StdoutLine: {'line': b'-- Up-to-date: /home/px4/ros2/ws/install/px4_msgs/share/px4_msgs/msg/FollowTargetStatus.msg\n'}
[2.886532] (px4_msgs) StdoutLine: {'line': b'-- Up-to-date: /home/px4/ros2/ws/install/px4_msgs/share/px4_msgs/msg/FuelTankStatus.msg\n'}
[2.886611] (px4_msgs) StdoutLine: {'line': b'-- Up-to-date: /home/px4/ros2/ws/install/px4_msgs/share/px4_msgs/msg/GeneratorStatus.msg\n'}
[2.886696] (px4_msgs) StdoutLine: {'line': b'-- Up-to-date: /home/px4/ros2/ws/install/px4_msgs/share/px4_msgs/msg/GeofenceResult.msg\n'}
[2.886777] (px4_msgs) StdoutLine: {'line': b'-- Up-to-date: /home/px4/ros2/ws/install/px4_msgs/share/px4_msgs/msg/GeofenceStatus.msg\n'}
[2.886878] (px4_msgs) StdoutLine: {'line': b'-- Up-to-date: /home/px4/ros2/ws/install/px4_msgs/share/px4_msgs/msg/GimbalControls.msg\n'}
[2.886946] (px4_msgs) StdoutLine: {'line': b'-- Up-to-date: /home/px4/ros2/ws/install/px4_msgs/share/px4_msgs/msg/GimbalDeviceAttitudeStatus.msg\n'}
[2.887039] (px4_msgs) StdoutLine: {'line': b'-- Up-to-date: /home/px4/ros2/ws/install/px4_msgs/share/px4_msgs/msg/GimbalDeviceInformation.msg\n'}
[2.887136] (px4_msgs) StdoutLine: {'line': b'-- Up-to-date: /home/px4/ros2/ws/install/px4_msgs/share/px4_msgs/msg/GimbalDeviceSetAttitude.msg\n'}
[2.887254] (px4_msgs) StdoutLine: {'line': b'-- Up-to-date: /home/px4/ros2/ws/install/px4_msgs/share/px4_msgs/msg/GimbalManagerInformation.msg\n'}
[2.887357] (px4_msgs) StdoutLine: {'line': b'-- Up-to-date: /home/px4/ros2/ws/install/px4_msgs/share/px4_msgs/msg/GimbalManagerSetAttitude.msg\n'}
[2.887520] (px4_msgs) StdoutLine: {'line': b'-- Up-to-date: /home/px4/ros2/ws/install/px4_msgs/share/px4_msgs/msg/GimbalManagerSetManualControl.msg\n'}
[2.887677] (px4_msgs) StdoutLine: {'line': b'-- Up-to-date: /home/px4/ros2/ws/install/px4_msgs/share/px4_msgs/msg/GimbalManagerStatus.msg\n'}
[2.887787] (px4_msgs) StdoutLine: {'line': b'-- Up-to-date: /home/px4/ros2/ws/install/px4_msgs/share/px4_msgs/msg/GotoSetpoint.msg\n'}
[2.887878] (px4_msgs) StdoutLine: {'line': b'-- Up-to-date: /home/px4/ros2/ws/install/px4_msgs/share/px4_msgs/msg/GpioConfig.msg\n'}
[2.887966] (px4_msgs) StdoutLine: {'line': b'-- Up-to-date: /home/px4/ros2/ws/install/px4_msgs/share/px4_msgs/msg/GpioIn.msg\n'}
[2.888039] (px4_msgs) StdoutLine: {'line': b'-- Up-to-date: /home/px4/ros2/ws/install/px4_msgs/share/px4_msgs/msg/GpioOut.msg\n'}
[2.888122] (px4_msgs) StdoutLine: {'line': b'-- Up-to-date: /home/px4/ros2/ws/install/px4_msgs/share/px4_msgs/msg/GpioRequest.msg\n'}
[2.888301] (px4_msgs) StdoutLine: {'line': b'-- Up-to-date: /home/px4/ros2/ws/install/px4_msgs/share/px4_msgs/msg/GpsDump.msg\n'}
[2.888386] (px4_msgs) StdoutLine: {'line': b'-- Up-to-date: /home/px4/ros2/ws/install/px4_msgs/share/px4_msgs/msg/GpsInjectData.msg\n'}
[2.888463] (px4_msgs) StdoutLine: {'line': b'-- Up-to-date: /home/px4/ros2/ws/install/px4_msgs/share/px4_msgs/msg/Gripper.msg\n'}
[2.888527] (px4_msgs) StdoutLine: {'line': b'-- Up-to-date: /home/px4/ros2/ws/install/px4_msgs/share/px4_msgs/msg/HealthReport.msg\n'}
[2.888589] (px4_msgs) StdoutLine: {'line': b'-- Up-to-date: /home/px4/ros2/ws/install/px4_msgs/share/px4_msgs/msg/HeaterStatus.msg\n'}
[2.888649] (px4_msgs) StdoutLine: {'line': b'-- Up-to-date: /home/px4/ros2/ws/install/px4_msgs/share/px4_msgs/msg/HomePosition.msg\n'}
[2.888723] (px4_msgs) StdoutLine: {'line': b'-- Up-to-date: /home/px4/ros2/ws/install/px4_msgs/share/px4_msgs/msg/HoverThrustEstimate.msg\n'}
[2.888795] (px4_msgs) StdoutLine: {'line': b'-- Up-to-date: /home/px4/ros2/ws/install/px4_msgs/share/px4_msgs/msg/InputRc.msg\n'}
[2.888967] (px4_msgs) StdoutLine: {'line': b'-- Up-to-date: /home/px4/ros2/ws/install/px4_msgs/share/px4_msgs/msg/InternalCombustionEngineControl.msg\n'}
[2.889074] (px4_msgs) StdoutLine: {'line': b'-- Up-to-date: /home/px4/ros2/ws/install/px4_msgs/share/px4_msgs/msg/InternalCombustionEngineStatus.msg\n'}
[2.889160] (px4_msgs) StdoutLine: {'line': b'-- Up-to-date: /home/px4/ros2/ws/install/px4_msgs/share/px4_msgs/msg/IridiumsbdStatus.msg\n'}
[2.889340] (px4_msgs) StdoutLine: {'line': b'-- Up-to-date: /home/px4/ros2/ws/install/px4_msgs/share/px4_msgs/msg/IrlockReport.msg\n'}
[2.889445] (px4_msgs) StdoutLine: {'line': b'-- Up-to-date: /home/px4/ros2/ws/install/px4_msgs/share/px4_msgs/msg/LandingGear.msg\n'}
[2.889513] (px4_msgs) StdoutLine: {'line': b'-- Up-to-date: /home/px4/ros2/ws/install/px4_msgs/share/px4_msgs/msg/LandingGearWheel.msg\n'}
[2.889579] (px4_msgs) StdoutLine: {'line': b'-- Up-to-date: /home/px4/ros2/ws/install/px4_msgs/share/px4_msgs/msg/LandingTargetInnovations.msg\n'}
[2.889645] (px4_msgs) StdoutLine: {'line': b'-- Up-to-date: /home/px4/ros2/ws/install/px4_msgs/share/px4_msgs/msg/LandingTargetPose.msg\n'}
[2.889742] (px4_msgs) StdoutLine: {'line': b'-- Up-to-date: /home/px4/ros2/ws/install/px4_msgs/share/px4_msgs/msg/LateralControlConfiguration.msg\n'}
[2.889806] (px4_msgs) StdoutLine: {'line': b'-- Up-to-date: /home/px4/ros2/ws/install/px4_msgs/share/px4_msgs/msg/LaunchDetectionStatus.msg\n'}
[2.889868] (px4_msgs) StdoutLine: {'line': b'-- Up-to-date: /home/px4/ros2/ws/install/px4_msgs/share/px4_msgs/msg/LedControl.msg\n'}
[2.889930] (px4_msgs) StdoutLine: {'line': b'-- Up-to-date: /home/px4/ros2/ws/install/px4_msgs/share/px4_msgs/msg/LogMessage.msg\n'}
[2.889991] (px4_msgs) StdoutLine: {'line': b'-- Up-to-date: /home/px4/ros2/ws/install/px4_msgs/share/px4_msgs/msg/LoggerStatus.msg\n'}
[2.890055] (px4_msgs) StdoutLine: {'line': b'-- Up-to-date: /home/px4/ros2/ws/install/px4_msgs/share/px4_msgs/msg/LongitudinalControlConfiguration.msg\n'}
[2.890119] (px4_msgs) StdoutLine: {'line': b'-- Up-to-date: /home/px4/ros2/ws/install/px4_msgs/share/px4_msgs/msg/MagWorkerData.msg\n'}
[2.890185] (px4_msgs) StdoutLine: {'line': b'-- Up-to-date: /home/px4/ros2/ws/install/px4_msgs/share/px4_msgs/msg/MagnetometerBiasEstimate.msg\n'}
[2.890297] (px4_msgs) StdoutLine: {'line': b'-- Up-to-date: /home/px4/ros2/ws/install/px4_msgs/share/px4_msgs/msg/ManualControlSetpoint.msg\n'}
[2.890396] (px4_msgs) StdoutLine: {'line': b'-- Up-to-date: /home/px4/ros2/ws/install/px4_msgs/share/px4_msgs/msg/ManualControlSwitches.msg\n'}
[2.890497] (px4_msgs) StdoutLine: {'line': b'-- Up-to-date: /home/px4/ros2/ws/install/px4_msgs/share/px4_msgs/msg/MavlinkLog.msg\n'}
[2.890561] (px4_msgs) StdoutLine: {'line': b'-- Up-to-date: /home/px4/ros2/ws/install/px4_msgs/share/px4_msgs/msg/MavlinkTunnel.msg\n'}
[2.890656] (px4_msgs) StdoutLine: {'line': b'-- Up-to-date: /home/px4/ros2/ws/install/px4_msgs/share/px4_msgs/msg/MessageFormatRequest.msg\n'}
[2.890720] (px4_msgs) StdoutLine: {'line': b'-- Up-to-date: /home/px4/ros2/ws/install/px4_msgs/share/px4_msgs/msg/MessageFormatResponse.msg\n'}
[2.890809] (px4_msgs) StdoutLine: {'line': b'-- Up-to-date: /home/px4/ros2/ws/install/px4_msgs/share/px4_msgs/msg/Mission.msg\n'}
[2.890871] (px4_msgs) StdoutLine: {'line': b'-- Up-to-date: /home/px4/ros2/ws/install/px4_msgs/share/px4_msgs/msg/MissionResult.msg\n'}
[2.890971] (px4_msgs) StdoutLine: {'line': b'-- Up-to-date: /home/px4/ros2/ws/install/px4_msgs/share/px4_msgs/msg/ModeCompleted.msg\n'}
[2.891036] (px4_msgs) StdoutLine: {'line': b'-- Up-to-date: /home/px4/ros2/ws/install/px4_msgs/share/px4_msgs/msg/MountOrientation.msg\n'}
[2.891109] (px4_msgs) StdoutLine: {'line': b'-- Up-to-date: /home/px4/ros2/ws/install/px4_msgs/share/px4_msgs/msg/NavigatorMissionItem.msg\n'}
[2.891172] (px4_msgs) StdoutLine: {'line': b'-- Up-to-date: /home/px4/ros2/ws/install/px4_msgs/share/px4_msgs/msg/NavigatorStatus.msg\n'}
[2.891263] (px4_msgs) StdoutLine: {'line': b'-- Up-to-date: /home/px4/ros2/ws/install/px4_msgs/share/px4_msgs/msg/NeuralControl.msg\n'}
[2.891328] (px4_msgs) StdoutLine: {'line': b'-- Up-to-date: /home/px4/ros2/ws/install/px4_msgs/share/px4_msgs/msg/NormalizedUnsignedSetpoint.msg\n'}
[2.891388] (px4_msgs) StdoutLine: {'line': b'-- Up-to-date: /home/px4/ros2/ws/install/px4_msgs/share/px4_msgs/msg/ObstacleDistance.msg\n'}
[2.891459] (px4_msgs) StdoutLine: {'line': b'-- Up-to-date: /home/px4/ros2/ws/install/px4_msgs/share/px4_msgs/msg/OffboardControlMode.msg\n'}
[2.891524] (px4_msgs) StdoutLine: {'line': b'-- Up-to-date: /home/px4/ros2/ws/install/px4_msgs/share/px4_msgs/msg/OnboardComputerStatus.msg\n'}
[2.891624] (px4_msgs) StdoutLine: {'line': b'-- Up-to-date: /home/px4/ros2/ws/install/px4_msgs/share/px4_msgs/msg/OpenDroneIdArmStatus.msg\n'}
[2.891687] (px4_msgs) StdoutLine: {'line': b'-- Up-to-date: /home/px4/ros2/ws/install/px4_msgs/share/px4_msgs/msg/OpenDroneIdOperatorId.msg\n'}
[2.891747] (px4_msgs) StdoutLine: {'line': b'-- Up-to-date: /home/px4/ros2/ws/install/px4_msgs/share/px4_msgs/msg/OpenDroneIdSelfId.msg\n'}
[2.891839] (px4_msgs) StdoutLine: {'line': b'-- Up-to-date: /home/px4/ros2/ws/install/px4_msgs/share/px4_msgs/msg/OpenDroneIdSystem.msg\n'}
[2.891901] (px4_msgs) StdoutLine: {'line': b'-- Up-to-date: /home/px4/ros2/ws/install/px4_msgs/share/px4_msgs/msg/OrbTest.msg\n'}
[2.891961] (px4_msgs) StdoutLine: {'line': b'-- Up-to-date: /home/px4/ros2/ws/install/px4_msgs/share/px4_msgs/msg/OrbTestLarge.msg\n'}
[2.892023] (px4_msgs) StdoutLine: {'line': b'-- Up-to-date: /home/px4/ros2/ws/install/px4_msgs/share/px4_msgs/msg/OrbTestMedium.msg\n'}
[2.892082] (px4_msgs) StdoutLine: {'line': b'-- Up-to-date: /home/px4/ros2/ws/install/px4_msgs/share/px4_msgs/msg/OrbitStatus.msg\n'}
[2.892171] (px4_msgs) StdoutLine: {'line': b'-- Up-to-date: /home/px4/ros2/ws/install/px4_msgs/share/px4_msgs/msg/ParameterResetRequest.msg\n'}
[2.892257] (px4_msgs) StdoutLine: {'line': b'-- Up-to-date: /home/px4/ros2/ws/install/px4_msgs/share/px4_msgs/msg/ParameterSetUsedRequest.msg\n'}
[2.892441] (px4_msgs) StdoutLine: {'line': b'-- Up-to-date: /home/px4/ros2/ws/install/px4_msgs/share/px4_msgs/msg/ParameterSetValueRequest.msg\n'}
[2.892515] (px4_msgs) StdoutLine: {'line': b'-- Up-to-date: /home/px4/ros2/ws/install/px4_msgs/share/px4_msgs/msg/ParameterSetValueResponse.msg\n'}
[2.892618] (px4_msgs) StdoutLine: {'line': b'-- Up-to-date: /home/px4/ros2/ws/install/px4_msgs/share/px4_msgs/msg/ParameterUpdate.msg\n'}
[2.892693] (px4_msgs) StdoutLine: {'line': b'-- Up-to-date: /home/px4/ros2/ws/install/px4_msgs/share/px4_msgs/msg/Ping.msg\n'}
[2.892800] (px4_msgs) StdoutLine: {'line': b'-- Up-to-date: /home/px4/ros2/ws/install/px4_msgs/share/px4_msgs/msg/PositionControllerLandingStatus.msg\n'}
[2.892924] (px4_msgs) StdoutLine: {'line': b'-- Up-to-date: /home/px4/ros2/ws/install/px4_msgs/share/px4_msgs/msg/PositionControllerStatus.msg\n'}
[2.893133] (px4_msgs) StdoutLine: {'line': b'-- Up-to-date: /home/px4/ros2/ws/install/px4_msgs/share/px4_msgs/msg/PositionSetpoint.msg\n'}
[2.893260] (px4_msgs) StdoutLine: {'line': b'-- Up-to-date: /home/px4/ros2/ws/install/px4_msgs/share/px4_msgs/msg/PositionSetpointTriplet.msg\n'}
[2.893342] (px4_msgs) StdoutLine: {'line': b'-- Up-to-date: /home/px4/ros2/ws/install/px4_msgs/share/px4_msgs/msg/PowerButtonState.msg\n'}
[2.893457] (px4_msgs) StdoutLine: {'line': b'-- Up-to-date: /home/px4/ros2/ws/install/px4_msgs/share/px4_msgs/msg/PowerMonitor.msg\n'}
[2.893597] (px4_msgs) StdoutLine: {'line': b'-- Up-to-date: /home/px4/ros2/ws/install/px4_msgs/share/px4_msgs/msg/PpsCapture.msg\n'}
[2.893694] (px4_msgs) StdoutLine: {'line': b'-- Up-to-date: /home/px4/ros2/ws/install/px4_msgs/share/px4_msgs/msg/PurePursuitStatus.msg\n'}
[2.893795] (px4_msgs) StdoutLine: {'line': b'-- Up-to-date: /home/px4/ros2/ws/install/px4_msgs/share/px4_msgs/msg/PwmInput.msg\n'}
[2.893892] (px4_msgs) StdoutLine: {'line': b'-- Up-to-date: /home/px4/ros2/ws/install/px4_msgs/share/px4_msgs/msg/Px4ioStatus.msg\n'}
[2.893986] (px4_msgs) StdoutLine: {'line': b'-- Up-to-date: /home/px4/ros2/ws/install/px4_msgs/share/px4_msgs/msg/QshellReq.msg\n'}
[2.894072] (px4_msgs) StdoutLine: {'line': b'-- Up-to-date: /home/px4/ros2/ws/install/px4_msgs/share/px4_msgs/msg/QshellRetval.msg\n'}
[2.894141] (px4_msgs) StdoutLine: {'line': b'-- Up-to-date: /home/px4/ros2/ws/install/px4_msgs/share/px4_msgs/msg/RadioStatus.msg\n'}
[2.894281] (px4_msgs) StdoutLine: {'line': b'-- Up-to-date: /home/px4/ros2/ws/install/px4_msgs/share/px4_msgs/msg/RateCtrlStatus.msg\n'}
[2.894377] (px4_msgs) StdoutLine: {'line': b'-- Up-to-date: /home/px4/ros2/ws/install/px4_msgs/share/px4_msgs/msg/RcChannels.msg\n'}
[2.894446] (px4_msgs) StdoutLine: {'line': b'-- Up-to-date: /home/px4/ros2/ws/install/px4_msgs/share/px4_msgs/msg/RcParameterMap.msg\n'}
[2.894580] (px4_msgs) StdoutLine: {'line': b'-- Up-to-date: /home/px4/ros2/ws/install/px4_msgs/share/px4_msgs/msg/RegisterExtComponentReply.msg\n'}
[2.894664] (px4_msgs) StdoutLine: {'line': b'-- Up-to-date: /home/px4/ros2/ws/install/px4_msgs/share/px4_msgs/msg/RegisterExtComponentRequest.msg\n'}
[2.894761] (px4_msgs) StdoutLine: {'line': b'-- Up-to-date: /home/px4/ros2/ws/install/px4_msgs/share/px4_msgs/msg/RoverAttitudeSetpoint.msg\n'}
[2.894834] (px4_msgs) StdoutLine: {'line': b'-- Up-to-date: /home/px4/ros2/ws/install/px4_msgs/share/px4_msgs/msg/RoverAttitudeStatus.msg\n'}
[2.895055] (px4_msgs) StdoutLine: {'line': b'-- Up-to-date: /home/px4/ros2/ws/install/px4_msgs/share/px4_msgs/msg/RoverPositionSetpoint.msg\n'}
[2.895165] (px4_msgs) StdoutLine: {'line': b'-- Up-to-date: /home/px4/ros2/ws/install/px4_msgs/share/px4_msgs/msg/RoverRateSetpoint.msg\n'}
[2.895264] (px4_msgs) StdoutLine: {'line': b'-- Up-to-date: /home/px4/ros2/ws/install/px4_msgs/share/px4_msgs/msg/RoverRateStatus.msg\n'}
[2.895335] (px4_msgs) StdoutLine: {'line': b'-- Up-to-date: /home/px4/ros2/ws/install/px4_msgs/share/px4_msgs/msg/RoverSteeringSetpoint.msg\n'}
[2.895399] (px4_msgs) StdoutLine: {'line': b'-- Up-to-date: /home/px4/ros2/ws/install/px4_msgs/share/px4_msgs/msg/RoverThrottleSetpoint.msg\n'}
[2.895475] (px4_msgs) StdoutLine: {'line': b'-- Up-to-date: /home/px4/ros2/ws/install/px4_msgs/share/px4_msgs/msg/RoverVelocitySetpoint.msg\n'}
[2.895565] (px4_msgs) StdoutLine: {'line': b'-- Up-to-date: /home/px4/ros2/ws/install/px4_msgs/share/px4_msgs/msg/RoverVelocityStatus.msg\n'}
[2.895699] (px4_msgs) StdoutLine: {'line': b'-- Up-to-date: /home/px4/ros2/ws/install/px4_msgs/share/px4_msgs/msg/Rpm.msg\n'}
[2.895833] (px4_msgs) StdoutLine: {'line': b'-- Up-to-date: /home/px4/ros2/ws/install/px4_msgs/share/px4_msgs/msg/RtlStatus.msg\n'}
[2.895941] (px4_msgs) StdoutLine: {'line': b'-- Up-to-date: /home/px4/ros2/ws/install/px4_msgs/share/px4_msgs/msg/RtlTimeEstimate.msg\n'}
[2.896041] (px4_msgs) StdoutLine: {'line': b'-- Up-to-date: /home/px4/ros2/ws/install/px4_msgs/share/px4_msgs/msg/SatelliteInfo.msg\n'}
[2.896141] (px4_msgs) StdoutLine: {'line': b'-- Up-to-date: /home/px4/ros2/ws/install/px4_msgs/share/px4_msgs/msg/SensorAccel.msg\n'}
[2.896271] (px4_msgs) StdoutLine: {'line': b'-- Up-to-date: /home/px4/ros2/ws/install/px4_msgs/share/px4_msgs/msg/SensorAccelFifo.msg\n'}
[2.896371] (px4_msgs) StdoutLine: {'line': b'-- Up-to-date: /home/px4/ros2/ws/install/px4_msgs/share/px4_msgs/msg/SensorAirflow.msg\n'}
[2.896555] (px4_msgs) StdoutLine: {'line': b'-- Up-to-date: /home/px4/ros2/ws/install/px4_msgs/share/px4_msgs/msg/SensorBaro.msg\n'}
[2.896653] (px4_msgs) StdoutLine: {'line': b'-- Up-to-date: /home/px4/ros2/ws/install/px4_msgs/share/px4_msgs/msg/SensorCombined.msg\n'}
[2.896745] (px4_msgs) StdoutLine: {'line': b'-- Up-to-date: /home/px4/ros2/ws/install/px4_msgs/share/px4_msgs/msg/SensorCorrection.msg\n'}
[2.896834] (px4_msgs) StdoutLine: {'line': b'-- Up-to-date: /home/px4/ros2/ws/install/px4_msgs/share/px4_msgs/msg/SensorGnssRelative.msg\n'}
[2.896920] (px4_msgs) StdoutLine: {'line': b'-- Up-to-date: /home/px4/ros2/ws/install/px4_msgs/share/px4_msgs/msg/SensorGps.msg\n'}
[2.897010] (px4_msgs) StdoutLine: {'line': b'-- Up-to-date: /home/px4/ros2/ws/install/px4_msgs/share/px4_msgs/msg/SensorGyro.msg\n'}
[2.897099] (px4_msgs) StdoutLine: {'line': b'-- Up-to-date: /home/px4/ros2/ws/install/px4_msgs/share/px4_msgs/msg/SensorGyroFft.msg\n'}
[2.897261] (px4_msgs) StdoutLine: {'line': b'-- Up-to-date: /home/px4/ros2/ws/install/px4_msgs/share/px4_msgs/msg/SensorGyroFifo.msg\n'}
[2.897432] (px4_msgs) StdoutLine: {'line': b'-- Up-to-date: /home/px4/ros2/ws/install/px4_msgs/share/px4_msgs/msg/SensorHygrometer.msg\n'}
[2.897806] (px4_msgs) StdoutLine: {'line': b'-- Up-to-date: /home/px4/ros2/ws/install/px4_msgs/share/px4_msgs/msg/SensorMag.msg\n'}
[2.898494] (px4_msgs) StdoutLine: {'line': b'-- Up-to-date: /home/px4/ros2/ws/install/px4_msgs/share/px4_msgs/msg/SensorOpticalFlow.msg\n'}
[2.898718] (px4_msgs) StdoutLine: {'line': b'-- Up-to-date: /home/px4/ros2/ws/install/px4_msgs/share/px4_msgs/msg/SensorPreflightMag.msg\n'}
[2.899060] (px4_msgs) StdoutLine: {'line': b'-- Up-to-date: /home/px4/ros2/ws/install/px4_msgs/share/px4_msgs/msg/SensorSelection.msg\n'}
[2.899506] (px4_msgs) StdoutLine: {'line': b'-- Up-to-date: /home/px4/ros2/ws/install/px4_msgs/share/px4_msgs/msg/SensorUwb.msg\n'}
[2.899911] (px4_msgs) StdoutLine: {'line': b'-- Up-to-date: /home/px4/ros2/ws/install/px4_msgs/share/px4_msgs/msg/SensorsStatus.msg\n'}
[2.900041] (px4_msgs) StdoutLine: {'line': b'-- Up-to-date: /home/px4/ros2/ws/install/px4_msgs/share/px4_msgs/msg/SensorsStatusImu.msg\n'}
[2.900442] (px4_msgs) StdoutLine: {'line': b'-- Up-to-date: /home/px4/ros2/ws/install/px4_msgs/share/px4_msgs/msg/SystemPower.msg\n'}
[2.900646] (px4_msgs) StdoutLine: {'line': b'-- Up-to-date: /home/px4/ros2/ws/install/px4_msgs/share/px4_msgs/msg/TakeoffStatus.msg\n'}
[2.901001] (px4_msgs) StdoutLine: {'line': b'-- Up-to-date: /home/px4/ros2/ws/install/px4_msgs/share/px4_msgs/msg/TaskStackInfo.msg\n'}
[2.901747] (px4_msgs) StdoutLine: {'line': b'-- Up-to-date: /home/px4/ros2/ws/install/px4_msgs/share/px4_msgs/msg/TecsStatus.msg\n'}
[2.901978] (px4_msgs) StdoutLine: {'line': b'-- Up-to-date: /home/px4/ros2/ws/install/px4_msgs/share/px4_msgs/msg/TelemetryStatus.msg\n'}
[2.902315] (px4_msgs) StdoutLine: {'line': b'-- Up-to-date: /home/px4/ros2/ws/install/px4_msgs/share/px4_msgs/msg/TiltrotorExtraControls.msg\n'}
[2.903010] (px4_msgs) StdoutLine: {'line': b'-- Up-to-date: /home/px4/ros2/ws/install/px4_msgs/share/px4_msgs/msg/TimesyncStatus.msg\n'}
[2.903269] (px4_msgs) StdoutLine: {'line': b'-- Up-to-date: /home/px4/ros2/ws/install/px4_msgs/share/px4_msgs/msg/TrajectorySetpoint.msg\n'}
[2.903642] (px4_msgs) StdoutLine: {'line': b'-- Up-to-date: /home/px4/ros2/ws/install/px4_msgs/share/px4_msgs/msg/TrajectorySetpoint6dof.msg\n'}
[2.904408] (px4_msgs) StdoutLine: {'line': b'-- Up-to-date: /home/px4/ros2/ws/install/px4_msgs/share/px4_msgs/msg/TransponderReport.msg\n'}
[2.904698] (px4_msgs) StdoutLine: {'line': b'-- Up-to-date: /home/px4/ros2/ws/install/px4_msgs/share/px4_msgs/msg/TuneControl.msg\n'}
[2.904838] (-) TimerEvent: {}
[2.905496] (px4_msgs) StdoutLine: {'line': b'-- Up-to-date: /home/px4/ros2/ws/install/px4_msgs/share/px4_msgs/msg/UavcanParameterRequest.msg\n'}
[2.905961] (px4_msgs) StdoutLine: {'line': b'-- Up-to-date: /home/px4/ros2/ws/install/px4_msgs/share/px4_msgs/msg/UavcanParameterValue.msg\n'}
[2.906251] (px4_msgs) StdoutLine: {'line': b'-- Up-to-date: /home/px4/ros2/ws/install/px4_msgs/share/px4_msgs/msg/UlogStream.msg\n'}
[2.906590] (px4_msgs) StdoutLine: {'line': b'-- Up-to-date: /home/px4/ros2/ws/install/px4_msgs/share/px4_msgs/msg/UlogStreamAck.msg\n'}
[2.907381] (px4_msgs) StdoutLine: {'line': b'-- Up-to-date: /home/px4/ros2/ws/install/px4_msgs/share/px4_msgs/msg/UnregisterExtComponent.msg\n'}
[2.907634] (px4_msgs) StdoutLine: {'line': b'-- Up-to-date: /home/px4/ros2/ws/install/px4_msgs/share/px4_msgs/msg/VehicleAcceleration.msg\n'}
[2.907956] (px4_msgs) StdoutLine: {'line': b'-- Up-to-date: /home/px4/ros2/ws/install/px4_msgs/share/px4_msgs/msg/VehicleAirData.msg\n'}
[2.908675] (px4_msgs) StdoutLine: {'line': b'-- Up-to-date: /home/px4/ros2/ws/install/px4_msgs/share/px4_msgs/msg/VehicleAngularAccelerationSetpoint.msg\n'}
[2.908914] (px4_msgs) StdoutLine: {'line': b'-- Up-to-date: /home/px4/ros2/ws/install/px4_msgs/share/px4_msgs/msg/VehicleAngularVelocity.msg\n'}
[2.909371] (px4_msgs) StdoutLine: {'line': b'-- Up-to-date: /home/px4/ros2/ws/install/px4_msgs/share/px4_msgs/msg/VehicleAttitude.msg\n'}
[2.910238] (px4_msgs) StdoutLine: {'line': b'-- Up-to-date: /home/px4/ros2/ws/install/px4_msgs/share/px4_msgs/msg/VehicleAttitudeSetpoint.msg\n'}
[2.910558] (px4_msgs) StdoutLine: {'line': b'-- Up-to-date: /home/px4/ros2/ws/install/px4_msgs/share/px4_msgs/msg/VehicleCommand.msg\n'}
[2.910979] (px4_msgs) StdoutLine: {'line': b'-- Up-to-date: /home/px4/ros2/ws/install/px4_msgs/share/px4_msgs/msg/VehicleCommandAck.msg\n'}
[2.911635] (px4_msgs) StdoutLine: {'line': b'-- Up-to-date: /home/px4/ros2/ws/install/px4_msgs/share/px4_msgs/msg/VehicleConstraints.msg\n'}
[2.912171] (px4_msgs) StdoutLine: {'line': b'-- Up-to-date: /home/px4/ros2/ws/install/px4_msgs/share/px4_msgs/msg/VehicleControlMode.msg\n'}
[2.912386] (px4_msgs) StdoutLine: {'line': b'-- Up-to-date: /home/px4/ros2/ws/install/px4_msgs/share/px4_msgs/msg/VehicleGlobalPosition.msg\n'}
[2.913039] (px4_msgs) StdoutLine: {'line': b'-- Up-to-date: /home/px4/ros2/ws/install/px4_msgs/share/px4_msgs/msg/VehicleImu.msg\n'}
[2.913488] (px4_msgs) StdoutLine: {'line': b'-- Up-to-date: /home/px4/ros2/ws/install/px4_msgs/share/px4_msgs/msg/VehicleImuStatus.msg\n'}
[2.914009] (px4_msgs) StdoutLine: {'line': b'-- Up-to-date: /home/px4/ros2/ws/install/px4_msgs/share/px4_msgs/msg/VehicleLandDetected.msg\n'}
[2.914988] (px4_msgs) StdoutLine: {'line': b'-- Up-to-date: /home/px4/ros2/ws/install/px4_msgs/share/px4_msgs/msg/VehicleLocalPosition.msg\n'}
[2.915390] (px4_msgs) StdoutLine: {'line': b'-- Up-to-date: /home/px4/ros2/ws/install/px4_msgs/share/px4_msgs/msg/VehicleLocalPositionSetpoint.msg\n'}
[2.915902] (px4_msgs) StdoutLine: {'line': b'-- Up-to-date: /home/px4/ros2/ws/install/px4_msgs/share/px4_msgs/msg/VehicleMagnetometer.msg\n'}
[2.917137] (px4_msgs) StdoutLine: {'line': b'-- Up-to-date: /home/px4/ros2/ws/install/px4_msgs/share/px4_msgs/msg/VehicleOdometry.msg\n'}
[2.917447] (px4_msgs) StdoutLine: {'line': b'-- Up-to-date: /home/px4/ros2/ws/install/px4_msgs/share/px4_msgs/msg/VehicleOpticalFlow.msg\n'}
[2.918078] (px4_msgs) StdoutLine: {'line': b'-- Up-to-date: /home/px4/ros2/ws/install/px4_msgs/share/px4_msgs/msg/VehicleOpticalFlowVel.msg\n'}
[2.918923] (px4_msgs) StdoutLine: {'line': b'-- Up-to-date: /home/px4/ros2/ws/install/px4_msgs/share/px4_msgs/msg/VehicleRatesSetpoint.msg\n'}
[2.919281] (px4_msgs) StdoutLine: {'line': b'-- Up-to-date: /home/px4/ros2/ws/install/px4_msgs/share/px4_msgs/msg/VehicleRoi.msg\n'}
[2.919769] (px4_msgs) StdoutLine: {'line': b'-- Up-to-date: /home/px4/ros2/ws/install/px4_msgs/share/px4_msgs/msg/VehicleStatus.msg\n'}
[2.920561] (px4_msgs) StdoutLine: {'line': b'-- Up-to-date: /home/px4/ros2/ws/install/px4_msgs/share/px4_msgs/msg/VehicleThrustSetpoint.msg\n'}
[2.920930] (px4_msgs) StdoutLine: {'line': b'-- Up-to-date: /home/px4/ros2/ws/install/px4_msgs/share/px4_msgs/msg/VehicleTorqueSetpoint.msg\n'}
[2.921358] (px4_msgs) StdoutLine: {'line': b'-- Up-to-date: /home/px4/ros2/ws/install/px4_msgs/share/px4_msgs/msg/VelocityLimits.msg\n'}
[2.922321] (px4_msgs) StdoutLine: {'line': b'-- Up-to-date: /home/px4/ros2/ws/install/px4_msgs/share/px4_msgs/msg/VtolVehicleStatus.msg\n'}
[2.922680] (px4_msgs) StdoutLine: {'line': b'-- Up-to-date: /home/px4/ros2/ws/install/px4_msgs/share/px4_msgs/msg/WheelEncoders.msg\n'}
[2.923113] (px4_msgs) StdoutLine: {'line': b'-- Up-to-date: /home/px4/ros2/ws/install/px4_msgs/share/px4_msgs/msg/Wind.msg\n'}
[2.923996] (px4_msgs) StdoutLine: {'line': b'-- Up-to-date: /home/px4/ros2/ws/install/px4_msgs/share/px4_msgs/msg/YawEstimatorStatus.msg\n'}
[2.924375] (px4_msgs) StdoutLine: {'line': b'-- Up-to-date: /home/px4/ros2/ws/install/px4_msgs/share/px4_msgs/srv/VehicleCommand.srv\n'}
[2.924955] (px4_msgs) StdoutLine: {'line': b'-- Up-to-date: /home/px4/ros2/ws/install/px4_msgs/share/px4_msgs/srv/VehicleCommand_Request.msg\n'}
[2.925978] (px4_msgs) StdoutLine: {'line': b'-- Up-to-date: /home/px4/ros2/ws/install/px4_msgs/share/px4_msgs/srv/VehicleCommand_Response.msg\n'}
[2.926369] (px4_msgs) StdoutLine: {'line': b'-- Up-to-date: /home/px4/ros2/ws/install/px4_msgs/share/ament_index/resource_index/package_run_dependencies/px4_msgs\n'}
[2.926813] (px4_msgs) StdoutLine: {'line': b'-- Up-to-date: /home/px4/ros2/ws/install/px4_msgs/share/ament_index/resource_index/parent_prefix_path/px4_msgs\n'}
[2.927538] (px4_msgs) StdoutLine: {'line': b'-- Up-to-date: /home/px4/ros2/ws/install/px4_msgs/share/px4_msgs/environment/ament_prefix_path.sh\n'}
[2.928082] (px4_msgs) StdoutLine: {'line': b'-- Up-to-date: /home/px4/ros2/ws/install/px4_msgs/share/px4_msgs/environment/ament_prefix_path.dsv\n'}
[2.928331] (px4_msgs) StdoutLine: {'line': b'-- Up-to-date: /home/px4/ros2/ws/install/px4_msgs/share/px4_msgs/environment/path.sh\n'}
[2.928882] (px4_msgs) StdoutLine: {'line': b'-- Up-to-date: /home/px4/ros2/ws/install/px4_msgs/share/px4_msgs/environment/path.dsv\n'}
[2.929244] (px4_msgs) StdoutLine: {'line': b'-- Up-to-date: /home/px4/ros2/ws/install/px4_msgs/share/px4_msgs/local_setup.bash\n'}
[2.929711] (px4_msgs) StdoutLine: {'line': b'-- Up-to-date: /home/px4/ros2/ws/install/px4_msgs/share/px4_msgs/local_setup.sh\n'}
[2.930561] (px4_msgs) StdoutLine: {'line': b'-- Up-to-date: /home/px4/ros2/ws/install/px4_msgs/share/px4_msgs/local_setup.zsh\n'}
[2.930894] (px4_msgs) StdoutLine: {'line': b'-- Up-to-date: /home/px4/ros2/ws/install/px4_msgs/share/px4_msgs/local_setup.dsv\n'}
[2.931362] (px4_msgs) StdoutLine: {'line': b'-- Installing: /home/px4/ros2/ws/install/px4_msgs/share/px4_msgs/package.dsv\n'}
[2.932665] (px4_msgs) StdoutLine: {'line': b'-- Up-to-date: /home/px4/ros2/ws/install/px4_msgs/share/ament_index/resource_index/packages/px4_msgs\n'}
[2.933340] (px4_msgs) StdoutLine: {'line': b'-- Up-to-date: /home/px4/ros2/ws/install/px4_msgs/share/px4_msgs/cmake/export_px4_msgs__rosidl_generator_cExport.cmake\n'}
[2.933902] (px4_msgs) StdoutLine: {'line': b'-- Up-to-date: /home/px4/ros2/ws/install/px4_msgs/share/px4_msgs/cmake/export_px4_msgs__rosidl_generator_cExport-noconfig.cmake\n'}
[2.935368] (px4_msgs) StdoutLine: {'line': b'-- Up-to-date: /home/px4/ros2/ws/install/px4_msgs/share/px4_msgs/cmake/export_px4_msgs__rosidl_typesupport_fastrtps_cExport.cmake\n'}
[2.935642] (px4_msgs) StdoutLine: {'line': b'-- Up-to-date: /home/px4/ros2/ws/install/px4_msgs/share/px4_msgs/cmake/export_px4_msgs__rosidl_typesupport_fastrtps_cExport-noconfig.cmake\n'}
[2.936460] (px4_msgs) StdoutLine: {'line': b'-- Up-to-date: /home/px4/ros2/ws/install/px4_msgs/share/px4_msgs/cmake/export_px4_msgs__rosidl_generator_cppExport.cmake\n'}
[2.937613] (px4_msgs) StdoutLine: {'line': b'-- Up-to-date: /home/px4/ros2/ws/install/px4_msgs/share/px4_msgs/cmake/export_px4_msgs__rosidl_typesupport_fastrtps_cppExport.cmake\n'}
[2.938024] (px4_msgs) StdoutLine: {'line': b'-- Up-to-date: /home/px4/ros2/ws/install/px4_msgs/share/px4_msgs/cmake/export_px4_msgs__rosidl_typesupport_fastrtps_cppExport-noconfig.cmake\n'}
[2.938787] (px4_msgs) StdoutLine: {'line': b'-- Up-to-date: /home/px4/ros2/ws/install/px4_msgs/share/px4_msgs/cmake/px4_msgs__rosidl_typesupport_introspection_cExport.cmake\n'}
[2.939906] (px4_msgs) StdoutLine: {'line': b'-- Up-to-date: /home/px4/ros2/ws/install/px4_msgs/share/px4_msgs/cmake/px4_msgs__rosidl_typesupport_introspection_cExport-noconfig.cmake\n'}
[2.940555] (px4_msgs) StdoutLine: {'line': b'-- Up-to-date: /home/px4/ros2/ws/install/px4_msgs/share/px4_msgs/cmake/px4_msgs__rosidl_typesupport_cExport.cmake\n'}
[2.941065] (px4_msgs) StdoutLine: {'line': b'-- Up-to-date: /home/px4/ros2/ws/install/px4_msgs/share/px4_msgs/cmake/px4_msgs__rosidl_typesupport_cExport-noconfig.cmake\n'}
[2.942139] (px4_msgs) StdoutLine: {'line': b'-- Up-to-date: /home/px4/ros2/ws/install/px4_msgs/share/px4_msgs/cmake/px4_msgs__rosidl_typesupport_introspection_cppExport.cmake\n'}
[2.942485] (px4_msgs) StdoutLine: {'line': b'-- Up-to-date: /home/px4/ros2/ws/install/px4_msgs/share/px4_msgs/cmake/px4_msgs__rosidl_typesupport_introspection_cppExport-noconfig.cmake\n'}
[2.943627] (px4_msgs) StdoutLine: {'line': b'-- Up-to-date: /home/px4/ros2/ws/install/px4_msgs/share/px4_msgs/cmake/px4_msgs__rosidl_typesupport_cppExport.cmake\n'}
[2.944527] (px4_msgs) StdoutLine: {'line': b'-- Up-to-date: /home/px4/ros2/ws/install/px4_msgs/share/px4_msgs/cmake/px4_msgs__rosidl_typesupport_cppExport-noconfig.cmake\n'}
[2.945172] (px4_msgs) StdoutLine: {'line': b'-- Up-to-date: /home/px4/ros2/ws/install/px4_msgs/share/px4_msgs/cmake/export_px4_msgs__rosidl_generator_pyExport.cmake\n'}
[2.945788] (px4_msgs) StdoutLine: {'line': b'-- Up-to-date: /home/px4/ros2/ws/install/px4_msgs/share/px4_msgs/cmake/export_px4_msgs__rosidl_generator_pyExport-noconfig.cmake\n'}
[2.946645] (px4_msgs) StdoutLine: {'line': b'-- Up-to-date: /home/px4/ros2/ws/install/px4_msgs/share/px4_msgs/cmake/rosidl_cmake-extras.cmake\n'}
[2.946897] (px4_msgs) StdoutLine: {'line': b'-- Up-to-date: /home/px4/ros2/ws/install/px4_msgs/share/px4_msgs/cmake/ament_cmake_export_dependencies-extras.cmake\n'}
[2.947252] (px4_msgs) StdoutLine: {'line': b'-- Up-to-date: /home/px4/ros2/ws/install/px4_msgs/share/px4_msgs/cmake/ament_cmake_export_include_directories-extras.cmake\n'}
[2.947978] (px4_msgs) StdoutLine: {'line': b'-- Up-to-date: /home/px4/ros2/ws/install/px4_msgs/share/px4_msgs/cmake/ament_cmake_export_libraries-extras.cmake\n'}
[2.948215] (px4_msgs) StdoutLine: {'line': b'-- Up-to-date: /home/px4/ros2/ws/install/px4_msgs/share/px4_msgs/cmake/ament_cmake_export_targets-extras.cmake\n'}
[2.948578] (px4_msgs) StdoutLine: {'line': b'-- Up-to-date: /home/px4/ros2/ws/install/px4_msgs/share/px4_msgs/cmake/rosidl_cmake_export_typesupport_targets-extras.cmake\n'}
[2.949486] (px4_msgs) StdoutLine: {'line': b'-- Up-to-date: /home/px4/ros2/ws/install/px4_msgs/share/px4_msgs/cmake/rosidl_cmake_export_typesupport_libraries-extras.cmake\n'}
[2.949808] (px4_msgs) StdoutLine: {'line': b'-- Up-to-date: /home/px4/ros2/ws/install/px4_msgs/share/px4_msgs/cmake/px4_msgsConfig.cmake\n'}
[2.950149] (px4_msgs) StdoutLine: {'line': b'-- Up-to-date: /home/px4/ros2/ws/install/px4_msgs/share/px4_msgs/cmake/px4_msgsConfig-version.cmake\n'}
[2.950422] (px4_msgs) StdoutLine: {'line': b'-- Up-to-date: /home/px4/ros2/ws/install/px4_msgs/share/px4_msgs/package.xml\n'}
[2.956978] (px4_msgs) CommandEnded: {'returncode': 0}
[2.984352] (px4_msgs) JobEnded: {'identifier': 'px4_msgs', 'rc': 0}
[2.985900] (px4_ros_com) JobStarted: {'identifier': 'px4_ros_com'}
[2.996589] (px4_ros_com) JobProgress: {'identifier': 'px4_ros_com', 'progress': 'cmake'}
[2.997602] (px4_ros_com) JobProgress: {'identifier': 'px4_ros_com', 'progress': 'build'}
[2.998622] (px4_ros_com) Command: {'cmd': ['/usr/bin/cmake', '--build', '/home/px4/ros2/ws/build/px4_ros_com', '--', '-j16', '-l16'], 'cwd': '/home/px4/ros2/ws/build/px4_ros_com', 'env': OrderedDict([('HOSTNAME', 'legion5'), ('SHLVL', '1'), ('LIBGL_ALWAYS_SOFTWARE', '0'), ('LD_LIBRARY_PATH', '/home/px4/ros2/ws/install/px4_msgs/lib:/opt/ros/humble/opt/rviz_ogre_vendor/lib:/opt/ros/humble/lib/x86_64-linux-gnu:/opt/ros/humble/lib'), ('HOME', '/root'), ('OLDPWD', '/home/px4/ros2'), ('ROS_PYTHON_VERSION', '3'), ('ROS_DISTRO', 'humble'), ('_', '/usr/bin/colcon'), ('ROS_VERSION', '2'), ('NVIDIA_DRIVER_CAPABILITIES', 'all'), ('TERM', 'xterm'), ('LIBGL_ALWAYS_INDIRECT', '0'), ('ROS_LOCALHOST_ONLY', '0'), ('QT_X11_NO_MITSHM', '1'), ('PATH', '/opt/ros/humble/bin:/usr/local/sbin:/usr/local/bin:/usr/sbin:/usr/bin:/sbin:/bin'), ('XDG_RUNTIME_DIR', '/tmp/runtime-root'), ('DISPLAY', ':1'), ('LANG', 'en_US.UTF-8'), ('XAUTHORITY', '/tmp/.docker.xauth'), ('LS_COLORS', 'rs=0:di=01;34:ln=01;36:mh=00:pi=40;33:so=01;35:do=01;35:bd=40;33;01:cd=40;33;01:or=40;31;01:mi=00:su=37;41:sg=30;43:ca=30;41:tw=30;42:ow=34;42:st=37;44:ex=01;32:*.tar=01;31:*.tgz=01;31:*.arc=01;31:*.arj=01;31:*.taz=01;31:*.lha=01;31:*.lz4=01;31:*.lzh=01;31:*.lzma=01;31:*.tlz=01;31:*.txz=01;31:*.tzo=01;31:*.t7z=01;31:*.zip=01;31:*.z=01;31:*.dz=01;31:*.gz=01;31:*.lrz=01;31:*.lz=01;31:*.lzo=01;31:*.xz=01;31:*.zst=01;31:*.tzst=01;31:*.bz2=01;31:*.bz=01;31:*.tbz=01;31:*.tbz2=01;31:*.tz=01;31:*.deb=01;31:*.rpm=01;31:*.jar=01;31:*.war=01;31:*.ear=01;31:*.sar=01;31:*.rar=01;31:*.alz=01;31:*.ace=01;31:*.zoo=01;31:*.cpio=01;31:*.7z=01;31:*.rz=01;31:*.cab=01;31:*.wim=01;31:*.swm=01;31:*.dwm=01;31:*.esd=01;31:*.jpg=01;35:*.jpeg=01;35:*.mjpg=01;35:*.mjpeg=01;35:*.gif=01;35:*.bmp=01;35:*.pbm=01;35:*.pgm=01;35:*.ppm=01;35:*.tga=01;35:*.xbm=01;35:*.xpm=01;35:*.tif=01;35:*.tiff=01;35:*.png=01;35:*.svg=01;35:*.svgz=01;35:*.mng=01;35:*.pcx=01;35:*.mov=01;35:*.mpg=01;35:*.mpeg=01;35:*.m2v=01;35:*.mkv=01;35:*.webm=01;35:*.webp=01;35:*.ogm=01;35:*.mp4=01;35:*.m4v=01;35:*.mp4v=01;35:*.vob=01;35:*.qt=01;35:*.nuv=01;35:*.wmv=01;35:*.asf=01;35:*.rm=01;35:*.rmvb=01;35:*.flc=01;35:*.avi=01;35:*.fli=01;35:*.flv=01;35:*.gl=01;35:*.dl=01;35:*.xcf=01;35:*.xwd=01;35:*.yuv=01;35:*.cgm=01;35:*.emf=01;35:*.ogv=01;35:*.ogx=01;35:*.aac=00;36:*.au=00;36:*.flac=00;36:*.m4a=00;36:*.mid=00;36:*.midi=00;36:*.mka=00;36:*.mp3=00;36:*.mpc=00;36:*.ogg=00;36:*.ra=00;36:*.wav=00;36:*.oga=00;36:*.opus=00;36:*.spx=00;36:*.xspf=00;36:'), ('ROS_DOMAIN_ID', '0'), ('AMENT_PREFIX_PATH', '/home/px4/ros2/ws/install/px4_msgs:/opt/ros/humble'), ('DEBIAN_FRONTEND', 'noninteractive'), ('PWD', '/home/px4/ros2/ws/build/px4_ros_com'), ('LC_ALL', 'en_US.UTF-8'), ('PYTHONPATH', '/home/px4/ros2/ws/install/px4_msgs/local/lib/python3.10/dist-packages:/opt/ros/humble/lib/python3.10/site-packages:/opt/ros/humble/local/lib/python3.10/dist-packages'), ('NVIDIA_VISIBLE_DEVICES', 'all'), ('COLCON', '1'), ('CMAKE_PREFIX_PATH', '/home/px4/ros2/ws/install/px4_msgs:/opt/ros/humble')]), 'shell': False}
[3.004993] (-) TimerEvent: {}
[3.073847] (px4_ros_com) StdoutLine: {'line': b'\x1b[35m\x1b[1mConsolidate compiler generated dependencies of target sensor_combined_listener\x1b[0m\n'}
[3.074132] (px4_ros_com) StdoutLine: {'line': b'\x1b[35m\x1b[1mConsolidate compiler generated dependencies of target frame_transforms\x1b[0m\n'}
[3.074709] (px4_ros_com) StdoutLine: {'line': b'\x1b[35m\x1b[1mConsolidate compiler generated dependencies of target offboard_control\x1b[0m\n'}
[3.075233] (px4_ros_com) StdoutLine: {'line': b'\x1b[35m\x1b[1mConsolidate compiler generated dependencies of target debug_vect_advertiser\x1b[0m\n'}
[3.076271] (px4_ros_com) StdoutLine: {'line': b'\x1b[35m\x1b[1mConsolidate compiler generated dependencies of target vehicle_gps_position_listener\x1b[0m\n'}
[3.077246] (px4_ros_com) StdoutLine: {'line': b'\x1b[35m\x1b[1mConsolidate compiler generated dependencies of target offboard_control_srv\x1b[0m\n'}
[3.105127] (-) TimerEvent: {}
[3.109331] (px4_ros_com) StdoutLine: {'line': b'[  0%] Built target ament_cmake_python_copy_px4_ros_com\n'}
[3.117562] (px4_ros_com) StdoutLine: {'line': b'[ 16%] Built target frame_transforms\n'}
[3.118010] (px4_ros_com) StdoutLine: {'line': b'[ 66%] Built target debug_vect_advertiser\n'}
[3.118349] (px4_ros_com) StdoutLine: {'line': b'[ 66%] Built target sensor_combined_listener\n'}
[3.118526] (px4_ros_com) StdoutLine: {'line': b'[ 66%] Built target offboard_control_srv\n'}
[3.118736] (px4_ros_com) StdoutLine: {'line': b'[ 83%] Built target offboard_control\n'}
[3.119008] (px4_ros_com) StdoutLine: {'line': b'[100%] Built target vehicle_gps_position_listener\n'}
[3.205268] (-) TimerEvent: {}
[3.305613] (-) TimerEvent: {}
[3.405935] (-) TimerEvent: {}
[3.437513] (px4_ros_com) StdoutLine: {'line': b'running egg_info\n'}
[3.438448] (px4_ros_com) StdoutLine: {'line': b'writing px4_ros_com.egg-info/PKG-INFO\n'}
[3.438914] (px4_ros_com) StdoutLine: {'line': b'writing dependency_links to px4_ros_com.egg-info/dependency_links.txt\n'}
[3.439234] (px4_ros_com) StdoutLine: {'line': b'writing top-level names to px4_ros_com.egg-info/top_level.txt\n'}
[3.442182] (px4_ros_com) StdoutLine: {'line': b"reading manifest file 'px4_ros_com.egg-info/SOURCES.txt'\n"}
[3.442811] (px4_ros_com) StdoutLine: {'line': b"writing manifest file 'px4_ros_com.egg-info/SOURCES.txt'\n"}
[3.482242] (px4_ros_com) StdoutLine: {'line': b'[100%] Built target ament_cmake_python_build_px4_ros_com_egg\n'}
[3.499549] (px4_ros_com) CommandEnded: {'returncode': 0}
[3.500670] (px4_ros_com) JobProgress: {'identifier': 'px4_ros_com', 'progress': 'install'}
[3.501781] (px4_ros_com) Command: {'cmd': ['/usr/bin/cmake', '--install', '/home/px4/ros2/ws/build/px4_ros_com'], 'cwd': '/home/px4/ros2/ws/build/px4_ros_com', 'env': OrderedDict([('HOSTNAME', 'legion5'), ('SHLVL', '1'), ('LIBGL_ALWAYS_SOFTWARE', '0'), ('LD_LIBRARY_PATH', '/home/px4/ros2/ws/install/px4_msgs/lib:/opt/ros/humble/opt/rviz_ogre_vendor/lib:/opt/ros/humble/lib/x86_64-linux-gnu:/opt/ros/humble/lib'), ('HOME', '/root'), ('OLDPWD', '/home/px4/ros2'), ('ROS_PYTHON_VERSION', '3'), ('ROS_DISTRO', 'humble'), ('_', '/usr/bin/colcon'), ('ROS_VERSION', '2'), ('NVIDIA_DRIVER_CAPABILITIES', 'all'), ('TERM', 'xterm'), ('LIBGL_ALWAYS_INDIRECT', '0'), ('ROS_LOCALHOST_ONLY', '0'), ('QT_X11_NO_MITSHM', '1'), ('PATH', '/opt/ros/humble/bin:/usr/local/sbin:/usr/local/bin:/usr/sbin:/usr/bin:/sbin:/bin'), ('XDG_RUNTIME_DIR', '/tmp/runtime-root'), ('DISPLAY', ':1'), ('LANG', 'en_US.UTF-8'), ('XAUTHORITY', '/tmp/.docker.xauth'), ('LS_COLORS', 'rs=0:di=01;34:ln=01;36:mh=00:pi=40;33:so=01;35:do=01;35:bd=40;33;01:cd=40;33;01:or=40;31;01:mi=00:su=37;41:sg=30;43:ca=30;41:tw=30;42:ow=34;42:st=37;44:ex=01;32:*.tar=01;31:*.tgz=01;31:*.arc=01;31:*.arj=01;31:*.taz=01;31:*.lha=01;31:*.lz4=01;31:*.lzh=01;31:*.lzma=01;31:*.tlz=01;31:*.txz=01;31:*.tzo=01;31:*.t7z=01;31:*.zip=01;31:*.z=01;31:*.dz=01;31:*.gz=01;31:*.lrz=01;31:*.lz=01;31:*.lzo=01;31:*.xz=01;31:*.zst=01;31:*.tzst=01;31:*.bz2=01;31:*.bz=01;31:*.tbz=01;31:*.tbz2=01;31:*.tz=01;31:*.deb=01;31:*.rpm=01;31:*.jar=01;31:*.war=01;31:*.ear=01;31:*.sar=01;31:*.rar=01;31:*.alz=01;31:*.ace=01;31:*.zoo=01;31:*.cpio=01;31:*.7z=01;31:*.rz=01;31:*.cab=01;31:*.wim=01;31:*.swm=01;31:*.dwm=01;31:*.esd=01;31:*.jpg=01;35:*.jpeg=01;35:*.mjpg=01;35:*.mjpeg=01;35:*.gif=01;35:*.bmp=01;35:*.pbm=01;35:*.pgm=01;35:*.ppm=01;35:*.tga=01;35:*.xbm=01;35:*.xpm=01;35:*.tif=01;35:*.tiff=01;35:*.png=01;35:*.svg=01;35:*.svgz=01;35:*.mng=01;35:*.pcx=01;35:*.mov=01;35:*.mpg=01;35:*.mpeg=01;35:*.m2v=01;35:*.mkv=01;35:*.webm=01;35:*.webp=01;35:*.ogm=01;35:*.mp4=01;35:*.m4v=01;35:*.mp4v=01;35:*.vob=01;35:*.qt=01;35:*.nuv=01;35:*.wmv=01;35:*.asf=01;35:*.rm=01;35:*.rmvb=01;35:*.flc=01;35:*.avi=01;35:*.fli=01;35:*.flv=01;35:*.gl=01;35:*.dl=01;35:*.xcf=01;35:*.xwd=01;35:*.yuv=01;35:*.cgm=01;35:*.emf=01;35:*.ogv=01;35:*.ogx=01;35:*.aac=00;36:*.au=00;36:*.flac=00;36:*.m4a=00;36:*.mid=00;36:*.midi=00;36:*.mka=00;36:*.mp3=00;36:*.mpc=00;36:*.ogg=00;36:*.ra=00;36:*.wav=00;36:*.oga=00;36:*.opus=00;36:*.spx=00;36:*.xspf=00;36:'), ('ROS_DOMAIN_ID', '0'), ('AMENT_PREFIX_PATH', '/home/px4/ros2/ws/install/px4_msgs:/opt/ros/humble'), ('DEBIAN_FRONTEND', 'noninteractive'), ('PWD', '/home/px4/ros2/ws/build/px4_ros_com'), ('LC_ALL', 'en_US.UTF-8'), ('PYTHONPATH', '/home/px4/ros2/ws/install/px4_msgs/local/lib/python3.10/dist-packages:/opt/ros/humble/lib/python3.10/site-packages:/opt/ros/humble/local/lib/python3.10/dist-packages'), ('NVIDIA_VISIBLE_DEVICES', 'all'), ('COLCON', '1'), ('CMAKE_PREFIX_PATH', '/home/px4/ros2/ws/install/px4_msgs:/opt/ros/humble')]), 'shell': False}
[3.506036] (-) TimerEvent: {}
[3.513058] (px4_ros_com) StdoutLine: {'line': b'-- Install configuration: ""\n'}
[3.513484] (px4_ros_com) StdoutLine: {'line': b'-- Up-to-date: /home/px4/ros2/ws/install/px4_ros_com/lib/px4_ros_com/sensor_combined_listener\n'}
[3.513938] (px4_ros_com) StdoutLine: {'line': b'-- Up-to-date: /home/px4/ros2/ws/install/px4_ros_com/lib/px4_ros_com/vehicle_gps_position_listener\n'}
[3.514375] (px4_ros_com) StdoutLine: {'line': b'-- Up-to-date: /home/px4/ros2/ws/install/px4_ros_com/lib/px4_ros_com/debug_vect_advertiser\n'}
[3.514778] (px4_ros_com) StdoutLine: {'line': b'-- Up-to-date: /home/px4/ros2/ws/install/px4_ros_com/lib/px4_ros_com/offboard_control\n'}
[3.515293] (px4_ros_com) StdoutLine: {'line': b'-- Up-to-date: /home/px4/ros2/ws/install/px4_ros_com/lib/px4_ros_com/offboard_control_srv\n'}
[3.515591] (px4_ros_com) StdoutLine: {'line': b'-- Up-to-date: /home/px4/ros2/ws/install/px4_ros_com/share/px4_ros_com/environment/library_path.sh\n'}
[3.515780] (px4_ros_com) StdoutLine: {'line': b'-- Up-to-date: /home/px4/ros2/ws/install/px4_ros_com/share/px4_ros_com/environment/library_path.dsv\n'}
[3.515987] (px4_ros_com) StdoutLine: {'line': b'-- Up-to-date: /home/px4/ros2/ws/install/px4_ros_com/include/px4_ros_com\n'}
[3.516094] (px4_ros_com) StdoutLine: {'line': b'-- Up-to-date: /home/px4/ros2/ws/install/px4_ros_com/include/px4_ros_com/frame_transforms.h\n'}
[3.516287] (px4_ros_com) StdoutLine: {'line': b'-- Up-to-date: /home/px4/ros2/ws/install/px4_ros_com/lib/libframe_transforms.so\n'}
[3.516473] (px4_ros_com) StdoutLine: {'line': b'-- Up-to-date: /home/px4/ros2/ws/install/px4_ros_com/share/px4_ros_com//launch\n'}
[3.516676] (px4_ros_com) StdoutLine: {'line': b'-- Up-to-date: /home/px4/ros2/ws/install/px4_ros_com/share/px4_ros_com//launch/offboard_control_launch.yaml\n'}
[3.516828] (px4_ros_com) StdoutLine: {'line': b'-- Up-to-date: /home/px4/ros2/ws/install/px4_ros_com/share/px4_ros_com//launch/sensor_combined_listener.launch.py\n'}
[3.517056] (px4_ros_com) StdoutLine: {'line': b'-- Up-to-date: /home/px4/ros2/ws/install/px4_ros_com/share/px4_ros_com//test\n'}
[3.517249] (px4_ros_com) StdoutLine: {'line': b'-- Up-to-date: /home/px4/ros2/ws/install/px4_ros_com/share/px4_ros_com//test/pipeline_io_test.py\n'}
[3.517433] (px4_ros_com) StdoutLine: {'line': b'-- Up-to-date: /home/px4/ros2/ws/install/px4_ros_com/share/px4_ros_com//test/__init__.py\n'}
[3.517560] (px4_ros_com) StdoutLine: {'line': b'-- Up-to-date: /home/px4/ros2/ws/install/px4_ros_com/share/px4_ros_com//test/test_output.py\n'}
[3.517664] (px4_ros_com) StdoutLine: {'line': b'-- Up-to-date: /home/px4/ros2/ws/install/px4_ros_com/share/px4_ros_com//test/test_input.py\n'}
[3.517761] (px4_ros_com) StdoutLine: {'line': b'-- Up-to-date: /home/px4/ros2/ws/install/px4_ros_com/share/px4_ros_com/environment/pythonpath.sh\n'}
[3.517860] (px4_ros_com) StdoutLine: {'line': b'-- Up-to-date: /home/px4/ros2/ws/install/px4_ros_com/share/px4_ros_com/environment/pythonpath.dsv\n'}
[3.517952] (px4_ros_com) StdoutLine: {'line': b'-- Up-to-date: /home/px4/ros2/ws/install/px4_ros_com/local/lib/python3.10/dist-packages/px4_ros_com-0.1.0-py3.10.egg-info\n'}
[3.518052] (px4_ros_com) StdoutLine: {'line': b'-- Installing: /home/px4/ros2/ws/install/px4_ros_com/local/lib/python3.10/dist-packages/px4_ros_com-0.1.0-py3.10.egg-info/top_level.txt\n'}
[3.518319] (px4_ros_com) StdoutLine: {'line': b'-- Installing: /home/px4/ros2/ws/install/px4_ros_com/local/lib/python3.10/dist-packages/px4_ros_com-0.1.0-py3.10.egg-info/dependency_links.txt\n'}
[3.518476] (px4_ros_com) StdoutLine: {'line': b'-- Installing: /home/px4/ros2/ws/install/px4_ros_com/local/lib/python3.10/dist-packages/px4_ros_com-0.1.0-py3.10.egg-info/SOURCES.txt\n'}
[3.518567] (px4_ros_com) StdoutLine: {'line': b'-- Installing: /home/px4/ros2/ws/install/px4_ros_com/local/lib/python3.10/dist-packages/px4_ros_com-0.1.0-py3.10.egg-info/PKG-INFO\n'}
[3.518714] (px4_ros_com) StdoutLine: {'line': b'-- Up-to-date: /home/px4/ros2/ws/install/px4_ros_com/local/lib/python3.10/dist-packages/px4_ros_com\n'}
[3.518805] (px4_ros_com) StdoutLine: {'line': b'-- Up-to-date: /home/px4/ros2/ws/install/px4_ros_com/local/lib/python3.10/dist-packages/px4_ros_com/__init__.py\n'}
[3.519058] (px4_ros_com) StdoutLine: {'line': b'-- Up-to-date: /home/px4/ros2/ws/install/px4_ros_com/local/lib/python3.10/dist-packages/px4_ros_com/module_to_import.py\n'}
[3.563132] (px4_ros_com) StdoutLine: {'line': b"Listing '/home/px4/ros2/ws/install/px4_ros_com/local/lib/python3.10/dist-packages/px4_ros_com'...\n"}
[3.569423] (px4_ros_com) StdoutLine: {'line': b'-- Up-to-date: /home/px4/ros2/ws/install/px4_ros_com/lib/px4_ros_com/offboard_control.py\n'}
[3.569702] (px4_ros_com) StdoutLine: {'line': b'-- Up-to-date: /home/px4/ros2/ws/install/px4_ros_com/share/ament_index/resource_index/package_run_dependencies/px4_ros_com\n'}
[3.569885] (px4_ros_com) StdoutLine: {'line': b'-- Up-to-date: /home/px4/ros2/ws/install/px4_ros_com/share/ament_index/resource_index/parent_prefix_path/px4_ros_com\n'}
[3.569992] (px4_ros_com) StdoutLine: {'line': b'-- Up-to-date: /home/px4/ros2/ws/install/px4_ros_com/share/px4_ros_com/environment/ament_prefix_path.sh\n'}
[3.570087] (px4_ros_com) StdoutLine: {'line': b'-- Up-to-date: /home/px4/ros2/ws/install/px4_ros_com/share/px4_ros_com/environment/ament_prefix_path.dsv\n'}
[3.570179] (px4_ros_com) StdoutLine: {'line': b'-- Up-to-date: /home/px4/ros2/ws/install/px4_ros_com/share/px4_ros_com/environment/path.sh\n'}
[3.570337] (px4_ros_com) StdoutLine: {'line': b'-- Up-to-date: /home/px4/ros2/ws/install/px4_ros_com/share/px4_ros_com/environment/path.dsv\n'}
[3.570427] (px4_ros_com) StdoutLine: {'line': b'-- Up-to-date: /home/px4/ros2/ws/install/px4_ros_com/share/px4_ros_com/local_setup.bash\n'}
[3.570520] (px4_ros_com) StdoutLine: {'line': b'-- Up-to-date: /home/px4/ros2/ws/install/px4_ros_com/share/px4_ros_com/local_setup.sh\n'}
[3.570607] (px4_ros_com) StdoutLine: {'line': b'-- Up-to-date: /home/px4/ros2/ws/install/px4_ros_com/share/px4_ros_com/local_setup.zsh\n'}
[3.570696] (px4_ros_com) StdoutLine: {'line': b'-- Up-to-date: /home/px4/ros2/ws/install/px4_ros_com/share/px4_ros_com/local_setup.dsv\n'}
[3.570786] (px4_ros_com) StdoutLine: {'line': b'-- Installing: /home/px4/ros2/ws/install/px4_ros_com/share/px4_ros_com/package.dsv\n'}
[3.570925] (px4_ros_com) StdoutLine: {'line': b'-- Up-to-date: /home/px4/ros2/ws/install/px4_ros_com/share/ament_index/resource_index/packages/px4_ros_com\n'}
[3.571019] (px4_ros_com) StdoutLine: {'line': b'-- Up-to-date: /home/px4/ros2/ws/install/px4_ros_com/share/px4_ros_com/cmake/export_frame_transformsExport.cmake\n'}
[3.571121] (px4_ros_com) StdoutLine: {'line': b'-- Up-to-date: /home/px4/ros2/ws/install/px4_ros_com/share/px4_ros_com/cmake/export_frame_transformsExport-noconfig.cmake\n'}
[3.571278] (px4_ros_com) StdoutLine: {'line': b'-- Up-to-date: /home/px4/ros2/ws/install/px4_ros_com/share/px4_ros_com/cmake/ament_cmake_export_dependencies-extras.cmake\n'}
[3.571426] (px4_ros_com) StdoutLine: {'line': b'-- Up-to-date: /home/px4/ros2/ws/install/px4_ros_com/share/px4_ros_com/cmake/ament_cmake_export_targets-extras.cmake\n'}
[3.571562] (px4_ros_com) StdoutLine: {'line': b'-- Up-to-date: /home/px4/ros2/ws/install/px4_ros_com/share/px4_ros_com/cmake/ament_cmake_export_include_directories-extras.cmake\n'}
[3.571685] (px4_ros_com) StdoutLine: {'line': b'-- Up-to-date: /home/px4/ros2/ws/install/px4_ros_com/share/px4_ros_com/cmake/ament_cmake_export_libraries-extras.cmake\n'}
[3.571762] (px4_ros_com) StdoutLine: {'line': b'-- Up-to-date: /home/px4/ros2/ws/install/px4_ros_com/share/px4_ros_com/cmake/px4_ros_comConfig.cmake\n'}
[3.571836] (px4_ros_com) StdoutLine: {'line': b'-- Up-to-date: /home/px4/ros2/ws/install/px4_ros_com/share/px4_ros_com/cmake/px4_ros_comConfig-version.cmake\n'}
[3.571902] (px4_ros_com) StdoutLine: {'line': b'-- Up-to-date: /home/px4/ros2/ws/install/px4_ros_com/share/px4_ros_com/package.xml\n'}
[3.574151] (px4_ros_com) CommandEnded: {'returncode': 0}
[3.596478] (px4_ros_com) JobEnded: {'identifier': 'px4_ros_com', 'rc': 0}
[3.597626] (-) EventReactorShutdown: {}
