[0.000000] (-) TimerEvent: {}
[0.000682] (dron_nav_pkg) JobQueued: {'identifier': 'dron_nav_pkg', 'dependencies': OrderedDict()}
[0.000726] (px4_msgs) JobQueued: {'identifier': 'px4_msgs', 'dependencies': OrderedDict()}
[0.000751] (px4_ros_com) JobQueued: {'identifier': 'px4_ros_com', 'dependencies': OrderedDict([('px4_msgs', '/home/px4/ros2/ws/install/px4_msgs')])}
[0.000787] (px4_msgs) JobStarted: {'identifier': 'px4_msgs'}
[0.006572] (dron_nav_pkg) JobStarted: {'identifier': 'dron_nav_pkg'}
[0.012199] (px4_msgs) JobProgress: {'identifier': 'px4_msgs', 'progress': 'cmake'}
[0.012710] (px4_msgs) JobProgress: {'identifier': 'px4_msgs', 'progress': 'build'}
[0.013478] (px4_msgs) Command: {'cmd': ['/usr/bin/cmake', '--build', '/home/px4/ros2/ws/build/px4_msgs', '--', '-j16', '-l16'], 'cwd': '/home/px4/ros2/ws/build/px4_msgs', 'env': OrderedDict([('HOSTNAME', 'legion5'), ('SHLVL', '1'), ('LD_LIBRARY_PATH', '/opt/ros/humble/opt/rviz_ogre_vendor/lib:/opt/ros/humble/lib/x86_64-linux-gnu:/opt/ros/humble/lib'), ('HOME', '/root'), ('OLDPWD', '/home/px4/ros2'), ('ROS_PYTHON_VERSION', '3'), ('ROS_DISTRO', 'humble'), ('_', '/usr/bin/colcon'), ('ROS_VERSION', '2'), ('TERM', 'xterm'), ('ROS_LOCALHOST_ONLY', '0'), ('PATH', '/opt/ros/humble/bin:/usr/local/sbin:/usr/local/bin:/usr/sbin:/usr/bin:/sbin:/bin'), ('DISPLAY', ':1'), ('LANG', 'en_US.UTF-8'), ('LS_COLORS', 'rs=0:di=01;34:ln=01;36:mh=00:pi=40;33:so=01;35:do=01;35:bd=40;33;01:cd=40;33;01:or=40;31;01:mi=00:su=37;41:sg=30;43:ca=30;41:tw=30;42:ow=34;42:st=37;44:ex=01;32:*.tar=01;31:*.tgz=01;31:*.arc=01;31:*.arj=01;31:*.taz=01;31:*.lha=01;31:*.lz4=01;31:*.lzh=01;31:*.lzma=01;31:*.tlz=01;31:*.txz=01;31:*.tzo=01;31:*.t7z=01;31:*.zip=01;31:*.z=01;31:*.dz=01;31:*.gz=01;31:*.lrz=01;31:*.lz=01;31:*.lzo=01;31:*.xz=01;31:*.zst=01;31:*.tzst=01;31:*.bz2=01;31:*.bz=01;31:*.tbz=01;31:*.tbz2=01;31:*.tz=01;31:*.deb=01;31:*.rpm=01;31:*.jar=01;31:*.war=01;31:*.ear=01;31:*.sar=01;31:*.rar=01;31:*.alz=01;31:*.ace=01;31:*.zoo=01;31:*.cpio=01;31:*.7z=01;31:*.rz=01;31:*.cab=01;31:*.wim=01;31:*.swm=01;31:*.dwm=01;31:*.esd=01;31:*.jpg=01;35:*.jpeg=01;35:*.mjpg=01;35:*.mjpeg=01;35:*.gif=01;35:*.bmp=01;35:*.pbm=01;35:*.pgm=01;35:*.ppm=01;35:*.tga=01;35:*.xbm=01;35:*.xpm=01;35:*.tif=01;35:*.tiff=01;35:*.png=01;35:*.svg=01;35:*.svgz=01;35:*.mng=01;35:*.pcx=01;35:*.mov=01;35:*.mpg=01;35:*.mpeg=01;35:*.m2v=01;35:*.mkv=01;35:*.webm=01;35:*.webp=01;35:*.ogm=01;35:*.mp4=01;35:*.m4v=01;35:*.mp4v=01;35:*.vob=01;35:*.qt=01;35:*.nuv=01;35:*.wmv=01;35:*.asf=01;35:*.rm=01;35:*.rmvb=01;35:*.flc=01;35:*.avi=01;35:*.fli=01;35:*.flv=01;35:*.gl=01;35:*.dl=01;35:*.xcf=01;35:*.xwd=01;35:*.yuv=01;35:*.cgm=01;35:*.emf=01;35:*.ogv=01;35:*.ogx=01;35:*.aac=00;36:*.au=00;36:*.flac=00;36:*.m4a=00;36:*.mid=00;36:*.midi=00;36:*.mka=00;36:*.mp3=00;36:*.mpc=00;36:*.ogg=00;36:*.ra=00;36:*.wav=00;36:*.oga=00;36:*.opus=00;36:*.spx=00;36:*.xspf=00;36:'), ('ROS_DOMAIN_ID', '0'), ('AMENT_PREFIX_PATH', '/opt/ros/humble'), ('DEBIAN_FRONTEND', 'noninteractive'), ('PWD', '/home/px4/ros2/ws/build/px4_msgs'), ('LC_ALL', 'en_US.UTF-8'), ('PYTHONPATH', '/opt/ros/humble/lib/python3.10/site-packages:/opt/ros/humble/local/lib/python3.10/dist-packages'), ('COLCON', '1'), ('CMAKE_PREFIX_PATH', '/opt/ros/humble')]), 'shell': False}
[0.099850] (-) TimerEvent: {}
[0.200134] (-) TimerEvent: {}
[0.300420] (-) TimerEvent: {}
[0.400708] (-) TimerEvent: {}
[0.492094] (dron_nav_pkg) Command: {'cmd': ['/usr/bin/python3', '-W', 'ignore:setup.py install is deprecated', '-W', 'ignore:easy_install command is deprecated', 'setup.py', 'egg_info', '--egg-base', '../../build/dron_nav_pkg', 'build', '--build-base', '/home/px4/ros2/ws/build/dron_nav_pkg/build', 'install', '--record', '/home/px4/ros2/ws/build/dron_nav_pkg/install.log', '--single-version-externally-managed', 'install_data'], 'cwd': '/home/px4/ros2/ws/src/dron_nav_pkg', 'env': {'HOSTNAME': 'legion5', 'SHLVL': '1', 'LD_LIBRARY_PATH': '/opt/ros/humble/opt/rviz_ogre_vendor/lib:/opt/ros/humble/lib/x86_64-linux-gnu:/opt/ros/humble/lib', 'HOME': '/root', 'OLDPWD': '/home/px4/ros2', 'ROS_PYTHON_VERSION': '3', 'ROS_DISTRO': 'humble', '_': '/usr/bin/colcon', 'ROS_VERSION': '2', 'TERM': 'xterm', 'ROS_LOCALHOST_ONLY': '0', 'PATH': '/opt/ros/humble/bin:/usr/local/sbin:/usr/local/bin:/usr/sbin:/usr/bin:/sbin:/bin', 'DISPLAY': ':1', 'LANG': 'en_US.UTF-8', 'LS_COLORS': 'rs=0:di=01;34:ln=01;36:mh=00:pi=40;33:so=01;35:do=01;35:bd=40;33;01:cd=40;33;01:or=40;31;01:mi=00:su=37;41:sg=30;43:ca=30;41:tw=30;42:ow=34;42:st=37;44:ex=01;32:*.tar=01;31:*.tgz=01;31:*.arc=01;31:*.arj=01;31:*.taz=01;31:*.lha=01;31:*.lz4=01;31:*.lzh=01;31:*.lzma=01;31:*.tlz=01;31:*.txz=01;31:*.tzo=01;31:*.t7z=01;31:*.zip=01;31:*.z=01;31:*.dz=01;31:*.gz=01;31:*.lrz=01;31:*.lz=01;31:*.lzo=01;31:*.xz=01;31:*.zst=01;31:*.tzst=01;31:*.bz2=01;31:*.bz=01;31:*.tbz=01;31:*.tbz2=01;31:*.tz=01;31:*.deb=01;31:*.rpm=01;31:*.jar=01;31:*.war=01;31:*.ear=01;31:*.sar=01;31:*.rar=01;31:*.alz=01;31:*.ace=01;31:*.zoo=01;31:*.cpio=01;31:*.7z=01;31:*.rz=01;31:*.cab=01;31:*.wim=01;31:*.swm=01;31:*.dwm=01;31:*.esd=01;31:*.jpg=01;35:*.jpeg=01;35:*.mjpg=01;35:*.mjpeg=01;35:*.gif=01;35:*.bmp=01;35:*.pbm=01;35:*.pgm=01;35:*.ppm=01;35:*.tga=01;35:*.xbm=01;35:*.xpm=01;35:*.tif=01;35:*.tiff=01;35:*.png=01;35:*.svg=01;35:*.svgz=01;35:*.mng=01;35:*.pcx=01;35:*.mov=01;35:*.mpg=01;35:*.mpeg=01;35:*.m2v=01;35:*.mkv=01;35:*.webm=01;35:*.webp=01;35:*.ogm=01;35:*.mp4=01;35:*.m4v=01;35:*.mp4v=01;35:*.vob=01;35:*.qt=01;35:*.nuv=01;35:*.wmv=01;35:*.asf=01;35:*.rm=01;35:*.rmvb=01;35:*.flc=01;35:*.avi=01;35:*.fli=01;35:*.flv=01;35:*.gl=01;35:*.dl=01;35:*.xcf=01;35:*.xwd=01;35:*.yuv=01;35:*.cgm=01;35:*.emf=01;35:*.ogv=01;35:*.ogx=01;35:*.aac=00;36:*.au=00;36:*.flac=00;36:*.m4a=00;36:*.mid=00;36:*.midi=00;36:*.mka=00;36:*.mp3=00;36:*.mpc=00;36:*.ogg=00;36:*.ra=00;36:*.wav=00;36:*.oga=00;36:*.opus=00;36:*.spx=00;36:*.xspf=00;36:', 'ROS_DOMAIN_ID': '0', 'AMENT_PREFIX_PATH': '/opt/ros/humble', 'DEBIAN_FRONTEND': 'noninteractive', 'PWD': '/home/px4/ros2/ws/build/dron_nav_pkg', 'LC_ALL': 'en_US.UTF-8', 'PYTHONPATH': '/home/px4/ros2/ws/build/dron_nav_pkg/prefix_override:/usr/lib/python3/dist-packages/colcon_core/task/python/colcon_distutils_commands:/home/px4/ros2/ws/install/dron_nav_pkg/lib/python3.10/site-packages:/opt/ros/humble/lib/python3.10/site-packages:/opt/ros/humble/local/lib/python3.10/dist-packages', 'COLCON': '1'}, 'shell': False}
[0.500794] (-) TimerEvent: {}
[0.601029] (-) TimerEvent: {}
[0.642389] (px4_msgs) StdoutLine: {'line': b'[  0%] Built target px4_msgs__cpp\n'}
[0.677000] (px4_msgs) StdoutLine: {'line': b'[ 12%] Built target px4_msgs__rosidl_generator_c\n'}
[0.679277] (dron_nav_pkg) StdoutLine: {'line': b'running egg_info\n'}
[0.680044] (dron_nav_pkg) StdoutLine: {'line': b'writing ../../build/dron_nav_pkg/dron_nav_pkg.egg-info/PKG-INFO\n'}
[0.680269] (dron_nav_pkg) StdoutLine: {'line': b'writing dependency_links to ../../build/dron_nav_pkg/dron_nav_pkg.egg-info/dependency_links.txt\n'}
[0.680412] (dron_nav_pkg) StdoutLine: {'line': b'writing entry points to ../../build/dron_nav_pkg/dron_nav_pkg.egg-info/entry_points.txt\n'}
[0.680537] (dron_nav_pkg) StdoutLine: {'line': b'writing requirements to ../../build/dron_nav_pkg/dron_nav_pkg.egg-info/requires.txt\n'}
[0.680627] (dron_nav_pkg) StdoutLine: {'line': b'writing top-level names to ../../build/dron_nav_pkg/dron_nav_pkg.egg-info/top_level.txt\n'}
[0.682013] (dron_nav_pkg) StdoutLine: {'line': b"reading manifest file '../../build/dron_nav_pkg/dron_nav_pkg.egg-info/SOURCES.txt'\n"}
[0.682632] (dron_nav_pkg) StdoutLine: {'line': b"writing manifest file '../../build/dron_nav_pkg/dron_nav_pkg.egg-info/SOURCES.txt'\n"}
[0.682767] (dron_nav_pkg) StdoutLine: {'line': b'running build\n'}
[0.682870] (dron_nav_pkg) StdoutLine: {'line': b'running build_py\n'}
[0.682991] (dron_nav_pkg) StdoutLine: {'line': b'copying dron_nav_pkg/dron_nav_pkg.py -> /home/px4/ros2/ws/build/dron_nav_pkg/build/lib/dron_nav_pkg\n'}
[0.683157] (dron_nav_pkg) StdoutLine: {'line': b'running install\n'}
[0.683414] (dron_nav_pkg) StdoutLine: {'line': b'running install_lib\n'}
[0.683985] (dron_nav_pkg) StdoutLine: {'line': b'copying /home/px4/ros2/ws/build/dron_nav_pkg/build/lib/dron_nav_pkg/dron_nav_pkg.py -> /home/px4/ros2/ws/install/dron_nav_pkg/lib/python3.10/site-packages/dron_nav_pkg\n'}
[0.684470] (dron_nav_pkg) StdoutLine: {'line': b'byte-compiling /home/px4/ros2/ws/install/dron_nav_pkg/lib/python3.10/site-packages/dron_nav_pkg/dron_nav_pkg.py to dron_nav_pkg.cpython-310.pyc\n'}
[0.686741] (dron_nav_pkg) StdoutLine: {'line': b'running install_data\n'}
[0.686954] (dron_nav_pkg) StdoutLine: {'line': b'running install_egg_info\n'}
[0.688479] (dron_nav_pkg) StdoutLine: {'line': b"removing '/home/px4/ros2/ws/install/dron_nav_pkg/lib/python3.10/site-packages/dron_nav_pkg-0.0.0-py3.10.egg-info' (and everything under it)\n"}
[0.688836] (dron_nav_pkg) StdoutLine: {'line': b'Copying ../../build/dron_nav_pkg/dron_nav_pkg.egg-info to /home/px4/ros2/ws/install/dron_nav_pkg/lib/python3.10/site-packages/dron_nav_pkg-0.0.0-py3.10.egg-info\n'}
[0.689246] (px4_msgs) StdoutLine: {'line': b'[ 12%] Built target ament_cmake_python_copy_px4_msgs\n'}
[0.689628] (dron_nav_pkg) StdoutLine: {'line': b'running install_scripts\n'}
[0.701142] (-) TimerEvent: {}
[0.709004] (dron_nav_pkg) StdoutLine: {'line': b'Installing dron_nav_pkg script to /home/px4/ros2/ws/install/dron_nav_pkg/lib/dron_nav_pkg\n'}
[0.709422] (dron_nav_pkg) StdoutLine: {'line': b"writing list of installed files to '/home/px4/ros2/ws/build/dron_nav_pkg/install.log'\n"}
[0.732701] (px4_msgs) StdoutLine: {'line': b'[ 36%] Built target px4_msgs__rosidl_typesupport_cpp\n'}
[0.732942] (px4_msgs) StdoutLine: {'line': b'[ 37%] Built target px4_msgs__rosidl_typesupport_c\n'}
[0.740568] (dron_nav_pkg) CommandEnded: {'returncode': 0}
[0.749978] (dron_nav_pkg) JobEnded: {'identifier': 'dron_nav_pkg', 'rc': 0}
[0.754007] (px4_msgs) StdoutLine: {'line': b'[ 50%] Built target px4_msgs__rosidl_typesupport_introspection_c\n'}
[0.757078] (px4_msgs) StdoutLine: {'line': b'[ 63%] Built target px4_msgs__rosidl_typesupport_introspection_cpp\n'}
[0.760042] (px4_msgs) StdoutLine: {'line': b'[ 75%] Built target px4_msgs__rosidl_typesupport_fastrtps_cpp\n'}
[0.792068] (px4_msgs) StdoutLine: {'line': b'[ 88%] Built target px4_msgs__rosidl_typesupport_fastrtps_c\n'}
[0.801224] (-) TimerEvent: {}
[0.812774] (px4_msgs) StdoutLine: {'line': b'[ 88%] Built target px4_msgs\n'}
[0.843074] (px4_msgs) StdoutLine: {'line': b'[ 88%] Built target px4_msgs__py\n'}
[0.895263] (px4_msgs) StdoutLine: {'line': b'running egg_info\n'}
[0.896016] (px4_msgs) StdoutLine: {'line': b'writing px4_msgs.egg-info/PKG-INFO\n'}
[0.896220] (px4_msgs) StdoutLine: {'line': b'writing dependency_links to px4_msgs.egg-info/dependency_links.txt\n'}
[0.896390] (px4_msgs) StdoutLine: {'line': b'writing top-level names to px4_msgs.egg-info/top_level.txt\n'}
[0.900349] (px4_msgs) StdoutLine: {'line': b"reading manifest file 'px4_msgs.egg-info/SOURCES.txt'\n"}
[0.901299] (-) TimerEvent: {}
[0.903428] (px4_msgs) StdoutLine: {'line': b"writing manifest file 'px4_msgs.egg-info/SOURCES.txt'\n"}
[0.929812] (px4_msgs) StdoutLine: {'line': b'[ 88%] Built target ament_cmake_python_build_px4_msgs_egg\n'}
[0.937333] (px4_msgs) StdoutLine: {'line': b'[100%] Built target px4_msgs__rosidl_generator_py\n'}
[0.962087] (px4_msgs) StdoutLine: {'line': b'[100%] Built target px4_msgs__rosidl_typesupport_fastrtps_c__pyext\n'}
[0.962285] (px4_msgs) StdoutLine: {'line': b'[100%] Built target px4_msgs__rosidl_typesupport_c__pyext\n'}
[0.962364] (px4_msgs) StdoutLine: {'line': b'[100%] Built target px4_msgs__rosidl_typesupport_introspection_c__pyext\n'}
[0.975279] (px4_msgs) CommandEnded: {'returncode': 0}
[0.975900] (px4_msgs) JobProgress: {'identifier': 'px4_msgs', 'progress': 'install'}
[0.985254] (px4_msgs) Command: {'cmd': ['/usr/bin/cmake', '--install', '/home/px4/ros2/ws/build/px4_msgs'], 'cwd': '/home/px4/ros2/ws/build/px4_msgs', 'env': OrderedDict([('HOSTNAME', 'legion5'), ('SHLVL', '1'), ('LD_LIBRARY_PATH', '/opt/ros/humble/opt/rviz_ogre_vendor/lib:/opt/ros/humble/lib/x86_64-linux-gnu:/opt/ros/humble/lib'), ('HOME', '/root'), ('OLDPWD', '/home/px4/ros2'), ('ROS_PYTHON_VERSION', '3'), ('ROS_DISTRO', 'humble'), ('_', '/usr/bin/colcon'), ('ROS_VERSION', '2'), ('TERM', 'xterm'), ('ROS_LOCALHOST_ONLY', '0'), ('PATH', '/opt/ros/humble/bin:/usr/local/sbin:/usr/local/bin:/usr/sbin:/usr/bin:/sbin:/bin'), ('DISPLAY', ':1'), ('LANG', 'en_US.UTF-8'), ('LS_COLORS', 'rs=0:di=01;34:ln=01;36:mh=00:pi=40;33:so=01;35:do=01;35:bd=40;33;01:cd=40;33;01:or=40;31;01:mi=00:su=37;41:sg=30;43:ca=30;41:tw=30;42:ow=34;42:st=37;44:ex=01;32:*.tar=01;31:*.tgz=01;31:*.arc=01;31:*.arj=01;31:*.taz=01;31:*.lha=01;31:*.lz4=01;31:*.lzh=01;31:*.lzma=01;31:*.tlz=01;31:*.txz=01;31:*.tzo=01;31:*.t7z=01;31:*.zip=01;31:*.z=01;31:*.dz=01;31:*.gz=01;31:*.lrz=01;31:*.lz=01;31:*.lzo=01;31:*.xz=01;31:*.zst=01;31:*.tzst=01;31:*.bz2=01;31:*.bz=01;31:*.tbz=01;31:*.tbz2=01;31:*.tz=01;31:*.deb=01;31:*.rpm=01;31:*.jar=01;31:*.war=01;31:*.ear=01;31:*.sar=01;31:*.rar=01;31:*.alz=01;31:*.ace=01;31:*.zoo=01;31:*.cpio=01;31:*.7z=01;31:*.rz=01;31:*.cab=01;31:*.wim=01;31:*.swm=01;31:*.dwm=01;31:*.esd=01;31:*.jpg=01;35:*.jpeg=01;35:*.mjpg=01;35:*.mjpeg=01;35:*.gif=01;35:*.bmp=01;35:*.pbm=01;35:*.pgm=01;35:*.ppm=01;35:*.tga=01;35:*.xbm=01;35:*.xpm=01;35:*.tif=01;35:*.tiff=01;35:*.png=01;35:*.svg=01;35:*.svgz=01;35:*.mng=01;35:*.pcx=01;35:*.mov=01;35:*.mpg=01;35:*.mpeg=01;35:*.m2v=01;35:*.mkv=01;35:*.webm=01;35:*.webp=01;35:*.ogm=01;35:*.mp4=01;35:*.m4v=01;35:*.mp4v=01;35:*.vob=01;35:*.qt=01;35:*.nuv=01;35:*.wmv=01;35:*.asf=01;35:*.rm=01;35:*.rmvb=01;35:*.flc=01;35:*.avi=01;35:*.fli=01;35:*.flv=01;35:*.gl=01;35:*.dl=01;35:*.xcf=01;35:*.xwd=01;35:*.yuv=01;35:*.cgm=01;35:*.emf=01;35:*.ogv=01;35:*.ogx=01;35:*.aac=00;36:*.au=00;36:*.flac=00;36:*.m4a=00;36:*.mid=00;36:*.midi=00;36:*.mka=00;36:*.mp3=00;36:*.mpc=00;36:*.ogg=00;36:*.ra=00;36:*.wav=00;36:*.oga=00;36:*.opus=00;36:*.spx=00;36:*.xspf=00;36:'), ('ROS_DOMAIN_ID', '0'), ('AMENT_PREFIX_PATH', '/opt/ros/humble'), ('DEBIAN_FRONTEND', 'noninteractive'), ('PWD', '/home/px4/ros2/ws/build/px4_msgs'), ('LC_ALL', 'en_US.UTF-8'), ('PYTHONPATH', '/opt/ros/humble/lib/python3.10/site-packages:/opt/ros/humble/local/lib/python3.10/dist-packages'), ('COLCON', '1'), ('CMAKE_PREFIX_PATH', '/opt/ros/humble')]), 'shell': False}
[0.994462] (px4_msgs) StdoutLine: {'line': b'-- Install configuration: ""\n'}
[0.994666] (px4_msgs) StdoutLine: {'line': b'-- Up-to-date: /home/px4/ros2/ws/install/px4_msgs/share/ament_index/resource_index/rosidl_interfaces/px4_msgs\n'}
[0.994735] (px4_msgs) StdoutLine: {'line': b'-- Up-to-date: /home/px4/ros2/ws/install/px4_msgs/include/px4_msgs/px4_msgs\n'}
[0.994829] (px4_msgs) StdoutLine: {'line': b'-- Up-to-date: /home/px4/ros2/ws/install/px4_msgs/include/px4_msgs/px4_msgs/msg\n'}
[0.995071] (px4_msgs) StdoutLine: {'line': b'-- Up-to-date: /home/px4/ros2/ws/install/px4_msgs/include/px4_msgs/px4_msgs/msg/input_rc.h\n'}
[0.995195] (px4_msgs) StdoutLine: {'line': b'-- Up-to-date: /home/px4/ros2/ws/install/px4_msgs/include/px4_msgs/px4_msgs/msg/distance_sensor.h\n'}
[0.995300] (px4_msgs) StdoutLine: {'line': b'-- Up-to-date: /home/px4/ros2/ws/install/px4_msgs/include/px4_msgs/px4_msgs/msg/radio_status.h\n'}
[0.995390] (px4_msgs) StdoutLine: {'line': b'-- Up-to-date: /home/px4/ros2/ws/install/px4_msgs/include/px4_msgs/px4_msgs/msg/sensor_gps.h\n'}
[0.995471] (px4_msgs) StdoutLine: {'line': b'-- Up-to-date: /home/px4/ros2/ws/install/px4_msgs/include/px4_msgs/px4_msgs/msg/pure_pursuit_status.h\n'}
[0.995597] (px4_msgs) StdoutLine: {'line': b'-- Up-to-date: /home/px4/ros2/ws/install/px4_msgs/include/px4_msgs/px4_msgs/msg/health_report.h\n'}
[0.995675] (px4_msgs) StdoutLine: {'line': b'-- Up-to-date: /home/px4/ros2/ws/install/px4_msgs/include/px4_msgs/px4_msgs/msg/gimbal_controls.h\n'}
[0.995747] (px4_msgs) StdoutLine: {'line': b'-- Up-to-date: /home/px4/ros2/ws/install/px4_msgs/include/px4_msgs/px4_msgs/msg/config_overrides.h\n'}
[0.995947] (px4_msgs) StdoutLine: {'line': b'-- Up-to-date: /home/px4/ros2/ws/install/px4_msgs/include/px4_msgs/px4_msgs/msg/vehicle_command_ack.h\n'}
[0.996039] (px4_msgs) StdoutLine: {'line': b'-- Up-to-date: /home/px4/ros2/ws/install/px4_msgs/include/px4_msgs/px4_msgs/msg/orb_test_medium.h\n'}
[0.996097] (px4_msgs) StdoutLine: {'line': b'-- Up-to-date: /home/px4/ros2/ws/install/px4_msgs/include/px4_msgs/px4_msgs/msg/led_control.h\n'}
[0.996163] (px4_msgs) StdoutLine: {'line': b'-- Up-to-date: /home/px4/ros2/ws/install/px4_msgs/include/px4_msgs/px4_msgs/msg/uavcan_parameter_value.h\n'}
[0.996221] (px4_msgs) StdoutLine: {'line': b'-- Up-to-date: /home/px4/ros2/ws/install/px4_msgs/include/px4_msgs/px4_msgs/msg/gps_inject_data.h\n'}
[0.996274] (px4_msgs) StdoutLine: {'line': b'-- Up-to-date: /home/px4/ros2/ws/install/px4_msgs/include/px4_msgs/px4_msgs/msg/airspeed_wind.h\n'}
[0.996326] (px4_msgs) StdoutLine: {'line': b'-- Up-to-date: /home/px4/ros2/ws/install/px4_msgs/include/px4_msgs/px4_msgs/msg/estimator_selector_status.h\n'}
[0.996376] (px4_msgs) StdoutLine: {'line': b'-- Up-to-date: /home/px4/ros2/ws/install/px4_msgs/include/px4_msgs/px4_msgs/msg/actuator_servos.h\n'}
[0.996427] (px4_msgs) StdoutLine: {'line': b'-- Up-to-date: /home/px4/ros2/ws/install/px4_msgs/include/px4_msgs/px4_msgs/msg/estimator_aid_source1d.h\n'}
[0.996477] (px4_msgs) StdoutLine: {'line': b'-- Up-to-date: /home/px4/ros2/ws/install/px4_msgs/include/px4_msgs/px4_msgs/msg/vehicle_magnetometer.h\n'}
[0.996551] (px4_msgs) StdoutLine: {'line': b'-- Up-to-date: /home/px4/ros2/ws/install/px4_msgs/include/px4_msgs/px4_msgs/msg/vehicle_rates_setpoint.h\n'}
[0.996621] (px4_msgs) StdoutLine: {'line': b'-- Up-to-date: /home/px4/ros2/ws/install/px4_msgs/include/px4_msgs/px4_msgs/msg/collision_constraints.h\n'}
[0.996685] (px4_msgs) StdoutLine: {'line': b'-- Up-to-date: /home/px4/ros2/ws/install/px4_msgs/include/px4_msgs/px4_msgs/msg/orb_test.h\n'}
[0.996745] (px4_msgs) StdoutLine: {'line': b'-- Up-to-date: /home/px4/ros2/ws/install/px4_msgs/include/px4_msgs/px4_msgs/msg/ping.h\n'}
[0.996825] (px4_msgs) StdoutLine: {'line': b'-- Up-to-date: /home/px4/ros2/ws/install/px4_msgs/include/px4_msgs/px4_msgs/msg/actuator_motors.h\n'}
[0.996887] (px4_msgs) StdoutLine: {'line': b'-- Up-to-date: /home/px4/ros2/ws/install/px4_msgs/include/px4_msgs/px4_msgs/msg/geofence_status.h\n'}
[0.996980] (px4_msgs) StdoutLine: {'line': b'-- Up-to-date: /home/px4/ros2/ws/install/px4_msgs/include/px4_msgs/px4_msgs/msg/estimator_sensor_bias.h\n'}
[0.997043] (px4_msgs) StdoutLine: {'line': b'-- Up-to-date: /home/px4/ros2/ws/install/px4_msgs/include/px4_msgs/px4_msgs/msg/sensor_combined.h\n'}
[0.997104] (px4_msgs) StdoutLine: {'line': b'-- Up-to-date: /home/px4/ros2/ws/install/px4_msgs/include/px4_msgs/px4_msgs/msg/generator_status.h\n'}
[0.997215] (px4_msgs) StdoutLine: {'line': b'-- Up-to-date: /home/px4/ros2/ws/install/px4_msgs/include/px4_msgs/px4_msgs/msg/register_ext_component_request.h\n'}
[0.997284] (px4_msgs) StdoutLine: {'line': b'-- Up-to-date: /home/px4/ros2/ws/install/px4_msgs/include/px4_msgs/px4_msgs/msg/vehicle_angular_acceleration_setpoint.h\n'}
[0.997382] (px4_msgs) StdoutLine: {'line': b'-- Up-to-date: /home/px4/ros2/ws/install/px4_msgs/include/px4_msgs/px4_msgs/msg/pwm_input.h\n'}
[0.997448] (px4_msgs) StdoutLine: {'line': b'-- Up-to-date: /home/px4/ros2/ws/install/px4_msgs/include/px4_msgs/px4_msgs/msg/rover_velocity_setpoint.h\n'}
[0.997528] (px4_msgs) StdoutLine: {'line': b'-- Up-to-date: /home/px4/ros2/ws/install/px4_msgs/include/px4_msgs/px4_msgs/msg/ulog_stream_ack.h\n'}
[0.997591] (px4_msgs) StdoutLine: {'line': b'-- Up-to-date: /home/px4/ros2/ws/install/px4_msgs/include/px4_msgs/px4_msgs/msg/vehicle_optical_flow_vel.h\n'}
[0.997665] (px4_msgs) StdoutLine: {'line': b'-- Up-to-date: /home/px4/ros2/ws/install/px4_msgs/include/px4_msgs/px4_msgs/msg/vehicle_thrust_setpoint.h\n'}
[0.997726] (px4_msgs) StdoutLine: {'line': b'-- Up-to-date: /home/px4/ros2/ws/install/px4_msgs/include/px4_msgs/px4_msgs/msg/mavlink_tunnel.h\n'}
[0.997800] (px4_msgs) StdoutLine: {'line': b'-- Up-to-date: /home/px4/ros2/ws/install/px4_msgs/include/px4_msgs/px4_msgs/msg/follow_target_estimator.h\n'}
[0.997867] (px4_msgs) StdoutLine: {'line': b'-- Up-to-date: /home/px4/ros2/ws/install/px4_msgs/include/px4_msgs/px4_msgs/msg/gimbal_manager_set_manual_control.h\n'}
[0.997939] (px4_msgs) StdoutLine: {'line': b'-- Up-to-date: /home/px4/ros2/ws/install/px4_msgs/include/px4_msgs/px4_msgs/msg/camera_capture.h\n'}
[0.998046] (px4_msgs) StdoutLine: {'line': b'-- Up-to-date: /home/px4/ros2/ws/install/px4_msgs/include/px4_msgs/px4_msgs/msg/mount_orientation.h\n'}
[0.998129] (px4_msgs) StdoutLine: {'line': b'-- Up-to-date: /home/px4/ros2/ws/install/px4_msgs/include/px4_msgs/px4_msgs/msg/rover_attitude_status.h\n'}
[0.998193] (px4_msgs) StdoutLine: {'line': b'-- Up-to-date: /home/px4/ros2/ws/install/px4_msgs/include/px4_msgs/px4_msgs/msg/parameter_update.h\n'}
[0.998247] (px4_msgs) StdoutLine: {'line': b'-- Up-to-date: /home/px4/ros2/ws/install/px4_msgs/include/px4_msgs/px4_msgs/msg/qshell_retval.h\n'}
[0.998308] (px4_msgs) StdoutLine: {'line': b'-- Up-to-date: /home/px4/ros2/ws/install/px4_msgs/include/px4_msgs/px4_msgs/msg/gpio_request.h\n'}
[0.998373] (px4_msgs) StdoutLine: {'line': b'-- Up-to-date: /home/px4/ros2/ws/install/px4_msgs/include/px4_msgs/px4_msgs/msg/detail\n'}
[0.998434] (px4_msgs) StdoutLine: {'line': b'-- Up-to-date: /home/px4/ros2/ws/install/px4_msgs/include/px4_msgs/px4_msgs/msg/detail/input_rc__functions.c\n'}
[0.998496] (px4_msgs) StdoutLine: {'line': b'-- Up-to-date: /home/px4/ros2/ws/install/px4_msgs/include/px4_msgs/px4_msgs/msg/detail/sensor_mag__functions.h\n'}
[0.998602] (px4_msgs) StdoutLine: {'line': b'-- Up-to-date: /home/px4/ros2/ws/install/px4_msgs/include/px4_msgs/px4_msgs/msg/detail/vehicle_command__struct.h\n'}
[0.998667] (px4_msgs) StdoutLine: {'line': b'-- Up-to-date: /home/px4/ros2/ws/install/px4_msgs/include/px4_msgs/px4_msgs/msg/detail/rtl_status__functions.h\n'}
[0.998732] (px4_msgs) StdoutLine: {'line': b'-- Up-to-date: /home/px4/ros2/ws/install/px4_msgs/include/px4_msgs/px4_msgs/msg/detail/figure_eight_status__type_support.h\n'}
[0.998835] (px4_msgs) StdoutLine: {'line': b'-- Up-to-date: /home/px4/ros2/ws/install/px4_msgs/include/px4_msgs/px4_msgs/msg/detail/fixed_wing_lateral_setpoint__functions.h\n'}
[0.999034] (px4_msgs) StdoutLine: {'line': b'-- Up-to-date: /home/px4/ros2/ws/install/px4_msgs/include/px4_msgs/px4_msgs/msg/detail/sensor_optical_flow__type_support.h\n'}
[0.999095] (px4_msgs) StdoutLine: {'line': b'-- Up-to-date: /home/px4/ros2/ws/install/px4_msgs/include/px4_msgs/px4_msgs/msg/detail/distance_sensor_mode_change_request__struct.h\n'}
[0.999162] (px4_msgs) StdoutLine: {'line': b'-- Up-to-date: /home/px4/ros2/ws/install/px4_msgs/include/px4_msgs/px4_msgs/msg/detail/rover_rate_status__functions.h\n'}
[0.999256] (px4_msgs) StdoutLine: {'line': b'-- Up-to-date: /home/px4/ros2/ws/install/px4_msgs/include/px4_msgs/px4_msgs/msg/detail/dataman_response__functions.h\n'}
[0.999330] (px4_msgs) StdoutLine: {'line': b'-- Up-to-date: /home/px4/ros2/ws/install/px4_msgs/include/px4_msgs/px4_msgs/msg/detail/lateral_control_configuration__type_support.h\n'}
[0.999386] (px4_msgs) StdoutLine: {'line': b'-- Up-to-date: /home/px4/ros2/ws/install/px4_msgs/include/px4_msgs/px4_msgs/msg/detail/magnetometer_bias_estimate__struct.h\n'}
[0.999447] (px4_msgs) StdoutLine: {'line': b'-- Up-to-date: /home/px4/ros2/ws/install/px4_msgs/include/px4_msgs/px4_msgs/msg/detail/follow_target_estimator__struct.h\n'}
[0.999510] (px4_msgs) StdoutLine: {'line': b'-- Up-to-date: /home/px4/ros2/ws/install/px4_msgs/include/px4_msgs/px4_msgs/msg/detail/estimator_bias3d__struct.h\n'}
[0.999570] (px4_msgs) StdoutLine: {'line': b'-- Up-to-date: /home/px4/ros2/ws/install/px4_msgs/include/px4_msgs/px4_msgs/msg/detail/manual_control_switches__type_support.h\n'}
[0.999658] (px4_msgs) StdoutLine: {'line': b'-- Up-to-date: /home/px4/ros2/ws/install/px4_msgs/include/px4_msgs/px4_msgs/msg/detail/magnetometer_bias_estimate__functions.h\n'}
[0.999724] (px4_msgs) StdoutLine: {'line': b'-- Up-to-date: /home/px4/ros2/ws/install/px4_msgs/include/px4_msgs/px4_msgs/msg/detail/manual_control_setpoint__functions.c\n'}
[0.999821] (px4_msgs) StdoutLine: {'line': b'-- Up-to-date: /home/px4/ros2/ws/install/px4_msgs/include/px4_msgs/px4_msgs/msg/detail/vtol_vehicle_status__functions.c\n'}
[0.999912] (px4_msgs) StdoutLine: {'line': b'-- Up-to-date: /home/px4/ros2/ws/install/px4_msgs/include/px4_msgs/px4_msgs/msg/detail/task_stack_info__functions.h\n'}
[1.000013] (px4_msgs) StdoutLine: {'line': b'-- Up-to-date: /home/px4/ros2/ws/install/px4_msgs/include/px4_msgs/px4_msgs/msg/detail/camera_status__struct.h\n'}
[1.000099] (px4_msgs) StdoutLine: {'line': b'-- Up-to-date: /home/px4/ros2/ws/install/px4_msgs/include/px4_msgs/px4_msgs/msg/detail/camera_status__functions.h\n'}
[1.000162] (px4_msgs) StdoutLine: {'line': b'-- Up-to-date: /home/px4/ros2/ws/install/px4_msgs/include/px4_msgs/px4_msgs/msg/detail/estimator_aid_source2d__functions.c\n'}
[1.000237] (px4_msgs) StdoutLine: {'line': b'-- Up-to-date: /home/px4/ros2/ws/install/px4_msgs/include/px4_msgs/px4_msgs/msg/detail/config_overrides__functions.c\n'}
[1.000302] (px4_msgs) StdoutLine: {'line': b'-- Up-to-date: /home/px4/ros2/ws/install/px4_msgs/include/px4_msgs/px4_msgs/msg/detail/battery_status__struct.h\n'}
[1.000362] (px4_msgs) StdoutLine: {'line': b'-- Up-to-date: /home/px4/ros2/ws/install/px4_msgs/include/px4_msgs/px4_msgs/msg/detail/distance_sensor_mode_change_request__functions.c\n'}
[1.000420] (px4_msgs) StdoutLine: {'line': b'-- Up-to-date: /home/px4/ros2/ws/install/px4_msgs/include/px4_msgs/px4_msgs/msg/detail/parameter_update__struct.h\n'}
[1.000480] (px4_msgs) StdoutLine: {'line': b'-- Up-to-date: /home/px4/ros2/ws/install/px4_msgs/include/px4_msgs/px4_msgs/msg/detail/rover_rate_setpoint__functions.h\n'}
[1.000563] (px4_msgs) StdoutLine: {'line': b'-- Up-to-date: /home/px4/ros2/ws/install/px4_msgs/include/px4_msgs/px4_msgs/msg/detail/rover_rate_setpoint__type_support.h\n'}
[1.000629] (px4_msgs) StdoutLine: {'line': b'-- Up-to-date: /home/px4/ros2/ws/install/px4_msgs/include/px4_msgs/px4_msgs/msg/detail/camera_capture__functions.h\n'}
[1.000709] (px4_msgs) StdoutLine: {'line': b'-- Up-to-date: /home/px4/ros2/ws/install/px4_msgs/include/px4_msgs/px4_msgs/msg/detail/arming_check_request__type_support.h\n'}
[1.000774] (px4_msgs) StdoutLine: {'line': b'-- Up-to-date: /home/px4/ros2/ws/install/px4_msgs/include/px4_msgs/px4_msgs/msg/detail/mission__functions.h\n'}
[1.000848] (px4_msgs) StdoutLine: {'line': b'-- Up-to-date: /home/px4/ros2/ws/install/px4_msgs/include/px4_msgs/px4_msgs/msg/detail/register_ext_component_reply__functions.h\n'}
[1.000910] (px4_msgs) StdoutLine: {'line': b'-- Up-to-date: /home/px4/ros2/ws/install/px4_msgs/include/px4_msgs/px4_msgs/msg/detail/mission_result__struct.h\n'}
[1.000971] (px4_msgs) StdoutLine: {'line': b'-- Up-to-date: /home/px4/ros2/ws/install/px4_msgs/include/px4_msgs/px4_msgs/msg/detail/log_message__type_support.h\n'}
[1.001030] (px4_msgs) StdoutLine: {'line': b'-- Up-to-date: /home/px4/ros2/ws/install/px4_msgs/include/px4_msgs/px4_msgs/msg/detail/can_interface_status__struct.h\n'}
[1.001093] (px4_msgs) StdoutLine: {'line': b'-- Up-to-date: /home/px4/ros2/ws/install/px4_msgs/include/px4_msgs/px4_msgs/msg/detail/vehicle_optical_flow__type_support.h\n'}
[1.001154] (px4_msgs) StdoutLine: {'line': b'-- Up-to-date: /home/px4/ros2/ws/install/px4_msgs/include/px4_msgs/px4_msgs/msg/detail/open_drone_id_arm_status__type_support.h\n'}
[1.001214] (px4_msgs) StdoutLine: {'line': b'-- Up-to-date: /home/px4/ros2/ws/install/px4_msgs/include/px4_msgs/px4_msgs/msg/detail/geofence_status__struct.h\n'}
[1.001273] (px4_msgs) StdoutLine: {'line': b'-- Up-to-date: /home/px4/ros2/ws/install/px4_msgs/include/px4_msgs/px4_msgs/msg/detail/actuator_armed__type_support.h\n'}
[1.001332] (-) TimerEvent: {}
[1.001413] (px4_msgs) StdoutLine: {'line': b'-- Up-to-date: /home/px4/ros2/ws/install/px4_msgs/include/px4_msgs/px4_msgs/msg/detail/camera_capture__functions.c\n'}
[1.001487] (px4_msgs) StdoutLine: {'line': b'-- Up-to-date: /home/px4/ros2/ws/install/px4_msgs/include/px4_msgs/px4_msgs/msg/detail/vtol_vehicle_status__type_support.h\n'}
[1.001544] (px4_msgs) StdoutLine: {'line': b'-- Up-to-date: /home/px4/ros2/ws/install/px4_msgs/include/px4_msgs/px4_msgs/msg/detail/trajectory_setpoint6dof__functions.c\n'}
[1.001682] (px4_msgs) StdoutLine: {'line': b'-- Up-to-date: /home/px4/ros2/ws/install/px4_msgs/include/px4_msgs/px4_msgs/msg/detail/heater_status__type_support.h\n'}
[1.001768] (px4_msgs) StdoutLine: {'line': b'-- Up-to-date: /home/px4/ros2/ws/install/px4_msgs/include/px4_msgs/px4_msgs/msg/detail/rover_rate_status__functions.c\n'}
[1.001847] (px4_msgs) StdoutLine: {'line': b'-- Up-to-date: /home/px4/ros2/ws/install/px4_msgs/include/px4_msgs/px4_msgs/msg/detail/vehicle_imu_status__functions.h\n'}
[1.001913] (px4_msgs) StdoutLine: {'line': b'-- Up-to-date: /home/px4/ros2/ws/install/px4_msgs/include/px4_msgs/px4_msgs/msg/detail/fixed_wing_lateral_guidance_status__functions.h\n'}
[1.001974] (px4_msgs) StdoutLine: {'line': b'-- Up-to-date: /home/px4/ros2/ws/install/px4_msgs/include/px4_msgs/px4_msgs/msg/detail/unregister_ext_component__functions.h\n'}
[1.002039] (px4_msgs) StdoutLine: {'line': b'-- Up-to-date: /home/px4/ros2/ws/install/px4_msgs/include/px4_msgs/px4_msgs/msg/detail/qshell_req__functions.c\n'}
[1.002098] (px4_msgs) StdoutLine: {'line': b'-- Up-to-date: /home/px4/ros2/ws/install/px4_msgs/include/px4_msgs/px4_msgs/msg/detail/actuator_outputs__functions.c\n'}
[1.002163] (px4_msgs) StdoutLine: {'line': b'-- Up-to-date: /home/px4/ros2/ws/install/px4_msgs/include/px4_msgs/px4_msgs/msg/detail/airspeed_wind__functions.h\n'}
[1.002261] (px4_msgs) StdoutLine: {'line': b'-- Up-to-date: /home/px4/ros2/ws/install/px4_msgs/include/px4_msgs/px4_msgs/msg/detail/vehicle_imu_status__functions.c\n'}
[1.002321] (px4_msgs) StdoutLine: {'line': b'-- Up-to-date: /home/px4/ros2/ws/install/px4_msgs/include/px4_msgs/px4_msgs/msg/detail/event__struct.h\n'}
[1.002383] (px4_msgs) StdoutLine: {'line': b'-- Up-to-date: /home/px4/ros2/ws/install/px4_msgs/include/px4_msgs/px4_msgs/msg/detail/pwm_input__functions.c\n'}
[1.002443] (px4_msgs) StdoutLine: {'line': b'-- Up-to-date: /home/px4/ros2/ws/install/px4_msgs/include/px4_msgs/px4_msgs/msg/detail/position_setpoint__functions.c\n'}
[1.002506] (px4_msgs) StdoutLine: {'line': b'-- Up-to-date: /home/px4/ros2/ws/install/px4_msgs/include/px4_msgs/px4_msgs/msg/detail/config_overrides__functions.h\n'}
[1.002604] (px4_msgs) StdoutLine: {'line': b'-- Up-to-date: /home/px4/ros2/ws/install/px4_msgs/include/px4_msgs/px4_msgs/msg/detail/telemetry_status__functions.h\n'}
[1.002664] (px4_msgs) StdoutLine: {'line': b'-- Up-to-date: /home/px4/ros2/ws/install/px4_msgs/include/px4_msgs/px4_msgs/msg/detail/rover_position_setpoint__functions.h\n'}
[1.002725] (px4_msgs) StdoutLine: {'line': b'-- Up-to-date: /home/px4/ros2/ws/install/px4_msgs/include/px4_msgs/px4_msgs/msg/detail/sensor_uwb__struct.h\n'}
[1.002799] (px4_msgs) StdoutLine: {'line': b'-- Up-to-date: /home/px4/ros2/ws/install/px4_msgs/include/px4_msgs/px4_msgs/msg/detail/rc_channels__functions.c\n'}
[1.002865] (px4_msgs) StdoutLine: {'line': b'-- Up-to-date: /home/px4/ros2/ws/install/px4_msgs/include/px4_msgs/px4_msgs/msg/detail/button_event__type_support.h\n'}
[1.002932] (px4_msgs) StdoutLine: {'line': b'-- Up-to-date: /home/px4/ros2/ws/install/px4_msgs/include/px4_msgs/px4_msgs/msg/detail/task_stack_info__struct.h\n'}
[1.003027] (px4_msgs) StdoutLine: {'line': b'-- Up-to-date: /home/px4/ros2/ws/install/px4_msgs/include/px4_msgs/px4_msgs/msg/detail/position_controller_landing_status__functions.c\n'}
[1.003092] (px4_msgs) StdoutLine: {'line': b'-- Up-to-date: /home/px4/ros2/ws/install/px4_msgs/include/px4_msgs/px4_msgs/msg/detail/offboard_control_mode__type_support.h\n'}
[1.003153] (px4_msgs) StdoutLine: {'line': b'-- Up-to-date: /home/px4/ros2/ws/install/px4_msgs/include/px4_msgs/px4_msgs/msg/detail/sensor_preflight_mag__struct.h\n'}
[1.003217] (px4_msgs) StdoutLine: {'line': b'-- Up-to-date: /home/px4/ros2/ws/install/px4_msgs/include/px4_msgs/px4_msgs/msg/detail/estimator_selector_status__functions.c\n'}
[1.003278] (px4_msgs) StdoutLine: {'line': b'-- Up-to-date: /home/px4/ros2/ws/install/px4_msgs/include/px4_msgs/px4_msgs/msg/detail/vehicle_optical_flow__struct.h\n'}
[1.003338] (px4_msgs) StdoutLine: {'line': b'-- Up-to-date: /home/px4/ros2/ws/install/px4_msgs/include/px4_msgs/px4_msgs/msg/detail/distance_sensor__functions.h\n'}
[1.003399] (px4_msgs) StdoutLine: {'line': b'-- Up-to-date: /home/px4/ros2/ws/install/px4_msgs/include/px4_msgs/px4_msgs/msg/detail/power_button_state__functions.h\n'}
[1.003510] (px4_msgs) StdoutLine: {'line': b'-- Up-to-date: /home/px4/ros2/ws/install/px4_msgs/include/px4_msgs/px4_msgs/msg/detail/health_report__functions.h\n'}
[1.003571] (px4_msgs) StdoutLine: {'line': b'-- Up-to-date: /home/px4/ros2/ws/install/px4_msgs/include/px4_msgs/px4_msgs/msg/detail/tiltrotor_extra_controls__struct.h\n'}
[1.003657] (px4_msgs) StdoutLine: {'line': b'-- Up-to-date: /home/px4/ros2/ws/install/px4_msgs/include/px4_msgs/px4_msgs/msg/detail/figure_eight_status__struct.h\n'}
[1.003719] (px4_msgs) StdoutLine: {'line': b'-- Up-to-date: /home/px4/ros2/ws/install/px4_msgs/include/px4_msgs/px4_msgs/msg/detail/button_event__struct.h\n'}
[1.003840] (px4_msgs) StdoutLine: {'line': b'-- Up-to-date: /home/px4/ros2/ws/install/px4_msgs/include/px4_msgs/px4_msgs/msg/detail/vehicle_control_mode__struct.h\n'}
[1.003904] (px4_msgs) StdoutLine: {'line': b'-- Up-to-date: /home/px4/ros2/ws/install/px4_msgs/include/px4_msgs/px4_msgs/msg/detail/gps_dump__functions.h\n'}
[1.004000] (px4_msgs) StdoutLine: {'line': b'-- Up-to-date: /home/px4/ros2/ws/install/px4_msgs/include/px4_msgs/px4_msgs/msg/detail/estimator_innovations__functions.c\n'}
[1.004064] (px4_msgs) StdoutLine: {'line': b'-- Up-to-date: /home/px4/ros2/ws/install/px4_msgs/include/px4_msgs/px4_msgs/msg/detail/follow_target__type_support.h\n'}
[1.004125] (px4_msgs) StdoutLine: {'line': b'-- Up-to-date: /home/px4/ros2/ws/install/px4_msgs/include/px4_msgs/px4_msgs/msg/detail/register_ext_component_reply__type_support.h\n'}
[1.004209] (px4_msgs) StdoutLine: {'line': b'-- Up-to-date: /home/px4/ros2/ws/install/px4_msgs/include/px4_msgs/px4_msgs/msg/detail/geofence_result__functions.c\n'}
[1.004284] (px4_msgs) StdoutLine: {'line': b'-- Up-to-date: /home/px4/ros2/ws/install/px4_msgs/include/px4_msgs/px4_msgs/msg/detail/can_interface_status__functions.c\n'}
[1.004346] (px4_msgs) StdoutLine: {'line': b'-- Up-to-date: /home/px4/ros2/ws/install/px4_msgs/include/px4_msgs/px4_msgs/msg/detail/open_drone_id_self_id__functions.c\n'}
[1.004405] (px4_msgs) StdoutLine: {'line': b'-- Up-to-date: /home/px4/ros2/ws/install/px4_msgs/include/px4_msgs/px4_msgs/msg/detail/parameter_reset_request__functions.c\n'}
[1.004469] (px4_msgs) StdoutLine: {'line': b'-- Up-to-date: /home/px4/ros2/ws/install/px4_msgs/include/px4_msgs/px4_msgs/msg/detail/rate_ctrl_status__struct.h\n'}
[1.004551] (px4_msgs) StdoutLine: {'line': b'-- Up-to-date: /home/px4/ros2/ws/install/px4_msgs/include/px4_msgs/px4_msgs/msg/detail/gimbal_device_set_attitude__struct.h\n'}
[1.004613] (px4_msgs) StdoutLine: {'line': b'-- Up-to-date: /home/px4/ros2/ws/install/px4_msgs/include/px4_msgs/px4_msgs/msg/detail/log_message__struct.h\n'}
[1.004672] (px4_msgs) StdoutLine: {'line': b'-- Up-to-date: /home/px4/ros2/ws/install/px4_msgs/include/px4_msgs/px4_msgs/msg/detail/open_drone_id_arm_status__struct.h\n'}
[1.004731] (px4_msgs) StdoutLine: {'line': b'-- Up-to-date: /home/px4/ros2/ws/install/px4_msgs/include/px4_msgs/px4_msgs/msg/detail/transponder_report__functions.c\n'}
[1.004804] (px4_msgs) StdoutLine: {'line': b'-- Up-to-date: /home/px4/ros2/ws/install/px4_msgs/include/px4_msgs/px4_msgs/msg/detail/gimbal_manager_set_manual_control__functions.c\n'}
[1.004869] (px4_msgs) StdoutLine: {'line': b'-- Up-to-date: /home/px4/ros2/ws/install/px4_msgs/include/px4_msgs/px4_msgs/msg/detail/rtl_time_estimate__type_support.h\n'}
[1.004935] (px4_msgs) StdoutLine: {'line': b'-- Up-to-date: /home/px4/ros2/ws/install/px4_msgs/include/px4_msgs/px4_msgs/msg/detail/gimbal_device_set_attitude__functions.h\n'}
[1.005054] (px4_msgs) StdoutLine: {'line': b'-- Up-to-date: /home/px4/ros2/ws/install/px4_msgs/include/px4_msgs/px4_msgs/msg/detail/ping__functions.h\n'}
[1.005116] (px4_msgs) StdoutLine: {'line': b'-- Up-to-date: /home/px4/ros2/ws/install/px4_msgs/include/px4_msgs/px4_msgs/msg/detail/mission_result__functions.c\n'}
[1.005191] (px4_msgs) StdoutLine: {'line': b'-- Up-to-date: /home/px4/ros2/ws/install/px4_msgs/include/px4_msgs/px4_msgs/msg/detail/open_drone_id_system__struct.h\n'}
[1.005275] (px4_msgs) StdoutLine: {'line': b'-- Up-to-date: /home/px4/ros2/ws/install/px4_msgs/include/px4_msgs/px4_msgs/msg/detail/power_monitor__type_support.h\n'}
[1.005346] (px4_msgs) StdoutLine: {'line': b'-- Up-to-date: /home/px4/ros2/ws/install/px4_msgs/include/px4_msgs/px4_msgs/msg/detail/gpio_out__functions.h\n'}
[1.005407] (px4_msgs) StdoutLine: {'line': b'-- Up-to-date: /home/px4/ros2/ws/install/px4_msgs/include/px4_msgs/px4_msgs/msg/detail/gimbal_manager_information__functions.h\n'}
[1.005466] (px4_msgs) StdoutLine: {'line': b'-- Up-to-date: /home/px4/ros2/ws/install/px4_msgs/include/px4_msgs/px4_msgs/msg/detail/estimator_gps_status__functions.c\n'}
[1.005527] (px4_msgs) StdoutLine: {'line': b'-- Up-to-date: /home/px4/ros2/ws/install/px4_msgs/include/px4_msgs/px4_msgs/msg/detail/actuator_motors__functions.h\n'}
[1.005587] (px4_msgs) StdoutLine: {'line': b'-- Up-to-date: /home/px4/ros2/ws/install/px4_msgs/include/px4_msgs/px4_msgs/msg/detail/pps_capture__functions.h\n'}
[1.005650] (px4_msgs) StdoutLine: {'line': b'-- Up-to-date: /home/px4/ros2/ws/install/px4_msgs/include/px4_msgs/px4_msgs/msg/detail/mount_orientation__struct.h\n'}
[1.005710] (px4_msgs) StdoutLine: {'line': b'-- Up-to-date: /home/px4/ros2/ws/install/px4_msgs/include/px4_msgs/px4_msgs/msg/detail/cpuload__functions.c\n'}
[1.005822] (px4_msgs) StdoutLine: {'line': b'-- Up-to-date: /home/px4/ros2/ws/install/px4_msgs/include/px4_msgs/px4_msgs/msg/detail/sensor_gyro_fifo__functions.h\n'}
[1.005914] (px4_msgs) StdoutLine: {'line': b'-- Up-to-date: /home/px4/ros2/ws/install/px4_msgs/include/px4_msgs/px4_msgs/msg/detail/vehicle_torque_setpoint__functions.h\n'}
[1.005978] (px4_msgs) StdoutLine: {'line': b'-- Up-to-date: /home/px4/ros2/ws/install/px4_msgs/include/px4_msgs/px4_msgs/msg/detail/landing_gear__type_support.h\n'}
[1.006039] (px4_msgs) StdoutLine: {'line': b'-- Up-to-date: /home/px4/ros2/ws/install/px4_msgs/include/px4_msgs/px4_msgs/msg/detail/estimator_gps_status__functions.h\n'}
[1.006099] (px4_msgs) StdoutLine: {'line': b'-- Up-to-date: /home/px4/ros2/ws/install/px4_msgs/include/px4_msgs/px4_msgs/msg/detail/actuator_outputs__type_support.h\n'}
[1.006185] (px4_msgs) StdoutLine: {'line': b'-- Up-to-date: /home/px4/ros2/ws/install/px4_msgs/include/px4_msgs/px4_msgs/msg/detail/failsafe_flags__functions.c\n'}
[1.006269] (px4_msgs) StdoutLine: {'line': b'-- Up-to-date: /home/px4/ros2/ws/install/px4_msgs/include/px4_msgs/px4_msgs/msg/detail/estimator_status_flags__struct.h\n'}
[1.006331] (px4_msgs) StdoutLine: {'line': b'-- Up-to-date: /home/px4/ros2/ws/install/px4_msgs/include/px4_msgs/px4_msgs/msg/detail/dronecan_node_status__struct.h\n'}
[1.006390] (px4_msgs) StdoutLine: {'line': b'-- Up-to-date: /home/px4/ros2/ws/install/px4_msgs/include/px4_msgs/px4_msgs/msg/detail/rpm__functions.c\n'}
[1.006450] (px4_msgs) StdoutLine: {'line': b'-- Up-to-date: /home/px4/ros2/ws/install/px4_msgs/include/px4_msgs/px4_msgs/msg/detail/arming_check_request__struct.h\n'}
[1.006511] (px4_msgs) StdoutLine: {'line': b'-- Up-to-date: /home/px4/ros2/ws/install/px4_msgs/include/px4_msgs/px4_msgs/msg/detail/button_event__functions.c\n'}
[1.006574] (px4_msgs) StdoutLine: {'line': b'-- Up-to-date: /home/px4/ros2/ws/install/px4_msgs/include/px4_msgs/px4_msgs/msg/detail/internal_combustion_engine_status__struct.h\n'}
[1.006634] (px4_msgs) StdoutLine: {'line': b'-- Up-to-date: /home/px4/ros2/ws/install/px4_msgs/include/px4_msgs/px4_msgs/msg/detail/distance_sensor_mode_change_request__type_support.h\n'}
[1.006695] (px4_msgs) StdoutLine: {'line': b'-- Up-to-date: /home/px4/ros2/ws/install/px4_msgs/include/px4_msgs/px4_msgs/msg/detail/wind__functions.h\n'}
[1.006755] (px4_msgs) StdoutLine: {'line': b'-- Up-to-date: /home/px4/ros2/ws/install/px4_msgs/include/px4_msgs/px4_msgs/msg/detail/gpio_in__functions.h\n'}
[1.006881] (px4_msgs) StdoutLine: {'line': b'-- Up-to-date: /home/px4/ros2/ws/install/px4_msgs/include/px4_msgs/px4_msgs/msg/detail/internal_combustion_engine_control__struct.h\n'}
[1.006949] (px4_msgs) StdoutLine: {'line': b'-- Up-to-date: /home/px4/ros2/ws/install/px4_msgs/include/px4_msgs/px4_msgs/msg/detail/distance_sensor_mode_change_request__functions.h\n'}
[1.007039] (px4_msgs) StdoutLine: {'line': b'-- Up-to-date: /home/px4/ros2/ws/install/px4_msgs/include/px4_msgs/px4_msgs/msg/detail/event__functions.c\n'}
[1.007112] (px4_msgs) StdoutLine: {'line': b'-- Up-to-date: /home/px4/ros2/ws/install/px4_msgs/include/px4_msgs/px4_msgs/msg/detail/vehicle_optical_flow_vel__functions.h\n'}
[1.007176] (px4_msgs) StdoutLine: {'line': b'-- Up-to-date: /home/px4/ros2/ws/install/px4_msgs/include/px4_msgs/px4_msgs/msg/detail/camera_trigger__type_support.h\n'}
[1.007238] (px4_msgs) StdoutLine: {'line': b'-- Up-to-date: /home/px4/ros2/ws/install/px4_msgs/include/px4_msgs/px4_msgs/msg/detail/follow_target_estimator__type_support.h\n'}
[1.007317] (px4_msgs) StdoutLine: {'line': b'-- Up-to-date: /home/px4/ros2/ws/install/px4_msgs/include/px4_msgs/px4_msgs/msg/detail/mission_result__type_support.h\n'}
[1.007400] (px4_msgs) StdoutLine: {'line': b'-- Up-to-date: /home/px4/ros2/ws/install/px4_msgs/include/px4_msgs/px4_msgs/msg/detail/irlock_report__functions.h\n'}
[1.007477] (px4_msgs) StdoutLine: {'line': b'-- Up-to-date: /home/px4/ros2/ws/install/px4_msgs/include/px4_msgs/px4_msgs/msg/detail/control_allocator_status__struct.h\n'}
[1.007571] (px4_msgs) StdoutLine: {'line': b'-- Up-to-date: /home/px4/ros2/ws/install/px4_msgs/include/px4_msgs/px4_msgs/msg/detail/takeoff_status__functions.h\n'}
[1.007633] (px4_msgs) StdoutLine: {'line': b'-- Up-to-date: /home/px4/ros2/ws/install/px4_msgs/include/px4_msgs/px4_msgs/msg/detail/vehicle_command_ack__functions.h\n'}
[1.007694] (px4_msgs) StdoutLine: {'line': b'-- Up-to-date: /home/px4/ros2/ws/install/px4_msgs/include/px4_msgs/px4_msgs/msg/detail/gimbal_device_attitude_status__functions.h\n'}
[1.007756] (px4_msgs) StdoutLine: {'line': b'-- Up-to-date: /home/px4/ros2/ws/install/px4_msgs/include/px4_msgs/px4_msgs/msg/detail/uavcan_parameter_request__functions.c\n'}
[1.007835] (px4_msgs) StdoutLine: {'line': b'-- Up-to-date: /home/px4/ros2/ws/install/px4_msgs/include/px4_msgs/px4_msgs/msg/detail/gimbal_manager_set_attitude__struct.h\n'}
[1.007927] (px4_msgs) StdoutLine: {'line': b'-- Up-to-date: /home/px4/ros2/ws/install/px4_msgs/include/px4_msgs/px4_msgs/msg/detail/gps_dump__type_support.h\n'}
[1.007994] (px4_msgs) StdoutLine: {'line': b'-- Up-to-date: /home/px4/ros2/ws/install/px4_msgs/include/px4_msgs/px4_msgs/msg/detail/transponder_report__functions.h\n'}
[1.008055] (px4_msgs) StdoutLine: {'line': b'-- Up-to-date: /home/px4/ros2/ws/install/px4_msgs/include/px4_msgs/px4_msgs/msg/detail/event__functions.h\n'}
[1.008118] (px4_msgs) StdoutLine: {'line': b'-- Up-to-date: /home/px4/ros2/ws/install/px4_msgs/include/px4_msgs/px4_msgs/msg/detail/telemetry_status__type_support.h\n'}
[1.008190] (px4_msgs) StdoutLine: {'line': b'-- Up-to-date: /home/px4/ros2/ws/install/px4_msgs/include/px4_msgs/px4_msgs/msg/detail/fixed_wing_lateral_status__functions.h\n'}
[1.008275] (px4_msgs) StdoutLine: {'line': b'-- Up-to-date: /home/px4/ros2/ws/install/px4_msgs/include/px4_msgs/px4_msgs/msg/detail/debug_vect__functions.c\n'}
[1.008347] (px4_msgs) StdoutLine: {'line': b'-- Up-to-date: /home/px4/ros2/ws/install/px4_msgs/include/px4_msgs/px4_msgs/msg/detail/vehicle_roi__functions.h\n'}
[1.008414] (px4_msgs) StdoutLine: {'line': b'-- Up-to-date: /home/px4/ros2/ws/install/px4_msgs/include/px4_msgs/px4_msgs/msg/detail/cellular_status__struct.h\n'}
[1.008481] (px4_msgs) StdoutLine: {'line': b'-- Up-to-date: /home/px4/ros2/ws/install/px4_msgs/include/px4_msgs/px4_msgs/msg/detail/rover_velocity_setpoint__functions.h\n'}
[1.008570] (px4_msgs) StdoutLine: {'line': b'-- Up-to-date: /home/px4/ros2/ws/install/px4_msgs/include/px4_msgs/px4_msgs/msg/detail/estimator_aid_source1d__functions.c\n'}
[1.008641] (px4_msgs) StdoutLine: {'line': b'-- Up-to-date: /home/px4/ros2/ws/install/px4_msgs/include/px4_msgs/px4_msgs/msg/detail/battery_status__type_support.h\n'}
[1.008706] (px4_msgs) StdoutLine: {'line': b'-- Up-to-date: /home/px4/ros2/ws/install/px4_msgs/include/px4_msgs/px4_msgs/msg/detail/sensor_correction__functions.h\n'}
[1.008889] (px4_msgs) StdoutLine: {'line': b'-- Up-to-date: /home/px4/ros2/ws/install/px4_msgs/include/px4_msgs/px4_msgs/msg/detail/obstacle_distance__struct.h\n'}
[1.008963] (px4_msgs) StdoutLine: {'line': b'-- Up-to-date: /home/px4/ros2/ws/install/px4_msgs/include/px4_msgs/px4_msgs/msg/detail/gpio_config__struct.h\n'}
[1.009032] (px4_msgs) StdoutLine: {'line': b'-- Up-to-date: /home/px4/ros2/ws/install/px4_msgs/include/px4_msgs/px4_msgs/msg/detail/wheel_encoders__functions.c\n'}
[1.009109] (px4_msgs) StdoutLine: {'line': b'-- Up-to-date: /home/px4/ros2/ws/install/px4_msgs/include/px4_msgs/px4_msgs/msg/detail/sensor_selection__functions.h\n'}
[1.009189] (px4_msgs) StdoutLine: {'line': b'-- Up-to-date: /home/px4/ros2/ws/install/px4_msgs/include/px4_msgs/px4_msgs/msg/detail/rc_parameter_map__functions.h\n'}
[1.009271] (px4_msgs) StdoutLine: {'line': b'-- Up-to-date: /home/px4/ros2/ws/install/px4_msgs/include/px4_msgs/px4_msgs/msg/detail/rc_parameter_map__functions.c\n'}
[1.009354] (px4_msgs) StdoutLine: {'line': b'-- Up-to-date: /home/px4/ros2/ws/install/px4_msgs/include/px4_msgs/px4_msgs/msg/detail/parameter_set_value_response__type_support.h\n'}
[1.009447] (px4_msgs) StdoutLine: {'line': b'-- Up-to-date: /home/px4/ros2/ws/install/px4_msgs/include/px4_msgs/px4_msgs/msg/detail/sensor_accel_fifo__functions.c\n'}
[1.009534] (px4_msgs) StdoutLine: {'line': b'-- Up-to-date: /home/px4/ros2/ws/install/px4_msgs/include/px4_msgs/px4_msgs/msg/detail/system_power__struct.h\n'}
[1.009603] (px4_msgs) StdoutLine: {'line': b'-- Up-to-date: /home/px4/ros2/ws/install/px4_msgs/include/px4_msgs/px4_msgs/msg/detail/landing_gear_wheel__type_support.h\n'}
[1.009669] (px4_msgs) StdoutLine: {'line': b'-- Up-to-date: /home/px4/ros2/ws/install/px4_msgs/include/px4_msgs/px4_msgs/msg/detail/unregister_ext_component__type_support.h\n'}
[1.009734] (px4_msgs) StdoutLine: {'line': b'-- Up-to-date: /home/px4/ros2/ws/install/px4_msgs/include/px4_msgs/px4_msgs/msg/detail/pure_pursuit_status__functions.h\n'}
[1.009815] (px4_msgs) StdoutLine: {'line': b'-- Up-to-date: /home/px4/ros2/ws/install/px4_msgs/include/px4_msgs/px4_msgs/msg/detail/vehicle_magnetometer__functions.h\n'}
[1.009890] (px4_msgs) StdoutLine: {'line': b'-- Up-to-date: /home/px4/ros2/ws/install/px4_msgs/include/px4_msgs/px4_msgs/msg/detail/parameter_update__type_support.h\n'}
[1.009982] (px4_msgs) StdoutLine: {'line': b'-- Up-to-date: /home/px4/ros2/ws/install/px4_msgs/include/px4_msgs/px4_msgs/msg/detail/fixed_wing_lateral_setpoint__functions.c\n'}
[1.010053] (px4_msgs) StdoutLine: {'line': b'-- Up-to-date: /home/px4/ros2/ws/install/px4_msgs/include/px4_msgs/px4_msgs/msg/detail/sensor_correction__type_support.h\n'}
[1.010148] (px4_msgs) StdoutLine: {'line': b'-- Up-to-date: /home/px4/ros2/ws/install/px4_msgs/include/px4_msgs/px4_msgs/msg/detail/register_ext_component_reply__struct.h\n'}
[1.010392] (px4_msgs) StdoutLine: {'line': b'-- Up-to-date: /home/px4/ros2/ws/install/px4_msgs/include/px4_msgs/px4_msgs/msg/detail/radio_status__struct.h\n'}
[1.010485] (px4_msgs) StdoutLine: {'line': b'-- Up-to-date: /home/px4/ros2/ws/install/px4_msgs/include/px4_msgs/px4_msgs/msg/detail/message_format_response__type_support.h\n'}
[1.010578] (px4_msgs) StdoutLine: {'line': b'-- Up-to-date: /home/px4/ros2/ws/install/px4_msgs/include/px4_msgs/px4_msgs/msg/detail/sensor_gyro_fft__type_support.h\n'}
[1.010670] (px4_msgs) StdoutLine: {'line': b'-- Up-to-date: /home/px4/ros2/ws/install/px4_msgs/include/px4_msgs/px4_msgs/msg/detail/esc_status__type_support.h\n'}
[1.010772] (px4_msgs) StdoutLine: {'line': b'-- Up-to-date: /home/px4/ros2/ws/install/px4_msgs/include/px4_msgs/px4_msgs/msg/detail/transponder_report__struct.h\n'}
[1.010969] (px4_msgs) StdoutLine: {'line': b'-- Up-to-date: /home/px4/ros2/ws/install/px4_msgs/include/px4_msgs/px4_msgs/msg/detail/gpio_request__functions.h\n'}
[1.011074] (px4_msgs) StdoutLine: {'line': b'-- Up-to-date: /home/px4/ros2/ws/install/px4_msgs/include/px4_msgs/px4_msgs/msg/detail/iridiumsbd_status__type_support.h\n'}
[1.011186] (px4_msgs) StdoutLine: {'line': b'-- Up-to-date: /home/px4/ros2/ws/install/px4_msgs/include/px4_msgs/px4_msgs/msg/detail/sensor_gyro__functions.c\n'}
[1.011253] (px4_msgs) StdoutLine: {'line': b'-- Up-to-date: /home/px4/ros2/ws/install/px4_msgs/include/px4_msgs/px4_msgs/msg/detail/rc_parameter_map__struct.h\n'}
[1.011315] (px4_msgs) StdoutLine: {'line': b'-- Up-to-date: /home/px4/ros2/ws/install/px4_msgs/include/px4_msgs/px4_msgs/msg/detail/debug_vect__struct.h\n'}
[1.011374] (px4_msgs) StdoutLine: {'line': b'-- Up-to-date: /home/px4/ros2/ws/install/px4_msgs/include/px4_msgs/px4_msgs/msg/detail/mag_worker_data__functions.h\n'}
[1.011436] (px4_msgs) StdoutLine: {'line': b'-- Up-to-date: /home/px4/ros2/ws/install/px4_msgs/include/px4_msgs/px4_msgs/msg/detail/parameter_set_value_response__struct.h\n'}
[1.011533] (px4_msgs) StdoutLine: {'line': b'-- Up-to-date: /home/px4/ros2/ws/install/px4_msgs/include/px4_msgs/px4_msgs/msg/detail/heater_status__functions.h\n'}
[1.011611] (px4_msgs) StdoutLine: {'line': b'-- Up-to-date: /home/px4/ros2/ws/install/px4_msgs/include/px4_msgs/px4_msgs/msg/detail/actuator_servos_trim__functions.h\n'}
[1.011669] (px4_msgs) StdoutLine: {'line': b'-- Up-to-date: /home/px4/ros2/ws/install/px4_msgs/include/px4_msgs/px4_msgs/msg/detail/landing_gear_wheel__functions.h\n'}
[1.011729] (px4_msgs) StdoutLine: {'line': b'-- Up-to-date: /home/px4/ros2/ws/install/px4_msgs/include/px4_msgs/px4_msgs/msg/detail/vehicle_acceleration__type_support.h\n'}
[1.011834] (px4_msgs) StdoutLine: {'line': b'-- Up-to-date: /home/px4/ros2/ws/install/px4_msgs/include/px4_msgs/px4_msgs/msg/detail/obstacle_distance__functions.h\n'}
[1.011945] (px4_msgs) StdoutLine: {'line': b'-- Up-to-date: /home/px4/ros2/ws/install/px4_msgs/include/px4_msgs/px4_msgs/msg/detail/estimator_innovations__type_support.h\n'}
[1.012008] (px4_msgs) StdoutLine: {'line': b'-- Up-to-date: /home/px4/ros2/ws/install/px4_msgs/include/px4_msgs/px4_msgs/msg/detail/rover_attitude_setpoint__functions.c\n'}
[1.012067] (px4_msgs) StdoutLine: {'line': b'-- Up-to-date: /home/px4/ros2/ws/install/px4_msgs/include/px4_msgs/px4_msgs/msg/detail/sensor_airflow__struct.h\n'}
[1.012132] (px4_msgs) StdoutLine: {'line': b'-- Up-to-date: /home/px4/ros2/ws/install/px4_msgs/include/px4_msgs/px4_msgs/msg/detail/vehicle_magnetometer__struct.h\n'}
[1.012218] (px4_msgs) StdoutLine: {'line': b'-- Up-to-date: /home/px4/ros2/ws/install/px4_msgs/include/px4_msgs/px4_msgs/msg/detail/rover_attitude_setpoint__functions.h\n'}
[1.012283] (px4_msgs) StdoutLine: {'line': b'-- Up-to-date: /home/px4/ros2/ws/install/px4_msgs/include/px4_msgs/px4_msgs/msg/detail/open_drone_id_self_id__type_support.h\n'}
[1.012341] (px4_msgs) StdoutLine: {'line': b'-- Up-to-date: /home/px4/ros2/ws/install/px4_msgs/include/px4_msgs/px4_msgs/msg/detail/flight_phase_estimation__type_support.h\n'}
[1.012399] (px4_msgs) StdoutLine: {'line': b'-- Up-to-date: /home/px4/ros2/ws/install/px4_msgs/include/px4_msgs/px4_msgs/msg/detail/hover_thrust_estimate__struct.h\n'}
[1.012478] (px4_msgs) StdoutLine: {'line': b'-- Up-to-date: /home/px4/ros2/ws/install/px4_msgs/include/px4_msgs/px4_msgs/msg/detail/sensor_gyro_fft__struct.h\n'}
[1.012555] (px4_msgs) StdoutLine: {'line': b'-- Up-to-date: /home/px4/ros2/ws/install/px4_msgs/include/px4_msgs/px4_msgs/msg/detail/camera_trigger__functions.h\n'}
[1.012645] (px4_msgs) StdoutLine: {'line': b'-- Up-to-date: /home/px4/ros2/ws/install/px4_msgs/include/px4_msgs/px4_msgs/msg/detail/orbit_status__struct.h\n'}
[1.012719] (px4_msgs) StdoutLine: {'line': b'-- Up-to-date: /home/px4/ros2/ws/install/px4_msgs/include/px4_msgs/px4_msgs/msg/detail/gpio_request__struct.h\n'}
[1.012788] (px4_msgs) StdoutLine: {'line': b'-- Up-to-date: /home/px4/ros2/ws/install/px4_msgs/include/px4_msgs/px4_msgs/msg/detail/failure_detector_status__functions.h\n'}
[1.012877] (px4_msgs) StdoutLine: {'line': b'-- Up-to-date: /home/px4/ros2/ws/install/px4_msgs/include/px4_msgs/px4_msgs/msg/detail/rover_throttle_setpoint__struct.h\n'}
[1.012940] (px4_msgs) StdoutLine: {'line': b'-- Up-to-date: /home/px4/ros2/ws/install/px4_msgs/include/px4_msgs/px4_msgs/msg/detail/vehicle_thrust_setpoint__functions.c\n'}
[1.013077] (px4_msgs) StdoutLine: {'line': b'-- Up-to-date: /home/px4/ros2/ws/install/px4_msgs/include/px4_msgs/px4_msgs/msg/detail/gpio_in__functions.c\n'}
[1.013153] (px4_msgs) StdoutLine: {'line': b'-- Up-to-date: /home/px4/ros2/ws/install/px4_msgs/include/px4_msgs/px4_msgs/msg/detail/uavcan_parameter_value__struct.h\n'}
[1.013215] (px4_msgs) StdoutLine: {'line': b'-- Up-to-date: /home/px4/ros2/ws/install/px4_msgs/include/px4_msgs/px4_msgs/msg/detail/rtl_time_estimate__functions.c\n'}
[1.013321] (px4_msgs) StdoutLine: {'line': b'-- Up-to-date: /home/px4/ros2/ws/install/px4_msgs/include/px4_msgs/px4_msgs/msg/detail/vehicle_angular_acceleration_setpoint__type_support.h\n'}
[1.013394] (px4_msgs) StdoutLine: {'line': b'-- Up-to-date: /home/px4/ros2/ws/install/px4_msgs/include/px4_msgs/px4_msgs/msg/detail/actuator_test__functions.c\n'}
[1.013455] (px4_msgs) StdoutLine: {'line': b'-- Up-to-date: /home/px4/ros2/ws/install/px4_msgs/include/px4_msgs/px4_msgs/msg/detail/arming_check_request__functions.c\n'}
[1.013515] (px4_msgs) StdoutLine: {'line': b'-- Up-to-date: /home/px4/ros2/ws/install/px4_msgs/include/px4_msgs/px4_msgs/msg/detail/tune_control__struct.h\n'}
[1.013577] (px4_msgs) StdoutLine: {'line': b'-- Up-to-date: /home/px4/ros2/ws/install/px4_msgs/include/px4_msgs/px4_msgs/msg/detail/sensor_preflight_mag__functions.c\n'}
[1.013665] (px4_msgs) StdoutLine: {'line': b'-- Up-to-date: /home/px4/ros2/ws/install/px4_msgs/include/px4_msgs/px4_msgs/msg/detail/position_setpoint_triplet__functions.c\n'}
[1.013726] (px4_msgs) StdoutLine: {'line': b'-- Up-to-date: /home/px4/ros2/ws/install/px4_msgs/include/px4_msgs/px4_msgs/msg/detail/sensors_status__struct.h\n'}
[1.013795] (px4_msgs) StdoutLine: {'line': b'-- Up-to-date: /home/px4/ros2/ws/install/px4_msgs/include/px4_msgs/px4_msgs/msg/detail/gimbal_device_attitude_status__type_support.h\n'}
[1.013859] (px4_msgs) StdoutLine: {'line': b'-- Up-to-date: /home/px4/ros2/ws/install/px4_msgs/include/px4_msgs/px4_msgs/msg/detail/debug_array__struct.h\n'}
[1.013959] (px4_msgs) StdoutLine: {'line': b'-- Up-to-date: /home/px4/ros2/ws/install/px4_msgs/include/px4_msgs/px4_msgs/msg/detail/neural_control__type_support.h\n'}
[1.014024] (px4_msgs) StdoutLine: {'line': b'-- Up-to-date: /home/px4/ros2/ws/install/px4_msgs/include/px4_msgs/px4_msgs/msg/detail/tecs_status__type_support.h\n'}
[1.014084] (px4_msgs) StdoutLine: {'line': b'-- Up-to-date: /home/px4/ros2/ws/install/px4_msgs/include/px4_msgs/px4_msgs/msg/detail/home_position__struct.h\n'}
[1.014143] (px4_msgs) StdoutLine: {'line': b'-- Up-to-date: /home/px4/ros2/ws/install/px4_msgs/include/px4_msgs/px4_msgs/msg/detail/geofence_status__functions.c\n'}
[1.014201] (px4_msgs) StdoutLine: {'line': b'-- Up-to-date: /home/px4/ros2/ws/install/px4_msgs/include/px4_msgs/px4_msgs/msg/detail/sensor_baro__type_support.h\n'}
[1.014260] (px4_msgs) StdoutLine: {'line': b'-- Up-to-date: /home/px4/ros2/ws/install/px4_msgs/include/px4_msgs/px4_msgs/msg/detail/gpio_in__type_support.h\n'}
[1.014318] (px4_msgs) StdoutLine: {'line': b'-- Up-to-date: /home/px4/ros2/ws/install/px4_msgs/include/px4_msgs/px4_msgs/msg/detail/px4io_status__functions.c\n'}
[1.014380] (px4_msgs) StdoutLine: {'line': b'-- Up-to-date: /home/px4/ros2/ws/install/px4_msgs/include/px4_msgs/px4_msgs/msg/detail/arming_check_reply__functions.h\n'}
[1.014476] (px4_msgs) StdoutLine: {'line': b'-- Up-to-date: /home/px4/ros2/ws/install/px4_msgs/include/px4_msgs/px4_msgs/msg/detail/vehicle_attitude__functions.c\n'}
[1.014535] (px4_msgs) StdoutLine: {'line': b'-- Up-to-date: /home/px4/ros2/ws/install/px4_msgs/include/px4_msgs/px4_msgs/msg/detail/fuel_tank_status__struct.h\n'}
[1.014610] (px4_msgs) StdoutLine: {'line': b'-- Up-to-date: /home/px4/ros2/ws/install/px4_msgs/include/px4_msgs/px4_msgs/msg/detail/actuator_armed__functions.c\n'}
[1.014671] (px4_msgs) StdoutLine: {'line': b'-- Up-to-date: /home/px4/ros2/ws/install/px4_msgs/include/px4_msgs/px4_msgs/msg/detail/estimator_innovations__struct.h\n'}
[1.014732] (px4_msgs) StdoutLine: {'line': b'-- Up-to-date: /home/px4/ros2/ws/install/px4_msgs/include/px4_msgs/px4_msgs/msg/detail/rover_attitude_status__functions.c\n'}
[1.014916] (px4_msgs) StdoutLine: {'line': b'-- Up-to-date: /home/px4/ros2/ws/install/px4_msgs/include/px4_msgs/px4_msgs/msg/detail/mavlink_log__functions.h\n'}
[1.014996] (px4_msgs) StdoutLine: {'line': b'-- Up-to-date: /home/px4/ros2/ws/install/px4_msgs/include/px4_msgs/px4_msgs/msg/detail/magnetometer_bias_estimate__functions.c\n'}
[1.015072] (px4_msgs) StdoutLine: {'line': b'-- Up-to-date: /home/px4/ros2/ws/install/px4_msgs/include/px4_msgs/px4_msgs/msg/detail/mavlink_tunnel__functions.h\n'}
[1.015141] (px4_msgs) StdoutLine: {'line': b'-- Up-to-date: /home/px4/ros2/ws/install/px4_msgs/include/px4_msgs/px4_msgs/msg/detail/landing_target_innovations__functions.c\n'}
[1.015237] (px4_msgs) StdoutLine: {'line': b'-- Up-to-date: /home/px4/ros2/ws/install/px4_msgs/include/px4_msgs/px4_msgs/msg/detail/follow_target_estimator__functions.h\n'}
[1.015302] (px4_msgs) StdoutLine: {'line': b'-- Up-to-date: /home/px4/ros2/ws/install/px4_msgs/include/px4_msgs/px4_msgs/msg/detail/arming_check_reply__type_support.h\n'}
[1.015368] (px4_msgs) StdoutLine: {'line': b'-- Up-to-date: /home/px4/ros2/ws/install/px4_msgs/include/px4_msgs/px4_msgs/msg/detail/rpm__type_support.h\n'}
[1.015460] (px4_msgs) StdoutLine: {'line': b'-- Up-to-date: /home/px4/ros2/ws/install/px4_msgs/include/px4_msgs/px4_msgs/msg/detail/rover_attitude_status__functions.h\n'}
[1.015527] (px4_msgs) StdoutLine: {'line': b'-- Up-to-date: /home/px4/ros2/ws/install/px4_msgs/include/px4_msgs/px4_msgs/msg/detail/internal_combustion_engine_status__functions.h\n'}
[1.015589] (px4_msgs) StdoutLine: {'line': b'-- Up-to-date: /home/px4/ros2/ws/install/px4_msgs/include/px4_msgs/px4_msgs/msg/detail/arming_check_request__functions.h\n'}
[1.015695] (px4_msgs) StdoutLine: {'line': b'-- Up-to-date: /home/px4/ros2/ws/install/px4_msgs/include/px4_msgs/px4_msgs/msg/detail/longitudinal_control_configuration__type_support.h\n'}
[1.015764] (px4_msgs) StdoutLine: {'line': b'-- Up-to-date: /home/px4/ros2/ws/install/px4_msgs/include/px4_msgs/px4_msgs/msg/detail/irlock_report__struct.h\n'}
[1.015885] (px4_msgs) StdoutLine: {'line': b'-- Up-to-date: /home/px4/ros2/ws/install/px4_msgs/include/px4_msgs/px4_msgs/msg/detail/trajectory_setpoint6dof__struct.h\n'}
[1.015976] (px4_msgs) StdoutLine: {'line': b'-- Up-to-date: /home/px4/ros2/ws/install/px4_msgs/include/px4_msgs/px4_msgs/msg/detail/gimbal_manager_information__functions.c\n'}
[1.016035] (px4_msgs) StdoutLine: {'line': b'-- Up-to-date: /home/px4/ros2/ws/install/px4_msgs/include/px4_msgs/px4_msgs/msg/detail/rover_attitude_status__type_support.h\n'}
[1.016099] (px4_msgs) StdoutLine: {'line': b'-- Up-to-date: /home/px4/ros2/ws/install/px4_msgs/include/px4_msgs/px4_msgs/msg/detail/dronecan_node_status__functions.c\n'}
[1.016170] (px4_msgs) StdoutLine: {'line': b'-- Up-to-date: /home/px4/ros2/ws/install/px4_msgs/include/px4_msgs/px4_msgs/msg/detail/task_stack_info__functions.c\n'}
[1.016233] (px4_msgs) StdoutLine: {'line': b'-- Up-to-date: /home/px4/ros2/ws/install/px4_msgs/include/px4_msgs/px4_msgs/msg/detail/follow_target__functions.h\n'}
[1.016293] (px4_msgs) StdoutLine: {'line': b'-- Up-to-date: /home/px4/ros2/ws/install/px4_msgs/include/px4_msgs/px4_msgs/msg/detail/mode_completed__type_support.h\n'}
[1.016389] (px4_msgs) StdoutLine: {'line': b'-- Up-to-date: /home/px4/ros2/ws/install/px4_msgs/include/px4_msgs/px4_msgs/msg/detail/trajectory_setpoint6dof__functions.h\n'}
[1.016454] (px4_msgs) StdoutLine: {'line': b'-- Up-to-date: /home/px4/ros2/ws/install/px4_msgs/include/px4_msgs/px4_msgs/msg/detail/wind__functions.c\n'}
[1.016542] (px4_msgs) StdoutLine: {'line': b'-- Up-to-date: /home/px4/ros2/ws/install/px4_msgs/include/px4_msgs/px4_msgs/msg/detail/parameter_update__functions.h\n'}
[1.016603] (px4_msgs) StdoutLine: {'line': b'-- Up-to-date: /home/px4/ros2/ws/install/px4_msgs/include/px4_msgs/px4_msgs/msg/detail/actuator_test__functions.h\n'}
[1.016668] (px4_msgs) StdoutLine: {'line': b'-- Up-to-date: /home/px4/ros2/ws/install/px4_msgs/include/px4_msgs/px4_msgs/msg/detail/orbit_status__functions.c\n'}
[1.016762] (px4_msgs) StdoutLine: {'line': b'-- Up-to-date: /home/px4/ros2/ws/install/px4_msgs/include/px4_msgs/px4_msgs/msg/detail/vehicle_status__functions.h\n'}
[1.016854] (px4_msgs) StdoutLine: {'line': b'-- Up-to-date: /home/px4/ros2/ws/install/px4_msgs/include/px4_msgs/px4_msgs/msg/detail/sensors_status_imu__functions.h\n'}
[1.016923] (px4_msgs) StdoutLine: {'line': b'-- Up-to-date: /home/px4/ros2/ws/install/px4_msgs/include/px4_msgs/px4_msgs/msg/detail/rover_velocity_setpoint__type_support.h\n'}
[1.016998] (px4_msgs) StdoutLine: {'line': b'-- Up-to-date: /home/px4/ros2/ws/install/px4_msgs/include/px4_msgs/px4_msgs/msg/detail/rtl_status__type_support.h\n'}
[1.017058] (px4_msgs) StdoutLine: {'line': b'-- Up-to-date: /home/px4/ros2/ws/install/px4_msgs/include/px4_msgs/px4_msgs/msg/detail/autotune_attitude_control_status__type_support.h\n'}
[1.017122] (px4_msgs) StdoutLine: {'line': b'-- Up-to-date: /home/px4/ros2/ws/install/px4_msgs/include/px4_msgs/px4_msgs/msg/detail/ulog_stream_ack__functions.h\n'}
[1.017192] (px4_msgs) StdoutLine: {'line': b'-- Up-to-date: /home/px4/ros2/ws/install/px4_msgs/include/px4_msgs/px4_msgs/msg/detail/estimator_event_flags__type_support.h\n'}
[1.017261] (px4_msgs) StdoutLine: {'line': b'-- Up-to-date: /home/px4/ros2/ws/install/px4_msgs/include/px4_msgs/px4_msgs/msg/detail/actuator_servos_trim__type_support.h\n'}
[1.017324] (px4_msgs) StdoutLine: {'line': b'-- Up-to-date: /home/px4/ros2/ws/install/px4_msgs/include/px4_msgs/px4_msgs/msg/detail/vehicle_land_detected__type_support.h\n'}
[1.017383] (px4_msgs) StdoutLine: {'line': b'-- Up-to-date: /home/px4/ros2/ws/install/px4_msgs/include/px4_msgs/px4_msgs/msg/detail/hover_thrust_estimate__functions.c\n'}
[1.017500] (px4_msgs) StdoutLine: {'line': b'-- Up-to-date: /home/px4/ros2/ws/install/px4_msgs/include/px4_msgs/px4_msgs/msg/detail/open_drone_id_operator_id__struct.h\n'}
[1.017567] (px4_msgs) StdoutLine: {'line': b'-- Up-to-date: /home/px4/ros2/ws/install/px4_msgs/include/px4_msgs/px4_msgs/msg/detail/vehicle_local_position_setpoint__functions.h\n'}
[1.017627] (px4_msgs) StdoutLine: {'line': b'-- Up-to-date: /home/px4/ros2/ws/install/px4_msgs/include/px4_msgs/px4_msgs/msg/detail/adc_report__functions.c\n'}
[1.017706] (px4_msgs) StdoutLine: {'line': b'-- Up-to-date: /home/px4/ros2/ws/install/px4_msgs/include/px4_msgs/px4_msgs/msg/detail/telemetry_status__struct.h\n'}
[1.017775] (px4_msgs) StdoutLine: {'line': b'-- Up-to-date: /home/px4/ros2/ws/install/px4_msgs/include/px4_msgs/px4_msgs/msg/detail/follow_target_status__type_support.h\n'}
[1.017849] (px4_msgs) StdoutLine: {'line': b'-- Up-to-date: /home/px4/ros2/ws/install/px4_msgs/include/px4_msgs/px4_msgs/msg/detail/mavlink_log__functions.c\n'}
[1.017912] (px4_msgs) StdoutLine: {'line': b'-- Up-to-date: /home/px4/ros2/ws/install/px4_msgs/include/px4_msgs/px4_msgs/msg/detail/iridiumsbd_status__functions.h\n'}
[1.017992] (px4_msgs) StdoutLine: {'line': b'-- Up-to-date: /home/px4/ros2/ws/install/px4_msgs/include/px4_msgs/px4_msgs/msg/detail/battery_info__type_support.h\n'}
[1.018066] (px4_msgs) StdoutLine: {'line': b'-- Up-to-date: /home/px4/ros2/ws/install/px4_msgs/include/px4_msgs/px4_msgs/msg/detail/orb_test__functions.c\n'}
[1.018146] (px4_msgs) StdoutLine: {'line': b'-- Up-to-date: /home/px4/ros2/ws/install/px4_msgs/include/px4_msgs/px4_msgs/msg/detail/parameter_set_used_request__struct.h\n'}
[1.018213] (px4_msgs) StdoutLine: {'line': b'-- Up-to-date: /home/px4/ros2/ws/install/px4_msgs/include/px4_msgs/px4_msgs/msg/detail/sensor_optical_flow__functions.c\n'}
[1.018279] (px4_msgs) StdoutLine: {'line': b'-- Up-to-date: /home/px4/ros2/ws/install/px4_msgs/include/px4_msgs/px4_msgs/msg/detail/vehicle_global_position__struct.h\n'}
[1.018368] (px4_msgs) StdoutLine: {'line': b'-- Up-to-date: /home/px4/ros2/ws/install/px4_msgs/include/px4_msgs/px4_msgs/msg/detail/differential_pressure__functions.h\n'}
[1.018449] (px4_msgs) StdoutLine: {'line': b'-- Up-to-date: /home/px4/ros2/ws/install/px4_msgs/include/px4_msgs/px4_msgs/msg/detail/launch_detection_status__functions.h\n'}
[1.018521] (px4_msgs) StdoutLine: {'line': b'-- Up-to-date: /home/px4/ros2/ws/install/px4_msgs/include/px4_msgs/px4_msgs/msg/detail/vehicle_status__struct.h\n'}
[1.018598] (px4_msgs) StdoutLine: {'line': b'-- Up-to-date: /home/px4/ros2/ws/install/px4_msgs/include/px4_msgs/px4_msgs/msg/detail/open_drone_id_arm_status__functions.h\n'}
[1.018663] (px4_msgs) StdoutLine: {'line': b'-- Up-to-date: /home/px4/ros2/ws/install/px4_msgs/include/px4_msgs/px4_msgs/msg/detail/sensor_combined__type_support.h\n'}
[1.018731] (px4_msgs) StdoutLine: {'line': b'-- Up-to-date: /home/px4/ros2/ws/install/px4_msgs/include/px4_msgs/px4_msgs/msg/detail/ulog_stream_ack__type_support.h\n'}
[1.018812] (px4_msgs) StdoutLine: {'line': b'-- Up-to-date: /home/px4/ros2/ws/install/px4_msgs/include/px4_msgs/px4_msgs/msg/detail/mode_completed__struct.h\n'}
[1.018893] (px4_msgs) StdoutLine: {'line': b'-- Up-to-date: /home/px4/ros2/ws/install/px4_msgs/include/px4_msgs/px4_msgs/msg/detail/adc_report__struct.h\n'}
[1.018976] (px4_msgs) StdoutLine: {'line': b'-- Up-to-date: /home/px4/ros2/ws/install/px4_msgs/include/px4_msgs/px4_msgs/msg/detail/landing_target_innovations__struct.h\n'}
[1.019045] (px4_msgs) StdoutLine: {'line': b'-- Up-to-date: /home/px4/ros2/ws/install/px4_msgs/include/px4_msgs/px4_msgs/msg/detail/gimbal_manager_information__type_support.h\n'}
[1.019110] (px4_msgs) StdoutLine: {'line': b'-- Up-to-date: /home/px4/ros2/ws/install/px4_msgs/include/px4_msgs/px4_msgs/msg/detail/rtl_time_estimate__struct.h\n'}
[1.019178] (px4_msgs) StdoutLine: {'line': b'-- Up-to-date: /home/px4/ros2/ws/install/px4_msgs/include/px4_msgs/px4_msgs/msg/detail/mission_result__functions.h\n'}
[1.019251] (px4_msgs) StdoutLine: {'line': b'-- Up-to-date: /home/px4/ros2/ws/install/px4_msgs/include/px4_msgs/px4_msgs/msg/detail/sensor_gyro__functions.h\n'}
[1.019333] (px4_msgs) StdoutLine: {'line': b'-- Up-to-date: /home/px4/ros2/ws/install/px4_msgs/include/px4_msgs/px4_msgs/msg/detail/wind__type_support.h\n'}
[1.019410] (px4_msgs) StdoutLine: {'line': b'-- Up-to-date: /home/px4/ros2/ws/install/px4_msgs/include/px4_msgs/px4_msgs/msg/detail/navigator_mission_item__functions.c\n'}
[1.019472] (px4_msgs) StdoutLine: {'line': b'-- Up-to-date: /home/px4/ros2/ws/install/px4_msgs/include/px4_msgs/px4_msgs/msg/detail/position_setpoint__type_support.h\n'}
[1.019543] (px4_msgs) StdoutLine: {'line': b'-- Up-to-date: /home/px4/ros2/ws/install/px4_msgs/include/px4_msgs/px4_msgs/msg/detail/vtol_vehicle_status__functions.h\n'}
[1.019620] (px4_msgs) StdoutLine: {'line': b'-- Up-to-date: /home/px4/ros2/ws/install/px4_msgs/include/px4_msgs/px4_msgs/msg/detail/airspeed__type_support.h\n'}
[1.019686] (px4_msgs) StdoutLine: {'line': b'-- Up-to-date: /home/px4/ros2/ws/install/px4_msgs/include/px4_msgs/px4_msgs/msg/detail/vehicle_roi__functions.c\n'}
[1.019766] (px4_msgs) StdoutLine: {'line': b'-- Up-to-date: /home/px4/ros2/ws/install/px4_msgs/include/px4_msgs/px4_msgs/msg/detail/vehicle_thrust_setpoint__type_support.h\n'}
[1.019838] (px4_msgs) StdoutLine: {'line': b'-- Up-to-date: /home/px4/ros2/ws/install/px4_msgs/include/px4_msgs/px4_msgs/msg/detail/camera_trigger__functions.c\n'}
[1.019904] (px4_msgs) StdoutLine: {'line': b'-- Up-to-date: /home/px4/ros2/ws/install/px4_msgs/include/px4_msgs/px4_msgs/msg/detail/sensor_mag__type_support.h\n'}
[1.019962] (px4_msgs) StdoutLine: {'line': b'-- Up-to-date: /home/px4/ros2/ws/install/px4_msgs/include/px4_msgs/px4_msgs/msg/detail/vehicle_attitude_setpoint__struct.h\n'}
[1.020022] (px4_msgs) StdoutLine: {'line': b'-- Up-to-date: /home/px4/ros2/ws/install/px4_msgs/include/px4_msgs/px4_msgs/msg/detail/vehicle_control_mode__functions.h\n'}
[1.020117] (px4_msgs) StdoutLine: {'line': b'-- Up-to-date: /home/px4/ros2/ws/install/px4_msgs/include/px4_msgs/px4_msgs/msg/detail/mavlink_tunnel__type_support.h\n'}
[1.020190] (px4_msgs) StdoutLine: {'line': b'-- Up-to-date: /home/px4/ros2/ws/install/px4_msgs/include/px4_msgs/px4_msgs/msg/detail/sensor_gnss_relative__functions.h\n'}
[1.020257] (px4_msgs) StdoutLine: {'line': b'-- Up-to-date: /home/px4/ros2/ws/install/px4_msgs/include/px4_msgs/px4_msgs/msg/detail/follow_target_status__struct.h\n'}
[1.020338] (px4_msgs) StdoutLine: {'line': b'-- Up-to-date: /home/px4/ros2/ws/install/px4_msgs/include/px4_msgs/px4_msgs/msg/detail/cpuload__functions.h\n'}
[1.020570] (px4_msgs) StdoutLine: {'line': b'-- Up-to-date: /home/px4/ros2/ws/install/px4_msgs/include/px4_msgs/px4_msgs/msg/detail/cpuload__struct.h\n'}
[1.020638] (px4_msgs) StdoutLine: {'line': b'-- Up-to-date: /home/px4/ros2/ws/install/px4_msgs/include/px4_msgs/px4_msgs/msg/detail/figure_eight_status__functions.h\n'}
[1.020704] (px4_msgs) StdoutLine: {'line': b'-- Up-to-date: /home/px4/ros2/ws/install/px4_msgs/include/px4_msgs/px4_msgs/msg/detail/esc_report__type_support.h\n'}
[1.020763] (px4_msgs) StdoutLine: {'line': b'-- Up-to-date: /home/px4/ros2/ws/install/px4_msgs/include/px4_msgs/px4_msgs/msg/detail/vehicle_rates_setpoint__type_support.h\n'}
[1.020833] (px4_msgs) StdoutLine: {'line': b'-- Up-to-date: /home/px4/ros2/ws/install/px4_msgs/include/px4_msgs/px4_msgs/msg/detail/iridiumsbd_status__struct.h\n'}
[1.020927] (px4_msgs) StdoutLine: {'line': b'-- Up-to-date: /home/px4/ros2/ws/install/px4_msgs/include/px4_msgs/px4_msgs/msg/detail/vehicle_command_ack__struct.h\n'}
[1.020998] (px4_msgs) StdoutLine: {'line': b'-- Up-to-date: /home/px4/ros2/ws/install/px4_msgs/include/px4_msgs/px4_msgs/msg/detail/gimbal_device_set_attitude__functions.c\n'}
[1.021080] (px4_msgs) StdoutLine: {'line': b'-- Up-to-date: /home/px4/ros2/ws/install/px4_msgs/include/px4_msgs/px4_msgs/msg/detail/sensor_baro__functions.c\n'}
[1.021145] (px4_msgs) StdoutLine: {'line': b'-- Up-to-date: /home/px4/ros2/ws/install/px4_msgs/include/px4_msgs/px4_msgs/msg/detail/mavlink_tunnel__struct.h\n'}
[1.021209] (px4_msgs) StdoutLine: {'line': b'-- Up-to-date: /home/px4/ros2/ws/install/px4_msgs/include/px4_msgs/px4_msgs/msg/detail/mission__struct.h\n'}
[1.021280] (px4_msgs) StdoutLine: {'line': b'-- Up-to-date: /home/px4/ros2/ws/install/px4_msgs/include/px4_msgs/px4_msgs/msg/detail/pwm_input__type_support.h\n'}
[1.021345] (px4_msgs) StdoutLine: {'line': b'-- Up-to-date: /home/px4/ros2/ws/install/px4_msgs/include/px4_msgs/px4_msgs/msg/detail/orb_test__functions.h\n'}
[1.021405] (px4_msgs) StdoutLine: {'line': b'-- Up-to-date: /home/px4/ros2/ws/install/px4_msgs/include/px4_msgs/px4_msgs/msg/detail/longitudinal_control_configuration__functions.c\n'}
[1.021463] (px4_msgs) StdoutLine: {'line': b'-- Up-to-date: /home/px4/ros2/ws/install/px4_msgs/include/px4_msgs/px4_msgs/msg/detail/message_format_request__functions.c\n'}
[1.021519] (px4_msgs) StdoutLine: {'line': b'-- Up-to-date: /home/px4/ros2/ws/install/px4_msgs/include/px4_msgs/px4_msgs/msg/detail/flight_phase_estimation__functions.c\n'}
[1.021603] (px4_msgs) StdoutLine: {'line': b'-- Up-to-date: /home/px4/ros2/ws/install/px4_msgs/include/px4_msgs/px4_msgs/msg/detail/transponder_report__type_support.h\n'}
[1.021667] (px4_msgs) StdoutLine: {'line': b'-- Up-to-date: /home/px4/ros2/ws/install/px4_msgs/include/px4_msgs/px4_msgs/msg/detail/vehicle_constraints__struct.h\n'}
[1.021738] (px4_msgs) StdoutLine: {'line': b'-- Up-to-date: /home/px4/ros2/ws/install/px4_msgs/include/px4_msgs/px4_msgs/msg/detail/position_controller_landing_status__functions.h\n'}
[1.021812] (px4_msgs) StdoutLine: {'line': b'-- Up-to-date: /home/px4/ros2/ws/install/px4_msgs/include/px4_msgs/px4_msgs/msg/detail/esc_status__struct.h\n'}
[1.021870] (px4_msgs) StdoutLine: {'line': b'-- Up-to-date: /home/px4/ros2/ws/install/px4_msgs/include/px4_msgs/px4_msgs/msg/detail/estimator_gps_status__type_support.h\n'}
[1.022002] (px4_msgs) StdoutLine: {'line': b'-- Up-to-date: /home/px4/ros2/ws/install/px4_msgs/include/px4_msgs/px4_msgs/msg/detail/fixed_wing_lateral_status__functions.c\n'}
[1.022070] (px4_msgs) StdoutLine: {'line': b'-- Up-to-date: /home/px4/ros2/ws/install/px4_msgs/include/px4_msgs/px4_msgs/msg/detail/navigator_status__functions.h\n'}
[1.022163] (px4_msgs) StdoutLine: {'line': b'-- Up-to-date: /home/px4/ros2/ws/install/px4_msgs/include/px4_msgs/px4_msgs/msg/detail/uavcan_parameter_value__functions.h\n'}
[1.022251] (px4_msgs) StdoutLine: {'line': b'-- Up-to-date: /home/px4/ros2/ws/install/px4_msgs/include/px4_msgs/px4_msgs/msg/detail/hover_thrust_estimate__functions.h\n'}
[1.022326] (px4_msgs) StdoutLine: {'line': b'-- Up-to-date: /home/px4/ros2/ws/install/px4_msgs/include/px4_msgs/px4_msgs/msg/detail/sensor_gyro_fifo__functions.c\n'}
[1.022397] (px4_msgs) StdoutLine: {'line': b'-- Up-to-date: /home/px4/ros2/ws/install/px4_msgs/include/px4_msgs/px4_msgs/msg/detail/vehicle_torque_setpoint__type_support.h\n'}
[1.022462] (px4_msgs) StdoutLine: {'line': b'-- Up-to-date: /home/px4/ros2/ws/install/px4_msgs/include/px4_msgs/px4_msgs/msg/detail/magnetometer_bias_estimate__type_support.h\n'}
[1.022534] (px4_msgs) StdoutLine: {'line': b'-- Up-to-date: /home/px4/ros2/ws/install/px4_msgs/include/px4_msgs/px4_msgs/msg/detail/sensor_selection__struct.h\n'}
[1.022600] (px4_msgs) StdoutLine: {'line': b'-- Up-to-date: /home/px4/ros2/ws/install/px4_msgs/include/px4_msgs/px4_msgs/msg/detail/orbit_status__functions.h\n'}
[1.022658] (px4_msgs) StdoutLine: {'line': b'-- Up-to-date: /home/px4/ros2/ws/install/px4_msgs/include/px4_msgs/px4_msgs/msg/detail/gimbal_manager_status__type_support.h\n'}
[1.022721] (px4_msgs) StdoutLine: {'line': b'-- Up-to-date: /home/px4/ros2/ws/install/px4_msgs/include/px4_msgs/px4_msgs/msg/detail/power_monitor__functions.h\n'}
[1.022795] (px4_msgs) StdoutLine: {'line': b'-- Up-to-date: /home/px4/ros2/ws/install/px4_msgs/include/px4_msgs/px4_msgs/msg/detail/rc_channels__type_support.h\n'}
[1.022865] (px4_msgs) StdoutLine: {'line': b'-- Up-to-date: /home/px4/ros2/ws/install/px4_msgs/include/px4_msgs/px4_msgs/msg/detail/gimbal_manager_set_attitude__functions.c\n'}
[1.022929] (px4_msgs) StdoutLine: {'line': b'-- Up-to-date: /home/px4/ros2/ws/install/px4_msgs/include/px4_msgs/px4_msgs/msg/detail/sensor_correction__functions.c\n'}
[1.022989] (px4_msgs) StdoutLine: {'line': b'-- Up-to-date: /home/px4/ros2/ws/install/px4_msgs/include/px4_msgs/px4_msgs/msg/detail/rover_velocity_status__functions.h\n'}
[1.023139] (px4_msgs) StdoutLine: {'line': b'-- Up-to-date: /home/px4/ros2/ws/install/px4_msgs/include/px4_msgs/px4_msgs/msg/detail/vehicle_imu__type_support.h\n'}
[1.023199] (px4_msgs) StdoutLine: {'line': b'-- Up-to-date: /home/px4/ros2/ws/install/px4_msgs/include/px4_msgs/px4_msgs/msg/detail/actuator_servos_trim__struct.h\n'}
[1.023260] (px4_msgs) StdoutLine: {'line': b'-- Up-to-date: /home/px4/ros2/ws/install/px4_msgs/include/px4_msgs/px4_msgs/msg/detail/mode_completed__functions.h\n'}
[1.023342] (px4_msgs) StdoutLine: {'line': b'-- Up-to-date: /home/px4/ros2/ws/install/px4_msgs/include/px4_msgs/px4_msgs/msg/detail/power_button_state__type_support.h\n'}
[1.023407] (px4_msgs) StdoutLine: {'line': b'-- Up-to-date: /home/px4/ros2/ws/install/px4_msgs/include/px4_msgs/px4_msgs/msg/detail/landing_gear__struct.h\n'}
[1.023471] (px4_msgs) StdoutLine: {'line': b'-- Up-to-date: /home/px4/ros2/ws/install/px4_msgs/include/px4_msgs/px4_msgs/msg/detail/open_drone_id_system__functions.c\n'}
[1.023542] (px4_msgs) StdoutLine: {'line': b'-- Up-to-date: /home/px4/ros2/ws/install/px4_msgs/include/px4_msgs/px4_msgs/msg/detail/orb_test_large__struct.h\n'}
[1.023626] (px4_msgs) StdoutLine: {'line': b'-- Up-to-date: /home/px4/ros2/ws/install/px4_msgs/include/px4_msgs/px4_msgs/msg/detail/distance_sensor__type_support.h\n'}
[1.023684] (px4_msgs) StdoutLine: {'line': b'-- Up-to-date: /home/px4/ros2/ws/install/px4_msgs/include/px4_msgs/px4_msgs/msg/detail/actuator_servos__functions.h\n'}
[1.023767] (px4_msgs) StdoutLine: {'line': b'-- Up-to-date: /home/px4/ros2/ws/install/px4_msgs/include/px4_msgs/px4_msgs/msg/detail/system_power__type_support.h\n'}
[1.023838] (px4_msgs) StdoutLine: {'line': b'-- Up-to-date: /home/px4/ros2/ws/install/px4_msgs/include/px4_msgs/px4_msgs/msg/detail/sensor_optical_flow__struct.h\n'}
[1.023916] (px4_msgs) StdoutLine: {'line': b'-- Up-to-date: /home/px4/ros2/ws/install/px4_msgs/include/px4_msgs/px4_msgs/msg/detail/vehicle_air_data__type_support.h\n'}
[1.023997] (px4_msgs) StdoutLine: {'line': b'-- Up-to-date: /home/px4/ros2/ws/install/px4_msgs/include/px4_msgs/px4_msgs/msg/detail/yaw_estimator_status__functions.h\n'}
[1.024057] (px4_msgs) StdoutLine: {'line': b'-- Up-to-date: /home/px4/ros2/ws/install/px4_msgs/include/px4_msgs/px4_msgs/msg/detail/vehicle_torque_setpoint__struct.h\n'}
[1.024118] (px4_msgs) StdoutLine: {'line': b'-- Up-to-date: /home/px4/ros2/ws/install/px4_msgs/include/px4_msgs/px4_msgs/msg/detail/rc_channels__functions.h\n'}
[1.024176] (px4_msgs) StdoutLine: {'line': b'-- Up-to-date: /home/px4/ros2/ws/install/px4_msgs/include/px4_msgs/px4_msgs/msg/detail/navigator_status__struct.h\n'}
[1.024236] (px4_msgs) StdoutLine: {'line': b'-- Up-to-date: /home/px4/ros2/ws/install/px4_msgs/include/px4_msgs/px4_msgs/msg/detail/manual_control_switches__functions.h\n'}
[1.024335] (px4_msgs) StdoutLine: {'line': b'-- Up-to-date: /home/px4/ros2/ws/install/px4_msgs/include/px4_msgs/px4_msgs/msg/detail/takeoff_status__struct.h\n'}
[1.024400] (px4_msgs) StdoutLine: {'line': b'-- Up-to-date: /home/px4/ros2/ws/install/px4_msgs/include/px4_msgs/px4_msgs/msg/detail/geofence_result__struct.h\n'}
[1.024464] (px4_msgs) StdoutLine: {'line': b'-- Up-to-date: /home/px4/ros2/ws/install/px4_msgs/include/px4_msgs/px4_msgs/msg/detail/pure_pursuit_status__functions.c\n'}
[1.024527] (px4_msgs) StdoutLine: {'line': b'-- Up-to-date: /home/px4/ros2/ws/install/px4_msgs/include/px4_msgs/px4_msgs/msg/detail/sensors_status__type_support.h\n'}
[1.024600] (px4_msgs) StdoutLine: {'line': b'-- Up-to-date: /home/px4/ros2/ws/install/px4_msgs/include/px4_msgs/px4_msgs/msg/detail/ping__functions.c\n'}
[1.024661] (px4_msgs) StdoutLine: {'line': b'-- Up-to-date: /home/px4/ros2/ws/install/px4_msgs/include/px4_msgs/px4_msgs/msg/detail/ekf2_timestamps__struct.h\n'}
[1.024822] (px4_msgs) StdoutLine: {'line': b'-- Up-to-date: /home/px4/ros2/ws/install/px4_msgs/include/px4_msgs/px4_msgs/msg/detail/rover_rate_status__struct.h\n'}
[1.024918] (px4_msgs) StdoutLine: {'line': b'-- Up-to-date: /home/px4/ros2/ws/install/px4_msgs/include/px4_msgs/px4_msgs/msg/detail/rover_attitude_setpoint__type_support.h\n'}
[1.024972] (px4_msgs) StdoutLine: {'line': b'-- Up-to-date: /home/px4/ros2/ws/install/px4_msgs/include/px4_msgs/px4_msgs/msg/detail/tecs_status__functions.h\n'}
[1.025023] (px4_msgs) StdoutLine: {'line': b'-- Up-to-date: /home/px4/ros2/ws/install/px4_msgs/include/px4_msgs/px4_msgs/msg/detail/generator_status__functions.c\n'}
[1.025074] (px4_msgs) StdoutLine: {'line': b'-- Up-to-date: /home/px4/ros2/ws/install/px4_msgs/include/px4_msgs/px4_msgs/msg/detail/estimator_gps_status__struct.h\n'}
[1.025123] (px4_msgs) StdoutLine: {'line': b'-- Up-to-date: /home/px4/ros2/ws/install/px4_msgs/include/px4_msgs/px4_msgs/msg/detail/open_drone_id_operator_id__functions.c\n'}
[1.025171] (px4_msgs) StdoutLine: {'line': b'-- Up-to-date: /home/px4/ros2/ws/install/px4_msgs/include/px4_msgs/px4_msgs/msg/detail/logger_status__struct.h\n'}
[1.025220] (px4_msgs) StdoutLine: {'line': b'-- Up-to-date: /home/px4/ros2/ws/install/px4_msgs/include/px4_msgs/px4_msgs/msg/detail/estimator_bias__struct.h\n'}
[1.025284] (px4_msgs) StdoutLine: {'line': b'-- Up-to-date: /home/px4/ros2/ws/install/px4_msgs/include/px4_msgs/px4_msgs/msg/detail/qshell_req__functions.h\n'}
[1.025333] (px4_msgs) StdoutLine: {'line': b'-- Up-to-date: /home/px4/ros2/ws/install/px4_msgs/include/px4_msgs/px4_msgs/msg/detail/vehicle_acceleration__functions.h\n'}
[1.025383] (px4_msgs) StdoutLine: {'line': b'-- Up-to-date: /home/px4/ros2/ws/install/px4_msgs/include/px4_msgs/px4_msgs/msg/detail/sensor_uwb__functions.h\n'}
[1.025446] (px4_msgs) StdoutLine: {'line': b'-- Up-to-date: /home/px4/ros2/ws/install/px4_msgs/include/px4_msgs/px4_msgs/msg/detail/parameter_update__functions.c\n'}
[1.025496] (px4_msgs) StdoutLine: {'line': b'-- Up-to-date: /home/px4/ros2/ws/install/px4_msgs/include/px4_msgs/px4_msgs/msg/detail/landing_gear_wheel__struct.h\n'}
[1.025543] (px4_msgs) StdoutLine: {'line': b'-- Up-to-date: /home/px4/ros2/ws/install/px4_msgs/include/px4_msgs/px4_msgs/msg/detail/sensor_accel_fifo__type_support.h\n'}
[1.025601] (px4_msgs) StdoutLine: {'line': b'-- Up-to-date: /home/px4/ros2/ws/install/px4_msgs/include/px4_msgs/px4_msgs/msg/detail/sensor_preflight_mag__functions.h\n'}
[1.025652] (px4_msgs) StdoutLine: {'line': b'-- Up-to-date: /home/px4/ros2/ws/install/px4_msgs/include/px4_msgs/px4_msgs/msg/detail/airspeed_wind__functions.c\n'}
[1.025708] (px4_msgs) StdoutLine: {'line': b'-- Up-to-date: /home/px4/ros2/ws/install/px4_msgs/include/px4_msgs/px4_msgs/msg/detail/rover_position_setpoint__type_support.h\n'}
[1.025772] (px4_msgs) StdoutLine: {'line': b'-- Up-to-date: /home/px4/ros2/ws/install/px4_msgs/include/px4_msgs/px4_msgs/msg/detail/health_report__type_support.h\n'}
[1.025848] (px4_msgs) StdoutLine: {'line': b'-- Up-to-date: /home/px4/ros2/ws/install/px4_msgs/include/px4_msgs/px4_msgs/msg/detail/register_ext_component_request__functions.c\n'}
[1.025911] (px4_msgs) StdoutLine: {'line': b'-- Up-to-date: /home/px4/ros2/ws/install/px4_msgs/include/px4_msgs/px4_msgs/msg/detail/uavcan_parameter_request__struct.h\n'}
[1.025964] (px4_msgs) StdoutLine: {'line': b'-- Up-to-date: /home/px4/ros2/ws/install/px4_msgs/include/px4_msgs/px4_msgs/msg/detail/offboard_control_mode__struct.h\n'}
[1.026044] (px4_msgs) StdoutLine: {'line': b'-- Up-to-date: /home/px4/ros2/ws/install/px4_msgs/include/px4_msgs/px4_msgs/msg/detail/control_allocator_status__functions.c\n'}
[1.026095] (px4_msgs) StdoutLine: {'line': b'-- Up-to-date: /home/px4/ros2/ws/install/px4_msgs/include/px4_msgs/px4_msgs/msg/detail/distance_sensor__struct.h\n'}
[1.026144] (px4_msgs) StdoutLine: {'line': b'-- Up-to-date: /home/px4/ros2/ws/install/px4_msgs/include/px4_msgs/px4_msgs/msg/detail/heater_status__functions.c\n'}
[1.026192] (px4_msgs) StdoutLine: {'line': b'-- Up-to-date: /home/px4/ros2/ws/install/px4_msgs/include/px4_msgs/px4_msgs/msg/detail/sensor_selection__type_support.h\n'}
[1.026249] (px4_msgs) StdoutLine: {'line': b'-- Up-to-date: /home/px4/ros2/ws/install/px4_msgs/include/px4_msgs/px4_msgs/msg/detail/offboard_control_mode__functions.h\n'}
[1.026300] (px4_msgs) StdoutLine: {'line': b'-- Up-to-date: /home/px4/ros2/ws/install/px4_msgs/include/px4_msgs/px4_msgs/msg/detail/gripper__struct.h\n'}
[1.026360] (px4_msgs) StdoutLine: {'line': b'-- Up-to-date: /home/px4/ros2/ws/install/px4_msgs/include/px4_msgs/px4_msgs/msg/detail/lateral_control_configuration__struct.h\n'}
[1.026436] (px4_msgs) StdoutLine: {'line': b'-- Up-to-date: /home/px4/ros2/ws/install/px4_msgs/include/px4_msgs/px4_msgs/msg/detail/vehicle_rates_setpoint__functions.c\n'}
[1.026509] (px4_msgs) StdoutLine: {'line': b'-- Up-to-date: /home/px4/ros2/ws/install/px4_msgs/include/px4_msgs/px4_msgs/msg/detail/failsafe_flags__type_support.h\n'}
[1.026573] (px4_msgs) StdoutLine: {'line': b'-- Up-to-date: /home/px4/ros2/ws/install/px4_msgs/include/px4_msgs/px4_msgs/msg/detail/launch_detection_status__type_support.h\n'}
[1.026643] (px4_msgs) StdoutLine: {'line': b'-- Up-to-date: /home/px4/ros2/ws/install/px4_msgs/include/px4_msgs/px4_msgs/msg/detail/ulog_stream__struct.h\n'}
[1.026702] (px4_msgs) StdoutLine: {'line': b'-- Up-to-date: /home/px4/ros2/ws/install/px4_msgs/include/px4_msgs/px4_msgs/msg/detail/actuator_test__struct.h\n'}
[1.026803] (px4_msgs) StdoutLine: {'line': b'-- Up-to-date: /home/px4/ros2/ws/install/px4_msgs/include/px4_msgs/px4_msgs/msg/detail/message_format_response__struct.h\n'}
[1.026905] (px4_msgs) StdoutLine: {'line': b'-- Up-to-date: /home/px4/ros2/ws/install/px4_msgs/include/px4_msgs/px4_msgs/msg/detail/flight_phase_estimation__functions.h\n'}
[1.026982] (px4_msgs) StdoutLine: {'line': b'-- Up-to-date: /home/px4/ros2/ws/install/px4_msgs/include/px4_msgs/px4_msgs/msg/detail/estimator_selector_status__struct.h\n'}
[1.027066] (px4_msgs) StdoutLine: {'line': b'-- Up-to-date: /home/px4/ros2/ws/install/px4_msgs/include/px4_msgs/px4_msgs/msg/detail/telemetry_status__functions.c\n'}
[1.027148] (px4_msgs) StdoutLine: {'line': b'-- Up-to-date: /home/px4/ros2/ws/install/px4_msgs/include/px4_msgs/px4_msgs/msg/detail/pure_pursuit_status__type_support.h\n'}
[1.027224] (px4_msgs) StdoutLine: {'line': b'-- Up-to-date: /home/px4/ros2/ws/install/px4_msgs/include/px4_msgs/px4_msgs/msg/detail/vehicle_status__type_support.h\n'}
[1.027312] (px4_msgs) StdoutLine: {'line': b'-- Up-to-date: /home/px4/ros2/ws/install/px4_msgs/include/px4_msgs/px4_msgs/msg/detail/pps_capture__type_support.h\n'}
[1.027380] (px4_msgs) StdoutLine: {'line': b'-- Up-to-date: /home/px4/ros2/ws/install/px4_msgs/include/px4_msgs/px4_msgs/msg/detail/power_monitor__functions.c\n'}
[1.027443] (px4_msgs) StdoutLine: {'line': b'-- Up-to-date: /home/px4/ros2/ws/install/px4_msgs/include/px4_msgs/px4_msgs/msg/detail/rover_velocity_status__struct.h\n'}
[1.027522] (px4_msgs) StdoutLine: {'line': b'-- Up-to-date: /home/px4/ros2/ws/install/px4_msgs/include/px4_msgs/px4_msgs/msg/detail/trajectory_setpoint6dof__type_support.h\n'}
[1.027596] (px4_msgs) StdoutLine: {'line': b'-- Up-to-date: /home/px4/ros2/ws/install/px4_msgs/include/px4_msgs/px4_msgs/msg/detail/neural_control__functions.c\n'}
[1.027672] (px4_msgs) StdoutLine: {'line': b'-- Up-to-date: /home/px4/ros2/ws/install/px4_msgs/include/px4_msgs/px4_msgs/msg/detail/dataman_response__type_support.h\n'}
[1.027747] (px4_msgs) StdoutLine: {'line': b'-- Up-to-date: /home/px4/ros2/ws/install/px4_msgs/include/px4_msgs/px4_msgs/msg/detail/onboard_computer_status__type_support.h\n'}
[1.027821] (px4_msgs) StdoutLine: {'line': b'-- Up-to-date: /home/px4/ros2/ws/install/px4_msgs/include/px4_msgs/px4_msgs/msg/detail/trajectory_setpoint__type_support.h\n'}
[1.027888] (px4_msgs) StdoutLine: {'line': b'-- Up-to-date: /home/px4/ros2/ws/install/px4_msgs/include/px4_msgs/px4_msgs/msg/detail/sensor_combined__functions.h\n'}
[1.027959] (px4_msgs) StdoutLine: {'line': b'-- Up-to-date: /home/px4/ros2/ws/install/px4_msgs/include/px4_msgs/px4_msgs/msg/detail/vehicle_imu_status__struct.h\n'}
[1.028044] (px4_msgs) StdoutLine: {'line': b'-- Up-to-date: /home/px4/ros2/ws/install/px4_msgs/include/px4_msgs/px4_msgs/msg/detail/rover_throttle_setpoint__functions.c\n'}
[1.028105] (px4_msgs) StdoutLine: {'line': b'-- Up-to-date: /home/px4/ros2/ws/install/px4_msgs/include/px4_msgs/px4_msgs/msg/detail/gimbal_manager_status__struct.h\n'}
[1.028190] (px4_msgs) StdoutLine: {'line': b'-- Up-to-date: /home/px4/ros2/ws/install/px4_msgs/include/px4_msgs/px4_msgs/msg/detail/sensor_gps__functions.h\n'}
[1.028250] (px4_msgs) StdoutLine: {'line': b'-- Up-to-date: /home/px4/ros2/ws/install/px4_msgs/include/px4_msgs/px4_msgs/msg/detail/estimator_event_flags__functions.c\n'}
[1.028358] (px4_msgs) StdoutLine: {'line': b'-- Up-to-date: /home/px4/ros2/ws/install/px4_msgs/include/px4_msgs/px4_msgs/msg/detail/parameter_set_used_request__type_support.h\n'}
[1.028420] (px4_msgs) StdoutLine: {'line': b'-- Up-to-date: /home/px4/ros2/ws/install/px4_msgs/include/px4_msgs/px4_msgs/msg/detail/fixed_wing_lateral_guidance_status__functions.c\n'}
[1.028480] (px4_msgs) StdoutLine: {'line': b'-- Up-to-date: /home/px4/ros2/ws/install/px4_msgs/include/px4_msgs/px4_msgs/msg/detail/logger_status__type_support.h\n'}
[1.028557] (px4_msgs) StdoutLine: {'line': b'-- Up-to-date: /home/px4/ros2/ws/install/px4_msgs/include/px4_msgs/px4_msgs/msg/detail/mag_worker_data__type_support.h\n'}
[1.028619] (px4_msgs) StdoutLine: {'line': b'-- Up-to-date: /home/px4/ros2/ws/install/px4_msgs/include/px4_msgs/px4_msgs/msg/detail/internal_combustion_engine_control__functions.c\n'}
[1.028690] (px4_msgs) StdoutLine: {'line': b'-- Up-to-date: /home/px4/ros2/ws/install/px4_msgs/include/px4_msgs/px4_msgs/msg/detail/manual_control_setpoint__struct.h\n'}
[1.028940] (px4_msgs) StdoutLine: {'line': b'-- Up-to-date: /home/px4/ros2/ws/install/px4_msgs/include/px4_msgs/px4_msgs/msg/detail/vehicle_command_ack__functions.c\n'}
[1.029005] (px4_msgs) StdoutLine: {'line': b'-- Up-to-date: /home/px4/ros2/ws/install/px4_msgs/include/px4_msgs/px4_msgs/msg/detail/satellite_info__functions.c\n'}
[1.029069] (px4_msgs) StdoutLine: {'line': b'-- Up-to-date: /home/px4/ros2/ws/install/px4_msgs/include/px4_msgs/px4_msgs/msg/detail/rpm__struct.h\n'}
[1.029209] (px4_msgs) StdoutLine: {'line': b'-- Up-to-date: /home/px4/ros2/ws/install/px4_msgs/include/px4_msgs/px4_msgs/msg/detail/gripper__type_support.h\n'}
[1.029318] (px4_msgs) StdoutLine: {'line': b'-- Up-to-date: /home/px4/ros2/ws/install/px4_msgs/include/px4_msgs/px4_msgs/msg/detail/estimator_aid_source1d__functions.h\n'}
[1.029389] (px4_msgs) StdoutLine: {'line': b'-- Up-to-date: /home/px4/ros2/ws/install/px4_msgs/include/px4_msgs/px4_msgs/msg/detail/estimator_sensor_bias__struct.h\n'}
[1.029457] (px4_msgs) StdoutLine: {'line': b'-- Up-to-date: /home/px4/ros2/ws/install/px4_msgs/include/px4_msgs/px4_msgs/msg/detail/gps_dump__functions.c\n'}
[1.029529] (px4_msgs) StdoutLine: {'line': b'-- Up-to-date: /home/px4/ros2/ws/install/px4_msgs/include/px4_msgs/px4_msgs/msg/detail/actuator_servos__struct.h\n'}
[1.029604] (px4_msgs) StdoutLine: {'line': b'-- Up-to-date: /home/px4/ros2/ws/install/px4_msgs/include/px4_msgs/px4_msgs/msg/detail/launch_detection_status__struct.h\n'}
[1.029674] (px4_msgs) StdoutLine: {'line': b'-- Up-to-date: /home/px4/ros2/ws/install/px4_msgs/include/px4_msgs/px4_msgs/msg/detail/fuel_tank_status__type_support.h\n'}
[1.029754] (px4_msgs) StdoutLine: {'line': b'-- Up-to-date: /home/px4/ros2/ws/install/px4_msgs/include/px4_msgs/px4_msgs/msg/detail/airspeed_validated__functions.c\n'}
[1.029839] (px4_msgs) StdoutLine: {'line': b'-- Up-to-date: /home/px4/ros2/ws/install/px4_msgs/include/px4_msgs/px4_msgs/msg/detail/orb_test_large__functions.c\n'}
[1.029932] (px4_msgs) StdoutLine: {'line': b'-- Up-to-date: /home/px4/ros2/ws/install/px4_msgs/include/px4_msgs/px4_msgs/msg/detail/vehicle_imu__struct.h\n'}
[1.029995] (px4_msgs) StdoutLine: {'line': b'-- Up-to-date: /home/px4/ros2/ws/install/px4_msgs/include/px4_msgs/px4_msgs/msg/detail/action_request__functions.h\n'}
[1.030059] (px4_msgs) StdoutLine: {'line': b'-- Up-to-date: /home/px4/ros2/ws/install/px4_msgs/include/px4_msgs/px4_msgs/msg/detail/vehicle_air_data__functions.c\n'}
[1.030123] (px4_msgs) StdoutLine: {'line': b'-- Up-to-date: /home/px4/ros2/ws/install/px4_msgs/include/px4_msgs/px4_msgs/msg/detail/led_control__struct.h\n'}
[1.030206] (px4_msgs) StdoutLine: {'line': b'-- Up-to-date: /home/px4/ros2/ws/install/px4_msgs/include/px4_msgs/px4_msgs/msg/detail/goto_setpoint__type_support.h\n'}
[1.030268] (px4_msgs) StdoutLine: {'line': b'-- Up-to-date: /home/px4/ros2/ws/install/px4_msgs/include/px4_msgs/px4_msgs/msg/detail/sensor_preflight_mag__type_support.h\n'}
[1.030330] (px4_msgs) StdoutLine: {'line': b'-- Up-to-date: /home/px4/ros2/ws/install/px4_msgs/include/px4_msgs/px4_msgs/msg/detail/sensor_gyro_fft__functions.c\n'}
[1.030412] (px4_msgs) StdoutLine: {'line': b'-- Up-to-date: /home/px4/ros2/ws/install/px4_msgs/include/px4_msgs/px4_msgs/msg/detail/gimbal_controls__type_support.h\n'}
[1.030480] (px4_msgs) StdoutLine: {'line': b'-- Up-to-date: /home/px4/ros2/ws/install/px4_msgs/include/px4_msgs/px4_msgs/msg/detail/sensor_accel_fifo__functions.h\n'}
[1.030584] (px4_msgs) StdoutLine: {'line': b'-- Up-to-date: /home/px4/ros2/ws/install/px4_msgs/include/px4_msgs/px4_msgs/msg/detail/register_ext_component_request__functions.h\n'}
[1.030658] (px4_msgs) StdoutLine: {'line': b'-- Up-to-date: /home/px4/ros2/ws/install/px4_msgs/include/px4_msgs/px4_msgs/msg/detail/config_overrides__type_support.h\n'}
[1.030719] (px4_msgs) StdoutLine: {'line': b'-- Up-to-date: /home/px4/ros2/ws/install/px4_msgs/include/px4_msgs/px4_msgs/msg/detail/lateral_control_configuration__functions.h\n'}
[1.030786] (px4_msgs) StdoutLine: {'line': b'-- Up-to-date: /home/px4/ros2/ws/install/px4_msgs/include/px4_msgs/px4_msgs/msg/detail/position_controller_status__functions.h\n'}
[1.030850] (px4_msgs) StdoutLine: {'line': b'-- Up-to-date: /home/px4/ros2/ws/install/px4_msgs/include/px4_msgs/px4_msgs/msg/detail/airspeed_validated__type_support.h\n'}
[1.030911] (px4_msgs) StdoutLine: {'line': b'-- Up-to-date: /home/px4/ros2/ws/install/px4_msgs/include/px4_msgs/px4_msgs/msg/detail/actuator_motors__struct.h\n'}
[1.030970] (px4_msgs) StdoutLine: {'line': b'-- Up-to-date: /home/px4/ros2/ws/install/px4_msgs/include/px4_msgs/px4_msgs/msg/detail/debug_value__type_support.h\n'}
[1.031098] (px4_msgs) StdoutLine: {'line': b'-- Up-to-date: /home/px4/ros2/ws/install/px4_msgs/include/px4_msgs/px4_msgs/msg/detail/debug_value__functions.h\n'}
[1.031169] (px4_msgs) StdoutLine: {'line': b'-- Up-to-date: /home/px4/ros2/ws/install/px4_msgs/include/px4_msgs/px4_msgs/msg/detail/button_event__functions.h\n'}
[1.031226] (px4_msgs) StdoutLine: {'line': b'-- Up-to-date: /home/px4/ros2/ws/install/px4_msgs/include/px4_msgs/px4_msgs/msg/detail/generator_status__type_support.h\n'}
[1.031299] (px4_msgs) StdoutLine: {'line': b'-- Up-to-date: /home/px4/ros2/ws/install/px4_msgs/include/px4_msgs/px4_msgs/msg/detail/rate_ctrl_status__functions.c\n'}
[1.031360] (px4_msgs) StdoutLine: {'line': b'-- Up-to-date: /home/px4/ros2/ws/install/px4_msgs/include/px4_msgs/px4_msgs/msg/detail/landing_target_pose__struct.h\n'}
[1.031436] (px4_msgs) StdoutLine: {'line': b'-- Up-to-date: /home/px4/ros2/ws/install/px4_msgs/include/px4_msgs/px4_msgs/msg/detail/ulog_stream_ack__struct.h\n'}
[1.031513] (px4_msgs) StdoutLine: {'line': b'-- Up-to-date: /home/px4/ros2/ws/install/px4_msgs/include/px4_msgs/px4_msgs/msg/detail/orb_test_medium__struct.h\n'}
[1.031573] (px4_msgs) StdoutLine: {'line': b'-- Up-to-date: /home/px4/ros2/ws/install/px4_msgs/include/px4_msgs/px4_msgs/msg/detail/takeoff_status__functions.c\n'}
[1.031655] (px4_msgs) StdoutLine: {'line': b'-- Up-to-date: /home/px4/ros2/ws/install/px4_msgs/include/px4_msgs/px4_msgs/msg/detail/orb_test_large__type_support.h\n'}
[1.031717] (px4_msgs) StdoutLine: {'line': b'-- Up-to-date: /home/px4/ros2/ws/install/px4_msgs/include/px4_msgs/px4_msgs/msg/detail/sensor_gyro__type_support.h\n'}
[1.031799] (px4_msgs) StdoutLine: {'line': b'-- Up-to-date: /home/px4/ros2/ws/install/px4_msgs/include/px4_msgs/px4_msgs/msg/detail/sensor_airflow__functions.h\n'}
[1.031863] (px4_msgs) StdoutLine: {'line': b'-- Up-to-date: /home/px4/ros2/ws/install/px4_msgs/include/px4_msgs/px4_msgs/msg/detail/gimbal_device_attitude_status__struct.h\n'}
[1.031940] (px4_msgs) StdoutLine: {'line': b'-- Up-to-date: /home/px4/ros2/ws/install/px4_msgs/include/px4_msgs/px4_msgs/msg/detail/vehicle_attitude_setpoint__type_support.h\n'}
[1.032010] (px4_msgs) StdoutLine: {'line': b'-- Up-to-date: /home/px4/ros2/ws/install/px4_msgs/include/px4_msgs/px4_msgs/msg/detail/vehicle_angular_acceleration_setpoint__struct.h\n'}
[1.032070] (px4_msgs) StdoutLine: {'line': b'-- Up-to-date: /home/px4/ros2/ws/install/px4_msgs/include/px4_msgs/px4_msgs/msg/detail/normalized_unsigned_setpoint__functions.h\n'}
[1.032146] (px4_msgs) StdoutLine: {'line': b'-- Up-to-date: /home/px4/ros2/ws/install/px4_msgs/include/px4_msgs/px4_msgs/msg/detail/vehicle_roi__type_support.h\n'}
[1.032212] (px4_msgs) StdoutLine: {'line': b'-- Up-to-date: /home/px4/ros2/ws/install/px4_msgs/include/px4_msgs/px4_msgs/msg/detail/vehicle_local_position_setpoint__functions.c\n'}
[1.032280] (px4_msgs) StdoutLine: {'line': b'-- Up-to-date: /home/px4/ros2/ws/install/px4_msgs/include/px4_msgs/px4_msgs/msg/detail/adc_report__functions.h\n'}
[1.032340] (px4_msgs) StdoutLine: {'line': b'-- Up-to-date: /home/px4/ros2/ws/install/px4_msgs/include/px4_msgs/px4_msgs/msg/detail/gpio_config__type_support.h\n'}
[1.032414] (px4_msgs) StdoutLine: {'line': b'-- Up-to-date: /home/px4/ros2/ws/install/px4_msgs/include/px4_msgs/px4_msgs/msg/detail/px4io_status__type_support.h\n'}
[1.032483] (px4_msgs) StdoutLine: {'line': b'-- Up-to-date: /home/px4/ros2/ws/install/px4_msgs/include/px4_msgs/px4_msgs/msg/detail/logger_status__functions.h\n'}
[1.032547] (px4_msgs) StdoutLine: {'line': b'-- Up-to-date: /home/px4/ros2/ws/install/px4_msgs/include/px4_msgs/px4_msgs/msg/detail/orb_test__struct.h\n'}
[1.032606] (px4_msgs) StdoutLine: {'line': b'-- Up-to-date: /home/px4/ros2/ws/install/px4_msgs/include/px4_msgs/px4_msgs/msg/detail/message_format_request__struct.h\n'}
[1.032671] (px4_msgs) StdoutLine: {'line': b'-- Up-to-date: /home/px4/ros2/ws/install/px4_msgs/include/px4_msgs/px4_msgs/msg/detail/estimator_states__functions.c\n'}
[1.032721] (px4_msgs) StdoutLine: {'line': b'-- Up-to-date: /home/px4/ros2/ws/install/px4_msgs/include/px4_msgs/px4_msgs/msg/detail/onboard_computer_status__functions.c\n'}
[1.032794] (px4_msgs) StdoutLine: {'line': b'-- Up-to-date: /home/px4/ros2/ws/install/px4_msgs/include/px4_msgs/px4_msgs/msg/detail/dataman_request__type_support.h\n'}
[1.032857] (px4_msgs) StdoutLine: {'line': b'-- Up-to-date: /home/px4/ros2/ws/install/px4_msgs/include/px4_msgs/px4_msgs/msg/detail/internal_combustion_engine_status__type_support.h\n'}
[1.032923] (px4_msgs) StdoutLine: {'line': b'-- Up-to-date: /home/px4/ros2/ws/install/px4_msgs/include/px4_msgs/px4_msgs/msg/detail/ekf2_timestamps__functions.c\n'}
[1.032972] (px4_msgs) StdoutLine: {'line': b'-- Up-to-date: /home/px4/ros2/ws/install/px4_msgs/include/px4_msgs/px4_msgs/msg/detail/vehicle_local_position_setpoint__type_support.h\n'}
[1.033021] (px4_msgs) StdoutLine: {'line': b'-- Up-to-date: /home/px4/ros2/ws/install/px4_msgs/include/px4_msgs/px4_msgs/msg/detail/vehicle_land_detected__functions.h\n'}
[1.033069] (px4_msgs) StdoutLine: {'line': b'-- Up-to-date: /home/px4/ros2/ws/install/px4_msgs/include/px4_msgs/px4_msgs/msg/detail/collision_constraints__type_support.h\n'}
[1.033118] (px4_msgs) StdoutLine: {'line': b'-- Up-to-date: /home/px4/ros2/ws/install/px4_msgs/include/px4_msgs/px4_msgs/msg/detail/sensor_gnss_relative__type_support.h\n'}
[1.033183] (px4_msgs) StdoutLine: {'line': b'-- Up-to-date: /home/px4/ros2/ws/install/px4_msgs/include/px4_msgs/px4_msgs/msg/detail/fixed_wing_lateral_setpoint__struct.h\n'}
[1.033261] (px4_msgs) StdoutLine: {'line': b'-- Up-to-date: /home/px4/ros2/ws/install/px4_msgs/include/px4_msgs/px4_msgs/msg/detail/landing_target_pose__functions.h\n'}
[1.033323] (px4_msgs) StdoutLine: {'line': b'-- Up-to-date: /home/px4/ros2/ws/install/px4_msgs/include/px4_msgs/px4_msgs/msg/detail/gimbal_manager_set_attitude__functions.h\n'}
[1.033382] (px4_msgs) StdoutLine: {'line': b'-- Up-to-date: /home/px4/ros2/ws/install/px4_msgs/include/px4_msgs/px4_msgs/msg/detail/parameter_set_value_response__functions.c\n'}
[1.033440] (px4_msgs) StdoutLine: {'line': b'-- Up-to-date: /home/px4/ros2/ws/install/px4_msgs/include/px4_msgs/px4_msgs/msg/detail/airspeed_validated__functions.h\n'}
[1.033496] (px4_msgs) StdoutLine: {'line': b'-- Up-to-date: /home/px4/ros2/ws/install/px4_msgs/include/px4_msgs/px4_msgs/msg/detail/battery_status__functions.c\n'}
[1.033576] (px4_msgs) StdoutLine: {'line': b'-- Up-to-date: /home/px4/ros2/ws/install/px4_msgs/include/px4_msgs/px4_msgs/msg/detail/camera_status__type_support.h\n'}
[1.033643] (px4_msgs) StdoutLine: {'line': b'-- Up-to-date: /home/px4/ros2/ws/install/px4_msgs/include/px4_msgs/px4_msgs/msg/detail/fuel_tank_status__functions.h\n'}
[1.033713] (px4_msgs) StdoutLine: {'line': b'-- Up-to-date: /home/px4/ros2/ws/install/px4_msgs/include/px4_msgs/px4_msgs/msg/detail/navigator_mission_item__type_support.h\n'}
[1.033791] (px4_msgs) StdoutLine: {'line': b'-- Up-to-date: /home/px4/ros2/ws/install/px4_msgs/include/px4_msgs/px4_msgs/msg/detail/velocity_limits__type_support.h\n'}
[1.033862] (px4_msgs) StdoutLine: {'line': b'-- Up-to-date: /home/px4/ros2/ws/install/px4_msgs/include/px4_msgs/px4_msgs/msg/detail/fixed_wing_lateral_status__type_support.h\n'}
[1.033945] (px4_msgs) StdoutLine: {'line': b'-- Up-to-date: /home/px4/ros2/ws/install/px4_msgs/include/px4_msgs/px4_msgs/msg/detail/vehicle_global_position__type_support.h\n'}
[1.034008] (px4_msgs) StdoutLine: {'line': b'-- Up-to-date: /home/px4/ros2/ws/install/px4_msgs/include/px4_msgs/px4_msgs/msg/detail/estimator_innovations__functions.h\n'}
[1.034068] (px4_msgs) StdoutLine: {'line': b'-- Up-to-date: /home/px4/ros2/ws/install/px4_msgs/include/px4_msgs/px4_msgs/msg/detail/landing_target_innovations__type_support.h\n'}
[1.034146] (px4_msgs) StdoutLine: {'line': b'-- Up-to-date: /home/px4/ros2/ws/install/px4_msgs/include/px4_msgs/px4_msgs/msg/detail/dronecan_node_status__functions.h\n'}
[1.034207] (px4_msgs) StdoutLine: {'line': b'-- Up-to-date: /home/px4/ros2/ws/install/px4_msgs/include/px4_msgs/px4_msgs/msg/detail/parameter_set_value_response__functions.h\n'}
[1.034280] (px4_msgs) StdoutLine: {'line': b'-- Up-to-date: /home/px4/ros2/ws/install/px4_msgs/include/px4_msgs/px4_msgs/msg/detail/open_drone_id_operator_id__type_support.h\n'}
[1.034330] (px4_msgs) StdoutLine: {'line': b'-- Up-to-date: /home/px4/ros2/ws/install/px4_msgs/include/px4_msgs/px4_msgs/msg/detail/open_drone_id_system__functions.h\n'}
[1.034379] (px4_msgs) StdoutLine: {'line': b'-- Up-to-date: /home/px4/ros2/ws/install/px4_msgs/include/px4_msgs/px4_msgs/msg/detail/navigator_status__type_support.h\n'}
[1.034428] (px4_msgs) StdoutLine: {'line': b'-- Up-to-date: /home/px4/ros2/ws/install/px4_msgs/include/px4_msgs/px4_msgs/msg/detail/estimator_aid_source2d__struct.h\n'}
[1.034475] (px4_msgs) StdoutLine: {'line': b'-- Up-to-date: /home/px4/ros2/ws/install/px4_msgs/include/px4_msgs/px4_msgs/msg/detail/cellular_status__type_support.h\n'}
[1.034523] (px4_msgs) StdoutLine: {'line': b'-- Up-to-date: /home/px4/ros2/ws/install/px4_msgs/include/px4_msgs/px4_msgs/msg/detail/uavcan_parameter_request__functions.h\n'}
[1.034571] (px4_msgs) StdoutLine: {'line': b'-- Up-to-date: /home/px4/ros2/ws/install/px4_msgs/include/px4_msgs/px4_msgs/msg/detail/tecs_status__functions.c\n'}
[1.034620] (px4_msgs) StdoutLine: {'line': b'-- Up-to-date: /home/px4/ros2/ws/install/px4_msgs/include/px4_msgs/px4_msgs/msg/detail/camera_capture__struct.h\n'}
[1.034718] (px4_msgs) StdoutLine: {'line': b'-- Up-to-date: /home/px4/ros2/ws/install/px4_msgs/include/px4_msgs/px4_msgs/msg/detail/manual_control_setpoint__type_support.h\n'}
[1.034791] (px4_msgs) StdoutLine: {'line': b'-- Up-to-date: /home/px4/ros2/ws/install/px4_msgs/include/px4_msgs/px4_msgs/msg/detail/open_drone_id_self_id__struct.h\n'}
[1.034874] (px4_msgs) StdoutLine: {'line': b'-- Up-to-date: /home/px4/ros2/ws/install/px4_msgs/include/px4_msgs/px4_msgs/msg/detail/gps_inject_data__struct.h\n'}
[1.034941] (px4_msgs) StdoutLine: {'line': b'-- Up-to-date: /home/px4/ros2/ws/install/px4_msgs/include/px4_msgs/px4_msgs/msg/detail/mount_orientation__functions.c\n'}
[1.035006] (px4_msgs) StdoutLine: {'line': b'-- Up-to-date: /home/px4/ros2/ws/install/px4_msgs/include/px4_msgs/px4_msgs/msg/detail/dataman_request__functions.c\n'}
[1.035066] (px4_msgs) StdoutLine: {'line': b'-- Up-to-date: /home/px4/ros2/ws/install/px4_msgs/include/px4_msgs/px4_msgs/msg/detail/estimator_aid_source3d__functions.c\n'}
[1.035126] (px4_msgs) StdoutLine: {'line': b'-- Up-to-date: /home/px4/ros2/ws/install/px4_msgs/include/px4_msgs/px4_msgs/msg/detail/sensor_gyro__struct.h\n'}
[1.035202] (px4_msgs) StdoutLine: {'line': b'-- Up-to-date: /home/px4/ros2/ws/install/px4_msgs/include/px4_msgs/px4_msgs/msg/detail/manual_control_switches__struct.h\n'}
[1.035263] (px4_msgs) StdoutLine: {'line': b'-- Up-to-date: /home/px4/ros2/ws/install/px4_msgs/include/px4_msgs/px4_msgs/msg/detail/vehicle_imu__functions.c\n'}
[1.035352] (px4_msgs) StdoutLine: {'line': b'-- Up-to-date: /home/px4/ros2/ws/install/px4_msgs/include/px4_msgs/px4_msgs/msg/detail/gimbal_manager_set_manual_control__struct.h\n'}
[1.035422] (px4_msgs) StdoutLine: {'line': b'-- Up-to-date: /home/px4/ros2/ws/install/px4_msgs/include/px4_msgs/px4_msgs/msg/detail/rover_velocity_setpoint__struct.h\n'}
[1.035485] (px4_msgs) StdoutLine: {'line': b'-- Up-to-date: /home/px4/ros2/ws/install/px4_msgs/include/px4_msgs/px4_msgs/msg/detail/position_setpoint_triplet__type_support.h\n'}
[1.035595] (px4_msgs) StdoutLine: {'line': b'-- Up-to-date: /home/px4/ros2/ws/install/px4_msgs/include/px4_msgs/px4_msgs/msg/detail/manual_control_setpoint__functions.h\n'}
[1.035657] (px4_msgs) StdoutLine: {'line': b'-- Up-to-date: /home/px4/ros2/ws/install/px4_msgs/include/px4_msgs/px4_msgs/msg/detail/sensor_combined__functions.c\n'}
[1.035734] (px4_msgs) StdoutLine: {'line': b'-- Up-to-date: /home/px4/ros2/ws/install/px4_msgs/include/px4_msgs/px4_msgs/msg/detail/estimator_status__type_support.h\n'}
[1.035813] (px4_msgs) StdoutLine: {'line': b'-- Up-to-date: /home/px4/ros2/ws/install/px4_msgs/include/px4_msgs/px4_msgs/msg/detail/sensor_mag__struct.h\n'}
[1.035873] (px4_msgs) StdoutLine: {'line': b'-- Up-to-date: /home/px4/ros2/ws/install/px4_msgs/include/px4_msgs/px4_msgs/msg/detail/sensor_baro__functions.h\n'}
[1.035983] (px4_msgs) StdoutLine: {'line': b'-- Up-to-date: /home/px4/ros2/ws/install/px4_msgs/include/px4_msgs/px4_msgs/msg/detail/position_controller_status__functions.c\n'}
[1.036040] (px4_msgs) StdoutLine: {'line': b'-- Up-to-date: /home/px4/ros2/ws/install/px4_msgs/include/px4_msgs/px4_msgs/msg/detail/vehicle_rates_setpoint__struct.h\n'}
[1.036100] (px4_msgs) StdoutLine: {'line': b'-- Up-to-date: /home/px4/ros2/ws/install/px4_msgs/include/px4_msgs/px4_msgs/msg/detail/mavlink_log__type_support.h\n'}
[1.036156] (px4_msgs) StdoutLine: {'line': b'-- Up-to-date: /home/px4/ros2/ws/install/px4_msgs/include/px4_msgs/px4_msgs/msg/detail/iridiumsbd_status__functions.c\n'}
[1.036216] (px4_msgs) StdoutLine: {'line': b'-- Up-to-date: /home/px4/ros2/ws/install/px4_msgs/include/px4_msgs/px4_msgs/msg/detail/obstacle_distance__functions.c\n'}
[1.036279] (px4_msgs) StdoutLine: {'line': b'-- Up-to-date: /home/px4/ros2/ws/install/px4_msgs/include/px4_msgs/px4_msgs/msg/detail/home_position__type_support.h\n'}
[1.036340] (px4_msgs) StdoutLine: {'line': b'-- Up-to-date: /home/px4/ros2/ws/install/px4_msgs/include/px4_msgs/px4_msgs/msg/detail/action_request__functions.c\n'}
[1.036435] (px4_msgs) StdoutLine: {'line': b'-- Up-to-date: /home/px4/ros2/ws/install/px4_msgs/include/px4_msgs/px4_msgs/msg/detail/airspeed__functions.h\n'}
[1.036499] (px4_msgs) StdoutLine: {'line': b'-- Up-to-date: /home/px4/ros2/ws/install/px4_msgs/include/px4_msgs/px4_msgs/msg/detail/satellite_info__functions.h\n'}
[1.036574] (px4_msgs) StdoutLine: {'line': b'-- Up-to-date: /home/px4/ros2/ws/install/px4_msgs/include/px4_msgs/px4_msgs/msg/detail/parameter_set_used_request__functions.c\n'}
[1.036634] (px4_msgs) StdoutLine: {'line': b'-- Up-to-date: /home/px4/ros2/ws/install/px4_msgs/include/px4_msgs/px4_msgs/msg/detail/estimator_states__type_support.h\n'}
[1.036695] (px4_msgs) StdoutLine: {'line': b'-- Up-to-date: /home/px4/ros2/ws/install/px4_msgs/include/px4_msgs/px4_msgs/msg/detail/onboard_computer_status__functions.h\n'}
[1.036756] (px4_msgs) StdoutLine: {'line': b'-- Up-to-date: /home/px4/ros2/ws/install/px4_msgs/include/px4_msgs/px4_msgs/msg/detail/airspeed_wind__type_support.h\n'}
[1.036825] (px4_msgs) StdoutLine: {'line': b'-- Up-to-date: /home/px4/ros2/ws/install/px4_msgs/include/px4_msgs/px4_msgs/msg/detail/parameter_set_value_request__functions.h\n'}
[1.036883] (px4_msgs) StdoutLine: {'line': b'-- Up-to-date: /home/px4/ros2/ws/install/px4_msgs/include/px4_msgs/px4_msgs/msg/detail/airspeed__struct.h\n'}
[1.036998] (px4_msgs) StdoutLine: {'line': b'-- Up-to-date: /home/px4/ros2/ws/install/px4_msgs/include/px4_msgs/px4_msgs/msg/detail/power_monitor__struct.h\n'}
[1.037188] (px4_msgs) StdoutLine: {'line': b'-- Up-to-date: /home/px4/ros2/ws/install/px4_msgs/include/px4_msgs/px4_msgs/msg/detail/timesync_status__type_support.h\n'}
[1.037251] (px4_msgs) StdoutLine: {'line': b'-- Up-to-date: /home/px4/ros2/ws/install/px4_msgs/include/px4_msgs/px4_msgs/msg/detail/satellite_info__type_support.h\n'}
[1.037315] (px4_msgs) StdoutLine: {'line': b'-- Up-to-date: /home/px4/ros2/ws/install/px4_msgs/include/px4_msgs/px4_msgs/msg/detail/rover_rate_status__type_support.h\n'}
[1.037375] (px4_msgs) StdoutLine: {'line': b'-- Up-to-date: /home/px4/ros2/ws/install/px4_msgs/include/px4_msgs/px4_msgs/msg/detail/fixed_wing_longitudinal_setpoint__functions.c\n'}
[1.037467] (px4_msgs) StdoutLine: {'line': b'-- Up-to-date: /home/px4/ros2/ws/install/px4_msgs/include/px4_msgs/px4_msgs/msg/detail/camera_status__functions.c\n'}
[1.037532] (px4_msgs) StdoutLine: {'line': b'-- Up-to-date: /home/px4/ros2/ws/install/px4_msgs/include/px4_msgs/px4_msgs/msg/detail/internal_combustion_engine_control__type_support.h\n'}
[1.037606] (px4_msgs) StdoutLine: {'line': b'-- Up-to-date: /home/px4/ros2/ws/install/px4_msgs/include/px4_msgs/px4_msgs/msg/detail/parameter_set_value_request__functions.c\n'}
[1.037669] (px4_msgs) StdoutLine: {'line': b'-- Up-to-date: /home/px4/ros2/ws/install/px4_msgs/include/px4_msgs/px4_msgs/msg/detail/failure_detector_status__functions.c\n'}
[1.037749] (px4_msgs) StdoutLine: {'line': b'-- Up-to-date: /home/px4/ros2/ws/install/px4_msgs/include/px4_msgs/px4_msgs/msg/detail/differential_pressure__struct.h\n'}
[1.037831] (px4_msgs) StdoutLine: {'line': b'-- Up-to-date: /home/px4/ros2/ws/install/px4_msgs/include/px4_msgs/px4_msgs/msg/detail/gpio_in__struct.h\n'}
[1.037918] (px4_msgs) StdoutLine: {'line': b'-- Up-to-date: /home/px4/ros2/ws/install/px4_msgs/include/px4_msgs/px4_msgs/msg/detail/airspeed__functions.c\n'}
[1.037985] (px4_msgs) StdoutLine: {'line': b'-- Up-to-date: /home/px4/ros2/ws/install/px4_msgs/include/px4_msgs/px4_msgs/msg/detail/estimator_selector_status__functions.h\n'}
[1.038048] (px4_msgs) StdoutLine: {'line': b'-- Up-to-date: /home/px4/ros2/ws/install/px4_msgs/include/px4_msgs/px4_msgs/msg/detail/estimator_aid_source1d__type_support.h\n'}
[1.038126] (px4_msgs) StdoutLine: {'line': b'-- Up-to-date: /home/px4/ros2/ws/install/px4_msgs/include/px4_msgs/px4_msgs/msg/detail/debug_vect__type_support.h\n'}
[1.038221] (px4_msgs) StdoutLine: {'line': b'-- Up-to-date: /home/px4/ros2/ws/install/px4_msgs/include/px4_msgs/px4_msgs/msg/detail/fixed_wing_lateral_status__struct.h\n'}
[1.038288] (px4_msgs) StdoutLine: {'line': b'-- Up-to-date: /home/px4/ros2/ws/install/px4_msgs/include/px4_msgs/px4_msgs/msg/detail/sensor_accel__functions.c\n'}
[1.038344] (px4_msgs) StdoutLine: {'line': b'-- Up-to-date: /home/px4/ros2/ws/install/px4_msgs/include/px4_msgs/px4_msgs/msg/detail/dataman_request__functions.h\n'}
[1.038423] (px4_msgs) StdoutLine: {'line': b'-- Up-to-date: /home/px4/ros2/ws/install/px4_msgs/include/px4_msgs/px4_msgs/msg/detail/gpio_out__functions.c\n'}
[1.038486] (px4_msgs) StdoutLine: {'line': b'-- Up-to-date: /home/px4/ros2/ws/install/px4_msgs/include/px4_msgs/px4_msgs/msg/detail/dataman_response__struct.h\n'}
[1.038553] (px4_msgs) StdoutLine: {'line': b'-- Up-to-date: /home/px4/ros2/ws/install/px4_msgs/include/px4_msgs/px4_msgs/msg/detail/radio_status__functions.c\n'}
[1.038612] (px4_msgs) StdoutLine: {'line': b'-- Up-to-date: /home/px4/ros2/ws/install/px4_msgs/include/px4_msgs/px4_msgs/msg/detail/hover_thrust_estimate__type_support.h\n'}
[1.038670] (px4_msgs) StdoutLine: {'line': b'-- Up-to-date: /home/px4/ros2/ws/install/px4_msgs/include/px4_msgs/px4_msgs/msg/detail/sensor_hygrometer__type_support.h\n'}
[1.038764] (px4_msgs) StdoutLine: {'line': b'-- Up-to-date: /home/px4/ros2/ws/install/px4_msgs/include/px4_msgs/px4_msgs/msg/detail/rover_throttle_setpoint__type_support.h\n'}
[1.038835] (px4_msgs) StdoutLine: {'line': b'-- Up-to-date: /home/px4/ros2/ws/install/px4_msgs/include/px4_msgs/px4_msgs/msg/detail/parameter_set_value_request__struct.h\n'}
[1.038897] (px4_msgs) StdoutLine: {'line': b'-- Up-to-date: /home/px4/ros2/ws/install/px4_msgs/include/px4_msgs/px4_msgs/msg/detail/velocity_limits__struct.h\n'}
[1.038964] (px4_msgs) StdoutLine: {'line': b'-- Up-to-date: /home/px4/ros2/ws/install/px4_msgs/include/px4_msgs/px4_msgs/msg/detail/landing_target_pose__type_support.h\n'}
[1.039046] (px4_msgs) StdoutLine: {'line': b'-- Up-to-date: /home/px4/ros2/ws/install/px4_msgs/include/px4_msgs/px4_msgs/msg/detail/estimator_status_flags__type_support.h\n'}
[1.039119] (px4_msgs) StdoutLine: {'line': b'-- Up-to-date: /home/px4/ros2/ws/install/px4_msgs/include/px4_msgs/px4_msgs/msg/detail/rover_attitude_status__struct.h\n'}
[1.039184] (px4_msgs) StdoutLine: {'line': b'-- Up-to-date: /home/px4/ros2/ws/install/px4_msgs/include/px4_msgs/px4_msgs/msg/detail/goto_setpoint__struct.h\n'}
[1.039248] (px4_msgs) StdoutLine: {'line': b'-- Up-to-date: /home/px4/ros2/ws/install/px4_msgs/include/px4_msgs/px4_msgs/msg/detail/tiltrotor_extra_controls__functions.h\n'}
[1.039310] (px4_msgs) StdoutLine: {'line': b'-- Up-to-date: /home/px4/ros2/ws/install/px4_msgs/include/px4_msgs/px4_msgs/msg/detail/offboard_control_mode__functions.c\n'}
[1.039395] (px4_msgs) StdoutLine: {'line': b'-- Up-to-date: /home/px4/ros2/ws/install/px4_msgs/include/px4_msgs/px4_msgs/msg/detail/estimator_status__struct.h\n'}
[1.039467] (px4_msgs) StdoutLine: {'line': b'-- Up-to-date: /home/px4/ros2/ws/install/px4_msgs/include/px4_msgs/px4_msgs/msg/detail/px4io_status__functions.h\n'}
[1.039574] (px4_msgs) StdoutLine: {'line': b'-- Up-to-date: /home/px4/ros2/ws/install/px4_msgs/include/px4_msgs/px4_msgs/msg/detail/tune_control__functions.h\n'}
[1.039642] (px4_msgs) StdoutLine: {'line': b'-- Up-to-date: /home/px4/ros2/ws/install/px4_msgs/include/px4_msgs/px4_msgs/msg/detail/rover_steering_setpoint__functions.h\n'}
[1.039701] (px4_msgs) StdoutLine: {'line': b'-- Up-to-date: /home/px4/ros2/ws/install/px4_msgs/include/px4_msgs/px4_msgs/msg/detail/sensor_accel__type_support.h\n'}
[1.039760] (px4_msgs) StdoutLine: {'line': b'-- Up-to-date: /home/px4/ros2/ws/install/px4_msgs/include/px4_msgs/px4_msgs/msg/detail/health_report__struct.h\n'}
[1.039829] (px4_msgs) StdoutLine: {'line': b'-- Up-to-date: /home/px4/ros2/ws/install/px4_msgs/include/px4_msgs/px4_msgs/msg/detail/onboard_computer_status__struct.h\n'}
[1.039893] (px4_msgs) StdoutLine: {'line': b'-- Up-to-date: /home/px4/ros2/ws/install/px4_msgs/include/px4_msgs/px4_msgs/msg/detail/debug_key_value__struct.h\n'}
[1.039956] (px4_msgs) StdoutLine: {'line': b'-- Up-to-date: /home/px4/ros2/ws/install/px4_msgs/include/px4_msgs/px4_msgs/msg/detail/vehicle_local_position__functions.c\n'}
[1.040013] (px4_msgs) StdoutLine: {'line': b'-- Up-to-date: /home/px4/ros2/ws/install/px4_msgs/include/px4_msgs/px4_msgs/msg/detail/gpio_request__type_support.h\n'}
[1.040107] (px4_msgs) StdoutLine: {'line': b'-- Up-to-date: /home/px4/ros2/ws/install/px4_msgs/include/px4_msgs/px4_msgs/msg/detail/estimator_bias3d__functions.h\n'}
[1.040170] (px4_msgs) StdoutLine: {'line': b'-- Up-to-date: /home/px4/ros2/ws/install/px4_msgs/include/px4_msgs/px4_msgs/msg/detail/vehicle_status__functions.c\n'}
[1.040228] (px4_msgs) StdoutLine: {'line': b'-- Up-to-date: /home/px4/ros2/ws/install/px4_msgs/include/px4_msgs/px4_msgs/msg/detail/vehicle_odometry__functions.c\n'}
[1.040299] (px4_msgs) StdoutLine: {'line': b'-- Up-to-date: /home/px4/ros2/ws/install/px4_msgs/include/px4_msgs/px4_msgs/msg/detail/battery_info__functions.h\n'}
[1.040362] (px4_msgs) StdoutLine: {'line': b'-- Up-to-date: /home/px4/ros2/ws/install/px4_msgs/include/px4_msgs/px4_msgs/msg/detail/actuator_motors__functions.c\n'}
[1.040421] (px4_msgs) StdoutLine: {'line': b'-- Up-to-date: /home/px4/ros2/ws/install/px4_msgs/include/px4_msgs/px4_msgs/msg/detail/gimbal_manager_status__functions.h\n'}
[1.040490] (px4_msgs) StdoutLine: {'line': b'-- Up-to-date: /home/px4/ros2/ws/install/px4_msgs/include/px4_msgs/px4_msgs/msg/detail/position_setpoint_triplet__struct.h\n'}
[1.040585] (px4_msgs) StdoutLine: {'line': b'-- Up-to-date: /home/px4/ros2/ws/install/px4_msgs/include/px4_msgs/px4_msgs/msg/detail/radio_status__functions.h\n'}
[1.040653] (px4_msgs) StdoutLine: {'line': b'-- Up-to-date: /home/px4/ros2/ws/install/px4_msgs/include/px4_msgs/px4_msgs/msg/detail/internal_combustion_engine_status__functions.c\n'}
[1.040714] (px4_msgs) StdoutLine: {'line': b'-- Up-to-date: /home/px4/ros2/ws/install/px4_msgs/include/px4_msgs/px4_msgs/msg/detail/control_allocator_status__functions.h\n'}
[1.040771] (px4_msgs) StdoutLine: {'line': b'-- Up-to-date: /home/px4/ros2/ws/install/px4_msgs/include/px4_msgs/px4_msgs/msg/detail/rate_ctrl_status__functions.h\n'}
[1.040839] (px4_msgs) StdoutLine: {'line': b'-- Up-to-date: /home/px4/ros2/ws/install/px4_msgs/include/px4_msgs/px4_msgs/msg/detail/gps_inject_data__type_support.h\n'}
[1.040900] (px4_msgs) StdoutLine: {'line': b'-- Up-to-date: /home/px4/ros2/ws/install/px4_msgs/include/px4_msgs/px4_msgs/msg/detail/pps_capture__struct.h\n'}
[1.040959] (px4_msgs) StdoutLine: {'line': b'-- Up-to-date: /home/px4/ros2/ws/install/px4_msgs/include/px4_msgs/px4_msgs/msg/detail/gimbal_manager_status__functions.c\n'}
[1.041056] (px4_msgs) StdoutLine: {'line': b'-- Up-to-date: /home/px4/ros2/ws/install/px4_msgs/include/px4_msgs/px4_msgs/msg/detail/gimbal_controls__functions.c\n'}
[1.041118] (px4_msgs) StdoutLine: {'line': b'-- Up-to-date: /home/px4/ros2/ws/install/px4_msgs/include/px4_msgs/px4_msgs/msg/detail/arming_check_reply__struct.h\n'}
[1.041212] (px4_msgs) StdoutLine: {'line': b'-- Up-to-date: /home/px4/ros2/ws/install/px4_msgs/include/px4_msgs/px4_msgs/msg/detail/rtl_status__functions.c\n'}
[1.041276] (px4_msgs) StdoutLine: {'line': b'-- Up-to-date: /home/px4/ros2/ws/install/px4_msgs/include/px4_msgs/px4_msgs/msg/detail/wheel_encoders__functions.h\n'}
[1.041337] (px4_msgs) StdoutLine: {'line': b'-- Up-to-date: /home/px4/ros2/ws/install/px4_msgs/include/px4_msgs/px4_msgs/msg/detail/vehicle_attitude__functions.h\n'}
[1.041420] (px4_msgs) StdoutLine: {'line': b'-- Up-to-date: /home/px4/ros2/ws/install/px4_msgs/include/px4_msgs/px4_msgs/msg/detail/open_drone_id_system__type_support.h\n'}
[1.041479] (px4_msgs) StdoutLine: {'line': b'-- Up-to-date: /home/px4/ros2/ws/install/px4_msgs/include/px4_msgs/px4_msgs/msg/detail/estimator_states__struct.h\n'}
[1.041537] (px4_msgs) StdoutLine: {'line': b'-- Up-to-date: /home/px4/ros2/ws/install/px4_msgs/include/px4_msgs/px4_msgs/msg/detail/input_rc__type_support.h\n'}
[1.041593] (px4_msgs) StdoutLine: {'line': b'-- Up-to-date: /home/px4/ros2/ws/install/px4_msgs/include/px4_msgs/px4_msgs/msg/detail/actuator_armed__functions.h\n'}
[1.041685] (px4_msgs) StdoutLine: {'line': b'-- Up-to-date: /home/px4/ros2/ws/install/px4_msgs/include/px4_msgs/px4_msgs/msg/detail/sensor_gps__struct.h\n'}
[1.041763] (px4_msgs) StdoutLine: {'line': b'-- Up-to-date: /home/px4/ros2/ws/install/px4_msgs/include/px4_msgs/px4_msgs/msg/detail/vehicle_imu_status__type_support.h\n'}
[1.041843] (px4_msgs) StdoutLine: {'line': b'-- Up-to-date: /home/px4/ros2/ws/install/px4_msgs/include/px4_msgs/px4_msgs/msg/detail/airspeed_validated__struct.h\n'}
[1.041903] (px4_msgs) StdoutLine: {'line': b'-- Up-to-date: /home/px4/ros2/ws/install/px4_msgs/include/px4_msgs/px4_msgs/msg/detail/camera_capture__type_support.h\n'}
[1.041973] (px4_msgs) StdoutLine: {'line': b'-- Up-to-date: /home/px4/ros2/ws/install/px4_msgs/include/px4_msgs/px4_msgs/msg/detail/estimator_sensor_bias__functions.h\n'}
[1.042073] (px4_msgs) StdoutLine: {'line': b'-- Up-to-date: /home/px4/ros2/ws/install/px4_msgs/include/px4_msgs/px4_msgs/msg/detail/geofence_status__type_support.h\n'}
[1.042144] (px4_msgs) StdoutLine: {'line': b'-- Up-to-date: /home/px4/ros2/ws/install/px4_msgs/include/px4_msgs/px4_msgs/msg/detail/vehicle_attitude_setpoint__functions.c\n'}
[1.042220] (px4_msgs) StdoutLine: {'line': b'-- Up-to-date: /home/px4/ros2/ws/install/px4_msgs/include/px4_msgs/px4_msgs/msg/detail/rover_steering_setpoint__struct.h\n'}
[1.042283] (px4_msgs) StdoutLine: {'line': b'-- Up-to-date: /home/px4/ros2/ws/install/px4_msgs/include/px4_msgs/px4_msgs/msg/detail/estimator_bias3d__functions.c\n'}
[1.042346] (px4_msgs) StdoutLine: {'line': b'-- Up-to-date: /home/px4/ros2/ws/install/px4_msgs/include/px4_msgs/px4_msgs/msg/detail/qshell_retval__type_support.h\n'}
[1.042409] (px4_msgs) StdoutLine: {'line': b'-- Up-to-date: /home/px4/ros2/ws/install/px4_msgs/include/px4_msgs/px4_msgs/msg/detail/mag_worker_data__functions.c\n'}
[1.042472] (px4_msgs) StdoutLine: {'line': b'-- Up-to-date: /home/px4/ros2/ws/install/px4_msgs/include/px4_msgs/px4_msgs/msg/detail/gimbal_manager_set_attitude__type_support.h\n'}
[1.042534] (px4_msgs) StdoutLine: {'line': b'-- Up-to-date: /home/px4/ros2/ws/install/px4_msgs/include/px4_msgs/px4_msgs/msg/detail/position_controller_status__type_support.h\n'}
[1.042592] (px4_msgs) StdoutLine: {'line': b'-- Up-to-date: /home/px4/ros2/ws/install/px4_msgs/include/px4_msgs/px4_msgs/msg/detail/vehicle_angular_velocity__functions.h\n'}
[1.042649] (px4_msgs) StdoutLine: {'line': b'-- Up-to-date: /home/px4/ros2/ws/install/px4_msgs/include/px4_msgs/px4_msgs/msg/detail/cellular_status__functions.h\n'}
[1.042733] (px4_msgs) StdoutLine: {'line': b'-- Up-to-date: /home/px4/ros2/ws/install/px4_msgs/include/px4_msgs/px4_msgs/msg/detail/obstacle_distance__type_support.h\n'}
[1.042816] (px4_msgs) StdoutLine: {'line': b'-- Up-to-date: /home/px4/ros2/ws/install/px4_msgs/include/px4_msgs/px4_msgs/msg/detail/vehicle_command__type_support.h\n'}
[1.042905] (px4_msgs) StdoutLine: {'line': b'-- Up-to-date: /home/px4/ros2/ws/install/px4_msgs/include/px4_msgs/px4_msgs/msg/detail/message_format_request__functions.h\n'}
[1.042993] (px4_msgs) StdoutLine: {'line': b'-- Up-to-date: /home/px4/ros2/ws/install/px4_msgs/include/px4_msgs/px4_msgs/msg/detail/sensor_gyro_fifo__struct.h\n'}
[1.043073] (px4_msgs) StdoutLine: {'line': b'-- Up-to-date: /home/px4/ros2/ws/install/px4_msgs/include/px4_msgs/px4_msgs/msg/detail/adc_report__type_support.h\n'}
[1.043141] (px4_msgs) StdoutLine: {'line': b'-- Up-to-date: /home/px4/ros2/ws/install/px4_msgs/include/px4_msgs/px4_msgs/msg/detail/timesync_status__functions.c\n'}
[1.043201] (px4_msgs) StdoutLine: {'line': b'-- Up-to-date: /home/px4/ros2/ws/install/px4_msgs/include/px4_msgs/px4_msgs/msg/detail/actuator_controls_status__type_support.h\n'}
[1.043278] (px4_msgs) StdoutLine: {'line': b'-- Up-to-date: /home/px4/ros2/ws/install/px4_msgs/include/px4_msgs/px4_msgs/msg/detail/landing_gear__functions.c\n'}
[1.043341] (px4_msgs) StdoutLine: {'line': b'-- Up-to-date: /home/px4/ros2/ws/install/px4_msgs/include/px4_msgs/px4_msgs/msg/detail/timesync_status__functions.h\n'}
[1.043404] (px4_msgs) StdoutLine: {'line': b'-- Up-to-date: /home/px4/ros2/ws/install/px4_msgs/include/px4_msgs/px4_msgs/msg/detail/actuator_armed__struct.h\n'}
[1.043467] (px4_msgs) StdoutLine: {'line': b'-- Up-to-date: /home/px4/ros2/ws/install/px4_msgs/include/px4_msgs/px4_msgs/msg/detail/vehicle_air_data__struct.h\n'}
[1.043530] (px4_msgs) StdoutLine: {'line': b'-- Up-to-date: /home/px4/ros2/ws/install/px4_msgs/include/px4_msgs/px4_msgs/msg/detail/gimbal_device_information__functions.c\n'}
[1.043590] (px4_msgs) StdoutLine: {'line': b'-- Up-to-date: /home/px4/ros2/ws/install/px4_msgs/include/px4_msgs/px4_msgs/msg/detail/cpuload__type_support.h\n'}
[1.043662] (px4_msgs) StdoutLine: {'line': b'-- Up-to-date: /home/px4/ros2/ws/install/px4_msgs/include/px4_msgs/px4_msgs/msg/detail/qshell_req__struct.h\n'}
[1.043743] (px4_msgs) StdoutLine: {'line': b'-- Up-to-date: /home/px4/ros2/ws/install/px4_msgs/include/px4_msgs/px4_msgs/msg/detail/orb_test__type_support.h\n'}
[1.043816] (px4_msgs) StdoutLine: {'line': b'-- Up-to-date: /home/px4/ros2/ws/install/px4_msgs/include/px4_msgs/px4_msgs/msg/detail/rover_attitude_setpoint__struct.h\n'}
[1.043876] (px4_msgs) StdoutLine: {'line': b'-- Up-to-date: /home/px4/ros2/ws/install/px4_msgs/include/px4_msgs/px4_msgs/msg/detail/estimator_status_flags__functions.h\n'}
[1.043973] (px4_msgs) StdoutLine: {'line': b'-- Up-to-date: /home/px4/ros2/ws/install/px4_msgs/include/px4_msgs/px4_msgs/msg/detail/fixed_wing_runway_control__functions.c\n'}
[1.044059] (px4_msgs) StdoutLine: {'line': b'-- Up-to-date: /home/px4/ros2/ws/install/px4_msgs/include/px4_msgs/px4_msgs/msg/detail/gimbal_device_information__type_support.h\n'}
[1.044124] (px4_msgs) StdoutLine: {'line': b'-- Up-to-date: /home/px4/ros2/ws/install/px4_msgs/include/px4_msgs/px4_msgs/msg/detail/rover_velocity_status__functions.c\n'}
[1.044188] (px4_msgs) StdoutLine: {'line': b'-- Up-to-date: /home/px4/ros2/ws/install/px4_msgs/include/px4_msgs/px4_msgs/msg/detail/home_position__functions.c\n'}
[1.044250] (px4_msgs) StdoutLine: {'line': b'-- Up-to-date: /home/px4/ros2/ws/install/px4_msgs/include/px4_msgs/px4_msgs/msg/detail/failure_detector_status__struct.h\n'}
[1.044314] (px4_msgs) StdoutLine: {'line': b'-- Up-to-date: /home/px4/ros2/ws/install/px4_msgs/include/px4_msgs/px4_msgs/msg/detail/wheel_encoders__struct.h\n'}
[1.044378] (px4_msgs) StdoutLine: {'line': b'-- Up-to-date: /home/px4/ros2/ws/install/px4_msgs/include/px4_msgs/px4_msgs/msg/detail/navigator_status__functions.c\n'}
[1.044446] (px4_msgs) StdoutLine: {'line': b'-- Up-to-date: /home/px4/ros2/ws/install/px4_msgs/include/px4_msgs/px4_msgs/msg/detail/mission__functions.c\n'}
[1.044519] (px4_msgs) StdoutLine: {'line': b'-- Up-to-date: /home/px4/ros2/ws/install/px4_msgs/include/px4_msgs/px4_msgs/msg/detail/action_request__type_support.h\n'}
[1.044589] (px4_msgs) StdoutLine: {'line': b'-- Up-to-date: /home/px4/ros2/ws/install/px4_msgs/include/px4_msgs/px4_msgs/msg/detail/estimator_states__functions.h\n'}
[1.044698] (px4_msgs) StdoutLine: {'line': b'-- Up-to-date: /home/px4/ros2/ws/install/px4_msgs/include/px4_msgs/px4_msgs/msg/detail/input_rc__functions.h\n'}
[1.044769] (px4_msgs) StdoutLine: {'line': b'-- Up-to-date: /home/px4/ros2/ws/install/px4_msgs/include/px4_msgs/px4_msgs/msg/detail/vehicle_optical_flow__functions.c\n'}
[1.044922] (px4_msgs) StdoutLine: {'line': b'-- Up-to-date: /home/px4/ros2/ws/install/px4_msgs/include/px4_msgs/px4_msgs/msg/detail/orb_test_medium__functions.c\n'}
[1.045014] (px4_msgs) StdoutLine: {'line': b'-- Up-to-date: /home/px4/ros2/ws/install/px4_msgs/include/px4_msgs/px4_msgs/msg/detail/cellular_status__functions.c\n'}
[1.045095] (px4_msgs) StdoutLine: {'line': b'-- Up-to-date: /home/px4/ros2/ws/install/px4_msgs/include/px4_msgs/px4_msgs/msg/detail/rc_parameter_map__type_support.h\n'}
[1.045170] (px4_msgs) StdoutLine: {'line': b'-- Up-to-date: /home/px4/ros2/ws/install/px4_msgs/include/px4_msgs/px4_msgs/msg/detail/power_button_state__functions.c\n'}
[1.045264] (px4_msgs) StdoutLine: {'line': b'-- Up-to-date: /home/px4/ros2/ws/install/px4_msgs/include/px4_msgs/px4_msgs/msg/detail/sensor_baro__struct.h\n'}
[1.045330] (px4_msgs) StdoutLine: {'line': b'-- Up-to-date: /home/px4/ros2/ws/install/px4_msgs/include/px4_msgs/px4_msgs/msg/detail/sensor_airflow__functions.c\n'}
[1.045519] (px4_msgs) StdoutLine: {'line': b'-- Up-to-date: /home/px4/ros2/ws/install/px4_msgs/include/px4_msgs/px4_msgs/msg/detail/trajectory_setpoint__functions.h\n'}
[1.045609] (px4_msgs) StdoutLine: {'line': b'-- Up-to-date: /home/px4/ros2/ws/install/px4_msgs/include/px4_msgs/px4_msgs/msg/detail/vehicle_odometry__functions.h\n'}
[1.045686] (px4_msgs) StdoutLine: {'line': b'-- Up-to-date: /home/px4/ros2/ws/install/px4_msgs/include/px4_msgs/px4_msgs/msg/detail/differential_pressure__functions.c\n'}
[1.045751] (px4_msgs) StdoutLine: {'line': b'-- Up-to-date: /home/px4/ros2/ws/install/px4_msgs/include/px4_msgs/px4_msgs/msg/detail/distance_sensor__functions.c\n'}
[1.045871] (px4_msgs) StdoutLine: {'line': b'-- Up-to-date: /home/px4/ros2/ws/install/px4_msgs/include/px4_msgs/px4_msgs/msg/detail/esc_report__functions.h\n'}
[1.045946] (px4_msgs) StdoutLine: {'line': b'-- Up-to-date: /home/px4/ros2/ws/install/px4_msgs/include/px4_msgs/px4_msgs/msg/detail/sensor_combined__struct.h\n'}
[1.046018] (px4_msgs) StdoutLine: {'line': b'-- Up-to-date: /home/px4/ros2/ws/install/px4_msgs/include/px4_msgs/px4_msgs/msg/detail/mavlink_log__struct.h\n'}
[1.046077] (px4_msgs) StdoutLine: {'line': b'-- Up-to-date: /home/px4/ros2/ws/install/px4_msgs/include/px4_msgs/px4_msgs/msg/detail/longitudinal_control_configuration__struct.h\n'}
[1.046136] (px4_msgs) StdoutLine: {'line': b'-- Up-to-date: /home/px4/ros2/ws/install/px4_msgs/include/px4_msgs/px4_msgs/msg/detail/parameter_reset_request__struct.h\n'}
[1.046195] (px4_msgs) StdoutLine: {'line': b'-- Up-to-date: /home/px4/ros2/ws/install/px4_msgs/include/px4_msgs/px4_msgs/msg/detail/normalized_unsigned_setpoint__type_support.h\n'}
[1.046258] (px4_msgs) StdoutLine: {'line': b'-- Up-to-date: /home/px4/ros2/ws/install/px4_msgs/include/px4_msgs/px4_msgs/msg/detail/logger_status__functions.c\n'}
[1.046355] (px4_msgs) StdoutLine: {'line': b'-- Up-to-date: /home/px4/ros2/ws/install/px4_msgs/include/px4_msgs/px4_msgs/msg/detail/estimator_event_flags__struct.h\n'}
[1.046428] (px4_msgs) StdoutLine: {'line': b'-- Up-to-date: /home/px4/ros2/ws/install/px4_msgs/include/px4_msgs/px4_msgs/msg/detail/yaw_estimator_status__functions.c\n'}
[1.046485] (px4_msgs) StdoutLine: {'line': b'-- Up-to-date: /home/px4/ros2/ws/install/px4_msgs/include/px4_msgs/px4_msgs/msg/detail/normalized_unsigned_setpoint__struct.h\n'}
[1.046579] (px4_msgs) StdoutLine: {'line': b'-- Up-to-date: /home/px4/ros2/ws/install/px4_msgs/include/px4_msgs/px4_msgs/msg/detail/estimator_status_flags__functions.c\n'}
[1.046669] (px4_msgs) StdoutLine: {'line': b'-- Up-to-date: /home/px4/ros2/ws/install/px4_msgs/include/px4_msgs/px4_msgs/msg/detail/uavcan_parameter_value__functions.c\n'}
[1.046731] (px4_msgs) StdoutLine: {'line': b'-- Up-to-date: /home/px4/ros2/ws/install/px4_msgs/include/px4_msgs/px4_msgs/msg/detail/parameter_set_value_request__type_support.h\n'}
[1.046830] (px4_msgs) StdoutLine: {'line': b'-- Up-to-date: /home/px4/ros2/ws/install/px4_msgs/include/px4_msgs/px4_msgs/msg/detail/rover_position_setpoint__struct.h\n'}
[1.046915] (px4_msgs) StdoutLine: {'line': b'-- Up-to-date: /home/px4/ros2/ws/install/px4_msgs/include/px4_msgs/px4_msgs/msg/detail/mission__type_support.h\n'}
[1.046979] (px4_msgs) StdoutLine: {'line': b'-- Up-to-date: /home/px4/ros2/ws/install/px4_msgs/include/px4_msgs/px4_msgs/msg/detail/yaw_estimator_status__type_support.h\n'}
[1.047054] (px4_msgs) StdoutLine: {'line': b'-- Up-to-date: /home/px4/ros2/ws/install/px4_msgs/include/px4_msgs/px4_msgs/msg/detail/trajectory_setpoint__struct.h\n'}
[1.047113] (px4_msgs) StdoutLine: {'line': b'-- Up-to-date: /home/px4/ros2/ws/install/px4_msgs/include/px4_msgs/px4_msgs/msg/detail/estimator_selector_status__type_support.h\n'}
[1.047174] (px4_msgs) StdoutLine: {'line': b'-- Up-to-date: /home/px4/ros2/ws/install/px4_msgs/include/px4_msgs/px4_msgs/msg/detail/actuator_servos__type_support.h\n'}
[1.047246] (px4_msgs) StdoutLine: {'line': b'-- Up-to-date: /home/px4/ros2/ws/install/px4_msgs/include/px4_msgs/px4_msgs/msg/detail/debug_vect__functions.h\n'}
[1.047321] (px4_msgs) StdoutLine: {'line': b'-- Up-to-date: /home/px4/ros2/ws/install/px4_msgs/include/px4_msgs/px4_msgs/msg/detail/vehicle_optical_flow_vel__functions.c\n'}
[1.047382] (px4_msgs) StdoutLine: {'line': b'-- Up-to-date: /home/px4/ros2/ws/install/px4_msgs/include/px4_msgs/px4_msgs/msg/detail/orb_test_medium__type_support.h\n'}
[1.047442] (px4_msgs) StdoutLine: {'line': b'-- Up-to-date: /home/px4/ros2/ws/install/px4_msgs/include/px4_msgs/px4_msgs/msg/detail/vehicle_command__functions.c\n'}
[1.047520] (px4_msgs) StdoutLine: {'line': b'-- Up-to-date: /home/px4/ros2/ws/install/px4_msgs/include/px4_msgs/px4_msgs/msg/detail/yaw_estimator_status__struct.h\n'}
[1.047585] (px4_msgs) StdoutLine: {'line': b'-- Up-to-date: /home/px4/ros2/ws/install/px4_msgs/include/px4_msgs/px4_msgs/msg/detail/estimator_sensor_bias__functions.c\n'}
[1.047647] (px4_msgs) StdoutLine: {'line': b'-- Up-to-date: /home/px4/ros2/ws/install/px4_msgs/include/px4_msgs/px4_msgs/msg/detail/register_ext_component_request__type_support.h\n'}
[1.047724] (px4_msgs) StdoutLine: {'line': b'-- Up-to-date: /home/px4/ros2/ws/install/px4_msgs/include/px4_msgs/px4_msgs/msg/detail/tune_control__type_support.h\n'}
[1.047796] (px4_msgs) StdoutLine: {'line': b'-- Up-to-date: /home/px4/ros2/ws/install/px4_msgs/include/px4_msgs/px4_msgs/msg/detail/log_message__functions.c\n'}
[1.047881] (px4_msgs) StdoutLine: {'line': b'-- Up-to-date: /home/px4/ros2/ws/install/px4_msgs/include/px4_msgs/px4_msgs/msg/detail/position_controller_landing_status__type_support.h\n'}
[1.047946] (px4_msgs) StdoutLine: {'line': b'-- Up-to-date: /home/px4/ros2/ws/install/px4_msgs/include/px4_msgs/px4_msgs/msg/detail/led_control__type_support.h\n'}
[1.048006] (px4_msgs) StdoutLine: {'line': b'-- Up-to-date: /home/px4/ros2/ws/install/px4_msgs/include/px4_msgs/px4_msgs/msg/detail/ping__struct.h\n'}
[1.048066] (px4_msgs) StdoutLine: {'line': b'-- Up-to-date: /home/px4/ros2/ws/install/px4_msgs/include/px4_msgs/px4_msgs/msg/detail/estimator_aid_source3d__struct.h\n'}
[1.048124] (px4_msgs) StdoutLine: {'line': b'-- Up-to-date: /home/px4/ros2/ws/install/px4_msgs/include/px4_msgs/px4_msgs/msg/detail/control_allocator_status__type_support.h\n'}
[1.048218] (px4_msgs) StdoutLine: {'line': b'-- Up-to-date: /home/px4/ros2/ws/install/px4_msgs/include/px4_msgs/px4_msgs/msg/detail/rtl_status__struct.h\n'}
[1.048306] (px4_msgs) StdoutLine: {'line': b'-- Up-to-date: /home/px4/ros2/ws/install/px4_msgs/include/px4_msgs/px4_msgs/msg/detail/parameter_set_used_request__functions.h\n'}
[1.048370] (px4_msgs) StdoutLine: {'line': b'-- Up-to-date: /home/px4/ros2/ws/install/px4_msgs/include/px4_msgs/px4_msgs/msg/detail/pwm_input__functions.h\n'}
[1.048438] (px4_msgs) StdoutLine: {'line': b'-- Up-to-date: /home/px4/ros2/ws/install/px4_msgs/include/px4_msgs/px4_msgs/msg/detail/collision_constraints__functions.h\n'}
[1.048499] (px4_msgs) StdoutLine: {'line': b'-- Up-to-date: /home/px4/ros2/ws/install/px4_msgs/include/px4_msgs/px4_msgs/msg/detail/fixed_wing_runway_control__type_support.h\n'}
[1.048554] (px4_msgs) StdoutLine: {'line': b'-- Up-to-date: /home/px4/ros2/ws/install/px4_msgs/include/px4_msgs/px4_msgs/msg/detail/gripper__functions.c\n'}
[1.048624] (px4_msgs) StdoutLine: {'line': b'-- Up-to-date: /home/px4/ros2/ws/install/px4_msgs/include/px4_msgs/px4_msgs/msg/detail/qshell_retval__functions.h\n'}
[1.048691] (px4_msgs) StdoutLine: {'line': b'-- Up-to-date: /home/px4/ros2/ws/install/px4_msgs/include/px4_msgs/px4_msgs/msg/detail/actuator_servos__functions.c\n'}
[1.048755] (px4_msgs) StdoutLine: {'line': b'-- Up-to-date: /home/px4/ros2/ws/install/px4_msgs/include/px4_msgs/px4_msgs/msg/detail/sensors_status__functions.h\n'}
[1.048834] (px4_msgs) StdoutLine: {'line': b'-- Up-to-date: /home/px4/ros2/ws/install/px4_msgs/include/px4_msgs/px4_msgs/msg/detail/rover_throttle_setpoint__functions.h\n'}
[1.048903] (px4_msgs) StdoutLine: {'line': b'-- Up-to-date: /home/px4/ros2/ws/install/px4_msgs/include/px4_msgs/px4_msgs/msg/detail/config_overrides__struct.h\n'}
[1.048987] (px4_msgs) StdoutLine: {'line': b'-- Up-to-date: /home/px4/ros2/ws/install/px4_msgs/include/px4_msgs/px4_msgs/msg/detail/actuator_outputs__struct.h\n'}
[1.049060] (px4_msgs) StdoutLine: {'line': b'-- Up-to-date: /home/px4/ros2/ws/install/px4_msgs/include/px4_msgs/px4_msgs/msg/detail/estimator_bias__functions.h\n'}
[1.049128] (px4_msgs) StdoutLine: {'line': b'-- Up-to-date: /home/px4/ros2/ws/install/px4_msgs/include/px4_msgs/px4_msgs/msg/detail/estimator_aid_source3d__functions.h\n'}
[1.049189] (px4_msgs) StdoutLine: {'line': b'-- Up-to-date: /home/px4/ros2/ws/install/px4_msgs/include/px4_msgs/px4_msgs/msg/detail/launch_detection_status__functions.c\n'}
[1.049260] (px4_msgs) StdoutLine: {'line': b'-- Up-to-date: /home/px4/ros2/ws/install/px4_msgs/include/px4_msgs/px4_msgs/msg/detail/vehicle_odometry__type_support.h\n'}
[1.049335] (px4_msgs) StdoutLine: {'line': b'-- Up-to-date: /home/px4/ros2/ws/install/px4_msgs/include/px4_msgs/px4_msgs/msg/detail/dataman_request__struct.h\n'}
[1.049396] (px4_msgs) StdoutLine: {'line': b'-- Up-to-date: /home/px4/ros2/ws/install/px4_msgs/include/px4_msgs/px4_msgs/msg/detail/differential_pressure__type_support.h\n'}
[1.049468] (px4_msgs) StdoutLine: {'line': b'-- Up-to-date: /home/px4/ros2/ws/install/px4_msgs/include/px4_msgs/px4_msgs/msg/detail/sensor_gyro_fft__functions.h\n'}
[1.049526] (px4_msgs) StdoutLine: {'line': b'-- Up-to-date: /home/px4/ros2/ws/install/px4_msgs/include/px4_msgs/px4_msgs/msg/detail/vehicle_control_mode__type_support.h\n'}
[1.049586] (px4_msgs) StdoutLine: {'line': b'-- Up-to-date: /home/px4/ros2/ws/install/px4_msgs/include/px4_msgs/px4_msgs/msg/detail/vehicle_acceleration__functions.c\n'}
[1.049684] (px4_msgs) StdoutLine: {'line': b'-- Up-to-date: /home/px4/ros2/ws/install/px4_msgs/include/px4_msgs/px4_msgs/msg/detail/geofence_status__functions.h\n'}
[1.049752] (px4_msgs) StdoutLine: {'line': b'-- Up-to-date: /home/px4/ros2/ws/install/px4_msgs/include/px4_msgs/px4_msgs/msg/detail/generator_status__functions.h\n'}
[1.049850] (px4_msgs) StdoutLine: {'line': b'-- Up-to-date: /home/px4/ros2/ws/install/px4_msgs/include/px4_msgs/px4_msgs/msg/detail/uavcan_parameter_value__type_support.h\n'}
[1.049912] (px4_msgs) StdoutLine: {'line': b'-- Up-to-date: /home/px4/ros2/ws/install/px4_msgs/include/px4_msgs/px4_msgs/msg/detail/fixed_wing_longitudinal_setpoint__type_support.h\n'}
[1.049985] (px4_msgs) StdoutLine: {'line': b'-- Up-to-date: /home/px4/ros2/ws/install/px4_msgs/include/px4_msgs/px4_msgs/msg/detail/collision_constraints__struct.h\n'}
[1.050050] (px4_msgs) StdoutLine: {'line': b'-- Up-to-date: /home/px4/ros2/ws/install/px4_msgs/include/px4_msgs/px4_msgs/msg/detail/timesync_status__struct.h\n'}
[1.050115] (px4_msgs) StdoutLine: {'line': b'-- Up-to-date: /home/px4/ros2/ws/install/px4_msgs/include/px4_msgs/px4_msgs/msg/detail/esc_status__functions.c\n'}
[1.050188] (px4_msgs) StdoutLine: {'line': b'-- Up-to-date: /home/px4/ros2/ws/install/px4_msgs/include/px4_msgs/px4_msgs/msg/detail/tune_control__functions.c\n'}
[1.050249] (px4_msgs) StdoutLine: {'line': b'-- Up-to-date: /home/px4/ros2/ws/install/px4_msgs/include/px4_msgs/px4_msgs/msg/detail/open_drone_id_operator_id__functions.h\n'}
[1.050306] (px4_msgs) StdoutLine: {'line': b'-- Up-to-date: /home/px4/ros2/ws/install/px4_msgs/include/px4_msgs/px4_msgs/msg/detail/sensor_accel__functions.h\n'}
[1.050386] (px4_msgs) StdoutLine: {'line': b'-- Up-to-date: /home/px4/ros2/ws/install/px4_msgs/include/px4_msgs/px4_msgs/msg/detail/gps_dump__struct.h\n'}
[1.050451] (px4_msgs) StdoutLine: {'line': b'-- Up-to-date: /home/px4/ros2/ws/install/px4_msgs/include/px4_msgs/px4_msgs/msg/detail/follow_target__functions.c\n'}
[1.050529] (px4_msgs) StdoutLine: {'line': b'-- Up-to-date: /home/px4/ros2/ws/install/px4_msgs/include/px4_msgs/px4_msgs/msg/detail/actuator_controls_status__functions.c\n'}
[1.050593] (px4_msgs) StdoutLine: {'line': b'-- Up-to-date: /home/px4/ros2/ws/install/px4_msgs/include/px4_msgs/px4_msgs/msg/detail/vehicle_thrust_setpoint__struct.h\n'}
[1.050684] (px4_msgs) StdoutLine: {'line': b'-- Up-to-date: /home/px4/ros2/ws/install/px4_msgs/include/px4_msgs/px4_msgs/msg/detail/ulog_stream__functions.h\n'}
[1.050747] (px4_msgs) StdoutLine: {'line': b'-- Up-to-date: /home/px4/ros2/ws/install/px4_msgs/include/px4_msgs/px4_msgs/msg/detail/tiltrotor_extra_controls__type_support.h\n'}
[1.050847] (px4_msgs) StdoutLine: {'line': b'-- Up-to-date: /home/px4/ros2/ws/install/px4_msgs/include/px4_msgs/px4_msgs/msg/detail/orbit_status__type_support.h\n'}
[1.050909] (px4_msgs) StdoutLine: {'line': b'-- Up-to-date: /home/px4/ros2/ws/install/px4_msgs/include/px4_msgs/px4_msgs/msg/detail/sensor_gnss_relative__struct.h\n'}
[1.050985] (px4_msgs) StdoutLine: {'line': b'-- Up-to-date: /home/px4/ros2/ws/install/px4_msgs/include/px4_msgs/px4_msgs/msg/detail/fixed_wing_lateral_setpoint__type_support.h\n'}
[1.051051] (px4_msgs) StdoutLine: {'line': b'-- Up-to-date: /home/px4/ros2/ws/install/px4_msgs/include/px4_msgs/px4_msgs/msg/detail/battery_info__functions.c\n'}
[1.051133] (px4_msgs) StdoutLine: {'line': b'-- Up-to-date: /home/px4/ros2/ws/install/px4_msgs/include/px4_msgs/px4_msgs/msg/detail/landing_target_pose__functions.c\n'}
[1.051208] (px4_msgs) StdoutLine: {'line': b'-- Up-to-date: /home/px4/ros2/ws/install/px4_msgs/include/px4_msgs/px4_msgs/msg/detail/wheel_encoders__type_support.h\n'}
[1.051270] (px4_msgs) StdoutLine: {'line': b'-- Up-to-date: /home/px4/ros2/ws/install/px4_msgs/include/px4_msgs/px4_msgs/msg/detail/geofence_result__functions.h\n'}
[1.051350] (px4_msgs) StdoutLine: {'line': b'-- Up-to-date: /home/px4/ros2/ws/install/px4_msgs/include/px4_msgs/px4_msgs/msg/detail/sensors_status_imu__struct.h\n'}
[1.051422] (px4_msgs) StdoutLine: {'line': b'-- Up-to-date: /home/px4/ros2/ws/install/px4_msgs/include/px4_msgs/px4_msgs/msg/detail/vehicle_angular_acceleration_setpoint__functions.c\n'}
[1.051482] (px4_msgs) StdoutLine: {'line': b'-- Up-to-date: /home/px4/ros2/ws/install/px4_msgs/include/px4_msgs/px4_msgs/msg/detail/gps_inject_data__functions.c\n'}
[1.051541] (px4_msgs) StdoutLine: {'line': b'-- Up-to-date: /home/px4/ros2/ws/install/px4_msgs/include/px4_msgs/px4_msgs/msg/detail/takeoff_status__type_support.h\n'}
[1.051621] (px4_msgs) StdoutLine: {'line': b'-- Up-to-date: /home/px4/ros2/ws/install/px4_msgs/include/px4_msgs/px4_msgs/msg/detail/parameter_reset_request__functions.h\n'}
[1.051683] (px4_msgs) StdoutLine: {'line': b'-- Up-to-date: /home/px4/ros2/ws/install/px4_msgs/include/px4_msgs/px4_msgs/msg/detail/follow_target_estimator__functions.c\n'}
[1.051763] (px4_msgs) StdoutLine: {'line': b'-- Up-to-date: /home/px4/ros2/ws/install/px4_msgs/include/px4_msgs/px4_msgs/msg/detail/sensor_mag__functions.c\n'}
[1.051834] (px4_msgs) StdoutLine: {'line': b'-- Up-to-date: /home/px4/ros2/ws/install/px4_msgs/include/px4_msgs/px4_msgs/msg/detail/ping__type_support.h\n'}
[1.051925] (px4_msgs) StdoutLine: {'line': b'-- Up-to-date: /home/px4/ros2/ws/install/px4_msgs/include/px4_msgs/px4_msgs/msg/detail/actuator_controls_status__struct.h\n'}
[1.052005] (px4_msgs) StdoutLine: {'line': b'-- Up-to-date: /home/px4/ros2/ws/install/px4_msgs/include/px4_msgs/px4_msgs/msg/detail/debug_key_value__functions.h\n'}
[1.052069] (px4_msgs) StdoutLine: {'line': b'-- Up-to-date: /home/px4/ros2/ws/install/px4_msgs/include/px4_msgs/px4_msgs/msg/detail/gimbal_device_attitude_status__functions.c\n'}
[1.052125] (px4_msgs) StdoutLine: {'line': b'-- Up-to-date: /home/px4/ros2/ws/install/px4_msgs/include/px4_msgs/px4_msgs/msg/detail/fixed_wing_runway_control__struct.h\n'}
[1.052214] (px4_msgs) StdoutLine: {'line': b'-- Up-to-date: /home/px4/ros2/ws/install/px4_msgs/include/px4_msgs/px4_msgs/msg/detail/position_controller_landing_status__struct.h\n'}
[1.052273] (px4_msgs) StdoutLine: {'line': b'-- Up-to-date: /home/px4/ros2/ws/install/px4_msgs/include/px4_msgs/px4_msgs/msg/detail/register_ext_component_reply__functions.c\n'}
[1.052356] (px4_msgs) StdoutLine: {'line': b'-- Up-to-date: /home/px4/ros2/ws/install/px4_msgs/include/px4_msgs/px4_msgs/msg/detail/sensor_hygrometer__functions.c\n'}
[1.052438] (px4_msgs) StdoutLine: {'line': b'-- Up-to-date: /home/px4/ros2/ws/install/px4_msgs/include/px4_msgs/px4_msgs/msg/detail/px4io_status__struct.h\n'}
[1.052505] (px4_msgs) StdoutLine: {'line': b'-- Up-to-date: /home/px4/ros2/ws/install/px4_msgs/include/px4_msgs/px4_msgs/msg/detail/sensor_accel_fifo__struct.h\n'}
[1.052570] (px4_msgs) StdoutLine: {'line': b'-- Up-to-date: /home/px4/ros2/ws/install/px4_msgs/include/px4_msgs/px4_msgs/msg/detail/vehicle_optical_flow_vel__struct.h\n'}
[1.052634] (px4_msgs) StdoutLine: {'line': b'-- Up-to-date: /home/px4/ros2/ws/install/px4_msgs/include/px4_msgs/px4_msgs/msg/detail/estimator_bias__type_support.h\n'}
[1.052697] (px4_msgs) StdoutLine: {'line': b'-- Up-to-date: /home/px4/ros2/ws/install/px4_msgs/include/px4_msgs/px4_msgs/msg/detail/system_power__functions.h\n'}
[1.052774] (px4_msgs) StdoutLine: {'line': b'-- Up-to-date: /home/px4/ros2/ws/install/px4_msgs/include/px4_msgs/px4_msgs/msg/detail/vehicle_magnetometer__type_support.h\n'}
[1.052849] (px4_msgs) StdoutLine: {'line': b'-- Up-to-date: /home/px4/ros2/ws/install/px4_msgs/include/px4_msgs/px4_msgs/msg/detail/debug_key_value__type_support.h\n'}
[1.052928] (px4_msgs) StdoutLine: {'line': b'-- Up-to-date: /home/px4/ros2/ws/install/px4_msgs/include/px4_msgs/px4_msgs/msg/detail/estimator_status__functions.h\n'}
[1.052995] (px4_msgs) StdoutLine: {'line': b'-- Up-to-date: /home/px4/ros2/ws/install/px4_msgs/include/px4_msgs/px4_msgs/msg/detail/actuator_motors__type_support.h\n'}
[1.053054] (px4_msgs) StdoutLine: {'line': b'-- Up-to-date: /home/px4/ros2/ws/install/px4_msgs/include/px4_msgs/px4_msgs/msg/detail/vehicle_constraints__type_support.h\n'}
[1.053127] (px4_msgs) StdoutLine: {'line': b'-- Up-to-date: /home/px4/ros2/ws/install/px4_msgs/include/px4_msgs/px4_msgs/msg/detail/mount_orientation__type_support.h\n'}
[1.053206] (px4_msgs) StdoutLine: {'line': b'-- Up-to-date: /home/px4/ros2/ws/install/px4_msgs/include/px4_msgs/px4_msgs/msg/detail/vehicle_global_position__functions.c\n'}
[1.053264] (px4_msgs) StdoutLine: {'line': b'-- Up-to-date: /home/px4/ros2/ws/install/px4_msgs/include/px4_msgs/px4_msgs/msg/detail/gimbal_device_set_attitude__type_support.h\n'}
[1.053344] (px4_msgs) StdoutLine: {'line': b'-- Up-to-date: /home/px4/ros2/ws/install/px4_msgs/include/px4_msgs/px4_msgs/msg/detail/fixed_wing_longitudinal_setpoint__struct.h\n'}
[1.053413] (px4_msgs) StdoutLine: {'line': b'-- Up-to-date: /home/px4/ros2/ws/install/px4_msgs/include/px4_msgs/px4_msgs/msg/detail/gpio_out__type_support.h\n'}
[1.053475] (px4_msgs) StdoutLine: {'line': b'-- Up-to-date: /home/px4/ros2/ws/install/px4_msgs/include/px4_msgs/px4_msgs/msg/detail/rc_channels__struct.h\n'}
[1.053533] (px4_msgs) StdoutLine: {'line': b'-- Up-to-date: /home/px4/ros2/ws/install/px4_msgs/include/px4_msgs/px4_msgs/msg/detail/failsafe_flags__functions.h\n'}
[1.053592] (px4_msgs) StdoutLine: {'line': b'-- Up-to-date: /home/px4/ros2/ws/install/px4_msgs/include/px4_msgs/px4_msgs/msg/detail/airspeed_wind__struct.h\n'}
[1.053829] (px4_msgs) StdoutLine: {'line': b'-- Up-to-date: /home/px4/ros2/ws/install/px4_msgs/include/px4_msgs/px4_msgs/msg/detail/qshell_req__type_support.h\n'}
[1.053903] (px4_msgs) StdoutLine: {'line': b'-- Up-to-date: /home/px4/ros2/ws/install/px4_msgs/include/px4_msgs/px4_msgs/msg/detail/vehicle_constraints__functions.h\n'}
[1.053991] (px4_msgs) StdoutLine: {'line': b'-- Up-to-date: /home/px4/ros2/ws/install/px4_msgs/include/px4_msgs/px4_msgs/msg/detail/gimbal_device_information__functions.h\n'}
[1.054054] (px4_msgs) StdoutLine: {'line': b'-- Up-to-date: /home/px4/ros2/ws/install/px4_msgs/include/px4_msgs/px4_msgs/msg/detail/navigator_mission_item__struct.h\n'}
[1.054114] (px4_msgs) StdoutLine: {'line': b'-- Up-to-date: /home/px4/ros2/ws/install/px4_msgs/include/px4_msgs/px4_msgs/msg/detail/estimator_aid_source3d__type_support.h\n'}
[1.054170] (px4_msgs) StdoutLine: {'line': b'-- Up-to-date: /home/px4/ros2/ws/install/px4_msgs/include/px4_msgs/px4_msgs/msg/detail/velocity_limits__functions.h\n'}
[1.054258] (px4_msgs) StdoutLine: {'line': b'-- Up-to-date: /home/px4/ros2/ws/install/px4_msgs/include/px4_msgs/px4_msgs/msg/detail/ulog_stream__type_support.h\n'}
[1.054334] (px4_msgs) StdoutLine: {'line': b'-- Up-to-date: /home/px4/ros2/ws/install/px4_msgs/include/px4_msgs/px4_msgs/msg/detail/vehicle_attitude__struct.h\n'}
[1.054395] (px4_msgs) StdoutLine: {'line': b'-- Up-to-date: /home/px4/ros2/ws/install/px4_msgs/include/px4_msgs/px4_msgs/msg/detail/esc_report__struct.h\n'}
[1.054472] (px4_msgs) StdoutLine: {'line': b'-- Up-to-date: /home/px4/ros2/ws/install/px4_msgs/include/px4_msgs/px4_msgs/msg/detail/debug_array__functions.h\n'}
[1.054532] (px4_msgs) StdoutLine: {'line': b'-- Up-to-date: /home/px4/ros2/ws/install/px4_msgs/include/px4_msgs/px4_msgs/msg/detail/ulog_stream_ack__functions.c\n'}
[1.054605] (px4_msgs) StdoutLine: {'line': b'-- Up-to-date: /home/px4/ros2/ws/install/px4_msgs/include/px4_msgs/px4_msgs/msg/detail/vehicle_angular_velocity__functions.c\n'}
[1.054671] (px4_msgs) StdoutLine: {'line': b'-- Up-to-date: /home/px4/ros2/ws/install/px4_msgs/include/px4_msgs/px4_msgs/msg/detail/gpio_config__functions.h\n'}
[1.054741] (px4_msgs) StdoutLine: {'line': b'-- Up-to-date: /home/px4/ros2/ws/install/px4_msgs/include/px4_msgs/px4_msgs/msg/detail/rate_ctrl_status__type_support.h\n'}
[1.054814] (px4_msgs) StdoutLine: {'line': b'-- Up-to-date: /home/px4/ros2/ws/install/px4_msgs/include/px4_msgs/px4_msgs/msg/detail/landing_gear__functions.h\n'}
[1.054876] (px4_msgs) StdoutLine: {'line': b'-- Up-to-date: /home/px4/ros2/ws/install/px4_msgs/include/px4_msgs/px4_msgs/msg/detail/led_control__functions.c\n'}
[1.054937] (px4_msgs) StdoutLine: {'line': b'-- Up-to-date: /home/px4/ros2/ws/install/px4_msgs/include/px4_msgs/px4_msgs/msg/detail/estimator_event_flags__functions.h\n'}
[1.055021] (px4_msgs) StdoutLine: {'line': b'-- Up-to-date: /home/px4/ros2/ws/install/px4_msgs/include/px4_msgs/px4_msgs/msg/detail/pwm_input__struct.h\n'}
[1.055113] (px4_msgs) StdoutLine: {'line': b'-- Up-to-date: /home/px4/ros2/ws/install/px4_msgs/include/px4_msgs/px4_msgs/msg/detail/esc_status__functions.h\n'}
[1.055173] (px4_msgs) StdoutLine: {'line': b'-- Up-to-date: /home/px4/ros2/ws/install/px4_msgs/include/px4_msgs/px4_msgs/msg/detail/fixed_wing_lateral_guidance_status__struct.h\n'}
[1.055250] (px4_msgs) StdoutLine: {'line': b'-- Up-to-date: /home/px4/ros2/ws/install/px4_msgs/include/px4_msgs/px4_msgs/msg/detail/rover_steering_setpoint__functions.c\n'}
[1.055314] (px4_msgs) StdoutLine: {'line': b'-- Up-to-date: /home/px4/ros2/ws/install/px4_msgs/include/px4_msgs/px4_msgs/msg/detail/camera_trigger__struct.h\n'}
[1.055373] (px4_msgs) StdoutLine: {'line': b'-- Up-to-date: /home/px4/ros2/ws/install/px4_msgs/include/px4_msgs/px4_msgs/msg/detail/heater_status__struct.h\n'}
[1.055452] (px4_msgs) StdoutLine: {'line': b'-- Up-to-date: /home/px4/ros2/ws/install/px4_msgs/include/px4_msgs/px4_msgs/msg/detail/dronecan_node_status__type_support.h\n'}
[1.055517] (px4_msgs) StdoutLine: {'line': b'-- Up-to-date: /home/px4/ros2/ws/install/px4_msgs/include/px4_msgs/px4_msgs/msg/detail/sensor_gps__type_support.h\n'}
[1.055590] (px4_msgs) StdoutLine: {'line': b'-- Up-to-date: /home/px4/ros2/ws/install/px4_msgs/include/px4_msgs/px4_msgs/msg/detail/gpio_config__functions.c\n'}
[1.055658] (px4_msgs) StdoutLine: {'line': b'-- Up-to-date: /home/px4/ros2/ws/install/px4_msgs/include/px4_msgs/px4_msgs/msg/detail/vehicle_local_position__type_support.h\n'}
[1.055761] (px4_msgs) StdoutLine: {'line': b'-- Up-to-date: /home/px4/ros2/ws/install/px4_msgs/include/px4_msgs/px4_msgs/msg/detail/unregister_ext_component__struct.h\n'}
[1.055862] (px4_msgs) StdoutLine: {'line': b'-- Up-to-date: /home/px4/ros2/ws/install/px4_msgs/include/px4_msgs/px4_msgs/msg/detail/trajectory_setpoint__functions.c\n'}
[1.055938] (px4_msgs) StdoutLine: {'line': b'-- Up-to-date: /home/px4/ros2/ws/install/px4_msgs/include/px4_msgs/px4_msgs/msg/detail/gpio_out__struct.h\n'}
[1.056005] (px4_msgs) StdoutLine: {'line': b'-- Up-to-date: /home/px4/ros2/ws/install/px4_msgs/include/px4_msgs/px4_msgs/msg/detail/qshell_retval__struct.h\n'}
[1.056090] (px4_msgs) StdoutLine: {'line': b'-- Up-to-date: /home/px4/ros2/ws/install/px4_msgs/include/px4_msgs/px4_msgs/msg/detail/rover_rate_setpoint__functions.c\n'}
[1.056153] (px4_msgs) StdoutLine: {'line': b'-- Up-to-date: /home/px4/ros2/ws/install/px4_msgs/include/px4_msgs/px4_msgs/msg/detail/vehicle_command__functions.h\n'}
[1.056228] (px4_msgs) StdoutLine: {'line': b'-- Up-to-date: /home/px4/ros2/ws/install/px4_msgs/include/px4_msgs/px4_msgs/msg/detail/estimator_status__functions.c\n'}
[1.056297] (px4_msgs) StdoutLine: {'line': b'-- Up-to-date: /home/px4/ros2/ws/install/px4_msgs/include/px4_msgs/px4_msgs/msg/detail/vehicle_roi__struct.h\n'}
[1.056360] (px4_msgs) StdoutLine: {'line': b'-- Up-to-date: /home/px4/ros2/ws/install/px4_msgs/include/px4_msgs/px4_msgs/msg/detail/sensor_uwb__type_support.h\n'}
[1.056423] (px4_msgs) StdoutLine: {'line': b'-- Up-to-date: /home/px4/ros2/ws/install/px4_msgs/include/px4_msgs/px4_msgs/msg/detail/rover_velocity_status__type_support.h\n'}
[1.056500] (px4_msgs) StdoutLine: {'line': b'-- Up-to-date: /home/px4/ros2/ws/install/px4_msgs/include/px4_msgs/px4_msgs/msg/detail/tiltrotor_extra_controls__functions.c\n'}
[1.056564] (px4_msgs) StdoutLine: {'line': b'-- Up-to-date: /home/px4/ros2/ws/install/px4_msgs/include/px4_msgs/px4_msgs/msg/detail/fixed_wing_runway_control__functions.h\n'}
[1.056635] (px4_msgs) StdoutLine: {'line': b'-- Up-to-date: /home/px4/ros2/ws/install/px4_msgs/include/px4_msgs/px4_msgs/msg/detail/collision_constraints__functions.c\n'}
[1.056698] (px4_msgs) StdoutLine: {'line': b'-- Up-to-date: /home/px4/ros2/ws/install/px4_msgs/include/px4_msgs/px4_msgs/msg/detail/vehicle_optical_flow_vel__type_support.h\n'}
[1.056761] (px4_msgs) StdoutLine: {'line': b'-- Up-to-date: /home/px4/ros2/ws/install/px4_msgs/include/px4_msgs/px4_msgs/msg/detail/irlock_report__functions.c\n'}
[1.056896] (px4_msgs) StdoutLine: {'line': b'-- Up-to-date: /home/px4/ros2/ws/install/px4_msgs/include/px4_msgs/px4_msgs/msg/detail/estimator_aid_source2d__type_support.h\n'}
[1.056954] (px4_msgs) StdoutLine: {'line': b'-- Up-to-date: /home/px4/ros2/ws/install/px4_msgs/include/px4_msgs/px4_msgs/msg/detail/vehicle_angular_velocity__struct.h\n'}
[1.057039] (px4_msgs) StdoutLine: {'line': b'-- Up-to-date: /home/px4/ros2/ws/install/px4_msgs/include/px4_msgs/px4_msgs/msg/detail/power_button_state__struct.h\n'}
[1.057116] (px4_msgs) StdoutLine: {'line': b'-- Up-to-date: /home/px4/ros2/ws/install/px4_msgs/include/px4_msgs/px4_msgs/msg/detail/home_position__functions.h\n'}
[1.057188] (px4_msgs) StdoutLine: {'line': b'-- Up-to-date: /home/px4/ros2/ws/install/px4_msgs/include/px4_msgs/px4_msgs/msg/detail/gimbal_controls__functions.h\n'}
[1.057263] (px4_msgs) StdoutLine: {'line': b'-- Up-to-date: /home/px4/ros2/ws/install/px4_msgs/include/px4_msgs/px4_msgs/msg/detail/longitudinal_control_configuration__functions.h\n'}
[1.057331] (px4_msgs) StdoutLine: {'line': b'-- Up-to-date: /home/px4/ros2/ws/install/px4_msgs/include/px4_msgs/px4_msgs/msg/detail/sensor_airflow__type_support.h\n'}
[1.057456] (px4_msgs) StdoutLine: {'line': b'-- Up-to-date: /home/px4/ros2/ws/install/px4_msgs/include/px4_msgs/px4_msgs/msg/detail/flight_phase_estimation__struct.h\n'}
[1.057549] (px4_msgs) StdoutLine: {'line': b'-- Up-to-date: /home/px4/ros2/ws/install/px4_msgs/include/px4_msgs/px4_msgs/msg/detail/vehicle_control_mode__functions.c\n'}
[1.057636] (px4_msgs) StdoutLine: {'line': b'-- Up-to-date: /home/px4/ros2/ws/install/px4_msgs/include/px4_msgs/px4_msgs/msg/detail/sensor_accel__struct.h\n'}
[1.057707] (px4_msgs) StdoutLine: {'line': b'-- Up-to-date: /home/px4/ros2/ws/install/px4_msgs/include/px4_msgs/px4_msgs/msg/detail/vehicle_torque_setpoint__functions.c\n'}
[1.057874] (px4_msgs) StdoutLine: {'line': b'-- Up-to-date: /home/px4/ros2/ws/install/px4_msgs/include/px4_msgs/px4_msgs/msg/detail/estimator_sensor_bias__type_support.h\n'}
[1.057967] (px4_msgs) StdoutLine: {'line': b'-- Up-to-date: /home/px4/ros2/ws/install/px4_msgs/include/px4_msgs/px4_msgs/msg/detail/debug_array__type_support.h\n'}
[1.058036] (px4_msgs) StdoutLine: {'line': b'-- Up-to-date: /home/px4/ros2/ws/install/px4_msgs/include/px4_msgs/px4_msgs/msg/detail/radio_status__type_support.h\n'}
[1.058099] (px4_msgs) StdoutLine: {'line': b'-- Up-to-date: /home/px4/ros2/ws/install/px4_msgs/include/px4_msgs/px4_msgs/msg/detail/goto_setpoint__functions.h\n'}
[1.058179] (px4_msgs) StdoutLine: {'line': b'-- Up-to-date: /home/px4/ros2/ws/install/px4_msgs/include/px4_msgs/px4_msgs/msg/detail/estimator_aid_source1d__struct.h\n'}
[1.058244] (px4_msgs) StdoutLine: {'line': b'-- Up-to-date: /home/px4/ros2/ws/install/px4_msgs/include/px4_msgs/px4_msgs/msg/detail/orb_test_large__functions.h\n'}
[1.058308] (px4_msgs) StdoutLine: {'line': b'-- Up-to-date: /home/px4/ros2/ws/install/px4_msgs/include/px4_msgs/px4_msgs/msg/detail/follow_target__struct.h\n'}
[1.058395] (px4_msgs) StdoutLine: {'line': b'-- Up-to-date: /home/px4/ros2/ws/install/px4_msgs/include/px4_msgs/px4_msgs/msg/detail/action_request__struct.h\n'}
[1.058462] (px4_msgs) StdoutLine: {'line': b'-- Up-to-date: /home/px4/ros2/ws/install/px4_msgs/include/px4_msgs/px4_msgs/msg/detail/unregister_ext_component__functions.c\n'}
[1.058540] (px4_msgs) StdoutLine: {'line': b'-- Up-to-date: /home/px4/ros2/ws/install/px4_msgs/include/px4_msgs/px4_msgs/msg/detail/debug_array__functions.c\n'}
[1.058601] (px4_msgs) StdoutLine: {'line': b'-- Up-to-date: /home/px4/ros2/ws/install/px4_msgs/include/px4_msgs/px4_msgs/msg/detail/vehicle_imu__functions.h\n'}
[1.058660] (px4_msgs) StdoutLine: {'line': b'-- Up-to-date: /home/px4/ros2/ws/install/px4_msgs/include/px4_msgs/px4_msgs/msg/detail/event__type_support.h\n'}
[1.058739] (px4_msgs) StdoutLine: {'line': b'-- Up-to-date: /home/px4/ros2/ws/install/px4_msgs/include/px4_msgs/px4_msgs/msg/detail/rpm__functions.h\n'}
[1.058825] (px4_msgs) StdoutLine: {'line': b'-- Up-to-date: /home/px4/ros2/ws/install/px4_msgs/include/px4_msgs/px4_msgs/msg/detail/sensors_status_imu__functions.c\n'}
[1.058951] (px4_msgs) StdoutLine: {'line': b'-- Up-to-date: /home/px4/ros2/ws/install/px4_msgs/include/px4_msgs/px4_msgs/msg/detail/vehicle_angular_acceleration_setpoint__functions.h\n'}
[1.059041] (px4_msgs) StdoutLine: {'line': b'-- Up-to-date: /home/px4/ros2/ws/install/px4_msgs/include/px4_msgs/px4_msgs/msg/detail/landing_gear_wheel__functions.c\n'}
[1.059116] (px4_msgs) StdoutLine: {'line': b'-- Up-to-date: /home/px4/ros2/ws/install/px4_msgs/include/px4_msgs/px4_msgs/msg/detail/internal_combustion_engine_control__functions.h\n'}
[1.059188] (px4_msgs) StdoutLine: {'line': b'-- Up-to-date: /home/px4/ros2/ws/install/px4_msgs/include/px4_msgs/px4_msgs/msg/detail/position_controller_status__struct.h\n'}
[1.059259] (px4_msgs) StdoutLine: {'line': b'-- Up-to-date: /home/px4/ros2/ws/install/px4_msgs/include/px4_msgs/px4_msgs/msg/detail/landing_target_innovations__functions.h\n'}
[1.059332] (px4_msgs) StdoutLine: {'line': b'-- Up-to-date: /home/px4/ros2/ws/install/px4_msgs/include/px4_msgs/px4_msgs/msg/detail/register_ext_component_request__struct.h\n'}
[1.059473] (px4_msgs) StdoutLine: {'line': b'-- Up-to-date: /home/px4/ros2/ws/install/px4_msgs/include/px4_msgs/px4_msgs/msg/detail/sensor_hygrometer__functions.h\n'}
[1.059530] (px4_msgs) StdoutLine: {'line': b'-- Up-to-date: /home/px4/ros2/ws/install/px4_msgs/include/px4_msgs/px4_msgs/msg/detail/vehicle_local_position__struct.h\n'}
[1.059608] (px4_msgs) StdoutLine: {'line': b'-- Up-to-date: /home/px4/ros2/ws/install/px4_msgs/include/px4_msgs/px4_msgs/msg/detail/pure_pursuit_status__struct.h\n'}
[1.059681] (px4_msgs) StdoutLine: {'line': b'-- Up-to-date: /home/px4/ros2/ws/install/px4_msgs/include/px4_msgs/px4_msgs/msg/detail/figure_eight_status__functions.c\n'}
[1.059762] (px4_msgs) StdoutLine: {'line': b'-- Up-to-date: /home/px4/ros2/ws/install/px4_msgs/include/px4_msgs/px4_msgs/msg/detail/fixed_wing_lateral_guidance_status__type_support.h\n'}
[1.059857] (px4_msgs) StdoutLine: {'line': b'-- Up-to-date: /home/px4/ros2/ws/install/px4_msgs/include/px4_msgs/px4_msgs/msg/detail/lateral_control_configuration__functions.c\n'}
[1.059987] (px4_msgs) StdoutLine: {'line': b'-- Up-to-date: /home/px4/ros2/ws/install/px4_msgs/include/px4_msgs/px4_msgs/msg/detail/autotune_attitude_control_status__functions.c\n'}
[1.060054] (px4_msgs) StdoutLine: {'line': b'-- Up-to-date: /home/px4/ros2/ws/install/px4_msgs/include/px4_msgs/px4_msgs/msg/detail/estimator_bias3d__type_support.h\n'}
[1.060137] (px4_msgs) StdoutLine: {'line': b'-- Up-to-date: /home/px4/ros2/ws/install/px4_msgs/include/px4_msgs/px4_msgs/msg/detail/navigator_mission_item__functions.h\n'}
[1.060197] (px4_msgs) StdoutLine: {'line': b'-- Up-to-date: /home/px4/ros2/ws/install/px4_msgs/include/px4_msgs/px4_msgs/msg/detail/dataman_response__functions.c\n'}
[1.060276] (px4_msgs) StdoutLine: {'line': b'-- Up-to-date: /home/px4/ros2/ws/install/px4_msgs/include/px4_msgs/px4_msgs/msg/detail/vehicle_odometry__struct.h\n'}
[1.060337] (px4_msgs) StdoutLine: {'line': b'-- Up-to-date: /home/px4/ros2/ws/install/px4_msgs/include/px4_msgs/px4_msgs/msg/detail/satellite_info__struct.h\n'}
[1.060399] (px4_msgs) StdoutLine: {'line': b'-- Up-to-date: /home/px4/ros2/ws/install/px4_msgs/include/px4_msgs/px4_msgs/msg/detail/gimbal_manager_set_manual_control__functions.h\n'}
[1.060458] (px4_msgs) StdoutLine: {'line': b'-- Up-to-date: /home/px4/ros2/ws/install/px4_msgs/include/px4_msgs/px4_msgs/msg/detail/rover_position_setpoint__functions.c\n'}
[1.060550] (px4_msgs) StdoutLine: {'line': b'-- Up-to-date: /home/px4/ros2/ws/install/px4_msgs/include/px4_msgs/px4_msgs/msg/detail/position_setpoint__functions.h\n'}
[1.060619] (px4_msgs) StdoutLine: {'line': b'-- Up-to-date: /home/px4/ros2/ws/install/px4_msgs/include/px4_msgs/px4_msgs/msg/detail/irlock_report__type_support.h\n'}
[1.060692] (px4_msgs) StdoutLine: {'line': b'-- Up-to-date: /home/px4/ros2/ws/install/px4_msgs/include/px4_msgs/px4_msgs/msg/detail/sensor_uwb__functions.c\n'}
[1.060761] (px4_msgs) StdoutLine: {'line': b'-- Up-to-date: /home/px4/ros2/ws/install/px4_msgs/include/px4_msgs/px4_msgs/msg/detail/vehicle_local_position__functions.h\n'}
[1.060830] (px4_msgs) StdoutLine: {'line': b'-- Up-to-date: /home/px4/ros2/ws/install/px4_msgs/include/px4_msgs/px4_msgs/msg/detail/battery_info__struct.h\n'}
[1.060930] (px4_msgs) StdoutLine: {'line': b'-- Up-to-date: /home/px4/ros2/ws/install/px4_msgs/include/px4_msgs/px4_msgs/msg/detail/sensor_gyro_fifo__type_support.h\n'}
[1.060994] (px4_msgs) StdoutLine: {'line': b'-- Up-to-date: /home/px4/ros2/ws/install/px4_msgs/include/px4_msgs/px4_msgs/msg/detail/log_message__functions.h\n'}
[1.061067] (px4_msgs) StdoutLine: {'line': b'-- Up-to-date: /home/px4/ros2/ws/install/px4_msgs/include/px4_msgs/px4_msgs/msg/detail/message_format_request__type_support.h\n'}
[1.061142] (px4_msgs) StdoutLine: {'line': b'-- Up-to-date: /home/px4/ros2/ws/install/px4_msgs/include/px4_msgs/px4_msgs/msg/detail/vehicle_rates_setpoint__functions.h\n'}
[1.061244] (px4_msgs) StdoutLine: {'line': b'-- Up-to-date: /home/px4/ros2/ws/install/px4_msgs/include/px4_msgs/px4_msgs/msg/detail/autotune_attitude_control_status__functions.h\n'}
[1.061335] (px4_msgs) StdoutLine: {'line': b'-- Up-to-date: /home/px4/ros2/ws/install/px4_msgs/include/px4_msgs/px4_msgs/msg/detail/rover_steering_setpoint__type_support.h\n'}
[1.061396] (px4_msgs) StdoutLine: {'line': b'-- Up-to-date: /home/px4/ros2/ws/install/px4_msgs/include/px4_msgs/px4_msgs/msg/detail/neural_control__functions.h\n'}
[1.061476] (px4_msgs) StdoutLine: {'line': b'-- Up-to-date: /home/px4/ros2/ws/install/px4_msgs/include/px4_msgs/px4_msgs/msg/detail/open_drone_id_self_id__functions.h\n'}
[1.061536] (px4_msgs) StdoutLine: {'line': b'-- Up-to-date: /home/px4/ros2/ws/install/px4_msgs/include/px4_msgs/px4_msgs/msg/detail/gripper__functions.h\n'}
[1.061613] (px4_msgs) StdoutLine: {'line': b'-- Up-to-date: /home/px4/ros2/ws/install/px4_msgs/include/px4_msgs/px4_msgs/msg/detail/actuator_controls_status__functions.h\n'}
[1.061686] (px4_msgs) StdoutLine: {'line': b'-- Up-to-date: /home/px4/ros2/ws/install/px4_msgs/include/px4_msgs/px4_msgs/msg/detail/actuator_test__type_support.h\n'}
[1.061761] (px4_msgs) StdoutLine: {'line': b'-- Up-to-date: /home/px4/ros2/ws/install/px4_msgs/include/px4_msgs/px4_msgs/msg/detail/vehicle_constraints__functions.c\n'}
[1.061842] (px4_msgs) StdoutLine: {'line': b'-- Up-to-date: /home/px4/ros2/ws/install/px4_msgs/include/px4_msgs/px4_msgs/msg/detail/message_format_response__functions.h\n'}
[1.061926] (px4_msgs) StdoutLine: {'line': b'-- Up-to-date: /home/px4/ros2/ws/install/px4_msgs/include/px4_msgs/px4_msgs/msg/detail/debug_value__functions.c\n'}
[1.061994] (px4_msgs) StdoutLine: {'line': b'-- Up-to-date: /home/px4/ros2/ws/install/px4_msgs/include/px4_msgs/px4_msgs/msg/detail/sensor_gnss_relative__functions.c\n'}
[1.062185] (px4_msgs) StdoutLine: {'line': b'-- Up-to-date: /home/px4/ros2/ws/install/px4_msgs/include/px4_msgs/px4_msgs/msg/detail/vehicle_global_position__functions.h\n'}
[1.062264] (px4_msgs) StdoutLine: {'line': b'-- Up-to-date: /home/px4/ros2/ws/install/px4_msgs/include/px4_msgs/px4_msgs/msg/detail/vehicle_magnetometer__functions.c\n'}
[1.062328] (px4_msgs) StdoutLine: {'line': b'-- Up-to-date: /home/px4/ros2/ws/install/px4_msgs/include/px4_msgs/px4_msgs/msg/detail/failure_detector_status__type_support.h\n'}
[1.062394] (px4_msgs) StdoutLine: {'line': b'-- Up-to-date: /home/px4/ros2/ws/install/px4_msgs/include/px4_msgs/px4_msgs/msg/detail/generator_status__struct.h\n'}
[1.062491] (px4_msgs) StdoutLine: {'line': b'-- Up-to-date: /home/px4/ros2/ws/install/px4_msgs/include/px4_msgs/px4_msgs/msg/detail/can_interface_status__type_support.h\n'}
[1.062550] (px4_msgs) StdoutLine: {'line': b'-- Up-to-date: /home/px4/ros2/ws/install/px4_msgs/include/px4_msgs/px4_msgs/msg/detail/vehicle_air_data__functions.h\n'}
[1.062636] (px4_msgs) StdoutLine: {'line': b'-- Up-to-date: /home/px4/ros2/ws/install/px4_msgs/include/px4_msgs/px4_msgs/msg/detail/neural_control__struct.h\n'}
[1.062735] (px4_msgs) StdoutLine: {'line': b'-- Up-to-date: /home/px4/ros2/ws/install/px4_msgs/include/px4_msgs/px4_msgs/msg/detail/vehicle_local_position_setpoint__struct.h\n'}
[1.062826] (px4_msgs) StdoutLine: {'line': b'-- Up-to-date: /home/px4/ros2/ws/install/px4_msgs/include/px4_msgs/px4_msgs/msg/detail/vehicle_command_ack__type_support.h\n'}
[1.062885] (px4_msgs) StdoutLine: {'line': b'-- Up-to-date: /home/px4/ros2/ws/install/px4_msgs/include/px4_msgs/px4_msgs/msg/detail/sensor_hygrometer__struct.h\n'}
[1.062963] (px4_msgs) StdoutLine: {'line': b'-- Up-to-date: /home/px4/ros2/ws/install/px4_msgs/include/px4_msgs/px4_msgs/msg/detail/orb_test_medium__functions.h\n'}
[1.063027] (px4_msgs) StdoutLine: {'line': b'-- Up-to-date: /home/px4/ros2/ws/install/px4_msgs/include/px4_msgs/px4_msgs/msg/detail/mavlink_tunnel__functions.c\n'}
[1.063077] (px4_msgs) StdoutLine: {'line': b'-- Up-to-date: /home/px4/ros2/ws/install/px4_msgs/include/px4_msgs/px4_msgs/msg/detail/debug_value__struct.h\n'}
[1.063126] (px4_msgs) StdoutLine: {'line': b'-- Up-to-date: /home/px4/ros2/ws/install/px4_msgs/include/px4_msgs/px4_msgs/msg/detail/vehicle_land_detected__functions.c\n'}
[1.063175] (px4_msgs) StdoutLine: {'line': b'-- Up-to-date: /home/px4/ros2/ws/install/px4_msgs/include/px4_msgs/px4_msgs/msg/detail/estimator_bias__functions.c\n'}
[1.063230] (px4_msgs) StdoutLine: {'line': b'-- Up-to-date: /home/px4/ros2/ws/install/px4_msgs/include/px4_msgs/px4_msgs/msg/detail/uavcan_parameter_request__type_support.h\n'}
[1.063284] (px4_msgs) StdoutLine: {'line': b'-- Up-to-date: /home/px4/ros2/ws/install/px4_msgs/include/px4_msgs/px4_msgs/msg/detail/health_report__functions.c\n'}
[1.063332] (px4_msgs) StdoutLine: {'line': b'-- Up-to-date: /home/px4/ros2/ws/install/px4_msgs/include/px4_msgs/px4_msgs/msg/detail/open_drone_id_arm_status__functions.c\n'}
[1.063396] (px4_msgs) StdoutLine: {'line': b'-- Up-to-date: /home/px4/ros2/ws/install/px4_msgs/include/px4_msgs/px4_msgs/msg/detail/goto_setpoint__functions.c\n'}
[1.063460] (px4_msgs) StdoutLine: {'line': b'-- Up-to-date: /home/px4/ros2/ws/install/px4_msgs/include/px4_msgs/px4_msgs/msg/detail/sensor_optical_flow__functions.h\n'}
[1.063508] (px4_msgs) StdoutLine: {'line': b'-- Up-to-date: /home/px4/ros2/ws/install/px4_msgs/include/px4_msgs/px4_msgs/msg/detail/ekf2_timestamps__functions.h\n'}
[1.063556] (px4_msgs) StdoutLine: {'line': b'-- Up-to-date: /home/px4/ros2/ws/install/px4_msgs/include/px4_msgs/px4_msgs/msg/detail/fuel_tank_status__functions.c\n'}
[1.063619] (px4_msgs) StdoutLine: {'line': b'-- Up-to-date: /home/px4/ros2/ws/install/px4_msgs/include/px4_msgs/px4_msgs/msg/detail/can_interface_status__functions.h\n'}
[1.063682] (px4_msgs) StdoutLine: {'line': b'-- Up-to-date: /home/px4/ros2/ws/install/px4_msgs/include/px4_msgs/px4_msgs/msg/detail/estimator_aid_source2d__functions.h\n'}
[1.063729] (px4_msgs) StdoutLine: {'line': b'-- Up-to-date: /home/px4/ros2/ws/install/px4_msgs/include/px4_msgs/px4_msgs/msg/detail/ekf2_timestamps__type_support.h\n'}
[1.063834] (px4_msgs) StdoutLine: {'line': b'-- Up-to-date: /home/px4/ros2/ws/install/px4_msgs/include/px4_msgs/px4_msgs/msg/detail/vehicle_attitude__type_support.h\n'}
[1.063946] (px4_msgs) StdoutLine: {'line': b'-- Up-to-date: /home/px4/ros2/ws/install/px4_msgs/include/px4_msgs/px4_msgs/msg/detail/system_power__functions.c\n'}
[1.064026] (px4_msgs) StdoutLine: {'line': b'-- Up-to-date: /home/px4/ros2/ws/install/px4_msgs/include/px4_msgs/px4_msgs/msg/detail/failsafe_flags__struct.h\n'}
[1.064086] (px4_msgs) StdoutLine: {'line': b'-- Up-to-date: /home/px4/ros2/ws/install/px4_msgs/include/px4_msgs/px4_msgs/msg/detail/sensor_gps__functions.c\n'}
[1.064149] (px4_msgs) StdoutLine: {'line': b'-- Up-to-date: /home/px4/ros2/ws/install/px4_msgs/include/px4_msgs/px4_msgs/msg/detail/battery_status__functions.h\n'}
[1.064229] (px4_msgs) StdoutLine: {'line': b'-- Up-to-date: /home/px4/ros2/ws/install/px4_msgs/include/px4_msgs/px4_msgs/msg/detail/actuator_outputs__functions.h\n'}
[1.064290] (px4_msgs) StdoutLine: {'line': b'-- Up-to-date: /home/px4/ros2/ws/install/px4_msgs/include/px4_msgs/px4_msgs/msg/detail/position_setpoint_triplet__functions.h\n'}
[1.064380] (px4_msgs) StdoutLine: {'line': b'-- Up-to-date: /home/px4/ros2/ws/install/px4_msgs/include/px4_msgs/px4_msgs/msg/detail/arming_check_reply__functions.c\n'}
[1.064442] (px4_msgs) StdoutLine: {'line': b'-- Up-to-date: /home/px4/ros2/ws/install/px4_msgs/include/px4_msgs/px4_msgs/msg/detail/rtl_time_estimate__functions.h\n'}
[1.064515] (px4_msgs) StdoutLine: {'line': b'-- Up-to-date: /home/px4/ros2/ws/install/px4_msgs/include/px4_msgs/px4_msgs/msg/detail/rover_velocity_setpoint__functions.c\n'}
[1.064574] (px4_msgs) StdoutLine: {'line': b'-- Up-to-date: /home/px4/ros2/ws/install/px4_msgs/include/px4_msgs/px4_msgs/msg/detail/mode_completed__functions.c\n'}
[1.064679] (px4_msgs) StdoutLine: {'line': b'-- Up-to-date: /home/px4/ros2/ws/install/px4_msgs/include/px4_msgs/px4_msgs/msg/detail/vehicle_optical_flow__functions.h\n'}
[1.064767] (px4_msgs) StdoutLine: {'line': b'-- Up-to-date: /home/px4/ros2/ws/install/px4_msgs/include/px4_msgs/px4_msgs/msg/detail/follow_target_status__functions.c\n'}
[1.064839] (px4_msgs) StdoutLine: {'line': b'-- Up-to-date: /home/px4/ros2/ws/install/px4_msgs/include/px4_msgs/px4_msgs/msg/detail/gimbal_manager_set_manual_control__type_support.h\n'}
[1.064937] (px4_msgs) StdoutLine: {'line': b'-- Up-to-date: /home/px4/ros2/ws/install/px4_msgs/include/px4_msgs/px4_msgs/msg/detail/ulog_stream__functions.c\n'}
[1.065006] (px4_msgs) StdoutLine: {'line': b'-- Up-to-date: /home/px4/ros2/ws/install/px4_msgs/include/px4_msgs/px4_msgs/msg/detail/parameter_reset_request__type_support.h\n'}
[1.065066] (px4_msgs) StdoutLine: {'line': b'-- Up-to-date: /home/px4/ros2/ws/install/px4_msgs/include/px4_msgs/px4_msgs/msg/detail/vehicle_acceleration__struct.h\n'}
[1.065141] (px4_msgs) StdoutLine: {'line': b'-- Up-to-date: /home/px4/ros2/ws/install/px4_msgs/include/px4_msgs/px4_msgs/msg/detail/manual_control_switches__functions.c\n'}
[1.065220] (px4_msgs) StdoutLine: {'line': b'-- Up-to-date: /home/px4/ros2/ws/install/px4_msgs/include/px4_msgs/px4_msgs/msg/detail/autotune_attitude_control_status__struct.h\n'}
[1.065300] (px4_msgs) StdoutLine: {'line': b'-- Up-to-date: /home/px4/ros2/ws/install/px4_msgs/include/px4_msgs/px4_msgs/msg/detail/tecs_status__struct.h\n'}
[1.065376] (px4_msgs) StdoutLine: {'line': b'-- Up-to-date: /home/px4/ros2/ws/install/px4_msgs/include/px4_msgs/px4_msgs/msg/detail/esc_report__functions.c\n'}
[1.065436] (px4_msgs) StdoutLine: {'line': b'-- Up-to-date: /home/px4/ros2/ws/install/px4_msgs/include/px4_msgs/px4_msgs/msg/detail/velocity_limits__functions.c\n'}
[1.065510] (px4_msgs) StdoutLine: {'line': b'-- Up-to-date: /home/px4/ros2/ws/install/px4_msgs/include/px4_msgs/px4_msgs/msg/detail/fixed_wing_longitudinal_setpoint__functions.h\n'}
[1.065582] (px4_msgs) StdoutLine: {'line': b'-- Up-to-date: /home/px4/ros2/ws/install/px4_msgs/include/px4_msgs/px4_msgs/msg/detail/position_setpoint__struct.h\n'}
[1.065654] (px4_msgs) StdoutLine: {'line': b'-- Up-to-date: /home/px4/ros2/ws/install/px4_msgs/include/px4_msgs/px4_msgs/msg/detail/vtol_vehicle_status__struct.h\n'}
[1.065736] (px4_msgs) StdoutLine: {'line': b'-- Up-to-date: /home/px4/ros2/ws/install/px4_msgs/include/px4_msgs/px4_msgs/msg/detail/actuator_servos_trim__functions.c\n'}
[1.065838] (px4_msgs) StdoutLine: {'line': b'-- Up-to-date: /home/px4/ros2/ws/install/px4_msgs/include/px4_msgs/px4_msgs/msg/detail/sensor_correction__struct.h\n'}
[1.065930] (px4_msgs) StdoutLine: {'line': b'-- Up-to-date: /home/px4/ros2/ws/install/px4_msgs/include/px4_msgs/px4_msgs/msg/detail/follow_target_status__functions.h\n'}
[1.065999] (px4_msgs) StdoutLine: {'line': b'-- Up-to-date: /home/px4/ros2/ws/install/px4_msgs/include/px4_msgs/px4_msgs/msg/detail/debug_key_value__functions.c\n'}
[1.066062] (px4_msgs) StdoutLine: {'line': b'-- Up-to-date: /home/px4/ros2/ws/install/px4_msgs/include/px4_msgs/px4_msgs/msg/detail/mag_worker_data__struct.h\n'}
[1.066127] (px4_msgs) StdoutLine: {'line': b'-- Up-to-date: /home/px4/ros2/ws/install/px4_msgs/include/px4_msgs/px4_msgs/msg/detail/led_control__functions.h\n'}
[1.066176] (px4_msgs) StdoutLine: {'line': b'-- Up-to-date: /home/px4/ros2/ws/install/px4_msgs/include/px4_msgs/px4_msgs/msg/detail/pps_capture__functions.c\n'}
[1.066225] (px4_msgs) StdoutLine: {'line': b'-- Up-to-date: /home/px4/ros2/ws/install/px4_msgs/include/px4_msgs/px4_msgs/msg/detail/geofence_result__type_support.h\n'}
[1.066283] (px4_msgs) StdoutLine: {'line': b'-- Up-to-date: /home/px4/ros2/ws/install/px4_msgs/include/px4_msgs/px4_msgs/msg/detail/normalized_unsigned_setpoint__functions.c\n'}
[1.066331] (px4_msgs) StdoutLine: {'line': b'-- Up-to-date: /home/px4/ros2/ws/install/px4_msgs/include/px4_msgs/px4_msgs/msg/detail/mount_orientation__functions.h\n'}
[1.066377] (px4_msgs) StdoutLine: {'line': b'-- Up-to-date: /home/px4/ros2/ws/install/px4_msgs/include/px4_msgs/px4_msgs/msg/detail/gps_inject_data__functions.h\n'}
[1.066441] (px4_msgs) StdoutLine: {'line': b'-- Up-to-date: /home/px4/ros2/ws/install/px4_msgs/include/px4_msgs/px4_msgs/msg/detail/sensor_selection__functions.c\n'}
[1.066507] (px4_msgs) StdoutLine: {'line': b'-- Up-to-date: /home/px4/ros2/ws/install/px4_msgs/include/px4_msgs/px4_msgs/msg/detail/input_rc__struct.h\n'}
[1.066573] (px4_msgs) StdoutLine: {'line': b'-- Up-to-date: /home/px4/ros2/ws/install/px4_msgs/include/px4_msgs/px4_msgs/msg/detail/vehicle_thrust_setpoint__functions.h\n'}
[1.066661] (px4_msgs) StdoutLine: {'line': b'-- Up-to-date: /home/px4/ros2/ws/install/px4_msgs/include/px4_msgs/px4_msgs/msg/detail/vehicle_land_detected__struct.h\n'}
[1.066722] (px4_msgs) StdoutLine: {'line': b'-- Up-to-date: /home/px4/ros2/ws/install/px4_msgs/include/px4_msgs/px4_msgs/msg/detail/gimbal_manager_information__struct.h\n'}
[1.066811] (px4_msgs) StdoutLine: {'line': b'-- Up-to-date: /home/px4/ros2/ws/install/px4_msgs/include/px4_msgs/px4_msgs/msg/detail/gimbal_controls__struct.h\n'}
[1.066873] (px4_msgs) StdoutLine: {'line': b'-- Up-to-date: /home/px4/ros2/ws/install/px4_msgs/include/px4_msgs/px4_msgs/msg/detail/sensors_status_imu__type_support.h\n'}
[1.066934] (px4_msgs) StdoutLine: {'line': b'-- Up-to-date: /home/px4/ros2/ws/install/px4_msgs/include/px4_msgs/px4_msgs/msg/detail/rover_rate_setpoint__struct.h\n'}
[1.066998] (px4_msgs) StdoutLine: {'line': b'-- Up-to-date: /home/px4/ros2/ws/install/px4_msgs/include/px4_msgs/px4_msgs/msg/detail/gimbal_device_information__struct.h\n'}
[1.067091] (px4_msgs) StdoutLine: {'line': b'-- Up-to-date: /home/px4/ros2/ws/install/px4_msgs/include/px4_msgs/px4_msgs/msg/detail/sensors_status__functions.c\n'}
[1.067154] (px4_msgs) StdoutLine: {'line': b'-- Up-to-date: /home/px4/ros2/ws/install/px4_msgs/include/px4_msgs/px4_msgs/msg/detail/vehicle_angular_velocity__type_support.h\n'}
[1.067218] (px4_msgs) StdoutLine: {'line': b'-- Up-to-date: /home/px4/ros2/ws/install/px4_msgs/include/px4_msgs/px4_msgs/msg/detail/qshell_retval__functions.c\n'}
[1.067302] (px4_msgs) StdoutLine: {'line': b'-- Up-to-date: /home/px4/ros2/ws/install/px4_msgs/include/px4_msgs/px4_msgs/msg/detail/wind__struct.h\n'}
[1.067366] (px4_msgs) StdoutLine: {'line': b'-- Up-to-date: /home/px4/ros2/ws/install/px4_msgs/include/px4_msgs/px4_msgs/msg/detail/message_format_response__functions.c\n'}
[1.067438] (px4_msgs) StdoutLine: {'line': b'-- Up-to-date: /home/px4/ros2/ws/install/px4_msgs/include/px4_msgs/px4_msgs/msg/detail/task_stack_info__type_support.h\n'}
[1.067497] (px4_msgs) StdoutLine: {'line': b'-- Up-to-date: /home/px4/ros2/ws/install/px4_msgs/include/px4_msgs/px4_msgs/msg/detail/gpio_request__functions.c\n'}
[1.067588] (px4_msgs) StdoutLine: {'line': b'-- Up-to-date: /home/px4/ros2/ws/install/px4_msgs/include/px4_msgs/px4_msgs/msg/detail/vehicle_attitude_setpoint__functions.h\n'}
[1.067651] (px4_msgs) StdoutLine: {'line': b'-- Up-to-date: /home/px4/ros2/ws/install/px4_msgs/include/px4_msgs/px4_msgs/msg/cellular_status.h\n'}
[1.067717] (px4_msgs) StdoutLine: {'line': b'-- Up-to-date: /home/px4/ros2/ws/install/px4_msgs/include/px4_msgs/px4_msgs/msg/tune_control.h\n'}
[1.067789] (px4_msgs) StdoutLine: {'line': b'-- Up-to-date: /home/px4/ros2/ws/install/px4_msgs/include/px4_msgs/px4_msgs/msg/sensor_accel_fifo.h\n'}
[1.067867] (px4_msgs) StdoutLine: {'line': b'-- Up-to-date: /home/px4/ros2/ws/install/px4_msgs/include/px4_msgs/px4_msgs/msg/parameter_set_used_request.h\n'}
[1.067926] (px4_msgs) StdoutLine: {'line': b'-- Up-to-date: /home/px4/ros2/ws/install/px4_msgs/include/px4_msgs/px4_msgs/msg/can_interface_status.h\n'}
[1.067998] (px4_msgs) StdoutLine: {'line': b'-- Up-to-date: /home/px4/ros2/ws/install/px4_msgs/include/px4_msgs/px4_msgs/msg/sensor_baro.h\n'}
[1.068057] (px4_msgs) StdoutLine: {'line': b'-- Up-to-date: /home/px4/ros2/ws/install/px4_msgs/include/px4_msgs/px4_msgs/msg/manual_control_switches.h\n'}
[1.068134] (px4_msgs) StdoutLine: {'line': b'-- Up-to-date: /home/px4/ros2/ws/install/px4_msgs/include/px4_msgs/px4_msgs/msg/position_setpoint_triplet.h\n'}
[1.068203] (px4_msgs) StdoutLine: {'line': b'-- Up-to-date: /home/px4/ros2/ws/install/px4_msgs/include/px4_msgs/px4_msgs/msg/tecs_status.h\n'}
[1.068314] (px4_msgs) StdoutLine: {'line': b'-- Up-to-date: /home/px4/ros2/ws/install/px4_msgs/include/px4_msgs/px4_msgs/msg/parameter_set_value_request.h\n'}
[1.068378] (px4_msgs) StdoutLine: {'line': b'-- Up-to-date: /home/px4/ros2/ws/install/px4_msgs/include/px4_msgs/px4_msgs/msg/airspeed.h\n'}
[1.068451] (px4_msgs) StdoutLine: {'line': b'-- Up-to-date: /home/px4/ros2/ws/install/px4_msgs/include/px4_msgs/px4_msgs/msg/landing_gear.h\n'}
[1.068524] (px4_msgs) StdoutLine: {'line': b'-- Up-to-date: /home/px4/ros2/ws/install/px4_msgs/include/px4_msgs/px4_msgs/msg/button_event.h\n'}
[1.068588] (px4_msgs) StdoutLine: {'line': b'-- Up-to-date: /home/px4/ros2/ws/install/px4_msgs/include/px4_msgs/px4_msgs/msg/vehicle_imu_status.h\n'}
[1.068664] (px4_msgs) StdoutLine: {'line': b'-- Up-to-date: /home/px4/ros2/ws/install/px4_msgs/include/px4_msgs/px4_msgs/msg/battery_status.h\n'}
[1.068726] (px4_msgs) StdoutLine: {'line': b'-- Up-to-date: /home/px4/ros2/ws/install/px4_msgs/include/px4_msgs/px4_msgs/msg/mavlink_log.h\n'}
[1.068809] (px4_msgs) StdoutLine: {'line': b'-- Up-to-date: /home/px4/ros2/ws/install/px4_msgs/include/px4_msgs/px4_msgs/msg/log_message.h\n'}
[1.068917] (px4_msgs) StdoutLine: {'line': b'-- Up-to-date: /home/px4/ros2/ws/install/px4_msgs/include/px4_msgs/px4_msgs/msg/landing_target_innovations.h\n'}
[1.069012] (px4_msgs) StdoutLine: {'line': b'-- Up-to-date: /home/px4/ros2/ws/install/px4_msgs/include/px4_msgs/px4_msgs/msg/debug_key_value.h\n'}
[1.069088] (px4_msgs) StdoutLine: {'line': b'-- Up-to-date: /home/px4/ros2/ws/install/px4_msgs/include/px4_msgs/px4_msgs/msg/debug_array.h\n'}
[1.069166] (px4_msgs) StdoutLine: {'line': b'-- Up-to-date: /home/px4/ros2/ws/install/px4_msgs/include/px4_msgs/px4_msgs/msg/battery_info.h\n'}
[1.069238] (px4_msgs) StdoutLine: {'line': b'-- Up-to-date: /home/px4/ros2/ws/install/px4_msgs/include/px4_msgs/px4_msgs/msg/px4io_status.h\n'}
[1.069293] (px4_msgs) StdoutLine: {'line': b'-- Up-to-date: /home/px4/ros2/ws/install/px4_msgs/include/px4_msgs/px4_msgs/msg/estimator_event_flags.h\n'}
[1.069368] (px4_msgs) StdoutLine: {'line': b'-- Up-to-date: /home/px4/ros2/ws/install/px4_msgs/include/px4_msgs/px4_msgs/msg/gimbal_device_set_attitude.h\n'}
[1.069451] (px4_msgs) StdoutLine: {'line': b'-- Up-to-date: /home/px4/ros2/ws/install/px4_msgs/include/px4_msgs/px4_msgs/msg/adc_report.h\n'}
[1.069500] (px4_msgs) StdoutLine: {'line': b'-- Up-to-date: /home/px4/ros2/ws/install/px4_msgs/include/px4_msgs/px4_msgs/msg/actuator_servos_trim.h\n'}
[1.069575] (px4_msgs) StdoutLine: {'line': b'-- Up-to-date: /home/px4/ros2/ws/install/px4_msgs/include/px4_msgs/px4_msgs/msg/rc_parameter_map.h\n'}
[1.069653] (px4_msgs) StdoutLine: {'line': b'-- Up-to-date: /home/px4/ros2/ws/install/px4_msgs/include/px4_msgs/px4_msgs/msg/figure_eight_status.h\n'}
[1.069712] (px4_msgs) StdoutLine: {'line': b'-- Up-to-date: /home/px4/ros2/ws/install/px4_msgs/include/px4_msgs/px4_msgs/msg/sensor_correction.h\n'}
[1.069833] (px4_msgs) StdoutLine: {'line': b'-- Up-to-date: /home/px4/ros2/ws/install/px4_msgs/include/px4_msgs/px4_msgs/msg/gripper.h\n'}
[1.069901] (px4_msgs) StdoutLine: {'line': b'-- Up-to-date: /home/px4/ros2/ws/install/px4_msgs/include/px4_msgs/px4_msgs/msg/vehicle_command.h\n'}
[1.069980] (px4_msgs) StdoutLine: {'line': b'-- Up-to-date: /home/px4/ros2/ws/install/px4_msgs/include/px4_msgs/px4_msgs/msg/estimator_status.h\n'}
[1.070043] (px4_msgs) StdoutLine: {'line': b'-- Up-to-date: /home/px4/ros2/ws/install/px4_msgs/include/px4_msgs/px4_msgs/msg/estimator_aid_source2d.h\n'}
[1.070111] (px4_msgs) StdoutLine: {'line': b'-- Up-to-date: /home/px4/ros2/ws/install/px4_msgs/include/px4_msgs/px4_msgs/msg/vehicle_attitude_setpoint.h\n'}
[1.070183] (px4_msgs) StdoutLine: {'line': b'-- Up-to-date: /home/px4/ros2/ws/install/px4_msgs/include/px4_msgs/px4_msgs/msg/onboard_computer_status.h\n'}
[1.070246] (px4_msgs) StdoutLine: {'line': b'-- Up-to-date: /home/px4/ros2/ws/install/px4_msgs/include/px4_msgs/px4_msgs/msg/sensor_gyro_fifo.h\n'}
[1.070308] (px4_msgs) StdoutLine: {'line': b'-- Up-to-date: /home/px4/ros2/ws/install/px4_msgs/include/px4_msgs/px4_msgs/msg/gimbal_manager_information.h\n'}
[1.070357] (px4_msgs) StdoutLine: {'line': b'-- Up-to-date: /home/px4/ros2/ws/install/px4_msgs/include/px4_msgs/px4_msgs/msg/landing_gear_wheel.h\n'}
[1.070544] (px4_msgs) StdoutLine: {'line': b'-- Up-to-date: /home/px4/ros2/ws/install/px4_msgs/include/px4_msgs/px4_msgs/msg/event.h\n'}
[1.070616] (px4_msgs) StdoutLine: {'line': b'-- Up-to-date: /home/px4/ros2/ws/install/px4_msgs/include/px4_msgs/px4_msgs/msg/transponder_report.h\n'}
[1.070680] (px4_msgs) StdoutLine: {'line': b'-- Up-to-date: /home/px4/ros2/ws/install/px4_msgs/include/px4_msgs/px4_msgs/msg/rate_ctrl_status.h\n'}
[1.070734] (px4_msgs) StdoutLine: {'line': b'-- Up-to-date: /home/px4/ros2/ws/install/px4_msgs/include/px4_msgs/px4_msgs/msg/failsafe_flags.h\n'}
[1.070791] (px4_msgs) StdoutLine: {'line': b'-- Up-to-date: /home/px4/ros2/ws/install/px4_msgs/include/px4_msgs/px4_msgs/msg/vehicle_attitude.h\n'}
[1.070851] (px4_msgs) StdoutLine: {'line': b'-- Up-to-date: /home/px4/ros2/ws/install/px4_msgs/include/px4_msgs/px4_msgs/msg/timesync_status.h\n'}
[1.070899] (px4_msgs) StdoutLine: {'line': b'-- Up-to-date: /home/px4/ros2/ws/install/px4_msgs/include/px4_msgs/px4_msgs/msg/offboard_control_mode.h\n'}
[1.070946] (px4_msgs) StdoutLine: {'line': b'-- Up-to-date: /home/px4/ros2/ws/install/px4_msgs/include/px4_msgs/px4_msgs/msg/actuator_armed.h\n'}
[1.070993] (px4_msgs) StdoutLine: {'line': b'-- Up-to-date: /home/px4/ros2/ws/install/px4_msgs/include/px4_msgs/px4_msgs/msg/parameter_set_value_response.h\n'}
[1.071040] (px4_msgs) StdoutLine: {'line': b'-- Up-to-date: /home/px4/ros2/ws/install/px4_msgs/include/px4_msgs/px4_msgs/msg/rover_rate_setpoint.h\n'}
[1.071099] (px4_msgs) StdoutLine: {'line': b'-- Up-to-date: /home/px4/ros2/ws/install/px4_msgs/include/px4_msgs/px4_msgs/msg/rover_attitude_setpoint.h\n'}
[1.071148] (px4_msgs) StdoutLine: {'line': b'-- Up-to-date: /home/px4/ros2/ws/install/px4_msgs/include/px4_msgs/px4_msgs/msg/open_drone_id_operator_id.h\n'}
[1.071213] (px4_msgs) StdoutLine: {'line': b'-- Up-to-date: /home/px4/ros2/ws/install/px4_msgs/include/px4_msgs/px4_msgs/msg/vehicle_status.h\n'}
[1.071265] (px4_msgs) StdoutLine: {'line': b'-- Up-to-date: /home/px4/ros2/ws/install/px4_msgs/include/px4_msgs/px4_msgs/msg/irlock_report.h\n'}
[1.071314] (px4_msgs) StdoutLine: {'line': b'-- Up-to-date: /home/px4/ros2/ws/install/px4_msgs/include/px4_msgs/px4_msgs/msg/sensor_mag.h\n'}
[1.071361] (px4_msgs) StdoutLine: {'line': b'-- Up-to-date: /home/px4/ros2/ws/install/px4_msgs/include/px4_msgs/px4_msgs/msg/dataman_request.h\n'}
[1.071406] (px4_msgs) StdoutLine: {'line': b'-- Up-to-date: /home/px4/ros2/ws/install/px4_msgs/include/px4_msgs/px4_msgs/msg/vehicle_optical_flow.h\n'}
[1.071468] (px4_msgs) StdoutLine: {'line': b'-- Up-to-date: /home/px4/ros2/ws/install/px4_msgs/include/px4_msgs/px4_msgs/msg/debug_vect.h\n'}
[1.071515] (px4_msgs) StdoutLine: {'line': b'-- Up-to-date: /home/px4/ros2/ws/install/px4_msgs/include/px4_msgs/px4_msgs/msg/task_stack_info.h\n'}
[1.071562] (px4_msgs) StdoutLine: {'line': b'-- Up-to-date: /home/px4/ros2/ws/install/px4_msgs/include/px4_msgs/px4_msgs/msg/vehicle_constraints.h\n'}
[1.071642] (px4_msgs) StdoutLine: {'line': b'-- Up-to-date: /home/px4/ros2/ws/install/px4_msgs/include/px4_msgs/px4_msgs/msg/camera_status.h\n'}
[1.071709] (px4_msgs) StdoutLine: {'line': b'-- Up-to-date: /home/px4/ros2/ws/install/px4_msgs/include/px4_msgs/px4_msgs/msg/gimbal_manager_set_attitude.h\n'}
[1.071773] (px4_msgs) StdoutLine: {'line': b'-- Up-to-date: /home/px4/ros2/ws/install/px4_msgs/include/px4_msgs/px4_msgs/msg/fuel_tank_status.h\n'}
[1.071851] (px4_msgs) StdoutLine: {'line': b'-- Up-to-date: /home/px4/ros2/ws/install/px4_msgs/include/px4_msgs/px4_msgs/msg/estimator_bias.h\n'}
[1.071911] (px4_msgs) StdoutLine: {'line': b'-- Up-to-date: /home/px4/ros2/ws/install/px4_msgs/include/px4_msgs/px4_msgs/msg/goto_setpoint.h\n'}
[1.071993] (px4_msgs) StdoutLine: {'line': b'-- Up-to-date: /home/px4/ros2/ws/install/px4_msgs/include/px4_msgs/px4_msgs/msg/wind.h\n'}
[1.072070] (px4_msgs) StdoutLine: {'line': b'-- Up-to-date: /home/px4/ros2/ws/install/px4_msgs/include/px4_msgs/px4_msgs/msg/satellite_info.h\n'}
[1.072147] (px4_msgs) StdoutLine: {'line': b'-- Up-to-date: /home/px4/ros2/ws/install/px4_msgs/include/px4_msgs/px4_msgs/msg/gpio_in.h\n'}
[1.072226] (px4_msgs) StdoutLine: {'line': b'-- Up-to-date: /home/px4/ros2/ws/install/px4_msgs/include/px4_msgs/px4_msgs/msg/navigator_status.h\n'}
[1.072308] (px4_msgs) StdoutLine: {'line': b'-- Up-to-date: /home/px4/ros2/ws/install/px4_msgs/include/px4_msgs/px4_msgs/msg/open_drone_id_arm_status.h\n'}
[1.072373] (px4_msgs) StdoutLine: {'line': b'-- Up-to-date: /home/px4/ros2/ws/install/px4_msgs/include/px4_msgs/px4_msgs/msg/position_controller_status.h\n'}
[1.072445] (px4_msgs) StdoutLine: {'line': b'-- Up-to-date: /home/px4/ros2/ws/install/px4_msgs/include/px4_msgs/px4_msgs/msg/mag_worker_data.h\n'}
[1.072504] (px4_msgs) StdoutLine: {'line': b'-- Up-to-date: /home/px4/ros2/ws/install/px4_msgs/include/px4_msgs/px4_msgs/msg/camera_trigger.h\n'}
[1.072576] (px4_msgs) StdoutLine: {'line': b'-- Up-to-date: /home/px4/ros2/ws/install/px4_msgs/include/px4_msgs/px4_msgs/msg/power_monitor.h\n'}
[1.072643] (px4_msgs) StdoutLine: {'line': b'-- Up-to-date: /home/px4/ros2/ws/install/px4_msgs/include/px4_msgs/px4_msgs/msg/sensors_status.h\n'}
[1.072701] (px4_msgs) StdoutLine: {'line': b'-- Up-to-date: /home/px4/ros2/ws/install/px4_msgs/include/px4_msgs/px4_msgs/msg/trajectory_setpoint.h\n'}
[1.072787] (px4_msgs) StdoutLine: {'line': b'-- Up-to-date: /home/px4/ros2/ws/install/px4_msgs/include/px4_msgs/px4_msgs/msg/internal_combustion_engine_status.h\n'}
[1.072859] (px4_msgs) StdoutLine: {'line': b'-- Up-to-date: /home/px4/ros2/ws/install/px4_msgs/include/px4_msgs/px4_msgs/msg/vehicle_roi.h\n'}
[1.072934] (px4_msgs) StdoutLine: {'line': b'-- Up-to-date: /home/px4/ros2/ws/install/px4_msgs/include/px4_msgs/px4_msgs/msg/ekf2_timestamps.h\n'}
[1.073006] (px4_msgs) StdoutLine: {'line': b'-- Up-to-date: /home/px4/ros2/ws/install/px4_msgs/include/px4_msgs/px4_msgs/msg/ulog_stream.h\n'}
[1.073103] (px4_msgs) StdoutLine: {'line': b'-- Up-to-date: /home/px4/ros2/ws/install/px4_msgs/include/px4_msgs/px4_msgs/msg/vehicle_land_detected.h\n'}
[1.073185] (px4_msgs) StdoutLine: {'line': b'-- Up-to-date: /home/px4/ros2/ws/install/px4_msgs/include/px4_msgs/px4_msgs/msg/position_controller_landing_status.h\n'}
[1.073247] (px4_msgs) StdoutLine: {'line': b'-- Up-to-date: /home/px4/ros2/ws/install/px4_msgs/include/px4_msgs/px4_msgs/msg/sensor_preflight_mag.h\n'}
[1.073327] (px4_msgs) StdoutLine: {'line': b'-- Up-to-date: /home/px4/ros2/ws/install/px4_msgs/include/px4_msgs/px4_msgs/msg/vehicle_acceleration.h\n'}
[1.073394] (px4_msgs) StdoutLine: {'line': b'-- Up-to-date: /home/px4/ros2/ws/install/px4_msgs/include/px4_msgs/px4_msgs/msg/follow_target_status.h\n'}
[1.073451] (px4_msgs) StdoutLine: {'line': b'-- Up-to-date: /home/px4/ros2/ws/install/px4_msgs/include/px4_msgs/px4_msgs/msg/debug_value.h\n'}
[1.073510] (px4_msgs) StdoutLine: {'line': b'-- Up-to-date: /home/px4/ros2/ws/install/px4_msgs/include/px4_msgs/px4_msgs/msg/power_button_state.h\n'}
[1.073592] (px4_msgs) StdoutLine: {'line': b'-- Up-to-date: /home/px4/ros2/ws/install/px4_msgs/include/px4_msgs/px4_msgs/msg/sensor_airflow.h\n'}
[1.073664] (px4_msgs) StdoutLine: {'line': b'-- Up-to-date: /home/px4/ros2/ws/install/px4_msgs/include/px4_msgs/px4_msgs/msg/actuator_outputs.h\n'}
[1.073732] (px4_msgs) StdoutLine: {'line': b'-- Up-to-date: /home/px4/ros2/ws/install/px4_msgs/include/px4_msgs/px4_msgs/msg/telemetry_status.h\n'}
[1.073814] (px4_msgs) StdoutLine: {'line': b'-- Up-to-date: /home/px4/ros2/ws/install/px4_msgs/include/px4_msgs/px4_msgs/msg/neural_control.h\n'}
[1.073887] (px4_msgs) StdoutLine: {'line': b'-- Up-to-date: /home/px4/ros2/ws/install/px4_msgs/include/px4_msgs/px4_msgs/msg/arming_check_request.h\n'}
[1.073953] (px4_msgs) StdoutLine: {'line': b'-- Up-to-date: /home/px4/ros2/ws/install/px4_msgs/include/px4_msgs/px4_msgs/msg/system_power.h\n'}
[1.074015] (px4_msgs) StdoutLine: {'line': b'-- Up-to-date: /home/px4/ros2/ws/install/px4_msgs/include/px4_msgs/px4_msgs/msg/sensors_status_imu.h\n'}
[1.074083] (px4_msgs) StdoutLine: {'line': b'-- Up-to-date: /home/px4/ros2/ws/install/px4_msgs/include/px4_msgs/px4_msgs/msg/estimator_bias3d.h\n'}
[1.074157] (px4_msgs) StdoutLine: {'line': b'-- Up-to-date: /home/px4/ros2/ws/install/px4_msgs/include/px4_msgs/px4_msgs/msg/lateral_control_configuration.h\n'}
[1.074251] (px4_msgs) StdoutLine: {'line': b'-- Up-to-date: /home/px4/ros2/ws/install/px4_msgs/include/px4_msgs/px4_msgs/msg/autotune_attitude_control_status.h\n'}
[1.074312] (px4_msgs) StdoutLine: {'line': b'-- Up-to-date: /home/px4/ros2/ws/install/px4_msgs/include/px4_msgs/px4_msgs/msg/qshell_req.h\n'}
[1.074387] (px4_msgs) StdoutLine: {'line': b'-- Up-to-date: /home/px4/ros2/ws/install/px4_msgs/include/px4_msgs/px4_msgs/msg/sensor_uwb.h\n'}
[1.074455] (px4_msgs) StdoutLine: {'line': b'-- Up-to-date: /home/px4/ros2/ws/install/px4_msgs/include/px4_msgs/px4_msgs/msg/rc_channels.h\n'}
[1.074513] (px4_msgs) StdoutLine: {'line': b'-- Up-to-date: /home/px4/ros2/ws/install/px4_msgs/include/px4_msgs/px4_msgs/msg/vehicle_imu.h\n'}
[1.074613] (px4_msgs) StdoutLine: {'line': b'-- Up-to-date: /home/px4/ros2/ws/install/px4_msgs/include/px4_msgs/px4_msgs/msg/distance_sensor_mode_change_request.h\n'}
[1.074679] (px4_msgs) StdoutLine: {'line': b'-- Up-to-date: /home/px4/ros2/ws/install/px4_msgs/include/px4_msgs/px4_msgs/msg/gimbal_device_attitude_status.h\n'}
[1.074755] (px4_msgs) StdoutLine: {'line': b'-- Up-to-date: /home/px4/ros2/ws/install/px4_msgs/include/px4_msgs/px4_msgs/msg/pps_capture.h\n'}
[1.074830] (px4_msgs) StdoutLine: {'line': b'-- Up-to-date: /home/px4/ros2/ws/install/px4_msgs/include/px4_msgs/px4_msgs/msg/message_format_request.h\n'}
[1.074928] (px4_msgs) StdoutLine: {'line': b'-- Up-to-date: /home/px4/ros2/ws/install/px4_msgs/include/px4_msgs/px4_msgs/msg/unregister_ext_component.h\n'}
[1.075000] (px4_msgs) StdoutLine: {'line': b'-- Up-to-date: /home/px4/ros2/ws/install/px4_msgs/include/px4_msgs/px4_msgs/msg/magnetometer_bias_estimate.h\n'}
[1.075063] (px4_msgs) StdoutLine: {'line': b'-- Up-to-date: /home/px4/ros2/ws/install/px4_msgs/include/px4_msgs/px4_msgs/msg/rtl_time_estimate.h\n'}
[1.075131] (px4_msgs) StdoutLine: {'line': b'-- Up-to-date: /home/px4/ros2/ws/install/px4_msgs/include/px4_msgs/px4_msgs/msg/gpio_config.h\n'}
[1.075194] (px4_msgs) StdoutLine: {'line': b'-- Up-to-date: /home/px4/ros2/ws/install/px4_msgs/include/px4_msgs/px4_msgs/msg/estimator_innovations.h\n'}
[1.075258] (px4_msgs) StdoutLine: {'line': b'-- Up-to-date: /home/px4/ros2/ws/install/px4_msgs/include/px4_msgs/px4_msgs/msg/wheel_encoders.h\n'}
[1.075329] (px4_msgs) StdoutLine: {'line': b'-- Up-to-date: /home/px4/ros2/ws/install/px4_msgs/include/px4_msgs/px4_msgs/msg/obstacle_distance.h\n'}
[1.075389] (px4_msgs) StdoutLine: {'line': b'-- Up-to-date: /home/px4/ros2/ws/install/px4_msgs/include/px4_msgs/px4_msgs/msg/gps_dump.h\n'}
[1.075471] (px4_msgs) StdoutLine: {'line': b'-- Up-to-date: /home/px4/ros2/ws/install/px4_msgs/include/px4_msgs/px4_msgs/msg/rpm.h\n'}
[1.075535] (px4_msgs) StdoutLine: {'line': b'-- Up-to-date: /home/px4/ros2/ws/install/px4_msgs/include/px4_msgs/px4_msgs/msg/rosidl_generator_c__visibility_control.h\n'}
[1.075599] (px4_msgs) StdoutLine: {'line': b'-- Up-to-date: /home/px4/ros2/ws/install/px4_msgs/include/px4_msgs/px4_msgs/msg/uavcan_parameter_request.h\n'}
[1.075648] (px4_msgs) StdoutLine: {'line': b'-- Up-to-date: /home/px4/ros2/ws/install/px4_msgs/include/px4_msgs/px4_msgs/msg/sensor_selection.h\n'}
[1.075728] (px4_msgs) StdoutLine: {'line': b'-- Up-to-date: /home/px4/ros2/ws/install/px4_msgs/include/px4_msgs/px4_msgs/msg/internal_combustion_engine_control.h\n'}
[1.075799] (px4_msgs) StdoutLine: {'line': b'-- Up-to-date: /home/px4/ros2/ws/install/px4_msgs/include/px4_msgs/px4_msgs/msg/mode_completed.h\n'}
[1.075869] (px4_msgs) StdoutLine: {'line': b'-- Up-to-date: /home/px4/ros2/ws/install/px4_msgs/include/px4_msgs/px4_msgs/msg/actuator_test.h\n'}
[1.075954] (px4_msgs) StdoutLine: {'line': b'-- Up-to-date: /home/px4/ros2/ws/install/px4_msgs/include/px4_msgs/px4_msgs/msg/sensor_gnss_relative.h\n'}
[1.076017] (px4_msgs) StdoutLine: {'line': b'-- Up-to-date: /home/px4/ros2/ws/install/px4_msgs/include/px4_msgs/px4_msgs/msg/launch_detection_status.h\n'}
[1.076084] (px4_msgs) StdoutLine: {'line': b'-- Up-to-date: /home/px4/ros2/ws/install/px4_msgs/include/px4_msgs/px4_msgs/msg/estimator_aid_source3d.h\n'}
[1.076145] (px4_msgs) StdoutLine: {'line': b'-- Up-to-date: /home/px4/ros2/ws/install/px4_msgs/include/px4_msgs/px4_msgs/msg/manual_control_setpoint.h\n'}
[1.076230] (px4_msgs) StdoutLine: {'line': b'-- Up-to-date: /home/px4/ros2/ws/install/px4_msgs/include/px4_msgs/px4_msgs/msg/fixed_wing_lateral_setpoint.h\n'}
[1.076293] (px4_msgs) StdoutLine: {'line': b'-- Up-to-date: /home/px4/ros2/ws/install/px4_msgs/include/px4_msgs/px4_msgs/msg/follow_target.h\n'}
[1.076368] (px4_msgs) StdoutLine: {'line': b'-- Up-to-date: /home/px4/ros2/ws/install/px4_msgs/include/px4_msgs/px4_msgs/msg/vehicle_air_data.h\n'}
[1.076438] (px4_msgs) StdoutLine: {'line': b'-- Up-to-date: /home/px4/ros2/ws/install/px4_msgs/include/px4_msgs/px4_msgs/msg/message_format_response.h\n'}
[1.076516] (px4_msgs) StdoutLine: {'line': b'-- Up-to-date: /home/px4/ros2/ws/install/px4_msgs/include/px4_msgs/px4_msgs/msg/gimbal_manager_status.h\n'}
[1.076600] (px4_msgs) StdoutLine: {'line': b'-- Up-to-date: /home/px4/ros2/ws/install/px4_msgs/include/px4_msgs/px4_msgs/msg/hover_thrust_estimate.h\n'}
[1.076659] (px4_msgs) StdoutLine: {'line': b'-- Up-to-date: /home/px4/ros2/ws/install/px4_msgs/include/px4_msgs/px4_msgs/msg/open_drone_id_system.h\n'}
[1.076718] (px4_msgs) StdoutLine: {'line': b'-- Up-to-date: /home/px4/ros2/ws/install/px4_msgs/include/px4_msgs/px4_msgs/msg/esc_report.h\n'}
[1.076818] (px4_msgs) StdoutLine: {'line': b'-- Up-to-date: /home/px4/ros2/ws/install/px4_msgs/include/px4_msgs/px4_msgs/msg/fixed_wing_longitudinal_setpoint.h\n'}
[1.076881] (px4_msgs) StdoutLine: {'line': b'-- Up-to-date: /home/px4/ros2/ws/install/px4_msgs/include/px4_msgs/px4_msgs/msg/actuator_controls_status.h\n'}
[1.076954] (px4_msgs) StdoutLine: {'line': b'-- Up-to-date: /home/px4/ros2/ws/install/px4_msgs/include/px4_msgs/px4_msgs/msg/longitudinal_control_configuration.h\n'}
[1.077019] (px4_msgs) StdoutLine: {'line': b'-- Up-to-date: /home/px4/ros2/ws/install/px4_msgs/include/px4_msgs/px4_msgs/msg/orb_test_large.h\n'}
[1.077080] (px4_msgs) StdoutLine: {'line': b'-- Up-to-date: /home/px4/ros2/ws/install/px4_msgs/include/px4_msgs/px4_msgs/msg/landing_target_pose.h\n'}
[1.077164] (px4_msgs) StdoutLine: {'line': b'-- Up-to-date: /home/px4/ros2/ws/install/px4_msgs/include/px4_msgs/px4_msgs/msg/sensor_hygrometer.h\n'}
[1.077236] (px4_msgs) StdoutLine: {'line': b'-- Up-to-date: /home/px4/ros2/ws/install/px4_msgs/include/px4_msgs/px4_msgs/msg/estimator_states.h\n'}
[1.077302] (px4_msgs) StdoutLine: {'line': b'-- Up-to-date: /home/px4/ros2/ws/install/px4_msgs/include/px4_msgs/px4_msgs/msg/estimator_gps_status.h\n'}
[1.077366] (px4_msgs) StdoutLine: {'line': b'-- Up-to-date: /home/px4/ros2/ws/install/px4_msgs/include/px4_msgs/px4_msgs/msg/dronecan_node_status.h\n'}
[1.077446] (px4_msgs) StdoutLine: {'line': b'-- Up-to-date: /home/px4/ros2/ws/install/px4_msgs/include/px4_msgs/px4_msgs/msg/iridiumsbd_status.h\n'}
[1.077510] (px4_msgs) StdoutLine: {'line': b'-- Up-to-date: /home/px4/ros2/ws/install/px4_msgs/include/px4_msgs/px4_msgs/msg/cpuload.h\n'}
[1.077574] (px4_msgs) StdoutLine: {'line': b'-- Up-to-date: /home/px4/ros2/ws/install/px4_msgs/include/px4_msgs/px4_msgs/msg/tiltrotor_extra_controls.h\n'}
[1.077641] (px4_msgs) StdoutLine: {'line': b'-- Up-to-date: /home/px4/ros2/ws/install/px4_msgs/include/px4_msgs/px4_msgs/msg/fixed_wing_lateral_status.h\n'}
[1.077708] (px4_msgs) StdoutLine: {'line': b'-- Up-to-date: /home/px4/ros2/ws/install/px4_msgs/include/px4_msgs/px4_msgs/msg/trajectory_setpoint6dof.h\n'}
[1.077774] (px4_msgs) StdoutLine: {'line': b'-- Up-to-date: /home/px4/ros2/ws/install/px4_msgs/include/px4_msgs/px4_msgs/msg/normalized_unsigned_setpoint.h\n'}
[1.077858] (px4_msgs) StdoutLine: {'line': b'-- Up-to-date: /home/px4/ros2/ws/install/px4_msgs/include/px4_msgs/px4_msgs/msg/estimator_status_flags.h\n'}
[1.077921] (px4_msgs) StdoutLine: {'line': b'-- Up-to-date: /home/px4/ros2/ws/install/px4_msgs/include/px4_msgs/px4_msgs/msg/sensor_optical_flow.h\n'}
[1.077980] (px4_msgs) StdoutLine: {'line': b'-- Up-to-date: /home/px4/ros2/ws/install/px4_msgs/include/px4_msgs/px4_msgs/msg/yaw_estimator_status.h\n'}
[1.078067] (px4_msgs) StdoutLine: {'line': b'-- Up-to-date: /home/px4/ros2/ws/install/px4_msgs/include/px4_msgs/px4_msgs/msg/home_position.h\n'}
[1.078155] (px4_msgs) StdoutLine: {'line': b'-- Up-to-date: /home/px4/ros2/ws/install/px4_msgs/include/px4_msgs/px4_msgs/msg/rover_throttle_setpoint.h\n'}
[1.078233] (px4_msgs) StdoutLine: {'line': b'-- Up-to-date: /home/px4/ros2/ws/install/px4_msgs/include/px4_msgs/px4_msgs/msg/fixed_wing_runway_control.h\n'}
[1.078298] (px4_msgs) StdoutLine: {'line': b'-- Up-to-date: /home/px4/ros2/ws/install/px4_msgs/include/px4_msgs/px4_msgs/msg/vehicle_odometry.h\n'}
[1.078377] (px4_msgs) StdoutLine: {'line': b'-- Up-to-date: /home/px4/ros2/ws/install/px4_msgs/include/px4_msgs/px4_msgs/msg/sensor_gyro_fft.h\n'}
[1.078441] (px4_msgs) StdoutLine: {'line': b'-- Up-to-date: /home/px4/ros2/ws/install/px4_msgs/include/px4_msgs/px4_msgs/msg/parameter_reset_request.h\n'}
[1.078512] (px4_msgs) StdoutLine: {'line': b'-- Up-to-date: /home/px4/ros2/ws/install/px4_msgs/include/px4_msgs/px4_msgs/msg/rover_position_setpoint.h\n'}
[1.078576] (px4_msgs) StdoutLine: {'line': b'-- Up-to-date: /home/px4/ros2/ws/install/px4_msgs/include/px4_msgs/px4_msgs/msg/geofence_result.h\n'}
[1.078635] (px4_msgs) StdoutLine: {'line': b'-- Up-to-date: /home/px4/ros2/ws/install/px4_msgs/include/px4_msgs/px4_msgs/msg/airspeed_validated.h\n'}
[1.078872] (px4_msgs) StdoutLine: {'line': b'-- Up-to-date: /home/px4/ros2/ws/install/px4_msgs/include/px4_msgs/px4_msgs/msg/vehicle_control_mode.h\n'}
[1.078939] (px4_msgs) StdoutLine: {'line': b'-- Up-to-date: /home/px4/ros2/ws/install/px4_msgs/include/px4_msgs/px4_msgs/msg/position_setpoint.h\n'}
[1.079038] (px4_msgs) StdoutLine: {'line': b'-- Up-to-date: /home/px4/ros2/ws/install/px4_msgs/include/px4_msgs/px4_msgs/msg/arming_check_reply.h\n'}
[1.079104] (px4_msgs) StdoutLine: {'line': b'-- Up-to-date: /home/px4/ros2/ws/install/px4_msgs/include/px4_msgs/px4_msgs/msg/esc_status.h\n'}
[1.079167] (px4_msgs) StdoutLine: {'line': b'-- Up-to-date: /home/px4/ros2/ws/install/px4_msgs/include/px4_msgs/px4_msgs/msg/rtl_status.h\n'}
[1.079246] (px4_msgs) StdoutLine: {'line': b'-- Up-to-date: /home/px4/ros2/ws/install/px4_msgs/include/px4_msgs/px4_msgs/msg/vehicle_global_position.h\n'}
[1.079308] (px4_msgs) StdoutLine: {'line': b'-- Up-to-date: /home/px4/ros2/ws/install/px4_msgs/include/px4_msgs/px4_msgs/msg/dataman_response.h\n'}
[1.079387] (px4_msgs) StdoutLine: {'line': b'-- Up-to-date: /home/px4/ros2/ws/install/px4_msgs/include/px4_msgs/px4_msgs/msg/rover_velocity_status.h\n'}
[1.079450] (px4_msgs) StdoutLine: {'line': b'-- Up-to-date: /home/px4/ros2/ws/install/px4_msgs/include/px4_msgs/px4_msgs/msg/failure_detector_status.h\n'}
[1.079528] (px4_msgs) StdoutLine: {'line': b'-- Up-to-date: /home/px4/ros2/ws/install/px4_msgs/include/px4_msgs/px4_msgs/msg/fixed_wing_lateral_guidance_status.h\n'}
[1.079587] (px4_msgs) StdoutLine: {'line': b'-- Up-to-date: /home/px4/ros2/ws/install/px4_msgs/include/px4_msgs/px4_msgs/msg/mission_result.h\n'}
[1.079637] (px4_msgs) StdoutLine: {'line': b'-- Up-to-date: /home/px4/ros2/ws/install/px4_msgs/include/px4_msgs/px4_msgs/msg/orbit_status.h\n'}
[1.079716] (px4_msgs) StdoutLine: {'line': b'-- Up-to-date: /home/px4/ros2/ws/install/px4_msgs/include/px4_msgs/px4_msgs/msg/mission.h\n'}
[1.079787] (px4_msgs) StdoutLine: {'line': b'-- Up-to-date: /home/px4/ros2/ws/install/px4_msgs/include/px4_msgs/px4_msgs/msg/control_allocator_status.h\n'}
[1.079856] (px4_msgs) StdoutLine: {'line': b'-- Up-to-date: /home/px4/ros2/ws/install/px4_msgs/include/px4_msgs/px4_msgs/msg/velocity_limits.h\n'}
[1.079938] (px4_msgs) StdoutLine: {'line': b'-- Up-to-date: /home/px4/ros2/ws/install/px4_msgs/include/px4_msgs/px4_msgs/msg/register_ext_component_reply.h\n'}
[1.080003] (px4_msgs) StdoutLine: {'line': b'-- Up-to-date: /home/px4/ros2/ws/install/px4_msgs/include/px4_msgs/px4_msgs/msg/vehicle_local_position_setpoint.h\n'}
[1.080080] (px4_msgs) StdoutLine: {'line': b'-- Up-to-date: /home/px4/ros2/ws/install/px4_msgs/include/px4_msgs/px4_msgs/msg/rover_rate_status.h\n'}
[1.080158] (px4_msgs) StdoutLine: {'line': b'-- Up-to-date: /home/px4/ros2/ws/install/px4_msgs/include/px4_msgs/px4_msgs/msg/rover_steering_setpoint.h\n'}
[1.080237] (px4_msgs) StdoutLine: {'line': b'-- Up-to-date: /home/px4/ros2/ws/install/px4_msgs/include/px4_msgs/px4_msgs/msg/vehicle_torque_setpoint.h\n'}
[1.080287] (px4_msgs) StdoutLine: {'line': b'-- Up-to-date: /home/px4/ros2/ws/install/px4_msgs/include/px4_msgs/px4_msgs/msg/navigator_mission_item.h\n'}
[1.080362] (px4_msgs) StdoutLine: {'line': b'-- Up-to-date: /home/px4/ros2/ws/install/px4_msgs/include/px4_msgs/px4_msgs/msg/sensor_gyro.h\n'}
[1.080423] (px4_msgs) StdoutLine: {'line': b'-- Up-to-date: /home/px4/ros2/ws/install/px4_msgs/include/px4_msgs/px4_msgs/msg/differential_pressure.h\n'}
[1.080499] (px4_msgs) StdoutLine: {'line': b'-- Up-to-date: /home/px4/ros2/ws/install/px4_msgs/include/px4_msgs/px4_msgs/msg/flight_phase_estimation.h\n'}
[1.080574] (px4_msgs) StdoutLine: {'line': b'-- Up-to-date: /home/px4/ros2/ws/install/px4_msgs/include/px4_msgs/px4_msgs/msg/sensor_accel.h\n'}
[1.080638] (px4_msgs) StdoutLine: {'line': b'-- Up-to-date: /home/px4/ros2/ws/install/px4_msgs/include/px4_msgs/px4_msgs/msg/heater_status.h\n'}
[1.080700] (px4_msgs) StdoutLine: {'line': b'-- Up-to-date: /home/px4/ros2/ws/install/px4_msgs/include/px4_msgs/px4_msgs/msg/vtol_vehicle_status.h\n'}
[1.080791] (px4_msgs) StdoutLine: {'line': b'-- Up-to-date: /home/px4/ros2/ws/install/px4_msgs/include/px4_msgs/px4_msgs/msg/open_drone_id_self_id.h\n'}
[1.080855] (px4_msgs) StdoutLine: {'line': b'-- Up-to-date: /home/px4/ros2/ws/install/px4_msgs/include/px4_msgs/px4_msgs/msg/gpio_out.h\n'}
[1.080925] (px4_msgs) StdoutLine: {'line': b'-- Up-to-date: /home/px4/ros2/ws/install/px4_msgs/include/px4_msgs/px4_msgs/msg/logger_status.h\n'}
[1.080992] (px4_msgs) StdoutLine: {'line': b'-- Up-to-date: /home/px4/ros2/ws/install/px4_msgs/include/px4_msgs/px4_msgs/msg/vehicle_angular_velocity.h\n'}
[1.081059] (px4_msgs) StdoutLine: {'line': b'-- Up-to-date: /home/px4/ros2/ws/install/px4_msgs/include/px4_msgs/px4_msgs/msg/gimbal_device_information.h\n'}
[1.081133] (px4_msgs) StdoutLine: {'line': b'-- Up-to-date: /home/px4/ros2/ws/install/px4_msgs/include/px4_msgs/px4_msgs/msg/vehicle_local_position.h\n'}
[1.081212] (px4_msgs) StdoutLine: {'line': b'-- Up-to-date: /home/px4/ros2/ws/install/px4_msgs/include/px4_msgs/px4_msgs/msg/action_request.h\n'}
[1.081270] (px4_msgs) StdoutLine: {'line': b'-- Up-to-date: /home/px4/ros2/ws/install/px4_msgs/include/px4_msgs/px4_msgs/msg/takeoff_status.h\n'}
[1.081346] (px4_msgs) StdoutLine: {'line': b'-- Up-to-date: /home/px4/ros2/ws/install/px4_msgs/include/px4_msgs/px4_msgs/srv\n'}
[1.081413] (px4_msgs) StdoutLine: {'line': b'-- Up-to-date: /home/px4/ros2/ws/install/px4_msgs/include/px4_msgs/px4_msgs/srv/detail\n'}
[1.081485] (px4_msgs) StdoutLine: {'line': b'-- Up-to-date: /home/px4/ros2/ws/install/px4_msgs/include/px4_msgs/px4_msgs/srv/detail/vehicle_command__struct.h\n'}
[1.081549] (px4_msgs) StdoutLine: {'line': b'-- Up-to-date: /home/px4/ros2/ws/install/px4_msgs/include/px4_msgs/px4_msgs/srv/detail/vehicle_command__type_support.h\n'}
[1.081616] (px4_msgs) StdoutLine: {'line': b'-- Up-to-date: /home/px4/ros2/ws/install/px4_msgs/include/px4_msgs/px4_msgs/srv/detail/vehicle_command__functions.c\n'}
[1.081695] (px4_msgs) StdoutLine: {'line': b'-- Up-to-date: /home/px4/ros2/ws/install/px4_msgs/include/px4_msgs/px4_msgs/srv/detail/vehicle_command__functions.h\n'}
[1.081767] (px4_msgs) StdoutLine: {'line': b'-- Up-to-date: /home/px4/ros2/ws/install/px4_msgs/include/px4_msgs/px4_msgs/srv/vehicle_command.h\n'}
[1.081836] (px4_msgs) StdoutLine: {'line': b'-- Up-to-date: /home/px4/ros2/ws/install/px4_msgs/share/px4_msgs/environment/library_path.sh\n'}
[1.081917] (px4_msgs) StdoutLine: {'line': b'-- Up-to-date: /home/px4/ros2/ws/install/px4_msgs/share/px4_msgs/environment/library_path.dsv\n'}
[1.081975] (px4_msgs) StdoutLine: {'line': b'-- Up-to-date: /home/px4/ros2/ws/install/px4_msgs/lib/libpx4_msgs__rosidl_generator_c.so\n'}
[1.082084] (px4_msgs) StdoutLine: {'line': b'-- Up-to-date: /home/px4/ros2/ws/install/px4_msgs/include/px4_msgs/px4_msgs\n'}
[1.082143] (px4_msgs) StdoutLine: {'line': b'-- Up-to-date: /home/px4/ros2/ws/install/px4_msgs/include/px4_msgs/px4_msgs/msg\n'}
[1.082219] (px4_msgs) StdoutLine: {'line': b'-- Up-to-date: /home/px4/ros2/ws/install/px4_msgs/include/px4_msgs/px4_msgs/msg/detail\n'}
[1.082297] (px4_msgs) StdoutLine: {'line': b'-- Up-to-date: /home/px4/ros2/ws/install/px4_msgs/include/px4_msgs/px4_msgs/msg/detail/vehicle_magnetometer__rosidl_typesupport_fastrtps_c.h\n'}
[1.082370] (px4_msgs) StdoutLine: {'line': b'-- Up-to-date: /home/px4/ros2/ws/install/px4_msgs/include/px4_msgs/px4_msgs/msg/detail/vehicle_torque_setpoint__rosidl_typesupport_fastrtps_c.h\n'}
[1.082443] (px4_msgs) StdoutLine: {'line': b'-- Up-to-date: /home/px4/ros2/ws/install/px4_msgs/include/px4_msgs/px4_msgs/msg/detail/landing_gear_wheel__rosidl_typesupport_fastrtps_c.h\n'}
[1.082511] (px4_msgs) StdoutLine: {'line': b'-- Up-to-date: /home/px4/ros2/ws/install/px4_msgs/include/px4_msgs/px4_msgs/msg/detail/vehicle_acceleration__rosidl_typesupport_fastrtps_c.h\n'}
[1.082573] (px4_msgs) StdoutLine: {'line': b'-- Up-to-date: /home/px4/ros2/ws/install/px4_msgs/include/px4_msgs/px4_msgs/msg/detail/vehicle_attitude_setpoint__rosidl_typesupport_fastrtps_c.h\n'}
[1.082647] (px4_msgs) StdoutLine: {'line': b'-- Up-to-date: /home/px4/ros2/ws/install/px4_msgs/include/px4_msgs/px4_msgs/msg/detail/arming_check_request__rosidl_typesupport_fastrtps_c.h\n'}
[1.082712] (px4_msgs) StdoutLine: {'line': b'-- Up-to-date: /home/px4/ros2/ws/install/px4_msgs/include/px4_msgs/px4_msgs/msg/detail/mode_completed__rosidl_typesupport_fastrtps_c.h\n'}
[1.082799] (px4_msgs) StdoutLine: {'line': b'-- Up-to-date: /home/px4/ros2/ws/install/px4_msgs/include/px4_msgs/px4_msgs/msg/detail/pure_pursuit_status__rosidl_typesupport_fastrtps_c.h\n'}
[1.082867] (px4_msgs) StdoutLine: {'line': b'-- Up-to-date: /home/px4/ros2/ws/install/px4_msgs/include/px4_msgs/px4_msgs/msg/detail/led_control__rosidl_typesupport_fastrtps_c.h\n'}
[1.082949] (px4_msgs) StdoutLine: {'line': b'-- Up-to-date: /home/px4/ros2/ws/install/px4_msgs/include/px4_msgs/px4_msgs/msg/detail/sensor_gyro_fft__rosidl_typesupport_fastrtps_c.h\n'}
[1.083014] (px4_msgs) StdoutLine: {'line': b'-- Up-to-date: /home/px4/ros2/ws/install/px4_msgs/include/px4_msgs/px4_msgs/msg/detail/ulog_stream__rosidl_typesupport_fastrtps_c.h\n'}
[1.083099] (px4_msgs) StdoutLine: {'line': b'-- Up-to-date: /home/px4/ros2/ws/install/px4_msgs/include/px4_msgs/px4_msgs/msg/detail/camera_trigger__rosidl_typesupport_fastrtps_c.h\n'}
[1.083165] (px4_msgs) StdoutLine: {'line': b'-- Up-to-date: /home/px4/ros2/ws/install/px4_msgs/include/px4_msgs/px4_msgs/msg/detail/unregister_ext_component__rosidl_typesupport_fastrtps_c.h\n'}
[1.083236] (px4_msgs) StdoutLine: {'line': b'-- Up-to-date: /home/px4/ros2/ws/install/px4_msgs/include/px4_msgs/px4_msgs/msg/detail/mount_orientation__rosidl_typesupport_fastrtps_c.h\n'}
[1.083310] (px4_msgs) StdoutLine: {'line': b'-- Up-to-date: /home/px4/ros2/ws/install/px4_msgs/include/px4_msgs/px4_msgs/msg/detail/wheel_encoders__rosidl_typesupport_fastrtps_c.h\n'}
[1.083380] (px4_msgs) StdoutLine: {'line': b'-- Up-to-date: /home/px4/ros2/ws/install/px4_msgs/include/px4_msgs/px4_msgs/msg/detail/action_request__rosidl_typesupport_fastrtps_c.h\n'}
[1.083461] (px4_msgs) StdoutLine: {'line': b'-- Up-to-date: /home/px4/ros2/ws/install/px4_msgs/include/px4_msgs/px4_msgs/msg/detail/failsafe_flags__rosidl_typesupport_fastrtps_c.h\n'}
[1.083511] (px4_msgs) StdoutLine: {'line': b'-- Up-to-date: /home/px4/ros2/ws/install/px4_msgs/include/px4_msgs/px4_msgs/msg/detail/gimbal_manager_set_manual_control__rosidl_typesupport_fastrtps_c.h\n'}
[1.083558] (px4_msgs) StdoutLine: {'line': b'-- Up-to-date: /home/px4/ros2/ws/install/px4_msgs/include/px4_msgs/px4_msgs/msg/detail/camera_capture__rosidl_typesupport_fastrtps_c.h\n'}
[1.083605] (px4_msgs) StdoutLine: {'line': b'-- Up-to-date: /home/px4/ros2/ws/install/px4_msgs/include/px4_msgs/px4_msgs/msg/detail/airspeed_wind__rosidl_typesupport_fastrtps_c.h\n'}
[1.083657] (px4_msgs) StdoutLine: {'line': b'-- Up-to-date: /home/px4/ros2/ws/install/px4_msgs/include/px4_msgs/px4_msgs/msg/detail/vehicle_thrust_setpoint__rosidl_typesupport_fastrtps_c.h\n'}
[1.083704] (px4_msgs) StdoutLine: {'line': b'-- Up-to-date: /home/px4/ros2/ws/install/px4_msgs/include/px4_msgs/px4_msgs/msg/detail/sensor_gyro__rosidl_typesupport_fastrtps_c.h\n'}
[1.083748] (px4_msgs) StdoutLine: {'line': b'-- Up-to-date: /home/px4/ros2/ws/install/px4_msgs/include/px4_msgs/px4_msgs/msg/detail/velocity_limits__rosidl_typesupport_fastrtps_c.h\n'}
[1.083824] (px4_msgs) StdoutLine: {'line': b'-- Up-to-date: /home/px4/ros2/ws/install/px4_msgs/include/px4_msgs/px4_msgs/msg/detail/gimbal_controls__rosidl_typesupport_fastrtps_c.h\n'}
[1.083880] (px4_msgs) StdoutLine: {'line': b'-- Up-to-date: /home/px4/ros2/ws/install/px4_msgs/include/px4_msgs/px4_msgs/msg/detail/open_drone_id_system__rosidl_typesupport_fastrtps_c.h\n'}
[1.083927] (px4_msgs) StdoutLine: {'line': b'-- Up-to-date: /home/px4/ros2/ws/install/px4_msgs/include/px4_msgs/px4_msgs/msg/detail/power_button_state__rosidl_typesupport_fastrtps_c.h\n'}
[1.083973] (px4_msgs) StdoutLine: {'line': b'-- Up-to-date: /home/px4/ros2/ws/install/px4_msgs/include/px4_msgs/px4_msgs/msg/detail/actuator_test__rosidl_typesupport_fastrtps_c.h\n'}
[1.084019] (px4_msgs) StdoutLine: {'line': b'-- Up-to-date: /home/px4/ros2/ws/install/px4_msgs/include/px4_msgs/px4_msgs/msg/detail/message_format_response__rosidl_typesupport_fastrtps_c.h\n'}
[1.084067] (px4_msgs) StdoutLine: {'line': b'-- Up-to-date: /home/px4/ros2/ws/install/px4_msgs/include/px4_msgs/px4_msgs/msg/detail/vehicle_status__rosidl_typesupport_fastrtps_c.h\n'}
[1.084115] (px4_msgs) StdoutLine: {'line': b'-- Up-to-date: /home/px4/ros2/ws/install/px4_msgs/include/px4_msgs/px4_msgs/msg/detail/vehicle_odometry__rosidl_typesupport_fastrtps_c.h\n'}
[1.084164] (px4_msgs) StdoutLine: {'line': b'-- Up-to-date: /home/px4/ros2/ws/install/px4_msgs/include/px4_msgs/px4_msgs/msg/detail/sensor_gyro_fifo__rosidl_typesupport_fastrtps_c.h\n'}
[1.084210] (px4_msgs) StdoutLine: {'line': b'-- Up-to-date: /home/px4/ros2/ws/install/px4_msgs/include/px4_msgs/px4_msgs/msg/detail/actuator_servos__rosidl_typesupport_fastrtps_c.h\n'}
[1.084260] (px4_msgs) StdoutLine: {'line': b'-- Up-to-date: /home/px4/ros2/ws/install/px4_msgs/include/px4_msgs/px4_msgs/msg/detail/onboard_computer_status__rosidl_typesupport_fastrtps_c.h\n'}
[1.084322] (px4_msgs) StdoutLine: {'line': b'-- Up-to-date: /home/px4/ros2/ws/install/px4_msgs/include/px4_msgs/px4_msgs/msg/detail/vehicle_constraints__rosidl_typesupport_fastrtps_c.h\n'}
[1.084370] (px4_msgs) StdoutLine: {'line': b'-- Up-to-date: /home/px4/ros2/ws/install/px4_msgs/include/px4_msgs/px4_msgs/msg/detail/distance_sensor__rosidl_typesupport_fastrtps_c.h\n'}
[1.084417] (px4_msgs) StdoutLine: {'line': b'-- Up-to-date: /home/px4/ros2/ws/install/px4_msgs/include/px4_msgs/px4_msgs/msg/detail/gimbal_manager_status__rosidl_typesupport_fastrtps_c.h\n'}
[1.084464] (px4_msgs) StdoutLine: {'line': b'-- Up-to-date: /home/px4/ros2/ws/install/px4_msgs/include/px4_msgs/px4_msgs/msg/detail/debug_array__rosidl_typesupport_fastrtps_c.h\n'}
[1.084511] (px4_msgs) StdoutLine: {'line': b'-- Up-to-date: /home/px4/ros2/ws/install/px4_msgs/include/px4_msgs/px4_msgs/msg/detail/tecs_status__rosidl_typesupport_fastrtps_c.h\n'}
[1.084557] (px4_msgs) StdoutLine: {'line': b'-- Up-to-date: /home/px4/ros2/ws/install/px4_msgs/include/px4_msgs/px4_msgs/msg/detail/estimator_aid_source2d__rosidl_typesupport_fastrtps_c.h\n'}
[1.084604] (px4_msgs) StdoutLine: {'line': b'-- Up-to-date: /home/px4/ros2/ws/install/px4_msgs/include/px4_msgs/px4_msgs/msg/detail/launch_detection_status__rosidl_typesupport_fastrtps_c.h\n'}
[1.084650] (px4_msgs) StdoutLine: {'line': b'-- Up-to-date: /home/px4/ros2/ws/install/px4_msgs/include/px4_msgs/px4_msgs/msg/detail/open_drone_id_operator_id__rosidl_typesupport_fastrtps_c.h\n'}
[1.084719] (px4_msgs) StdoutLine: {'line': b'-- Up-to-date: /home/px4/ros2/ws/install/px4_msgs/include/px4_msgs/px4_msgs/msg/detail/event__rosidl_typesupport_fastrtps_c.h\n'}
[1.084787] (px4_msgs) StdoutLine: {'line': b'-- Up-to-date: /home/px4/ros2/ws/install/px4_msgs/include/px4_msgs/px4_msgs/msg/detail/battery_info__rosidl_typesupport_fastrtps_c.h\n'}
[1.084859] (px4_msgs) StdoutLine: {'line': b'-- Up-to-date: /home/px4/ros2/ws/install/px4_msgs/include/px4_msgs/px4_msgs/msg/detail/normalized_unsigned_setpoint__rosidl_typesupport_fastrtps_c.h\n'}
[1.084917] (px4_msgs) StdoutLine: {'line': b'-- Up-to-date: /home/px4/ros2/ws/install/px4_msgs/include/px4_msgs/px4_msgs/msg/detail/qshell_req__rosidl_typesupport_fastrtps_c.h\n'}
[1.084965] (px4_msgs) StdoutLine: {'line': b'-- Up-to-date: /home/px4/ros2/ws/install/px4_msgs/include/px4_msgs/px4_msgs/msg/detail/position_controller_landing_status__rosidl_typesupport_fastrtps_c.h\n'}
[1.085012] (px4_msgs) StdoutLine: {'line': b'-- Up-to-date: /home/px4/ros2/ws/install/px4_msgs/include/px4_msgs/px4_msgs/msg/detail/internal_combustion_engine_control__rosidl_typesupport_fastrtps_c.h\n'}
[1.085059] (px4_msgs) StdoutLine: {'line': b'-- Up-to-date: /home/px4/ros2/ws/install/px4_msgs/include/px4_msgs/px4_msgs/msg/detail/iridiumsbd_status__rosidl_typesupport_fastrtps_c.h\n'}
[1.085146] (px4_msgs) StdoutLine: {'line': b'-- Up-to-date: /home/px4/ros2/ws/install/px4_msgs/include/px4_msgs/px4_msgs/msg/detail/rover_steering_setpoint__rosidl_typesupport_fastrtps_c.h\n'}
[1.085227] (px4_msgs) StdoutLine: {'line': b'-- Up-to-date: /home/px4/ros2/ws/install/px4_msgs/include/px4_msgs/px4_msgs/msg/detail/actuator_servos_trim__rosidl_typesupport_fastrtps_c.h\n'}
[1.085308] (px4_msgs) StdoutLine: {'line': b'-- Up-to-date: /home/px4/ros2/ws/install/px4_msgs/include/px4_msgs/px4_msgs/msg/detail/uavcan_parameter_request__rosidl_typesupport_fastrtps_c.h\n'}
[1.085380] (px4_msgs) StdoutLine: {'line': b'-- Up-to-date: /home/px4/ros2/ws/install/px4_msgs/include/px4_msgs/px4_msgs/msg/detail/sensor_accel__rosidl_typesupport_fastrtps_c.h\n'}
[1.085464] (px4_msgs) StdoutLine: {'line': b'-- Up-to-date: /home/px4/ros2/ws/install/px4_msgs/include/px4_msgs/px4_msgs/msg/detail/parameter_set_value_response__rosidl_typesupport_fastrtps_c.h\n'}
[1.085516] (px4_msgs) StdoutLine: {'line': b'-- Up-to-date: /home/px4/ros2/ws/install/px4_msgs/include/px4_msgs/px4_msgs/msg/detail/gimbal_device_attitude_status__rosidl_typesupport_fastrtps_c.h\n'}
[1.085564] (px4_msgs) StdoutLine: {'line': b'-- Up-to-date: /home/px4/ros2/ws/install/px4_msgs/include/px4_msgs/px4_msgs/msg/detail/config_overrides__rosidl_typesupport_fastrtps_c.h\n'}
[1.085613] (px4_msgs) StdoutLine: {'line': b'-- Up-to-date: /home/px4/ros2/ws/install/px4_msgs/include/px4_msgs/px4_msgs/msg/detail/sensor_selection__rosidl_typesupport_fastrtps_c.h\n'}
[1.085661] (px4_msgs) StdoutLine: {'line': b'-- Up-to-date: /home/px4/ros2/ws/install/px4_msgs/include/px4_msgs/px4_msgs/msg/detail/actuator_outputs__rosidl_typesupport_fastrtps_c.h\n'}
[1.085755] (px4_msgs) StdoutLine: {'line': b'-- Up-to-date: /home/px4/ros2/ws/install/px4_msgs/include/px4_msgs/px4_msgs/msg/detail/gimbal_device_set_attitude__rosidl_typesupport_fastrtps_c.h\n'}
[1.085845] (px4_msgs) StdoutLine: {'line': b'-- Up-to-date: /home/px4/ros2/ws/install/px4_msgs/include/px4_msgs/px4_msgs/msg/detail/dronecan_node_status__rosidl_typesupport_fastrtps_c.h\n'}
[1.085933] (px4_msgs) StdoutLine: {'line': b'-- Up-to-date: /home/px4/ros2/ws/install/px4_msgs/include/px4_msgs/px4_msgs/msg/detail/transponder_report__rosidl_typesupport_fastrtps_c.h\n'}
[1.086008] (px4_msgs) StdoutLine: {'line': b'-- Up-to-date: /home/px4/ros2/ws/install/px4_msgs/include/px4_msgs/px4_msgs/msg/detail/vehicle_command__rosidl_typesupport_fastrtps_c.h\n'}
[1.086085] (px4_msgs) StdoutLine: {'line': b'-- Up-to-date: /home/px4/ros2/ws/install/px4_msgs/include/px4_msgs/px4_msgs/msg/detail/vehicle_air_data__rosidl_typesupport_fastrtps_c.h\n'}
[1.086153] (px4_msgs) StdoutLine: {'line': b'-- Up-to-date: /home/px4/ros2/ws/install/px4_msgs/include/px4_msgs/px4_msgs/msg/detail/follow_target_status__rosidl_typesupport_fastrtps_c.h\n'}
[1.086241] (px4_msgs) StdoutLine: {'line': b'-- Up-to-date: /home/px4/ros2/ws/install/px4_msgs/include/px4_msgs/px4_msgs/msg/detail/radio_status__rosidl_typesupport_fastrtps_c.h\n'}
[1.086314] (px4_msgs) StdoutLine: {'line': b'-- Up-to-date: /home/px4/ros2/ws/install/px4_msgs/include/px4_msgs/px4_msgs/msg/detail/gimbal_device_information__rosidl_typesupport_fastrtps_c.h\n'}
[1.086380] (px4_msgs) StdoutLine: {'line': b'-- Up-to-date: /home/px4/ros2/ws/install/px4_msgs/include/px4_msgs/px4_msgs/msg/detail/trajectory_setpoint__rosidl_typesupport_fastrtps_c.h\n'}
[1.086440] (px4_msgs) StdoutLine: {'line': b'-- Up-to-date: /home/px4/ros2/ws/install/px4_msgs/include/px4_msgs/px4_msgs/msg/detail/can_interface_status__rosidl_typesupport_fastrtps_c.h\n'}
[1.086515] (px4_msgs) StdoutLine: {'line': b'-- Up-to-date: /home/px4/ros2/ws/install/px4_msgs/include/px4_msgs/px4_msgs/msg/detail/px4io_status__rosidl_typesupport_fastrtps_c.h\n'}
[1.086581] (px4_msgs) StdoutLine: {'line': b'-- Up-to-date: /home/px4/ros2/ws/install/px4_msgs/include/px4_msgs/px4_msgs/msg/detail/rover_rate_status__rosidl_typesupport_fastrtps_c.h\n'}
[1.086653] (px4_msgs) StdoutLine: {'line': b'-- Up-to-date: /home/px4/ros2/ws/install/px4_msgs/include/px4_msgs/px4_msgs/msg/detail/navigator_mission_item__rosidl_typesupport_fastrtps_c.h\n'}
[1.086731] (px4_msgs) StdoutLine: {'line': b'-- Up-to-date: /home/px4/ros2/ws/install/px4_msgs/include/px4_msgs/px4_msgs/msg/detail/orbit_status__rosidl_typesupport_fastrtps_c.h\n'}
[1.086848] (px4_msgs) StdoutLine: {'line': b'-- Up-to-date: /home/px4/ros2/ws/install/px4_msgs/include/px4_msgs/px4_msgs/msg/detail/gripper__rosidl_typesupport_fastrtps_c.h\n'}
[1.086930] (px4_msgs) StdoutLine: {'line': b'-- Up-to-date: /home/px4/ros2/ws/install/px4_msgs/include/px4_msgs/px4_msgs/msg/detail/ping__rosidl_typesupport_fastrtps_c.h\n'}
[1.086990] (px4_msgs) StdoutLine: {'line': b'-- Up-to-date: /home/px4/ros2/ws/install/px4_msgs/include/px4_msgs/px4_msgs/msg/detail/rc_channels__rosidl_typesupport_fastrtps_c.h\n'}
[1.087182] (px4_msgs) StdoutLine: {'line': b'-- Up-to-date: /home/px4/ros2/ws/install/px4_msgs/include/px4_msgs/px4_msgs/msg/detail/hover_thrust_estimate__rosidl_typesupport_fastrtps_c.h\n'}
[1.087264] (px4_msgs) StdoutLine: {'line': b'-- Up-to-date: /home/px4/ros2/ws/install/px4_msgs/include/px4_msgs/px4_msgs/msg/detail/vehicle_local_position_setpoint__rosidl_typesupport_fastrtps_c.h\n'}
[1.087322] (px4_msgs) StdoutLine: {'line': b'-- Up-to-date: /home/px4/ros2/ws/install/px4_msgs/include/px4_msgs/px4_msgs/msg/detail/landing_target_pose__rosidl_typesupport_fastrtps_c.h\n'}
[1.087388] (px4_msgs) StdoutLine: {'line': b'-- Up-to-date: /home/px4/ros2/ws/install/px4_msgs/include/px4_msgs/px4_msgs/msg/detail/position_setpoint__rosidl_typesupport_fastrtps_c.h\n'}
[1.087451] (px4_msgs) StdoutLine: {'line': b'-- Up-to-date: /home/px4/ros2/ws/install/px4_msgs/include/px4_msgs/px4_msgs/msg/detail/sensor_gps__rosidl_typesupport_fastrtps_c.h\n'}
[1.087499] (px4_msgs) StdoutLine: {'line': b'-- Up-to-date: /home/px4/ros2/ws/install/px4_msgs/include/px4_msgs/px4_msgs/msg/detail/rover_attitude_status__rosidl_typesupport_fastrtps_c.h\n'}
[1.087576] (px4_msgs) StdoutLine: {'line': b'-- Up-to-date: /home/px4/ros2/ws/install/px4_msgs/include/px4_msgs/px4_msgs/msg/detail/open_drone_id_arm_status__rosidl_typesupport_fastrtps_c.h\n'}
[1.087691] (px4_msgs) StdoutLine: {'line': b'-- Up-to-date: /home/px4/ros2/ws/install/px4_msgs/include/px4_msgs/px4_msgs/msg/detail/open_drone_id_self_id__rosidl_typesupport_fastrtps_c.h\n'}
[1.087764] (px4_msgs) StdoutLine: {'line': b'-- Up-to-date: /home/px4/ros2/ws/install/px4_msgs/include/px4_msgs/px4_msgs/msg/detail/vehicle_attitude__rosidl_typesupport_fastrtps_c.h\n'}
[1.087844] (px4_msgs) StdoutLine: {'line': b'-- Up-to-date: /home/px4/ros2/ws/install/px4_msgs/include/px4_msgs/px4_msgs/msg/detail/flight_phase_estimation__rosidl_typesupport_fastrtps_c.h\n'}
[1.087921] (px4_msgs) StdoutLine: {'line': b'-- Up-to-date: /home/px4/ros2/ws/install/px4_msgs/include/px4_msgs/px4_msgs/msg/detail/vtol_vehicle_status__rosidl_typesupport_fastrtps_c.h\n'}
[1.087994] (px4_msgs) StdoutLine: {'line': b'-- Up-to-date: /home/px4/ros2/ws/install/px4_msgs/include/px4_msgs/px4_msgs/msg/detail/estimator_sensor_bias__rosidl_typesupport_fastrtps_c.h\n'}
[1.088071] (px4_msgs) StdoutLine: {'line': b'-- Up-to-date: /home/px4/ros2/ws/install/px4_msgs/include/px4_msgs/px4_msgs/msg/detail/wind__rosidl_typesupport_fastrtps_c.h\n'}
[1.088149] (px4_msgs) StdoutLine: {'line': b'-- Up-to-date: /home/px4/ros2/ws/install/px4_msgs/include/px4_msgs/px4_msgs/msg/detail/landing_target_innovations__rosidl_typesupport_fastrtps_c.h\n'}
[1.088225] (px4_msgs) StdoutLine: {'line': b'-- Up-to-date: /home/px4/ros2/ws/install/px4_msgs/include/px4_msgs/px4_msgs/msg/detail/distance_sensor_mode_change_request__rosidl_typesupport_fastrtps_c.h\n'}
[1.088287] (px4_msgs) StdoutLine: {'line': b'-- Up-to-date: /home/px4/ros2/ws/install/px4_msgs/include/px4_msgs/px4_msgs/msg/detail/rtl_status__rosidl_typesupport_fastrtps_c.h\n'}
[1.088345] (px4_msgs) StdoutLine: {'line': b'-- Up-to-date: /home/px4/ros2/ws/install/px4_msgs/include/px4_msgs/px4_msgs/msg/detail/gps_dump__rosidl_typesupport_fastrtps_c.h\n'}
[1.088423] (px4_msgs) StdoutLine: {'line': b'-- Up-to-date: /home/px4/ros2/ws/install/px4_msgs/include/px4_msgs/px4_msgs/msg/detail/sensor_preflight_mag__rosidl_typesupport_fastrtps_c.h\n'}
[1.088503] (px4_msgs) StdoutLine: {'line': b'-- Up-to-date: /home/px4/ros2/ws/install/px4_msgs/include/px4_msgs/px4_msgs/msg/detail/orb_test__rosidl_typesupport_fastrtps_c.h\n'}
[1.088571] (px4_msgs) StdoutLine: {'line': b'-- Up-to-date: /home/px4/ros2/ws/install/px4_msgs/include/px4_msgs/px4_msgs/msg/detail/differential_pressure__rosidl_typesupport_fastrtps_c.h\n'}
[1.088655] (px4_msgs) StdoutLine: {'line': b'-- Up-to-date: /home/px4/ros2/ws/install/px4_msgs/include/px4_msgs/px4_msgs/msg/detail/qshell_retval__rosidl_typesupport_fastrtps_c.h\n'}
[1.088713] (px4_msgs) StdoutLine: {'line': b'-- Up-to-date: /home/px4/ros2/ws/install/px4_msgs/include/px4_msgs/px4_msgs/msg/detail/mavlink_tunnel__rosidl_typesupport_fastrtps_c.h\n'}
[1.088838] (px4_msgs) StdoutLine: {'line': b'-- Up-to-date: /home/px4/ros2/ws/install/px4_msgs/include/px4_msgs/px4_msgs/msg/detail/figure_eight_status__rosidl_typesupport_fastrtps_c.h\n'}
[1.088919] (px4_msgs) StdoutLine: {'line': b'-- Up-to-date: /home/px4/ros2/ws/install/px4_msgs/include/px4_msgs/px4_msgs/msg/detail/geofence_result__rosidl_typesupport_fastrtps_c.h\n'}
[1.088992] (px4_msgs) StdoutLine: {'line': b'-- Up-to-date: /home/px4/ros2/ws/install/px4_msgs/include/px4_msgs/px4_msgs/msg/detail/gpio_out__rosidl_typesupport_fastrtps_c.h\n'}
[1.089081] (px4_msgs) StdoutLine: {'line': b'-- Up-to-date: /home/px4/ros2/ws/install/px4_msgs/include/px4_msgs/px4_msgs/msg/detail/gimbal_manager_set_attitude__rosidl_typesupport_fastrtps_c.h\n'}
[1.089145] (px4_msgs) StdoutLine: {'line': b'-- Up-to-date: /home/px4/ros2/ws/install/px4_msgs/include/px4_msgs/px4_msgs/msg/detail/debug_vect__rosidl_typesupport_fastrtps_c.h\n'}
[1.089221] (px4_msgs) StdoutLine: {'line': b'-- Up-to-date: /home/px4/ros2/ws/install/px4_msgs/include/px4_msgs/px4_msgs/msg/detail/gpio_config__rosidl_typesupport_fastrtps_c.h\n'}
[1.089285] (px4_msgs) StdoutLine: {'line': b'-- Up-to-date: /home/px4/ros2/ws/install/px4_msgs/include/px4_msgs/px4_msgs/msg/detail/estimator_states__rosidl_typesupport_fastrtps_c.h\n'}
[1.089370] (px4_msgs) StdoutLine: {'line': b'-- Up-to-date: /home/px4/ros2/ws/install/px4_msgs/include/px4_msgs/px4_msgs/msg/detail/rover_throttle_setpoint__rosidl_typesupport_fastrtps_c.h\n'}
[1.089433] (px4_msgs) StdoutLine: {'line': b'-- Up-to-date: /home/px4/ros2/ws/install/px4_msgs/include/px4_msgs/px4_msgs/msg/detail/arming_check_reply__rosidl_typesupport_fastrtps_c.h\n'}
[1.089491] (px4_msgs) StdoutLine: {'line': b'-- Up-to-date: /home/px4/ros2/ws/install/px4_msgs/include/px4_msgs/px4_msgs/msg/detail/trajectory_setpoint6dof__rosidl_typesupport_fastrtps_c.h\n'}
[1.089562] (px4_msgs) StdoutLine: {'line': b'-- Up-to-date: /home/px4/ros2/ws/install/px4_msgs/include/px4_msgs/px4_msgs/msg/detail/fixed_wing_lateral_guidance_status__rosidl_typesupport_fastrtps_c.h\n'}
[1.089640] (px4_msgs) StdoutLine: {'line': b'-- Up-to-date: /home/px4/ros2/ws/install/px4_msgs/include/px4_msgs/px4_msgs/msg/detail/pps_capture__rosidl_typesupport_fastrtps_c.h\n'}
[1.089717] (px4_msgs) StdoutLine: {'line': b'-- Up-to-date: /home/px4/ros2/ws/install/px4_msgs/include/px4_msgs/px4_msgs/msg/detail/esc_status__rosidl_typesupport_fastrtps_c.h\n'}
[1.089789] (px4_msgs) StdoutLine: {'line': b'-- Up-to-date: /home/px4/ros2/ws/install/px4_msgs/include/px4_msgs/px4_msgs/msg/detail/manual_control_switches__rosidl_typesupport_fastrtps_c.h\n'}
[1.089854] (px4_msgs) StdoutLine: {'line': b'-- Up-to-date: /home/px4/ros2/ws/install/px4_msgs/include/px4_msgs/px4_msgs/msg/detail/home_position__rosidl_typesupport_fastrtps_c.h\n'}
[1.089928] (px4_msgs) StdoutLine: {'line': b'-- Up-to-date: /home/px4/ros2/ws/install/px4_msgs/include/px4_msgs/px4_msgs/msg/detail/parameter_update__rosidl_typesupport_fastrtps_c.h\n'}
[1.089995] (px4_msgs) StdoutLine: {'line': b'-- Up-to-date: /home/px4/ros2/ws/install/px4_msgs/include/px4_msgs/px4_msgs/msg/detail/sensor_uwb__rosidl_typesupport_fastrtps_c.h\n'}
[1.090053] (px4_msgs) StdoutLine: {'line': b'-- Up-to-date: /home/px4/ros2/ws/install/px4_msgs/include/px4_msgs/px4_msgs/msg/detail/rover_attitude_setpoint__rosidl_typesupport_fastrtps_c.h\n'}
[1.090131] (px4_msgs) StdoutLine: {'line': b'-- Up-to-date: /home/px4/ros2/ws/install/px4_msgs/include/px4_msgs/px4_msgs/msg/detail/ekf2_timestamps__rosidl_typesupport_fastrtps_c.h\n'}
[1.090198] (px4_msgs) StdoutLine: {'line': b'-- Up-to-date: /home/px4/ros2/ws/install/px4_msgs/include/px4_msgs/px4_msgs/msg/detail/control_allocator_status__rosidl_typesupport_fastrtps_c.h\n'}
[1.090261] (px4_msgs) StdoutLine: {'line': b'-- Up-to-date: /home/px4/ros2/ws/install/px4_msgs/include/px4_msgs/px4_msgs/msg/detail/sensor_mag__rosidl_typesupport_fastrtps_c.h\n'}
[1.090321] (px4_msgs) StdoutLine: {'line': b'-- Up-to-date: /home/px4/ros2/ws/install/px4_msgs/include/px4_msgs/px4_msgs/msg/detail/fixed_wing_runway_control__rosidl_typesupport_fastrtps_c.h\n'}
[1.090384] (px4_msgs) StdoutLine: {'line': b'-- Up-to-date: /home/px4/ros2/ws/install/px4_msgs/include/px4_msgs/px4_msgs/msg/detail/magnetometer_bias_estimate__rosidl_typesupport_fastrtps_c.h\n'}
[1.090448] (px4_msgs) StdoutLine: {'line': b'-- Up-to-date: /home/px4/ros2/ws/install/px4_msgs/include/px4_msgs/px4_msgs/msg/detail/debug_value__rosidl_typesupport_fastrtps_c.h\n'}
[1.090506] (px4_msgs) StdoutLine: {'line': b'-- Up-to-date: /home/px4/ros2/ws/install/px4_msgs/include/px4_msgs/px4_msgs/msg/detail/takeoff_status__rosidl_typesupport_fastrtps_c.h\n'}
[1.090569] (px4_msgs) StdoutLine: {'line': b'-- Up-to-date: /home/px4/ros2/ws/install/px4_msgs/include/px4_msgs/px4_msgs/msg/detail/autotune_attitude_control_status__rosidl_typesupport_fastrtps_c.h\n'}
[1.090631] (px4_msgs) StdoutLine: {'line': b'-- Up-to-date: /home/px4/ros2/ws/install/px4_msgs/include/px4_msgs/px4_msgs/msg/detail/position_setpoint_triplet__rosidl_typesupport_fastrtps_c.h\n'}
[1.090705] (px4_msgs) StdoutLine: {'line': b'-- Up-to-date: /home/px4/ros2/ws/install/px4_msgs/include/px4_msgs/px4_msgs/msg/detail/mission__rosidl_typesupport_fastrtps_c.h\n'}
[1.090770] (px4_msgs) StdoutLine: {'line': b'-- Up-to-date: /home/px4/ros2/ws/install/px4_msgs/include/px4_msgs/px4_msgs/msg/detail/gpio_request__rosidl_typesupport_fastrtps_c.h\n'}
[1.090839] (px4_msgs) StdoutLine: {'line': b'-- Up-to-date: /home/px4/ros2/ws/install/px4_msgs/include/px4_msgs/px4_msgs/msg/detail/pwm_input__rosidl_typesupport_fastrtps_c.h\n'}
[1.090902] (px4_msgs) StdoutLine: {'line': b'-- Up-to-date: /home/px4/ros2/ws/install/px4_msgs/include/px4_msgs/px4_msgs/msg/detail/sensor_correction__rosidl_typesupport_fastrtps_c.h\n'}
[1.090992] (px4_msgs) StdoutLine: {'line': b'-- Up-to-date: /home/px4/ros2/ws/install/px4_msgs/include/px4_msgs/px4_msgs/msg/detail/sensors_status__rosidl_typesupport_fastrtps_c.h\n'}
[1.091054] (px4_msgs) StdoutLine: {'line': b'-- Up-to-date: /home/px4/ros2/ws/install/px4_msgs/include/px4_msgs/px4_msgs/msg/detail/fixed_wing_lateral_setpoint__rosidl_typesupport_fastrtps_c.h\n'}
[1.091147] (px4_msgs) StdoutLine: {'line': b'-- Up-to-date: /home/px4/ros2/ws/install/px4_msgs/include/px4_msgs/px4_msgs/msg/detail/parameter_reset_request__rosidl_typesupport_fastrtps_c.h\n'}
[1.091208] (px4_msgs) StdoutLine: {'line': b'-- Up-to-date: /home/px4/ros2/ws/install/px4_msgs/include/px4_msgs/px4_msgs/msg/detail/dataman_request__rosidl_typesupport_fastrtps_c.h\n'}
[1.091279] (px4_msgs) StdoutLine: {'line': b'-- Up-to-date: /home/px4/ros2/ws/install/px4_msgs/include/px4_msgs/px4_msgs/msg/detail/register_ext_component_reply__rosidl_typesupport_fastrtps_c.h\n'}
[1.091346] (px4_msgs) StdoutLine: {'line': b'-- Up-to-date: /home/px4/ros2/ws/install/px4_msgs/include/px4_msgs/px4_msgs/msg/detail/actuator_armed__rosidl_typesupport_fastrtps_c.h\n'}
[1.091408] (px4_msgs) StdoutLine: {'line': b'-- Up-to-date: /home/px4/ros2/ws/install/px4_msgs/include/px4_msgs/px4_msgs/msg/detail/navigator_status__rosidl_typesupport_fastrtps_c.h\n'}
[1.091479] (px4_msgs) StdoutLine: {'line': b'-- Up-to-date: /home/px4/ros2/ws/install/px4_msgs/include/px4_msgs/px4_msgs/msg/detail/vehicle_imu_status__rosidl_typesupport_fastrtps_c.h\n'}
[1.091541] (px4_msgs) StdoutLine: {'line': b'-- Up-to-date: /home/px4/ros2/ws/install/px4_msgs/include/px4_msgs/px4_msgs/msg/detail/rover_velocity_status__rosidl_typesupport_fastrtps_c.h\n'}
[1.091602] (px4_msgs) StdoutLine: {'line': b'-- Up-to-date: /home/px4/ros2/ws/install/px4_msgs/include/px4_msgs/px4_msgs/msg/detail/orb_test_large__rosidl_typesupport_fastrtps_c.h\n'}
[1.091664] (px4_msgs) StdoutLine: {'line': b'-- Up-to-date: /home/px4/ros2/ws/install/px4_msgs/include/px4_msgs/px4_msgs/msg/detail/collision_constraints__rosidl_typesupport_fastrtps_c.h\n'}
[1.091732] (px4_msgs) StdoutLine: {'line': b'-- Up-to-date: /home/px4/ros2/ws/install/px4_msgs/include/px4_msgs/px4_msgs/msg/detail/estimator_status_flags__rosidl_typesupport_fastrtps_c.h\n'}
[1.091813] (px4_msgs) StdoutLine: {'line': b'-- Up-to-date: /home/px4/ros2/ws/install/px4_msgs/include/px4_msgs/px4_msgs/msg/detail/estimator_aid_source3d__rosidl_typesupport_fastrtps_c.h\n'}
[1.091889] (px4_msgs) StdoutLine: {'line': b'-- Up-to-date: /home/px4/ros2/ws/install/px4_msgs/include/px4_msgs/px4_msgs/msg/detail/ulog_stream_ack__rosidl_typesupport_fastrtps_c.h\n'}
[1.091944] (px4_msgs) StdoutLine: {'line': b'-- Up-to-date: /home/px4/ros2/ws/install/px4_msgs/include/px4_msgs/px4_msgs/msg/detail/sensor_airflow__rosidl_typesupport_fastrtps_c.h\n'}
[1.092005] (px4_msgs) StdoutLine: {'line': b'-- Up-to-date: /home/px4/ros2/ws/install/px4_msgs/include/px4_msgs/px4_msgs/msg/detail/follow_target__rosidl_typesupport_fastrtps_c.h\n'}
[1.092109] (px4_msgs) StdoutLine: {'line': b'-- Up-to-date: /home/px4/ros2/ws/install/px4_msgs/include/px4_msgs/px4_msgs/msg/detail/goto_setpoint__rosidl_typesupport_fastrtps_c.h\n'}
[1.092197] (px4_msgs) StdoutLine: {'line': b'-- Up-to-date: /home/px4/ros2/ws/install/px4_msgs/include/px4_msgs/px4_msgs/msg/detail/adc_report__rosidl_typesupport_fastrtps_c.h\n'}
[1.092261] (px4_msgs) StdoutLine: {'line': b'-- Up-to-date: /home/px4/ros2/ws/install/px4_msgs/include/px4_msgs/px4_msgs/msg/detail/rover_rate_setpoint__rosidl_typesupport_fastrtps_c.h\n'}
[1.092329] (px4_msgs) StdoutLine: {'line': b'-- Up-to-date: /home/px4/ros2/ws/install/px4_msgs/include/px4_msgs/px4_msgs/msg/detail/mavlink_log__rosidl_typesupport_fastrtps_c.h\n'}
[1.092389] (px4_msgs) StdoutLine: {'line': b'-- Up-to-date: /home/px4/ros2/ws/install/px4_msgs/include/px4_msgs/px4_msgs/msg/detail/longitudinal_control_configuration__rosidl_typesupport_fastrtps_c.h\n'}
[1.092452] (px4_msgs) StdoutLine: {'line': b'-- Up-to-date: /home/px4/ros2/ws/install/px4_msgs/include/px4_msgs/px4_msgs/msg/detail/vehicle_local_position__rosidl_typesupport_fastrtps_c.h\n'}
[1.092515] (px4_msgs) StdoutLine: {'line': b'-- Up-to-date: /home/px4/ros2/ws/install/px4_msgs/include/px4_msgs/px4_msgs/msg/detail/position_controller_status__rosidl_typesupport_fastrtps_c.h\n'}
[1.092589] (px4_msgs) StdoutLine: {'line': b'-- Up-to-date: /home/px4/ros2/ws/install/px4_msgs/include/px4_msgs/px4_msgs/msg/detail/heater_status__rosidl_typesupport_fastrtps_c.h\n'}
[1.092668] (px4_msgs) StdoutLine: {'line': b'-- Up-to-date: /home/px4/ros2/ws/install/px4_msgs/include/px4_msgs/px4_msgs/msg/detail/failure_detector_status__rosidl_typesupport_fastrtps_c.h\n'}
[1.092727] (px4_msgs) StdoutLine: {'line': b'-- Up-to-date: /home/px4/ros2/ws/install/px4_msgs/include/px4_msgs/px4_msgs/msg/detail/parameter_set_value_request__rosidl_typesupport_fastrtps_c.h\n'}
[1.092828] (px4_msgs) StdoutLine: {'line': b'-- Up-to-date: /home/px4/ros2/ws/install/px4_msgs/include/px4_msgs/px4_msgs/msg/detail/estimator_innovations__rosidl_typesupport_fastrtps_c.h\n'}
[1.092892] (px4_msgs) StdoutLine: {'line': b'-- Up-to-date: /home/px4/ros2/ws/install/px4_msgs/include/px4_msgs/px4_msgs/msg/detail/estimator_bias3d__rosidl_typesupport_fastrtps_c.h\n'}
[1.092972] (px4_msgs) StdoutLine: {'line': b'-- Up-to-date: /home/px4/ros2/ws/install/px4_msgs/include/px4_msgs/px4_msgs/msg/detail/vehicle_angular_velocity__rosidl_typesupport_fastrtps_c.h\n'}
[1.093035] (px4_msgs) StdoutLine: {'line': b'-- Up-to-date: /home/px4/ros2/ws/install/px4_msgs/include/px4_msgs/px4_msgs/msg/detail/sensor_combined__rosidl_typesupport_fastrtps_c.h\n'}
[1.093109] (px4_msgs) StdoutLine: {'line': b'-- Up-to-date: /home/px4/ros2/ws/install/px4_msgs/include/px4_msgs/px4_msgs/msg/detail/rate_ctrl_status__rosidl_typesupport_fastrtps_c.h\n'}
[1.093210] (px4_msgs) StdoutLine: {'line': b'-- Up-to-date: /home/px4/ros2/ws/install/px4_msgs/include/px4_msgs/px4_msgs/msg/detail/mag_worker_data__rosidl_typesupport_fastrtps_c.h\n'}
[1.093274] (px4_msgs) StdoutLine: {'line': b'-- Up-to-date: /home/px4/ros2/ws/install/px4_msgs/include/px4_msgs/px4_msgs/msg/detail/uavcan_parameter_value__rosidl_typesupport_fastrtps_c.h\n'}
[1.093335] (px4_msgs) StdoutLine: {'line': b'-- Up-to-date: /home/px4/ros2/ws/install/px4_msgs/include/px4_msgs/px4_msgs/msg/detail/logger_status__rosidl_typesupport_fastrtps_c.h\n'}
[1.093397] (px4_msgs) StdoutLine: {'line': b'-- Up-to-date: /home/px4/ros2/ws/install/px4_msgs/include/px4_msgs/px4_msgs/msg/detail/actuator_motors__rosidl_typesupport_fastrtps_c.h\n'}
[1.093463] (px4_msgs) StdoutLine: {'line': b'-- Up-to-date: /home/px4/ros2/ws/install/px4_msgs/include/px4_msgs/px4_msgs/msg/detail/rc_parameter_map__rosidl_typesupport_fastrtps_c.h\n'}
[1.093526] (px4_msgs) StdoutLine: {'line': b'-- Up-to-date: /home/px4/ros2/ws/install/px4_msgs/include/px4_msgs/px4_msgs/msg/detail/message_format_request__rosidl_typesupport_fastrtps_c.h\n'}
[1.093601] (px4_msgs) StdoutLine: {'line': b'-- Up-to-date: /home/px4/ros2/ws/install/px4_msgs/include/px4_msgs/px4_msgs/msg/detail/sensor_accel_fifo__rosidl_typesupport_fastrtps_c.h\n'}
[1.093672] (px4_msgs) StdoutLine: {'line': b'-- Up-to-date: /home/px4/ros2/ws/install/px4_msgs/include/px4_msgs/px4_msgs/msg/detail/vehicle_land_detected__rosidl_typesupport_fastrtps_c.h\n'}
[1.093748] (px4_msgs) StdoutLine: {'line': b'-- Up-to-date: /home/px4/ros2/ws/install/px4_msgs/include/px4_msgs/px4_msgs/msg/detail/vehicle_optical_flow__rosidl_typesupport_fastrtps_c.h\n'}
[1.093841] (px4_msgs) StdoutLine: {'line': b'-- Up-to-date: /home/px4/ros2/ws/install/px4_msgs/include/px4_msgs/px4_msgs/msg/detail/irlock_report__rosidl_typesupport_fastrtps_c.h\n'}
[1.093898] (px4_msgs) StdoutLine: {'line': b'-- Up-to-date: /home/px4/ros2/ws/install/px4_msgs/include/px4_msgs/px4_msgs/msg/detail/fixed_wing_lateral_status__rosidl_typesupport_fastrtps_c.h\n'}
[1.093960] (px4_msgs) StdoutLine: {'line': b'-- Up-to-date: /home/px4/ros2/ws/install/px4_msgs/include/px4_msgs/px4_msgs/msg/detail/landing_gear__rosidl_typesupport_fastrtps_c.h\n'}
[1.094011] (px4_msgs) StdoutLine: {'line': b'-- Up-to-date: /home/px4/ros2/ws/install/px4_msgs/include/px4_msgs/px4_msgs/msg/detail/rover_position_setpoint__rosidl_typesupport_fastrtps_c.h\n'}
[1.094066] (px4_msgs) StdoutLine: {'line': b'-- Up-to-date: /home/px4/ros2/ws/install/px4_msgs/include/px4_msgs/px4_msgs/msg/detail/cellular_status__rosidl_typesupport_fastrtps_c.h\n'}
[1.094119] (px4_msgs) StdoutLine: {'line': b'-- Up-to-date: /home/px4/ros2/ws/install/px4_msgs/include/px4_msgs/px4_msgs/msg/detail/sensor_optical_flow__rosidl_typesupport_fastrtps_c.h\n'}
[1.094171] (px4_msgs) StdoutLine: {'line': b'-- Up-to-date: /home/px4/ros2/ws/install/px4_msgs/include/px4_msgs/px4_msgs/msg/detail/gps_inject_data__rosidl_typesupport_fastrtps_c.h\n'}
[1.094221] (px4_msgs) StdoutLine: {'line': b'-- Up-to-date: /home/px4/ros2/ws/install/px4_msgs/include/px4_msgs/px4_msgs/msg/detail/gpio_in__rosidl_typesupport_fastrtps_c.h\n'}
[1.094281] (px4_msgs) StdoutLine: {'line': b'-- Up-to-date: /home/px4/ros2/ws/install/px4_msgs/include/px4_msgs/px4_msgs/msg/detail/button_event__rosidl_typesupport_fastrtps_c.h\n'}
[1.094396] (px4_msgs) StdoutLine: {'line': b'-- Up-to-date: /home/px4/ros2/ws/install/px4_msgs/include/px4_msgs/px4_msgs/msg/detail/cpuload__rosidl_typesupport_fastrtps_c.h\n'}
[1.094458] (px4_msgs) StdoutLine: {'line': b'-- Up-to-date: /home/px4/ros2/ws/install/px4_msgs/include/px4_msgs/px4_msgs/msg/detail/estimator_status__rosidl_typesupport_fastrtps_c.h\n'}
[1.094518] (px4_msgs) StdoutLine: {'line': b'-- Up-to-date: /home/px4/ros2/ws/install/px4_msgs/include/px4_msgs/px4_msgs/msg/detail/telemetry_status__rosidl_typesupport_fastrtps_c.h\n'}
[1.094639] (px4_msgs) StdoutLine: {'line': b'-- Up-to-date: /home/px4/ros2/ws/install/px4_msgs/include/px4_msgs/px4_msgs/msg/detail/gimbal_manager_information__rosidl_typesupport_fastrtps_c.h\n'}
[1.094691] (px4_msgs) StdoutLine: {'line': b'-- Up-to-date: /home/px4/ros2/ws/install/px4_msgs/include/px4_msgs/px4_msgs/msg/detail/vehicle_control_mode__rosidl_typesupport_fastrtps_c.h\n'}
[1.094746] (px4_msgs) StdoutLine: {'line': b'-- Up-to-date: /home/px4/ros2/ws/install/px4_msgs/include/px4_msgs/px4_msgs/msg/detail/follow_target_estimator__rosidl_typesupport_fastrtps_c.h\n'}
[1.094816] (px4_msgs) StdoutLine: {'line': b'-- Up-to-date: /home/px4/ros2/ws/install/px4_msgs/include/px4_msgs/px4_msgs/msg/detail/vehicle_angular_acceleration_setpoint__rosidl_typesupport_fastrtps_c.h\n'}
[1.094874] (px4_msgs) StdoutLine: {'line': b'-- Up-to-date: /home/px4/ros2/ws/install/px4_msgs/include/px4_msgs/px4_msgs/msg/detail/sensor_baro__rosidl_typesupport_fastrtps_c.h\n'}
[1.094926] (px4_msgs) StdoutLine: {'line': b'-- Up-to-date: /home/px4/ros2/ws/install/px4_msgs/include/px4_msgs/px4_msgs/msg/detail/battery_status__rosidl_typesupport_fastrtps_c.h\n'}
[1.094989] (px4_msgs) StdoutLine: {'line': b'-- Up-to-date: /home/px4/ros2/ws/install/px4_msgs/include/px4_msgs/px4_msgs/msg/detail/register_ext_component_request__rosidl_typesupport_fastrtps_c.h\n'}
[1.095109] (px4_msgs) StdoutLine: {'line': b'-- Up-to-date: /home/px4/ros2/ws/install/px4_msgs/include/px4_msgs/px4_msgs/msg/detail/tune_control__rosidl_typesupport_fastrtps_c.h\n'}
[1.095161] (px4_msgs) StdoutLine: {'line': b'-- Up-to-date: /home/px4/ros2/ws/install/px4_msgs/include/px4_msgs/px4_msgs/msg/detail/mission_result__rosidl_typesupport_fastrtps_c.h\n'}
[1.095222] (px4_msgs) StdoutLine: {'line': b'-- Up-to-date: /home/px4/ros2/ws/install/px4_msgs/include/px4_msgs/px4_msgs/msg/detail/fuel_tank_status__rosidl_typesupport_fastrtps_c.h\n'}
[1.095286] (px4_msgs) StdoutLine: {'line': b'-- Up-to-date: /home/px4/ros2/ws/install/px4_msgs/include/px4_msgs/px4_msgs/msg/detail/airspeed__rosidl_typesupport_fastrtps_c.h\n'}
[1.095503] (px4_msgs) StdoutLine: {'line': b'-- Up-to-date: /home/px4/ros2/ws/install/px4_msgs/include/px4_msgs/px4_msgs/msg/detail/obstacle_distance__rosidl_typesupport_fastrtps_c.h\n'}
[1.095587] (px4_msgs) StdoutLine: {'line': b'-- Up-to-date: /home/px4/ros2/ws/install/px4_msgs/include/px4_msgs/px4_msgs/msg/detail/airspeed_validated__rosidl_typesupport_fastrtps_c.h\n'}
[1.095639] (px4_msgs) StdoutLine: {'line': b'-- Up-to-date: /home/px4/ros2/ws/install/px4_msgs/include/px4_msgs/px4_msgs/msg/detail/vehicle_imu__rosidl_typesupport_fastrtps_c.h\n'}
[1.095707] (px4_msgs) StdoutLine: {'line': b'-- Up-to-date: /home/px4/ros2/ws/install/px4_msgs/include/px4_msgs/px4_msgs/msg/detail/orb_test_medium__rosidl_typesupport_fastrtps_c.h\n'}
[1.095799] (px4_msgs) StdoutLine: {'line': b'-- Up-to-date: /home/px4/ros2/ws/install/px4_msgs/include/px4_msgs/px4_msgs/msg/detail/manual_control_setpoint__rosidl_typesupport_fastrtps_c.h\n'}
[1.095929] (px4_msgs) StdoutLine: {'line': b'-- Up-to-date: /home/px4/ros2/ws/install/px4_msgs/include/px4_msgs/px4_msgs/msg/detail/rover_velocity_setpoint__rosidl_typesupport_fastrtps_c.h\n'}
[1.095984] (px4_msgs) StdoutLine: {'line': b'-- Up-to-date: /home/px4/ros2/ws/install/px4_msgs/include/px4_msgs/px4_msgs/msg/detail/vehicle_global_position__rosidl_typesupport_fastrtps_c.h\n'}
[1.096034] (px4_msgs) StdoutLine: {'line': b'-- Up-to-date: /home/px4/ros2/ws/install/px4_msgs/include/px4_msgs/px4_msgs/msg/detail/debug_key_value__rosidl_typesupport_fastrtps_c.h\n'}
[1.096126] (px4_msgs) StdoutLine: {'line': b'-- Up-to-date: /home/px4/ros2/ws/install/px4_msgs/include/px4_msgs/px4_msgs/msg/detail/estimator_gps_status__rosidl_typesupport_fastrtps_c.h\n'}
[1.096198] (px4_msgs) StdoutLine: {'line': b'-- Up-to-date: /home/px4/ros2/ws/install/px4_msgs/include/px4_msgs/px4_msgs/msg/detail/sensors_status_imu__rosidl_typesupport_fastrtps_c.h\n'}
[1.096270] (px4_msgs) StdoutLine: {'line': b'-- Up-to-date: /home/px4/ros2/ws/install/px4_msgs/include/px4_msgs/px4_msgs/msg/detail/tiltrotor_extra_controls__rosidl_typesupport_fastrtps_c.h\n'}
[1.096348] (px4_msgs) StdoutLine: {'line': b'-- Up-to-date: /home/px4/ros2/ws/install/px4_msgs/include/px4_msgs/px4_msgs/msg/detail/fixed_wing_longitudinal_setpoint__rosidl_typesupport_fastrtps_c.h\n'}
[1.096421] (px4_msgs) StdoutLine: {'line': b'-- Up-to-date: /home/px4/ros2/ws/install/px4_msgs/include/px4_msgs/px4_msgs/msg/detail/log_message__rosidl_typesupport_fastrtps_c.h\n'}
[1.096493] (px4_msgs) StdoutLine: {'line': b'-- Up-to-date: /home/px4/ros2/ws/install/px4_msgs/include/px4_msgs/px4_msgs/msg/detail/rtl_time_estimate__rosidl_typesupport_fastrtps_c.h\n'}
[1.096557] (px4_msgs) StdoutLine: {'line': b'-- Up-to-date: /home/px4/ros2/ws/install/px4_msgs/include/px4_msgs/px4_msgs/msg/detail/generator_status__rosidl_typesupport_fastrtps_c.h\n'}
[1.096614] (px4_msgs) StdoutLine: {'line': b'-- Up-to-date: /home/px4/ros2/ws/install/px4_msgs/include/px4_msgs/px4_msgs/msg/detail/internal_combustion_engine_status__rosidl_typesupport_fastrtps_c.h\n'}
[1.096696] (px4_msgs) StdoutLine: {'line': b'-- Up-to-date: /home/px4/ros2/ws/install/px4_msgs/include/px4_msgs/px4_msgs/msg/detail/timesync_status__rosidl_typesupport_fastrtps_c.h\n'}
[1.096762] (px4_msgs) StdoutLine: {'line': b'-- Up-to-date: /home/px4/ros2/ws/install/px4_msgs/include/px4_msgs/px4_msgs/msg/detail/neural_control__rosidl_typesupport_fastrtps_c.h\n'}
[1.096859] (px4_msgs) StdoutLine: {'line': b'-- Up-to-date: /home/px4/ros2/ws/install/px4_msgs/include/px4_msgs/px4_msgs/msg/detail/rpm__rosidl_typesupport_fastrtps_c.h\n'}
[1.096925] (px4_msgs) StdoutLine: {'line': b'-- Up-to-date: /home/px4/ros2/ws/install/px4_msgs/include/px4_msgs/px4_msgs/msg/detail/actuator_controls_status__rosidl_typesupport_fastrtps_c.h\n'}
[1.096997] (px4_msgs) StdoutLine: {'line': b'-- Up-to-date: /home/px4/ros2/ws/install/px4_msgs/include/px4_msgs/px4_msgs/msg/detail/system_power__rosidl_typesupport_fastrtps_c.h\n'}
[1.097047] (px4_msgs) StdoutLine: {'line': b'-- Up-to-date: /home/px4/ros2/ws/install/px4_msgs/include/px4_msgs/px4_msgs/msg/detail/vehicle_roi__rosidl_typesupport_fastrtps_c.h\n'}
[1.097094] (px4_msgs) StdoutLine: {'line': b'-- Up-to-date: /home/px4/ros2/ws/install/px4_msgs/include/px4_msgs/px4_msgs/msg/detail/vehicle_command_ack__rosidl_typesupport_fastrtps_c.h\n'}
[1.097141] (px4_msgs) StdoutLine: {'line': b'-- Up-to-date: /home/px4/ros2/ws/install/px4_msgs/include/px4_msgs/px4_msgs/msg/detail/estimator_event_flags__rosidl_typesupport_fastrtps_c.h\n'}
[1.097189] (px4_msgs) StdoutLine: {'line': b'-- Up-to-date: /home/px4/ros2/ws/install/px4_msgs/include/px4_msgs/px4_msgs/msg/detail/parameter_set_used_request__rosidl_typesupport_fastrtps_c.h\n'}
[1.097236] (px4_msgs) StdoutLine: {'line': b'-- Up-to-date: /home/px4/ros2/ws/install/px4_msgs/include/px4_msgs/px4_msgs/msg/detail/esc_report__rosidl_typesupport_fastrtps_c.h\n'}
[1.097289] (px4_msgs) StdoutLine: {'line': b'-- Up-to-date: /home/px4/ros2/ws/install/px4_msgs/include/px4_msgs/px4_msgs/msg/detail/health_report__rosidl_typesupport_fastrtps_c.h\n'}
[1.097345] (px4_msgs) StdoutLine: {'line': b'-- Up-to-date: /home/px4/ros2/ws/install/px4_msgs/include/px4_msgs/px4_msgs/msg/detail/sensor_gnss_relative__rosidl_typesupport_fastrtps_c.h\n'}
[1.097409] (px4_msgs) StdoutLine: {'line': b'-- Up-to-date: /home/px4/ros2/ws/install/px4_msgs/include/px4_msgs/px4_msgs/msg/detail/camera_status__rosidl_typesupport_fastrtps_c.h\n'}
[1.097457] (px4_msgs) StdoutLine: {'line': b'-- Up-to-date: /home/px4/ros2/ws/install/px4_msgs/include/px4_msgs/px4_msgs/msg/detail/estimator_selector_status__rosidl_typesupport_fastrtps_c.h\n'}
[1.097504] (px4_msgs) StdoutLine: {'line': b'-- Up-to-date: /home/px4/ros2/ws/install/px4_msgs/include/px4_msgs/px4_msgs/msg/detail/vehicle_rates_setpoint__rosidl_typesupport_fastrtps_c.h\n'}
[1.097550] (px4_msgs) StdoutLine: {'line': b'-- Up-to-date: /home/px4/ros2/ws/install/px4_msgs/include/px4_msgs/px4_msgs/msg/detail/task_stack_info__rosidl_typesupport_fastrtps_c.h\n'}
[1.097596] (px4_msgs) StdoutLine: {'line': b'-- Up-to-date: /home/px4/ros2/ws/install/px4_msgs/include/px4_msgs/px4_msgs/msg/detail/power_monitor__rosidl_typesupport_fastrtps_c.h\n'}
[1.097641] (px4_msgs) StdoutLine: {'line': b'-- Up-to-date: /home/px4/ros2/ws/install/px4_msgs/include/px4_msgs/px4_msgs/msg/detail/vehicle_optical_flow_vel__rosidl_typesupport_fastrtps_c.h\n'}
[1.097686] (px4_msgs) StdoutLine: {'line': b'-- Up-to-date: /home/px4/ros2/ws/install/px4_msgs/include/px4_msgs/px4_msgs/msg/detail/lateral_control_configuration__rosidl_typesupport_fastrtps_c.h\n'}
[1.097732] (px4_msgs) StdoutLine: {'line': b'-- Up-to-date: /home/px4/ros2/ws/install/px4_msgs/include/px4_msgs/px4_msgs/msg/detail/estimator_aid_source1d__rosidl_typesupport_fastrtps_c.h\n'}
[1.097784] (px4_msgs) StdoutLine: {'line': b'-- Up-to-date: /home/px4/ros2/ws/install/px4_msgs/include/px4_msgs/px4_msgs/msg/detail/dataman_response__rosidl_typesupport_fastrtps_c.h\n'}
[1.097862] (px4_msgs) StdoutLine: {'line': b'-- Up-to-date: /home/px4/ros2/ws/install/px4_msgs/include/px4_msgs/px4_msgs/msg/detail/estimator_bias__rosidl_typesupport_fastrtps_c.h\n'}
[1.097922] (px4_msgs) StdoutLine: {'line': b'-- Up-to-date: /home/px4/ros2/ws/install/px4_msgs/include/px4_msgs/px4_msgs/msg/detail/input_rc__rosidl_typesupport_fastrtps_c.h\n'}
[1.097969] (px4_msgs) StdoutLine: {'line': b'-- Up-to-date: /home/px4/ros2/ws/install/px4_msgs/include/px4_msgs/px4_msgs/msg/detail/yaw_estimator_status__rosidl_typesupport_fastrtps_c.h\n'}
[1.098014] (px4_msgs) StdoutLine: {'line': b'-- Up-to-date: /home/px4/ros2/ws/install/px4_msgs/include/px4_msgs/px4_msgs/msg/detail/offboard_control_mode__rosidl_typesupport_fastrtps_c.h\n'}
[1.098060] (px4_msgs) StdoutLine: {'line': b'-- Up-to-date: /home/px4/ros2/ws/install/px4_msgs/include/px4_msgs/px4_msgs/msg/detail/geofence_status__rosidl_typesupport_fastrtps_c.h\n'}
[1.098106] (px4_msgs) StdoutLine: {'line': b'-- Up-to-date: /home/px4/ros2/ws/install/px4_msgs/include/px4_msgs/px4_msgs/msg/detail/sensor_hygrometer__rosidl_typesupport_fastrtps_c.h\n'}
[1.098151] (px4_msgs) StdoutLine: {'line': b'-- Up-to-date: /home/px4/ros2/ws/install/px4_msgs/include/px4_msgs/px4_msgs/msg/detail/satellite_info__rosidl_typesupport_fastrtps_c.h\n'}
[1.098197] (px4_msgs) StdoutLine: {'line': b'-- Up-to-date: /home/px4/ros2/ws/install/px4_msgs/include/px4_msgs/px4_msgs/msg/rosidl_typesupport_fastrtps_c__visibility_control.h\n'}
[1.098243] (px4_msgs) StdoutLine: {'line': b'-- Up-to-date: /home/px4/ros2/ws/install/px4_msgs/include/px4_msgs/px4_msgs/srv\n'}
[1.098288] (px4_msgs) StdoutLine: {'line': b'-- Up-to-date: /home/px4/ros2/ws/install/px4_msgs/include/px4_msgs/px4_msgs/srv/detail\n'}
[1.098335] (px4_msgs) StdoutLine: {'line': b'-- Up-to-date: /home/px4/ros2/ws/install/px4_msgs/include/px4_msgs/px4_msgs/srv/detail/vehicle_command__rosidl_typesupport_fastrtps_c.h\n'}
[1.098381] (px4_msgs) StdoutLine: {'line': b'-- Up-to-date: /home/px4/ros2/ws/install/px4_msgs/lib/libpx4_msgs__rosidl_typesupport_fastrtps_c.so\n'}
[1.098440] (px4_msgs) StdoutLine: {'line': b'-- Up-to-date: /home/px4/ros2/ws/install/px4_msgs/include/px4_msgs/px4_msgs\n'}
[1.098494] (px4_msgs) StdoutLine: {'line': b'-- Up-to-date: /home/px4/ros2/ws/install/px4_msgs/include/px4_msgs/px4_msgs/msg\n'}
[1.098557] (px4_msgs) StdoutLine: {'line': b'-- Up-to-date: /home/px4/ros2/ws/install/px4_msgs/include/px4_msgs/px4_msgs/msg/parameter_update.hpp\n'}
[1.098605] (px4_msgs) StdoutLine: {'line': b'-- Up-to-date: /home/px4/ros2/ws/install/px4_msgs/include/px4_msgs/px4_msgs/msg/sensor_accel_fifo.hpp\n'}
[1.098651] (px4_msgs) StdoutLine: {'line': b'-- Up-to-date: /home/px4/ros2/ws/install/px4_msgs/include/px4_msgs/px4_msgs/msg/tiltrotor_extra_controls.hpp\n'}
[1.098697] (px4_msgs) StdoutLine: {'line': b'-- Up-to-date: /home/px4/ros2/ws/install/px4_msgs/include/px4_msgs/px4_msgs/msg/debug_value.hpp\n'}
[1.098743] (px4_msgs) StdoutLine: {'line': b'-- Up-to-date: /home/px4/ros2/ws/install/px4_msgs/include/px4_msgs/px4_msgs/msg/tecs_status.hpp\n'}
[1.098798] (px4_msgs) StdoutLine: {'line': b'-- Up-to-date: /home/px4/ros2/ws/install/px4_msgs/include/px4_msgs/px4_msgs/msg/lateral_control_configuration.hpp\n'}
[1.098857] (px4_msgs) StdoutLine: {'line': b'-- Up-to-date: /home/px4/ros2/ws/install/px4_msgs/include/px4_msgs/px4_msgs/msg/gripper.hpp\n'}
[1.098903] (px4_msgs) StdoutLine: {'line': b'-- Up-to-date: /home/px4/ros2/ws/install/px4_msgs/include/px4_msgs/px4_msgs/msg/vehicle_local_position_setpoint.hpp\n'}
[1.098948] (px4_msgs) StdoutLine: {'line': b'-- Up-to-date: /home/px4/ros2/ws/install/px4_msgs/include/px4_msgs/px4_msgs/msg/airspeed_validated.hpp\n'}
[1.099009] (px4_msgs) StdoutLine: {'line': b'-- Up-to-date: /home/px4/ros2/ws/install/px4_msgs/include/px4_msgs/px4_msgs/msg/velocity_limits.hpp\n'}
[1.099085] (px4_msgs) StdoutLine: {'line': b'-- Up-to-date: /home/px4/ros2/ws/install/px4_msgs/include/px4_msgs/px4_msgs/msg/qshell_retval.hpp\n'}
[1.099133] (px4_msgs) StdoutLine: {'line': b'-- Up-to-date: /home/px4/ros2/ws/install/px4_msgs/include/px4_msgs/px4_msgs/msg/navigator_mission_item.hpp\n'}
[1.099178] (px4_msgs) StdoutLine: {'line': b'-- Up-to-date: /home/px4/ros2/ws/install/px4_msgs/include/px4_msgs/px4_msgs/msg/vehicle_optical_flow_vel.hpp\n'}
[1.099224] (px4_msgs) StdoutLine: {'line': b'-- Up-to-date: /home/px4/ros2/ws/install/px4_msgs/include/px4_msgs/px4_msgs/msg/heater_status.hpp\n'}
[1.099269] (px4_msgs) StdoutLine: {'line': b'-- Up-to-date: /home/px4/ros2/ws/install/px4_msgs/include/px4_msgs/px4_msgs/msg/vehicle_thrust_setpoint.hpp\n'}
[1.099328] (px4_msgs) StdoutLine: {'line': b'-- Up-to-date: /home/px4/ros2/ws/install/px4_msgs/include/px4_msgs/px4_msgs/msg/internal_combustion_engine_control.hpp\n'}
[1.099391] (px4_msgs) StdoutLine: {'line': b'-- Up-to-date: /home/px4/ros2/ws/install/px4_msgs/include/px4_msgs/px4_msgs/msg/transponder_report.hpp\n'}
[1.099438] (px4_msgs) StdoutLine: {'line': b'-- Up-to-date: /home/px4/ros2/ws/install/px4_msgs/include/px4_msgs/px4_msgs/msg/fuel_tank_status.hpp\n'}
[1.099484] (px4_msgs) StdoutLine: {'line': b'-- Up-to-date: /home/px4/ros2/ws/install/px4_msgs/include/px4_msgs/px4_msgs/msg/uavcan_parameter_request.hpp\n'}
[1.099527] (px4_msgs) StdoutLine: {'line': b'-- Up-to-date: /home/px4/ros2/ws/install/px4_msgs/include/px4_msgs/px4_msgs/msg/position_controller_status.hpp\n'}
[1.099592] (px4_msgs) StdoutLine: {'line': b'-- Up-to-date: /home/px4/ros2/ws/install/px4_msgs/include/px4_msgs/px4_msgs/msg/onboard_computer_status.hpp\n'}
[1.099639] (px4_msgs) StdoutLine: {'line': b'-- Up-to-date: /home/px4/ros2/ws/install/px4_msgs/include/px4_msgs/px4_msgs/msg/message_format_response.hpp\n'}
[1.099684] (px4_msgs) StdoutLine: {'line': b'-- Up-to-date: /home/px4/ros2/ws/install/px4_msgs/include/px4_msgs/px4_msgs/msg/fixed_wing_lateral_setpoint.hpp\n'}
[1.099751] (px4_msgs) StdoutLine: {'line': b'-- Up-to-date: /home/px4/ros2/ws/install/px4_msgs/include/px4_msgs/px4_msgs/msg/rtl_time_estimate.hpp\n'}
[1.099809] (px4_msgs) StdoutLine: {'line': b'-- Up-to-date: /home/px4/ros2/ws/install/px4_msgs/include/px4_msgs/px4_msgs/msg/iridiumsbd_status.hpp\n'}
[1.099871] (px4_msgs) StdoutLine: {'line': b'-- Up-to-date: /home/px4/ros2/ws/install/px4_msgs/include/px4_msgs/px4_msgs/msg/rover_attitude_setpoint.hpp\n'}
[1.099921] (px4_msgs) StdoutLine: {'line': b'-- Up-to-date: /home/px4/ros2/ws/install/px4_msgs/include/px4_msgs/px4_msgs/msg/open_drone_id_system.hpp\n'}
[1.099984] (px4_msgs) StdoutLine: {'line': b'-- Up-to-date: /home/px4/ros2/ws/install/px4_msgs/include/px4_msgs/px4_msgs/msg/vehicle_attitude.hpp\n'}
[1.100032] (px4_msgs) StdoutLine: {'line': b'-- Up-to-date: /home/px4/ros2/ws/install/px4_msgs/include/px4_msgs/px4_msgs/msg/arming_check_request.hpp\n'}
[1.100078] (px4_msgs) StdoutLine: {'line': b'-- Up-to-date: /home/px4/ros2/ws/install/px4_msgs/include/px4_msgs/px4_msgs/msg/gpio_config.hpp\n'}
[1.100131] (px4_msgs) StdoutLine: {'line': b'-- Up-to-date: /home/px4/ros2/ws/install/px4_msgs/include/px4_msgs/px4_msgs/msg/sensor_gnss_relative.hpp\n'}
[1.100176] (px4_msgs) StdoutLine: {'line': b'-- Up-to-date: /home/px4/ros2/ws/install/px4_msgs/include/px4_msgs/px4_msgs/msg/sensor_gyro_fifo.hpp\n'}
[1.100221] (px4_msgs) StdoutLine: {'line': b'-- Up-to-date: /home/px4/ros2/ws/install/px4_msgs/include/px4_msgs/px4_msgs/msg/detail\n'}
[1.100266] (px4_msgs) StdoutLine: {'line': b'-- Up-to-date: /home/px4/ros2/ws/install/px4_msgs/include/px4_msgs/px4_msgs/msg/detail/neural_control__struct.hpp\n'}
[1.100336] (px4_msgs) StdoutLine: {'line': b'-- Up-to-date: /home/px4/ros2/ws/install/px4_msgs/include/px4_msgs/px4_msgs/msg/detail/estimator_bias3d__traits.hpp\n'}
[1.100399] (px4_msgs) StdoutLine: {'line': b'-- Up-to-date: /home/px4/ros2/ws/install/px4_msgs/include/px4_msgs/px4_msgs/msg/detail/parameter_set_used_request__type_support.hpp\n'}
[1.100464] (px4_msgs) StdoutLine: {'line': b'-- Up-to-date: /home/px4/ros2/ws/install/px4_msgs/include/px4_msgs/px4_msgs/msg/detail/task_stack_info__traits.hpp\n'}
[1.100511] (px4_msgs) StdoutLine: {'line': b'-- Up-to-date: /home/px4/ros2/ws/install/px4_msgs/include/px4_msgs/px4_msgs/msg/detail/estimator_bias__traits.hpp\n'}
[1.100557] (px4_msgs) StdoutLine: {'line': b'-- Up-to-date: /home/px4/ros2/ws/install/px4_msgs/include/px4_msgs/px4_msgs/msg/detail/tune_control__type_support.hpp\n'}
[1.100603] (px4_msgs) StdoutLine: {'line': b'-- Up-to-date: /home/px4/ros2/ws/install/px4_msgs/include/px4_msgs/px4_msgs/msg/detail/dronecan_node_status__builder.hpp\n'}
[1.100648] (px4_msgs) StdoutLine: {'line': b'-- Up-to-date: /home/px4/ros2/ws/install/px4_msgs/include/px4_msgs/px4_msgs/msg/detail/normalized_unsigned_setpoint__type_support.hpp\n'}
[1.100708] (px4_msgs) StdoutLine: {'line': b'-- Up-to-date: /home/px4/ros2/ws/install/px4_msgs/include/px4_msgs/px4_msgs/msg/detail/rover_attitude_status__type_support.hpp\n'}
[1.100796] (px4_msgs) StdoutLine: {'line': b'-- Up-to-date: /home/px4/ros2/ws/install/px4_msgs/include/px4_msgs/px4_msgs/msg/detail/irlock_report__traits.hpp\n'}
[1.100856] (px4_msgs) StdoutLine: {'line': b'-- Up-to-date: /home/px4/ros2/ws/install/px4_msgs/include/px4_msgs/px4_msgs/msg/detail/parameter_update__traits.hpp\n'}
[1.100916] (px4_msgs) StdoutLine: {'line': b'-- Up-to-date: /home/px4/ros2/ws/install/px4_msgs/include/px4_msgs/px4_msgs/msg/detail/estimator_aid_source3d__traits.hpp\n'}
[1.100972] (px4_msgs) StdoutLine: {'line': b'-- Up-to-date: /home/px4/ros2/ws/install/px4_msgs/include/px4_msgs/px4_msgs/msg/detail/gimbal_controls__traits.hpp\n'}
[1.101056] (px4_msgs) StdoutLine: {'line': b'-- Up-to-date: /home/px4/ros2/ws/install/px4_msgs/include/px4_msgs/px4_msgs/msg/detail/internal_combustion_engine_control__struct.hpp\n'}
[1.101134] (px4_msgs) StdoutLine: {'line': b'-- Up-to-date: /home/px4/ros2/ws/install/px4_msgs/include/px4_msgs/px4_msgs/msg/detail/sensor_preflight_mag__traits.hpp\n'}
[1.101194] (px4_msgs) StdoutLine: {'line': b'-- Up-to-date: /home/px4/ros2/ws/install/px4_msgs/include/px4_msgs/px4_msgs/msg/detail/sensor_gyro_fifo__traits.hpp\n'}
[1.101251] (px4_msgs) StdoutLine: {'line': b'-- Up-to-date: /home/px4/ros2/ws/install/px4_msgs/include/px4_msgs/px4_msgs/msg/detail/dataman_response__type_support.hpp\n'}
[1.101350] (-) TimerEvent: {}
[1.101435] (px4_msgs) StdoutLine: {'line': b'-- Up-to-date: /home/px4/ros2/ws/install/px4_msgs/include/px4_msgs/px4_msgs/msg/detail/system_power__builder.hpp\n'}
[1.101514] (px4_msgs) StdoutLine: {'line': b'-- Up-to-date: /home/px4/ros2/ws/install/px4_msgs/include/px4_msgs/px4_msgs/msg/detail/estimator_states__builder.hpp\n'}
[1.101638] (px4_msgs) StdoutLine: {'line': b'-- Up-to-date: /home/px4/ros2/ws/install/px4_msgs/include/px4_msgs/px4_msgs/msg/detail/ping__builder.hpp\n'}
[1.101750] (px4_msgs) StdoutLine: {'line': b'-- Up-to-date: /home/px4/ros2/ws/install/px4_msgs/include/px4_msgs/px4_msgs/msg/detail/normalized_unsigned_setpoint__traits.hpp\n'}
[1.101828] (px4_msgs) StdoutLine: {'line': b'-- Up-to-date: /home/px4/ros2/ws/install/px4_msgs/include/px4_msgs/px4_msgs/msg/detail/orb_test_large__builder.hpp\n'}
[1.101897] (px4_msgs) StdoutLine: {'line': b'-- Up-to-date: /home/px4/ros2/ws/install/px4_msgs/include/px4_msgs/px4_msgs/msg/detail/gimbal_device_information__type_support.hpp\n'}
[1.101968] (px4_msgs) StdoutLine: {'line': b'-- Up-to-date: /home/px4/ros2/ws/install/px4_msgs/include/px4_msgs/px4_msgs/msg/detail/rtl_time_estimate__traits.hpp\n'}
[1.102021] (px4_msgs) StdoutLine: {'line': b'-- Up-to-date: /home/px4/ros2/ws/install/px4_msgs/include/px4_msgs/px4_msgs/msg/detail/sensor_accel_fifo__struct.hpp\n'}
[1.102131] (px4_msgs) StdoutLine: {'line': b'-- Up-to-date: /home/px4/ros2/ws/install/px4_msgs/include/px4_msgs/px4_msgs/msg/detail/estimator_bias__builder.hpp\n'}
[1.102205] (px4_msgs) StdoutLine: {'line': b'-- Up-to-date: /home/px4/ros2/ws/install/px4_msgs/include/px4_msgs/px4_msgs/msg/detail/estimator_status_flags__type_support.hpp\n'}
[1.102301] (px4_msgs) StdoutLine: {'line': b'-- Up-to-date: /home/px4/ros2/ws/install/px4_msgs/include/px4_msgs/px4_msgs/msg/detail/vehicle_angular_acceleration_setpoint__struct.hpp\n'}
[1.102360] (px4_msgs) StdoutLine: {'line': b'-- Up-to-date: /home/px4/ros2/ws/install/px4_msgs/include/px4_msgs/px4_msgs/msg/detail/generator_status__type_support.hpp\n'}
[1.102446] (px4_msgs) StdoutLine: {'line': b'-- Up-to-date: /home/px4/ros2/ws/install/px4_msgs/include/px4_msgs/px4_msgs/msg/detail/launch_detection_status__type_support.hpp\n'}
[1.102537] (px4_msgs) StdoutLine: {'line': b'-- Up-to-date: /home/px4/ros2/ws/install/px4_msgs/include/px4_msgs/px4_msgs/msg/detail/takeoff_status__traits.hpp\n'}
[1.102590] (px4_msgs) StdoutLine: {'line': b'-- Up-to-date: /home/px4/ros2/ws/install/px4_msgs/include/px4_msgs/px4_msgs/msg/detail/orb_test_medium__type_support.hpp\n'}
[1.102672] (px4_msgs) StdoutLine: {'line': b'-- Up-to-date: /home/px4/ros2/ws/install/px4_msgs/include/px4_msgs/px4_msgs/msg/detail/sensor_combined__traits.hpp\n'}
[1.102731] (px4_msgs) StdoutLine: {'line': b'-- Up-to-date: /home/px4/ros2/ws/install/px4_msgs/include/px4_msgs/px4_msgs/msg/detail/mission_result__type_support.hpp\n'}
[1.102809] (px4_msgs) StdoutLine: {'line': b'-- Up-to-date: /home/px4/ros2/ws/install/px4_msgs/include/px4_msgs/px4_msgs/msg/detail/open_drone_id_self_id__struct.hpp\n'}
[1.102865] (px4_msgs) StdoutLine: {'line': b'-- Up-to-date: /home/px4/ros2/ws/install/px4_msgs/include/px4_msgs/px4_msgs/msg/detail/failsafe_flags__struct.hpp\n'}
[1.102916] (px4_msgs) StdoutLine: {'line': b'-- Up-to-date: /home/px4/ros2/ws/install/px4_msgs/include/px4_msgs/px4_msgs/msg/detail/sensor_combined__builder.hpp\n'}
[1.103024] (px4_msgs) StdoutLine: {'line': b'-- Up-to-date: /home/px4/ros2/ws/install/px4_msgs/include/px4_msgs/px4_msgs/msg/detail/onboard_computer_status__traits.hpp\n'}
[1.103084] (px4_msgs) StdoutLine: {'line': b'-- Up-to-date: /home/px4/ros2/ws/install/px4_msgs/include/px4_msgs/px4_msgs/msg/detail/navigator_status__type_support.hpp\n'}
[1.103144] (px4_msgs) StdoutLine: {'line': b'-- Up-to-date: /home/px4/ros2/ws/install/px4_msgs/include/px4_msgs/px4_msgs/msg/detail/battery_status__traits.hpp\n'}
[1.103220] (px4_msgs) StdoutLine: {'line': b'-- Up-to-date: /home/px4/ros2/ws/install/px4_msgs/include/px4_msgs/px4_msgs/msg/detail/estimator_status__builder.hpp\n'}
[1.103286] (px4_msgs) StdoutLine: {'line': b'-- Up-to-date: /home/px4/ros2/ws/install/px4_msgs/include/px4_msgs/px4_msgs/msg/detail/vehicle_magnetometer__builder.hpp\n'}
[1.103346] (px4_msgs) StdoutLine: {'line': b'-- Up-to-date: /home/px4/ros2/ws/install/px4_msgs/include/px4_msgs/px4_msgs/msg/detail/sensor_preflight_mag__struct.hpp\n'}
[1.103422] (px4_msgs) StdoutLine: {'line': b'-- Up-to-date: /home/px4/ros2/ws/install/px4_msgs/include/px4_msgs/px4_msgs/msg/detail/lateral_control_configuration__traits.hpp\n'}
[1.103491] (px4_msgs) StdoutLine: {'line': b'-- Up-to-date: /home/px4/ros2/ws/install/px4_msgs/include/px4_msgs/px4_msgs/msg/detail/mavlink_tunnel__builder.hpp\n'}
[1.103554] (px4_msgs) StdoutLine: {'line': b'-- Up-to-date: /home/px4/ros2/ws/install/px4_msgs/include/px4_msgs/px4_msgs/msg/detail/estimator_aid_source1d__struct.hpp\n'}
[1.103610] (px4_msgs) StdoutLine: {'line': b'-- Up-to-date: /home/px4/ros2/ws/install/px4_msgs/include/px4_msgs/px4_msgs/msg/detail/iridiumsbd_status__struct.hpp\n'}
[1.103685] (px4_msgs) StdoutLine: {'line': b'-- Up-to-date: /home/px4/ros2/ws/install/px4_msgs/include/px4_msgs/px4_msgs/msg/detail/parameter_set_value_request__struct.hpp\n'}
[1.103934] (px4_msgs) StdoutLine: {'line': b'-- Up-to-date: /home/px4/ros2/ws/install/px4_msgs/include/px4_msgs/px4_msgs/msg/detail/position_controller_landing_status__struct.hpp\n'}
[1.104023] (px4_msgs) StdoutLine: {'line': b'-- Up-to-date: /home/px4/ros2/ws/install/px4_msgs/include/px4_msgs/px4_msgs/msg/detail/ekf2_timestamps__traits.hpp\n'}
[1.104086] (px4_msgs) StdoutLine: {'line': b'-- Up-to-date: /home/px4/ros2/ws/install/px4_msgs/include/px4_msgs/px4_msgs/msg/detail/parameter_reset_request__struct.hpp\n'}
[1.104146] (px4_msgs) StdoutLine: {'line': b'-- Up-to-date: /home/px4/ros2/ws/install/px4_msgs/include/px4_msgs/px4_msgs/msg/detail/rover_rate_setpoint__struct.hpp\n'}
[1.104205] (px4_msgs) StdoutLine: {'line': b'-- Up-to-date: /home/px4/ros2/ws/install/px4_msgs/include/px4_msgs/px4_msgs/msg/detail/power_button_state__builder.hpp\n'}
[1.104287] (px4_msgs) StdoutLine: {'line': b'-- Up-to-date: /home/px4/ros2/ws/install/px4_msgs/include/px4_msgs/px4_msgs/msg/detail/gimbal_manager_set_attitude__type_support.hpp\n'}
[1.104345] (px4_msgs) StdoutLine: {'line': b'-- Up-to-date: /home/px4/ros2/ws/install/px4_msgs/include/px4_msgs/px4_msgs/msg/detail/parameter_set_value_response__builder.hpp\n'}
[1.104406] (px4_msgs) StdoutLine: {'line': b'-- Up-to-date: /home/px4/ros2/ws/install/px4_msgs/include/px4_msgs/px4_msgs/msg/detail/rover_position_setpoint__struct.hpp\n'}
[1.104466] (px4_msgs) StdoutLine: {'line': b'-- Up-to-date: /home/px4/ros2/ws/install/px4_msgs/include/px4_msgs/px4_msgs/msg/detail/sensor_accel__type_support.hpp\n'}
[1.104523] (px4_msgs) StdoutLine: {'line': b'-- Up-to-date: /home/px4/ros2/ws/install/px4_msgs/include/px4_msgs/px4_msgs/msg/detail/estimator_aid_source2d__builder.hpp\n'}
[1.104583] (px4_msgs) StdoutLine: {'line': b'-- Up-to-date: /home/px4/ros2/ws/install/px4_msgs/include/px4_msgs/px4_msgs/msg/detail/obstacle_distance__traits.hpp\n'}
[1.104669] (px4_msgs) StdoutLine: {'line': b'-- Up-to-date: /home/px4/ros2/ws/install/px4_msgs/include/px4_msgs/px4_msgs/msg/detail/power_monitor__struct.hpp\n'}
[1.104732] (px4_msgs) StdoutLine: {'line': b'-- Up-to-date: /home/px4/ros2/ws/install/px4_msgs/include/px4_msgs/px4_msgs/msg/detail/trajectory_setpoint6dof__type_support.hpp\n'}
[1.104807] (px4_msgs) StdoutLine: {'line': b'-- Up-to-date: /home/px4/ros2/ws/install/px4_msgs/include/px4_msgs/px4_msgs/msg/detail/launch_detection_status__struct.hpp\n'}
[1.104867] (px4_msgs) StdoutLine: {'line': b'-- Up-to-date: /home/px4/ros2/ws/install/px4_msgs/include/px4_msgs/px4_msgs/msg/detail/navigator_status__traits.hpp\n'}
[1.104928] (px4_msgs) StdoutLine: {'line': b'-- Up-to-date: /home/px4/ros2/ws/install/px4_msgs/include/px4_msgs/px4_msgs/msg/detail/airspeed_validated__struct.hpp\n'}
[1.104999] (px4_msgs) StdoutLine: {'line': b'-- Up-to-date: /home/px4/ros2/ws/install/px4_msgs/include/px4_msgs/px4_msgs/msg/detail/onboard_computer_status__struct.hpp\n'}
[1.105066] (px4_msgs) StdoutLine: {'line': b'-- Up-to-date: /home/px4/ros2/ws/install/px4_msgs/include/px4_msgs/px4_msgs/msg/detail/autotune_attitude_control_status__struct.hpp\n'}
[1.105127] (px4_msgs) StdoutLine: {'line': b'-- Up-to-date: /home/px4/ros2/ws/install/px4_msgs/include/px4_msgs/px4_msgs/msg/detail/estimator_bias3d__struct.hpp\n'}
[1.105218] (px4_msgs) StdoutLine: {'line': b'-- Up-to-date: /home/px4/ros2/ws/install/px4_msgs/include/px4_msgs/px4_msgs/msg/detail/actuator_outputs__struct.hpp\n'}
[1.105280] (px4_msgs) StdoutLine: {'line': b'-- Up-to-date: /home/px4/ros2/ws/install/px4_msgs/include/px4_msgs/px4_msgs/msg/detail/orb_test__builder.hpp\n'}
[1.105342] (px4_msgs) StdoutLine: {'line': b'-- Up-to-date: /home/px4/ros2/ws/install/px4_msgs/include/px4_msgs/px4_msgs/msg/detail/transponder_report__traits.hpp\n'}
[1.105403] (px4_msgs) StdoutLine: {'line': b'-- Up-to-date: /home/px4/ros2/ws/install/px4_msgs/include/px4_msgs/px4_msgs/msg/detail/actuator_outputs__builder.hpp\n'}
[1.105474] (px4_msgs) StdoutLine: {'line': b'-- Up-to-date: /home/px4/ros2/ws/install/px4_msgs/include/px4_msgs/px4_msgs/msg/detail/rover_position_setpoint__builder.hpp\n'}
[1.105540] (px4_msgs) StdoutLine: {'line': b'-- Up-to-date: /home/px4/ros2/ws/install/px4_msgs/include/px4_msgs/px4_msgs/msg/detail/camera_trigger__struct.hpp\n'}
[1.105605] (px4_msgs) StdoutLine: {'line': b'-- Up-to-date: /home/px4/ros2/ws/install/px4_msgs/include/px4_msgs/px4_msgs/msg/detail/tecs_status__struct.hpp\n'}
[1.105666] (px4_msgs) StdoutLine: {'line': b'-- Up-to-date: /home/px4/ros2/ws/install/px4_msgs/include/px4_msgs/px4_msgs/msg/detail/rtl_status__traits.hpp\n'}
[1.105737] (px4_msgs) StdoutLine: {'line': b'-- Up-to-date: /home/px4/ros2/ws/install/px4_msgs/include/px4_msgs/px4_msgs/msg/detail/distance_sensor_mode_change_request__traits.hpp\n'}
[1.105817] (px4_msgs) StdoutLine: {'line': b'-- Up-to-date: /home/px4/ros2/ws/install/px4_msgs/include/px4_msgs/px4_msgs/msg/detail/uavcan_parameter_value__type_support.hpp\n'}
[1.105889] (px4_msgs) StdoutLine: {'line': b'-- Up-to-date: /home/px4/ros2/ws/install/px4_msgs/include/px4_msgs/px4_msgs/msg/detail/sensors_status__type_support.hpp\n'}
[1.105960] (px4_msgs) StdoutLine: {'line': b'-- Up-to-date: /home/px4/ros2/ws/install/px4_msgs/include/px4_msgs/px4_msgs/msg/detail/gpio_request__traits.hpp\n'}
[1.106014] (px4_msgs) StdoutLine: {'line': b'-- Up-to-date: /home/px4/ros2/ws/install/px4_msgs/include/px4_msgs/px4_msgs/msg/detail/distance_sensor_mode_change_request__type_support.hpp\n'}
[1.106092] (px4_msgs) StdoutLine: {'line': b'-- Up-to-date: /home/px4/ros2/ws/install/px4_msgs/include/px4_msgs/px4_msgs/msg/detail/orb_test__struct.hpp\n'}
[1.106169] (px4_msgs) StdoutLine: {'line': b'-- Up-to-date: /home/px4/ros2/ws/install/px4_msgs/include/px4_msgs/px4_msgs/msg/detail/rtl_time_estimate__builder.hpp\n'}
[1.106251] (px4_msgs) StdoutLine: {'line': b'-- Up-to-date: /home/px4/ros2/ws/install/px4_msgs/include/px4_msgs/px4_msgs/msg/detail/vehicle_constraints__struct.hpp\n'}
[1.106437] (px4_msgs) StdoutLine: {'line': b'-- Up-to-date: /home/px4/ros2/ws/install/px4_msgs/include/px4_msgs/px4_msgs/msg/detail/rpm__type_support.hpp\n'}
[1.106519] (px4_msgs) StdoutLine: {'line': b'-- Up-to-date: /home/px4/ros2/ws/install/px4_msgs/include/px4_msgs/px4_msgs/msg/detail/geofence_result__type_support.hpp\n'}
[1.106611] (px4_msgs) StdoutLine: {'line': b'-- Up-to-date: /home/px4/ros2/ws/install/px4_msgs/include/px4_msgs/px4_msgs/msg/detail/internal_combustion_engine_control__traits.hpp\n'}
[1.106694] (px4_msgs) StdoutLine: {'line': b'-- Up-to-date: /home/px4/ros2/ws/install/px4_msgs/include/px4_msgs/px4_msgs/msg/detail/config_overrides__struct.hpp\n'}
[1.106805] (px4_msgs) StdoutLine: {'line': b'-- Up-to-date: /home/px4/ros2/ws/install/px4_msgs/include/px4_msgs/px4_msgs/msg/detail/uavcan_parameter_request__traits.hpp\n'}
[1.106886] (px4_msgs) StdoutLine: {'line': b'-- Up-to-date: /home/px4/ros2/ws/install/px4_msgs/include/px4_msgs/px4_msgs/msg/detail/offboard_control_mode__builder.hpp\n'}
[1.107092] (px4_msgs) StdoutLine: {'line': b'-- Up-to-date: /home/px4/ros2/ws/install/px4_msgs/include/px4_msgs/px4_msgs/msg/detail/orb_test_large__struct.hpp\n'}
[1.107175] (px4_msgs) StdoutLine: {'line': b'-- Up-to-date: /home/px4/ros2/ws/install/px4_msgs/include/px4_msgs/px4_msgs/msg/detail/config_overrides__type_support.hpp\n'}
[1.107238] (px4_msgs) StdoutLine: {'line': b'-- Up-to-date: /home/px4/ros2/ws/install/px4_msgs/include/px4_msgs/px4_msgs/msg/detail/message_format_response__traits.hpp\n'}
[1.107314] (px4_msgs) StdoutLine: {'line': b'-- Up-to-date: /home/px4/ros2/ws/install/px4_msgs/include/px4_msgs/px4_msgs/msg/detail/internal_combustion_engine_control__builder.hpp\n'}
[1.107390] (px4_msgs) StdoutLine: {'line': b'-- Up-to-date: /home/px4/ros2/ws/install/px4_msgs/include/px4_msgs/px4_msgs/msg/detail/estimator_aid_source2d__traits.hpp\n'}
[1.107454] (px4_msgs) StdoutLine: {'line': b'-- Up-to-date: /home/px4/ros2/ws/install/px4_msgs/include/px4_msgs/px4_msgs/msg/detail/offboard_control_mode__struct.hpp\n'}
[1.107514] (px4_msgs) StdoutLine: {'line': b'-- Up-to-date: /home/px4/ros2/ws/install/px4_msgs/include/px4_msgs/px4_msgs/msg/detail/log_message__struct.hpp\n'}
[1.107615] (px4_msgs) StdoutLine: {'line': b'-- Up-to-date: /home/px4/ros2/ws/install/px4_msgs/include/px4_msgs/px4_msgs/msg/detail/figure_eight_status__traits.hpp\n'}
[1.107686] (px4_msgs) StdoutLine: {'line': b'-- Up-to-date: /home/px4/ros2/ws/install/px4_msgs/include/px4_msgs/px4_msgs/msg/detail/failure_detector_status__builder.hpp\n'}
[1.107786] (px4_msgs) StdoutLine: {'line': b'-- Up-to-date: /home/px4/ros2/ws/install/px4_msgs/include/px4_msgs/px4_msgs/msg/detail/navigator_status__struct.hpp\n'}
[1.107858] (px4_msgs) StdoutLine: {'line': b'-- Up-to-date: /home/px4/ros2/ws/install/px4_msgs/include/px4_msgs/px4_msgs/msg/detail/parameter_set_value_response__type_support.hpp\n'}
[1.107919] (px4_msgs) StdoutLine: {'line': b'-- Up-to-date: /home/px4/ros2/ws/install/px4_msgs/include/px4_msgs/px4_msgs/msg/detail/estimator_bias__type_support.hpp\n'}
[1.108017] (px4_msgs) StdoutLine: {'line': b'-- Up-to-date: /home/px4/ros2/ws/install/px4_msgs/include/px4_msgs/px4_msgs/msg/detail/gps_inject_data__traits.hpp\n'}
[1.108087] (px4_msgs) StdoutLine: {'line': b'-- Up-to-date: /home/px4/ros2/ws/install/px4_msgs/include/px4_msgs/px4_msgs/msg/detail/vehicle_attitude_setpoint__type_support.hpp\n'}
[1.108180] (px4_msgs) StdoutLine: {'line': b'-- Up-to-date: /home/px4/ros2/ws/install/px4_msgs/include/px4_msgs/px4_msgs/msg/detail/rover_velocity_status__type_support.hpp\n'}
[1.108267] (px4_msgs) StdoutLine: {'line': b'-- Up-to-date: /home/px4/ros2/ws/install/px4_msgs/include/px4_msgs/px4_msgs/msg/detail/gimbal_device_set_attitude__struct.hpp\n'}
[1.108341] (px4_msgs) StdoutLine: {'line': b'-- Up-to-date: /home/px4/ros2/ws/install/px4_msgs/include/px4_msgs/px4_msgs/msg/detail/vehicle_angular_acceleration_setpoint__type_support.hpp\n'}
[1.108407] (px4_msgs) StdoutLine: {'line': b'-- Up-to-date: /home/px4/ros2/ws/install/px4_msgs/include/px4_msgs/px4_msgs/msg/detail/landing_gear_wheel__type_support.hpp\n'}
[1.108457] (px4_msgs) StdoutLine: {'line': b'-- Up-to-date: /home/px4/ros2/ws/install/px4_msgs/include/px4_msgs/px4_msgs/msg/detail/manual_control_setpoint__type_support.hpp\n'}
[1.108534] (px4_msgs) StdoutLine: {'line': b'-- Up-to-date: /home/px4/ros2/ws/install/px4_msgs/include/px4_msgs/px4_msgs/msg/detail/vehicle_command__type_support.hpp\n'}
[1.108604] (px4_msgs) StdoutLine: {'line': b'-- Up-to-date: /home/px4/ros2/ws/install/px4_msgs/include/px4_msgs/px4_msgs/msg/detail/follow_target_estimator__struct.hpp\n'}
[1.108664] (px4_msgs) StdoutLine: {'line': b'-- Up-to-date: /home/px4/ros2/ws/install/px4_msgs/include/px4_msgs/px4_msgs/msg/detail/gimbal_manager_status__traits.hpp\n'}
[1.108756] (px4_msgs) StdoutLine: {'line': b'-- Up-to-date: /home/px4/ros2/ws/install/px4_msgs/include/px4_msgs/px4_msgs/msg/detail/radio_status__struct.hpp\n'}
[1.108824] (px4_msgs) StdoutLine: {'line': b'-- Up-to-date: /home/px4/ros2/ws/install/px4_msgs/include/px4_msgs/px4_msgs/msg/detail/sensor_airflow__type_support.hpp\n'}
[1.108930] (px4_msgs) StdoutLine: {'line': b'-- Up-to-date: /home/px4/ros2/ws/install/px4_msgs/include/px4_msgs/px4_msgs/msg/detail/landing_target_pose__struct.hpp\n'}
[1.109003] (px4_msgs) StdoutLine: {'line': b'-- Up-to-date: /home/px4/ros2/ws/install/px4_msgs/include/px4_msgs/px4_msgs/msg/detail/actuator_controls_status__traits.hpp\n'}
[1.109074] (px4_msgs) StdoutLine: {'line': b'-- Up-to-date: /home/px4/ros2/ws/install/px4_msgs/include/px4_msgs/px4_msgs/msg/detail/vehicle_control_mode__type_support.hpp\n'}
[1.109164] (px4_msgs) StdoutLine: {'line': b'-- Up-to-date: /home/px4/ros2/ws/install/px4_msgs/include/px4_msgs/px4_msgs/msg/detail/rover_velocity_status__traits.hpp\n'}
[1.109230] (px4_msgs) StdoutLine: {'line': b'-- Up-to-date: /home/px4/ros2/ws/install/px4_msgs/include/px4_msgs/px4_msgs/msg/detail/gimbal_manager_set_manual_control__type_support.hpp\n'}
[1.109302] (px4_msgs) StdoutLine: {'line': b'-- Up-to-date: /home/px4/ros2/ws/install/px4_msgs/include/px4_msgs/px4_msgs/msg/detail/actuator_controls_status__type_support.hpp\n'}
[1.109363] (px4_msgs) StdoutLine: {'line': b'-- Up-to-date: /home/px4/ros2/ws/install/px4_msgs/include/px4_msgs/px4_msgs/msg/detail/rover_throttle_setpoint__type_support.hpp\n'}
[1.109430] (px4_msgs) StdoutLine: {'line': b'-- Up-to-date: /home/px4/ros2/ws/install/px4_msgs/include/px4_msgs/px4_msgs/msg/detail/estimator_bias__struct.hpp\n'}
[1.109489] (px4_msgs) StdoutLine: {'line': b'-- Up-to-date: /home/px4/ros2/ws/install/px4_msgs/include/px4_msgs/px4_msgs/msg/detail/vehicle_local_position__struct.hpp\n'}
[1.109562] (px4_msgs) StdoutLine: {'line': b'-- Up-to-date: /home/px4/ros2/ws/install/px4_msgs/include/px4_msgs/px4_msgs/msg/detail/fixed_wing_lateral_guidance_status__builder.hpp\n'}
[1.109620] (px4_msgs) StdoutLine: {'line': b'-- Up-to-date: /home/px4/ros2/ws/install/px4_msgs/include/px4_msgs/px4_msgs/msg/detail/uavcan_parameter_value__struct.hpp\n'}
[1.109966] (px4_msgs) StdoutLine: {'line': b'-- Up-to-date: /home/px4/ros2/ws/install/px4_msgs/include/px4_msgs/px4_msgs/msg/detail/open_drone_id_self_id__builder.hpp\n'}
[1.110034] (px4_msgs) StdoutLine: {'line': b'-- Up-to-date: /home/px4/ros2/ws/install/px4_msgs/include/px4_msgs/px4_msgs/msg/detail/qshell_req__builder.hpp\n'}
[1.110095] (px4_msgs) StdoutLine: {'line': b'-- Up-to-date: /home/px4/ros2/ws/install/px4_msgs/include/px4_msgs/px4_msgs/msg/detail/vehicle_thrust_setpoint__traits.hpp\n'}
[1.110205] (px4_msgs) StdoutLine: {'line': b'-- Up-to-date: /home/px4/ros2/ws/install/px4_msgs/include/px4_msgs/px4_msgs/msg/detail/mode_completed__traits.hpp\n'}
[1.110276] (px4_msgs) StdoutLine: {'line': b'-- Up-to-date: /home/px4/ros2/ws/install/px4_msgs/include/px4_msgs/px4_msgs/msg/detail/adc_report__type_support.hpp\n'}
[1.110335] (px4_msgs) StdoutLine: {'line': b'-- Up-to-date: /home/px4/ros2/ws/install/px4_msgs/include/px4_msgs/px4_msgs/msg/detail/battery_info__traits.hpp\n'}
[1.110404] (px4_msgs) StdoutLine: {'line': b'-- Up-to-date: /home/px4/ros2/ws/install/px4_msgs/include/px4_msgs/px4_msgs/msg/detail/rtl_status__struct.hpp\n'}
[1.110470] (px4_msgs) StdoutLine: {'line': b'-- Up-to-date: /home/px4/ros2/ws/install/px4_msgs/include/px4_msgs/px4_msgs/msg/detail/parameter_reset_request__type_support.hpp\n'}
[1.110532] (px4_msgs) StdoutLine: {'line': b'-- Up-to-date: /home/px4/ros2/ws/install/px4_msgs/include/px4_msgs/px4_msgs/msg/detail/iridiumsbd_status__type_support.hpp\n'}
[1.110601] (px4_msgs) StdoutLine: {'line': b'-- Up-to-date: /home/px4/ros2/ws/install/px4_msgs/include/px4_msgs/px4_msgs/msg/detail/follow_target_status__type_support.hpp\n'}
[1.110664] (px4_msgs) StdoutLine: {'line': b'-- Up-to-date: /home/px4/ros2/ws/install/px4_msgs/include/px4_msgs/px4_msgs/msg/detail/sensor_baro__traits.hpp\n'}
[1.110727] (px4_msgs) StdoutLine: {'line': b'-- Up-to-date: /home/px4/ros2/ws/install/px4_msgs/include/px4_msgs/px4_msgs/msg/detail/obstacle_distance__builder.hpp\n'}
[1.110820] (px4_msgs) StdoutLine: {'line': b'-- Up-to-date: /home/px4/ros2/ws/install/px4_msgs/include/px4_msgs/px4_msgs/msg/detail/esc_status__traits.hpp\n'}
[1.110924] (px4_msgs) StdoutLine: {'line': b'-- Up-to-date: /home/px4/ros2/ws/install/px4_msgs/include/px4_msgs/px4_msgs/msg/detail/open_drone_id_arm_status__type_support.hpp\n'}
[1.110987] (px4_msgs) StdoutLine: {'line': b'-- Up-to-date: /home/px4/ros2/ws/install/px4_msgs/include/px4_msgs/px4_msgs/msg/detail/estimator_aid_source2d__struct.hpp\n'}
[1.111067] (px4_msgs) StdoutLine: {'line': b'-- Up-to-date: /home/px4/ros2/ws/install/px4_msgs/include/px4_msgs/px4_msgs/msg/detail/tecs_status__type_support.hpp\n'}
[1.111135] (px4_msgs) StdoutLine: {'line': b'-- Up-to-date: /home/px4/ros2/ws/install/px4_msgs/include/px4_msgs/px4_msgs/msg/detail/gimbal_device_attitude_status__struct.hpp\n'}
[1.111201] (px4_msgs) StdoutLine: {'line': b'-- Up-to-date: /home/px4/ros2/ws/install/px4_msgs/include/px4_msgs/px4_msgs/msg/detail/button_event__traits.hpp\n'}
[1.111262] (px4_msgs) StdoutLine: {'line': b'-- Up-to-date: /home/px4/ros2/ws/install/px4_msgs/include/px4_msgs/px4_msgs/msg/detail/action_request__type_support.hpp\n'}
[1.111324] (px4_msgs) StdoutLine: {'line': b'-- Up-to-date: /home/px4/ros2/ws/install/px4_msgs/include/px4_msgs/px4_msgs/msg/detail/sensor_preflight_mag__type_support.hpp\n'}
[1.111384] (px4_msgs) StdoutLine: {'line': b'-- Up-to-date: /home/px4/ros2/ws/install/px4_msgs/include/px4_msgs/px4_msgs/msg/detail/longitudinal_control_configuration__type_support.hpp\n'}
[1.111451] (px4_msgs) StdoutLine: {'line': b'-- Up-to-date: /home/px4/ros2/ws/install/px4_msgs/include/px4_msgs/px4_msgs/msg/detail/sensor_selection__type_support.hpp\n'}
[1.111519] (px4_msgs) StdoutLine: {'line': b'-- Up-to-date: /home/px4/ros2/ws/install/px4_msgs/include/px4_msgs/px4_msgs/msg/detail/mag_worker_data__traits.hpp\n'}
[1.111575] (px4_msgs) StdoutLine: {'line': b'-- Up-to-date: /home/px4/ros2/ws/install/px4_msgs/include/px4_msgs/px4_msgs/msg/detail/radio_status__traits.hpp\n'}
[1.111637] (px4_msgs) StdoutLine: {'line': b'-- Up-to-date: /home/px4/ros2/ws/install/px4_msgs/include/px4_msgs/px4_msgs/msg/detail/trajectory_setpoint6dof__builder.hpp\n'}
[1.111711] (px4_msgs) StdoutLine: {'line': b'-- Up-to-date: /home/px4/ros2/ws/install/px4_msgs/include/px4_msgs/px4_msgs/msg/detail/estimator_innovations__struct.hpp\n'}
[1.111811] (px4_msgs) StdoutLine: {'line': b'-- Up-to-date: /home/px4/ros2/ws/install/px4_msgs/include/px4_msgs/px4_msgs/msg/detail/transponder_report__type_support.hpp\n'}
[1.111892] (px4_msgs) StdoutLine: {'line': b'-- Up-to-date: /home/px4/ros2/ws/install/px4_msgs/include/px4_msgs/px4_msgs/msg/detail/distance_sensor__struct.hpp\n'}
[1.111957] (px4_msgs) StdoutLine: {'line': b'-- Up-to-date: /home/px4/ros2/ws/install/px4_msgs/include/px4_msgs/px4_msgs/msg/detail/navigator_mission_item__builder.hpp\n'}
[1.112019] (px4_msgs) StdoutLine: {'line': b'-- Up-to-date: /home/px4/ros2/ws/install/px4_msgs/include/px4_msgs/px4_msgs/msg/detail/qshell_retval__type_support.hpp\n'}
[1.112236] (px4_msgs) StdoutLine: {'line': b'-- Up-to-date: /home/px4/ros2/ws/install/px4_msgs/include/px4_msgs/px4_msgs/msg/detail/gps_dump__traits.hpp\n'}
[1.112329] (px4_msgs) StdoutLine: {'line': b'-- Up-to-date: /home/px4/ros2/ws/install/px4_msgs/include/px4_msgs/px4_msgs/msg/detail/vehicle_global_position__type_support.hpp\n'}
[1.112390] (px4_msgs) StdoutLine: {'line': b'-- Up-to-date: /home/px4/ros2/ws/install/px4_msgs/include/px4_msgs/px4_msgs/msg/detail/vtol_vehicle_status__struct.hpp\n'}
[1.112472] (px4_msgs) StdoutLine: {'line': b'-- Up-to-date: /home/px4/ros2/ws/install/px4_msgs/include/px4_msgs/px4_msgs/msg/detail/logger_status__type_support.hpp\n'}
[1.112865] (px4_msgs) StdoutLine: {'line': b'-- Up-to-date: /home/px4/ros2/ws/install/px4_msgs/include/px4_msgs/px4_msgs/msg/detail/estimator_aid_source2d__type_support.hpp\n'}
[1.112948] (px4_msgs) StdoutLine: {'line': b'-- Up-to-date: /home/px4/ros2/ws/install/px4_msgs/include/px4_msgs/px4_msgs/msg/detail/esc_status__builder.hpp\n'}
[1.113048] (px4_msgs) StdoutLine: {'line': b'-- Up-to-date: /home/px4/ros2/ws/install/px4_msgs/include/px4_msgs/px4_msgs/msg/detail/follow_target__builder.hpp\n'}
[1.113104] (px4_msgs) StdoutLine: {'line': b'-- Up-to-date: /home/px4/ros2/ws/install/px4_msgs/include/px4_msgs/px4_msgs/msg/detail/pwm_input__struct.hpp\n'}
[1.113153] (px4_msgs) StdoutLine: {'line': b'-- Up-to-date: /home/px4/ros2/ws/install/px4_msgs/include/px4_msgs/px4_msgs/msg/detail/dataman_request__traits.hpp\n'}
[1.113202] (px4_msgs) StdoutLine: {'line': b'-- Up-to-date: /home/px4/ros2/ws/install/px4_msgs/include/px4_msgs/px4_msgs/msg/detail/follow_target_estimator__builder.hpp\n'}
[1.113249] (px4_msgs) StdoutLine: {'line': b'-- Up-to-date: /home/px4/ros2/ws/install/px4_msgs/include/px4_msgs/px4_msgs/msg/detail/tune_control__builder.hpp\n'}
[1.113298] (px4_msgs) StdoutLine: {'line': b'-- Up-to-date: /home/px4/ros2/ws/install/px4_msgs/include/px4_msgs/px4_msgs/msg/detail/gpio_config__traits.hpp\n'}
[1.113344] (px4_msgs) StdoutLine: {'line': b'-- Up-to-date: /home/px4/ros2/ws/install/px4_msgs/include/px4_msgs/px4_msgs/msg/detail/airspeed__type_support.hpp\n'}
[1.113390] (px4_msgs) StdoutLine: {'line': b'-- Up-to-date: /home/px4/ros2/ws/install/px4_msgs/include/px4_msgs/px4_msgs/msg/detail/landing_target_pose__builder.hpp\n'}
[1.113435] (px4_msgs) StdoutLine: {'line': b'-- Up-to-date: /home/px4/ros2/ws/install/px4_msgs/include/px4_msgs/px4_msgs/msg/detail/vehicle_thrust_setpoint__builder.hpp\n'}
[1.113482] (px4_msgs) StdoutLine: {'line': b'-- Up-to-date: /home/px4/ros2/ws/install/px4_msgs/include/px4_msgs/px4_msgs/msg/detail/system_power__type_support.hpp\n'}
[1.113526] (px4_msgs) StdoutLine: {'line': b'-- Up-to-date: /home/px4/ros2/ws/install/px4_msgs/include/px4_msgs/px4_msgs/msg/detail/open_drone_id_self_id__type_support.hpp\n'}
[1.113572] (px4_msgs) StdoutLine: {'line': b'-- Up-to-date: /home/px4/ros2/ws/install/px4_msgs/include/px4_msgs/px4_msgs/msg/detail/uavcan_parameter_value__builder.hpp\n'}
[1.113619] (px4_msgs) StdoutLine: {'line': b'-- Up-to-date: /home/px4/ros2/ws/install/px4_msgs/include/px4_msgs/px4_msgs/msg/detail/led_control__builder.hpp\n'}
[1.113664] (px4_msgs) StdoutLine: {'line': b'-- Up-to-date: /home/px4/ros2/ws/install/px4_msgs/include/px4_msgs/px4_msgs/msg/detail/sensor_uwb__builder.hpp\n'}
[1.113711] (px4_msgs) StdoutLine: {'line': b'-- Up-to-date: /home/px4/ros2/ws/install/px4_msgs/include/px4_msgs/px4_msgs/msg/detail/vehicle_global_position__builder.hpp\n'}
[1.113757] (px4_msgs) StdoutLine: {'line': b'-- Up-to-date: /home/px4/ros2/ws/install/px4_msgs/include/px4_msgs/px4_msgs/msg/detail/manual_control_setpoint__builder.hpp\n'}
[1.113819] (px4_msgs) StdoutLine: {'line': b'-- Up-to-date: /home/px4/ros2/ws/install/px4_msgs/include/px4_msgs/px4_msgs/msg/detail/gimbal_manager_set_attitude__struct.hpp\n'}
[1.113870] (px4_msgs) StdoutLine: {'line': b'-- Up-to-date: /home/px4/ros2/ws/install/px4_msgs/include/px4_msgs/px4_msgs/msg/detail/wheel_encoders__type_support.hpp\n'}
[1.113916] (px4_msgs) StdoutLine: {'line': b'-- Up-to-date: /home/px4/ros2/ws/install/px4_msgs/include/px4_msgs/px4_msgs/msg/detail/uavcan_parameter_request__builder.hpp\n'}
[1.113962] (px4_msgs) StdoutLine: {'line': b'-- Up-to-date: /home/px4/ros2/ws/install/px4_msgs/include/px4_msgs/px4_msgs/msg/detail/estimator_innovations__traits.hpp\n'}
[1.114007] (px4_msgs) StdoutLine: {'line': b'-- Up-to-date: /home/px4/ros2/ws/install/px4_msgs/include/px4_msgs/px4_msgs/msg/detail/system_power__struct.hpp\n'}
[1.114056] (px4_msgs) StdoutLine: {'line': b'-- Up-to-date: /home/px4/ros2/ws/install/px4_msgs/include/px4_msgs/px4_msgs/msg/detail/message_format_request__struct.hpp\n'}
[1.114103] (px4_msgs) StdoutLine: {'line': b'-- Up-to-date: /home/px4/ros2/ws/install/px4_msgs/include/px4_msgs/px4_msgs/msg/detail/button_event__builder.hpp\n'}
[1.114149] (px4_msgs) StdoutLine: {'line': b'-- Up-to-date: /home/px4/ros2/ws/install/px4_msgs/include/px4_msgs/px4_msgs/msg/detail/landing_target_pose__traits.hpp\n'}
[1.114207] (px4_msgs) StdoutLine: {'line': b'-- Up-to-date: /home/px4/ros2/ws/install/px4_msgs/include/px4_msgs/px4_msgs/msg/detail/parameter_set_used_request__struct.hpp\n'}
[1.114260] (px4_msgs) StdoutLine: {'line': b'-- Up-to-date: /home/px4/ros2/ws/install/px4_msgs/include/px4_msgs/px4_msgs/msg/detail/vehicle_constraints__builder.hpp\n'}
[1.114307] (px4_msgs) StdoutLine: {'line': b'-- Up-to-date: /home/px4/ros2/ws/install/px4_msgs/include/px4_msgs/px4_msgs/msg/detail/actuator_armed__type_support.hpp\n'}
[1.114354] (px4_msgs) StdoutLine: {'line': b'-- Up-to-date: /home/px4/ros2/ws/install/px4_msgs/include/px4_msgs/px4_msgs/msg/detail/parameter_set_value_response__traits.hpp\n'}
[1.114400] (px4_msgs) StdoutLine: {'line': b'-- Up-to-date: /home/px4/ros2/ws/install/px4_msgs/include/px4_msgs/px4_msgs/msg/detail/config_overrides__traits.hpp\n'}
[1.114446] (px4_msgs) StdoutLine: {'line': b'-- Up-to-date: /home/px4/ros2/ws/install/px4_msgs/include/px4_msgs/px4_msgs/msg/detail/failure_detector_status__type_support.hpp\n'}
[1.114493] (px4_msgs) StdoutLine: {'line': b'-- Up-to-date: /home/px4/ros2/ws/install/px4_msgs/include/px4_msgs/px4_msgs/msg/detail/vehicle_air_data__builder.hpp\n'}
[1.114545] (px4_msgs) StdoutLine: {'line': b'-- Up-to-date: /home/px4/ros2/ws/install/px4_msgs/include/px4_msgs/px4_msgs/msg/detail/fixed_wing_lateral_setpoint__type_support.hpp\n'}
[1.114660] (px4_msgs) StdoutLine: {'line': b'-- Up-to-date: /home/px4/ros2/ws/install/px4_msgs/include/px4_msgs/px4_msgs/msg/detail/power_monitor__traits.hpp\n'}
[1.114714] (px4_msgs) StdoutLine: {'line': b'-- Up-to-date: /home/px4/ros2/ws/install/px4_msgs/include/px4_msgs/px4_msgs/msg/detail/rc_parameter_map__traits.hpp\n'}
[1.114762] (px4_msgs) StdoutLine: {'line': b'-- Up-to-date: /home/px4/ros2/ws/install/px4_msgs/include/px4_msgs/px4_msgs/msg/detail/sensor_airflow__builder.hpp\n'}
[1.114825] (px4_msgs) StdoutLine: {'line': b'-- Up-to-date: /home/px4/ros2/ws/install/px4_msgs/include/px4_msgs/px4_msgs/msg/detail/pwm_input__traits.hpp\n'}
[1.114874] (px4_msgs) StdoutLine: {'line': b'-- Up-to-date: /home/px4/ros2/ws/install/px4_msgs/include/px4_msgs/px4_msgs/msg/detail/sensor_gps__traits.hpp\n'}
[1.114923] (px4_msgs) StdoutLine: {'line': b'-- Up-to-date: /home/px4/ros2/ws/install/px4_msgs/include/px4_msgs/px4_msgs/msg/detail/generator_status__builder.hpp\n'}
[1.114970] (px4_msgs) StdoutLine: {'line': b'-- Up-to-date: /home/px4/ros2/ws/install/px4_msgs/include/px4_msgs/px4_msgs/msg/detail/debug_value__traits.hpp\n'}
[1.115016] (px4_msgs) StdoutLine: {'line': b'-- Up-to-date: /home/px4/ros2/ws/install/px4_msgs/include/px4_msgs/px4_msgs/msg/detail/vehicle_torque_setpoint__struct.hpp\n'}
[1.115063] (px4_msgs) StdoutLine: {'line': b'-- Up-to-date: /home/px4/ros2/ws/install/px4_msgs/include/px4_msgs/px4_msgs/msg/detail/airspeed_wind__type_support.hpp\n'}
[1.115109] (px4_msgs) StdoutLine: {'line': b'-- Up-to-date: /home/px4/ros2/ws/install/px4_msgs/include/px4_msgs/px4_msgs/msg/detail/sensor_optical_flow__type_support.hpp\n'}
[1.115156] (px4_msgs) StdoutLine: {'line': b'-- Up-to-date: /home/px4/ros2/ws/install/px4_msgs/include/px4_msgs/px4_msgs/msg/detail/cellular_status__builder.hpp\n'}
[1.115202] (px4_msgs) StdoutLine: {'line': b'-- Up-to-date: /home/px4/ros2/ws/install/px4_msgs/include/px4_msgs/px4_msgs/msg/detail/message_format_response__builder.hpp\n'}
[1.115247] (px4_msgs) StdoutLine: {'line': b'-- Up-to-date: /home/px4/ros2/ws/install/px4_msgs/include/px4_msgs/px4_msgs/msg/detail/vehicle_roi__builder.hpp\n'}
[1.115294] (px4_msgs) StdoutLine: {'line': b'-- Up-to-date: /home/px4/ros2/ws/install/px4_msgs/include/px4_msgs/px4_msgs/msg/detail/vehicle_angular_velocity__struct.hpp\n'}
[1.115340] (px4_msgs) StdoutLine: {'line': b'-- Up-to-date: /home/px4/ros2/ws/install/px4_msgs/include/px4_msgs/px4_msgs/msg/detail/vehicle_imu_status__traits.hpp\n'}
[1.115388] (px4_msgs) StdoutLine: {'line': b'-- Up-to-date: /home/px4/ros2/ws/install/px4_msgs/include/px4_msgs/px4_msgs/msg/detail/vehicle_land_detected__type_support.hpp\n'}
[1.115434] (px4_msgs) StdoutLine: {'line': b'-- Up-to-date: /home/px4/ros2/ws/install/px4_msgs/include/px4_msgs/px4_msgs/msg/detail/gpio_config__type_support.hpp\n'}
[1.115480] (px4_msgs) StdoutLine: {'line': b'-- Up-to-date: /home/px4/ros2/ws/install/px4_msgs/include/px4_msgs/px4_msgs/msg/detail/vehicle_optical_flow_vel__builder.hpp\n'}
[1.115540] (px4_msgs) StdoutLine: {'line': b'-- Up-to-date: /home/px4/ros2/ws/install/px4_msgs/include/px4_msgs/px4_msgs/msg/detail/sensor_correction__struct.hpp\n'}
[1.115589] (px4_msgs) StdoutLine: {'line': b'-- Up-to-date: /home/px4/ros2/ws/install/px4_msgs/include/px4_msgs/px4_msgs/msg/detail/estimator_aid_source1d__type_support.hpp\n'}
[1.115635] (px4_msgs) StdoutLine: {'line': b'-- Up-to-date: /home/px4/ros2/ws/install/px4_msgs/include/px4_msgs/px4_msgs/msg/detail/vehicle_constraints__type_support.hpp\n'}
[1.115685] (px4_msgs) StdoutLine: {'line': b'-- Up-to-date: /home/px4/ros2/ws/install/px4_msgs/include/px4_msgs/px4_msgs/msg/detail/gimbal_controls__struct.hpp\n'}
[1.115732] (px4_msgs) StdoutLine: {'line': b'-- Up-to-date: /home/px4/ros2/ws/install/px4_msgs/include/px4_msgs/px4_msgs/msg/detail/message_format_request__type_support.hpp\n'}
[1.115787] (px4_msgs) StdoutLine: {'line': b'-- Up-to-date: /home/px4/ros2/ws/install/px4_msgs/include/px4_msgs/px4_msgs/msg/detail/gpio_config__builder.hpp\n'}
[1.115843] (px4_msgs) StdoutLine: {'line': b'-- Up-to-date: /home/px4/ros2/ws/install/px4_msgs/include/px4_msgs/px4_msgs/msg/detail/sensors_status_imu__struct.hpp\n'}
[1.115889] (px4_msgs) StdoutLine: {'line': b'-- Up-to-date: /home/px4/ros2/ws/install/px4_msgs/include/px4_msgs/px4_msgs/msg/detail/vehicle_magnetometer__traits.hpp\n'}
[1.115946] (px4_msgs) StdoutLine: {'line': b'-- Up-to-date: /home/px4/ros2/ws/install/px4_msgs/include/px4_msgs/px4_msgs/msg/detail/register_ext_component_reply__builder.hpp\n'}
[1.115993] (px4_msgs) StdoutLine: {'line': b'-- Up-to-date: /home/px4/ros2/ws/install/px4_msgs/include/px4_msgs/px4_msgs/msg/detail/fuel_tank_status__type_support.hpp\n'}
[1.116039] (px4_msgs) StdoutLine: {'line': b'-- Up-to-date: /home/px4/ros2/ws/install/px4_msgs/include/px4_msgs/px4_msgs/msg/detail/rover_throttle_setpoint__builder.hpp\n'}
[1.116085] (px4_msgs) StdoutLine: {'line': b'-- Up-to-date: /home/px4/ros2/ws/install/px4_msgs/include/px4_msgs/px4_msgs/msg/detail/normalized_unsigned_setpoint__builder.hpp\n'}
[1.116136] (px4_msgs) StdoutLine: {'line': b'-- Up-to-date: /home/px4/ros2/ws/install/px4_msgs/include/px4_msgs/px4_msgs/msg/detail/differential_pressure__builder.hpp\n'}
[1.116183] (px4_msgs) StdoutLine: {'line': b'-- Up-to-date: /home/px4/ros2/ws/install/px4_msgs/include/px4_msgs/px4_msgs/msg/detail/input_rc__type_support.hpp\n'}
[1.116229] (px4_msgs) StdoutLine: {'line': b'-- Up-to-date: /home/px4/ros2/ws/install/px4_msgs/include/px4_msgs/px4_msgs/msg/detail/arming_check_request__builder.hpp\n'}
[1.116273] (px4_msgs) StdoutLine: {'line': b'-- Up-to-date: /home/px4/ros2/ws/install/px4_msgs/include/px4_msgs/px4_msgs/msg/detail/position_setpoint__builder.hpp\n'}
[1.116319] (px4_msgs) StdoutLine: {'line': b'-- Up-to-date: /home/px4/ros2/ws/install/px4_msgs/include/px4_msgs/px4_msgs/msg/detail/rover_rate_setpoint__type_support.hpp\n'}
[1.116365] (px4_msgs) StdoutLine: {'line': b'-- Up-to-date: /home/px4/ros2/ws/install/px4_msgs/include/px4_msgs/px4_msgs/msg/detail/landing_gear_wheel__struct.hpp\n'}
[1.116410] (px4_msgs) StdoutLine: {'line': b'-- Up-to-date: /home/px4/ros2/ws/install/px4_msgs/include/px4_msgs/px4_msgs/msg/detail/wheel_encoders__struct.hpp\n'}
[1.116456] (px4_msgs) StdoutLine: {'line': b'-- Up-to-date: /home/px4/ros2/ws/install/px4_msgs/include/px4_msgs/px4_msgs/msg/detail/actuator_servos__type_support.hpp\n'}
[1.116503] (px4_msgs) StdoutLine: {'line': b'-- Up-to-date: /home/px4/ros2/ws/install/px4_msgs/include/px4_msgs/px4_msgs/msg/detail/landing_gear__builder.hpp\n'}
[1.116547] (px4_msgs) StdoutLine: {'line': b'-- Up-to-date: /home/px4/ros2/ws/install/px4_msgs/include/px4_msgs/px4_msgs/msg/detail/sensor_gyro_fft__traits.hpp\n'}
[1.116592] (px4_msgs) StdoutLine: {'line': b'-- Up-to-date: /home/px4/ros2/ws/install/px4_msgs/include/px4_msgs/px4_msgs/msg/detail/vehicle_land_detected__builder.hpp\n'}
[1.116637] (px4_msgs) StdoutLine: {'line': b'-- Up-to-date: /home/px4/ros2/ws/install/px4_msgs/include/px4_msgs/px4_msgs/msg/detail/rover_attitude_status__traits.hpp\n'}
[1.116689] (px4_msgs) StdoutLine: {'line': b'-- Up-to-date: /home/px4/ros2/ws/install/px4_msgs/include/px4_msgs/px4_msgs/msg/detail/gimbal_device_set_attitude__traits.hpp\n'}
[1.116735] (px4_msgs) StdoutLine: {'line': b'-- Up-to-date: /home/px4/ros2/ws/install/px4_msgs/include/px4_msgs/px4_msgs/msg/detail/timesync_status__type_support.hpp\n'}
[1.116788] (px4_msgs) StdoutLine: {'line': b'-- Up-to-date: /home/px4/ros2/ws/install/px4_msgs/include/px4_msgs/px4_msgs/msg/detail/debug_array__builder.hpp\n'}
[1.116841] (px4_msgs) StdoutLine: {'line': b'-- Up-to-date: /home/px4/ros2/ws/install/px4_msgs/include/px4_msgs/px4_msgs/msg/detail/px4io_status__type_support.hpp\n'}
[1.116888] (px4_msgs) StdoutLine: {'line': b'-- Up-to-date: /home/px4/ros2/ws/install/px4_msgs/include/px4_msgs/px4_msgs/msg/detail/vehicle_constraints__traits.hpp\n'}
[1.116934] (px4_msgs) StdoutLine: {'line': b'-- Up-to-date: /home/px4/ros2/ws/install/px4_msgs/include/px4_msgs/px4_msgs/msg/detail/rover_throttle_setpoint__struct.hpp\n'}
[1.116979] (px4_msgs) StdoutLine: {'line': b'-- Up-to-date: /home/px4/ros2/ws/install/px4_msgs/include/px4_msgs/px4_msgs/msg/detail/failsafe_flags__traits.hpp\n'}
[1.117025] (px4_msgs) StdoutLine: {'line': b'-- Up-to-date: /home/px4/ros2/ws/install/px4_msgs/include/px4_msgs/px4_msgs/msg/detail/vehicle_status__type_support.hpp\n'}
[1.117070] (px4_msgs) StdoutLine: {'line': b'-- Up-to-date: /home/px4/ros2/ws/install/px4_msgs/include/px4_msgs/px4_msgs/msg/detail/control_allocator_status__type_support.hpp\n'}
[1.117117] (px4_msgs) StdoutLine: {'line': b'-- Up-to-date: /home/px4/ros2/ws/install/px4_msgs/include/px4_msgs/px4_msgs/msg/detail/estimator_status_flags__struct.hpp\n'}
[1.117161] (px4_msgs) StdoutLine: {'line': b'-- Up-to-date: /home/px4/ros2/ws/install/px4_msgs/include/px4_msgs/px4_msgs/msg/detail/iridiumsbd_status__builder.hpp\n'}
[1.117210] (px4_msgs) StdoutLine: {'line': b'-- Up-to-date: /home/px4/ros2/ws/install/px4_msgs/include/px4_msgs/px4_msgs/msg/detail/differential_pressure__traits.hpp\n'}
[1.117256] (px4_msgs) StdoutLine: {'line': b'-- Up-to-date: /home/px4/ros2/ws/install/px4_msgs/include/px4_msgs/px4_msgs/msg/detail/magnetometer_bias_estimate__traits.hpp\n'}
[1.117302] (px4_msgs) StdoutLine: {'line': b'-- Up-to-date: /home/px4/ros2/ws/install/px4_msgs/include/px4_msgs/px4_msgs/msg/detail/vehicle_odometry__struct.hpp\n'}
[1.117349] (px4_msgs) StdoutLine: {'line': b'-- Up-to-date: /home/px4/ros2/ws/install/px4_msgs/include/px4_msgs/px4_msgs/msg/detail/arming_check_reply__struct.hpp\n'}
[1.117395] (px4_msgs) StdoutLine: {'line': b'-- Up-to-date: /home/px4/ros2/ws/install/px4_msgs/include/px4_msgs/px4_msgs/msg/detail/estimator_status__type_support.hpp\n'}
[1.117441] (px4_msgs) StdoutLine: {'line': b'-- Up-to-date: /home/px4/ros2/ws/install/px4_msgs/include/px4_msgs/px4_msgs/msg/detail/dronecan_node_status__struct.hpp\n'}
[1.117487] (px4_msgs) StdoutLine: {'line': b'-- Up-to-date: /home/px4/ros2/ws/install/px4_msgs/include/px4_msgs/px4_msgs/msg/detail/magnetometer_bias_estimate__struct.hpp\n'}
[1.117543] (px4_msgs) StdoutLine: {'line': b'-- Up-to-date: /home/px4/ros2/ws/install/px4_msgs/include/px4_msgs/px4_msgs/msg/detail/vehicle_attitude__struct.hpp\n'}
[1.117589] (px4_msgs) StdoutLine: {'line': b'-- Up-to-date: /home/px4/ros2/ws/install/px4_msgs/include/px4_msgs/px4_msgs/msg/detail/rtl_time_estimate__type_support.hpp\n'}
[1.117641] (px4_msgs) StdoutLine: {'line': b'-- Up-to-date: /home/px4/ros2/ws/install/px4_msgs/include/px4_msgs/px4_msgs/msg/detail/input_rc__builder.hpp\n'}
[1.117688] (px4_msgs) StdoutLine: {'line': b'-- Up-to-date: /home/px4/ros2/ws/install/px4_msgs/include/px4_msgs/px4_msgs/msg/detail/vehicle_thrust_setpoint__type_support.hpp\n'}
[1.117734] (px4_msgs) StdoutLine: {'line': b'-- Up-to-date: /home/px4/ros2/ws/install/px4_msgs/include/px4_msgs/px4_msgs/msg/detail/rate_ctrl_status__builder.hpp\n'}
[1.117788] (px4_msgs) StdoutLine: {'line': b'-- Up-to-date: /home/px4/ros2/ws/install/px4_msgs/include/px4_msgs/px4_msgs/msg/detail/vehicle_attitude_setpoint__traits.hpp\n'}
[1.117848] (px4_msgs) StdoutLine: {'line': b'-- Up-to-date: /home/px4/ros2/ws/install/px4_msgs/include/px4_msgs/px4_msgs/msg/detail/mavlink_tunnel__type_support.hpp\n'}
[1.117896] (px4_msgs) StdoutLine: {'line': b'-- Up-to-date: /home/px4/ros2/ws/install/px4_msgs/include/px4_msgs/px4_msgs/msg/detail/distance_sensor_mode_change_request__builder.hpp\n'}
[1.117943] (px4_msgs) StdoutLine: {'line': b'-- Up-to-date: /home/px4/ros2/ws/install/px4_msgs/include/px4_msgs/px4_msgs/msg/detail/open_drone_id_system__builder.hpp\n'}
[1.117990] (px4_msgs) StdoutLine: {'line': b'-- Up-to-date: /home/px4/ros2/ws/install/px4_msgs/include/px4_msgs/px4_msgs/msg/detail/vehicle_optical_flow__type_support.hpp\n'}
[1.118037] (px4_msgs) StdoutLine: {'line': b'-- Up-to-date: /home/px4/ros2/ws/install/px4_msgs/include/px4_msgs/px4_msgs/msg/detail/sensor_mag__builder.hpp\n'}
[1.118084] (px4_msgs) StdoutLine: {'line': b'-- Up-to-date: /home/px4/ros2/ws/install/px4_msgs/include/px4_msgs/px4_msgs/msg/detail/flight_phase_estimation__builder.hpp\n'}
[1.118131] (px4_msgs) StdoutLine: {'line': b'-- Up-to-date: /home/px4/ros2/ws/install/px4_msgs/include/px4_msgs/px4_msgs/msg/detail/actuator_motors__struct.hpp\n'}
[1.118178] (px4_msgs) StdoutLine: {'line': b'-- Up-to-date: /home/px4/ros2/ws/install/px4_msgs/include/px4_msgs/px4_msgs/msg/detail/landing_gear__type_support.hpp\n'}
[1.118224] (px4_msgs) StdoutLine: {'line': b'-- Up-to-date: /home/px4/ros2/ws/install/px4_msgs/include/px4_msgs/px4_msgs/msg/detail/timesync_status__builder.hpp\n'}
[1.118271] (px4_msgs) StdoutLine: {'line': b'-- Up-to-date: /home/px4/ros2/ws/install/px4_msgs/include/px4_msgs/px4_msgs/msg/detail/unregister_ext_component__builder.hpp\n'}
[1.118317] (px4_msgs) StdoutLine: {'line': b'-- Up-to-date: /home/px4/ros2/ws/install/px4_msgs/include/px4_msgs/px4_msgs/msg/detail/cpuload__traits.hpp\n'}
[1.118363] (px4_msgs) StdoutLine: {'line': b'-- Up-to-date: /home/px4/ros2/ws/install/px4_msgs/include/px4_msgs/px4_msgs/msg/detail/rover_steering_setpoint__traits.hpp\n'}
[1.118409] (px4_msgs) StdoutLine: {'line': b'-- Up-to-date: /home/px4/ros2/ws/install/px4_msgs/include/px4_msgs/px4_msgs/msg/detail/wheel_encoders__traits.hpp\n'}
[1.118455] (px4_msgs) StdoutLine: {'line': b'-- Up-to-date: /home/px4/ros2/ws/install/px4_msgs/include/px4_msgs/px4_msgs/msg/detail/vehicle_optical_flow__builder.hpp\n'}
[1.118503] (px4_msgs) StdoutLine: {'line': b'-- Up-to-date: /home/px4/ros2/ws/install/px4_msgs/include/px4_msgs/px4_msgs/msg/detail/rc_parameter_map__type_support.hpp\n'}
[1.118549] (px4_msgs) StdoutLine: {'line': b'-- Up-to-date: /home/px4/ros2/ws/install/px4_msgs/include/px4_msgs/px4_msgs/msg/detail/fuel_tank_status__traits.hpp\n'}
[1.118595] (px4_msgs) StdoutLine: {'line': b'-- Up-to-date: /home/px4/ros2/ws/install/px4_msgs/include/px4_msgs/px4_msgs/msg/detail/takeoff_status__type_support.hpp\n'}
[1.118640] (px4_msgs) StdoutLine: {'line': b'-- Up-to-date: /home/px4/ros2/ws/install/px4_msgs/include/px4_msgs/px4_msgs/msg/detail/logger_status__traits.hpp\n'}
[1.118686] (px4_msgs) StdoutLine: {'line': b'-- Up-to-date: /home/px4/ros2/ws/install/px4_msgs/include/px4_msgs/px4_msgs/msg/detail/generator_status__struct.hpp\n'}
[1.118731] (px4_msgs) StdoutLine: {'line': b'-- Up-to-date: /home/px4/ros2/ws/install/px4_msgs/include/px4_msgs/px4_msgs/msg/detail/gpio_config__struct.hpp\n'}
[1.118785] (px4_msgs) StdoutLine: {'line': b'-- Up-to-date: /home/px4/ros2/ws/install/px4_msgs/include/px4_msgs/px4_msgs/msg/detail/vehicle_rates_setpoint__type_support.hpp\n'}
[1.118838] (px4_msgs) StdoutLine: {'line': b'-- Up-to-date: /home/px4/ros2/ws/install/px4_msgs/include/px4_msgs/px4_msgs/msg/detail/vehicle_imu_status__struct.hpp\n'}
[1.118885] (px4_msgs) StdoutLine: {'line': b'-- Up-to-date: /home/px4/ros2/ws/install/px4_msgs/include/px4_msgs/px4_msgs/msg/detail/cpuload__builder.hpp\n'}
[1.118943] (px4_msgs) StdoutLine: {'line': b'-- Up-to-date: /home/px4/ros2/ws/install/px4_msgs/include/px4_msgs/px4_msgs/msg/detail/home_position__struct.hpp\n'}
[1.119002] (px4_msgs) StdoutLine: {'line': b'-- Up-to-date: /home/px4/ros2/ws/install/px4_msgs/include/px4_msgs/px4_msgs/msg/detail/vehicle_command__builder.hpp\n'}
[1.119059] (px4_msgs) StdoutLine: {'line': b'-- Up-to-date: /home/px4/ros2/ws/install/px4_msgs/include/px4_msgs/px4_msgs/msg/detail/internal_combustion_engine_status__builder.hpp\n'}
[1.119106] (px4_msgs) StdoutLine: {'line': b'-- Up-to-date: /home/px4/ros2/ws/install/px4_msgs/include/px4_msgs/px4_msgs/msg/detail/estimator_sensor_bias__builder.hpp\n'}
[1.119153] (px4_msgs) StdoutLine: {'line': b'-- Up-to-date: /home/px4/ros2/ws/install/px4_msgs/include/px4_msgs/px4_msgs/msg/detail/gps_inject_data__struct.hpp\n'}
[1.119203] (px4_msgs) StdoutLine: {'line': b'-- Up-to-date: /home/px4/ros2/ws/install/px4_msgs/include/px4_msgs/px4_msgs/msg/detail/mission__type_support.hpp\n'}
[1.119259] (px4_msgs) StdoutLine: {'line': b'-- Up-to-date: /home/px4/ros2/ws/install/px4_msgs/include/px4_msgs/px4_msgs/msg/detail/airspeed__traits.hpp\n'}
[1.119305] (px4_msgs) StdoutLine: {'line': b'-- Up-to-date: /home/px4/ros2/ws/install/px4_msgs/include/px4_msgs/px4_msgs/msg/detail/debug_vect__struct.hpp\n'}
[1.119352] (px4_msgs) StdoutLine: {'line': b'-- Up-to-date: /home/px4/ros2/ws/install/px4_msgs/include/px4_msgs/px4_msgs/msg/detail/landing_gear__traits.hpp\n'}
[1.119397] (px4_msgs) StdoutLine: {'line': b'-- Up-to-date: /home/px4/ros2/ws/install/px4_msgs/include/px4_msgs/px4_msgs/msg/detail/sensor_gnss_relative__traits.hpp\n'}
[1.119443] (px4_msgs) StdoutLine: {'line': b'-- Up-to-date: /home/px4/ros2/ws/install/px4_msgs/include/px4_msgs/px4_msgs/msg/detail/gimbal_manager_information__type_support.hpp\n'}
[1.119489] (px4_msgs) StdoutLine: {'line': b'-- Up-to-date: /home/px4/ros2/ws/install/px4_msgs/include/px4_msgs/px4_msgs/msg/detail/debug_vect__builder.hpp\n'}
[1.119535] (px4_msgs) StdoutLine: {'line': b'-- Up-to-date: /home/px4/ros2/ws/install/px4_msgs/include/px4_msgs/px4_msgs/msg/detail/fixed_wing_lateral_status__type_support.hpp\n'}
[1.119579] (px4_msgs) StdoutLine: {'line': b'-- Up-to-date: /home/px4/ros2/ws/install/px4_msgs/include/px4_msgs/px4_msgs/msg/detail/fixed_wing_lateral_guidance_status__traits.hpp\n'}
[1.119624] (px4_msgs) StdoutLine: {'line': b'-- Up-to-date: /home/px4/ros2/ws/install/px4_msgs/include/px4_msgs/px4_msgs/msg/detail/sensor_hygrometer__traits.hpp\n'}
[1.119670] (px4_msgs) StdoutLine: {'line': b'-- Up-to-date: /home/px4/ros2/ws/install/px4_msgs/include/px4_msgs/px4_msgs/msg/detail/estimator_gps_status__struct.hpp\n'}
[1.119715] (px4_msgs) StdoutLine: {'line': b'-- Up-to-date: /home/px4/ros2/ws/install/px4_msgs/include/px4_msgs/px4_msgs/msg/detail/actuator_outputs__traits.hpp\n'}
[1.119762] (px4_msgs) StdoutLine: {'line': b'-- Up-to-date: /home/px4/ros2/ws/install/px4_msgs/include/px4_msgs/px4_msgs/msg/detail/sensor_gyro__struct.hpp\n'}
[1.119824] (px4_msgs) StdoutLine: {'line': b'-- Up-to-date: /home/px4/ros2/ws/install/px4_msgs/include/px4_msgs/px4_msgs/msg/detail/wind__struct.hpp\n'}
[1.119873] (px4_msgs) StdoutLine: {'line': b'-- Up-to-date: /home/px4/ros2/ws/install/px4_msgs/include/px4_msgs/px4_msgs/msg/detail/pwm_input__builder.hpp\n'}
[1.119919] (px4_msgs) StdoutLine: {'line': b'-- Up-to-date: /home/px4/ros2/ws/install/px4_msgs/include/px4_msgs/px4_msgs/msg/detail/home_position__traits.hpp\n'}
[1.119964] (px4_msgs) StdoutLine: {'line': b'-- Up-to-date: /home/px4/ros2/ws/install/px4_msgs/include/px4_msgs/px4_msgs/msg/detail/cpuload__type_support.hpp\n'}
[1.120010] (px4_msgs) StdoutLine: {'line': b'-- Up-to-date: /home/px4/ros2/ws/install/px4_msgs/include/px4_msgs/px4_msgs/msg/detail/gpio_request__builder.hpp\n'}
[1.120054] (px4_msgs) StdoutLine: {'line': b'-- Up-to-date: /home/px4/ros2/ws/install/px4_msgs/include/px4_msgs/px4_msgs/msg/detail/follow_target__type_support.hpp\n'}
[1.120099] (px4_msgs) StdoutLine: {'line': b'-- Up-to-date: /home/px4/ros2/ws/install/px4_msgs/include/px4_msgs/px4_msgs/msg/detail/can_interface_status__struct.hpp\n'}
[1.120145] (px4_msgs) StdoutLine: {'line': b'-- Up-to-date: /home/px4/ros2/ws/install/px4_msgs/include/px4_msgs/px4_msgs/msg/detail/estimator_status__traits.hpp\n'}
[1.120198] (px4_msgs) StdoutLine: {'line': b'-- Up-to-date: /home/px4/ros2/ws/install/px4_msgs/include/px4_msgs/px4_msgs/msg/detail/vehicle_global_position__traits.hpp\n'}
[1.120255] (px4_msgs) StdoutLine: {'line': b'-- Up-to-date: /home/px4/ros2/ws/install/px4_msgs/include/px4_msgs/px4_msgs/msg/detail/estimator_event_flags__traits.hpp\n'}
[1.120325] (px4_msgs) StdoutLine: {'line': b'-- Up-to-date: /home/px4/ros2/ws/install/px4_msgs/include/px4_msgs/px4_msgs/msg/detail/sensor_uwb__type_support.hpp\n'}
[1.120607] (px4_msgs) StdoutLine: {'line': b'-- Up-to-date: /home/px4/ros2/ws/install/px4_msgs/include/px4_msgs/px4_msgs/msg/detail/vehicle_local_position_setpoint__builder.hpp\n'}
[1.120668] (px4_msgs) StdoutLine: {'line': b'-- Up-to-date: /home/px4/ros2/ws/install/px4_msgs/include/px4_msgs/px4_msgs/msg/detail/parameter_set_value_response__struct.hpp\n'}
[1.120720] (px4_msgs) StdoutLine: {'line': b'-- Up-to-date: /home/px4/ros2/ws/install/px4_msgs/include/px4_msgs/px4_msgs/msg/detail/vehicle_local_position_setpoint__type_support.hpp\n'}
[1.120769] (px4_msgs) StdoutLine: {'line': b'-- Up-to-date: /home/px4/ros2/ws/install/px4_msgs/include/px4_msgs/px4_msgs/msg/detail/vehicle_torque_setpoint__traits.hpp\n'}
[1.120835] (px4_msgs) StdoutLine: {'line': b'-- Up-to-date: /home/px4/ros2/ws/install/px4_msgs/include/px4_msgs/px4_msgs/msg/detail/actuator_controls_status__builder.hpp\n'}
[1.120885] (px4_msgs) StdoutLine: {'line': b'-- Up-to-date: /home/px4/ros2/ws/install/px4_msgs/include/px4_msgs/px4_msgs/msg/detail/actuator_controls_status__struct.hpp\n'}
[1.120935] (px4_msgs) StdoutLine: {'line': b'-- Up-to-date: /home/px4/ros2/ws/install/px4_msgs/include/px4_msgs/px4_msgs/msg/detail/qshell_req__type_support.hpp\n'}
[1.120982] (px4_msgs) StdoutLine: {'line': b'-- Up-to-date: /home/px4/ros2/ws/install/px4_msgs/include/px4_msgs/px4_msgs/msg/detail/ulog_stream__traits.hpp\n'}
[1.121036] (px4_msgs) StdoutLine: {'line': b'-- Up-to-date: /home/px4/ros2/ws/install/px4_msgs/include/px4_msgs/px4_msgs/msg/detail/figure_eight_status__builder.hpp\n'}
[1.121081] (px4_msgs) StdoutLine: {'line': b'-- Up-to-date: /home/px4/ros2/ws/install/px4_msgs/include/px4_msgs/px4_msgs/msg/detail/debug_array__traits.hpp\n'}
[1.121128] (px4_msgs) StdoutLine: {'line': b'-- Up-to-date: /home/px4/ros2/ws/install/px4_msgs/include/px4_msgs/px4_msgs/msg/detail/estimator_gps_status__builder.hpp\n'}
[1.121189] (px4_msgs) StdoutLine: {'line': b'-- Up-to-date: /home/px4/ros2/ws/install/px4_msgs/include/px4_msgs/px4_msgs/msg/detail/vehicle_imu__builder.hpp\n'}
[1.121238] (px4_msgs) StdoutLine: {'line': b'-- Up-to-date: /home/px4/ros2/ws/install/px4_msgs/include/px4_msgs/px4_msgs/msg/detail/home_position__type_support.hpp\n'}
[1.121284] (px4_msgs) StdoutLine: {'line': b'-- Up-to-date: /home/px4/ros2/ws/install/px4_msgs/include/px4_msgs/px4_msgs/msg/detail/vehicle_land_detected__struct.hpp\n'}
[1.121330] (px4_msgs) StdoutLine: {'line': b'-- Up-to-date: /home/px4/ros2/ws/install/px4_msgs/include/px4_msgs/px4_msgs/msg/detail/gps_dump__builder.hpp\n'}
[1.121380] (px4_msgs) StdoutLine: {'line': b'-- Up-to-date: /home/px4/ros2/ws/install/px4_msgs/include/px4_msgs/px4_msgs/msg/detail/rover_velocity_status__struct.hpp\n'}
[1.121427] (px4_msgs) StdoutLine: {'line': b'-- Up-to-date: /home/px4/ros2/ws/install/px4_msgs/include/px4_msgs/px4_msgs/msg/detail/parameter_update__struct.hpp\n'}
[1.121474] (px4_msgs) StdoutLine: {'line': b'-- Up-to-date: /home/px4/ros2/ws/install/px4_msgs/include/px4_msgs/px4_msgs/msg/detail/sensor_accel__struct.hpp\n'}
[1.121521] (px4_msgs) StdoutLine: {'line': b'-- Up-to-date: /home/px4/ros2/ws/install/px4_msgs/include/px4_msgs/px4_msgs/msg/detail/offboard_control_mode__type_support.hpp\n'}
[1.121567] (px4_msgs) StdoutLine: {'line': b'-- Up-to-date: /home/px4/ros2/ws/install/px4_msgs/include/px4_msgs/px4_msgs/msg/detail/mavlink_log__builder.hpp\n'}
[1.121612] (px4_msgs) StdoutLine: {'line': b'-- Up-to-date: /home/px4/ros2/ws/install/px4_msgs/include/px4_msgs/px4_msgs/msg/detail/estimator_sensor_bias__struct.hpp\n'}
[1.121665] (px4_msgs) StdoutLine: {'line': b'-- Up-to-date: /home/px4/ros2/ws/install/px4_msgs/include/px4_msgs/px4_msgs/msg/detail/event__struct.hpp\n'}
[1.121710] (px4_msgs) StdoutLine: {'line': b'-- Up-to-date: /home/px4/ros2/ws/install/px4_msgs/include/px4_msgs/px4_msgs/msg/detail/vehicle_attitude_setpoint__struct.hpp\n'}
[1.121757] (px4_msgs) StdoutLine: {'line': b'-- Up-to-date: /home/px4/ros2/ws/install/px4_msgs/include/px4_msgs/px4_msgs/msg/detail/system_power__traits.hpp\n'}
[1.121820] (px4_msgs) StdoutLine: {'line': b'-- Up-to-date: /home/px4/ros2/ws/install/px4_msgs/include/px4_msgs/px4_msgs/msg/detail/vtol_vehicle_status__builder.hpp\n'}
[1.121872] (px4_msgs) StdoutLine: {'line': b'-- Up-to-date: /home/px4/ros2/ws/install/px4_msgs/include/px4_msgs/px4_msgs/msg/detail/rc_parameter_map__builder.hpp\n'}
[1.121998] (px4_msgs) StdoutLine: {'line': b'-- Up-to-date: /home/px4/ros2/ws/install/px4_msgs/include/px4_msgs/px4_msgs/msg/detail/pps_capture__traits.hpp\n'}
[1.122053] (px4_msgs) StdoutLine: {'line': b'-- Up-to-date: /home/px4/ros2/ws/install/px4_msgs/include/px4_msgs/px4_msgs/msg/detail/rate_ctrl_status__traits.hpp\n'}
[1.122101] (px4_msgs) StdoutLine: {'line': b'-- Up-to-date: /home/px4/ros2/ws/install/px4_msgs/include/px4_msgs/px4_msgs/msg/detail/estimator_aid_source1d__builder.hpp\n'}
[1.122147] (px4_msgs) StdoutLine: {'line': b'-- Up-to-date: /home/px4/ros2/ws/install/px4_msgs/include/px4_msgs/px4_msgs/msg/detail/gimbal_device_set_attitude__type_support.hpp\n'}
[1.122192] (px4_msgs) StdoutLine: {'line': b'-- Up-to-date: /home/px4/ros2/ws/install/px4_msgs/include/px4_msgs/px4_msgs/msg/detail/velocity_limits__struct.hpp\n'}
[1.122241] (px4_msgs) StdoutLine: {'line': b'-- Up-to-date: /home/px4/ros2/ws/install/px4_msgs/include/px4_msgs/px4_msgs/msg/detail/airspeed_validated__traits.hpp\n'}
[1.122287] (px4_msgs) StdoutLine: {'line': b'-- Up-to-date: /home/px4/ros2/ws/install/px4_msgs/include/px4_msgs/px4_msgs/msg/detail/power_button_state__struct.hpp\n'}
[1.122333] (px4_msgs) StdoutLine: {'line': b'-- Up-to-date: /home/px4/ros2/ws/install/px4_msgs/include/px4_msgs/px4_msgs/msg/detail/ulog_stream__type_support.hpp\n'}
[1.122379] (px4_msgs) StdoutLine: {'line': b'-- Up-to-date: /home/px4/ros2/ws/install/px4_msgs/include/px4_msgs/px4_msgs/msg/detail/landing_gear_wheel__traits.hpp\n'}
[1.122425] (px4_msgs) StdoutLine: {'line': b'-- Up-to-date: /home/px4/ros2/ws/install/px4_msgs/include/px4_msgs/px4_msgs/msg/detail/internal_combustion_engine_status__traits.hpp\n'}
[1.122471] (px4_msgs) StdoutLine: {'line': b'-- Up-to-date: /home/px4/ros2/ws/install/px4_msgs/include/px4_msgs/px4_msgs/msg/detail/mount_orientation__builder.hpp\n'}
[1.122515] (px4_msgs) StdoutLine: {'line': b'-- Up-to-date: /home/px4/ros2/ws/install/px4_msgs/include/px4_msgs/px4_msgs/msg/detail/obstacle_distance__struct.hpp\n'}
[1.122563] (px4_msgs) StdoutLine: {'line': b'-- Up-to-date: /home/px4/ros2/ws/install/px4_msgs/include/px4_msgs/px4_msgs/msg/detail/vehicle_rates_setpoint__struct.hpp\n'}
[1.122609] (px4_msgs) StdoutLine: {'line': b'-- Up-to-date: /home/px4/ros2/ws/install/px4_msgs/include/px4_msgs/px4_msgs/msg/detail/estimator_selector_status__type_support.hpp\n'}
[1.122663] (px4_msgs) StdoutLine: {'line': b'-- Up-to-date: /home/px4/ros2/ws/install/px4_msgs/include/px4_msgs/px4_msgs/msg/detail/uavcan_parameter_value__traits.hpp\n'}
[1.122710] (px4_msgs) StdoutLine: {'line': b'-- Up-to-date: /home/px4/ros2/ws/install/px4_msgs/include/px4_msgs/px4_msgs/msg/detail/vehicle_odometry__builder.hpp\n'}
[1.122757] (px4_msgs) StdoutLine: {'line': b'-- Up-to-date: /home/px4/ros2/ws/install/px4_msgs/include/px4_msgs/px4_msgs/msg/detail/sensors_status_imu__type_support.hpp\n'}
[1.122821] (px4_msgs) StdoutLine: {'line': b'-- Up-to-date: /home/px4/ros2/ws/install/px4_msgs/include/px4_msgs/px4_msgs/msg/detail/satellite_info__type_support.hpp\n'}
[1.122870] (px4_msgs) StdoutLine: {'line': b'-- Up-to-date: /home/px4/ros2/ws/install/px4_msgs/include/px4_msgs/px4_msgs/msg/detail/tiltrotor_extra_controls__builder.hpp\n'}
[1.122916] (px4_msgs) StdoutLine: {'line': b'-- Up-to-date: /home/px4/ros2/ws/install/px4_msgs/include/px4_msgs/px4_msgs/msg/detail/cellular_status__type_support.hpp\n'}
[1.122977] (px4_msgs) StdoutLine: {'line': b'-- Up-to-date: /home/px4/ros2/ws/install/px4_msgs/include/px4_msgs/px4_msgs/msg/detail/register_ext_component_reply__traits.hpp\n'}
[1.123025] (px4_msgs) StdoutLine: {'line': b'-- Up-to-date: /home/px4/ros2/ws/install/px4_msgs/include/px4_msgs/px4_msgs/msg/detail/rover_rate_status__builder.hpp\n'}
[1.123138] (px4_msgs) StdoutLine: {'line': b'-- Up-to-date: /home/px4/ros2/ws/install/px4_msgs/include/px4_msgs/px4_msgs/msg/detail/estimator_event_flags__struct.hpp\n'}
[1.123189] (px4_msgs) StdoutLine: {'line': b'-- Up-to-date: /home/px4/ros2/ws/install/px4_msgs/include/px4_msgs/px4_msgs/msg/detail/action_request__builder.hpp\n'}
[1.123234] (px4_msgs) StdoutLine: {'line': b'-- Up-to-date: /home/px4/ros2/ws/install/px4_msgs/include/px4_msgs/px4_msgs/msg/detail/rover_velocity_setpoint__traits.hpp\n'}
[1.123281] (px4_msgs) StdoutLine: {'line': b'-- Up-to-date: /home/px4/ros2/ws/install/px4_msgs/include/px4_msgs/px4_msgs/msg/detail/tiltrotor_extra_controls__traits.hpp\n'}
[1.123328] (px4_msgs) StdoutLine: {'line': b'-- Up-to-date: /home/px4/ros2/ws/install/px4_msgs/include/px4_msgs/px4_msgs/msg/detail/position_controller_status__type_support.hpp\n'}
[1.123382] (px4_msgs) StdoutLine: {'line': b'-- Up-to-date: /home/px4/ros2/ws/install/px4_msgs/include/px4_msgs/px4_msgs/msg/detail/heater_status__struct.hpp\n'}
[1.123437] (px4_msgs) StdoutLine: {'line': b'-- Up-to-date: /home/px4/ros2/ws/install/px4_msgs/include/px4_msgs/px4_msgs/msg/detail/actuator_servos_trim__type_support.hpp\n'}
[1.123485] (px4_msgs) StdoutLine: {'line': b'-- Up-to-date: /home/px4/ros2/ws/install/px4_msgs/include/px4_msgs/px4_msgs/msg/detail/longitudinal_control_configuration__struct.hpp\n'}
[1.123531] (px4_msgs) StdoutLine: {'line': b'-- Up-to-date: /home/px4/ros2/ws/install/px4_msgs/include/px4_msgs/px4_msgs/msg/detail/gpio_out__type_support.hpp\n'}
[1.123576] (px4_msgs) StdoutLine: {'line': b'-- Up-to-date: /home/px4/ros2/ws/install/px4_msgs/include/px4_msgs/px4_msgs/msg/detail/navigator_mission_item__traits.hpp\n'}
[1.123622] (px4_msgs) StdoutLine: {'line': b'-- Up-to-date: /home/px4/ros2/ws/install/px4_msgs/include/px4_msgs/px4_msgs/msg/detail/rate_ctrl_status__type_support.hpp\n'}
[1.123667] (px4_msgs) StdoutLine: {'line': b'-- Up-to-date: /home/px4/ros2/ws/install/px4_msgs/include/px4_msgs/px4_msgs/msg/detail/geofence_status__struct.hpp\n'}
[1.123713] (px4_msgs) StdoutLine: {'line': b'-- Up-to-date: /home/px4/ros2/ws/install/px4_msgs/include/px4_msgs/px4_msgs/msg/detail/follow_target__traits.hpp\n'}
[1.123758] (px4_msgs) StdoutLine: {'line': b'-- Up-to-date: /home/px4/ros2/ws/install/px4_msgs/include/px4_msgs/px4_msgs/msg/detail/battery_status__type_support.hpp\n'}
[1.123822] (px4_msgs) StdoutLine: {'line': b'-- Up-to-date: /home/px4/ros2/ws/install/px4_msgs/include/px4_msgs/px4_msgs/msg/detail/mission__struct.hpp\n'}
[1.123874] (px4_msgs) StdoutLine: {'line': b'-- Up-to-date: /home/px4/ros2/ws/install/px4_msgs/include/px4_msgs/px4_msgs/msg/detail/vehicle_torque_setpoint__type_support.hpp\n'}
[1.123920] (px4_msgs) StdoutLine: {'line': b'-- Up-to-date: /home/px4/ros2/ws/install/px4_msgs/include/px4_msgs/px4_msgs/msg/detail/fixed_wing_runway_control__type_support.hpp\n'}
[1.123973] (px4_msgs) StdoutLine: {'line': b'-- Up-to-date: /home/px4/ros2/ws/install/px4_msgs/include/px4_msgs/px4_msgs/msg/detail/sensor_uwb__struct.hpp\n'}
[1.124023] (px4_msgs) StdoutLine: {'line': b'-- Up-to-date: /home/px4/ros2/ws/install/px4_msgs/include/px4_msgs/px4_msgs/msg/detail/tune_control__struct.hpp\n'}
[1.124075] (px4_msgs) StdoutLine: {'line': b'-- Up-to-date: /home/px4/ros2/ws/install/px4_msgs/include/px4_msgs/px4_msgs/msg/detail/neural_control__traits.hpp\n'}
[1.124126] (px4_msgs) StdoutLine: {'line': b'-- Up-to-date: /home/px4/ros2/ws/install/px4_msgs/include/px4_msgs/px4_msgs/msg/detail/position_setpoint_triplet__type_support.hpp\n'}
[1.124178] (px4_msgs) StdoutLine: {'line': b'-- Up-to-date: /home/px4/ros2/ws/install/px4_msgs/include/px4_msgs/px4_msgs/msg/detail/control_allocator_status__traits.hpp\n'}
[1.124231] (px4_msgs) StdoutLine: {'line': b'-- Up-to-date: /home/px4/ros2/ws/install/px4_msgs/include/px4_msgs/px4_msgs/msg/detail/irlock_report__struct.hpp\n'}
[1.124277] (px4_msgs) StdoutLine: {'line': b'-- Up-to-date: /home/px4/ros2/ws/install/px4_msgs/include/px4_msgs/px4_msgs/msg/detail/sensor_accel__traits.hpp\n'}
[1.124329] (px4_msgs) StdoutLine: {'line': b'-- Up-to-date: /home/px4/ros2/ws/install/px4_msgs/include/px4_msgs/px4_msgs/msg/detail/event__builder.hpp\n'}
[1.124376] (px4_msgs) StdoutLine: {'line': b'-- Up-to-date: /home/px4/ros2/ws/install/px4_msgs/include/px4_msgs/px4_msgs/msg/detail/camera_capture__builder.hpp\n'}
[1.124421] (px4_msgs) StdoutLine: {'line': b'-- Up-to-date: /home/px4/ros2/ws/install/px4_msgs/include/px4_msgs/px4_msgs/msg/detail/rover_attitude_setpoint__struct.hpp\n'}
[1.124466] (px4_msgs) StdoutLine: {'line': b'-- Up-to-date: /home/px4/ros2/ws/install/px4_msgs/include/px4_msgs/px4_msgs/msg/detail/estimator_aid_source3d__type_support.hpp\n'}
[1.124512] (px4_msgs) StdoutLine: {'line': b'-- Up-to-date: /home/px4/ros2/ws/install/px4_msgs/include/px4_msgs/px4_msgs/msg/detail/actuator_test__traits.hpp\n'}
[1.124557] (px4_msgs) StdoutLine: {'line': b'-- Up-to-date: /home/px4/ros2/ws/install/px4_msgs/include/px4_msgs/px4_msgs/msg/detail/mount_orientation__traits.hpp\n'}
[1.124602] (px4_msgs) StdoutLine: {'line': b'-- Up-to-date: /home/px4/ros2/ws/install/px4_msgs/include/px4_msgs/px4_msgs/msg/detail/debug_array__struct.hpp\n'}
[1.124650] (px4_msgs) StdoutLine: {'line': b'-- Up-to-date: /home/px4/ros2/ws/install/px4_msgs/include/px4_msgs/px4_msgs/msg/detail/wheel_encoders__builder.hpp\n'}
[1.124768] (px4_msgs) StdoutLine: {'line': b'-- Up-to-date: /home/px4/ros2/ws/install/px4_msgs/include/px4_msgs/px4_msgs/msg/detail/health_report__struct.hpp\n'}
[1.124838] (px4_msgs) StdoutLine: {'line': b'-- Up-to-date: /home/px4/ros2/ws/install/px4_msgs/include/px4_msgs/px4_msgs/msg/detail/mission__builder.hpp\n'}
[1.124889] (px4_msgs) StdoutLine: {'line': b'-- Up-to-date: /home/px4/ros2/ws/install/px4_msgs/include/px4_msgs/px4_msgs/msg/detail/autotune_attitude_control_status__traits.hpp\n'}
[1.124937] (px4_msgs) StdoutLine: {'line': b'-- Up-to-date: /home/px4/ros2/ws/install/px4_msgs/include/px4_msgs/px4_msgs/msg/detail/open_drone_id_operator_id__builder.hpp\n'}
[1.124983] (px4_msgs) StdoutLine: {'line': b'-- Up-to-date: /home/px4/ros2/ws/install/px4_msgs/include/px4_msgs/px4_msgs/msg/detail/rtl_status__builder.hpp\n'}
[1.125029] (px4_msgs) StdoutLine: {'line': b'-- Up-to-date: /home/px4/ros2/ws/install/px4_msgs/include/px4_msgs/px4_msgs/msg/detail/failsafe_flags__type_support.hpp\n'}
[1.125075] (px4_msgs) StdoutLine: {'line': b'-- Up-to-date: /home/px4/ros2/ws/install/px4_msgs/include/px4_msgs/px4_msgs/msg/detail/follow_target_status__builder.hpp\n'}
[1.125121] (px4_msgs) StdoutLine: {'line': b'-- Up-to-date: /home/px4/ros2/ws/install/px4_msgs/include/px4_msgs/px4_msgs/msg/detail/neural_control__type_support.hpp\n'}
[1.125168] (px4_msgs) StdoutLine: {'line': b'-- Up-to-date: /home/px4/ros2/ws/install/px4_msgs/include/px4_msgs/px4_msgs/msg/detail/arming_check_reply__builder.hpp\n'}
[1.125213] (px4_msgs) StdoutLine: {'line': b'-- Up-to-date: /home/px4/ros2/ws/install/px4_msgs/include/px4_msgs/px4_msgs/msg/detail/timesync_status__traits.hpp\n'}
[1.125258] (px4_msgs) StdoutLine: {'line': b'-- Up-to-date: /home/px4/ros2/ws/install/px4_msgs/include/px4_msgs/px4_msgs/msg/detail/vehicle_status__traits.hpp\n'}
[1.125304] (px4_msgs) StdoutLine: {'line': b'-- Up-to-date: /home/px4/ros2/ws/install/px4_msgs/include/px4_msgs/px4_msgs/msg/detail/estimator_selector_status__traits.hpp\n'}
[1.125350] (px4_msgs) StdoutLine: {'line': b'-- Up-to-date: /home/px4/ros2/ws/install/px4_msgs/include/px4_msgs/px4_msgs/msg/detail/position_controller_landing_status__traits.hpp\n'}
[1.125396] (px4_msgs) StdoutLine: {'line': b'-- Up-to-date: /home/px4/ros2/ws/install/px4_msgs/include/px4_msgs/px4_msgs/msg/detail/rover_velocity_setpoint__builder.hpp\n'}
[1.125450] (px4_msgs) StdoutLine: {'line': b'-- Up-to-date: /home/px4/ros2/ws/install/px4_msgs/include/px4_msgs/px4_msgs/msg/detail/rover_attitude_setpoint__builder.hpp\n'}
[1.125500] (px4_msgs) StdoutLine: {'line': b'-- Up-to-date: /home/px4/ros2/ws/install/px4_msgs/include/px4_msgs/px4_msgs/msg/detail/actuator_outputs__type_support.hpp\n'}
[1.125547] (px4_msgs) StdoutLine: {'line': b'-- Up-to-date: /home/px4/ros2/ws/install/px4_msgs/include/px4_msgs/px4_msgs/msg/detail/debug_value__type_support.hpp\n'}
[1.125594] (px4_msgs) StdoutLine: {'line': b'-- Up-to-date: /home/px4/ros2/ws/install/px4_msgs/include/px4_msgs/px4_msgs/msg/detail/register_ext_component_request__type_support.hpp\n'}
[1.125641] (px4_msgs) StdoutLine: {'line': b'-- Up-to-date: /home/px4/ros2/ws/install/px4_msgs/include/px4_msgs/px4_msgs/msg/detail/mag_worker_data__struct.hpp\n'}
[1.125687] (px4_msgs) StdoutLine: {'line': b'-- Up-to-date: /home/px4/ros2/ws/install/px4_msgs/include/px4_msgs/px4_msgs/msg/detail/vehicle_local_position__traits.hpp\n'}
[1.125733] (px4_msgs) StdoutLine: {'line': b'-- Up-to-date: /home/px4/ros2/ws/install/px4_msgs/include/px4_msgs/px4_msgs/msg/detail/position_controller_status__builder.hpp\n'}
[1.125790] (px4_msgs) StdoutLine: {'line': b'-- Up-to-date: /home/px4/ros2/ws/install/px4_msgs/include/px4_msgs/px4_msgs/msg/detail/autotune_attitude_control_status__type_support.hpp\n'}
[1.125845] (px4_msgs) StdoutLine: {'line': b'-- Up-to-date: /home/px4/ros2/ws/install/px4_msgs/include/px4_msgs/px4_msgs/msg/detail/figure_eight_status__type_support.hpp\n'}
[1.125893] (px4_msgs) StdoutLine: {'line': b'-- Up-to-date: /home/px4/ros2/ws/install/px4_msgs/include/px4_msgs/px4_msgs/msg/detail/hover_thrust_estimate__type_support.hpp\n'}
[1.125947] (px4_msgs) StdoutLine: {'line': b'-- Up-to-date: /home/px4/ros2/ws/install/px4_msgs/include/px4_msgs/px4_msgs/msg/detail/magnetometer_bias_estimate__type_support.hpp\n'}
[1.125995] (px4_msgs) StdoutLine: {'line': b'-- Up-to-date: /home/px4/ros2/ws/install/px4_msgs/include/px4_msgs/px4_msgs/msg/detail/lateral_control_configuration__builder.hpp\n'}
[1.126042] (px4_msgs) StdoutLine: {'line': b'-- Up-to-date: /home/px4/ros2/ws/install/px4_msgs/include/px4_msgs/px4_msgs/msg/detail/rc_parameter_map__struct.hpp\n'}
[1.126089] (px4_msgs) StdoutLine: {'line': b'-- Up-to-date: /home/px4/ros2/ws/install/px4_msgs/include/px4_msgs/px4_msgs/msg/detail/mission_result__traits.hpp\n'}
[1.126136] (px4_msgs) StdoutLine: {'line': b'-- Up-to-date: /home/px4/ros2/ws/install/px4_msgs/include/px4_msgs/px4_msgs/msg/detail/telemetry_status__traits.hpp\n'}
[1.126182] (px4_msgs) StdoutLine: {'line': b'-- Up-to-date: /home/px4/ros2/ws/install/px4_msgs/include/px4_msgs/px4_msgs/msg/detail/collision_constraints__traits.hpp\n'}
[1.126228] (px4_msgs) StdoutLine: {'line': b'-- Up-to-date: /home/px4/ros2/ws/install/px4_msgs/include/px4_msgs/px4_msgs/msg/detail/telemetry_status__type_support.hpp\n'}
[1.126277] (px4_msgs) StdoutLine: {'line': b'-- Up-to-date: /home/px4/ros2/ws/install/px4_msgs/include/px4_msgs/px4_msgs/msg/detail/vehicle_roi__traits.hpp\n'}
[1.126324] (px4_msgs) StdoutLine: {'line': b'-- Up-to-date: /home/px4/ros2/ws/install/px4_msgs/include/px4_msgs/px4_msgs/msg/detail/rover_rate_status__traits.hpp\n'}
[1.126371] (px4_msgs) StdoutLine: {'line': b'-- Up-to-date: /home/px4/ros2/ws/install/px4_msgs/include/px4_msgs/px4_msgs/msg/detail/mag_worker_data__builder.hpp\n'}
[1.126427] (px4_msgs) StdoutLine: {'line': b'-- Up-to-date: /home/px4/ros2/ws/install/px4_msgs/include/px4_msgs/px4_msgs/msg/detail/geofence_result__traits.hpp\n'}
[1.126498] (px4_msgs) StdoutLine: {'line': b'-- Up-to-date: /home/px4/ros2/ws/install/px4_msgs/include/px4_msgs/px4_msgs/msg/detail/fixed_wing_longitudinal_setpoint__builder.hpp\n'}
[1.126548] (px4_msgs) StdoutLine: {'line': b'-- Up-to-date: /home/px4/ros2/ws/install/px4_msgs/include/px4_msgs/px4_msgs/msg/detail/sensors_status__builder.hpp\n'}
[1.126594] (px4_msgs) StdoutLine: {'line': b'-- Up-to-date: /home/px4/ros2/ws/install/px4_msgs/include/px4_msgs/px4_msgs/msg/detail/actuator_armed__struct.hpp\n'}
[1.126662] (px4_msgs) StdoutLine: {'line': b'-- Up-to-date: /home/px4/ros2/ws/install/px4_msgs/include/px4_msgs/px4_msgs/msg/detail/dronecan_node_status__traits.hpp\n'}
[1.126717] (px4_msgs) StdoutLine: {'line': b'-- Up-to-date: /home/px4/ros2/ws/install/px4_msgs/include/px4_msgs/px4_msgs/msg/detail/fixed_wing_runway_control__builder.hpp\n'}
[1.126764] (px4_msgs) StdoutLine: {'line': b'-- Up-to-date: /home/px4/ros2/ws/install/px4_msgs/include/px4_msgs/px4_msgs/msg/detail/ekf2_timestamps__type_support.hpp\n'}
[1.126826] (px4_msgs) StdoutLine: {'line': b'-- Up-to-date: /home/px4/ros2/ws/install/px4_msgs/include/px4_msgs/px4_msgs/msg/detail/sensor_gps__struct.hpp\n'}
[1.126876] (px4_msgs) StdoutLine: {'line': b'-- Up-to-date: /home/px4/ros2/ws/install/px4_msgs/include/px4_msgs/px4_msgs/msg/detail/sensor_baro__struct.hpp\n'}
[1.126923] (px4_msgs) StdoutLine: {'line': b'-- Up-to-date: /home/px4/ros2/ws/install/px4_msgs/include/px4_msgs/px4_msgs/msg/detail/irlock_report__type_support.hpp\n'}
[1.126968] (px4_msgs) StdoutLine: {'line': b'-- Up-to-date: /home/px4/ros2/ws/install/px4_msgs/include/px4_msgs/px4_msgs/msg/detail/manual_control_setpoint__struct.hpp\n'}
[1.127014] (px4_msgs) StdoutLine: {'line': b'-- Up-to-date: /home/px4/ros2/ws/install/px4_msgs/include/px4_msgs/px4_msgs/msg/detail/irlock_report__builder.hpp\n'}
[1.127058] (px4_msgs) StdoutLine: {'line': b'-- Up-to-date: /home/px4/ros2/ws/install/px4_msgs/include/px4_msgs/px4_msgs/msg/detail/flight_phase_estimation__struct.hpp\n'}
[1.127106] (px4_msgs) StdoutLine: {'line': b'-- Up-to-date: /home/px4/ros2/ws/install/px4_msgs/include/px4_msgs/px4_msgs/msg/detail/health_report__traits.hpp\n'}
[1.127153] (px4_msgs) StdoutLine: {'line': b'-- Up-to-date: /home/px4/ros2/ws/install/px4_msgs/include/px4_msgs/px4_msgs/msg/detail/transponder_report__struct.hpp\n'}
[1.127199] (px4_msgs) StdoutLine: {'line': b'-- Up-to-date: /home/px4/ros2/ws/install/px4_msgs/include/px4_msgs/px4_msgs/msg/detail/ekf2_timestamps__builder.hpp\n'}
[1.127244] (px4_msgs) StdoutLine: {'line': b'-- Up-to-date: /home/px4/ros2/ws/install/px4_msgs/include/px4_msgs/px4_msgs/msg/detail/gimbal_manager_status__type_support.hpp\n'}
[1.127291] (px4_msgs) StdoutLine: {'line': b'-- Up-to-date: /home/px4/ros2/ws/install/px4_msgs/include/px4_msgs/px4_msgs/msg/detail/power_monitor__builder.hpp\n'}
[1.127338] (px4_msgs) StdoutLine: {'line': b'-- Up-to-date: /home/px4/ros2/ws/install/px4_msgs/include/px4_msgs/px4_msgs/msg/detail/led_control__type_support.hpp\n'}
[1.127385] (px4_msgs) StdoutLine: {'line': b'-- Up-to-date: /home/px4/ros2/ws/install/px4_msgs/include/px4_msgs/px4_msgs/msg/detail/esc_status__struct.hpp\n'}
[1.127431] (px4_msgs) StdoutLine: {'line': b'-- Up-to-date: /home/px4/ros2/ws/install/px4_msgs/include/px4_msgs/px4_msgs/msg/detail/collision_constraints__builder.hpp\n'}
[1.127477] (px4_msgs) StdoutLine: {'line': b'-- Up-to-date: /home/px4/ros2/ws/install/px4_msgs/include/px4_msgs/px4_msgs/msg/detail/camera_capture__struct.hpp\n'}
[1.127529] (px4_msgs) StdoutLine: {'line': b'-- Up-to-date: /home/px4/ros2/ws/install/px4_msgs/include/px4_msgs/px4_msgs/msg/detail/vehicle_air_data__type_support.hpp\n'}
[1.127577] (px4_msgs) StdoutLine: {'line': b'-- Up-to-date: /home/px4/ros2/ws/install/px4_msgs/include/px4_msgs/px4_msgs/msg/detail/manual_control_setpoint__traits.hpp\n'}
[1.127623] (px4_msgs) StdoutLine: {'line': b'-- Up-to-date: /home/px4/ros2/ws/install/px4_msgs/include/px4_msgs/px4_msgs/msg/detail/satellite_info__traits.hpp\n'}
[1.127669] (px4_msgs) StdoutLine: {'line': b'-- Up-to-date: /home/px4/ros2/ws/install/px4_msgs/include/px4_msgs/px4_msgs/msg/detail/estimator_bias3d__builder.hpp\n'}
[1.127715] (px4_msgs) StdoutLine: {'line': b'-- Up-to-date: /home/px4/ros2/ws/install/px4_msgs/include/px4_msgs/px4_msgs/msg/detail/goto_setpoint__struct.hpp\n'}
[1.127760] (px4_msgs) StdoutLine: {'line': b'-- Up-to-date: /home/px4/ros2/ws/install/px4_msgs/include/px4_msgs/px4_msgs/msg/detail/estimator_selector_status__builder.hpp\n'}
[1.127820] (px4_msgs) StdoutLine: {'line': b'-- Up-to-date: /home/px4/ros2/ws/install/px4_msgs/include/px4_msgs/px4_msgs/msg/detail/collision_constraints__struct.hpp\n'}
[1.127878] (px4_msgs) StdoutLine: {'line': b'-- Up-to-date: /home/px4/ros2/ws/install/px4_msgs/include/px4_msgs/px4_msgs/msg/detail/cellular_status__traits.hpp\n'}
[1.127925] (px4_msgs) StdoutLine: {'line': b'-- Up-to-date: /home/px4/ros2/ws/install/px4_msgs/include/px4_msgs/px4_msgs/msg/detail/gimbal_manager_set_manual_control__builder.hpp\n'}
[1.127971] (px4_msgs) StdoutLine: {'line': b'-- Up-to-date: /home/px4/ros2/ws/install/px4_msgs/include/px4_msgs/px4_msgs/msg/detail/mode_completed__type_support.hpp\n'}
[1.128017] (px4_msgs) StdoutLine: {'line': b'-- Up-to-date: /home/px4/ros2/ws/install/px4_msgs/include/px4_msgs/px4_msgs/msg/detail/task_stack_info__struct.hpp\n'}
[1.128063] (px4_msgs) StdoutLine: {'line': b'-- Up-to-date: /home/px4/ros2/ws/install/px4_msgs/include/px4_msgs/px4_msgs/msg/detail/sensors_status__traits.hpp\n'}
[1.128119] (px4_msgs) StdoutLine: {'line': b'-- Up-to-date: /home/px4/ros2/ws/install/px4_msgs/include/px4_msgs/px4_msgs/msg/detail/actuator_servos__traits.hpp\n'}
[1.128166] (px4_msgs) StdoutLine: {'line': b'-- Up-to-date: /home/px4/ros2/ws/install/px4_msgs/include/px4_msgs/px4_msgs/msg/detail/px4io_status__builder.hpp\n'}
[1.128212] (px4_msgs) StdoutLine: {'line': b'-- Up-to-date: /home/px4/ros2/ws/install/px4_msgs/include/px4_msgs/px4_msgs/msg/detail/sensor_baro__type_support.hpp\n'}
[1.128258] (px4_msgs) StdoutLine: {'line': b'-- Up-to-date: /home/px4/ros2/ws/install/px4_msgs/include/px4_msgs/px4_msgs/msg/detail/camera_trigger__traits.hpp\n'}
[1.128304] (px4_msgs) StdoutLine: {'line': b'-- Up-to-date: /home/px4/ros2/ws/install/px4_msgs/include/px4_msgs/px4_msgs/msg/detail/vehicle_command_ack__struct.hpp\n'}
[1.128349] (px4_msgs) StdoutLine: {'line': b'-- Up-to-date: /home/px4/ros2/ws/install/px4_msgs/include/px4_msgs/px4_msgs/msg/detail/dataman_request__struct.hpp\n'}
[1.128395] (px4_msgs) StdoutLine: {'line': b'-- Up-to-date: /home/px4/ros2/ws/install/px4_msgs/include/px4_msgs/px4_msgs/msg/detail/internal_combustion_engine_status__struct.hpp\n'}
[1.128440] (px4_msgs) StdoutLine: {'line': b'-- Up-to-date: /home/px4/ros2/ws/install/px4_msgs/include/px4_msgs/px4_msgs/msg/detail/tecs_status__builder.hpp\n'}
[1.128485] (px4_msgs) StdoutLine: {'line': b'-- Up-to-date: /home/px4/ros2/ws/install/px4_msgs/include/px4_msgs/px4_msgs/msg/detail/qshell_retval__traits.hpp\n'}
[1.128531] (px4_msgs) StdoutLine: {'line': b'-- Up-to-date: /home/px4/ros2/ws/install/px4_msgs/include/px4_msgs/px4_msgs/msg/detail/fixed_wing_lateral_status__builder.hpp\n'}
[1.128576] (px4_msgs) StdoutLine: {'line': b'-- Up-to-date: /home/px4/ros2/ws/install/px4_msgs/include/px4_msgs/px4_msgs/msg/detail/event__type_support.hpp\n'}
[1.128623] (px4_msgs) StdoutLine: {'line': b'-- Up-to-date: /home/px4/ros2/ws/install/px4_msgs/include/px4_msgs/px4_msgs/msg/detail/sensor_gyro_fft__type_support.hpp\n'}
[1.128670] (px4_msgs) StdoutLine: {'line': b'-- Up-to-date: /home/px4/ros2/ws/install/px4_msgs/include/px4_msgs/px4_msgs/msg/detail/follow_target_status__struct.hpp\n'}
[1.128875] (px4_msgs) StdoutLine: {'line': b'-- Up-to-date: /home/px4/ros2/ws/install/px4_msgs/include/px4_msgs/px4_msgs/msg/detail/estimator_bias3d__type_support.hpp\n'}
[1.128931] (px4_msgs) StdoutLine: {'line': b'-- Up-to-date: /home/px4/ros2/ws/install/px4_msgs/include/px4_msgs/px4_msgs/msg/detail/actuator_servos_trim__struct.hpp\n'}
[1.128980] (px4_msgs) StdoutLine: {'line': b'-- Up-to-date: /home/px4/ros2/ws/install/px4_msgs/include/px4_msgs/px4_msgs/msg/detail/rover_rate_setpoint__traits.hpp\n'}
[1.129028] (px4_msgs) StdoutLine: {'line': b'-- Up-to-date: /home/px4/ros2/ws/install/px4_msgs/include/px4_msgs/px4_msgs/msg/detail/sensor_airflow__traits.hpp\n'}
[1.129076] (px4_msgs) StdoutLine: {'line': b'-- Up-to-date: /home/px4/ros2/ws/install/px4_msgs/include/px4_msgs/px4_msgs/msg/detail/mission__traits.hpp\n'}
[1.129185] (px4_msgs) StdoutLine: {'line': b'-- Up-to-date: /home/px4/ros2/ws/install/px4_msgs/include/px4_msgs/px4_msgs/msg/detail/fixed_wing_lateral_setpoint__traits.hpp\n'}
[1.129246] (px4_msgs) StdoutLine: {'line': b'-- Up-to-date: /home/px4/ros2/ws/install/px4_msgs/include/px4_msgs/px4_msgs/msg/detail/gpio_in__builder.hpp\n'}
[1.129299] (px4_msgs) StdoutLine: {'line': b'-- Up-to-date: /home/px4/ros2/ws/install/px4_msgs/include/px4_msgs/px4_msgs/msg/detail/airspeed_wind__builder.hpp\n'}
[1.129347] (px4_msgs) StdoutLine: {'line': b'-- Up-to-date: /home/px4/ros2/ws/install/px4_msgs/include/px4_msgs/px4_msgs/msg/detail/orb_test__type_support.hpp\n'}
[1.129394] (px4_msgs) StdoutLine: {'line': b'-- Up-to-date: /home/px4/ros2/ws/install/px4_msgs/include/px4_msgs/px4_msgs/msg/detail/open_drone_id_arm_status__traits.hpp\n'}
[1.129440] (px4_msgs) StdoutLine: {'line': b'-- Up-to-date: /home/px4/ros2/ws/install/px4_msgs/include/px4_msgs/px4_msgs/msg/detail/geofence_result__builder.hpp\n'}
[1.129485] (px4_msgs) StdoutLine: {'line': b'-- Up-to-date: /home/px4/ros2/ws/install/px4_msgs/include/px4_msgs/px4_msgs/msg/detail/gripper__struct.hpp\n'}
[1.129532] (px4_msgs) StdoutLine: {'line': b'-- Up-to-date: /home/px4/ros2/ws/install/px4_msgs/include/px4_msgs/px4_msgs/msg/detail/tecs_status__traits.hpp\n'}
[1.129577] (px4_msgs) StdoutLine: {'line': b'-- Up-to-date: /home/px4/ros2/ws/install/px4_msgs/include/px4_msgs/px4_msgs/msg/detail/ulog_stream_ack__type_support.hpp\n'}
[1.129624] (px4_msgs) StdoutLine: {'line': b'-- Up-to-date: /home/px4/ros2/ws/install/px4_msgs/include/px4_msgs/px4_msgs/msg/detail/vehicle_rates_setpoint__traits.hpp\n'}
[1.129670] (px4_msgs) StdoutLine: {'line': b'-- Up-to-date: /home/px4/ros2/ws/install/px4_msgs/include/px4_msgs/px4_msgs/msg/detail/trajectory_setpoint__type_support.hpp\n'}
[1.129714] (px4_msgs) StdoutLine: {'line': b'-- Up-to-date: /home/px4/ros2/ws/install/px4_msgs/include/px4_msgs/px4_msgs/msg/detail/velocity_limits__builder.hpp\n'}
[1.129761] (px4_msgs) StdoutLine: {'line': b'-- Up-to-date: /home/px4/ros2/ws/install/px4_msgs/include/px4_msgs/px4_msgs/msg/detail/open_drone_id_arm_status__builder.hpp\n'}
[1.129828] (px4_msgs) StdoutLine: {'line': b'-- Up-to-date: /home/px4/ros2/ws/install/px4_msgs/include/px4_msgs/px4_msgs/msg/detail/rover_steering_setpoint__builder.hpp\n'}
[1.129879] (px4_msgs) StdoutLine: {'line': b'-- Up-to-date: /home/px4/ros2/ws/install/px4_msgs/include/px4_msgs/px4_msgs/msg/detail/sensor_gnss_relative__struct.hpp\n'}
[1.129926] (px4_msgs) StdoutLine: {'line': b'-- Up-to-date: /home/px4/ros2/ws/install/px4_msgs/include/px4_msgs/px4_msgs/msg/detail/fixed_wing_longitudinal_setpoint__type_support.hpp\n'}
[1.129972] (px4_msgs) StdoutLine: {'line': b'-- Up-to-date: /home/px4/ros2/ws/install/px4_msgs/include/px4_msgs/px4_msgs/msg/detail/event__traits.hpp\n'}
[1.130028] (px4_msgs) StdoutLine: {'line': b'-- Up-to-date: /home/px4/ros2/ws/install/px4_msgs/include/px4_msgs/px4_msgs/msg/detail/arming_check_reply__type_support.hpp\n'}
[1.130076] (px4_msgs) StdoutLine: {'line': b'-- Up-to-date: /home/px4/ros2/ws/install/px4_msgs/include/px4_msgs/px4_msgs/msg/detail/actuator_servos_trim__builder.hpp\n'}
[1.130123] (px4_msgs) StdoutLine: {'line': b'-- Up-to-date: /home/px4/ros2/ws/install/px4_msgs/include/px4_msgs/px4_msgs/msg/detail/airspeed__struct.hpp\n'}
[1.130169] (px4_msgs) StdoutLine: {'line': b'-- Up-to-date: /home/px4/ros2/ws/install/px4_msgs/include/px4_msgs/px4_msgs/msg/detail/arming_check_request__struct.hpp\n'}
[1.130232] (px4_msgs) StdoutLine: {'line': b'-- Up-to-date: /home/px4/ros2/ws/install/px4_msgs/include/px4_msgs/px4_msgs/msg/detail/power_button_state__type_support.hpp\n'}
[1.130277] (px4_msgs) StdoutLine: {'line': b'-- Up-to-date: /home/px4/ros2/ws/install/px4_msgs/include/px4_msgs/px4_msgs/msg/detail/trajectory_setpoint__struct.hpp\n'}
[1.130325] (px4_msgs) StdoutLine: {'line': b'-- Up-to-date: /home/px4/ros2/ws/install/px4_msgs/include/px4_msgs/px4_msgs/msg/detail/satellite_info__struct.hpp\n'}
[1.130371] (px4_msgs) StdoutLine: {'line': b'-- Up-to-date: /home/px4/ros2/ws/install/px4_msgs/include/px4_msgs/px4_msgs/msg/detail/rc_channels__type_support.hpp\n'}
[1.130418] (px4_msgs) StdoutLine: {'line': b'-- Up-to-date: /home/px4/ros2/ws/install/px4_msgs/include/px4_msgs/px4_msgs/msg/detail/logger_status__struct.hpp\n'}
[1.130471] (px4_msgs) StdoutLine: {'line': b'-- Up-to-date: /home/px4/ros2/ws/install/px4_msgs/include/px4_msgs/px4_msgs/msg/detail/camera_trigger__builder.hpp\n'}
[1.130517] (px4_msgs) StdoutLine: {'line': b'-- Up-to-date: /home/px4/ros2/ws/install/px4_msgs/include/px4_msgs/px4_msgs/msg/detail/pure_pursuit_status__struct.hpp\n'}
[1.130562] (px4_msgs) StdoutLine: {'line': b'-- Up-to-date: /home/px4/ros2/ws/install/px4_msgs/include/px4_msgs/px4_msgs/msg/detail/rpm__struct.hpp\n'}
[1.130612] (px4_msgs) StdoutLine: {'line': b'-- Up-to-date: /home/px4/ros2/ws/install/px4_msgs/include/px4_msgs/px4_msgs/msg/detail/landing_target_innovations__traits.hpp\n'}
[1.130658] (px4_msgs) StdoutLine: {'line': b'-- Up-to-date: /home/px4/ros2/ws/install/px4_msgs/include/px4_msgs/px4_msgs/msg/detail/estimator_selector_status__struct.hpp\n'}
[1.130704] (px4_msgs) StdoutLine: {'line': b'-- Up-to-date: /home/px4/ros2/ws/install/px4_msgs/include/px4_msgs/px4_msgs/msg/detail/vehicle_acceleration__traits.hpp\n'}
[1.130748] (px4_msgs) StdoutLine: {'line': b'-- Up-to-date: /home/px4/ros2/ws/install/px4_msgs/include/px4_msgs/px4_msgs/msg/detail/autotune_attitude_control_status__builder.hpp\n'}
[1.130806] (px4_msgs) StdoutLine: {'line': b'-- Up-to-date: /home/px4/ros2/ws/install/px4_msgs/include/px4_msgs/px4_msgs/msg/detail/dataman_response__traits.hpp\n'}
[1.130862] (px4_msgs) StdoutLine: {'line': b'-- Up-to-date: /home/px4/ros2/ws/install/px4_msgs/include/px4_msgs/px4_msgs/msg/detail/vehicle_angular_acceleration_setpoint__traits.hpp\n'}
[1.130909] (px4_msgs) StdoutLine: {'line': b'-- Up-to-date: /home/px4/ros2/ws/install/px4_msgs/include/px4_msgs/px4_msgs/msg/detail/task_stack_info__builder.hpp\n'}
[1.130954] (px4_msgs) StdoutLine: {'line': b'-- Up-to-date: /home/px4/ros2/ws/install/px4_msgs/include/px4_msgs/px4_msgs/msg/detail/follow_target_status__traits.hpp\n'}
[1.131003] (px4_msgs) StdoutLine: {'line': b'-- Up-to-date: /home/px4/ros2/ws/install/px4_msgs/include/px4_msgs/px4_msgs/msg/detail/heater_status__type_support.hpp\n'}
[1.131048] (px4_msgs) StdoutLine: {'line': b'-- Up-to-date: /home/px4/ros2/ws/install/px4_msgs/include/px4_msgs/px4_msgs/msg/detail/launch_detection_status__traits.hpp\n'}
[1.131094] (px4_msgs) StdoutLine: {'line': b'-- Up-to-date: /home/px4/ros2/ws/install/px4_msgs/include/px4_msgs/px4_msgs/msg/detail/ulog_stream__builder.hpp\n'}
[1.131140] (px4_msgs) StdoutLine: {'line': b'-- Up-to-date: /home/px4/ros2/ws/install/px4_msgs/include/px4_msgs/px4_msgs/msg/detail/landing_target_innovations__type_support.hpp\n'}
[1.131185] (px4_msgs) StdoutLine: {'line': b'-- Up-to-date: /home/px4/ros2/ws/install/px4_msgs/include/px4_msgs/px4_msgs/msg/detail/gimbal_manager_set_manual_control__struct.hpp\n'}
[1.131237] (px4_msgs) StdoutLine: {'line': b'-- Up-to-date: /home/px4/ros2/ws/install/px4_msgs/include/px4_msgs/px4_msgs/msg/detail/velocity_limits__traits.hpp\n'}
[1.131283] (px4_msgs) StdoutLine: {'line': b'-- Up-to-date: /home/px4/ros2/ws/install/px4_msgs/include/px4_msgs/px4_msgs/msg/detail/sensor_mag__type_support.hpp\n'}
[1.131330] (px4_msgs) StdoutLine: {'line': b'-- Up-to-date: /home/px4/ros2/ws/install/px4_msgs/include/px4_msgs/px4_msgs/msg/detail/hover_thrust_estimate__builder.hpp\n'}
[1.131388] (px4_msgs) StdoutLine: {'line': b'-- Up-to-date: /home/px4/ros2/ws/install/px4_msgs/include/px4_msgs/px4_msgs/msg/detail/sensor_optical_flow__traits.hpp\n'}
[1.131434] (px4_msgs) StdoutLine: {'line': b'-- Up-to-date: /home/px4/ros2/ws/install/px4_msgs/include/px4_msgs/px4_msgs/msg/detail/distance_sensor_mode_change_request__struct.hpp\n'}
[1.131477] (px4_msgs) StdoutLine: {'line': b'-- Up-to-date: /home/px4/ros2/ws/install/px4_msgs/include/px4_msgs/px4_msgs/msg/detail/orbit_status__builder.hpp\n'}
[1.131522] (px4_msgs) StdoutLine: {'line': b'-- Up-to-date: /home/px4/ros2/ws/install/px4_msgs/include/px4_msgs/px4_msgs/msg/detail/control_allocator_status__struct.hpp\n'}
[1.131567] (px4_msgs) StdoutLine: {'line': b'-- Up-to-date: /home/px4/ros2/ws/install/px4_msgs/include/px4_msgs/px4_msgs/msg/detail/fuel_tank_status__struct.hpp\n'}
[1.131617] (px4_msgs) StdoutLine: {'line': b'-- Up-to-date: /home/px4/ros2/ws/install/px4_msgs/include/px4_msgs/px4_msgs/msg/detail/onboard_computer_status__type_support.hpp\n'}
[1.131673] (px4_msgs) StdoutLine: {'line': b'-- Up-to-date: /home/px4/ros2/ws/install/px4_msgs/include/px4_msgs/px4_msgs/msg/detail/sensor_hygrometer__builder.hpp\n'}
[1.131719] (px4_msgs) StdoutLine: {'line': b'-- Up-to-date: /home/px4/ros2/ws/install/px4_msgs/include/px4_msgs/px4_msgs/msg/detail/sensor_gyro_fifo__builder.hpp\n'}
[1.131765] (px4_msgs) StdoutLine: {'line': b'-- Up-to-date: /home/px4/ros2/ws/install/px4_msgs/include/px4_msgs/px4_msgs/msg/detail/mavlink_log__traits.hpp\n'}
[1.131826] (px4_msgs) StdoutLine: {'line': b'-- Up-to-date: /home/px4/ros2/ws/install/px4_msgs/include/px4_msgs/px4_msgs/msg/detail/gpio_request__struct.hpp\n'}
[1.131875] (px4_msgs) StdoutLine: {'line': b'-- Up-to-date: /home/px4/ros2/ws/install/px4_msgs/include/px4_msgs/px4_msgs/msg/detail/actuator_servos__struct.hpp\n'}
[1.131921] (px4_msgs) StdoutLine: {'line': b'-- Up-to-date: /home/px4/ros2/ws/install/px4_msgs/include/px4_msgs/px4_msgs/msg/detail/debug_key_value__traits.hpp\n'}
[1.131967] (px4_msgs) StdoutLine: {'line': b'-- Up-to-date: /home/px4/ros2/ws/install/px4_msgs/include/px4_msgs/px4_msgs/msg/detail/rover_throttle_setpoint__traits.hpp\n'}
[1.132013] (px4_msgs) StdoutLine: {'line': b'-- Up-to-date: /home/px4/ros2/ws/install/px4_msgs/include/px4_msgs/px4_msgs/msg/detail/vehicle_global_position__struct.hpp\n'}
[1.132059] (px4_msgs) StdoutLine: {'line': b'-- Up-to-date: /home/px4/ros2/ws/install/px4_msgs/include/px4_msgs/px4_msgs/msg/detail/actuator_test__builder.hpp\n'}
[1.132104] (px4_msgs) StdoutLine: {'line': b'-- Up-to-date: /home/px4/ros2/ws/install/px4_msgs/include/px4_msgs/px4_msgs/msg/detail/vehicle_air_data__struct.hpp\n'}
[1.132150] (px4_msgs) StdoutLine: {'line': b'-- Up-to-date: /home/px4/ros2/ws/install/px4_msgs/include/px4_msgs/px4_msgs/msg/detail/sensor_preflight_mag__builder.hpp\n'}
[1.132195] (px4_msgs) StdoutLine: {'line': b'-- Up-to-date: /home/px4/ros2/ws/install/px4_msgs/include/px4_msgs/px4_msgs/msg/detail/vehicle_land_detected__traits.hpp\n'}
[1.132241] (px4_msgs) StdoutLine: {'line': b'-- Up-to-date: /home/px4/ros2/ws/install/px4_msgs/include/px4_msgs/px4_msgs/msg/detail/sensor_correction__builder.hpp\n'}
[1.132286] (px4_msgs) StdoutLine: {'line': b'-- Up-to-date: /home/px4/ros2/ws/install/px4_msgs/include/px4_msgs/px4_msgs/msg/detail/pure_pursuit_status__builder.hpp\n'}
[1.132331] (px4_msgs) StdoutLine: {'line': b'-- Up-to-date: /home/px4/ros2/ws/install/px4_msgs/include/px4_msgs/px4_msgs/msg/detail/dataman_request__type_support.hpp\n'}
[1.132382] (px4_msgs) StdoutLine: {'line': b'-- Up-to-date: /home/px4/ros2/ws/install/px4_msgs/include/px4_msgs/px4_msgs/msg/detail/failsafe_flags__builder.hpp\n'}
[1.132428] (px4_msgs) StdoutLine: {'line': b'-- Up-to-date: /home/px4/ros2/ws/install/px4_msgs/include/px4_msgs/px4_msgs/msg/detail/camera_capture__type_support.hpp\n'}
[1.132473] (px4_msgs) StdoutLine: {'line': b'-- Up-to-date: /home/px4/ros2/ws/install/px4_msgs/include/px4_msgs/px4_msgs/msg/detail/vehicle_attitude__builder.hpp\n'}
[1.132518] (px4_msgs) StdoutLine: {'line': b'-- Up-to-date: /home/px4/ros2/ws/install/px4_msgs/include/px4_msgs/px4_msgs/msg/detail/wind__traits.hpp\n'}
[1.132564] (px4_msgs) StdoutLine: {'line': b'-- Up-to-date: /home/px4/ros2/ws/install/px4_msgs/include/px4_msgs/px4_msgs/msg/detail/airspeed_wind__struct.hpp\n'}
[1.132609] (px4_msgs) StdoutLine: {'line': b'-- Up-to-date: /home/px4/ros2/ws/install/px4_msgs/include/px4_msgs/px4_msgs/msg/detail/rover_velocity_status__builder.hpp\n'}
[1.132655] (px4_msgs) StdoutLine: {'line': b'-- Up-to-date: /home/px4/ros2/ws/install/px4_msgs/include/px4_msgs/px4_msgs/msg/detail/actuator_motors__traits.hpp\n'}
[1.132701] (px4_msgs) StdoutLine: {'line': b'-- Up-to-date: /home/px4/ros2/ws/install/px4_msgs/include/px4_msgs/px4_msgs/msg/detail/sensor_correction__traits.hpp\n'}
[1.132746] (px4_msgs) StdoutLine: {'line': b'-- Up-to-date: /home/px4/ros2/ws/install/px4_msgs/include/px4_msgs/px4_msgs/msg/detail/orb_test_medium__struct.hpp\n'}
[1.132813] (px4_msgs) StdoutLine: {'line': b'-- Up-to-date: /home/px4/ros2/ws/install/px4_msgs/include/px4_msgs/px4_msgs/msg/detail/offboard_control_mode__traits.hpp\n'}
[1.132864] (px4_msgs) StdoutLine: {'line': b'-- Up-to-date: /home/px4/ros2/ws/install/px4_msgs/include/px4_msgs/px4_msgs/msg/detail/sensor_selection__traits.hpp\n'}
[1.132910] (px4_msgs) StdoutLine: {'line': b'-- Up-to-date: /home/px4/ros2/ws/install/px4_msgs/include/px4_msgs/px4_msgs/msg/detail/vehicle_acceleration__struct.hpp\n'}
[1.132955] (px4_msgs) StdoutLine: {'line': b'-- Up-to-date: /home/px4/ros2/ws/install/px4_msgs/include/px4_msgs/px4_msgs/msg/detail/landing_target_innovations__builder.hpp\n'}
[1.133001] (px4_msgs) StdoutLine: {'line': b'-- Up-to-date: /home/px4/ros2/ws/install/px4_msgs/include/px4_msgs/px4_msgs/msg/detail/gpio_out__struct.hpp\n'}
[1.133046] (px4_msgs) StdoutLine: {'line': b'-- Up-to-date: /home/px4/ros2/ws/install/px4_msgs/include/px4_msgs/px4_msgs/msg/detail/normalized_unsigned_setpoint__struct.hpp\n'}
[1.133090] (px4_msgs) StdoutLine: {'line': b'-- Up-to-date: /home/px4/ros2/ws/install/px4_msgs/include/px4_msgs/px4_msgs/msg/detail/gimbal_device_attitude_status__type_support.hpp\n'}
[1.133136] (px4_msgs) StdoutLine: {'line': b'-- Up-to-date: /home/px4/ros2/ws/install/px4_msgs/include/px4_msgs/px4_msgs/msg/detail/fixed_wing_longitudinal_setpoint__struct.hpp\n'}
[1.133180] (px4_msgs) StdoutLine: {'line': b'-- Up-to-date: /home/px4/ros2/ws/install/px4_msgs/include/px4_msgs/px4_msgs/msg/detail/parameter_set_used_request__traits.hpp\n'}
[1.133226] (px4_msgs) StdoutLine: {'line': b'-- Up-to-date: /home/px4/ros2/ws/install/px4_msgs/include/px4_msgs/px4_msgs/msg/detail/vehicle_odometry__traits.hpp\n'}
[1.133271] (px4_msgs) StdoutLine: {'line': b'-- Up-to-date: /home/px4/ros2/ws/install/px4_msgs/include/px4_msgs/px4_msgs/msg/detail/telemetry_status__struct.hpp\n'}
[1.133328] (px4_msgs) StdoutLine: {'line': b'-- Up-to-date: /home/px4/ros2/ws/install/px4_msgs/include/px4_msgs/px4_msgs/msg/detail/manual_control_switches__struct.hpp\n'}
[1.133374] (px4_msgs) StdoutLine: {'line': b'-- Up-to-date: /home/px4/ros2/ws/install/px4_msgs/include/px4_msgs/px4_msgs/msg/detail/orb_test__traits.hpp\n'}
[1.133422] (px4_msgs) StdoutLine: {'line': b'-- Up-to-date: /home/px4/ros2/ws/install/px4_msgs/include/px4_msgs/px4_msgs/msg/detail/rover_steering_setpoint__type_support.hpp\n'}
[1.133468] (px4_msgs) StdoutLine: {'line': b'-- Up-to-date: /home/px4/ros2/ws/install/px4_msgs/include/px4_msgs/px4_msgs/msg/detail/trajectory_setpoint6dof__traits.hpp\n'}
[1.133514] (px4_msgs) StdoutLine: {'line': b'-- Up-to-date: /home/px4/ros2/ws/install/px4_msgs/include/px4_msgs/px4_msgs/msg/detail/sensor_selection__struct.hpp\n'}
[1.133560] (px4_msgs) StdoutLine: {'line': b'-- Up-to-date: /home/px4/ros2/ws/install/px4_msgs/include/px4_msgs/px4_msgs/msg/detail/debug_key_value__builder.hpp\n'}
[1.133606] (px4_msgs) StdoutLine: {'line': b'-- Up-to-date: /home/px4/ros2/ws/install/px4_msgs/include/px4_msgs/px4_msgs/msg/detail/goto_setpoint__type_support.hpp\n'}
[1.133651] (px4_msgs) StdoutLine: {'line': b'-- Up-to-date: /home/px4/ros2/ws/install/px4_msgs/include/px4_msgs/px4_msgs/msg/detail/geofence_result__struct.hpp\n'}
[1.133697] (px4_msgs) StdoutLine: {'line': b'-- Up-to-date: /home/px4/ros2/ws/install/px4_msgs/include/px4_msgs/px4_msgs/msg/detail/parameter_set_value_request__type_support.hpp\n'}
[1.133743] (px4_msgs) StdoutLine: {'line': b'-- Up-to-date: /home/px4/ros2/ws/install/px4_msgs/include/px4_msgs/px4_msgs/msg/detail/camera_status__traits.hpp\n'}
[1.133798] (px4_msgs) StdoutLine: {'line': b'-- Up-to-date: /home/px4/ros2/ws/install/px4_msgs/include/px4_msgs/px4_msgs/msg/detail/gps_dump__type_support.hpp\n'}
[1.133851] (px4_msgs) StdoutLine: {'line': b'-- Up-to-date: /home/px4/ros2/ws/install/px4_msgs/include/px4_msgs/px4_msgs/msg/detail/obstacle_distance__type_support.hpp\n'}
[1.133906] (px4_msgs) StdoutLine: {'line': b'-- Up-to-date: /home/px4/ros2/ws/install/px4_msgs/include/px4_msgs/px4_msgs/msg/detail/sensor_optical_flow__builder.hpp\n'}
[1.133958] (px4_msgs) StdoutLine: {'line': b'-- Up-to-date: /home/px4/ros2/ws/install/px4_msgs/include/px4_msgs/px4_msgs/msg/detail/vehicle_imu_status__type_support.hpp\n'}
[1.134004] (px4_msgs) StdoutLine: {'line': b'-- Up-to-date: /home/px4/ros2/ws/install/px4_msgs/include/px4_msgs/px4_msgs/msg/detail/can_interface_status__traits.hpp\n'}
[1.134049] (px4_msgs) StdoutLine: {'line': b'-- Up-to-date: /home/px4/ros2/ws/install/px4_msgs/include/px4_msgs/px4_msgs/msg/detail/fixed_wing_lateral_setpoint__builder.hpp\n'}
[1.134094] (px4_msgs) StdoutLine: {'line': b'-- Up-to-date: /home/px4/ros2/ws/install/px4_msgs/include/px4_msgs/px4_msgs/msg/detail/vehicle_acceleration__type_support.hpp\n'}
[1.134139] (px4_msgs) StdoutLine: {'line': b'-- Up-to-date: /home/px4/ros2/ws/install/px4_msgs/include/px4_msgs/px4_msgs/msg/detail/distance_sensor__type_support.hpp\n'}
[1.134185] (px4_msgs) StdoutLine: {'line': b'-- Up-to-date: /home/px4/ros2/ws/install/px4_msgs/include/px4_msgs/px4_msgs/msg/detail/sensor_gyro__traits.hpp\n'}
[1.134231] (px4_msgs) StdoutLine: {'line': b'-- Up-to-date: /home/px4/ros2/ws/install/px4_msgs/include/px4_msgs/px4_msgs/msg/detail/arming_check_request__type_support.hpp\n'}
[1.134276] (px4_msgs) StdoutLine: {'line': b'-- Up-to-date: /home/px4/ros2/ws/install/px4_msgs/include/px4_msgs/px4_msgs/msg/detail/uavcan_parameter_request__type_support.hpp\n'}
[1.134321] (px4_msgs) StdoutLine: {'line': b'-- Up-to-date: /home/px4/ros2/ws/install/px4_msgs/include/px4_msgs/px4_msgs/msg/detail/orb_test_medium__builder.hpp\n'}
[1.134366] (px4_msgs) StdoutLine: {'line': b'-- Up-to-date: /home/px4/ros2/ws/install/px4_msgs/include/px4_msgs/px4_msgs/msg/detail/gpio_out__traits.hpp\n'}
[1.134411] (px4_msgs) StdoutLine: {'line': b'-- Up-to-date: /home/px4/ros2/ws/install/px4_msgs/include/px4_msgs/px4_msgs/msg/detail/gimbal_manager_status__struct.hpp\n'}
[1.134457] (px4_msgs) StdoutLine: {'line': b'-- Up-to-date: /home/px4/ros2/ws/install/px4_msgs/include/px4_msgs/px4_msgs/msg/detail/rover_position_setpoint__type_support.hpp\n'}
[1.134503] (px4_msgs) StdoutLine: {'line': b'-- Up-to-date: /home/px4/ros2/ws/install/px4_msgs/include/px4_msgs/px4_msgs/msg/detail/fixed_wing_longitudinal_setpoint__traits.hpp\n'}
[1.134548] (px4_msgs) StdoutLine: {'line': b'-- Up-to-date: /home/px4/ros2/ws/install/px4_msgs/include/px4_msgs/px4_msgs/msg/detail/debug_key_value__type_support.hpp\n'}
[1.134594] (px4_msgs) StdoutLine: {'line': b'-- Up-to-date: /home/px4/ros2/ws/install/px4_msgs/include/px4_msgs/px4_msgs/msg/detail/rpm__traits.hpp\n'}
[1.134639] (px4_msgs) StdoutLine: {'line': b'-- Up-to-date: /home/px4/ros2/ws/install/px4_msgs/include/px4_msgs/px4_msgs/msg/detail/gpio_out__builder.hpp\n'}
[1.134685] (px4_msgs) StdoutLine: {'line': b'-- Up-to-date: /home/px4/ros2/ws/install/px4_msgs/include/px4_msgs/px4_msgs/msg/detail/estimator_gps_status__traits.hpp\n'}
[1.134729] (px4_msgs) StdoutLine: {'line': b'-- Up-to-date: /home/px4/ros2/ws/install/px4_msgs/include/px4_msgs/px4_msgs/msg/detail/mode_completed__builder.hpp\n'}
[1.134773] (px4_msgs) StdoutLine: {'line': b'-- Up-to-date: /home/px4/ros2/ws/install/px4_msgs/include/px4_msgs/px4_msgs/msg/detail/gimbal_device_attitude_status__traits.hpp\n'}
[1.134836] (px4_msgs) StdoutLine: {'line': b'-- Up-to-date: /home/px4/ros2/ws/install/px4_msgs/include/px4_msgs/px4_msgs/msg/detail/esc_status__type_support.hpp\n'}
[1.134882] (px4_msgs) StdoutLine: {'line': b'-- Up-to-date: /home/px4/ros2/ws/install/px4_msgs/include/px4_msgs/px4_msgs/msg/detail/estimator_status__struct.hpp\n'}
[1.134939] (px4_msgs) StdoutLine: {'line': b'-- Up-to-date: /home/px4/ros2/ws/install/px4_msgs/include/px4_msgs/px4_msgs/msg/detail/failure_detector_status__struct.hpp\n'}
[1.134984] (px4_msgs) StdoutLine: {'line': b'-- Up-to-date: /home/px4/ros2/ws/install/px4_msgs/include/px4_msgs/px4_msgs/msg/detail/open_drone_id_operator_id__type_support.hpp\n'}
[1.135029] (px4_msgs) StdoutLine: {'line': b'-- Up-to-date: /home/px4/ros2/ws/install/px4_msgs/include/px4_msgs/px4_msgs/msg/detail/gpio_request__type_support.hpp\n'}
[1.135081] (px4_msgs) StdoutLine: {'line': b'-- Up-to-date: /home/px4/ros2/ws/install/px4_msgs/include/px4_msgs/px4_msgs/msg/detail/wind__type_support.hpp\n'}
[1.135125] (px4_msgs) StdoutLine: {'line': b'-- Up-to-date: /home/px4/ros2/ws/install/px4_msgs/include/px4_msgs/px4_msgs/msg/detail/position_controller_landing_status__builder.hpp\n'}
[1.135168] (px4_msgs) StdoutLine: {'line': b'-- Up-to-date: /home/px4/ros2/ws/install/px4_msgs/include/px4_msgs/px4_msgs/msg/detail/rover_attitude_status__builder.hpp\n'}
[1.135214] (px4_msgs) StdoutLine: {'line': b'-- Up-to-date: /home/px4/ros2/ws/install/px4_msgs/include/px4_msgs/px4_msgs/msg/detail/vehicle_optical_flow_vel__type_support.hpp\n'}
[1.135260] (px4_msgs) StdoutLine: {'line': b'-- Up-to-date: /home/px4/ros2/ws/install/px4_msgs/include/px4_msgs/px4_msgs/msg/detail/button_event__struct.hpp\n'}
[1.135305] (px4_msgs) StdoutLine: {'line': b'-- Up-to-date: /home/px4/ros2/ws/install/px4_msgs/include/px4_msgs/px4_msgs/msg/detail/differential_pressure__struct.hpp\n'}
[1.135355] (px4_msgs) StdoutLine: {'line': b'-- Up-to-date: /home/px4/ros2/ws/install/px4_msgs/include/px4_msgs/px4_msgs/msg/detail/ping__struct.hpp\n'}
[1.135402] (px4_msgs) StdoutLine: {'line': b'-- Up-to-date: /home/px4/ros2/ws/install/px4_msgs/include/px4_msgs/px4_msgs/msg/detail/sensor_baro__builder.hpp\n'}
[1.135448] (px4_msgs) StdoutLine: {'line': b'-- Up-to-date: /home/px4/ros2/ws/install/px4_msgs/include/px4_msgs/px4_msgs/msg/detail/esc_report__type_support.hpp\n'}
[1.135494] (px4_msgs) StdoutLine: {'line': b'-- Up-to-date: /home/px4/ros2/ws/install/px4_msgs/include/px4_msgs/px4_msgs/msg/detail/estimator_aid_source1d__traits.hpp\n'}
[1.135540] (px4_msgs) StdoutLine: {'line': b'-- Up-to-date: /home/px4/ros2/ws/install/px4_msgs/include/px4_msgs/px4_msgs/msg/detail/follow_target_estimator__type_support.hpp\n'}
[1.135587] (px4_msgs) StdoutLine: {'line': b'-- Up-to-date: /home/px4/ros2/ws/install/px4_msgs/include/px4_msgs/px4_msgs/msg/detail/fixed_wing_lateral_status__traits.hpp\n'}
[1.135635] (px4_msgs) StdoutLine: {'line': b'-- Up-to-date: /home/px4/ros2/ws/install/px4_msgs/include/px4_msgs/px4_msgs/msg/detail/estimator_aid_source3d__struct.hpp\n'}
[1.135684] (px4_msgs) StdoutLine: {'line': b'-- Up-to-date: /home/px4/ros2/ws/install/px4_msgs/include/px4_msgs/px4_msgs/msg/detail/dataman_response__builder.hpp\n'}
[1.135730] (px4_msgs) StdoutLine: {'line': b'-- Up-to-date: /home/px4/ros2/ws/install/px4_msgs/include/px4_msgs/px4_msgs/msg/detail/rpm__builder.hpp\n'}
[1.135784] (px4_msgs) StdoutLine: {'line': b'-- Up-to-date: /home/px4/ros2/ws/install/px4_msgs/include/px4_msgs/px4_msgs/msg/detail/yaw_estimator_status__type_support.hpp\n'}
[1.135838] (px4_msgs) StdoutLine: {'line': b'-- Up-to-date: /home/px4/ros2/ws/install/px4_msgs/include/px4_msgs/px4_msgs/msg/detail/health_report__type_support.hpp\n'}
[1.135885] (px4_msgs) StdoutLine: {'line': b'-- Up-to-date: /home/px4/ros2/ws/install/px4_msgs/include/px4_msgs/px4_msgs/msg/detail/landing_gear__struct.hpp\n'}
[1.135930] (px4_msgs) StdoutLine: {'line': b'-- Up-to-date: /home/px4/ros2/ws/install/px4_msgs/include/px4_msgs/px4_msgs/msg/detail/position_setpoint__traits.hpp\n'}
[1.135976] (px4_msgs) StdoutLine: {'line': b'-- Up-to-date: /home/px4/ros2/ws/install/px4_msgs/include/px4_msgs/px4_msgs/msg/detail/manual_control_switches__builder.hpp\n'}
[1.136021] (px4_msgs) StdoutLine: {'line': b'-- Up-to-date: /home/px4/ros2/ws/install/px4_msgs/include/px4_msgs/px4_msgs/msg/detail/battery_info__struct.hpp\n'}
[1.136066] (px4_msgs) StdoutLine: {'line': b'-- Up-to-date: /home/px4/ros2/ws/install/px4_msgs/include/px4_msgs/px4_msgs/msg/detail/message_format_response__struct.hpp\n'}
[1.136111] (px4_msgs) StdoutLine: {'line': b'-- Up-to-date: /home/px4/ros2/ws/install/px4_msgs/include/px4_msgs/px4_msgs/msg/detail/input_rc__struct.hpp\n'}
[1.136156] (px4_msgs) StdoutLine: {'line': b'-- Up-to-date: /home/px4/ros2/ws/install/px4_msgs/include/px4_msgs/px4_msgs/msg/detail/follow_target__struct.hpp\n'}
[1.136208] (px4_msgs) StdoutLine: {'line': b'-- Up-to-date: /home/px4/ros2/ws/install/px4_msgs/include/px4_msgs/px4_msgs/msg/detail/gimbal_manager_information__builder.hpp\n'}
[1.136254] (px4_msgs) StdoutLine: {'line': b'-- Up-to-date: /home/px4/ros2/ws/install/px4_msgs/include/px4_msgs/px4_msgs/msg/detail/qshell_req__traits.hpp\n'}
[1.136299] (px4_msgs) StdoutLine: {'line': b'-- Up-to-date: /home/px4/ros2/ws/install/px4_msgs/include/px4_msgs/px4_msgs/msg/detail/esc_report__struct.hpp\n'}
[1.136345] (px4_msgs) StdoutLine: {'line': b'-- Up-to-date: /home/px4/ros2/ws/install/px4_msgs/include/px4_msgs/px4_msgs/msg/detail/sensor_selection__builder.hpp\n'}
[1.136391] (px4_msgs) StdoutLine: {'line': b'-- Up-to-date: /home/px4/ros2/ws/install/px4_msgs/include/px4_msgs/px4_msgs/msg/detail/estimator_sensor_bias__traits.hpp\n'}
[1.136439] (px4_msgs) StdoutLine: {'line': b'-- Up-to-date: /home/px4/ros2/ws/install/px4_msgs/include/px4_msgs/px4_msgs/msg/detail/mount_orientation__type_support.hpp\n'}
[1.136486] (px4_msgs) StdoutLine: {'line': b'-- Up-to-date: /home/px4/ros2/ws/install/px4_msgs/include/px4_msgs/px4_msgs/msg/detail/battery_status__builder.hpp\n'}
[1.136542] (px4_msgs) StdoutLine: {'line': b'-- Up-to-date: /home/px4/ros2/ws/install/px4_msgs/include/px4_msgs/px4_msgs/msg/detail/iridiumsbd_status__traits.hpp\n'}
[1.136588] (px4_msgs) StdoutLine: {'line': b'-- Up-to-date: /home/px4/ros2/ws/install/px4_msgs/include/px4_msgs/px4_msgs/msg/detail/open_drone_id_system__traits.hpp\n'}
[1.136632] (px4_msgs) StdoutLine: {'line': b'-- Up-to-date: /home/px4/ros2/ws/install/px4_msgs/include/px4_msgs/px4_msgs/msg/detail/gps_inject_data__type_support.hpp\n'}
[1.136678] (px4_msgs) StdoutLine: {'line': b'-- Up-to-date: /home/px4/ros2/ws/install/px4_msgs/include/px4_msgs/px4_msgs/msg/detail/takeoff_status__builder.hpp\n'}
[1.136723] (px4_msgs) StdoutLine: {'line': b'-- Up-to-date: /home/px4/ros2/ws/install/px4_msgs/include/px4_msgs/px4_msgs/msg/detail/mag_worker_data__type_support.hpp\n'}
[1.136768] (px4_msgs) StdoutLine: {'line': b'-- Up-to-date: /home/px4/ros2/ws/install/px4_msgs/include/px4_msgs/px4_msgs/msg/detail/register_ext_component_request__traits.hpp\n'}
[1.136830] (px4_msgs) StdoutLine: {'line': b'-- Up-to-date: /home/px4/ros2/ws/install/px4_msgs/include/px4_msgs/px4_msgs/msg/detail/led_control__struct.hpp\n'}
[1.136878] (px4_msgs) StdoutLine: {'line': b'-- Up-to-date: /home/px4/ros2/ws/install/px4_msgs/include/px4_msgs/px4_msgs/msg/detail/parameter_update__builder.hpp\n'}
[1.136929] (px4_msgs) StdoutLine: {'line': b'-- Up-to-date: /home/px4/ros2/ws/install/px4_msgs/include/px4_msgs/px4_msgs/msg/detail/arming_check_reply__traits.hpp\n'}
[1.136976] (px4_msgs) StdoutLine: {'line': b'-- Up-to-date: /home/px4/ros2/ws/install/px4_msgs/include/px4_msgs/px4_msgs/msg/detail/actuator_servos_trim__traits.hpp\n'}
[1.137178] (px4_msgs) StdoutLine: {'line': b'-- Up-to-date: /home/px4/ros2/ws/install/px4_msgs/include/px4_msgs/px4_msgs/msg/detail/gimbal_controls__builder.hpp\n'}
[1.137248] (px4_msgs) StdoutLine: {'line': b'-- Up-to-date: /home/px4/ros2/ws/install/px4_msgs/include/px4_msgs/px4_msgs/msg/detail/px4io_status__traits.hpp\n'}
[1.137295] (px4_msgs) StdoutLine: {'line': b'-- Up-to-date: /home/px4/ros2/ws/install/px4_msgs/include/px4_msgs/px4_msgs/msg/detail/longitudinal_control_configuration__builder.hpp\n'}
[1.137342] (px4_msgs) StdoutLine: {'line': b'-- Up-to-date: /home/px4/ros2/ws/install/px4_msgs/include/px4_msgs/px4_msgs/msg/detail/actuator_servos__builder.hpp\n'}
[1.137389] (px4_msgs) StdoutLine: {'line': b'-- Up-to-date: /home/px4/ros2/ws/install/px4_msgs/include/px4_msgs/px4_msgs/msg/detail/dataman_request__builder.hpp\n'}
[1.137436] (px4_msgs) StdoutLine: {'line': b'-- Up-to-date: /home/px4/ros2/ws/install/px4_msgs/include/px4_msgs/px4_msgs/msg/detail/adc_report__struct.hpp\n'}
[1.137483] (px4_msgs) StdoutLine: {'line': b'-- Up-to-date: /home/px4/ros2/ws/install/px4_msgs/include/px4_msgs/px4_msgs/msg/detail/position_setpoint_triplet__builder.hpp\n'}
[1.137535] (px4_msgs) StdoutLine: {'line': b'-- Up-to-date: /home/px4/ros2/ws/install/px4_msgs/include/px4_msgs/px4_msgs/msg/detail/airspeed_validated__type_support.hpp\n'}
[1.137587] (px4_msgs) StdoutLine: {'line': b'-- Up-to-date: /home/px4/ros2/ws/install/px4_msgs/include/px4_msgs/px4_msgs/msg/detail/open_drone_id_arm_status__struct.hpp\n'}
[1.137639] (px4_msgs) StdoutLine: {'line': b'-- Up-to-date: /home/px4/ros2/ws/install/px4_msgs/include/px4_msgs/px4_msgs/msg/detail/gimbal_manager_set_manual_control__traits.hpp\n'}
[1.137692] (px4_msgs) StdoutLine: {'line': b'-- Up-to-date: /home/px4/ros2/ws/install/px4_msgs/include/px4_msgs/px4_msgs/msg/detail/gps_dump__struct.hpp\n'}
[1.137743] (px4_msgs) StdoutLine: {'line': b'-- Up-to-date: /home/px4/ros2/ws/install/px4_msgs/include/px4_msgs/px4_msgs/msg/detail/vehicle_command_ack__builder.hpp\n'}
[1.137800] (px4_msgs) StdoutLine: {'line': b'-- Up-to-date: /home/px4/ros2/ws/install/px4_msgs/include/px4_msgs/px4_msgs/msg/detail/px4io_status__struct.hpp\n'}
[1.137854] (px4_msgs) StdoutLine: {'line': b'-- Up-to-date: /home/px4/ros2/ws/install/px4_msgs/include/px4_msgs/px4_msgs/msg/detail/flight_phase_estimation__traits.hpp\n'}
[1.137900] (px4_msgs) StdoutLine: {'line': b'-- Up-to-date: /home/px4/ros2/ws/install/px4_msgs/include/px4_msgs/px4_msgs/msg/detail/qshell_retval__struct.hpp\n'}
[1.137951] (px4_msgs) StdoutLine: {'line': b'-- Up-to-date: /home/px4/ros2/ws/install/px4_msgs/include/px4_msgs/px4_msgs/msg/detail/rtl_time_estimate__struct.hpp\n'}
[1.137997] (px4_msgs) StdoutLine: {'line': b'-- Up-to-date: /home/px4/ros2/ws/install/px4_msgs/include/px4_msgs/px4_msgs/msg/detail/yaw_estimator_status__traits.hpp\n'}
[1.138044] (px4_msgs) StdoutLine: {'line': b'-- Up-to-date: /home/px4/ros2/ws/install/px4_msgs/include/px4_msgs/px4_msgs/msg/detail/sensors_status_imu__builder.hpp\n'}
[1.138089] (px4_msgs) StdoutLine: {'line': b'-- Up-to-date: /home/px4/ros2/ws/install/px4_msgs/include/px4_msgs/px4_msgs/msg/detail/vehicle_thrust_setpoint__struct.hpp\n'}
[1.138136] (px4_msgs) StdoutLine: {'line': b'-- Up-to-date: /home/px4/ros2/ws/install/px4_msgs/include/px4_msgs/px4_msgs/msg/detail/vehicle_acceleration__builder.hpp\n'}
[1.138186] (px4_msgs) StdoutLine: {'line': b'-- Up-to-date: /home/px4/ros2/ws/install/px4_msgs/include/px4_msgs/px4_msgs/msg/detail/sensor_optical_flow__struct.hpp\n'}
[1.138249] (px4_msgs) StdoutLine: {'line': b'-- Up-to-date: /home/px4/ros2/ws/install/px4_msgs/include/px4_msgs/px4_msgs/msg/detail/neural_control__builder.hpp\n'}
[1.138295] (px4_msgs) StdoutLine: {'line': b'-- Up-to-date: /home/px4/ros2/ws/install/px4_msgs/include/px4_msgs/px4_msgs/msg/detail/vehicle_local_position__builder.hpp\n'}
[1.138342] (px4_msgs) StdoutLine: {'line': b'-- Up-to-date: /home/px4/ros2/ws/install/px4_msgs/include/px4_msgs/px4_msgs/msg/detail/failure_detector_status__traits.hpp\n'}
[1.138393] (px4_msgs) StdoutLine: {'line': b'-- Up-to-date: /home/px4/ros2/ws/install/px4_msgs/include/px4_msgs/px4_msgs/msg/detail/sensor_gyro_fft__struct.hpp\n'}
[1.138451] (px4_msgs) StdoutLine: {'line': b'-- Up-to-date: /home/px4/ros2/ws/install/px4_msgs/include/px4_msgs/px4_msgs/msg/detail/pwm_input__type_support.hpp\n'}
[1.138498] (px4_msgs) StdoutLine: {'line': b'-- Up-to-date: /home/px4/ros2/ws/install/px4_msgs/include/px4_msgs/px4_msgs/msg/detail/rover_attitude_status__struct.hpp\n'}
[1.138550] (px4_msgs) StdoutLine: {'line': b'-- Up-to-date: /home/px4/ros2/ws/install/px4_msgs/include/px4_msgs/px4_msgs/msg/detail/sensor_accel_fifo__traits.hpp\n'}
[1.138602] (px4_msgs) StdoutLine: {'line': b'-- Up-to-date: /home/px4/ros2/ws/install/px4_msgs/include/px4_msgs/px4_msgs/msg/detail/magnetometer_bias_estimate__builder.hpp\n'}
[1.138648] (px4_msgs) StdoutLine: {'line': b'-- Up-to-date: /home/px4/ros2/ws/install/px4_msgs/include/px4_msgs/px4_msgs/msg/detail/register_ext_component_reply__struct.hpp\n'}
[1.138698] (px4_msgs) StdoutLine: {'line': b'-- Up-to-date: /home/px4/ros2/ws/install/px4_msgs/include/px4_msgs/px4_msgs/msg/detail/ping__traits.hpp\n'}
[1.138744] (px4_msgs) StdoutLine: {'line': b'-- Up-to-date: /home/px4/ros2/ws/install/px4_msgs/include/px4_msgs/px4_msgs/msg/detail/navigator_mission_item__type_support.hpp\n'}
[1.138806] (px4_msgs) StdoutLine: {'line': b'-- Up-to-date: /home/px4/ros2/ws/install/px4_msgs/include/px4_msgs/px4_msgs/msg/detail/velocity_limits__type_support.hpp\n'}
[1.138858] (px4_msgs) StdoutLine: {'line': b'-- Up-to-date: /home/px4/ros2/ws/install/px4_msgs/include/px4_msgs/px4_msgs/msg/detail/esc_report__traits.hpp\n'}
[1.138904] (px4_msgs) StdoutLine: {'line': b'-- Up-to-date: /home/px4/ros2/ws/install/px4_msgs/include/px4_msgs/px4_msgs/msg/detail/navigator_status__builder.hpp\n'}
[1.138951] (px4_msgs) StdoutLine: {'line': b'-- Up-to-date: /home/px4/ros2/ws/install/px4_msgs/include/px4_msgs/px4_msgs/msg/detail/vehicle_local_position__type_support.hpp\n'}
[1.138995] (px4_msgs) StdoutLine: {'line': b'-- Up-to-date: /home/px4/ros2/ws/install/px4_msgs/include/px4_msgs/px4_msgs/msg/detail/trajectory_setpoint__traits.hpp\n'}
[1.139041] (px4_msgs) StdoutLine: {'line': b'-- Up-to-date: /home/px4/ros2/ws/install/px4_msgs/include/px4_msgs/px4_msgs/msg/detail/estimator_event_flags__builder.hpp\n'}
[1.139085] (px4_msgs) StdoutLine: {'line': b'-- Up-to-date: /home/px4/ros2/ws/install/px4_msgs/include/px4_msgs/px4_msgs/msg/detail/manual_control_switches__type_support.hpp\n'}
[1.139130] (px4_msgs) StdoutLine: {'line': b'-- Up-to-date: /home/px4/ros2/ws/install/px4_msgs/include/px4_msgs/px4_msgs/msg/detail/position_setpoint_triplet__traits.hpp\n'}
[1.139175] (px4_msgs) StdoutLine: {'line': b'-- Up-to-date: /home/px4/ros2/ws/install/px4_msgs/include/px4_msgs/px4_msgs/msg/detail/mission_result__builder.hpp\n'}
[1.139233] (px4_msgs) StdoutLine: {'line': b'-- Up-to-date: /home/px4/ros2/ws/install/px4_msgs/include/px4_msgs/px4_msgs/msg/detail/camera_status__builder.hpp\n'}
[1.139289] (px4_msgs) StdoutLine: {'line': b'-- Up-to-date: /home/px4/ros2/ws/install/px4_msgs/include/px4_msgs/px4_msgs/msg/detail/vehicle_status__builder.hpp\n'}
[1.139334] (px4_msgs) StdoutLine: {'line': b'-- Up-to-date: /home/px4/ros2/ws/install/px4_msgs/include/px4_msgs/px4_msgs/msg/detail/gimbal_device_information__traits.hpp\n'}
[1.139378] (px4_msgs) StdoutLine: {'line': b'-- Up-to-date: /home/px4/ros2/ws/install/px4_msgs/include/px4_msgs/px4_msgs/msg/detail/action_request__struct.hpp\n'}
[1.139435] (px4_msgs) StdoutLine: {'line': b'-- Up-to-date: /home/px4/ros2/ws/install/px4_msgs/include/px4_msgs/px4_msgs/msg/detail/yaw_estimator_status__builder.hpp\n'}
[1.139496] (px4_msgs) StdoutLine: {'line': b'-- Up-to-date: /home/px4/ros2/ws/install/px4_msgs/include/px4_msgs/px4_msgs/msg/detail/landing_target_innovations__struct.hpp\n'}
[1.139542] (px4_msgs) StdoutLine: {'line': b'-- Up-to-date: /home/px4/ros2/ws/install/px4_msgs/include/px4_msgs/px4_msgs/msg/detail/onboard_computer_status__builder.hpp\n'}
[1.139603] (px4_msgs) StdoutLine: {'line': b'-- Up-to-date: /home/px4/ros2/ws/install/px4_msgs/include/px4_msgs/px4_msgs/msg/detail/health_report__builder.hpp\n'}
[1.139648] (px4_msgs) StdoutLine: {'line': b'-- Up-to-date: /home/px4/ros2/ws/install/px4_msgs/include/px4_msgs/px4_msgs/msg/detail/qshell_retval__builder.hpp\n'}
[1.139693] (px4_msgs) StdoutLine: {'line': b'-- Up-to-date: /home/px4/ros2/ws/install/px4_msgs/include/px4_msgs/px4_msgs/msg/detail/vehicle_command__struct.hpp\n'}
[1.139737] (px4_msgs) StdoutLine: {'line': b'-- Up-to-date: /home/px4/ros2/ws/install/px4_msgs/include/px4_msgs/px4_msgs/msg/detail/sensor_gyro_fifo__struct.hpp\n'}
[1.139794] (px4_msgs) StdoutLine: {'line': b'-- Up-to-date: /home/px4/ros2/ws/install/px4_msgs/include/px4_msgs/px4_msgs/msg/detail/dronecan_node_status__type_support.hpp\n'}
[1.139850] (px4_msgs) StdoutLine: {'line': b'-- Up-to-date: /home/px4/ros2/ws/install/px4_msgs/include/px4_msgs/px4_msgs/msg/detail/orb_test_medium__traits.hpp\n'}
[1.139897] (px4_msgs) StdoutLine: {'line': b'-- Up-to-date: /home/px4/ros2/ws/install/px4_msgs/include/px4_msgs/px4_msgs/msg/detail/parameter_set_value_request__traits.hpp\n'}
[1.139942] (px4_msgs) StdoutLine: {'line': b'-- Up-to-date: /home/px4/ros2/ws/install/px4_msgs/include/px4_msgs/px4_msgs/msg/detail/sensor_mag__traits.hpp\n'}
[1.139993] (px4_msgs) StdoutLine: {'line': b'-- Up-to-date: /home/px4/ros2/ws/install/px4_msgs/include/px4_msgs/px4_msgs/msg/detail/rover_steering_setpoint__struct.hpp\n'}
[1.140040] (px4_msgs) StdoutLine: {'line': b'-- Up-to-date: /home/px4/ros2/ws/install/px4_msgs/include/px4_msgs/px4_msgs/msg/detail/sensor_accel__builder.hpp\n'}
[1.140084] (px4_msgs) StdoutLine: {'line': b'-- Up-to-date: /home/px4/ros2/ws/install/px4_msgs/include/px4_msgs/px4_msgs/msg/detail/internal_combustion_engine_control__type_support.hpp\n'}
[1.140139] (px4_msgs) StdoutLine: {'line': b'-- Up-to-date: /home/px4/ros2/ws/install/px4_msgs/include/px4_msgs/px4_msgs/msg/detail/navigator_mission_item__struct.hpp\n'}
[1.140183] (px4_msgs) StdoutLine: {'line': b'-- Up-to-date: /home/px4/ros2/ws/install/px4_msgs/include/px4_msgs/px4_msgs/msg/detail/vehicle_angular_velocity__builder.hpp\n'}
[1.140233] (px4_msgs) StdoutLine: {'line': b'-- Up-to-date: /home/px4/ros2/ws/install/px4_msgs/include/px4_msgs/px4_msgs/msg/detail/vehicle_imu_status__builder.hpp\n'}
[1.140277] (px4_msgs) StdoutLine: {'line': b'-- Up-to-date: /home/px4/ros2/ws/install/px4_msgs/include/px4_msgs/px4_msgs/msg/detail/vehicle_attitude__traits.hpp\n'}
[1.140323] (px4_msgs) StdoutLine: {'line': b'-- Up-to-date: /home/px4/ros2/ws/install/px4_msgs/include/px4_msgs/px4_msgs/msg/detail/fixed_wing_lateral_guidance_status__struct.hpp\n'}
[1.140370] (px4_msgs) StdoutLine: {'line': b'-- Up-to-date: /home/px4/ros2/ws/install/px4_msgs/include/px4_msgs/px4_msgs/msg/detail/sensor_mag__struct.hpp\n'}
[1.140432] (px4_msgs) StdoutLine: {'line': b'-- Up-to-date: /home/px4/ros2/ws/install/px4_msgs/include/px4_msgs/px4_msgs/msg/detail/estimator_states__struct.hpp\n'}
[1.140480] (px4_msgs) StdoutLine: {'line': b'-- Up-to-date: /home/px4/ros2/ws/install/px4_msgs/include/px4_msgs/px4_msgs/msg/detail/vehicle_local_position_setpoint__struct.hpp\n'}
[1.140527] (px4_msgs) StdoutLine: {'line': b'-- Up-to-date: /home/px4/ros2/ws/install/px4_msgs/include/px4_msgs/px4_msgs/msg/detail/estimator_status_flags__traits.hpp\n'}
[1.140573] (px4_msgs) StdoutLine: {'line': b'-- Up-to-date: /home/px4/ros2/ws/install/px4_msgs/include/px4_msgs/px4_msgs/msg/detail/fixed_wing_lateral_status__struct.hpp\n'}
[1.140619] (px4_msgs) StdoutLine: {'line': b'-- Up-to-date: /home/px4/ros2/ws/install/px4_msgs/include/px4_msgs/px4_msgs/msg/detail/tune_control__traits.hpp\n'}
[1.140666] (px4_msgs) StdoutLine: {'line': b'-- Up-to-date: /home/px4/ros2/ws/install/px4_msgs/include/px4_msgs/px4_msgs/msg/detail/debug_value__struct.hpp\n'}
[1.140711] (px4_msgs) StdoutLine: {'line': b'-- Up-to-date: /home/px4/ros2/ws/install/px4_msgs/include/px4_msgs/px4_msgs/msg/detail/vehicle_command_ack__type_support.hpp\n'}
[1.140756] (px4_msgs) StdoutLine: {'line': b'-- Up-to-date: /home/px4/ros2/ws/install/px4_msgs/include/px4_msgs/px4_msgs/msg/detail/power_button_state__traits.hpp\n'}
[1.140817] (px4_msgs) StdoutLine: {'line': b'-- Up-to-date: /home/px4/ros2/ws/install/px4_msgs/include/px4_msgs/px4_msgs/msg/detail/rover_position_setpoint__traits.hpp\n'}
[1.140872] (px4_msgs) StdoutLine: {'line': b'-- Up-to-date: /home/px4/ros2/ws/install/px4_msgs/include/px4_msgs/px4_msgs/msg/detail/geofence_status__type_support.hpp\n'}
[1.140919] (px4_msgs) StdoutLine: {'line': b'-- Up-to-date: /home/px4/ros2/ws/install/px4_msgs/include/px4_msgs/px4_msgs/msg/detail/task_stack_info__type_support.hpp\n'}
[1.140964] (px4_msgs) StdoutLine: {'line': b'-- Up-to-date: /home/px4/ros2/ws/install/px4_msgs/include/px4_msgs/px4_msgs/msg/detail/fixed_wing_runway_control__traits.hpp\n'}
[1.141010] (px4_msgs) StdoutLine: {'line': b'-- Up-to-date: /home/px4/ros2/ws/install/px4_msgs/include/px4_msgs/px4_msgs/msg/detail/distance_sensor__builder.hpp\n'}
[1.141055] (px4_msgs) StdoutLine: {'line': b'-- Up-to-date: /home/px4/ros2/ws/install/px4_msgs/include/px4_msgs/px4_msgs/msg/detail/airspeed_validated__builder.hpp\n'}
[1.141101] (px4_msgs) StdoutLine: {'line': b'-- Up-to-date: /home/px4/ros2/ws/install/px4_msgs/include/px4_msgs/px4_msgs/msg/detail/follow_target_estimator__traits.hpp\n'}
[1.141146] (px4_msgs) StdoutLine: {'line': b'-- Up-to-date: /home/px4/ros2/ws/install/px4_msgs/include/px4_msgs/px4_msgs/msg/detail/gimbal_manager_information__struct.hpp\n'}
[1.141210] (px4_msgs) StdoutLine: {'line': b'-- Up-to-date: /home/px4/ros2/ws/install/px4_msgs/include/px4_msgs/px4_msgs/msg/detail/gimbal_device_attitude_status__builder.hpp\n'}
[1.141259] (px4_msgs) StdoutLine: {'line': b'-- Up-to-date: /home/px4/ros2/ws/install/px4_msgs/include/px4_msgs/px4_msgs/msg/detail/estimator_innovations__builder.hpp\n'}
[1.141304] (px4_msgs) StdoutLine: {'line': b'-- Up-to-date: /home/px4/ros2/ws/install/px4_msgs/include/px4_msgs/px4_msgs/msg/detail/position_setpoint__type_support.hpp\n'}
[1.141350] (px4_msgs) StdoutLine: {'line': b'-- Up-to-date: /home/px4/ros2/ws/install/px4_msgs/include/px4_msgs/px4_msgs/msg/detail/telemetry_status__builder.hpp\n'}
[1.141396] (px4_msgs) StdoutLine: {'line': b'-- Up-to-date: /home/px4/ros2/ws/install/px4_msgs/include/px4_msgs/px4_msgs/msg/detail/register_ext_component_request__builder.hpp\n'}
[1.141441] (px4_msgs) StdoutLine: {'line': b'-- Up-to-date: /home/px4/ros2/ws/install/px4_msgs/include/px4_msgs/px4_msgs/msg/detail/button_event__type_support.hpp\n'}
[1.141486] (px4_msgs) StdoutLine: {'line': b'-- Up-to-date: /home/px4/ros2/ws/install/px4_msgs/include/px4_msgs/px4_msgs/msg/detail/vehicle_imu__type_support.hpp\n'}
[1.141532] (px4_msgs) StdoutLine: {'line': b'-- Up-to-date: /home/px4/ros2/ws/install/px4_msgs/include/px4_msgs/px4_msgs/msg/detail/gripper__builder.hpp\n'}
[1.141577] (px4_msgs) StdoutLine: {'line': b'-- Up-to-date: /home/px4/ros2/ws/install/px4_msgs/include/px4_msgs/px4_msgs/msg/detail/vtol_vehicle_status__traits.hpp\n'}
[1.141622] (px4_msgs) StdoutLine: {'line': b'-- Up-to-date: /home/px4/ros2/ws/install/px4_msgs/include/px4_msgs/px4_msgs/msg/detail/parameter_reset_request__traits.hpp\n'}
[1.141667] (px4_msgs) StdoutLine: {'line': b'-- Up-to-date: /home/px4/ros2/ws/install/px4_msgs/include/px4_msgs/px4_msgs/msg/detail/landing_target_pose__type_support.hpp\n'}
[1.141712] (px4_msgs) StdoutLine: {'line': b'-- Up-to-date: /home/px4/ros2/ws/install/px4_msgs/include/px4_msgs/px4_msgs/msg/detail/sensor_gps__builder.hpp\n'}
[1.141785] (px4_msgs) StdoutLine: {'line': b'-- Up-to-date: /home/px4/ros2/ws/install/px4_msgs/include/px4_msgs/px4_msgs/msg/detail/sensor_gps__type_support.hpp\n'}
[1.141841] (px4_msgs) StdoutLine: {'line': b'-- Up-to-date: /home/px4/ros2/ws/install/px4_msgs/include/px4_msgs/px4_msgs/msg/detail/unregister_ext_component__traits.hpp\n'}
[1.141887] (px4_msgs) StdoutLine: {'line': b'-- Up-to-date: /home/px4/ros2/ws/install/px4_msgs/include/px4_msgs/px4_msgs/msg/detail/vehicle_magnetometer__type_support.hpp\n'}
[1.141932] (px4_msgs) StdoutLine: {'line': b'-- Up-to-date: /home/px4/ros2/ws/install/px4_msgs/include/px4_msgs/px4_msgs/msg/detail/dataman_response__struct.hpp\n'}
[1.141978] (px4_msgs) StdoutLine: {'line': b'-- Up-to-date: /home/px4/ros2/ws/install/px4_msgs/include/px4_msgs/px4_msgs/msg/detail/ulog_stream__struct.hpp\n'}
[1.142024] (px4_msgs) StdoutLine: {'line': b'-- Up-to-date: /home/px4/ros2/ws/install/px4_msgs/include/px4_msgs/px4_msgs/msg/detail/register_ext_component_reply__type_support.hpp\n'}
[1.142071] (px4_msgs) StdoutLine: {'line': b'-- Up-to-date: /home/px4/ros2/ws/install/px4_msgs/include/px4_msgs/px4_msgs/msg/detail/timesync_status__struct.hpp\n'}
[1.142119] (px4_msgs) StdoutLine: {'line': b'-- Up-to-date: /home/px4/ros2/ws/install/px4_msgs/include/px4_msgs/px4_msgs/msg/detail/position_controller_landing_status__type_support.hpp\n'}
[1.142165] (px4_msgs) StdoutLine: {'line': b'-- Up-to-date: /home/px4/ros2/ws/install/px4_msgs/include/px4_msgs/px4_msgs/msg/detail/goto_setpoint__traits.hpp\n'}
[1.142212] (px4_msgs) StdoutLine: {'line': b'-- Up-to-date: /home/px4/ros2/ws/install/px4_msgs/include/px4_msgs/px4_msgs/msg/detail/pure_pursuit_status__traits.hpp\n'}
[1.142257] (px4_msgs) StdoutLine: {'line': b'-- Up-to-date: /home/px4/ros2/ws/install/px4_msgs/include/px4_msgs/px4_msgs/msg/detail/vehicle_angular_velocity__traits.hpp\n'}
[1.142303] (px4_msgs) StdoutLine: {'line': b'-- Up-to-date: /home/px4/ros2/ws/install/px4_msgs/include/px4_msgs/px4_msgs/msg/detail/rover_rate_status__type_support.hpp\n'}
[1.142356] (px4_msgs) StdoutLine: {'line': b'-- Up-to-date: /home/px4/ros2/ws/install/px4_msgs/include/px4_msgs/px4_msgs/msg/detail/tiltrotor_extra_controls__type_support.hpp\n'}
[1.142401] (px4_msgs) StdoutLine: {'line': b'-- Up-to-date: /home/px4/ros2/ws/install/px4_msgs/include/px4_msgs/px4_msgs/msg/detail/register_ext_component_request__struct.hpp\n'}
[1.142446] (px4_msgs) StdoutLine: {'line': b'-- Up-to-date: /home/px4/ros2/ws/install/px4_msgs/include/px4_msgs/px4_msgs/msg/detail/gpio_in__type_support.hpp\n'}
[1.142491] (px4_msgs) StdoutLine: {'line': b'-- Up-to-date: /home/px4/ros2/ws/install/px4_msgs/include/px4_msgs/px4_msgs/msg/detail/position_controller_status__struct.hpp\n'}
[1.142536] (px4_msgs) StdoutLine: {'line': b'-- Up-to-date: /home/px4/ros2/ws/install/px4_msgs/include/px4_msgs/px4_msgs/msg/detail/sensor_gyro_fft__builder.hpp\n'}
[1.142581] (px4_msgs) StdoutLine: {'line': b'-- Up-to-date: /home/px4/ros2/ws/install/px4_msgs/include/px4_msgs/px4_msgs/msg/detail/ulog_stream_ack__struct.hpp\n'}
[1.142626] (px4_msgs) StdoutLine: {'line': b'-- Up-to-date: /home/px4/ros2/ws/install/px4_msgs/include/px4_msgs/px4_msgs/msg/detail/qshell_req__struct.hpp\n'}
[1.142672] (px4_msgs) StdoutLine: {'line': b'-- Up-to-date: /home/px4/ros2/ws/install/px4_msgs/include/px4_msgs/px4_msgs/msg/detail/gripper__type_support.hpp\n'}
[1.142717] (px4_msgs) StdoutLine: {'line': b'-- Up-to-date: /home/px4/ros2/ws/install/px4_msgs/include/px4_msgs/px4_msgs/msg/detail/gpio_in__struct.hpp\n'}
[1.142762] (px4_msgs) StdoutLine: {'line': b'-- Up-to-date: /home/px4/ros2/ws/install/px4_msgs/include/px4_msgs/px4_msgs/msg/detail/trajectory_setpoint6dof__struct.hpp\n'}
[1.142823] (px4_msgs) StdoutLine: {'line': b'-- Up-to-date: /home/px4/ros2/ws/install/px4_msgs/include/px4_msgs/px4_msgs/msg/detail/gimbal_manager_set_attitude__traits.hpp\n'}
[1.142922] (px4_msgs) StdoutLine: {'line': b'-- Up-to-date: /home/px4/ros2/ws/install/px4_msgs/include/px4_msgs/px4_msgs/msg/detail/wind__builder.hpp\n'}
[1.142969] (px4_msgs) StdoutLine: {'line': b'-- Up-to-date: /home/px4/ros2/ws/install/px4_msgs/include/px4_msgs/px4_msgs/msg/detail/flight_phase_estimation__type_support.hpp\n'}
[1.143014] (px4_msgs) StdoutLine: {'line': b'-- Up-to-date: /home/px4/ros2/ws/install/px4_msgs/include/px4_msgs/px4_msgs/msg/detail/actuator_motors__type_support.hpp\n'}
[1.143060] (px4_msgs) StdoutLine: {'line': b'-- Up-to-date: /home/px4/ros2/ws/install/px4_msgs/include/px4_msgs/px4_msgs/msg/detail/sensor_gyro__type_support.hpp\n'}
[1.143105] (px4_msgs) StdoutLine: {'line': b'-- Up-to-date: /home/px4/ros2/ws/install/px4_msgs/include/px4_msgs/px4_msgs/msg/detail/control_allocator_status__builder.hpp\n'}
[1.143151] (px4_msgs) StdoutLine: {'line': b'-- Up-to-date: /home/px4/ros2/ws/install/px4_msgs/include/px4_msgs/px4_msgs/msg/detail/estimator_gps_status__type_support.hpp\n'}
[1.143196] (px4_msgs) StdoutLine: {'line': b'-- Up-to-date: /home/px4/ros2/ws/install/px4_msgs/include/px4_msgs/px4_msgs/msg/detail/gimbal_device_set_attitude__builder.hpp\n'}
[1.143241] (px4_msgs) StdoutLine: {'line': b'-- Up-to-date: /home/px4/ros2/ws/install/px4_msgs/include/px4_msgs/px4_msgs/msg/detail/open_drone_id_system__type_support.hpp\n'}
[1.143292] (px4_msgs) StdoutLine: {'line': b'-- Up-to-date: /home/px4/ros2/ws/install/px4_msgs/include/px4_msgs/px4_msgs/msg/detail/vehicle_attitude__type_support.hpp\n'}
[1.143338] (px4_msgs) StdoutLine: {'line': b'-- Up-to-date: /home/px4/ros2/ws/install/px4_msgs/include/px4_msgs/px4_msgs/msg/detail/camera_status__type_support.hpp\n'}
[1.143391] (px4_msgs) StdoutLine: {'line': b'-- Up-to-date: /home/px4/ros2/ws/install/px4_msgs/include/px4_msgs/px4_msgs/msg/detail/battery_info__builder.hpp\n'}
[1.143446] (px4_msgs) StdoutLine: {'line': b'-- Up-to-date: /home/px4/ros2/ws/install/px4_msgs/include/px4_msgs/px4_msgs/msg/detail/vehicle_optical_flow_vel__struct.hpp\n'}
[1.143489] (px4_msgs) StdoutLine: {'line': b'-- Up-to-date: /home/px4/ros2/ws/install/px4_msgs/include/px4_msgs/px4_msgs/msg/detail/rover_velocity_setpoint__struct.hpp\n'}
[1.143554] (px4_msgs) StdoutLine: {'line': b'-- Up-to-date: /home/px4/ros2/ws/install/px4_msgs/include/px4_msgs/px4_msgs/msg/detail/debug_vect__type_support.hpp\n'}
[1.143604] (px4_msgs) StdoutLine: {'line': b'-- Up-to-date: /home/px4/ros2/ws/install/px4_msgs/include/px4_msgs/px4_msgs/msg/detail/goto_setpoint__builder.hpp\n'}
[1.143689] (px4_msgs) StdoutLine: {'line': b'-- Up-to-date: /home/px4/ros2/ws/install/px4_msgs/include/px4_msgs/px4_msgs/msg/detail/ulog_stream_ack__traits.hpp\n'}
[1.143740] (px4_msgs) StdoutLine: {'line': b'-- Up-to-date: /home/px4/ros2/ws/install/px4_msgs/include/px4_msgs/px4_msgs/msg/detail/vehicle_air_data__traits.hpp\n'}
[1.143795] (px4_msgs) StdoutLine: {'line': b'-- Up-to-date: /home/px4/ros2/ws/install/px4_msgs/include/px4_msgs/px4_msgs/msg/detail/home_position__builder.hpp\n'}
[1.143849] (px4_msgs) StdoutLine: {'line': b'-- Up-to-date: /home/px4/ros2/ws/install/px4_msgs/include/px4_msgs/px4_msgs/msg/detail/vehicle_angular_acceleration_setpoint__builder.hpp\n'}
[1.143896] (px4_msgs) StdoutLine: {'line': b'-- Up-to-date: /home/px4/ros2/ws/install/px4_msgs/include/px4_msgs/px4_msgs/msg/detail/vehicle_optical_flow__struct.hpp\n'}
[1.143941] (px4_msgs) StdoutLine: {'line': b'-- Up-to-date: /home/px4/ros2/ws/install/px4_msgs/include/px4_msgs/px4_msgs/msg/detail/orbit_status__traits.hpp\n'}
[1.143987] (px4_msgs) StdoutLine: {'line': b'-- Up-to-date: /home/px4/ros2/ws/install/px4_msgs/include/px4_msgs/px4_msgs/msg/detail/lateral_control_configuration__struct.hpp\n'}
[1.144033] (px4_msgs) StdoutLine: {'line': b'-- Up-to-date: /home/px4/ros2/ws/install/px4_msgs/include/px4_msgs/px4_msgs/msg/detail/yaw_estimator_status__struct.hpp\n'}
[1.144078] (px4_msgs) StdoutLine: {'line': b'-- Up-to-date: /home/px4/ros2/ws/install/px4_msgs/include/px4_msgs/px4_msgs/msg/detail/fixed_wing_lateral_guidance_status__type_support.hpp\n'}
[1.144123] (px4_msgs) StdoutLine: {'line': b'-- Up-to-date: /home/px4/ros2/ws/install/px4_msgs/include/px4_msgs/px4_msgs/msg/detail/sensor_correction__type_support.hpp\n'}
[1.144168] (px4_msgs) StdoutLine: {'line': b'-- Up-to-date: /home/px4/ros2/ws/install/px4_msgs/include/px4_msgs/px4_msgs/msg/detail/heater_status__traits.hpp\n'}
[1.144217] (px4_msgs) StdoutLine: {'line': b'-- Up-to-date: /home/px4/ros2/ws/install/px4_msgs/include/px4_msgs/px4_msgs/msg/detail/estimator_sensor_bias__type_support.hpp\n'}
[1.144264] (px4_msgs) StdoutLine: {'line': b'-- Up-to-date: /home/px4/ros2/ws/install/px4_msgs/include/px4_msgs/px4_msgs/msg/detail/estimator_states__type_support.hpp\n'}
[1.144309] (px4_msgs) StdoutLine: {'line': b'-- Up-to-date: /home/px4/ros2/ws/install/px4_msgs/include/px4_msgs/px4_msgs/msg/detail/arming_check_request__traits.hpp\n'}
[1.144354] (px4_msgs) StdoutLine: {'line': b'-- Up-to-date: /home/px4/ros2/ws/install/px4_msgs/include/px4_msgs/px4_msgs/msg/detail/vehicle_rates_setpoint__builder.hpp\n'}
[1.144404] (px4_msgs) StdoutLine: {'line': b'-- Up-to-date: /home/px4/ros2/ws/install/px4_msgs/include/px4_msgs/px4_msgs/msg/detail/vehicle_control_mode__traits.hpp\n'}
[1.144450] (px4_msgs) StdoutLine: {'line': b'-- Up-to-date: /home/px4/ros2/ws/install/px4_msgs/include/px4_msgs/px4_msgs/msg/detail/sensor_hygrometer__type_support.hpp\n'}
[1.144497] (px4_msgs) StdoutLine: {'line': b'-- Up-to-date: /home/px4/ros2/ws/install/px4_msgs/include/px4_msgs/px4_msgs/msg/detail/sensors_status_imu__traits.hpp\n'}
[1.144543] (px4_msgs) StdoutLine: {'line': b'-- Up-to-date: /home/px4/ros2/ws/install/px4_msgs/include/px4_msgs/px4_msgs/msg/detail/rate_ctrl_status__struct.hpp\n'}
[1.144587] (px4_msgs) StdoutLine: {'line': b'-- Up-to-date: /home/px4/ros2/ws/install/px4_msgs/include/px4_msgs/px4_msgs/msg/detail/sensor_gyro_fifo__type_support.hpp\n'}
[1.144639] (px4_msgs) StdoutLine: {'line': b'-- Up-to-date: /home/px4/ros2/ws/install/px4_msgs/include/px4_msgs/px4_msgs/msg/detail/estimator_event_flags__type_support.hpp\n'}
[1.144685] (px4_msgs) StdoutLine: {'line': b'-- Up-to-date: /home/px4/ros2/ws/install/px4_msgs/include/px4_msgs/px4_msgs/msg/detail/debug_key_value__struct.hpp\n'}
[1.144738] (px4_msgs) StdoutLine: {'line': b'-- Up-to-date: /home/px4/ros2/ws/install/px4_msgs/include/px4_msgs/px4_msgs/msg/detail/vehicle_odometry__type_support.hpp\n'}
[1.144794] (px4_msgs) StdoutLine: {'line': b'-- Up-to-date: /home/px4/ros2/ws/install/px4_msgs/include/px4_msgs/px4_msgs/msg/detail/geofence_status__builder.hpp\n'}
[1.144847] (px4_msgs) StdoutLine: {'line': b'-- Up-to-date: /home/px4/ros2/ws/install/px4_msgs/include/px4_msgs/px4_msgs/msg/detail/action_request__traits.hpp\n'}
[1.144905] (px4_msgs) StdoutLine: {'line': b'-- Up-to-date: /home/px4/ros2/ws/install/px4_msgs/include/px4_msgs/px4_msgs/msg/detail/sensor_accel_fifo__type_support.hpp\n'}
[1.144952] (px4_msgs) StdoutLine: {'line': b'-- Up-to-date: /home/px4/ros2/ws/install/px4_msgs/include/px4_msgs/px4_msgs/msg/detail/gpio_in__traits.hpp\n'}
[1.145002] (px4_msgs) StdoutLine: {'line': b'-- Up-to-date: /home/px4/ros2/ws/install/px4_msgs/include/px4_msgs/px4_msgs/msg/detail/open_drone_id_system__struct.hpp\n'}
[1.145049] (px4_msgs) StdoutLine: {'line': b'-- Up-to-date: /home/px4/ros2/ws/install/px4_msgs/include/px4_msgs/px4_msgs/msg/detail/gimbal_manager_information__traits.hpp\n'}
[1.145094] (px4_msgs) StdoutLine: {'line': b'-- Up-to-date: /home/px4/ros2/ws/install/px4_msgs/include/px4_msgs/px4_msgs/msg/detail/gimbal_device_information__struct.hpp\n'}
[1.145149] (px4_msgs) StdoutLine: {'line': b'-- Up-to-date: /home/px4/ros2/ws/install/px4_msgs/include/px4_msgs/px4_msgs/msg/detail/estimator_innovations__type_support.hpp\n'}
[1.145194] (px4_msgs) StdoutLine: {'line': b'-- Up-to-date: /home/px4/ros2/ws/install/px4_msgs/include/px4_msgs/px4_msgs/msg/detail/vehicle_control_mode__struct.hpp\n'}
[1.145255] (px4_msgs) StdoutLine: {'line': b'-- Up-to-date: /home/px4/ros2/ws/install/px4_msgs/include/px4_msgs/px4_msgs/msg/detail/vehicle_magnetometer__struct.hpp\n'}
[1.145303] (px4_msgs) StdoutLine: {'line': b'-- Up-to-date: /home/px4/ros2/ws/install/px4_msgs/include/px4_msgs/px4_msgs/msg/detail/rc_channels__builder.hpp\n'}
[1.145349] (px4_msgs) StdoutLine: {'line': b'-- Up-to-date: /home/px4/ros2/ws/install/px4_msgs/include/px4_msgs/px4_msgs/msg/detail/log_message__builder.hpp\n'}
[1.145537] (px4_msgs) StdoutLine: {'line': b'-- Up-to-date: /home/px4/ros2/ws/install/px4_msgs/include/px4_msgs/px4_msgs/msg/detail/open_drone_id_operator_id__traits.hpp\n'}
[1.145585] (px4_msgs) StdoutLine: {'line': b'-- Up-to-date: /home/px4/ros2/ws/install/px4_msgs/include/px4_msgs/px4_msgs/msg/detail/cellular_status__struct.hpp\n'}
[1.145632] (px4_msgs) StdoutLine: {'line': b'-- Up-to-date: /home/px4/ros2/ws/install/px4_msgs/include/px4_msgs/px4_msgs/msg/detail/gimbal_manager_status__builder.hpp\n'}
[1.145680] (px4_msgs) StdoutLine: {'line': b'-- Up-to-date: /home/px4/ros2/ws/install/px4_msgs/include/px4_msgs/px4_msgs/msg/detail/debug_value__builder.hpp\n'}
[1.145732] (px4_msgs) StdoutLine: {'line': b'-- Up-to-date: /home/px4/ros2/ws/install/px4_msgs/include/px4_msgs/px4_msgs/msg/detail/message_format_response__type_support.hpp\n'}
[1.145793] (px4_msgs) StdoutLine: {'line': b'-- Up-to-date: /home/px4/ros2/ws/install/px4_msgs/include/px4_msgs/px4_msgs/msg/detail/rover_velocity_setpoint__type_support.hpp\n'}
[1.145849] (px4_msgs) StdoutLine: {'line': b'-- Up-to-date: /home/px4/ros2/ws/install/px4_msgs/include/px4_msgs/px4_msgs/msg/detail/vehicle_optical_flow_vel__traits.hpp\n'}
[1.145895] (px4_msgs) StdoutLine: {'line': b'-- Up-to-date: /home/px4/ros2/ws/install/px4_msgs/include/px4_msgs/px4_msgs/msg/detail/mount_orientation__struct.hpp\n'}
[1.145939] (px4_msgs) StdoutLine: {'line': b'-- Up-to-date: /home/px4/ros2/ws/install/px4_msgs/include/px4_msgs/px4_msgs/msg/detail/logger_status__builder.hpp\n'}
[1.145984] (px4_msgs) StdoutLine: {'line': b'-- Up-to-date: /home/px4/ros2/ws/install/px4_msgs/include/px4_msgs/px4_msgs/msg/detail/can_interface_status__builder.hpp\n'}
[1.146028] (px4_msgs) StdoutLine: {'line': b'-- Up-to-date: /home/px4/ros2/ws/install/px4_msgs/include/px4_msgs/px4_msgs/msg/detail/open_drone_id_self_id__traits.hpp\n'}
[1.146079] (px4_msgs) StdoutLine: {'line': b'-- Up-to-date: /home/px4/ros2/ws/install/px4_msgs/include/px4_msgs/px4_msgs/msg/detail/position_setpoint_triplet__struct.hpp\n'}
[1.146139] (px4_msgs) StdoutLine: {'line': b'-- Up-to-date: /home/px4/ros2/ws/install/px4_msgs/include/px4_msgs/px4_msgs/msg/detail/vehicle_local_position_setpoint__traits.hpp\n'}
[1.146183] (px4_msgs) StdoutLine: {'line': b'-- Up-to-date: /home/px4/ros2/ws/install/px4_msgs/include/px4_msgs/px4_msgs/msg/detail/geofence_status__traits.hpp\n'}
[1.146246] (px4_msgs) StdoutLine: {'line': b'-- Up-to-date: /home/px4/ros2/ws/install/px4_msgs/include/px4_msgs/px4_msgs/msg/detail/camera_status__struct.hpp\n'}
[1.146290] (px4_msgs) StdoutLine: {'line': b'-- Up-to-date: /home/px4/ros2/ws/install/px4_msgs/include/px4_msgs/px4_msgs/msg/detail/ekf2_timestamps__struct.hpp\n'}
[1.146339] (px4_msgs) StdoutLine: {'line': b'-- Up-to-date: /home/px4/ros2/ws/install/px4_msgs/include/px4_msgs/px4_msgs/msg/detail/message_format_request__builder.hpp\n'}
[1.146395] (px4_msgs) StdoutLine: {'line': b'-- Up-to-date: /home/px4/ros2/ws/install/px4_msgs/include/px4_msgs/px4_msgs/msg/detail/gripper__traits.hpp\n'}
[1.146441] (px4_msgs) StdoutLine: {'line': b'-- Up-to-date: /home/px4/ros2/ws/install/px4_msgs/include/px4_msgs/px4_msgs/msg/detail/estimator_aid_source3d__builder.hpp\n'}
[1.146487] (px4_msgs) StdoutLine: {'line': b'-- Up-to-date: /home/px4/ros2/ws/install/px4_msgs/include/px4_msgs/px4_msgs/msg/detail/open_drone_id_operator_id__struct.hpp\n'}
[1.146533] (px4_msgs) StdoutLine: {'line': b'-- Up-to-date: /home/px4/ros2/ws/install/px4_msgs/include/px4_msgs/px4_msgs/msg/detail/mavlink_tunnel__struct.hpp\n'}
[1.146579] (px4_msgs) StdoutLine: {'line': b'-- Up-to-date: /home/px4/ros2/ws/install/px4_msgs/include/px4_msgs/px4_msgs/msg/detail/mode_completed__struct.hpp\n'}
[1.146630] (px4_msgs) StdoutLine: {'line': b'-- Up-to-date: /home/px4/ros2/ws/install/px4_msgs/include/px4_msgs/px4_msgs/msg/detail/sensor_combined__type_support.hpp\n'}
[1.146677] (px4_msgs) StdoutLine: {'line': b'-- Up-to-date: /home/px4/ros2/ws/install/px4_msgs/include/px4_msgs/px4_msgs/msg/detail/vehicle_roi__type_support.hpp\n'}
[1.146722] (px4_msgs) StdoutLine: {'line': b'-- Up-to-date: /home/px4/ros2/ws/install/px4_msgs/include/px4_msgs/px4_msgs/msg/detail/rc_channels__traits.hpp\n'}
[1.146768] (px4_msgs) StdoutLine: {'line': b'-- Up-to-date: /home/px4/ros2/ws/install/px4_msgs/include/px4_msgs/px4_msgs/msg/detail/orb_test_large__type_support.hpp\n'}
[1.146828] (px4_msgs) StdoutLine: {'line': b'-- Up-to-date: /home/px4/ros2/ws/install/px4_msgs/include/px4_msgs/px4_msgs/msg/detail/rover_rate_setpoint__builder.hpp\n'}
[1.146874] (px4_msgs) StdoutLine: {'line': b'-- Up-to-date: /home/px4/ros2/ws/install/px4_msgs/include/px4_msgs/px4_msgs/msg/detail/generator_status__traits.hpp\n'}
[1.146920] (px4_msgs) StdoutLine: {'line': b'-- Up-to-date: /home/px4/ros2/ws/install/px4_msgs/include/px4_msgs/px4_msgs/msg/detail/sensor_gyro__builder.hpp\n'}
[1.146977] (px4_msgs) StdoutLine: {'line': b'-- Up-to-date: /home/px4/ros2/ws/install/px4_msgs/include/px4_msgs/px4_msgs/msg/detail/actuator_test__type_support.hpp\n'}
[1.147026] (px4_msgs) StdoutLine: {'line': b'-- Up-to-date: /home/px4/ros2/ws/install/px4_msgs/include/px4_msgs/px4_msgs/msg/detail/hover_thrust_estimate__struct.hpp\n'}
[1.147073] (px4_msgs) StdoutLine: {'line': b'-- Up-to-date: /home/px4/ros2/ws/install/px4_msgs/include/px4_msgs/px4_msgs/msg/detail/parameter_set_value_request__builder.hpp\n'}
[1.147117] (px4_msgs) StdoutLine: {'line': b'-- Up-to-date: /home/px4/ros2/ws/install/px4_msgs/include/px4_msgs/px4_msgs/msg/detail/orbit_status__type_support.hpp\n'}
[1.147162] (px4_msgs) StdoutLine: {'line': b'-- Up-to-date: /home/px4/ros2/ws/install/px4_msgs/include/px4_msgs/px4_msgs/msg/detail/transponder_report__builder.hpp\n'}
[1.147207] (px4_msgs) StdoutLine: {'line': b'-- Up-to-date: /home/px4/ros2/ws/install/px4_msgs/include/px4_msgs/px4_msgs/msg/detail/hover_thrust_estimate__traits.hpp\n'}
[1.147251] (px4_msgs) StdoutLine: {'line': b'-- Up-to-date: /home/px4/ros2/ws/install/px4_msgs/include/px4_msgs/px4_msgs/msg/detail/esc_report__builder.hpp\n'}
[1.147302] (px4_msgs) StdoutLine: {'line': b'-- Up-to-date: /home/px4/ros2/ws/install/px4_msgs/include/px4_msgs/px4_msgs/msg/detail/log_message__type_support.hpp\n'}
[1.147348] (px4_msgs) StdoutLine: {'line': b'-- Up-to-date: /home/px4/ros2/ws/install/px4_msgs/include/px4_msgs/px4_msgs/msg/detail/vehicle_optical_flow__traits.hpp\n'}
[1.147394] (px4_msgs) StdoutLine: {'line': b'-- Up-to-date: /home/px4/ros2/ws/install/px4_msgs/include/px4_msgs/px4_msgs/msg/detail/internal_combustion_engine_status__type_support.hpp\n'}
[1.147439] (px4_msgs) StdoutLine: {'line': b'-- Up-to-date: /home/px4/ros2/ws/install/px4_msgs/include/px4_msgs/px4_msgs/msg/detail/vehicle_roi__struct.hpp\n'}
[1.147485] (px4_msgs) StdoutLine: {'line': b'-- Up-to-date: /home/px4/ros2/ws/install/px4_msgs/include/px4_msgs/px4_msgs/msg/detail/gimbal_device_information__builder.hpp\n'}
[1.147531] (px4_msgs) StdoutLine: {'line': b'-- Up-to-date: /home/px4/ros2/ws/install/px4_msgs/include/px4_msgs/px4_msgs/msg/detail/vehicle_attitude_setpoint__builder.hpp\n'}
[1.147576] (px4_msgs) StdoutLine: {'line': b'-- Up-to-date: /home/px4/ros2/ws/install/px4_msgs/include/px4_msgs/px4_msgs/msg/detail/vehicle_imu__traits.hpp\n'}
[1.147622] (px4_msgs) StdoutLine: {'line': b'-- Up-to-date: /home/px4/ros2/ws/install/px4_msgs/include/px4_msgs/px4_msgs/msg/detail/parameter_update__type_support.hpp\n'}
[1.147667] (px4_msgs) StdoutLine: {'line': b'-- Up-to-date: /home/px4/ros2/ws/install/px4_msgs/include/px4_msgs/px4_msgs/msg/detail/sensor_combined__struct.hpp\n'}
[1.147713] (px4_msgs) StdoutLine: {'line': b'-- Up-to-date: /home/px4/ros2/ws/install/px4_msgs/include/px4_msgs/px4_msgs/msg/detail/fixed_wing_runway_control__struct.hpp\n'}
[1.147760] (px4_msgs) StdoutLine: {'line': b'-- Up-to-date: /home/px4/ros2/ws/install/px4_msgs/include/px4_msgs/px4_msgs/msg/detail/position_controller_status__traits.hpp\n'}
[1.147822] (px4_msgs) StdoutLine: {'line': b'-- Up-to-date: /home/px4/ros2/ws/install/px4_msgs/include/px4_msgs/px4_msgs/msg/detail/ping__type_support.hpp\n'}
[1.147870] (px4_msgs) StdoutLine: {'line': b'-- Up-to-date: /home/px4/ros2/ws/install/px4_msgs/include/px4_msgs/px4_msgs/msg/detail/debug_vect__traits.hpp\n'}
[1.147917] (px4_msgs) StdoutLine: {'line': b'-- Up-to-date: /home/px4/ros2/ws/install/px4_msgs/include/px4_msgs/px4_msgs/msg/detail/vehicle_command__traits.hpp\n'}
[1.147962] (px4_msgs) StdoutLine: {'line': b'-- Up-to-date: /home/px4/ros2/ws/install/px4_msgs/include/px4_msgs/px4_msgs/msg/detail/vehicle_imu__struct.hpp\n'}
[1.148007] (px4_msgs) StdoutLine: {'line': b'-- Up-to-date: /home/px4/ros2/ws/install/px4_msgs/include/px4_msgs/px4_msgs/msg/detail/camera_trigger__type_support.hpp\n'}
[1.148053] (px4_msgs) StdoutLine: {'line': b'-- Up-to-date: /home/px4/ros2/ws/install/px4_msgs/include/px4_msgs/px4_msgs/msg/detail/sensor_airflow__struct.hpp\n'}
[1.148098] (px4_msgs) StdoutLine: {'line': b'-- Up-to-date: /home/px4/ros2/ws/install/px4_msgs/include/px4_msgs/px4_msgs/msg/detail/debug_array__type_support.hpp\n'}
[1.148151] (px4_msgs) StdoutLine: {'line': b'-- Up-to-date: /home/px4/ros2/ws/install/px4_msgs/include/px4_msgs/px4_msgs/msg/detail/vehicle_torque_setpoint__builder.hpp\n'}
[1.148198] (px4_msgs) StdoutLine: {'line': b'-- Up-to-date: /home/px4/ros2/ws/install/px4_msgs/include/px4_msgs/px4_msgs/msg/detail/gimbal_controls__type_support.hpp\n'}
[1.148244] (px4_msgs) StdoutLine: {'line': b'-- Up-to-date: /home/px4/ros2/ws/install/px4_msgs/include/px4_msgs/px4_msgs/msg/detail/rover_attitude_setpoint__traits.hpp\n'}
[1.148290] (px4_msgs) StdoutLine: {'line': b'-- Up-to-date: /home/px4/ros2/ws/install/px4_msgs/include/px4_msgs/px4_msgs/msg/detail/tiltrotor_extra_controls__struct.hpp\n'}
[1.148337] (px4_msgs) StdoutLine: {'line': b'-- Up-to-date: /home/px4/ros2/ws/install/px4_msgs/include/px4_msgs/px4_msgs/msg/detail/ulog_stream_ack__builder.hpp\n'}
[1.148382] (px4_msgs) StdoutLine: {'line': b'-- Up-to-date: /home/px4/ros2/ws/install/px4_msgs/include/px4_msgs/px4_msgs/msg/detail/vehicle_status__struct.hpp\n'}
[1.148434] (px4_msgs) StdoutLine: {'line': b'-- Up-to-date: /home/px4/ros2/ws/install/px4_msgs/include/px4_msgs/px4_msgs/msg/detail/pure_pursuit_status__type_support.hpp\n'}
[1.148481] (px4_msgs) StdoutLine: {'line': b'-- Up-to-date: /home/px4/ros2/ws/install/px4_msgs/include/px4_msgs/px4_msgs/msg/detail/actuator_motors__builder.hpp\n'}
[1.148529] (px4_msgs) StdoutLine: {'line': b'-- Up-to-date: /home/px4/ros2/ws/install/px4_msgs/include/px4_msgs/px4_msgs/msg/detail/orbit_status__struct.hpp\n'}
[1.148576] (px4_msgs) StdoutLine: {'line': b'-- Up-to-date: /home/px4/ros2/ws/install/px4_msgs/include/px4_msgs/px4_msgs/msg/detail/manual_control_switches__traits.hpp\n'}
[1.148631] (px4_msgs) StdoutLine: {'line': b'-- Up-to-date: /home/px4/ros2/ws/install/px4_msgs/include/px4_msgs/px4_msgs/msg/detail/sensors_status__struct.hpp\n'}
[1.148676] (px4_msgs) StdoutLine: {'line': b'-- Up-to-date: /home/px4/ros2/ws/install/px4_msgs/include/px4_msgs/px4_msgs/msg/detail/figure_eight_status__struct.hpp\n'}
[1.148722] (px4_msgs) StdoutLine: {'line': b'-- Up-to-date: /home/px4/ros2/ws/install/px4_msgs/include/px4_msgs/px4_msgs/msg/detail/rc_channels__struct.hpp\n'}
[1.148766] (px4_msgs) StdoutLine: {'line': b'-- Up-to-date: /home/px4/ros2/ws/install/px4_msgs/include/px4_msgs/px4_msgs/msg/detail/rtl_status__type_support.hpp\n'}
[1.148826] (px4_msgs) StdoutLine: {'line': b'-- Up-to-date: /home/px4/ros2/ws/install/px4_msgs/include/px4_msgs/px4_msgs/msg/detail/estimator_states__traits.hpp\n'}
[1.148875] (px4_msgs) StdoutLine: {'line': b'-- Up-to-date: /home/px4/ros2/ws/install/px4_msgs/include/px4_msgs/px4_msgs/msg/detail/vtol_vehicle_status__type_support.hpp\n'}
[1.148920] (px4_msgs) StdoutLine: {'line': b'-- Up-to-date: /home/px4/ros2/ws/install/px4_msgs/include/px4_msgs/px4_msgs/msg/detail/collision_constraints__type_support.hpp\n'}
[1.148967] (px4_msgs) StdoutLine: {'line': b'-- Up-to-date: /home/px4/ros2/ws/install/px4_msgs/include/px4_msgs/px4_msgs/msg/detail/launch_detection_status__builder.hpp\n'}
[1.149014] (px4_msgs) StdoutLine: {'line': b'-- Up-to-date: /home/px4/ros2/ws/install/px4_msgs/include/px4_msgs/px4_msgs/msg/detail/sensor_hygrometer__struct.hpp\n'}
[1.149061] (px4_msgs) StdoutLine: {'line': b'-- Up-to-date: /home/px4/ros2/ws/install/px4_msgs/include/px4_msgs/px4_msgs/msg/detail/satellite_info__builder.hpp\n'}
[1.149106] (px4_msgs) StdoutLine: {'line': b'-- Up-to-date: /home/px4/ros2/ws/install/px4_msgs/include/px4_msgs/px4_msgs/msg/detail/vehicle_control_mode__builder.hpp\n'}
[1.149152] (px4_msgs) StdoutLine: {'line': b'-- Up-to-date: /home/px4/ros2/ws/install/px4_msgs/include/px4_msgs/px4_msgs/msg/detail/actuator_armed__builder.hpp\n'}
[1.149197] (px4_msgs) StdoutLine: {'line': b'-- Up-to-date: /home/px4/ros2/ws/install/px4_msgs/include/px4_msgs/px4_msgs/msg/detail/vehicle_angular_velocity__type_support.hpp\n'}
[1.149243] (px4_msgs) StdoutLine: {'line': b'-- Up-to-date: /home/px4/ros2/ws/install/px4_msgs/include/px4_msgs/px4_msgs/msg/detail/unregister_ext_component__struct.hpp\n'}
[1.149289] (px4_msgs) StdoutLine: {'line': b'-- Up-to-date: /home/px4/ros2/ws/install/px4_msgs/include/px4_msgs/px4_msgs/msg/detail/sensor_gnss_relative__builder.hpp\n'}
[1.149334] (px4_msgs) StdoutLine: {'line': b'-- Up-to-date: /home/px4/ros2/ws/install/px4_msgs/include/px4_msgs/px4_msgs/msg/detail/battery_status__struct.hpp\n'}
[1.149380] (px4_msgs) StdoutLine: {'line': b'-- Up-to-date: /home/px4/ros2/ws/install/px4_msgs/include/px4_msgs/px4_msgs/msg/detail/can_interface_status__type_support.hpp\n'}
[1.149425] (px4_msgs) StdoutLine: {'line': b'-- Up-to-date: /home/px4/ros2/ws/install/px4_msgs/include/px4_msgs/px4_msgs/msg/detail/fixed_wing_lateral_setpoint__struct.hpp\n'}
[1.149472] (px4_msgs) StdoutLine: {'line': b'-- Up-to-date: /home/px4/ros2/ws/install/px4_msgs/include/px4_msgs/px4_msgs/msg/detail/position_setpoint__struct.hpp\n'}
[1.149517] (px4_msgs) StdoutLine: {'line': b'-- Up-to-date: /home/px4/ros2/ws/install/px4_msgs/include/px4_msgs/px4_msgs/msg/detail/lateral_control_configuration__type_support.hpp\n'}
[1.149570] (px4_msgs) StdoutLine: {'line': b'-- Up-to-date: /home/px4/ros2/ws/install/px4_msgs/include/px4_msgs/px4_msgs/msg/detail/radio_status__type_support.hpp\n'}
[1.149616] (px4_msgs) StdoutLine: {'line': b'-- Up-to-date: /home/px4/ros2/ws/install/px4_msgs/include/px4_msgs/px4_msgs/msg/detail/config_overrides__builder.hpp\n'}
[1.149669] (px4_msgs) StdoutLine: {'line': b'-- Up-to-date: /home/px4/ros2/ws/install/px4_msgs/include/px4_msgs/px4_msgs/msg/detail/uavcan_parameter_request__struct.hpp\n'}
[1.149715] (px4_msgs) StdoutLine: {'line': b'-- Up-to-date: /home/px4/ros2/ws/install/px4_msgs/include/px4_msgs/px4_msgs/msg/detail/unregister_ext_component__type_support.hpp\n'}
[1.149761] (px4_msgs) StdoutLine: {'line': b'-- Up-to-date: /home/px4/ros2/ws/install/px4_msgs/include/px4_msgs/px4_msgs/msg/detail/distance_sensor__traits.hpp\n'}
[1.149822] (px4_msgs) StdoutLine: {'line': b'-- Up-to-date: /home/px4/ros2/ws/install/px4_msgs/include/px4_msgs/px4_msgs/msg/detail/fuel_tank_status__builder.hpp\n'}
[1.149870] (px4_msgs) StdoutLine: {'line': b'-- Up-to-date: /home/px4/ros2/ws/install/px4_msgs/include/px4_msgs/px4_msgs/msg/detail/pps_capture__type_support.hpp\n'}
[1.149916] (px4_msgs) StdoutLine: {'line': b'-- Up-to-date: /home/px4/ros2/ws/install/px4_msgs/include/px4_msgs/px4_msgs/msg/detail/mavlink_log__type_support.hpp\n'}
[1.149961] (px4_msgs) StdoutLine: {'line': b'-- Up-to-date: /home/px4/ros2/ws/install/px4_msgs/include/px4_msgs/px4_msgs/msg/detail/battery_info__type_support.hpp\n'}
[1.150006] (px4_msgs) StdoutLine: {'line': b'-- Up-to-date: /home/px4/ros2/ws/install/px4_msgs/include/px4_msgs/px4_msgs/msg/detail/mavlink_log__struct.hpp\n'}
[1.150052] (px4_msgs) StdoutLine: {'line': b'-- Up-to-date: /home/px4/ros2/ws/install/px4_msgs/include/px4_msgs/px4_msgs/msg/detail/takeoff_status__struct.hpp\n'}
[1.150098] (px4_msgs) StdoutLine: {'line': b'-- Up-to-date: /home/px4/ros2/ws/install/px4_msgs/include/px4_msgs/px4_msgs/msg/detail/adc_report__traits.hpp\n'}
[1.150142] (px4_msgs) StdoutLine: {'line': b'-- Up-to-date: /home/px4/ros2/ws/install/px4_msgs/include/px4_msgs/px4_msgs/msg/detail/trajectory_setpoint__builder.hpp\n'}
[1.150187] (px4_msgs) StdoutLine: {'line': b'-- Up-to-date: /home/px4/ros2/ws/install/px4_msgs/include/px4_msgs/px4_msgs/msg/detail/heater_status__builder.hpp\n'}
[1.150243] (px4_msgs) StdoutLine: {'line': b'-- Up-to-date: /home/px4/ros2/ws/install/px4_msgs/include/px4_msgs/px4_msgs/msg/detail/sensor_uwb__traits.hpp\n'}
[1.150288] (px4_msgs) StdoutLine: {'line': b'-- Up-to-date: /home/px4/ros2/ws/install/px4_msgs/include/px4_msgs/px4_msgs/msg/detail/power_monitor__type_support.hpp\n'}
[1.150334] (px4_msgs) StdoutLine: {'line': b'-- Up-to-date: /home/px4/ros2/ws/install/px4_msgs/include/px4_msgs/px4_msgs/msg/detail/actuator_test__struct.hpp\n'}
[1.150379] (px4_msgs) StdoutLine: {'line': b'-- Up-to-date: /home/px4/ros2/ws/install/px4_msgs/include/px4_msgs/px4_msgs/msg/detail/adc_report__builder.hpp\n'}
[1.150425] (px4_msgs) StdoutLine: {'line': b'-- Up-to-date: /home/px4/ros2/ws/install/px4_msgs/include/px4_msgs/px4_msgs/msg/detail/cpuload__struct.hpp\n'}
[1.150470] (px4_msgs) StdoutLine: {'line': b'-- Up-to-date: /home/px4/ros2/ws/install/px4_msgs/include/px4_msgs/px4_msgs/msg/detail/radio_status__builder.hpp\n'}
[1.150516] (px4_msgs) StdoutLine: {'line': b'-- Up-to-date: /home/px4/ros2/ws/install/px4_msgs/include/px4_msgs/px4_msgs/msg/detail/gimbal_manager_set_attitude__builder.hpp\n'}
[1.150561] (px4_msgs) StdoutLine: {'line': b'-- Up-to-date: /home/px4/ros2/ws/install/px4_msgs/include/px4_msgs/px4_msgs/msg/detail/longitudinal_control_configuration__traits.hpp\n'}
[1.150607] (px4_msgs) StdoutLine: {'line': b'-- Up-to-date: /home/px4/ros2/ws/install/px4_msgs/include/px4_msgs/px4_msgs/msg/detail/parameter_reset_request__builder.hpp\n'}
[1.150653] (px4_msgs) StdoutLine: {'line': b'-- Up-to-date: /home/px4/ros2/ws/install/px4_msgs/include/px4_msgs/px4_msgs/msg/detail/log_message__traits.hpp\n'}
[1.150698] (px4_msgs) StdoutLine: {'line': b'-- Up-to-date: /home/px4/ros2/ws/install/px4_msgs/include/px4_msgs/px4_msgs/msg/detail/rover_attitude_setpoint__type_support.hpp\n'}
[1.150751] (px4_msgs) StdoutLine: {'line': b'-- Up-to-date: /home/px4/ros2/ws/install/px4_msgs/include/px4_msgs/px4_msgs/msg/detail/orb_test_large__traits.hpp\n'}
[1.150809] (px4_msgs) StdoutLine: {'line': b'-- Up-to-date: /home/px4/ros2/ws/install/px4_msgs/include/px4_msgs/px4_msgs/msg/detail/led_control__traits.hpp\n'}
[1.150861] (px4_msgs) StdoutLine: {'line': b'-- Up-to-date: /home/px4/ros2/ws/install/px4_msgs/include/px4_msgs/px4_msgs/msg/detail/estimator_status_flags__builder.hpp\n'}
[1.150907] (px4_msgs) StdoutLine: {'line': b'-- Up-to-date: /home/px4/ros2/ws/install/px4_msgs/include/px4_msgs/px4_msgs/msg/detail/airspeed__builder.hpp\n'}
[1.150954] (px4_msgs) StdoutLine: {'line': b'-- Up-to-date: /home/px4/ros2/ws/install/px4_msgs/include/px4_msgs/px4_msgs/msg/detail/mavlink_tunnel__traits.hpp\n'}
[1.150999] (px4_msgs) StdoutLine: {'line': b'-- Up-to-date: /home/px4/ros2/ws/install/px4_msgs/include/px4_msgs/px4_msgs/msg/detail/pps_capture__struct.hpp\n'}
[1.151044] (px4_msgs) StdoutLine: {'line': b'-- Up-to-date: /home/px4/ros2/ws/install/px4_msgs/include/px4_msgs/px4_msgs/msg/detail/rover_rate_status__struct.hpp\n'}
[1.151090] (px4_msgs) StdoutLine: {'line': b'-- Up-to-date: /home/px4/ros2/ws/install/px4_msgs/include/px4_msgs/px4_msgs/msg/detail/gps_inject_data__builder.hpp\n'}
[1.151135] (px4_msgs) StdoutLine: {'line': b'-- Up-to-date: /home/px4/ros2/ws/install/px4_msgs/include/px4_msgs/px4_msgs/msg/detail/differential_pressure__type_support.hpp\n'}
[1.151187] (px4_msgs) StdoutLine: {'line': b'-- Up-to-date: /home/px4/ros2/ws/install/px4_msgs/include/px4_msgs/px4_msgs/msg/detail/landing_gear_wheel__builder.hpp\n'}
[1.151233] (px4_msgs) StdoutLine: {'line': b'-- Up-to-date: /home/px4/ros2/ws/install/px4_msgs/include/px4_msgs/px4_msgs/msg/detail/sensor_accel_fifo__builder.hpp\n'}
[1.151278] (px4_msgs) StdoutLine: {'line': b'-- Up-to-date: /home/px4/ros2/ws/install/px4_msgs/include/px4_msgs/px4_msgs/msg/detail/parameter_set_used_request__builder.hpp\n'}
[1.151328] (px4_msgs) StdoutLine: {'line': b'-- Up-to-date: /home/px4/ros2/ws/install/px4_msgs/include/px4_msgs/px4_msgs/msg/detail/camera_capture__traits.hpp\n'}
[1.151373] (px4_msgs) StdoutLine: {'line': b'-- Up-to-date: /home/px4/ros2/ws/install/px4_msgs/include/px4_msgs/px4_msgs/msg/detail/sensor_gnss_relative__type_support.hpp\n'}
[1.151419] (px4_msgs) StdoutLine: {'line': b'-- Up-to-date: /home/px4/ros2/ws/install/px4_msgs/include/px4_msgs/px4_msgs/msg/detail/mission_result__struct.hpp\n'}
[1.151463] (px4_msgs) StdoutLine: {'line': b'-- Up-to-date: /home/px4/ros2/ws/install/px4_msgs/include/px4_msgs/px4_msgs/msg/detail/vehicle_command_ack__traits.hpp\n'}
[1.151508] (px4_msgs) StdoutLine: {'line': b'-- Up-to-date: /home/px4/ros2/ws/install/px4_msgs/include/px4_msgs/px4_msgs/msg/detail/pps_capture__builder.hpp\n'}
[1.151554] (px4_msgs) StdoutLine: {'line': b'-- Up-to-date: /home/px4/ros2/ws/install/px4_msgs/include/px4_msgs/px4_msgs/msg/detail/airspeed_wind__traits.hpp\n'}
[1.151599] (px4_msgs) StdoutLine: {'line': b'-- Up-to-date: /home/px4/ros2/ws/install/px4_msgs/include/px4_msgs/px4_msgs/msg/detail/input_rc__traits.hpp\n'}
[1.151647] (px4_msgs) StdoutLine: {'line': b'-- Up-to-date: /home/px4/ros2/ws/install/px4_msgs/include/px4_msgs/px4_msgs/msg/detail/message_format_request__traits.hpp\n'}
[1.151693] (px4_msgs) StdoutLine: {'line': b'-- Up-to-date: /home/px4/ros2/ws/install/px4_msgs/include/px4_msgs/px4_msgs/msg/detail/actuator_armed__traits.hpp\n'}
[1.151738] (px4_msgs) StdoutLine: {'line': b'-- Up-to-date: /home/px4/ros2/ws/install/px4_msgs/include/px4_msgs/px4_msgs/msg/camera_capture.hpp\n'}
[1.151794] (px4_msgs) StdoutLine: {'line': b'-- Up-to-date: /home/px4/ros2/ws/install/px4_msgs/include/px4_msgs/px4_msgs/msg/rover_position_setpoint.hpp\n'}
[1.151848] (px4_msgs) StdoutLine: {'line': b'-- Up-to-date: /home/px4/ros2/ws/install/px4_msgs/include/px4_msgs/px4_msgs/msg/ulog_stream.hpp\n'}
[1.151929] (px4_msgs) StdoutLine: {'line': b'-- Up-to-date: /home/px4/ros2/ws/install/px4_msgs/include/px4_msgs/px4_msgs/msg/vtol_vehicle_status.hpp\n'}
[1.151988] (px4_msgs) StdoutLine: {'line': b'-- Up-to-date: /home/px4/ros2/ws/install/px4_msgs/include/px4_msgs/px4_msgs/msg/position_controller_landing_status.hpp\n'}
[1.152039] (px4_msgs) StdoutLine: {'line': b'-- Up-to-date: /home/px4/ros2/ws/install/px4_msgs/include/px4_msgs/px4_msgs/msg/hover_thrust_estimate.hpp\n'}
[1.152091] (px4_msgs) StdoutLine: {'line': b'-- Up-to-date: /home/px4/ros2/ws/install/px4_msgs/include/px4_msgs/px4_msgs/msg/uavcan_parameter_value.hpp\n'}
[1.152136] (px4_msgs) StdoutLine: {'line': b'-- Up-to-date: /home/px4/ros2/ws/install/px4_msgs/include/px4_msgs/px4_msgs/msg/figure_eight_status.hpp\n'}
[1.152181] (px4_msgs) StdoutLine: {'line': b'-- Up-to-date: /home/px4/ros2/ws/install/px4_msgs/include/px4_msgs/px4_msgs/msg/parameter_reset_request.hpp\n'}
[1.152240] (px4_msgs) StdoutLine: {'line': b'-- Up-to-date: /home/px4/ros2/ws/install/px4_msgs/include/px4_msgs/px4_msgs/msg/estimator_aid_source3d.hpp\n'}
[1.152288] (px4_msgs) StdoutLine: {'line': b'-- Up-to-date: /home/px4/ros2/ws/install/px4_msgs/include/px4_msgs/px4_msgs/msg/gimbal_manager_status.hpp\n'}
[1.152349] (px4_msgs) StdoutLine: {'line': b'-- Up-to-date: /home/px4/ros2/ws/install/px4_msgs/include/px4_msgs/px4_msgs/msg/vehicle_attitude_setpoint.hpp\n'}
[1.152396] (px4_msgs) StdoutLine: {'line': b'-- Up-to-date: /home/px4/ros2/ws/install/px4_msgs/include/px4_msgs/px4_msgs/msg/tune_control.hpp\n'}
[1.152443] (px4_msgs) StdoutLine: {'line': b'-- Up-to-date: /home/px4/ros2/ws/install/px4_msgs/include/px4_msgs/px4_msgs/msg/position_setpoint_triplet.hpp\n'}
[1.152489] (px4_msgs) StdoutLine: {'line': b'-- Up-to-date: /home/px4/ros2/ws/install/px4_msgs/include/px4_msgs/px4_msgs/msg/gpio_out.hpp\n'}
[1.152535] (px4_msgs) StdoutLine: {'line': b'-- Up-to-date: /home/px4/ros2/ws/install/px4_msgs/include/px4_msgs/px4_msgs/msg/vehicle_odometry.hpp\n'}
[1.152585] (px4_msgs) StdoutLine: {'line': b'-- Up-to-date: /home/px4/ros2/ws/install/px4_msgs/include/px4_msgs/px4_msgs/msg/debug_array.hpp\n'}
[1.152630] (px4_msgs) StdoutLine: {'line': b'-- Up-to-date: /home/px4/ros2/ws/install/px4_msgs/include/px4_msgs/px4_msgs/msg/actuator_outputs.hpp\n'}
[1.152677] (px4_msgs) StdoutLine: {'line': b'-- Up-to-date: /home/px4/ros2/ws/install/px4_msgs/include/px4_msgs/px4_msgs/msg/wheel_encoders.hpp\n'}
[1.152723] (px4_msgs) StdoutLine: {'line': b'-- Up-to-date: /home/px4/ros2/ws/install/px4_msgs/include/px4_msgs/px4_msgs/msg/pps_capture.hpp\n'}
[1.152768] (px4_msgs) StdoutLine: {'line': b'-- Up-to-date: /home/px4/ros2/ws/install/px4_msgs/include/px4_msgs/px4_msgs/msg/estimator_sensor_bias.hpp\n'}
[1.152832] (px4_msgs) StdoutLine: {'line': b'-- Up-to-date: /home/px4/ros2/ws/install/px4_msgs/include/px4_msgs/px4_msgs/msg/pwm_input.hpp\n'}
[1.152889] (px4_msgs) StdoutLine: {'line': b'-- Up-to-date: /home/px4/ros2/ws/install/px4_msgs/include/px4_msgs/px4_msgs/msg/rover_rate_status.hpp\n'}
[1.152997] (px4_msgs) StdoutLine: {'line': b'-- Up-to-date: /home/px4/ros2/ws/install/px4_msgs/include/px4_msgs/px4_msgs/msg/vehicle_rates_setpoint.hpp\n'}
[1.153056] (px4_msgs) StdoutLine: {'line': b'-- Up-to-date: /home/px4/ros2/ws/install/px4_msgs/include/px4_msgs/px4_msgs/msg/sensor_baro.hpp\n'}
[1.153103] (px4_msgs) StdoutLine: {'line': b'-- Up-to-date: /home/px4/ros2/ws/install/px4_msgs/include/px4_msgs/px4_msgs/msg/parameter_set_used_request.hpp\n'}
[1.153149] (px4_msgs) StdoutLine: {'line': b'-- Up-to-date: /home/px4/ros2/ws/install/px4_msgs/include/px4_msgs/px4_msgs/msg/estimator_innovations.hpp\n'}
[1.153194] (px4_msgs) StdoutLine: {'line': b'-- Up-to-date: /home/px4/ros2/ws/install/px4_msgs/include/px4_msgs/px4_msgs/msg/actuator_motors.hpp\n'}
[1.153239] (px4_msgs) StdoutLine: {'line': b'-- Up-to-date: /home/px4/ros2/ws/install/px4_msgs/include/px4_msgs/px4_msgs/msg/can_interface_status.hpp\n'}
[1.153300] (px4_msgs) StdoutLine: {'line': b'-- Up-to-date: /home/px4/ros2/ws/install/px4_msgs/include/px4_msgs/px4_msgs/msg/gimbal_device_attitude_status.hpp\n'}
[1.153345] (px4_msgs) StdoutLine: {'line': b'-- Up-to-date: /home/px4/ros2/ws/install/px4_msgs/include/px4_msgs/px4_msgs/msg/vehicle_angular_acceleration_setpoint.hpp\n'}
[1.153409] (px4_msgs) StdoutLine: {'line': b'-- Up-to-date: /home/px4/ros2/ws/install/px4_msgs/include/px4_msgs/px4_msgs/msg/estimator_event_flags.hpp\n'}
[1.153455] (px4_msgs) StdoutLine: {'line': b'-- Up-to-date: /home/px4/ros2/ws/install/px4_msgs/include/px4_msgs/px4_msgs/msg/vehicle_constraints.hpp\n'}
[1.153501] (px4_msgs) StdoutLine: {'line': b'-- Up-to-date: /home/px4/ros2/ws/install/px4_msgs/include/px4_msgs/px4_msgs/msg/fixed_wing_longitudinal_setpoint.hpp\n'}
[1.153546] (px4_msgs) StdoutLine: {'line': b'-- Up-to-date: /home/px4/ros2/ws/install/px4_msgs/include/px4_msgs/px4_msgs/msg/led_control.hpp\n'}
[1.153592] (px4_msgs) StdoutLine: {'line': b'-- Up-to-date: /home/px4/ros2/ws/install/px4_msgs/include/px4_msgs/px4_msgs/msg/sensor_gyro_fft.hpp\n'}
[1.153639] (px4_msgs) StdoutLine: {'line': b'-- Up-to-date: /home/px4/ros2/ws/install/px4_msgs/include/px4_msgs/px4_msgs/msg/sensor_combined.hpp\n'}
[1.153791] (px4_msgs) StdoutLine: {'line': b'-- Up-to-date: /home/px4/ros2/ws/install/px4_msgs/include/px4_msgs/px4_msgs/msg/landing_gear.hpp\n'}
[1.153906] (px4_msgs) StdoutLine: {'line': b'-- Up-to-date: /home/px4/ros2/ws/install/px4_msgs/include/px4_msgs/px4_msgs/msg/debug_key_value.hpp\n'}
[1.153964] (px4_msgs) StdoutLine: {'line': b'-- Up-to-date: /home/px4/ros2/ws/install/px4_msgs/include/px4_msgs/px4_msgs/msg/rover_velocity_status.hpp\n'}
[1.154016] (px4_msgs) StdoutLine: {'line': b'-- Up-to-date: /home/px4/ros2/ws/install/px4_msgs/include/px4_msgs/px4_msgs/msg/dataman_response.hpp\n'}
[1.154066] (px4_msgs) StdoutLine: {'line': b'-- Up-to-date: /home/px4/ros2/ws/install/px4_msgs/include/px4_msgs/px4_msgs/msg/cellular_status.hpp\n'}
[1.154116] (px4_msgs) StdoutLine: {'line': b'-- Up-to-date: /home/px4/ros2/ws/install/px4_msgs/include/px4_msgs/px4_msgs/msg/estimator_states.hpp\n'}
[1.154181] (px4_msgs) StdoutLine: {'line': b'-- Up-to-date: /home/px4/ros2/ws/install/px4_msgs/include/px4_msgs/px4_msgs/msg/airspeed_wind.hpp\n'}
[1.154246] (px4_msgs) StdoutLine: {'line': b'-- Up-to-date: /home/px4/ros2/ws/install/px4_msgs/include/px4_msgs/px4_msgs/msg/open_drone_id_operator_id.hpp\n'}
[1.154297] (px4_msgs) StdoutLine: {'line': b'-- Up-to-date: /home/px4/ros2/ws/install/px4_msgs/include/px4_msgs/px4_msgs/msg/sensor_gps.hpp\n'}
[1.154347] (px4_msgs) StdoutLine: {'line': b'-- Up-to-date: /home/px4/ros2/ws/install/px4_msgs/include/px4_msgs/px4_msgs/msg/gimbal_controls.hpp\n'}
[1.154395] (px4_msgs) StdoutLine: {'line': b'-- Up-to-date: /home/px4/ros2/ws/install/px4_msgs/include/px4_msgs/px4_msgs/msg/trajectory_setpoint6dof.hpp\n'}
[1.154448] (px4_msgs) StdoutLine: {'line': b'-- Up-to-date: /home/px4/ros2/ws/install/px4_msgs/include/px4_msgs/px4_msgs/msg/rtl_status.hpp\n'}
[1.154497] (px4_msgs) StdoutLine: {'line': b'-- Up-to-date: /home/px4/ros2/ws/install/px4_msgs/include/px4_msgs/px4_msgs/msg/actuator_servos_trim.hpp\n'}
[1.154547] (px4_msgs) StdoutLine: {'line': b'-- Up-to-date: /home/px4/ros2/ws/install/px4_msgs/include/px4_msgs/px4_msgs/msg/takeoff_status.hpp\n'}
[1.154597] (px4_msgs) StdoutLine: {'line': b'-- Up-to-date: /home/px4/ros2/ws/install/px4_msgs/include/px4_msgs/px4_msgs/msg/vehicle_control_mode.hpp\n'}
[1.154649] (px4_msgs) StdoutLine: {'line': b'-- Up-to-date: /home/px4/ros2/ws/install/px4_msgs/include/px4_msgs/px4_msgs/msg/battery_info.hpp\n'}
[1.154700] (px4_msgs) StdoutLine: {'line': b'-- Up-to-date: /home/px4/ros2/ws/install/px4_msgs/include/px4_msgs/px4_msgs/msg/unregister_ext_component.hpp\n'}
[1.154751] (px4_msgs) StdoutLine: {'line': b'-- Up-to-date: /home/px4/ros2/ws/install/px4_msgs/include/px4_msgs/px4_msgs/msg/collision_constraints.hpp\n'}
[1.154819] (px4_msgs) StdoutLine: {'line': b'-- Up-to-date: /home/px4/ros2/ws/install/px4_msgs/include/px4_msgs/px4_msgs/msg/vehicle_command.hpp\n'}
[1.154876] (px4_msgs) StdoutLine: {'line': b'-- Up-to-date: /home/px4/ros2/ws/install/px4_msgs/include/px4_msgs/px4_msgs/msg/rover_rate_setpoint.hpp\n'}
[1.154926] (px4_msgs) StdoutLine: {'line': b'-- Up-to-date: /home/px4/ros2/ws/install/px4_msgs/include/px4_msgs/px4_msgs/msg/rover_throttle_setpoint.hpp\n'}
[1.154985] (px4_msgs) StdoutLine: {'line': b'-- Up-to-date: /home/px4/ros2/ws/install/px4_msgs/include/px4_msgs/px4_msgs/msg/landing_gear_wheel.hpp\n'}
[1.155036] (px4_msgs) StdoutLine: {'line': b'-- Up-to-date: /home/px4/ros2/ws/install/px4_msgs/include/px4_msgs/px4_msgs/msg/gpio_in.hpp\n'}
[1.155092] (px4_msgs) StdoutLine: {'line': b'-- Up-to-date: /home/px4/ros2/ws/install/px4_msgs/include/px4_msgs/px4_msgs/msg/rpm.hpp\n'}
[1.155143] (px4_msgs) StdoutLine: {'line': b'-- Up-to-date: /home/px4/ros2/ws/install/px4_msgs/include/px4_msgs/px4_msgs/msg/mount_orientation.hpp\n'}
[1.155193] (px4_msgs) StdoutLine: {'line': b'-- Up-to-date: /home/px4/ros2/ws/install/px4_msgs/include/px4_msgs/px4_msgs/msg/orb_test.hpp\n'}
[1.155243] (px4_msgs) StdoutLine: {'line': b'-- Up-to-date: /home/px4/ros2/ws/install/px4_msgs/include/px4_msgs/px4_msgs/msg/camera_trigger.hpp\n'}
[1.155291] (px4_msgs) StdoutLine: {'line': b'-- Up-to-date: /home/px4/ros2/ws/install/px4_msgs/include/px4_msgs/px4_msgs/msg/vehicle_air_data.hpp\n'}
[1.155342] (px4_msgs) StdoutLine: {'line': b'-- Up-to-date: /home/px4/ros2/ws/install/px4_msgs/include/px4_msgs/px4_msgs/msg/vehicle_optical_flow.hpp\n'}
[1.155391] (px4_msgs) StdoutLine: {'line': b'-- Up-to-date: /home/px4/ros2/ws/install/px4_msgs/include/px4_msgs/px4_msgs/msg/flight_phase_estimation.hpp\n'}
[1.155441] (px4_msgs) StdoutLine: {'line': b'-- Up-to-date: /home/px4/ros2/ws/install/px4_msgs/include/px4_msgs/px4_msgs/msg/vehicle_local_position.hpp\n'}
[1.155492] (px4_msgs) StdoutLine: {'line': b'-- Up-to-date: /home/px4/ros2/ws/install/px4_msgs/include/px4_msgs/px4_msgs/msg/sensor_accel.hpp\n'}
[1.155543] (px4_msgs) StdoutLine: {'line': b'-- Up-to-date: /home/px4/ros2/ws/install/px4_msgs/include/px4_msgs/px4_msgs/msg/estimator_bias.hpp\n'}
[1.155594] (px4_msgs) StdoutLine: {'line': b'-- Up-to-date: /home/px4/ros2/ws/install/px4_msgs/include/px4_msgs/px4_msgs/msg/debug_vect.hpp\n'}
[1.155643] (px4_msgs) StdoutLine: {'line': b'-- Up-to-date: /home/px4/ros2/ws/install/px4_msgs/include/px4_msgs/px4_msgs/msg/open_drone_id_arm_status.hpp\n'}
[1.155692] (px4_msgs) StdoutLine: {'line': b'-- Up-to-date: /home/px4/ros2/ws/install/px4_msgs/include/px4_msgs/px4_msgs/msg/mission_result.hpp\n'}
[1.155741] (px4_msgs) StdoutLine: {'line': b'-- Up-to-date: /home/px4/ros2/ws/install/px4_msgs/include/px4_msgs/px4_msgs/msg/health_report.hpp\n'}
[1.155800] (px4_msgs) StdoutLine: {'line': b'-- Up-to-date: /home/px4/ros2/ws/install/px4_msgs/include/px4_msgs/px4_msgs/msg/parameter_set_value_response.hpp\n'}
[1.155859] (px4_msgs) StdoutLine: {'line': b'-- Up-to-date: /home/px4/ros2/ws/install/px4_msgs/include/px4_msgs/px4_msgs/msg/gimbal_manager_set_manual_control.hpp\n'}
[1.155910] (px4_msgs) StdoutLine: {'line': b'-- Up-to-date: /home/px4/ros2/ws/install/px4_msgs/include/px4_msgs/px4_msgs/msg/vehicle_land_detected.hpp\n'}
[1.155962] (px4_msgs) StdoutLine: {'line': b'-- Up-to-date: /home/px4/ros2/ws/install/px4_msgs/include/px4_msgs/px4_msgs/msg/navigator_status.hpp\n'}
[1.156011] (px4_msgs) StdoutLine: {'line': b'-- Up-to-date: /home/px4/ros2/ws/install/px4_msgs/include/px4_msgs/px4_msgs/msg/rosidl_generator_cpp__visibility_control.hpp\n'}
[1.156061] (px4_msgs) StdoutLine: {'line': b'-- Up-to-date: /home/px4/ros2/ws/install/px4_msgs/include/px4_msgs/px4_msgs/msg/magnetometer_bias_estimate.hpp\n'}
[1.156109] (px4_msgs) StdoutLine: {'line': b'-- Up-to-date: /home/px4/ros2/ws/install/px4_msgs/include/px4_msgs/px4_msgs/msg/estimator_status.hpp\n'}
[1.156160] (px4_msgs) StdoutLine: {'line': b'-- Up-to-date: /home/px4/ros2/ws/install/px4_msgs/include/px4_msgs/px4_msgs/msg/distance_sensor_mode_change_request.hpp\n'}
[1.156225] (px4_msgs) StdoutLine: {'line': b'-- Up-to-date: /home/px4/ros2/ws/install/px4_msgs/include/px4_msgs/px4_msgs/msg/gps_dump.hpp\n'}
[1.156274] (px4_msgs) StdoutLine: {'line': b'-- Up-to-date: /home/px4/ros2/ws/install/px4_msgs/include/px4_msgs/px4_msgs/msg/goto_setpoint.hpp\n'}
[1.156331] (px4_msgs) StdoutLine: {'line': b'-- Up-to-date: /home/px4/ros2/ws/install/px4_msgs/include/px4_msgs/px4_msgs/msg/gimbal_manager_information.hpp\n'}
[1.156379] (px4_msgs) StdoutLine: {'line': b'-- Up-to-date: /home/px4/ros2/ws/install/px4_msgs/include/px4_msgs/px4_msgs/msg/orb_test_large.hpp\n'}
[1.156433] (px4_msgs) StdoutLine: {'line': b'-- Up-to-date: /home/px4/ros2/ws/install/px4_msgs/include/px4_msgs/px4_msgs/msg/ekf2_timestamps.hpp\n'}
[1.156481] (px4_msgs) StdoutLine: {'line': b'-- Up-to-date: /home/px4/ros2/ws/install/px4_msgs/include/px4_msgs/px4_msgs/msg/open_drone_id_self_id.hpp\n'}
[1.156531] (px4_msgs) StdoutLine: {'line': b'-- Up-to-date: /home/px4/ros2/ws/install/px4_msgs/include/px4_msgs/px4_msgs/msg/satellite_info.hpp\n'}
[1.156579] (px4_msgs) StdoutLine: {'line': b'-- Up-to-date: /home/px4/ros2/ws/install/px4_msgs/include/px4_msgs/px4_msgs/msg/sensor_uwb.hpp\n'}
[1.156629] (px4_msgs) StdoutLine: {'line': b'-- Up-to-date: /home/px4/ros2/ws/install/px4_msgs/include/px4_msgs/px4_msgs/msg/vehicle_magnetometer.hpp\n'}
[1.156688] (px4_msgs) StdoutLine: {'line': b'-- Up-to-date: /home/px4/ros2/ws/install/px4_msgs/include/px4_msgs/px4_msgs/msg/sensor_mag.hpp\n'}
[1.156743] (px4_msgs) StdoutLine: {'line': b'-- Up-to-date: /home/px4/ros2/ws/install/px4_msgs/include/px4_msgs/px4_msgs/msg/estimator_status_flags.hpp\n'}
[1.156805] (px4_msgs) StdoutLine: {'line': b'-- Up-to-date: /home/px4/ros2/ws/install/px4_msgs/include/px4_msgs/px4_msgs/msg/telemetry_status.hpp\n'}
[1.156862] (px4_msgs) StdoutLine: {'line': b'-- Up-to-date: /home/px4/ros2/ws/install/px4_msgs/include/px4_msgs/px4_msgs/msg/wind.hpp\n'}
[1.156914] (px4_msgs) StdoutLine: {'line': b'-- Up-to-date: /home/px4/ros2/ws/install/px4_msgs/include/px4_msgs/px4_msgs/msg/input_rc.hpp\n'}
[1.156965] (px4_msgs) StdoutLine: {'line': b'-- Up-to-date: /home/px4/ros2/ws/install/px4_msgs/include/px4_msgs/px4_msgs/msg/position_setpoint.hpp\n'}
[1.157021] (px4_msgs) StdoutLine: {'line': b'-- Up-to-date: /home/px4/ros2/ws/install/px4_msgs/include/px4_msgs/px4_msgs/msg/vehicle_global_position.hpp\n'}
[1.157074] (px4_msgs) StdoutLine: {'line': b'-- Up-to-date: /home/px4/ros2/ws/install/px4_msgs/include/px4_msgs/px4_msgs/msg/sensor_selection.hpp\n'}
[1.157125] (px4_msgs) StdoutLine: {'line': b'-- Up-to-date: /home/px4/ros2/ws/install/px4_msgs/include/px4_msgs/px4_msgs/msg/esc_report.hpp\n'}
[1.157175] (px4_msgs) StdoutLine: {'line': b'-- Up-to-date: /home/px4/ros2/ws/install/px4_msgs/include/px4_msgs/px4_msgs/msg/actuator_servos.hpp\n'}
[1.157224] (px4_msgs) StdoutLine: {'line': b'-- Up-to-date: /home/px4/ros2/ws/install/px4_msgs/include/px4_msgs/px4_msgs/msg/obstacle_distance.hpp\n'}
[1.157277] (px4_msgs) StdoutLine: {'line': b'-- Up-to-date: /home/px4/ros2/ws/install/px4_msgs/include/px4_msgs/px4_msgs/msg/ulog_stream_ack.hpp\n'}
[1.157327] (px4_msgs) StdoutLine: {'line': b'-- Up-to-date: /home/px4/ros2/ws/install/px4_msgs/include/px4_msgs/px4_msgs/msg/vehicle_roi.hpp\n'}
[1.157378] (px4_msgs) StdoutLine: {'line': b'-- Up-to-date: /home/px4/ros2/ws/install/px4_msgs/include/px4_msgs/px4_msgs/msg/follow_target.hpp\n'}
[1.157427] (px4_msgs) StdoutLine: {'line': b'-- Up-to-date: /home/px4/ros2/ws/install/px4_msgs/include/px4_msgs/px4_msgs/msg/estimator_bias3d.hpp\n'}
[1.157477] (px4_msgs) StdoutLine: {'line': b'-- Up-to-date: /home/px4/ros2/ws/install/px4_msgs/include/px4_msgs/px4_msgs/msg/orb_test_medium.hpp\n'}
[1.157527] (px4_msgs) StdoutLine: {'line': b'-- Up-to-date: /home/px4/ros2/ws/install/px4_msgs/include/px4_msgs/px4_msgs/msg/follow_target_status.hpp\n'}
[1.157575] (px4_msgs) StdoutLine: {'line': b'-- Up-to-date: /home/px4/ros2/ws/install/px4_msgs/include/px4_msgs/px4_msgs/msg/action_request.hpp\n'}
[1.157647] (px4_msgs) StdoutLine: {'line': b'-- Up-to-date: /home/px4/ros2/ws/install/px4_msgs/include/px4_msgs/px4_msgs/msg/manual_control_setpoint.hpp\n'}
[1.157746] (px4_msgs) StdoutLine: {'line': b'-- Up-to-date: /home/px4/ros2/ws/install/px4_msgs/include/px4_msgs/px4_msgs/msg/sensors_status_imu.hpp\n'}
[1.157818] (px4_msgs) StdoutLine: {'line': b'-- Up-to-date: /home/px4/ros2/ws/install/px4_msgs/include/px4_msgs/px4_msgs/msg/rc_parameter_map.hpp\n'}
[1.157881] (px4_msgs) StdoutLine: {'line': b'-- Up-to-date: /home/px4/ros2/ws/install/px4_msgs/include/px4_msgs/px4_msgs/msg/actuator_controls_status.hpp\n'}
[1.157933] (px4_msgs) StdoutLine: {'line': b'-- Up-to-date: /home/px4/ros2/ws/install/px4_msgs/include/px4_msgs/px4_msgs/msg/launch_detection_status.hpp\n'}
[1.157985] (px4_msgs) StdoutLine: {'line': b'-- Up-to-date: /home/px4/ros2/ws/install/px4_msgs/include/px4_msgs/px4_msgs/msg/follow_target_estimator.hpp\n'}
[1.158036] (px4_msgs) StdoutLine: {'line': b'-- Up-to-date: /home/px4/ros2/ws/install/px4_msgs/include/px4_msgs/px4_msgs/msg/sensor_preflight_mag.hpp\n'}
[1.158087] (px4_msgs) StdoutLine: {'line': b'-- Up-to-date: /home/px4/ros2/ws/install/px4_msgs/include/px4_msgs/px4_msgs/msg/parameter_set_value_request.hpp\n'}
[1.158138] (px4_msgs) StdoutLine: {'line': b'-- Up-to-date: /home/px4/ros2/ws/install/px4_msgs/include/px4_msgs/px4_msgs/msg/arming_check_reply.hpp\n'}
[1.158191] (px4_msgs) StdoutLine: {'line': b'-- Up-to-date: /home/px4/ros2/ws/install/px4_msgs/include/px4_msgs/px4_msgs/msg/message_format_request.hpp\n'}
[1.158241] (px4_msgs) StdoutLine: {'line': b'-- Up-to-date: /home/px4/ros2/ws/install/px4_msgs/include/px4_msgs/px4_msgs/msg/landing_target_innovations.hpp\n'}
[1.158291] (px4_msgs) StdoutLine: {'line': b'-- Up-to-date: /home/px4/ros2/ws/install/px4_msgs/include/px4_msgs/px4_msgs/msg/vehicle_imu.hpp\n'}
[1.158341] (px4_msgs) StdoutLine: {'line': b'-- Up-to-date: /home/px4/ros2/ws/install/px4_msgs/include/px4_msgs/px4_msgs/msg/sensor_gyro.hpp\n'}
[1.158392] (px4_msgs) StdoutLine: {'line': b'-- Up-to-date: /home/px4/ros2/ws/install/px4_msgs/include/px4_msgs/px4_msgs/msg/internal_combustion_engine_status.hpp\n'}
[1.158477] (px4_msgs) StdoutLine: {'line': b'-- Up-to-date: /home/px4/ros2/ws/install/px4_msgs/include/px4_msgs/px4_msgs/msg/timesync_status.hpp\n'}
[1.158531] (px4_msgs) StdoutLine: {'line': b'-- Up-to-date: /home/px4/ros2/ws/install/px4_msgs/include/px4_msgs/px4_msgs/msg/dronecan_node_status.hpp\n'}
[1.158584] (px4_msgs) StdoutLine: {'line': b'-- Up-to-date: /home/px4/ros2/ws/install/px4_msgs/include/px4_msgs/px4_msgs/msg/sensor_hygrometer.hpp\n'}
[1.158632] (px4_msgs) StdoutLine: {'line': b'-- Up-to-date: /home/px4/ros2/ws/install/px4_msgs/include/px4_msgs/px4_msgs/msg/mag_worker_data.hpp\n'}
[1.158681] (px4_msgs) StdoutLine: {'line': b'-- Up-to-date: /home/px4/ros2/ws/install/px4_msgs/include/px4_msgs/px4_msgs/msg/task_stack_info.hpp\n'}
[1.158731] (px4_msgs) StdoutLine: {'line': b'-- Up-to-date: /home/px4/ros2/ws/install/px4_msgs/include/px4_msgs/px4_msgs/msg/fixed_wing_runway_control.hpp\n'}
[1.158791] (px4_msgs) StdoutLine: {'line': b'-- Up-to-date: /home/px4/ros2/ws/install/px4_msgs/include/px4_msgs/px4_msgs/msg/logger_status.hpp\n'}
[1.158849] (px4_msgs) StdoutLine: {'line': b'-- Up-to-date: /home/px4/ros2/ws/install/px4_msgs/include/px4_msgs/px4_msgs/msg/mode_completed.hpp\n'}
[1.158897] (px4_msgs) StdoutLine: {'line': b'-- Up-to-date: /home/px4/ros2/ws/install/px4_msgs/include/px4_msgs/px4_msgs/msg/landing_target_pose.hpp\n'}
[1.158972] (px4_msgs) StdoutLine: {'line': b'-- Up-to-date: /home/px4/ros2/ws/install/px4_msgs/include/px4_msgs/px4_msgs/msg/normalized_unsigned_setpoint.hpp\n'}
[1.159028] (px4_msgs) StdoutLine: {'line': b'-- Up-to-date: /home/px4/ros2/ws/install/px4_msgs/include/px4_msgs/px4_msgs/msg/register_ext_component_reply.hpp\n'}
[1.159083] (px4_msgs) StdoutLine: {'line': b'-- Up-to-date: /home/px4/ros2/ws/install/px4_msgs/include/px4_msgs/px4_msgs/msg/vehicle_torque_setpoint.hpp\n'}
[1.159132] (px4_msgs) StdoutLine: {'line': b'-- Up-to-date: /home/px4/ros2/ws/install/px4_msgs/include/px4_msgs/px4_msgs/msg/autotune_attitude_control_status.hpp\n'}
[1.159180] (px4_msgs) StdoutLine: {'line': b'-- Up-to-date: /home/px4/ros2/ws/install/px4_msgs/include/px4_msgs/px4_msgs/msg/offboard_control_mode.hpp\n'}
[1.159231] (px4_msgs) StdoutLine: {'line': b'-- Up-to-date: /home/px4/ros2/ws/install/px4_msgs/include/px4_msgs/px4_msgs/msg/sensors_status.hpp\n'}
[1.159286] (px4_msgs) StdoutLine: {'line': b'-- Up-to-date: /home/px4/ros2/ws/install/px4_msgs/include/px4_msgs/px4_msgs/msg/rover_steering_setpoint.hpp\n'}
[1.159362] (px4_msgs) StdoutLine: {'line': b'-- Up-to-date: /home/px4/ros2/ws/install/px4_msgs/include/px4_msgs/px4_msgs/msg/camera_status.hpp\n'}
[1.159414] (px4_msgs) StdoutLine: {'line': b'-- Up-to-date: /home/px4/ros2/ws/install/px4_msgs/include/px4_msgs/px4_msgs/msg/gpio_request.hpp\n'}
[1.159464] (px4_msgs) StdoutLine: {'line': b'-- Up-to-date: /home/px4/ros2/ws/install/px4_msgs/include/px4_msgs/px4_msgs/msg/yaw_estimator_status.hpp\n'}
[1.159512] (px4_msgs) StdoutLine: {'line': b'-- Up-to-date: /home/px4/ros2/ws/install/px4_msgs/include/px4_msgs/px4_msgs/msg/sensor_correction.hpp\n'}
[1.159560] (px4_msgs) StdoutLine: {'line': b'-- Up-to-date: /home/px4/ros2/ws/install/px4_msgs/include/px4_msgs/px4_msgs/msg/esc_status.hpp\n'}
[1.159615] (px4_msgs) StdoutLine: {'line': b'-- Up-to-date: /home/px4/ros2/ws/install/px4_msgs/include/px4_msgs/px4_msgs/msg/gimbal_manager_set_attitude.hpp\n'}
[1.159683] (px4_msgs) StdoutLine: {'line': b'-- Up-to-date: /home/px4/ros2/ws/install/px4_msgs/include/px4_msgs/px4_msgs/msg/estimator_aid_source1d.hpp\n'}
[1.159735] (px4_msgs) StdoutLine: {'line': b'-- Up-to-date: /home/px4/ros2/ws/install/px4_msgs/include/px4_msgs/px4_msgs/msg/mission.hpp\n'}
[1.159792] (px4_msgs) StdoutLine: {'line': b'-- Up-to-date: /home/px4/ros2/ws/install/px4_msgs/include/px4_msgs/px4_msgs/msg/power_monitor.hpp\n'}
[1.159879] (px4_msgs) StdoutLine: {'line': b'-- Up-to-date: /home/px4/ros2/ws/install/px4_msgs/include/px4_msgs/px4_msgs/msg/sensor_optical_flow.hpp\n'}
[1.159929] (px4_msgs) StdoutLine: {'line': b'-- Up-to-date: /home/px4/ros2/ws/install/px4_msgs/include/px4_msgs/px4_msgs/msg/sensor_airflow.hpp\n'}
[1.159980] (px4_msgs) StdoutLine: {'line': b'-- Up-to-date: /home/px4/ros2/ws/install/px4_msgs/include/px4_msgs/px4_msgs/msg/rate_ctrl_status.hpp\n'}
[1.160050] (px4_msgs) StdoutLine: {'line': b'-- Up-to-date: /home/px4/ros2/ws/install/px4_msgs/include/px4_msgs/px4_msgs/msg/rc_channels.hpp\n'}
[1.160101] (px4_msgs) StdoutLine: {'line': b'-- Up-to-date: /home/px4/ros2/ws/install/px4_msgs/include/px4_msgs/px4_msgs/msg/distance_sensor.hpp\n'}
[1.160149] (px4_msgs) StdoutLine: {'line': b'-- Up-to-date: /home/px4/ros2/ws/install/px4_msgs/include/px4_msgs/px4_msgs/msg/log_message.hpp\n'}
[1.160196] (px4_msgs) StdoutLine: {'line': b'-- Up-to-date: /home/px4/ros2/ws/install/px4_msgs/include/px4_msgs/px4_msgs/msg/ping.hpp\n'}
[1.160245] (px4_msgs) StdoutLine: {'line': b'-- Up-to-date: /home/px4/ros2/ws/install/px4_msgs/include/px4_msgs/px4_msgs/msg/event.hpp\n'}
[1.160294] (px4_msgs) StdoutLine: {'line': b'-- Up-to-date: /home/px4/ros2/ws/install/px4_msgs/include/px4_msgs/px4_msgs/msg/gimbal_device_information.hpp\n'}
[1.160344] (px4_msgs) StdoutLine: {'line': b'-- Up-to-date: /home/px4/ros2/ws/install/px4_msgs/include/px4_msgs/px4_msgs/msg/irlock_report.hpp\n'}
[1.160393] (px4_msgs) StdoutLine: {'line': b'-- Up-to-date: /home/px4/ros2/ws/install/px4_msgs/include/px4_msgs/px4_msgs/msg/adc_report.hpp\n'}
[1.160443] (px4_msgs) StdoutLine: {'line': b'-- Up-to-date: /home/px4/ros2/ws/install/px4_msgs/include/px4_msgs/px4_msgs/msg/differential_pressure.hpp\n'}
[1.160500] (px4_msgs) StdoutLine: {'line': b'-- Up-to-date: /home/px4/ros2/ws/install/px4_msgs/include/px4_msgs/px4_msgs/msg/config_overrides.hpp\n'}
[1.160553] (px4_msgs) StdoutLine: {'line': b'-- Up-to-date: /home/px4/ros2/ws/install/px4_msgs/include/px4_msgs/px4_msgs/msg/failsafe_flags.hpp\n'}
[1.160602] (px4_msgs) StdoutLine: {'line': b'-- Up-to-date: /home/px4/ros2/ws/install/px4_msgs/include/px4_msgs/px4_msgs/msg/home_position.hpp\n'}
[1.160704] (px4_msgs) StdoutLine: {'line': b'-- Up-to-date: /home/px4/ros2/ws/install/px4_msgs/include/px4_msgs/px4_msgs/msg/power_button_state.hpp\n'}
[1.160759] (px4_msgs) StdoutLine: {'line': b'-- Up-to-date: /home/px4/ros2/ws/install/px4_msgs/include/px4_msgs/px4_msgs/msg/fixed_wing_lateral_status.hpp\n'}
[1.160828] (px4_msgs) StdoutLine: {'line': b'-- Up-to-date: /home/px4/ros2/ws/install/px4_msgs/include/px4_msgs/px4_msgs/msg/orbit_status.hpp\n'}
[1.160927] (px4_msgs) StdoutLine: {'line': b'-- Up-to-date: /home/px4/ros2/ws/install/px4_msgs/include/px4_msgs/px4_msgs/msg/generator_status.hpp\n'}
[1.160981] (px4_msgs) StdoutLine: {'line': b'-- Up-to-date: /home/px4/ros2/ws/install/px4_msgs/include/px4_msgs/px4_msgs/msg/vehicle_angular_velocity.hpp\n'}
[1.161032] (px4_msgs) StdoutLine: {'line': b'-- Up-to-date: /home/px4/ros2/ws/install/px4_msgs/include/px4_msgs/px4_msgs/msg/actuator_test.hpp\n'}
[1.161081] (px4_msgs) StdoutLine: {'line': b'-- Up-to-date: /home/px4/ros2/ws/install/px4_msgs/include/px4_msgs/px4_msgs/msg/trajectory_setpoint.hpp\n'}
[1.161136] (px4_msgs) StdoutLine: {'line': b'-- Up-to-date: /home/px4/ros2/ws/install/px4_msgs/include/px4_msgs/px4_msgs/msg/system_power.hpp\n'}
[1.161207] (px4_msgs) StdoutLine: {'line': b'-- Up-to-date: /home/px4/ros2/ws/install/px4_msgs/include/px4_msgs/px4_msgs/msg/gimbal_device_set_attitude.hpp\n'}
[1.161258] (px4_msgs) StdoutLine: {'line': b'-- Up-to-date: /home/px4/ros2/ws/install/px4_msgs/include/px4_msgs/px4_msgs/msg/vehicle_command_ack.hpp\n'}
[1.161309] (px4_msgs) StdoutLine: {'line': b'-- Up-to-date: /home/px4/ros2/ws/install/px4_msgs/include/px4_msgs/px4_msgs/msg/estimator_gps_status.hpp\n'}
[1.161360] (px4_msgs) StdoutLine: {'line': b'-- Up-to-date: /home/px4/ros2/ws/install/px4_msgs/include/px4_msgs/px4_msgs/msg/vehicle_imu_status.hpp\n'}
[1.161410] (px4_msgs) StdoutLine: {'line': b'-- Up-to-date: /home/px4/ros2/ws/install/px4_msgs/include/px4_msgs/px4_msgs/msg/radio_status.hpp\n'}
[1.161462] (px4_msgs) StdoutLine: {'line': b'-- Up-to-date: /home/px4/ros2/ws/install/px4_msgs/include/px4_msgs/px4_msgs/msg/rover_velocity_setpoint.hpp\n'}
[1.161511] (px4_msgs) StdoutLine: {'line': b'-- Up-to-date: /home/px4/ros2/ws/install/px4_msgs/include/px4_msgs/px4_msgs/msg/register_ext_component_request.hpp\n'}
[1.161560] (px4_msgs) StdoutLine: {'line': b'-- Up-to-date: /home/px4/ros2/ws/install/px4_msgs/include/px4_msgs/px4_msgs/msg/button_event.hpp\n'}
[1.161610] (px4_msgs) StdoutLine: {'line': b'-- Up-to-date: /home/px4/ros2/ws/install/px4_msgs/include/px4_msgs/px4_msgs/msg/geofence_result.hpp\n'}
[1.161660] (px4_msgs) StdoutLine: {'line': b'-- Up-to-date: /home/px4/ros2/ws/install/px4_msgs/include/px4_msgs/px4_msgs/msg/control_allocator_status.hpp\n'}
[1.161709] (px4_msgs) StdoutLine: {'line': b'-- Up-to-date: /home/px4/ros2/ws/install/px4_msgs/include/px4_msgs/px4_msgs/msg/gps_inject_data.hpp\n'}
[1.161786] (px4_msgs) StdoutLine: {'line': b'-- Up-to-date: /home/px4/ros2/ws/install/px4_msgs/include/px4_msgs/px4_msgs/msg/manual_control_switches.hpp\n'}
[1.161846] (px4_msgs) StdoutLine: {'line': b'-- Up-to-date: /home/px4/ros2/ws/install/px4_msgs/include/px4_msgs/px4_msgs/msg/px4io_status.hpp\n'}
[1.161894] (px4_msgs) StdoutLine: {'line': b'-- Up-to-date: /home/px4/ros2/ws/install/px4_msgs/include/px4_msgs/px4_msgs/msg/estimator_aid_source2d.hpp\n'}
[1.161943] (px4_msgs) StdoutLine: {'line': b'-- Up-to-date: /home/px4/ros2/ws/install/px4_msgs/include/px4_msgs/px4_msgs/msg/qshell_req.hpp\n'}
[1.161991] (px4_msgs) StdoutLine: {'line': b'-- Up-to-date: /home/px4/ros2/ws/install/px4_msgs/include/px4_msgs/px4_msgs/msg/rover_attitude_status.hpp\n'}
[1.162068] (px4_msgs) StdoutLine: {'line': b'-- Up-to-date: /home/px4/ros2/ws/install/px4_msgs/include/px4_msgs/px4_msgs/msg/dataman_request.hpp\n'}
[1.162131] (px4_msgs) StdoutLine: {'line': b'-- Up-to-date: /home/px4/ros2/ws/install/px4_msgs/include/px4_msgs/px4_msgs/msg/airspeed.hpp\n'}
[1.162195] (px4_msgs) StdoutLine: {'line': b'-- Up-to-date: /home/px4/ros2/ws/install/px4_msgs/include/px4_msgs/px4_msgs/msg/battery_status.hpp\n'}
[1.162248] (px4_msgs) StdoutLine: {'line': b'-- Up-to-date: /home/px4/ros2/ws/install/px4_msgs/include/px4_msgs/px4_msgs/msg/vehicle_acceleration.hpp\n'}
[1.162296] (px4_msgs) StdoutLine: {'line': b'-- Up-to-date: /home/px4/ros2/ws/install/px4_msgs/include/px4_msgs/px4_msgs/msg/mavlink_log.hpp\n'}
[1.162361] (px4_msgs) StdoutLine: {'line': b'-- Up-to-date: /home/px4/ros2/ws/install/px4_msgs/include/px4_msgs/px4_msgs/msg/pure_pursuit_status.hpp\n'}
[1.162426] (px4_msgs) StdoutLine: {'line': b'-- Up-to-date: /home/px4/ros2/ws/install/px4_msgs/include/px4_msgs/px4_msgs/msg/actuator_armed.hpp\n'}
[1.162475] (px4_msgs) StdoutLine: {'line': b'-- Up-to-date: /home/px4/ros2/ws/install/px4_msgs/include/px4_msgs/px4_msgs/msg/estimator_selector_status.hpp\n'}
[1.162524] (px4_msgs) StdoutLine: {'line': b'-- Up-to-date: /home/px4/ros2/ws/install/px4_msgs/include/px4_msgs/px4_msgs/msg/cpuload.hpp\n'}
[1.162574] (px4_msgs) StdoutLine: {'line': b'-- Up-to-date: /home/px4/ros2/ws/install/px4_msgs/include/px4_msgs/px4_msgs/msg/neural_control.hpp\n'}
[1.162624] (px4_msgs) StdoutLine: {'line': b'-- Up-to-date: /home/px4/ros2/ws/install/px4_msgs/include/px4_msgs/px4_msgs/msg/geofence_status.hpp\n'}
[1.162677] (px4_msgs) StdoutLine: {'line': b'-- Up-to-date: /home/px4/ros2/ws/install/px4_msgs/include/px4_msgs/px4_msgs/msg/failure_detector_status.hpp\n'}
[1.162727] (px4_msgs) StdoutLine: {'line': b'-- Up-to-date: /home/px4/ros2/ws/install/px4_msgs/include/px4_msgs/px4_msgs/msg/fixed_wing_lateral_guidance_status.hpp\n'}
[1.162786] (px4_msgs) StdoutLine: {'line': b'-- Up-to-date: /home/px4/ros2/ws/install/px4_msgs/include/px4_msgs/px4_msgs/msg/mavlink_tunnel.hpp\n'}
[1.162846] (px4_msgs) StdoutLine: {'line': b'-- Up-to-date: /home/px4/ros2/ws/install/px4_msgs/include/px4_msgs/px4_msgs/msg/vehicle_status.hpp\n'}
[1.162902] (px4_msgs) StdoutLine: {'line': b'-- Up-to-date: /home/px4/ros2/ws/install/px4_msgs/include/px4_msgs/px4_msgs/msg/longitudinal_control_configuration.hpp\n'}
[1.162988] (px4_msgs) StdoutLine: {'line': b'-- Up-to-date: /home/px4/ros2/ws/install/px4_msgs/include/px4_msgs/px4_msgs/srv\n'}
[1.163040] (px4_msgs) StdoutLine: {'line': b'-- Up-to-date: /home/px4/ros2/ws/install/px4_msgs/include/px4_msgs/px4_msgs/srv/detail\n'}
[1.163088] (px4_msgs) StdoutLine: {'line': b'-- Up-to-date: /home/px4/ros2/ws/install/px4_msgs/include/px4_msgs/px4_msgs/srv/detail/vehicle_command__type_support.hpp\n'}
[1.163150] (px4_msgs) StdoutLine: {'line': b'-- Up-to-date: /home/px4/ros2/ws/install/px4_msgs/include/px4_msgs/px4_msgs/srv/detail/vehicle_command__builder.hpp\n'}
[1.163236] (px4_msgs) StdoutLine: {'line': b'-- Up-to-date: /home/px4/ros2/ws/install/px4_msgs/include/px4_msgs/px4_msgs/srv/detail/vehicle_command__struct.hpp\n'}
[1.163292] (px4_msgs) StdoutLine: {'line': b'-- Up-to-date: /home/px4/ros2/ws/install/px4_msgs/include/px4_msgs/px4_msgs/srv/detail/vehicle_command__traits.hpp\n'}
[1.163344] (px4_msgs) StdoutLine: {'line': b'-- Up-to-date: /home/px4/ros2/ws/install/px4_msgs/include/px4_msgs/px4_msgs/srv/vehicle_command.hpp\n'}
[1.163393] (px4_msgs) StdoutLine: {'line': b'-- Up-to-date: /home/px4/ros2/ws/install/px4_msgs/include/px4_msgs/px4_msgs\n'}
[1.163456] (px4_msgs) StdoutLine: {'line': b'-- Up-to-date: /home/px4/ros2/ws/install/px4_msgs/include/px4_msgs/px4_msgs/msg\n'}
[1.163506] (px4_msgs) StdoutLine: {'line': b'-- Up-to-date: /home/px4/ros2/ws/install/px4_msgs/include/px4_msgs/px4_msgs/msg/detail\n'}
[1.163557] (px4_msgs) StdoutLine: {'line': b'-- Up-to-date: /home/px4/ros2/ws/install/px4_msgs/include/px4_msgs/px4_msgs/msg/detail/neural_control__rosidl_typesupport_fastrtps_cpp.hpp\n'}
[1.163609] (px4_msgs) StdoutLine: {'line': b'-- Up-to-date: /home/px4/ros2/ws/install/px4_msgs/include/px4_msgs/px4_msgs/msg/detail/sensor_gyro_fft__rosidl_typesupport_fastrtps_cpp.hpp\n'}
[1.163657] (px4_msgs) StdoutLine: {'line': b'-- Up-to-date: /home/px4/ros2/ws/install/px4_msgs/include/px4_msgs/px4_msgs/msg/detail/vehicle_angular_velocity__rosidl_typesupport_fastrtps_cpp.hpp\n'}
[1.163708] (px4_msgs) StdoutLine: {'line': b'-- Up-to-date: /home/px4/ros2/ws/install/px4_msgs/include/px4_msgs/px4_msgs/msg/detail/adc_report__rosidl_typesupport_fastrtps_cpp.hpp\n'}
[1.163758] (px4_msgs) StdoutLine: {'line': b'-- Up-to-date: /home/px4/ros2/ws/install/px4_msgs/include/px4_msgs/px4_msgs/msg/detail/vehicle_torque_setpoint__rosidl_typesupport_fastrtps_cpp.hpp\n'}
[1.163833] (px4_msgs) StdoutLine: {'line': b'-- Up-to-date: /home/px4/ros2/ws/install/px4_msgs/include/px4_msgs/px4_msgs/msg/detail/autotune_attitude_control_status__rosidl_typesupport_fastrtps_cpp.hpp\n'}
[1.163895] (px4_msgs) StdoutLine: {'line': b'-- Up-to-date: /home/px4/ros2/ws/install/px4_msgs/include/px4_msgs/px4_msgs/msg/detail/vehicle_imu_status__rosidl_typesupport_fastrtps_cpp.hpp\n'}
[1.163946] (px4_msgs) StdoutLine: {'line': b'-- Up-to-date: /home/px4/ros2/ws/install/px4_msgs/include/px4_msgs/px4_msgs/msg/detail/qshell_req__rosidl_typesupport_fastrtps_cpp.hpp\n'}
[1.163996] (px4_msgs) StdoutLine: {'line': b'-- Up-to-date: /home/px4/ros2/ws/install/px4_msgs/include/px4_msgs/px4_msgs/msg/detail/yaw_estimator_status__rosidl_typesupport_fastrtps_cpp.hpp\n'}
[1.164047] (px4_msgs) StdoutLine: {'line': b'-- Up-to-date: /home/px4/ros2/ws/install/px4_msgs/include/px4_msgs/px4_msgs/msg/detail/gimbal_manager_set_attitude__rosidl_typesupport_fastrtps_cpp.hpp\n'}
[1.164109] (px4_msgs) StdoutLine: {'line': b'-- Up-to-date: /home/px4/ros2/ws/install/px4_msgs/include/px4_msgs/px4_msgs/msg/detail/fixed_wing_lateral_setpoint__rosidl_typesupport_fastrtps_cpp.hpp\n'}
[1.164174] (px4_msgs) StdoutLine: {'line': b'-- Up-to-date: /home/px4/ros2/ws/install/px4_msgs/include/px4_msgs/px4_msgs/msg/detail/led_control__rosidl_typesupport_fastrtps_cpp.hpp\n'}
[1.164239] (px4_msgs) StdoutLine: {'line': b'-- Up-to-date: /home/px4/ros2/ws/install/px4_msgs/include/px4_msgs/px4_msgs/msg/detail/vehicle_attitude__rosidl_typesupport_fastrtps_cpp.hpp\n'}
[1.164290] (px4_msgs) StdoutLine: {'line': b'-- Up-to-date: /home/px4/ros2/ws/install/px4_msgs/include/px4_msgs/px4_msgs/msg/detail/tune_control__rosidl_typesupport_fastrtps_cpp.hpp\n'}
[1.164341] (px4_msgs) StdoutLine: {'line': b'-- Up-to-date: /home/px4/ros2/ws/install/px4_msgs/include/px4_msgs/px4_msgs/msg/detail/rover_rate_status__rosidl_typesupport_fastrtps_cpp.hpp\n'}
[1.164391] (px4_msgs) StdoutLine: {'line': b'-- Up-to-date: /home/px4/ros2/ws/install/px4_msgs/include/px4_msgs/px4_msgs/msg/detail/esc_report__rosidl_typesupport_fastrtps_cpp.hpp\n'}
[1.164441] (px4_msgs) StdoutLine: {'line': b'-- Up-to-date: /home/px4/ros2/ws/install/px4_msgs/include/px4_msgs/px4_msgs/msg/detail/vehicle_imu__rosidl_typesupport_fastrtps_cpp.hpp\n'}
[1.164509] (px4_msgs) StdoutLine: {'line': b'-- Up-to-date: /home/px4/ros2/ws/install/px4_msgs/include/px4_msgs/px4_msgs/msg/detail/vehicle_local_position_setpoint__rosidl_typesupport_fastrtps_cpp.hpp\n'}
[1.164560] (px4_msgs) StdoutLine: {'line': b'-- Up-to-date: /home/px4/ros2/ws/install/px4_msgs/include/px4_msgs/px4_msgs/msg/detail/system_power__rosidl_typesupport_fastrtps_cpp.hpp\n'}
[1.164609] (px4_msgs) StdoutLine: {'line': b'-- Up-to-date: /home/px4/ros2/ws/install/px4_msgs/include/px4_msgs/px4_msgs/msg/detail/orb_test_medium__rosidl_typesupport_fastrtps_cpp.hpp\n'}
[1.164672] (px4_msgs) StdoutLine: {'line': b'-- Up-to-date: /home/px4/ros2/ws/install/px4_msgs/include/px4_msgs/px4_msgs/msg/detail/orb_test_large__rosidl_typesupport_fastrtps_cpp.hpp\n'}
[1.164737] (px4_msgs) StdoutLine: {'line': b'-- Up-to-date: /home/px4/ros2/ws/install/px4_msgs/include/px4_msgs/px4_msgs/msg/detail/radio_status__rosidl_typesupport_fastrtps_cpp.hpp\n'}
[1.164833] (px4_msgs) StdoutLine: {'line': b'-- Up-to-date: /home/px4/ros2/ws/install/px4_msgs/include/px4_msgs/px4_msgs/msg/detail/internal_combustion_engine_status__rosidl_typesupport_fastrtps_cpp.hpp\n'}
[1.164915] (px4_msgs) StdoutLine: {'line': b'-- Up-to-date: /home/px4/ros2/ws/install/px4_msgs/include/px4_msgs/px4_msgs/msg/detail/position_controller_landing_status__rosidl_typesupport_fastrtps_cpp.hpp\n'}
[1.164969] (px4_msgs) StdoutLine: {'line': b'-- Up-to-date: /home/px4/ros2/ws/install/px4_msgs/include/px4_msgs/px4_msgs/msg/detail/camera_trigger__rosidl_typesupport_fastrtps_cpp.hpp\n'}
[1.165020] (px4_msgs) StdoutLine: {'line': b'-- Up-to-date: /home/px4/ros2/ws/install/px4_msgs/include/px4_msgs/px4_msgs/msg/detail/rover_position_setpoint__rosidl_typesupport_fastrtps_cpp.hpp\n'}
[1.165070] (px4_msgs) StdoutLine: {'line': b'-- Up-to-date: /home/px4/ros2/ws/install/px4_msgs/include/px4_msgs/px4_msgs/msg/detail/onboard_computer_status__rosidl_typesupport_fastrtps_cpp.hpp\n'}
[1.165127] (px4_msgs) StdoutLine: {'line': b'-- Up-to-date: /home/px4/ros2/ws/install/px4_msgs/include/px4_msgs/px4_msgs/msg/detail/vehicle_local_position__rosidl_typesupport_fastrtps_cpp.hpp\n'}
[1.165177] (px4_msgs) StdoutLine: {'line': b'-- Up-to-date: /home/px4/ros2/ws/install/px4_msgs/include/px4_msgs/px4_msgs/msg/detail/vehicle_optical_flow__rosidl_typesupport_fastrtps_cpp.hpp\n'}
[1.165226] (px4_msgs) StdoutLine: {'line': b'-- Up-to-date: /home/px4/ros2/ws/install/px4_msgs/include/px4_msgs/px4_msgs/msg/detail/ping__rosidl_typesupport_fastrtps_cpp.hpp\n'}
[1.165288] (px4_msgs) StdoutLine: {'line': b'-- Up-to-date: /home/px4/ros2/ws/install/px4_msgs/include/px4_msgs/px4_msgs/msg/detail/landing_target_pose__rosidl_typesupport_fastrtps_cpp.hpp\n'}
[1.165355] (px4_msgs) StdoutLine: {'line': b'-- Up-to-date: /home/px4/ros2/ws/install/px4_msgs/include/px4_msgs/px4_msgs/msg/detail/message_format_request__rosidl_typesupport_fastrtps_cpp.hpp\n'}
[1.165406] (px4_msgs) StdoutLine: {'line': b'-- Up-to-date: /home/px4/ros2/ws/install/px4_msgs/include/px4_msgs/px4_msgs/msg/detail/vehicle_optical_flow_vel__rosidl_typesupport_fastrtps_cpp.hpp\n'}
[1.165460] (px4_msgs) StdoutLine: {'line': b'-- Up-to-date: /home/px4/ros2/ws/install/px4_msgs/include/px4_msgs/px4_msgs/msg/detail/mag_worker_data__rosidl_typesupport_fastrtps_cpp.hpp\n'}
[1.165525] (px4_msgs) StdoutLine: {'line': b'-- Up-to-date: /home/px4/ros2/ws/install/px4_msgs/include/px4_msgs/px4_msgs/msg/detail/landing_gear__rosidl_typesupport_fastrtps_cpp.hpp\n'}
[1.165577] (px4_msgs) StdoutLine: {'line': b'-- Up-to-date: /home/px4/ros2/ws/install/px4_msgs/include/px4_msgs/px4_msgs/msg/detail/hover_thrust_estimate__rosidl_typesupport_fastrtps_cpp.hpp\n'}
[1.165627] (px4_msgs) StdoutLine: {'line': b'-- Up-to-date: /home/px4/ros2/ws/install/px4_msgs/include/px4_msgs/px4_msgs/msg/detail/camera_status__rosidl_typesupport_fastrtps_cpp.hpp\n'}
[1.165689] (px4_msgs) StdoutLine: {'line': b'-- Up-to-date: /home/px4/ros2/ws/install/px4_msgs/include/px4_msgs/px4_msgs/msg/detail/differential_pressure__rosidl_typesupport_fastrtps_cpp.hpp\n'}
[1.165743] (px4_msgs) StdoutLine: {'line': b'-- Up-to-date: /home/px4/ros2/ws/install/px4_msgs/include/px4_msgs/px4_msgs/msg/detail/position_controller_status__rosidl_typesupport_fastrtps_cpp.hpp\n'}
[1.165807] (px4_msgs) StdoutLine: {'line': b'-- Up-to-date: /home/px4/ros2/ws/install/px4_msgs/include/px4_msgs/px4_msgs/msg/detail/satellite_info__rosidl_typesupport_fastrtps_cpp.hpp\n'}
[1.165864] (px4_msgs) StdoutLine: {'line': b'-- Up-to-date: /home/px4/ros2/ws/install/px4_msgs/include/px4_msgs/px4_msgs/msg/detail/telemetry_status__rosidl_typesupport_fastrtps_cpp.hpp\n'}
[1.165915] (px4_msgs) StdoutLine: {'line': b'-- Up-to-date: /home/px4/ros2/ws/install/px4_msgs/include/px4_msgs/px4_msgs/msg/detail/transponder_report__rosidl_typesupport_fastrtps_cpp.hpp\n'}
[1.165966] (px4_msgs) StdoutLine: {'line': b'-- Up-to-date: /home/px4/ros2/ws/install/px4_msgs/include/px4_msgs/px4_msgs/msg/detail/pps_capture__rosidl_typesupport_fastrtps_cpp.hpp\n'}
[1.166014] (px4_msgs) StdoutLine: {'line': b'-- Up-to-date: /home/px4/ros2/ws/install/px4_msgs/include/px4_msgs/px4_msgs/msg/detail/debug_vect__rosidl_typesupport_fastrtps_cpp.hpp\n'}
[1.166063] (px4_msgs) StdoutLine: {'line': b'-- Up-to-date: /home/px4/ros2/ws/install/px4_msgs/include/px4_msgs/px4_msgs/msg/detail/gimbal_controls__rosidl_typesupport_fastrtps_cpp.hpp\n'}
[1.166115] (px4_msgs) StdoutLine: {'line': b'-- Up-to-date: /home/px4/ros2/ws/install/px4_msgs/include/px4_msgs/px4_msgs/msg/detail/sensor_hygrometer__rosidl_typesupport_fastrtps_cpp.hpp\n'}
[1.166181] (px4_msgs) StdoutLine: {'line': b'-- Up-to-date: /home/px4/ros2/ws/install/px4_msgs/include/px4_msgs/px4_msgs/msg/detail/vehicle_air_data__rosidl_typesupport_fastrtps_cpp.hpp\n'}
[1.166229] (px4_msgs) StdoutLine: {'line': b'-- Up-to-date: /home/px4/ros2/ws/install/px4_msgs/include/px4_msgs/px4_msgs/msg/detail/parameter_set_value_response__rosidl_typesupport_fastrtps_cpp.hpp\n'}
[1.166307] (px4_msgs) StdoutLine: {'line': b'-- Up-to-date: /home/px4/ros2/ws/install/px4_msgs/include/px4_msgs/px4_msgs/msg/detail/battery_status__rosidl_typesupport_fastrtps_cpp.hpp\n'}
[1.166373] (px4_msgs) StdoutLine: {'line': b'-- Up-to-date: /home/px4/ros2/ws/install/px4_msgs/include/px4_msgs/px4_msgs/msg/detail/uavcan_parameter_request__rosidl_typesupport_fastrtps_cpp.hpp\n'}
[1.166456] (px4_msgs) StdoutLine: {'line': b'-- Up-to-date: /home/px4/ros2/ws/install/px4_msgs/include/px4_msgs/px4_msgs/msg/detail/wheel_encoders__rosidl_typesupport_fastrtps_cpp.hpp\n'}
[1.166513] (px4_msgs) StdoutLine: {'line': b'-- Up-to-date: /home/px4/ros2/ws/install/px4_msgs/include/px4_msgs/px4_msgs/msg/detail/trajectory_setpoint6dof__rosidl_typesupport_fastrtps_cpp.hpp\n'}
[1.166580] (px4_msgs) StdoutLine: {'line': b'-- Up-to-date: /home/px4/ros2/ws/install/px4_msgs/include/px4_msgs/px4_msgs/msg/detail/sensor_selection__rosidl_typesupport_fastrtps_cpp.hpp\n'}
[1.166631] (px4_msgs) StdoutLine: {'line': b'-- Up-to-date: /home/px4/ros2/ws/install/px4_msgs/include/px4_msgs/px4_msgs/msg/detail/vehicle_control_mode__rosidl_typesupport_fastrtps_cpp.hpp\n'}
[1.166680] (px4_msgs) StdoutLine: {'line': b'-- Up-to-date: /home/px4/ros2/ws/install/px4_msgs/include/px4_msgs/px4_msgs/msg/detail/sensor_mag__rosidl_typesupport_fastrtps_cpp.hpp\n'}
[1.166730] (px4_msgs) StdoutLine: {'line': b'-- Up-to-date: /home/px4/ros2/ws/install/px4_msgs/include/px4_msgs/px4_msgs/msg/detail/vehicle_command_ack__rosidl_typesupport_fastrtps_cpp.hpp\n'}
[1.166789] (px4_msgs) StdoutLine: {'line': b'-- Up-to-date: /home/px4/ros2/ws/install/px4_msgs/include/px4_msgs/px4_msgs/msg/detail/rtl_time_estimate__rosidl_typesupport_fastrtps_cpp.hpp\n'}
[1.166847] (px4_msgs) StdoutLine: {'line': b'-- Up-to-date: /home/px4/ros2/ws/install/px4_msgs/include/px4_msgs/px4_msgs/msg/detail/distance_sensor__rosidl_typesupport_fastrtps_cpp.hpp\n'}
[1.166899] (px4_msgs) StdoutLine: {'line': b'-- Up-to-date: /home/px4/ros2/ws/install/px4_msgs/include/px4_msgs/px4_msgs/msg/detail/fuel_tank_status__rosidl_typesupport_fastrtps_cpp.hpp\n'}
[1.166969] (px4_msgs) StdoutLine: {'line': b'-- Up-to-date: /home/px4/ros2/ws/install/px4_msgs/include/px4_msgs/px4_msgs/msg/detail/battery_info__rosidl_typesupport_fastrtps_cpp.hpp\n'}
[1.167021] (px4_msgs) StdoutLine: {'line': b'-- Up-to-date: /home/px4/ros2/ws/install/px4_msgs/include/px4_msgs/px4_msgs/msg/detail/arming_check_request__rosidl_typesupport_fastrtps_cpp.hpp\n'}
[1.167071] (px4_msgs) StdoutLine: {'line': b'-- Up-to-date: /home/px4/ros2/ws/install/px4_msgs/include/px4_msgs/px4_msgs/msg/detail/collision_constraints__rosidl_typesupport_fastrtps_cpp.hpp\n'}
[1.167137] (px4_msgs) StdoutLine: {'line': b'-- Up-to-date: /home/px4/ros2/ws/install/px4_msgs/include/px4_msgs/px4_msgs/msg/detail/power_monitor__rosidl_typesupport_fastrtps_cpp.hpp\n'}
[1.167205] (px4_msgs) StdoutLine: {'line': b'-- Up-to-date: /home/px4/ros2/ws/install/px4_msgs/include/px4_msgs/px4_msgs/msg/detail/sensor_gyro__rosidl_typesupport_fastrtps_cpp.hpp\n'}
[1.167257] (px4_msgs) StdoutLine: {'line': b'-- Up-to-date: /home/px4/ros2/ws/install/px4_msgs/include/px4_msgs/px4_msgs/msg/detail/control_allocator_status__rosidl_typesupport_fastrtps_cpp.hpp\n'}
[1.167327] (px4_msgs) StdoutLine: {'line': b'-- Up-to-date: /home/px4/ros2/ws/install/px4_msgs/include/px4_msgs/px4_msgs/msg/detail/camera_capture__rosidl_typesupport_fastrtps_cpp.hpp\n'}
[1.167377] (px4_msgs) StdoutLine: {'line': b'-- Up-to-date: /home/px4/ros2/ws/install/px4_msgs/include/px4_msgs/px4_msgs/msg/detail/wind__rosidl_typesupport_fastrtps_cpp.hpp\n'}
[1.167426] (px4_msgs) StdoutLine: {'line': b'-- Up-to-date: /home/px4/ros2/ws/install/px4_msgs/include/px4_msgs/px4_msgs/msg/detail/estimator_aid_source3d__rosidl_typesupport_fastrtps_cpp.hpp\n'}
[1.167483] (px4_msgs) StdoutLine: {'line': b'-- Up-to-date: /home/px4/ros2/ws/install/px4_msgs/include/px4_msgs/px4_msgs/msg/detail/landing_gear_wheel__rosidl_typesupport_fastrtps_cpp.hpp\n'}
[1.167532] (px4_msgs) StdoutLine: {'line': b'-- Up-to-date: /home/px4/ros2/ws/install/px4_msgs/include/px4_msgs/px4_msgs/msg/detail/unregister_ext_component__rosidl_typesupport_fastrtps_cpp.hpp\n'}
[1.167588] (px4_msgs) StdoutLine: {'line': b'-- Up-to-date: /home/px4/ros2/ws/install/px4_msgs/include/px4_msgs/px4_msgs/msg/detail/ulog_stream__rosidl_typesupport_fastrtps_cpp.hpp\n'}
[1.167636] (px4_msgs) StdoutLine: {'line': b'-- Up-to-date: /home/px4/ros2/ws/install/px4_msgs/include/px4_msgs/px4_msgs/msg/detail/longitudinal_control_configuration__rosidl_typesupport_fastrtps_cpp.hpp\n'}
[1.167685] (px4_msgs) StdoutLine: {'line': b'-- Up-to-date: /home/px4/ros2/ws/install/px4_msgs/include/px4_msgs/px4_msgs/msg/detail/can_interface_status__rosidl_typesupport_fastrtps_cpp.hpp\n'}
[1.167767] (px4_msgs) StdoutLine: {'line': b'-- Up-to-date: /home/px4/ros2/ws/install/px4_msgs/include/px4_msgs/px4_msgs/msg/detail/register_ext_component_request__rosidl_typesupport_fastrtps_cpp.hpp\n'}
[1.167837] (px4_msgs) StdoutLine: {'line': b'-- Up-to-date: /home/px4/ros2/ws/install/px4_msgs/include/px4_msgs/px4_msgs/msg/detail/pure_pursuit_status__rosidl_typesupport_fastrtps_cpp.hpp\n'}
[1.167890] (px4_msgs) StdoutLine: {'line': b'-- Up-to-date: /home/px4/ros2/ws/install/px4_msgs/include/px4_msgs/px4_msgs/msg/detail/parameter_update__rosidl_typesupport_fastrtps_cpp.hpp\n'}
[1.167943] (px4_msgs) StdoutLine: {'line': b'-- Up-to-date: /home/px4/ros2/ws/install/px4_msgs/include/px4_msgs/px4_msgs/msg/detail/velocity_limits__rosidl_typesupport_fastrtps_cpp.hpp\n'}
[1.168019] (px4_msgs) StdoutLine: {'line': b'-- Up-to-date: /home/px4/ros2/ws/install/px4_msgs/include/px4_msgs/px4_msgs/msg/detail/failure_detector_status__rosidl_typesupport_fastrtps_cpp.hpp\n'}
[1.168072] (px4_msgs) StdoutLine: {'line': b'-- Up-to-date: /home/px4/ros2/ws/install/px4_msgs/include/px4_msgs/px4_msgs/msg/detail/vehicle_odometry__rosidl_typesupport_fastrtps_cpp.hpp\n'}
[1.168131] (px4_msgs) StdoutLine: {'line': b'-- Up-to-date: /home/px4/ros2/ws/install/px4_msgs/include/px4_msgs/px4_msgs/msg/detail/parameter_reset_request__rosidl_typesupport_fastrtps_cpp.hpp\n'}
[1.168196] (px4_msgs) StdoutLine: {'line': b'-- Up-to-date: /home/px4/ros2/ws/install/px4_msgs/include/px4_msgs/px4_msgs/msg/detail/actuator_controls_status__rosidl_typesupport_fastrtps_cpp.hpp\n'}
[1.168249] (px4_msgs) StdoutLine: {'line': b'-- Up-to-date: /home/px4/ros2/ws/install/px4_msgs/include/px4_msgs/px4_msgs/msg/detail/mount_orientation__rosidl_typesupport_fastrtps_cpp.hpp\n'}
[1.168298] (px4_msgs) StdoutLine: {'line': b'-- Up-to-date: /home/px4/ros2/ws/install/px4_msgs/include/px4_msgs/px4_msgs/msg/detail/timesync_status__rosidl_typesupport_fastrtps_cpp.hpp\n'}
[1.168345] (px4_msgs) StdoutLine: {'line': b'-- Up-to-date: /home/px4/ros2/ws/install/px4_msgs/include/px4_msgs/px4_msgs/msg/detail/internal_combustion_engine_control__rosidl_typesupport_fastrtps_cpp.hpp\n'}
[1.168408] (px4_msgs) StdoutLine: {'line': b'-- Up-to-date: /home/px4/ros2/ws/install/px4_msgs/include/px4_msgs/px4_msgs/msg/detail/mission__rosidl_typesupport_fastrtps_cpp.hpp\n'}
[1.168456] (px4_msgs) StdoutLine: {'line': b'-- Up-to-date: /home/px4/ros2/ws/install/px4_msgs/include/px4_msgs/px4_msgs/msg/detail/message_format_response__rosidl_typesupport_fastrtps_cpp.hpp\n'}
[1.168505] (px4_msgs) StdoutLine: {'line': b'-- Up-to-date: /home/px4/ros2/ws/install/px4_msgs/include/px4_msgs/px4_msgs/msg/detail/dds_fastrtps\n'}
[1.168554] (px4_msgs) StdoutLine: {'line': b'-- Up-to-date: /home/px4/ros2/ws/install/px4_msgs/include/px4_msgs/px4_msgs/msg/detail/follow_target_estimator__rosidl_typesupport_fastrtps_cpp.hpp\n'}
[1.168602] (px4_msgs) StdoutLine: {'line': b'-- Up-to-date: /home/px4/ros2/ws/install/px4_msgs/include/px4_msgs/px4_msgs/msg/detail/px4io_status__rosidl_typesupport_fastrtps_cpp.hpp\n'}
[1.168672] (px4_msgs) StdoutLine: {'line': b'-- Up-to-date: /home/px4/ros2/ws/install/px4_msgs/include/px4_msgs/px4_msgs/msg/detail/dataman_response__rosidl_typesupport_fastrtps_cpp.hpp\n'}
[1.168721] (px4_msgs) StdoutLine: {'line': b'-- Up-to-date: /home/px4/ros2/ws/install/px4_msgs/include/px4_msgs/px4_msgs/msg/detail/gimbal_manager_set_manual_control__rosidl_typesupport_fastrtps_cpp.hpp\n'}
[1.168788] (px4_msgs) StdoutLine: {'line': b'-- Up-to-date: /home/px4/ros2/ws/install/px4_msgs/include/px4_msgs/px4_msgs/msg/detail/estimator_innovations__rosidl_typesupport_fastrtps_cpp.hpp\n'}
[1.168853] (px4_msgs) StdoutLine: {'line': b'-- Up-to-date: /home/px4/ros2/ws/install/px4_msgs/include/px4_msgs/px4_msgs/msg/detail/logger_status__rosidl_typesupport_fastrtps_cpp.hpp\n'}
[1.168904] (px4_msgs) StdoutLine: {'line': b'-- Up-to-date: /home/px4/ros2/ws/install/px4_msgs/include/px4_msgs/px4_msgs/msg/detail/launch_detection_status__rosidl_typesupport_fastrtps_cpp.hpp\n'}
[1.168991] (px4_msgs) StdoutLine: {'line': b'-- Up-to-date: /home/px4/ros2/ws/install/px4_msgs/include/px4_msgs/px4_msgs/msg/detail/action_request__rosidl_typesupport_fastrtps_cpp.hpp\n'}
[1.169046] (px4_msgs) StdoutLine: {'line': b'-- Up-to-date: /home/px4/ros2/ws/install/px4_msgs/include/px4_msgs/px4_msgs/msg/detail/sensor_combined__rosidl_typesupport_fastrtps_cpp.hpp\n'}
[1.169096] (px4_msgs) StdoutLine: {'line': b'-- Up-to-date: /home/px4/ros2/ws/install/px4_msgs/include/px4_msgs/px4_msgs/msg/detail/rover_rate_setpoint__rosidl_typesupport_fastrtps_cpp.hpp\n'}
[1.169149] (px4_msgs) StdoutLine: {'line': b'-- Up-to-date: /home/px4/ros2/ws/install/px4_msgs/include/px4_msgs/px4_msgs/msg/detail/open_drone_id_system__rosidl_typesupport_fastrtps_cpp.hpp\n'}
[1.169230] (px4_msgs) StdoutLine: {'line': b'-- Up-to-date: /home/px4/ros2/ws/install/px4_msgs/include/px4_msgs/px4_msgs/msg/detail/sensor_gyro_fifo__rosidl_typesupport_fastrtps_cpp.hpp\n'}
[1.169282] (px4_msgs) StdoutLine: {'line': b'-- Up-to-date: /home/px4/ros2/ws/install/px4_msgs/include/px4_msgs/px4_msgs/msg/detail/task_stack_info__rosidl_typesupport_fastrtps_cpp.hpp\n'}
[1.169332] (px4_msgs) StdoutLine: {'line': b'-- Up-to-date: /home/px4/ros2/ws/install/px4_msgs/include/px4_msgs/px4_msgs/msg/detail/vehicle_status__rosidl_typesupport_fastrtps_cpp.hpp\n'}
[1.169382] (px4_msgs) StdoutLine: {'line': b'-- Up-to-date: /home/px4/ros2/ws/install/px4_msgs/include/px4_msgs/px4_msgs/msg/detail/config_overrides__rosidl_typesupport_fastrtps_cpp.hpp\n'}
[1.169433] (px4_msgs) StdoutLine: {'line': b'-- Up-to-date: /home/px4/ros2/ws/install/px4_msgs/include/px4_msgs/px4_msgs/msg/detail/distance_sensor_mode_change_request__rosidl_typesupport_fastrtps_cpp.hpp\n'}
[1.169483] (px4_msgs) StdoutLine: {'line': b'-- Up-to-date: /home/px4/ros2/ws/install/px4_msgs/include/px4_msgs/px4_msgs/msg/detail/dataman_request__rosidl_typesupport_fastrtps_cpp.hpp\n'}
[1.169540] (px4_msgs) StdoutLine: {'line': b'-- Up-to-date: /home/px4/ros2/ws/install/px4_msgs/include/px4_msgs/px4_msgs/msg/detail/vehicle_roi__rosidl_typesupport_fastrtps_cpp.hpp\n'}
[1.169593] (px4_msgs) StdoutLine: {'line': b'-- Up-to-date: /home/px4/ros2/ws/install/px4_msgs/include/px4_msgs/px4_msgs/msg/detail/sensors_status__rosidl_typesupport_fastrtps_cpp.hpp\n'}
[1.169643] (px4_msgs) StdoutLine: {'line': b'-- Up-to-date: /home/px4/ros2/ws/install/px4_msgs/include/px4_msgs/px4_msgs/msg/detail/navigator_status__rosidl_typesupport_fastrtps_cpp.hpp\n'}
[1.169694] (px4_msgs) StdoutLine: {'line': b'-- Up-to-date: /home/px4/ros2/ws/install/px4_msgs/include/px4_msgs/px4_msgs/msg/detail/pwm_input__rosidl_typesupport_fastrtps_cpp.hpp\n'}
[1.169754] (px4_msgs) StdoutLine: {'line': b'-- Up-to-date: /home/px4/ros2/ws/install/px4_msgs/include/px4_msgs/px4_msgs/msg/detail/log_message__rosidl_typesupport_fastrtps_cpp.hpp\n'}
[1.169834] (px4_msgs) StdoutLine: {'line': b'-- Up-to-date: /home/px4/ros2/ws/install/px4_msgs/include/px4_msgs/px4_msgs/msg/detail/debug_array__rosidl_typesupport_fastrtps_cpp.hpp\n'}
[1.169889] (px4_msgs) StdoutLine: {'line': b'-- Up-to-date: /home/px4/ros2/ws/install/px4_msgs/include/px4_msgs/px4_msgs/msg/detail/parameter_set_used_request__rosidl_typesupport_fastrtps_cpp.hpp\n'}
[1.169940] (px4_msgs) StdoutLine: {'line': b'-- Up-to-date: /home/px4/ros2/ws/install/px4_msgs/include/px4_msgs/px4_msgs/msg/detail/heater_status__rosidl_typesupport_fastrtps_cpp.hpp\n'}
[1.169990] (px4_msgs) StdoutLine: {'line': b'-- Up-to-date: /home/px4/ros2/ws/install/px4_msgs/include/px4_msgs/px4_msgs/msg/detail/follow_target__rosidl_typesupport_fastrtps_cpp.hpp\n'}
[1.170048] (px4_msgs) StdoutLine: {'line': b'-- Up-to-date: /home/px4/ros2/ws/install/px4_msgs/include/px4_msgs/px4_msgs/msg/detail/gpio_out__rosidl_typesupport_fastrtps_cpp.hpp\n'}
[1.170100] (px4_msgs) StdoutLine: {'line': b'-- Up-to-date: /home/px4/ros2/ws/install/px4_msgs/include/px4_msgs/px4_msgs/msg/detail/button_event__rosidl_typesupport_fastrtps_cpp.hpp\n'}
[1.170168] (px4_msgs) StdoutLine: {'line': b'-- Up-to-date: /home/px4/ros2/ws/install/px4_msgs/include/px4_msgs/px4_msgs/msg/detail/follow_target_status__rosidl_typesupport_fastrtps_cpp.hpp\n'}
[1.170219] (px4_msgs) StdoutLine: {'line': b'-- Up-to-date: /home/px4/ros2/ws/install/px4_msgs/include/px4_msgs/px4_msgs/msg/detail/rover_throttle_setpoint__rosidl_typesupport_fastrtps_cpp.hpp\n'}
[1.170270] (px4_msgs) StdoutLine: {'line': b'-- Up-to-date: /home/px4/ros2/ws/install/px4_msgs/include/px4_msgs/px4_msgs/msg/detail/arming_check_reply__rosidl_typesupport_fastrtps_cpp.hpp\n'}
[1.170320] (px4_msgs) StdoutLine: {'line': b'-- Up-to-date: /home/px4/ros2/ws/install/px4_msgs/include/px4_msgs/px4_msgs/msg/detail/sensor_baro__rosidl_typesupport_fastrtps_cpp.hpp\n'}
[1.170371] (px4_msgs) StdoutLine: {'line': b'-- Up-to-date: /home/px4/ros2/ws/install/px4_msgs/include/px4_msgs/px4_msgs/msg/detail/normalized_unsigned_setpoint__rosidl_typesupport_fastrtps_cpp.hpp\n'}
[1.170440] (px4_msgs) StdoutLine: {'line': b'-- Up-to-date: /home/px4/ros2/ws/install/px4_msgs/include/px4_msgs/px4_msgs/msg/detail/sensor_accel__rosidl_typesupport_fastrtps_cpp.hpp\n'}
[1.170508] (px4_msgs) StdoutLine: {'line': b'-- Up-to-date: /home/px4/ros2/ws/install/px4_msgs/include/px4_msgs/px4_msgs/msg/detail/manual_control_switches__rosidl_typesupport_fastrtps_cpp.hpp\n'}
[1.170579] (px4_msgs) StdoutLine: {'line': b'-- Up-to-date: /home/px4/ros2/ws/install/px4_msgs/include/px4_msgs/px4_msgs/msg/detail/actuator_test__rosidl_typesupport_fastrtps_cpp.hpp\n'}
[1.170631] (px4_msgs) StdoutLine: {'line': b'-- Up-to-date: /home/px4/ros2/ws/install/px4_msgs/include/px4_msgs/px4_msgs/msg/detail/rate_ctrl_status__rosidl_typesupport_fastrtps_cpp.hpp\n'}
[1.170679] (px4_msgs) StdoutLine: {'line': b'-- Up-to-date: /home/px4/ros2/ws/install/px4_msgs/include/px4_msgs/px4_msgs/msg/detail/gpio_in__rosidl_typesupport_fastrtps_cpp.hpp\n'}
[1.170729] (px4_msgs) StdoutLine: {'line': b'-- Up-to-date: /home/px4/ros2/ws/install/px4_msgs/include/px4_msgs/px4_msgs/msg/detail/estimator_sensor_bias__rosidl_typesupport_fastrtps_cpp.hpp\n'}
[1.170790] (px4_msgs) StdoutLine: {'line': b'-- Up-to-date: /home/px4/ros2/ws/install/px4_msgs/include/px4_msgs/px4_msgs/msg/detail/gimbal_manager_status__rosidl_typesupport_fastrtps_cpp.hpp\n'}
[1.170922] (px4_msgs) StdoutLine: {'line': b'-- Up-to-date: /home/px4/ros2/ws/install/px4_msgs/include/px4_msgs/px4_msgs/msg/detail/home_position__rosidl_typesupport_fastrtps_cpp.hpp\n'}
[1.171016] (px4_msgs) StdoutLine: {'line': b'-- Up-to-date: /home/px4/ros2/ws/install/px4_msgs/include/px4_msgs/px4_msgs/msg/detail/power_button_state__rosidl_typesupport_fastrtps_cpp.hpp\n'}
[1.171083] (px4_msgs) StdoutLine: {'line': b'-- Up-to-date: /home/px4/ros2/ws/install/px4_msgs/include/px4_msgs/px4_msgs/msg/detail/gripper__rosidl_typesupport_fastrtps_cpp.hpp\n'}
[1.171143] (px4_msgs) StdoutLine: {'line': b'-- Up-to-date: /home/px4/ros2/ws/install/px4_msgs/include/px4_msgs/px4_msgs/msg/detail/gimbal_device_set_attitude__rosidl_typesupport_fastrtps_cpp.hpp\n'}
[1.171212] (px4_msgs) StdoutLine: {'line': b'-- Up-to-date: /home/px4/ros2/ws/install/px4_msgs/include/px4_msgs/px4_msgs/msg/detail/gpio_config__rosidl_typesupport_fastrtps_cpp.hpp\n'}
[1.171271] (px4_msgs) StdoutLine: {'line': b'-- Up-to-date: /home/px4/ros2/ws/install/px4_msgs/include/px4_msgs/px4_msgs/msg/detail/mavlink_tunnel__rosidl_typesupport_fastrtps_cpp.hpp\n'}
[1.171329] (px4_msgs) StdoutLine: {'line': b'-- Up-to-date: /home/px4/ros2/ws/install/px4_msgs/include/px4_msgs/px4_msgs/msg/detail/qshell_retval__rosidl_typesupport_fastrtps_cpp.hpp\n'}
[1.171393] (px4_msgs) StdoutLine: {'line': b'-- Up-to-date: /home/px4/ros2/ws/install/px4_msgs/include/px4_msgs/px4_msgs/msg/detail/position_setpoint__rosidl_typesupport_fastrtps_cpp.hpp\n'}
[1.171451] (px4_msgs) StdoutLine: {'line': b'-- Up-to-date: /home/px4/ros2/ws/install/px4_msgs/include/px4_msgs/px4_msgs/msg/detail/gps_dump__rosidl_typesupport_fastrtps_cpp.hpp\n'}
[1.171509] (px4_msgs) StdoutLine: {'line': b'-- Up-to-date: /home/px4/ros2/ws/install/px4_msgs/include/px4_msgs/px4_msgs/msg/detail/sensor_uwb__rosidl_typesupport_fastrtps_cpp.hpp\n'}
[1.171600] (px4_msgs) StdoutLine: {'line': b'-- Up-to-date: /home/px4/ros2/ws/install/px4_msgs/include/px4_msgs/px4_msgs/msg/detail/vehicle_land_detected__rosidl_typesupport_fastrtps_cpp.hpp\n'}
[1.171658] (px4_msgs) StdoutLine: {'line': b'-- Up-to-date: /home/px4/ros2/ws/install/px4_msgs/include/px4_msgs/px4_msgs/msg/detail/rover_steering_setpoint__rosidl_typesupport_fastrtps_cpp.hpp\n'}
[1.171714] (px4_msgs) StdoutLine: {'line': b'-- Up-to-date: /home/px4/ros2/ws/install/px4_msgs/include/px4_msgs/px4_msgs/msg/detail/rover_attitude_status__rosidl_typesupport_fastrtps_cpp.hpp\n'}
[1.171769] (px4_msgs) StdoutLine: {'line': b'-- Up-to-date: /home/px4/ros2/ws/install/px4_msgs/include/px4_msgs/px4_msgs/msg/detail/fixed_wing_longitudinal_setpoint__rosidl_typesupport_fastrtps_cpp.hpp\n'}
[1.171844] (px4_msgs) StdoutLine: {'line': b'-- Up-to-date: /home/px4/ros2/ws/install/px4_msgs/include/px4_msgs/px4_msgs/msg/detail/takeoff_status__rosidl_typesupport_fastrtps_cpp.hpp\n'}
[1.171904] (px4_msgs) StdoutLine: {'line': b'-- Up-to-date: /home/px4/ros2/ws/install/px4_msgs/include/px4_msgs/px4_msgs/msg/detail/vehicle_acceleration__rosidl_typesupport_fastrtps_cpp.hpp\n'}
[1.171970] (px4_msgs) StdoutLine: {'line': b'-- Up-to-date: /home/px4/ros2/ws/install/px4_msgs/include/px4_msgs/px4_msgs/msg/detail/tiltrotor_extra_controls__rosidl_typesupport_fastrtps_cpp.hpp\n'}
[1.172041] (px4_msgs) StdoutLine: {'line': b'-- Up-to-date: /home/px4/ros2/ws/install/px4_msgs/include/px4_msgs/px4_msgs/msg/detail/register_ext_component_reply__rosidl_typesupport_fastrtps_cpp.hpp\n'}
[1.172116] (px4_msgs) StdoutLine: {'line': b'-- Up-to-date: /home/px4/ros2/ws/install/px4_msgs/include/px4_msgs/px4_msgs/msg/detail/cpuload__rosidl_typesupport_fastrtps_cpp.hpp\n'}
[1.172187] (px4_msgs) StdoutLine: {'line': b'-- Up-to-date: /home/px4/ros2/ws/install/px4_msgs/include/px4_msgs/px4_msgs/msg/detail/fixed_wing_runway_control__rosidl_typesupport_fastrtps_cpp.hpp\n'}
[1.172254] (px4_msgs) StdoutLine: {'line': b'-- Up-to-date: /home/px4/ros2/ws/install/px4_msgs/include/px4_msgs/px4_msgs/msg/detail/health_report__rosidl_typesupport_fastrtps_cpp.hpp\n'}
[1.172302] (px4_msgs) StdoutLine: {'line': b'-- Up-to-date: /home/px4/ros2/ws/install/px4_msgs/include/px4_msgs/px4_msgs/msg/detail/sensor_airflow__rosidl_typesupport_fastrtps_cpp.hpp\n'}
[1.172346] (px4_msgs) StdoutLine: {'line': b'-- Up-to-date: /home/px4/ros2/ws/install/px4_msgs/include/px4_msgs/px4_msgs/msg/detail/obstacle_distance__rosidl_typesupport_fastrtps_cpp.hpp\n'}
[1.172388] (px4_msgs) StdoutLine: {'line': b'-- Up-to-date: /home/px4/ros2/ws/install/px4_msgs/include/px4_msgs/px4_msgs/msg/detail/vehicle_attitude_setpoint__rosidl_typesupport_fastrtps_cpp.hpp\n'}
[1.172449] (px4_msgs) StdoutLine: {'line': b'-- Up-to-date: /home/px4/ros2/ws/install/px4_msgs/include/px4_msgs/px4_msgs/msg/detail/estimator_bias__rosidl_typesupport_fastrtps_cpp.hpp\n'}
[1.172495] (px4_msgs) StdoutLine: {'line': b'-- Up-to-date: /home/px4/ros2/ws/install/px4_msgs/include/px4_msgs/px4_msgs/msg/detail/gimbal_manager_information__rosidl_typesupport_fastrtps_cpp.hpp\n'}
[1.172540] (px4_msgs) StdoutLine: {'line': b'-- Up-to-date: /home/px4/ros2/ws/install/px4_msgs/include/px4_msgs/px4_msgs/msg/detail/fixed_wing_lateral_status__rosidl_typesupport_fastrtps_cpp.hpp\n'}
[1.172588] (px4_msgs) StdoutLine: {'line': b'-- Up-to-date: /home/px4/ros2/ws/install/px4_msgs/include/px4_msgs/px4_msgs/msg/detail/vtol_vehicle_status__rosidl_typesupport_fastrtps_cpp.hpp\n'}
[1.172661] (px4_msgs) StdoutLine: {'line': b'-- Up-to-date: /home/px4/ros2/ws/install/px4_msgs/include/px4_msgs/px4_msgs/msg/detail/gimbal_device_attitude_status__rosidl_typesupport_fastrtps_cpp.hpp\n'}
[1.172708] (px4_msgs) StdoutLine: {'line': b'-- Up-to-date: /home/px4/ros2/ws/install/px4_msgs/include/px4_msgs/px4_msgs/msg/detail/orb_test__rosidl_typesupport_fastrtps_cpp.hpp\n'}
[1.172754] (px4_msgs) StdoutLine: {'line': b'-- Up-to-date: /home/px4/ros2/ws/install/px4_msgs/include/px4_msgs/px4_msgs/msg/detail/airspeed__rosidl_typesupport_fastrtps_cpp.hpp\n'}
[1.172824] (px4_msgs) StdoutLine: {'line': b'-- Up-to-date: /home/px4/ros2/ws/install/px4_msgs/include/px4_msgs/px4_msgs/msg/detail/rover_attitude_setpoint__rosidl_typesupport_fastrtps_cpp.hpp\n'}
[1.172880] (px4_msgs) StdoutLine: {'line': b'-- Up-to-date: /home/px4/ros2/ws/install/px4_msgs/include/px4_msgs/px4_msgs/msg/detail/estimator_status_flags__rosidl_typesupport_fastrtps_cpp.hpp\n'}
[1.172928] (px4_msgs) StdoutLine: {'line': b'-- Up-to-date: /home/px4/ros2/ws/install/px4_msgs/include/px4_msgs/px4_msgs/msg/detail/estimator_states__rosidl_typesupport_fastrtps_cpp.hpp\n'}
[1.172973] (px4_msgs) StdoutLine: {'line': b'-- Up-to-date: /home/px4/ros2/ws/install/px4_msgs/include/px4_msgs/px4_msgs/msg/detail/esc_status__rosidl_typesupport_fastrtps_cpp.hpp\n'}
[1.173017] (px4_msgs) StdoutLine: {'line': b'-- Up-to-date: /home/px4/ros2/ws/install/px4_msgs/include/px4_msgs/px4_msgs/msg/detail/ulog_stream_ack__rosidl_typesupport_fastrtps_cpp.hpp\n'}
[1.173064] (px4_msgs) StdoutLine: {'line': b'-- Up-to-date: /home/px4/ros2/ws/install/px4_msgs/include/px4_msgs/px4_msgs/msg/detail/rtl_status__rosidl_typesupport_fastrtps_cpp.hpp\n'}
[1.173124] (px4_msgs) StdoutLine: {'line': b'-- Up-to-date: /home/px4/ros2/ws/install/px4_msgs/include/px4_msgs/px4_msgs/msg/detail/manual_control_setpoint__rosidl_typesupport_fastrtps_cpp.hpp\n'}
[1.173184] (px4_msgs) StdoutLine: {'line': b'-- Up-to-date: /home/px4/ros2/ws/install/px4_msgs/include/px4_msgs/px4_msgs/msg/detail/goto_setpoint__rosidl_typesupport_fastrtps_cpp.hpp\n'}
[1.173230] (px4_msgs) StdoutLine: {'line': b'-- Up-to-date: /home/px4/ros2/ws/install/px4_msgs/include/px4_msgs/px4_msgs/msg/detail/sensor_correction__rosidl_typesupport_fastrtps_cpp.hpp\n'}
[1.173275] (px4_msgs) StdoutLine: {'line': b'-- Up-to-date: /home/px4/ros2/ws/install/px4_msgs/include/px4_msgs/px4_msgs/msg/detail/flight_phase_estimation__rosidl_typesupport_fastrtps_cpp.hpp\n'}
[1.173324] (px4_msgs) StdoutLine: {'line': b'-- Up-to-date: /home/px4/ros2/ws/install/px4_msgs/include/px4_msgs/px4_msgs/msg/detail/tecs_status__rosidl_typesupport_fastrtps_cpp.hpp\n'}
[1.173369] (px4_msgs) StdoutLine: {'line': b'-- Up-to-date: /home/px4/ros2/ws/install/px4_msgs/include/px4_msgs/px4_msgs/msg/detail/actuator_servos_trim__rosidl_typesupport_fastrtps_cpp.hpp\n'}
[1.173414] (px4_msgs) StdoutLine: {'line': b'-- Up-to-date: /home/px4/ros2/ws/install/px4_msgs/include/px4_msgs/px4_msgs/msg/detail/parameter_set_value_request__rosidl_typesupport_fastrtps_cpp.hpp\n'}
[1.173459] (px4_msgs) StdoutLine: {'line': b'-- Up-to-date: /home/px4/ros2/ws/install/px4_msgs/include/px4_msgs/px4_msgs/msg/detail/vehicle_command__rosidl_typesupport_fastrtps_cpp.hpp\n'}
[1.173503] (px4_msgs) StdoutLine: {'line': b'-- Up-to-date: /home/px4/ros2/ws/install/px4_msgs/include/px4_msgs/px4_msgs/msg/detail/estimator_aid_source1d__rosidl_typesupport_fastrtps_cpp.hpp\n'}
[1.173562] (px4_msgs) StdoutLine: {'line': b'-- Up-to-date: /home/px4/ros2/ws/install/px4_msgs/include/px4_msgs/px4_msgs/msg/detail/rover_velocity_setpoint__rosidl_typesupport_fastrtps_cpp.hpp\n'}
[1.173610] (px4_msgs) StdoutLine: {'line': b'-- Up-to-date: /home/px4/ros2/ws/install/px4_msgs/include/px4_msgs/px4_msgs/msg/detail/airspeed_wind__rosidl_typesupport_fastrtps_cpp.hpp\n'}
[1.173662] (px4_msgs) StdoutLine: {'line': b'-- Up-to-date: /home/px4/ros2/ws/install/px4_msgs/include/px4_msgs/px4_msgs/msg/detail/rc_channels__rosidl_typesupport_fastrtps_cpp.hpp\n'}
[1.173707] (px4_msgs) StdoutLine: {'line': b'-- Up-to-date: /home/px4/ros2/ws/install/px4_msgs/include/px4_msgs/px4_msgs/msg/detail/sensors_status_imu__rosidl_typesupport_fastrtps_cpp.hpp\n'}
[1.173758] (px4_msgs) StdoutLine: {'line': b'-- Up-to-date: /home/px4/ros2/ws/install/px4_msgs/include/px4_msgs/px4_msgs/msg/detail/gps_inject_data__rosidl_typesupport_fastrtps_cpp.hpp\n'}
[1.173824] (px4_msgs) StdoutLine: {'line': b'-- Up-to-date: /home/px4/ros2/ws/install/px4_msgs/include/px4_msgs/px4_msgs/msg/detail/iridiumsbd_status__rosidl_typesupport_fastrtps_cpp.hpp\n'}
[1.173873] (px4_msgs) StdoutLine: {'line': b'-- Up-to-date: /home/px4/ros2/ws/install/px4_msgs/include/px4_msgs/px4_msgs/msg/detail/vehicle_thrust_setpoint__rosidl_typesupport_fastrtps_cpp.hpp\n'}
[1.173923] (px4_msgs) StdoutLine: {'line': b'-- Up-to-date: /home/px4/ros2/ws/install/px4_msgs/include/px4_msgs/px4_msgs/msg/detail/sensor_optical_flow__rosidl_typesupport_fastrtps_cpp.hpp\n'}
[1.173974] (px4_msgs) StdoutLine: {'line': b'-- Up-to-date: /home/px4/ros2/ws/install/px4_msgs/include/px4_msgs/px4_msgs/msg/detail/failsafe_flags__rosidl_typesupport_fastrtps_cpp.hpp\n'}
[1.174036] (px4_msgs) StdoutLine: {'line': b'-- Up-to-date: /home/px4/ros2/ws/install/px4_msgs/include/px4_msgs/px4_msgs/msg/detail/vehicle_rates_setpoint__rosidl_typesupport_fastrtps_cpp.hpp\n'}
[1.174083] (px4_msgs) StdoutLine: {'line': b'-- Up-to-date: /home/px4/ros2/ws/install/px4_msgs/include/px4_msgs/px4_msgs/msg/detail/irlock_report__rosidl_typesupport_fastrtps_cpp.hpp\n'}
[1.174130] (px4_msgs) StdoutLine: {'line': b'-- Up-to-date: /home/px4/ros2/ws/install/px4_msgs/include/px4_msgs/px4_msgs/msg/detail/sensor_accel_fifo__rosidl_typesupport_fastrtps_cpp.hpp\n'}
[1.174181] (px4_msgs) StdoutLine: {'line': b'-- Up-to-date: /home/px4/ros2/ws/install/px4_msgs/include/px4_msgs/px4_msgs/msg/detail/geofence_status__rosidl_typesupport_fastrtps_cpp.hpp\n'}
[1.174227] (px4_msgs) StdoutLine: {'line': b'-- Up-to-date: /home/px4/ros2/ws/install/px4_msgs/include/px4_msgs/px4_msgs/msg/detail/input_rc__rosidl_typesupport_fastrtps_cpp.hpp\n'}
[1.174271] (px4_msgs) StdoutLine: {'line': b'-- Up-to-date: /home/px4/ros2/ws/install/px4_msgs/include/px4_msgs/px4_msgs/msg/detail/actuator_armed__rosidl_typesupport_fastrtps_cpp.hpp\n'}
[1.174314] (px4_msgs) StdoutLine: {'line': b'-- Up-to-date: /home/px4/ros2/ws/install/px4_msgs/include/px4_msgs/px4_msgs/msg/detail/vehicle_global_position__rosidl_typesupport_fastrtps_cpp.hpp\n'}
[1.174365] (px4_msgs) StdoutLine: {'line': b'-- Up-to-date: /home/px4/ros2/ws/install/px4_msgs/include/px4_msgs/px4_msgs/msg/detail/trajectory_setpoint__rosidl_typesupport_fastrtps_cpp.hpp\n'}
[1.174409] (px4_msgs) StdoutLine: {'line': b'-- Up-to-date: /home/px4/ros2/ws/install/px4_msgs/include/px4_msgs/px4_msgs/msg/detail/offboard_control_mode__rosidl_typesupport_fastrtps_cpp.hpp\n'}
[1.174457] (px4_msgs) StdoutLine: {'line': b'-- Up-to-date: /home/px4/ros2/ws/install/px4_msgs/include/px4_msgs/px4_msgs/msg/detail/debug_value__rosidl_typesupport_fastrtps_cpp.hpp\n'}
[1.174503] (px4_msgs) StdoutLine: {'line': b'-- Up-to-date: /home/px4/ros2/ws/install/px4_msgs/include/px4_msgs/px4_msgs/msg/detail/mission_result__rosidl_typesupport_fastrtps_cpp.hpp\n'}
[1.174548] (px4_msgs) StdoutLine: {'line': b'-- Up-to-date: /home/px4/ros2/ws/install/px4_msgs/include/px4_msgs/px4_msgs/msg/detail/event__rosidl_typesupport_fastrtps_cpp.hpp\n'}
[1.174600] (px4_msgs) StdoutLine: {'line': b'-- Up-to-date: /home/px4/ros2/ws/install/px4_msgs/include/px4_msgs/px4_msgs/msg/detail/vehicle_magnetometer__rosidl_typesupport_fastrtps_cpp.hpp\n'}
[1.174645] (px4_msgs) StdoutLine: {'line': b'-- Up-to-date: /home/px4/ros2/ws/install/px4_msgs/include/px4_msgs/px4_msgs/msg/detail/mavlink_log__rosidl_typesupport_fastrtps_cpp.hpp\n'}
[1.174688] (px4_msgs) StdoutLine: {'line': b'-- Up-to-date: /home/px4/ros2/ws/install/px4_msgs/include/px4_msgs/px4_msgs/msg/detail/estimator_aid_source2d__rosidl_typesupport_fastrtps_cpp.hpp\n'}
[1.174730] (px4_msgs) StdoutLine: {'line': b'-- Up-to-date: /home/px4/ros2/ws/install/px4_msgs/include/px4_msgs/px4_msgs/msg/detail/rpm__rosidl_typesupport_fastrtps_cpp.hpp\n'}
[1.174815] (px4_msgs) StdoutLine: {'line': b'-- Up-to-date: /home/px4/ros2/ws/install/px4_msgs/include/px4_msgs/px4_msgs/msg/detail/vehicle_angular_acceleration_setpoint__rosidl_typesupport_fastrtps_cpp.hpp\n'}
[1.174866] (px4_msgs) StdoutLine: {'line': b'-- Up-to-date: /home/px4/ros2/ws/install/px4_msgs/include/px4_msgs/px4_msgs/msg/detail/mode_completed__rosidl_typesupport_fastrtps_cpp.hpp\n'}
[1.174912] (px4_msgs) StdoutLine: {'line': b'-- Up-to-date: /home/px4/ros2/ws/install/px4_msgs/include/px4_msgs/px4_msgs/msg/detail/open_drone_id_arm_status__rosidl_typesupport_fastrtps_cpp.hpp\n'}
[1.174958] (px4_msgs) StdoutLine: {'line': b'-- Up-to-date: /home/px4/ros2/ws/install/px4_msgs/include/px4_msgs/px4_msgs/msg/detail/landing_target_innovations__rosidl_typesupport_fastrtps_cpp.hpp\n'}
[1.175001] (px4_msgs) StdoutLine: {'line': b'-- Up-to-date: /home/px4/ros2/ws/install/px4_msgs/include/px4_msgs/px4_msgs/msg/detail/navigator_mission_item__rosidl_typesupport_fastrtps_cpp.hpp\n'}
[1.175048] (px4_msgs) StdoutLine: {'line': b'-- Up-to-date: /home/px4/ros2/ws/install/px4_msgs/include/px4_msgs/px4_msgs/msg/detail/cellular_status__rosidl_typesupport_fastrtps_cpp.hpp\n'}
[1.175110] (px4_msgs) StdoutLine: {'line': b'-- Up-to-date: /home/px4/ros2/ws/install/px4_msgs/include/px4_msgs/px4_msgs/msg/detail/magnetometer_bias_estimate__rosidl_typesupport_fastrtps_cpp.hpp\n'}
[1.175156] (px4_msgs) StdoutLine: {'line': b'-- Up-to-date: /home/px4/ros2/ws/install/px4_msgs/include/px4_msgs/px4_msgs/msg/detail/fixed_wing_lateral_guidance_status__rosidl_typesupport_fastrtps_cpp.hpp\n'}
[1.175202] (px4_msgs) StdoutLine: {'line': b'-- Up-to-date: /home/px4/ros2/ws/install/px4_msgs/include/px4_msgs/px4_msgs/msg/detail/estimator_selector_status__rosidl_typesupport_fastrtps_cpp.hpp\n'}
[1.175250] (px4_msgs) StdoutLine: {'line': b'-- Up-to-date: /home/px4/ros2/ws/install/px4_msgs/include/px4_msgs/px4_msgs/msg/detail/position_setpoint_triplet__rosidl_typesupport_fastrtps_cpp.hpp\n'}
[1.175295] (px4_msgs) StdoutLine: {'line': b'-- Up-to-date: /home/px4/ros2/ws/install/px4_msgs/include/px4_msgs/px4_msgs/msg/detail/generator_status__rosidl_typesupport_fastrtps_cpp.hpp\n'}
[1.175339] (px4_msgs) StdoutLine: {'line': b'-- Up-to-date: /home/px4/ros2/ws/install/px4_msgs/include/px4_msgs/px4_msgs/msg/detail/actuator_motors__rosidl_typesupport_fastrtps_cpp.hpp\n'}
[1.175402] (px4_msgs) StdoutLine: {'line': b'-- Up-to-date: /home/px4/ros2/ws/install/px4_msgs/include/px4_msgs/px4_msgs/msg/detail/estimator_event_flags__rosidl_typesupport_fastrtps_cpp.hpp\n'}
[1.175449] (px4_msgs) StdoutLine: {'line': b'-- Up-to-date: /home/px4/ros2/ws/install/px4_msgs/include/px4_msgs/px4_msgs/msg/detail/uavcan_parameter_value__rosidl_typesupport_fastrtps_cpp.hpp\n'}
[1.175501] (px4_msgs) StdoutLine: {'line': b'-- Up-to-date: /home/px4/ros2/ws/install/px4_msgs/include/px4_msgs/px4_msgs/msg/detail/open_drone_id_self_id__rosidl_typesupport_fastrtps_cpp.hpp\n'}
[1.175549] (px4_msgs) StdoutLine: {'line': b'-- Up-to-date: /home/px4/ros2/ws/install/px4_msgs/include/px4_msgs/px4_msgs/msg/detail/dronecan_node_status__rosidl_typesupport_fastrtps_cpp.hpp\n'}
[1.175595] (px4_msgs) StdoutLine: {'line': b'-- Up-to-date: /home/px4/ros2/ws/install/px4_msgs/include/px4_msgs/px4_msgs/msg/detail/actuator_outputs__rosidl_typesupport_fastrtps_cpp.hpp\n'}
[1.175641] (px4_msgs) StdoutLine: {'line': b'-- Up-to-date: /home/px4/ros2/ws/install/px4_msgs/include/px4_msgs/px4_msgs/msg/detail/estimator_bias3d__rosidl_typesupport_fastrtps_cpp.hpp\n'}
[1.175686] (px4_msgs) StdoutLine: {'line': b'-- Up-to-date: /home/px4/ros2/ws/install/px4_msgs/include/px4_msgs/px4_msgs/msg/detail/lateral_control_configuration__rosidl_typesupport_fastrtps_cpp.hpp\n'}
[1.175732] (px4_msgs) StdoutLine: {'line': b'-- Up-to-date: /home/px4/ros2/ws/install/px4_msgs/include/px4_msgs/px4_msgs/msg/detail/geofence_result__rosidl_typesupport_fastrtps_cpp.hpp\n'}
[1.175785] (px4_msgs) StdoutLine: {'line': b'-- Up-to-date: /home/px4/ros2/ws/install/px4_msgs/include/px4_msgs/px4_msgs/msg/detail/figure_eight_status__rosidl_typesupport_fastrtps_cpp.hpp\n'}
[1.175852] (px4_msgs) StdoutLine: {'line': b'-- Up-to-date: /home/px4/ros2/ws/install/px4_msgs/include/px4_msgs/px4_msgs/msg/detail/gimbal_device_information__rosidl_typesupport_fastrtps_cpp.hpp\n'}
[1.175915] (px4_msgs) StdoutLine: {'line': b'-- Up-to-date: /home/px4/ros2/ws/install/px4_msgs/include/px4_msgs/px4_msgs/msg/detail/actuator_servos__rosidl_typesupport_fastrtps_cpp.hpp\n'}
[1.175962] (px4_msgs) StdoutLine: {'line': b'-- Up-to-date: /home/px4/ros2/ws/install/px4_msgs/include/px4_msgs/px4_msgs/msg/detail/debug_key_value__rosidl_typesupport_fastrtps_cpp.hpp\n'}
[1.176018] (px4_msgs) StdoutLine: {'line': b'-- Up-to-date: /home/px4/ros2/ws/install/px4_msgs/include/px4_msgs/px4_msgs/msg/detail/estimator_status__rosidl_typesupport_fastrtps_cpp.hpp\n'}
[1.176067] (px4_msgs) StdoutLine: {'line': b'-- Up-to-date: /home/px4/ros2/ws/install/px4_msgs/include/px4_msgs/px4_msgs/msg/detail/sensor_gnss_relative__rosidl_typesupport_fastrtps_cpp.hpp\n'}
[1.176111] (px4_msgs) StdoutLine: {'line': b'-- Up-to-date: /home/px4/ros2/ws/install/px4_msgs/include/px4_msgs/px4_msgs/msg/detail/sensor_gps__rosidl_typesupport_fastrtps_cpp.hpp\n'}
[1.176176] (px4_msgs) StdoutLine: {'line': b'-- Up-to-date: /home/px4/ros2/ws/install/px4_msgs/include/px4_msgs/px4_msgs/msg/detail/orbit_status__rosidl_typesupport_fastrtps_cpp.hpp\n'}
[1.176223] (px4_msgs) StdoutLine: {'line': b'-- Up-to-date: /home/px4/ros2/ws/install/px4_msgs/include/px4_msgs/px4_msgs/msg/detail/ekf2_timestamps__rosidl_typesupport_fastrtps_cpp.hpp\n'}
[1.176268] (px4_msgs) StdoutLine: {'line': b'-- Up-to-date: /home/px4/ros2/ws/install/px4_msgs/include/px4_msgs/px4_msgs/msg/detail/sensor_preflight_mag__rosidl_typesupport_fastrtps_cpp.hpp\n'}
[1.176312] (px4_msgs) StdoutLine: {'line': b'-- Up-to-date: /home/px4/ros2/ws/install/px4_msgs/include/px4_msgs/px4_msgs/msg/detail/rover_velocity_status__rosidl_typesupport_fastrtps_cpp.hpp\n'}
[1.176355] (px4_msgs) StdoutLine: {'line': b'-- Up-to-date: /home/px4/ros2/ws/install/px4_msgs/include/px4_msgs/px4_msgs/msg/detail/airspeed_validated__rosidl_typesupport_fastrtps_cpp.hpp\n'}
[1.176402] (px4_msgs) StdoutLine: {'line': b'-- Up-to-date: /home/px4/ros2/ws/install/px4_msgs/include/px4_msgs/px4_msgs/msg/detail/rc_parameter_map__rosidl_typesupport_fastrtps_cpp.hpp\n'}
[1.176465] (px4_msgs) StdoutLine: {'line': b'-- Up-to-date: /home/px4/ros2/ws/install/px4_msgs/include/px4_msgs/px4_msgs/msg/detail/estimator_gps_status__rosidl_typesupport_fastrtps_cpp.hpp\n'}
[1.176513] (px4_msgs) StdoutLine: {'line': b'-- Up-to-date: /home/px4/ros2/ws/install/px4_msgs/include/px4_msgs/px4_msgs/msg/detail/gpio_request__rosidl_typesupport_fastrtps_cpp.hpp\n'}
[1.176558] (px4_msgs) StdoutLine: {'line': b'-- Up-to-date: /home/px4/ros2/ws/install/px4_msgs/include/px4_msgs/px4_msgs/msg/detail/open_drone_id_operator_id__rosidl_typesupport_fastrtps_cpp.hpp\n'}
[1.176603] (px4_msgs) StdoutLine: {'line': b'-- Up-to-date: /home/px4/ros2/ws/install/px4_msgs/include/px4_msgs/px4_msgs/msg/detail/vehicle_constraints__rosidl_typesupport_fastrtps_cpp.hpp\n'}
[1.176648] (px4_msgs) StdoutLine: {'line': b'-- Up-to-date: /home/px4/ros2/ws/install/px4_msgs/include/px4_msgs/px4_msgs/msg/rosidl_typesupport_fastrtps_cpp__visibility_control.h\n'}
[1.176693] (px4_msgs) StdoutLine: {'line': b'-- Up-to-date: /home/px4/ros2/ws/install/px4_msgs/include/px4_msgs/px4_msgs/srv\n'}
[1.176738] (px4_msgs) StdoutLine: {'line': b'-- Up-to-date: /home/px4/ros2/ws/install/px4_msgs/include/px4_msgs/px4_msgs/srv/detail\n'}
[1.176793] (px4_msgs) StdoutLine: {'line': b'-- Up-to-date: /home/px4/ros2/ws/install/px4_msgs/include/px4_msgs/px4_msgs/srv/detail/dds_fastrtps\n'}
[1.176851] (px4_msgs) StdoutLine: {'line': b'-- Up-to-date: /home/px4/ros2/ws/install/px4_msgs/include/px4_msgs/px4_msgs/srv/detail/vehicle_command__rosidl_typesupport_fastrtps_cpp.hpp\n'}
[1.176921] (px4_msgs) StdoutLine: {'line': b'-- Up-to-date: /home/px4/ros2/ws/install/px4_msgs/lib/libpx4_msgs__rosidl_typesupport_fastrtps_cpp.so\n'}
[1.176969] (px4_msgs) StdoutLine: {'line': b'-- Up-to-date: /home/px4/ros2/ws/install/px4_msgs/include/px4_msgs/px4_msgs\n'}
[1.177021] (px4_msgs) StdoutLine: {'line': b'-- Up-to-date: /home/px4/ros2/ws/install/px4_msgs/include/px4_msgs/px4_msgs/msg\n'}
[1.177092] (px4_msgs) StdoutLine: {'line': b'-- Up-to-date: /home/px4/ros2/ws/install/px4_msgs/include/px4_msgs/px4_msgs/msg/detail\n'}
[1.177139] (px4_msgs) StdoutLine: {'line': b'-- Up-to-date: /home/px4/ros2/ws/install/px4_msgs/include/px4_msgs/px4_msgs/msg/detail/follow_target_status__type_support.c\n'}
[1.177184] (px4_msgs) StdoutLine: {'line': b'-- Up-to-date: /home/px4/ros2/ws/install/px4_msgs/include/px4_msgs/px4_msgs/msg/detail/sensor_gnss_relative__rosidl_typesupport_introspection_c.h\n'}
[1.177228] (px4_msgs) StdoutLine: {'line': b'-- Up-to-date: /home/px4/ros2/ws/install/px4_msgs/include/px4_msgs/px4_msgs/msg/detail/sensor_accel_fifo__rosidl_typesupport_introspection_c.h\n'}
[1.177272] (px4_msgs) StdoutLine: {'line': b'-- Up-to-date: /home/px4/ros2/ws/install/px4_msgs/include/px4_msgs/px4_msgs/msg/detail/gimbal_device_attitude_status__rosidl_typesupport_introspection_c.h\n'}
[1.177349] (px4_msgs) StdoutLine: {'line': b'-- Up-to-date: /home/px4/ros2/ws/install/px4_msgs/include/px4_msgs/px4_msgs/msg/detail/sensor_optical_flow__type_support.c\n'}
[1.177397] (px4_msgs) StdoutLine: {'line': b'-- Up-to-date: /home/px4/ros2/ws/install/px4_msgs/include/px4_msgs/px4_msgs/msg/detail/yaw_estimator_status__rosidl_typesupport_introspection_c.h\n'}
[1.177442] (px4_msgs) StdoutLine: {'line': b'-- Up-to-date: /home/px4/ros2/ws/install/px4_msgs/include/px4_msgs/px4_msgs/msg/detail/rover_steering_setpoint__type_support.c\n'}
[1.177487] (px4_msgs) StdoutLine: {'line': b'-- Up-to-date: /home/px4/ros2/ws/install/px4_msgs/include/px4_msgs/px4_msgs/msg/detail/parameter_set_value_response__rosidl_typesupport_introspection_c.h\n'}
[1.177533] (px4_msgs) StdoutLine: {'line': b'-- Up-to-date: /home/px4/ros2/ws/install/px4_msgs/include/px4_msgs/px4_msgs/msg/detail/gpio_in__rosidl_typesupport_introspection_c.h\n'}
[1.177578] (px4_msgs) StdoutLine: {'line': b'-- Up-to-date: /home/px4/ros2/ws/install/px4_msgs/include/px4_msgs/px4_msgs/msg/detail/dataman_request__type_support.c\n'}
[1.177633] (px4_msgs) StdoutLine: {'line': b'-- Up-to-date: /home/px4/ros2/ws/install/px4_msgs/include/px4_msgs/px4_msgs/msg/detail/sensor_gps__rosidl_typesupport_introspection_c.h\n'}
[1.177681] (px4_msgs) StdoutLine: {'line': b'-- Up-to-date: /home/px4/ros2/ws/install/px4_msgs/include/px4_msgs/px4_msgs/msg/detail/vehicle_optical_flow_vel__type_support.c\n'}
[1.177727] (px4_msgs) StdoutLine: {'line': b'-- Up-to-date: /home/px4/ros2/ws/install/px4_msgs/include/px4_msgs/px4_msgs/msg/detail/rover_steering_setpoint__rosidl_typesupport_introspection_c.h\n'}
[1.177774] (px4_msgs) StdoutLine: {'line': b'-- Up-to-date: /home/px4/ros2/ws/install/px4_msgs/include/px4_msgs/px4_msgs/msg/detail/arming_check_reply__rosidl_typesupport_introspection_c.h\n'}
[1.177848] (px4_msgs) StdoutLine: {'line': b'-- Up-to-date: /home/px4/ros2/ws/install/px4_msgs/include/px4_msgs/px4_msgs/msg/detail/geofence_status__type_support.c\n'}
[1.177895] (px4_msgs) StdoutLine: {'line': b'-- Up-to-date: /home/px4/ros2/ws/install/px4_msgs/include/px4_msgs/px4_msgs/msg/detail/input_rc__type_support.c\n'}
[1.177966] (px4_msgs) StdoutLine: {'line': b'-- Up-to-date: /home/px4/ros2/ws/install/px4_msgs/include/px4_msgs/px4_msgs/msg/detail/sensor_baro__type_support.c\n'}
[1.178043] (px4_msgs) StdoutLine: {'line': b'-- Up-to-date: /home/px4/ros2/ws/install/px4_msgs/include/px4_msgs/px4_msgs/msg/detail/longitudinal_control_configuration__rosidl_typesupport_introspection_c.h\n'}
[1.178089] (px4_msgs) StdoutLine: {'line': b'-- Up-to-date: /home/px4/ros2/ws/install/px4_msgs/include/px4_msgs/px4_msgs/msg/detail/sensor_correction__rosidl_typesupport_introspection_c.h\n'}
[1.178134] (px4_msgs) StdoutLine: {'line': b'-- Up-to-date: /home/px4/ros2/ws/install/px4_msgs/include/px4_msgs/px4_msgs/msg/detail/can_interface_status__rosidl_typesupport_introspection_c.h\n'}
[1.178178] (px4_msgs) StdoutLine: {'line': b'-- Up-to-date: /home/px4/ros2/ws/install/px4_msgs/include/px4_msgs/px4_msgs/msg/detail/config_overrides__rosidl_typesupport_introspection_c.h\n'}
[1.178233] (px4_msgs) StdoutLine: {'line': b'-- Up-to-date: /home/px4/ros2/ws/install/px4_msgs/include/px4_msgs/px4_msgs/msg/detail/vehicle_angular_velocity__rosidl_typesupport_introspection_c.h\n'}
[1.178316] (px4_msgs) StdoutLine: {'line': b'-- Up-to-date: /home/px4/ros2/ws/install/px4_msgs/include/px4_msgs/px4_msgs/msg/detail/pure_pursuit_status__type_support.c\n'}
[1.178363] (px4_msgs) StdoutLine: {'line': b'-- Up-to-date: /home/px4/ros2/ws/install/px4_msgs/include/px4_msgs/px4_msgs/msg/detail/gimbal_manager_information__type_support.c\n'}
[1.178410] (px4_msgs) StdoutLine: {'line': b'-- Up-to-date: /home/px4/ros2/ws/install/px4_msgs/include/px4_msgs/px4_msgs/msg/detail/sensor_gyro_fifo__rosidl_typesupport_introspection_c.h\n'}
[1.178462] (px4_msgs) StdoutLine: {'line': b'-- Up-to-date: /home/px4/ros2/ws/install/px4_msgs/include/px4_msgs/px4_msgs/msg/detail/position_controller_landing_status__type_support.c\n'}
[1.178509] (px4_msgs) StdoutLine: {'line': b'-- Up-to-date: /home/px4/ros2/ws/install/px4_msgs/include/px4_msgs/px4_msgs/msg/detail/internal_combustion_engine_status__type_support.c\n'}
[1.178555] (px4_msgs) StdoutLine: {'line': b'-- Up-to-date: /home/px4/ros2/ws/install/px4_msgs/include/px4_msgs/px4_msgs/msg/detail/rover_attitude_status__rosidl_typesupport_introspection_c.h\n'}
[1.178600] (px4_msgs) StdoutLine: {'line': b'-- Up-to-date: /home/px4/ros2/ws/install/px4_msgs/include/px4_msgs/px4_msgs/msg/detail/uavcan_parameter_value__type_support.c\n'}
[1.178657] (px4_msgs) StdoutLine: {'line': b'-- Up-to-date: /home/px4/ros2/ws/install/px4_msgs/include/px4_msgs/px4_msgs/msg/detail/vehicle_thrust_setpoint__type_support.c\n'}
[1.178728] (px4_msgs) StdoutLine: {'line': b'-- Up-to-date: /home/px4/ros2/ws/install/px4_msgs/include/px4_msgs/px4_msgs/msg/detail/distance_sensor__type_support.c\n'}
[1.178776] (px4_msgs) StdoutLine: {'line': b'-- Up-to-date: /home/px4/ros2/ws/install/px4_msgs/include/px4_msgs/px4_msgs/msg/detail/open_drone_id_operator_id__rosidl_typesupport_introspection_c.h\n'}
[1.178840] (px4_msgs) StdoutLine: {'line': b'-- Up-to-date: /home/px4/ros2/ws/install/px4_msgs/include/px4_msgs/px4_msgs/msg/detail/system_power__type_support.c\n'}
[1.178885] (px4_msgs) StdoutLine: {'line': b'-- Up-to-date: /home/px4/ros2/ws/install/px4_msgs/include/px4_msgs/px4_msgs/msg/detail/vehicle_local_position_setpoint__rosidl_typesupport_introspection_c.h\n'}
[1.178931] (px4_msgs) StdoutLine: {'line': b'-- Up-to-date: /home/px4/ros2/ws/install/px4_msgs/include/px4_msgs/px4_msgs/msg/detail/open_drone_id_self_id__rosidl_typesupport_introspection_c.h\n'}
[1.178976] (px4_msgs) StdoutLine: {'line': b'-- Up-to-date: /home/px4/ros2/ws/install/px4_msgs/include/px4_msgs/px4_msgs/msg/detail/rover_throttle_setpoint__type_support.c\n'}
[1.179019] (px4_msgs) StdoutLine: {'line': b'-- Up-to-date: /home/px4/ros2/ws/install/px4_msgs/include/px4_msgs/px4_msgs/msg/detail/landing_target_innovations__type_support.c\n'}
[1.179063] (px4_msgs) StdoutLine: {'line': b'-- Up-to-date: /home/px4/ros2/ws/install/px4_msgs/include/px4_msgs/px4_msgs/msg/detail/vehicle_odometry__rosidl_typesupport_introspection_c.h\n'}
[1.179109] (px4_msgs) StdoutLine: {'line': b'-- Up-to-date: /home/px4/ros2/ws/install/px4_msgs/include/px4_msgs/px4_msgs/msg/detail/radio_status__rosidl_typesupport_introspection_c.h\n'}
[1.179155] (px4_msgs) StdoutLine: {'line': b'-- Up-to-date: /home/px4/ros2/ws/install/px4_msgs/include/px4_msgs/px4_msgs/msg/detail/rover_throttle_setpoint__rosidl_typesupport_introspection_c.h\n'}
[1.179210] (px4_msgs) StdoutLine: {'line': b'-- Up-to-date: /home/px4/ros2/ws/install/px4_msgs/include/px4_msgs/px4_msgs/msg/detail/mount_orientation__rosidl_typesupport_introspection_c.h\n'}
[1.179269] (px4_msgs) StdoutLine: {'line': b'-- Up-to-date: /home/px4/ros2/ws/install/px4_msgs/include/px4_msgs/px4_msgs/msg/detail/register_ext_component_request__rosidl_typesupport_introspection_c.h\n'}
[1.179338] (px4_msgs) StdoutLine: {'line': b'-- Up-to-date: /home/px4/ros2/ws/install/px4_msgs/include/px4_msgs/px4_msgs/msg/detail/flight_phase_estimation__rosidl_typesupport_introspection_c.h\n'}
[1.179395] (px4_msgs) StdoutLine: {'line': b'-- Up-to-date: /home/px4/ros2/ws/install/px4_msgs/include/px4_msgs/px4_msgs/msg/detail/gps_inject_data__type_support.c\n'}
[1.179442] (px4_msgs) StdoutLine: {'line': b'-- Up-to-date: /home/px4/ros2/ws/install/px4_msgs/include/px4_msgs/px4_msgs/msg/detail/distance_sensor_mode_change_request__rosidl_typesupport_introspection_c.h\n'}
[1.179488] (px4_msgs) StdoutLine: {'line': b'-- Up-to-date: /home/px4/ros2/ws/install/px4_msgs/include/px4_msgs/px4_msgs/msg/detail/vehicle_torque_setpoint__rosidl_typesupport_introspection_c.h\n'}
[1.179549] (px4_msgs) StdoutLine: {'line': b'-- Up-to-date: /home/px4/ros2/ws/install/px4_msgs/include/px4_msgs/px4_msgs/msg/detail/landing_target_innovations__rosidl_typesupport_introspection_c.h\n'}
[1.179597] (px4_msgs) StdoutLine: {'line': b'-- Up-to-date: /home/px4/ros2/ws/install/px4_msgs/include/px4_msgs/px4_msgs/msg/detail/esc_status__rosidl_typesupport_introspection_c.h\n'}
[1.179643] (px4_msgs) StdoutLine: {'line': b'-- Up-to-date: /home/px4/ros2/ws/install/px4_msgs/include/px4_msgs/px4_msgs/msg/detail/power_button_state__rosidl_typesupport_introspection_c.h\n'}
[1.179689] (px4_msgs) StdoutLine: {'line': b'-- Up-to-date: /home/px4/ros2/ws/install/px4_msgs/include/px4_msgs/px4_msgs/msg/detail/camera_trigger__type_support.c\n'}
[1.179734] (px4_msgs) StdoutLine: {'line': b'-- Up-to-date: /home/px4/ros2/ws/install/px4_msgs/include/px4_msgs/px4_msgs/msg/detail/generator_status__type_support.c\n'}
[1.179790] (px4_msgs) StdoutLine: {'line': b'-- Up-to-date: /home/px4/ros2/ws/install/px4_msgs/include/px4_msgs/px4_msgs/msg/detail/vehicle_control_mode__type_support.c\n'}
[1.179846] (px4_msgs) StdoutLine: {'line': b'-- Up-to-date: /home/px4/ros2/ws/install/px4_msgs/include/px4_msgs/px4_msgs/msg/detail/esc_report__type_support.c\n'}
[1.179916] (px4_msgs) StdoutLine: {'line': b'-- Up-to-date: /home/px4/ros2/ws/install/px4_msgs/include/px4_msgs/px4_msgs/msg/detail/camera_trigger__rosidl_typesupport_introspection_c.h\n'}
[1.179963] (px4_msgs) StdoutLine: {'line': b'-- Up-to-date: /home/px4/ros2/ws/install/px4_msgs/include/px4_msgs/px4_msgs/msg/detail/sensors_status_imu__type_support.c\n'}
[1.180009] (px4_msgs) StdoutLine: {'line': b'-- Up-to-date: /home/px4/ros2/ws/install/px4_msgs/include/px4_msgs/px4_msgs/msg/detail/vehicle_command_ack__rosidl_typesupport_introspection_c.h\n'}
[1.180054] (px4_msgs) StdoutLine: {'line': b'-- Up-to-date: /home/px4/ros2/ws/install/px4_msgs/include/px4_msgs/px4_msgs/msg/detail/rtl_time_estimate__type_support.c\n'}
[1.180100] (px4_msgs) StdoutLine: {'line': b'-- Up-to-date: /home/px4/ros2/ws/install/px4_msgs/include/px4_msgs/px4_msgs/msg/detail/satellite_info__type_support.c\n'}
[1.180144] (px4_msgs) StdoutLine: {'line': b'-- Up-to-date: /home/px4/ros2/ws/install/px4_msgs/include/px4_msgs/px4_msgs/msg/detail/gimbal_manager_set_attitude__type_support.c\n'}
[1.180190] (px4_msgs) StdoutLine: {'line': b'-- Up-to-date: /home/px4/ros2/ws/install/px4_msgs/include/px4_msgs/px4_msgs/msg/detail/vehicle_rates_setpoint__rosidl_typesupport_introspection_c.h\n'}
[1.180235] (px4_msgs) StdoutLine: {'line': b'-- Up-to-date: /home/px4/ros2/ws/install/px4_msgs/include/px4_msgs/px4_msgs/msg/detail/sensor_mag__type_support.c\n'}
[1.180279] (px4_msgs) StdoutLine: {'line': b'-- Up-to-date: /home/px4/ros2/ws/install/px4_msgs/include/px4_msgs/px4_msgs/msg/detail/actuator_controls_status__rosidl_typesupport_introspection_c.h\n'}
[1.180325] (px4_msgs) StdoutLine: {'line': b'-- Up-to-date: /home/px4/ros2/ws/install/px4_msgs/include/px4_msgs/px4_msgs/msg/detail/rover_attitude_setpoint__type_support.c\n'}
[1.180373] (px4_msgs) StdoutLine: {'line': b'-- Up-to-date: /home/px4/ros2/ws/install/px4_msgs/include/px4_msgs/px4_msgs/msg/detail/log_message__rosidl_typesupport_introspection_c.h\n'}
[1.180423] (px4_msgs) StdoutLine: {'line': b'-- Up-to-date: /home/px4/ros2/ws/install/px4_msgs/include/px4_msgs/px4_msgs/msg/detail/rtl_time_estimate__rosidl_typesupport_introspection_c.h\n'}
[1.180496] (px4_msgs) StdoutLine: {'line': b'-- Up-to-date: /home/px4/ros2/ws/install/px4_msgs/include/px4_msgs/px4_msgs/msg/detail/parameter_set_value_request__type_support.c\n'}
[1.180543] (px4_msgs) StdoutLine: {'line': b'-- Up-to-date: /home/px4/ros2/ws/install/px4_msgs/include/px4_msgs/px4_msgs/msg/detail/vehicle_status__rosidl_typesupport_introspection_c.h\n'}
[1.180586] (px4_msgs) StdoutLine: {'line': b'-- Up-to-date: /home/px4/ros2/ws/install/px4_msgs/include/px4_msgs/px4_msgs/msg/detail/internal_combustion_engine_control__type_support.c\n'}
[1.180648] (px4_msgs) StdoutLine: {'line': b'-- Up-to-date: /home/px4/ros2/ws/install/px4_msgs/include/px4_msgs/px4_msgs/msg/detail/normalized_unsigned_setpoint__rosidl_typesupport_introspection_c.h\n'}
[1.180694] (px4_msgs) StdoutLine: {'line': b'-- Up-to-date: /home/px4/ros2/ws/install/px4_msgs/include/px4_msgs/px4_msgs/msg/detail/pps_capture__rosidl_typesupport_introspection_c.h\n'}
[1.180752] (px4_msgs) StdoutLine: {'line': b'-- Up-to-date: /home/px4/ros2/ws/install/px4_msgs/include/px4_msgs/px4_msgs/msg/detail/ping__type_support.c\n'}
[1.180816] (px4_msgs) StdoutLine: {'line': b'-- Up-to-date: /home/px4/ros2/ws/install/px4_msgs/include/px4_msgs/px4_msgs/msg/detail/sensor_airflow__type_support.c\n'}
[1.180867] (px4_msgs) StdoutLine: {'line': b'-- Up-to-date: /home/px4/ros2/ws/install/px4_msgs/include/px4_msgs/px4_msgs/msg/detail/estimator_states__rosidl_typesupport_introspection_c.h\n'}
[1.180913] (px4_msgs) StdoutLine: {'line': b'-- Up-to-date: /home/px4/ros2/ws/install/px4_msgs/include/px4_msgs/px4_msgs/msg/detail/vehicle_land_detected__type_support.c\n'}
[1.180976] (px4_msgs) StdoutLine: {'line': b'-- Up-to-date: /home/px4/ros2/ws/install/px4_msgs/include/px4_msgs/px4_msgs/msg/detail/follow_target_estimator__rosidl_typesupport_introspection_c.h\n'}
[1.181023] (px4_msgs) StdoutLine: {'line': b'-- Up-to-date: /home/px4/ros2/ws/install/px4_msgs/include/px4_msgs/px4_msgs/msg/detail/debug_key_value__rosidl_typesupport_introspection_c.h\n'}
[1.181068] (px4_msgs) StdoutLine: {'line': b'-- Up-to-date: /home/px4/ros2/ws/install/px4_msgs/include/px4_msgs/px4_msgs/msg/detail/sensor_gps__type_support.c\n'}
[1.181113] (px4_msgs) StdoutLine: {'line': b'-- Up-to-date: /home/px4/ros2/ws/install/px4_msgs/include/px4_msgs/px4_msgs/msg/detail/figure_eight_status__type_support.c\n'}
[1.181159] (px4_msgs) StdoutLine: {'line': b'-- Up-to-date: /home/px4/ros2/ws/install/px4_msgs/include/px4_msgs/px4_msgs/msg/detail/velocity_limits__type_support.c\n'}
[1.181205] (px4_msgs) StdoutLine: {'line': b'-- Up-to-date: /home/px4/ros2/ws/install/px4_msgs/include/px4_msgs/px4_msgs/msg/detail/vehicle_command_ack__type_support.c\n'}
[1.181250] (px4_msgs) StdoutLine: {'line': b'-- Up-to-date: /home/px4/ros2/ws/install/px4_msgs/include/px4_msgs/px4_msgs/msg/detail/rtl_status__rosidl_typesupport_introspection_c.h\n'}
[1.181296] (px4_msgs) StdoutLine: {'line': b'-- Up-to-date: /home/px4/ros2/ws/install/px4_msgs/include/px4_msgs/px4_msgs/msg/detail/system_power__rosidl_typesupport_introspection_c.h\n'}
[1.181347] (px4_msgs) StdoutLine: {'line': b'-- Up-to-date: /home/px4/ros2/ws/install/px4_msgs/include/px4_msgs/px4_msgs/msg/detail/estimator_states__type_support.c\n'}
[1.181393] (px4_msgs) StdoutLine: {'line': b'-- Up-to-date: /home/px4/ros2/ws/install/px4_msgs/include/px4_msgs/px4_msgs/msg/detail/vehicle_attitude__type_support.c\n'}
[1.181451] (px4_msgs) StdoutLine: {'line': b'-- Up-to-date: /home/px4/ros2/ws/install/px4_msgs/include/px4_msgs/px4_msgs/msg/detail/airspeed_wind__type_support.c\n'}
[1.181498] (px4_msgs) StdoutLine: {'line': b'-- Up-to-date: /home/px4/ros2/ws/install/px4_msgs/include/px4_msgs/px4_msgs/msg/detail/actuator_servos__rosidl_typesupport_introspection_c.h\n'}
[1.181541] (px4_msgs) StdoutLine: {'line': b'-- Up-to-date: /home/px4/ros2/ws/install/px4_msgs/include/px4_msgs/px4_msgs/msg/detail/sensors_status__rosidl_typesupport_introspection_c.h\n'}
[1.181585] (px4_msgs) StdoutLine: {'line': b'-- Up-to-date: /home/px4/ros2/ws/install/px4_msgs/include/px4_msgs/px4_msgs/msg/detail/gimbal_device_information__type_support.c\n'}
[1.181636] (px4_msgs) StdoutLine: {'line': b'-- Up-to-date: /home/px4/ros2/ws/install/px4_msgs/include/px4_msgs/px4_msgs/msg/detail/open_drone_id_system__rosidl_typesupport_introspection_c.h\n'}
[1.181696] (px4_msgs) StdoutLine: {'line': b'-- Up-to-date: /home/px4/ros2/ws/install/px4_msgs/include/px4_msgs/px4_msgs/msg/detail/navigator_mission_item__rosidl_typesupport_introspection_c.h\n'}
[1.181741] (px4_msgs) StdoutLine: {'line': b'-- Up-to-date: /home/px4/ros2/ws/install/px4_msgs/include/px4_msgs/px4_msgs/msg/detail/debug_vect__rosidl_typesupport_introspection_c.h\n'}
[1.181797] (px4_msgs) StdoutLine: {'line': b'-- Up-to-date: /home/px4/ros2/ws/install/px4_msgs/include/px4_msgs/px4_msgs/msg/detail/power_monitor__rosidl_typesupport_introspection_c.h\n'}
[1.181853] (px4_msgs) StdoutLine: {'line': b'-- Up-to-date: /home/px4/ros2/ws/install/px4_msgs/include/px4_msgs/px4_msgs/msg/detail/satellite_info__rosidl_typesupport_introspection_c.h\n'}
[1.181899] (px4_msgs) StdoutLine: {'line': b'-- Up-to-date: /home/px4/ros2/ws/install/px4_msgs/include/px4_msgs/px4_msgs/msg/detail/follow_target_estimator__type_support.c\n'}
[1.181944] (px4_msgs) StdoutLine: {'line': b'-- Up-to-date: /home/px4/ros2/ws/install/px4_msgs/include/px4_msgs/px4_msgs/msg/detail/mavlink_log__type_support.c\n'}
[1.181989] (px4_msgs) StdoutLine: {'line': b'-- Up-to-date: /home/px4/ros2/ws/install/px4_msgs/include/px4_msgs/px4_msgs/msg/detail/vehicle_acceleration__type_support.c\n'}
[1.182050] (px4_msgs) StdoutLine: {'line': b'-- Up-to-date: /home/px4/ros2/ws/install/px4_msgs/include/px4_msgs/px4_msgs/msg/detail/sensor_preflight_mag__type_support.c\n'}
[1.182095] (px4_msgs) StdoutLine: {'line': b'-- Up-to-date: /home/px4/ros2/ws/install/px4_msgs/include/px4_msgs/px4_msgs/msg/detail/irlock_report__rosidl_typesupport_introspection_c.h\n'}
[1.182137] (px4_msgs) StdoutLine: {'line': b'-- Up-to-date: /home/px4/ros2/ws/install/px4_msgs/include/px4_msgs/px4_msgs/msg/detail/control_allocator_status__type_support.c\n'}
[1.182182] (px4_msgs) StdoutLine: {'line': b'-- Up-to-date: /home/px4/ros2/ws/install/px4_msgs/include/px4_msgs/px4_msgs/msg/detail/vehicle_air_data__rosidl_typesupport_introspection_c.h\n'}
[1.182226] (px4_msgs) StdoutLine: {'line': b'-- Up-to-date: /home/px4/ros2/ws/install/px4_msgs/include/px4_msgs/px4_msgs/msg/detail/fixed_wing_lateral_setpoint__type_support.c\n'}
[1.182271] (px4_msgs) StdoutLine: {'line': b'-- Up-to-date: /home/px4/ros2/ws/install/px4_msgs/include/px4_msgs/px4_msgs/msg/detail/neural_control__type_support.c\n'}
[1.182327] (px4_msgs) StdoutLine: {'line': b'-- Up-to-date: /home/px4/ros2/ws/install/px4_msgs/include/px4_msgs/px4_msgs/msg/detail/timesync_status__rosidl_typesupport_introspection_c.h\n'}
[1.182374] (px4_msgs) StdoutLine: {'line': b'-- Up-to-date: /home/px4/ros2/ws/install/px4_msgs/include/px4_msgs/px4_msgs/msg/detail/obstacle_distance__type_support.c\n'}
[1.182421] (px4_msgs) StdoutLine: {'line': b'-- Up-to-date: /home/px4/ros2/ws/install/px4_msgs/include/px4_msgs/px4_msgs/msg/detail/adc_report__rosidl_typesupport_introspection_c.h\n'}
[1.182480] (px4_msgs) StdoutLine: {'line': b'-- Up-to-date: /home/px4/ros2/ws/install/px4_msgs/include/px4_msgs/px4_msgs/msg/detail/trajectory_setpoint6dof__type_support.c\n'}
[1.182527] (px4_msgs) StdoutLine: {'line': b'-- Up-to-date: /home/px4/ros2/ws/install/px4_msgs/include/px4_msgs/px4_msgs/msg/detail/vehicle_thrust_setpoint__rosidl_typesupport_introspection_c.h\n'}
[1.182572] (px4_msgs) StdoutLine: {'line': b'-- Up-to-date: /home/px4/ros2/ws/install/px4_msgs/include/px4_msgs/px4_msgs/msg/detail/gimbal_manager_set_manual_control__type_support.c\n'}
[1.182617] (px4_msgs) StdoutLine: {'line': b'-- Up-to-date: /home/px4/ros2/ws/install/px4_msgs/include/px4_msgs/px4_msgs/msg/detail/geofence_status__rosidl_typesupport_introspection_c.h\n'}
[1.182663] (px4_msgs) StdoutLine: {'line': b'-- Up-to-date: /home/px4/ros2/ws/install/px4_msgs/include/px4_msgs/px4_msgs/msg/detail/fixed_wing_runway_control__rosidl_typesupport_introspection_c.h\n'}
[1.182714] (px4_msgs) StdoutLine: {'line': b'-- Up-to-date: /home/px4/ros2/ws/install/px4_msgs/include/px4_msgs/px4_msgs/msg/detail/wind__type_support.c\n'}
[1.182765] (px4_msgs) StdoutLine: {'line': b'-- Up-to-date: /home/px4/ros2/ws/install/px4_msgs/include/px4_msgs/px4_msgs/msg/detail/gimbal_manager_set_attitude__rosidl_typesupport_introspection_c.h\n'}
[1.182836] (px4_msgs) StdoutLine: {'line': b'-- Up-to-date: /home/px4/ros2/ws/install/px4_msgs/include/px4_msgs/px4_msgs/msg/detail/lateral_control_configuration__type_support.c\n'}
[1.182903] (px4_msgs) StdoutLine: {'line': b'-- Up-to-date: /home/px4/ros2/ws/install/px4_msgs/include/px4_msgs/px4_msgs/msg/detail/airspeed_validated__type_support.c\n'}
[1.182947] (px4_msgs) StdoutLine: {'line': b'-- Up-to-date: /home/px4/ros2/ws/install/px4_msgs/include/px4_msgs/px4_msgs/msg/detail/trajectory_setpoint__type_support.c\n'}
[1.183008] (px4_msgs) StdoutLine: {'line': b'-- Up-to-date: /home/px4/ros2/ws/install/px4_msgs/include/px4_msgs/px4_msgs/msg/detail/wind__rosidl_typesupport_introspection_c.h\n'}
[1.183054] (px4_msgs) StdoutLine: {'line': b'-- Up-to-date: /home/px4/ros2/ws/install/px4_msgs/include/px4_msgs/px4_msgs/msg/detail/failure_detector_status__rosidl_typesupport_introspection_c.h\n'}
[1.183102] (px4_msgs) StdoutLine: {'line': b'-- Up-to-date: /home/px4/ros2/ws/install/px4_msgs/include/px4_msgs/px4_msgs/msg/detail/landing_gear__rosidl_typesupport_introspection_c.h\n'}
[1.183147] (px4_msgs) StdoutLine: {'line': b'-- Up-to-date: /home/px4/ros2/ws/install/px4_msgs/include/px4_msgs/px4_msgs/msg/detail/gimbal_manager_status__rosidl_typesupport_introspection_c.h\n'}
[1.183192] (px4_msgs) StdoutLine: {'line': b'-- Up-to-date: /home/px4/ros2/ws/install/px4_msgs/include/px4_msgs/px4_msgs/msg/detail/cellular_status__rosidl_typesupport_introspection_c.h\n'}
[1.183237] (px4_msgs) StdoutLine: {'line': b'-- Up-to-date: /home/px4/ros2/ws/install/px4_msgs/include/px4_msgs/px4_msgs/msg/detail/wheel_encoders__type_support.c\n'}
[1.183282] (px4_msgs) StdoutLine: {'line': b'-- Up-to-date: /home/px4/ros2/ws/install/px4_msgs/include/px4_msgs/px4_msgs/msg/detail/estimator_innovations__type_support.c\n'}
[1.183343] (px4_msgs) StdoutLine: {'line': b'-- Up-to-date: /home/px4/ros2/ws/install/px4_msgs/include/px4_msgs/px4_msgs/msg/detail/sensor_preflight_mag__rosidl_typesupport_introspection_c.h\n'}
[1.183389] (px4_msgs) StdoutLine: {'line': b'-- Up-to-date: /home/px4/ros2/ws/install/px4_msgs/include/px4_msgs/px4_msgs/msg/detail/sensor_selection__rosidl_typesupport_introspection_c.h\n'}
[1.183434] (px4_msgs) StdoutLine: {'line': b'-- Up-to-date: /home/px4/ros2/ws/install/px4_msgs/include/px4_msgs/px4_msgs/msg/detail/px4io_status__rosidl_typesupport_introspection_c.h\n'}
[1.183479] (px4_msgs) StdoutLine: {'line': b'-- Up-to-date: /home/px4/ros2/ws/install/px4_msgs/include/px4_msgs/px4_msgs/msg/detail/offboard_control_mode__rosidl_typesupport_introspection_c.h\n'}
[1.183525] (px4_msgs) StdoutLine: {'line': b'-- Up-to-date: /home/px4/ros2/ws/install/px4_msgs/include/px4_msgs/px4_msgs/msg/detail/fixed_wing_lateral_guidance_status__type_support.c\n'}
[1.183570] (px4_msgs) StdoutLine: {'line': b'-- Up-to-date: /home/px4/ros2/ws/install/px4_msgs/include/px4_msgs/px4_msgs/msg/detail/rate_ctrl_status__rosidl_typesupport_introspection_c.h\n'}
[1.183618] (px4_msgs) StdoutLine: {'line': b'-- Up-to-date: /home/px4/ros2/ws/install/px4_msgs/include/px4_msgs/px4_msgs/msg/detail/task_stack_info__rosidl_typesupport_introspection_c.h\n'}
[1.183665] (px4_msgs) StdoutLine: {'line': b'-- Up-to-date: /home/px4/ros2/ws/install/px4_msgs/include/px4_msgs/px4_msgs/msg/detail/tune_control__rosidl_typesupport_introspection_c.h\n'}
[1.183728] (px4_msgs) StdoutLine: {'line': b'-- Up-to-date: /home/px4/ros2/ws/install/px4_msgs/include/px4_msgs/px4_msgs/msg/detail/takeoff_status__type_support.c\n'}
[1.183784] (px4_msgs) StdoutLine: {'line': b'-- Up-to-date: /home/px4/ros2/ws/install/px4_msgs/include/px4_msgs/px4_msgs/msg/detail/led_control__type_support.c\n'}
[1.183866] (px4_msgs) StdoutLine: {'line': b'-- Up-to-date: /home/px4/ros2/ws/install/px4_msgs/include/px4_msgs/px4_msgs/msg/detail/goto_setpoint__type_support.c\n'}
[1.183922] (px4_msgs) StdoutLine: {'line': b'-- Up-to-date: /home/px4/ros2/ws/install/px4_msgs/include/px4_msgs/px4_msgs/msg/detail/launch_detection_status__type_support.c\n'}
[1.183987] (px4_msgs) StdoutLine: {'line': b'-- Up-to-date: /home/px4/ros2/ws/install/px4_msgs/include/px4_msgs/px4_msgs/msg/detail/gimbal_device_attitude_status__type_support.c\n'}
[1.184033] (px4_msgs) StdoutLine: {'line': b'-- Up-to-date: /home/px4/ros2/ws/install/px4_msgs/include/px4_msgs/px4_msgs/msg/detail/landing_gear_wheel__rosidl_typesupport_introspection_c.h\n'}
[1.184078] (px4_msgs) StdoutLine: {'line': b'-- Up-to-date: /home/px4/ros2/ws/install/px4_msgs/include/px4_msgs/px4_msgs/msg/detail/position_controller_status__type_support.c\n'}
[1.184123] (px4_msgs) StdoutLine: {'line': b'-- Up-to-date: /home/px4/ros2/ws/install/px4_msgs/include/px4_msgs/px4_msgs/msg/detail/vehicle_command__rosidl_typesupport_introspection_c.h\n'}
[1.184169] (px4_msgs) StdoutLine: {'line': b'-- Up-to-date: /home/px4/ros2/ws/install/px4_msgs/include/px4_msgs/px4_msgs/msg/detail/manual_control_setpoint__rosidl_typesupport_introspection_c.h\n'}
[1.184214] (px4_msgs) StdoutLine: {'line': b'-- Up-to-date: /home/px4/ros2/ws/install/px4_msgs/include/px4_msgs/px4_msgs/msg/detail/rover_rate_setpoint__rosidl_typesupport_introspection_c.h\n'}
[1.184265] (px4_msgs) StdoutLine: {'line': b'-- Up-to-date: /home/px4/ros2/ws/install/px4_msgs/include/px4_msgs/px4_msgs/msg/detail/orb_test_large__type_support.c\n'}
[1.184311] (px4_msgs) StdoutLine: {'line': b'-- Up-to-date: /home/px4/ros2/ws/install/px4_msgs/include/px4_msgs/px4_msgs/msg/detail/autotune_attitude_control_status__rosidl_typesupport_introspection_c.h\n'}
[1.184357] (px4_msgs) StdoutLine: {'line': b'-- Up-to-date: /home/px4/ros2/ws/install/px4_msgs/include/px4_msgs/px4_msgs/msg/detail/vehicle_local_position__rosidl_typesupport_introspection_c.h\n'}
[1.184401] (px4_msgs) StdoutLine: {'line': b'-- Up-to-date: /home/px4/ros2/ws/install/px4_msgs/include/px4_msgs/px4_msgs/msg/detail/sensor_combined__type_support.c\n'}
[1.184464] (px4_msgs) StdoutLine: {'line': b'-- Up-to-date: /home/px4/ros2/ws/install/px4_msgs/include/px4_msgs/px4_msgs/msg/detail/position_controller_landing_status__rosidl_typesupport_introspection_c.h\n'}
[1.184510] (px4_msgs) StdoutLine: {'line': b'-- Up-to-date: /home/px4/ros2/ws/install/px4_msgs/include/px4_msgs/px4_msgs/msg/detail/ulog_stream__rosidl_typesupport_introspection_c.h\n'}
[1.184557] (px4_msgs) StdoutLine: {'line': b'-- Up-to-date: /home/px4/ros2/ws/install/px4_msgs/include/px4_msgs/px4_msgs/msg/detail/rate_ctrl_status__type_support.c\n'}
[1.184616] (px4_msgs) StdoutLine: {'line': b'-- Up-to-date: /home/px4/ros2/ws/install/px4_msgs/include/px4_msgs/px4_msgs/msg/detail/debug_vect__type_support.c\n'}
[1.184663] (px4_msgs) StdoutLine: {'line': b'-- Up-to-date: /home/px4/ros2/ws/install/px4_msgs/include/px4_msgs/px4_msgs/msg/detail/goto_setpoint__rosidl_typesupport_introspection_c.h\n'}
[1.184714] (px4_msgs) StdoutLine: {'line': b'-- Up-to-date: /home/px4/ros2/ws/install/px4_msgs/include/px4_msgs/px4_msgs/msg/detail/fixed_wing_lateral_guidance_status__rosidl_typesupport_introspection_c.h\n'}
[1.184763] (px4_msgs) StdoutLine: {'line': b'-- Up-to-date: /home/px4/ros2/ws/install/px4_msgs/include/px4_msgs/px4_msgs/msg/detail/fixed_wing_runway_control__type_support.c\n'}
[1.184836] (px4_msgs) StdoutLine: {'line': b'-- Up-to-date: /home/px4/ros2/ws/install/px4_msgs/include/px4_msgs/px4_msgs/msg/detail/log_message__type_support.c\n'}
[1.184903] (px4_msgs) StdoutLine: {'line': b'-- Up-to-date: /home/px4/ros2/ws/install/px4_msgs/include/px4_msgs/px4_msgs/msg/detail/sensor_airflow__rosidl_typesupport_introspection_c.h\n'}
[1.184951] (px4_msgs) StdoutLine: {'line': b'-- Up-to-date: /home/px4/ros2/ws/install/px4_msgs/include/px4_msgs/px4_msgs/msg/detail/input_rc__rosidl_typesupport_introspection_c.h\n'}
[1.184998] (px4_msgs) StdoutLine: {'line': b'-- Up-to-date: /home/px4/ros2/ws/install/px4_msgs/include/px4_msgs/px4_msgs/msg/detail/gripper__type_support.c\n'}
[1.185054] (px4_msgs) StdoutLine: {'line': b'-- Up-to-date: /home/px4/ros2/ws/install/px4_msgs/include/px4_msgs/px4_msgs/msg/detail/sensor_hygrometer__rosidl_typesupport_introspection_c.h\n'}
[1.185100] (px4_msgs) StdoutLine: {'line': b'-- Up-to-date: /home/px4/ros2/ws/install/px4_msgs/include/px4_msgs/px4_msgs/msg/detail/estimator_aid_source2d__type_support.c\n'}
[1.185145] (px4_msgs) StdoutLine: {'line': b'-- Up-to-date: /home/px4/ros2/ws/install/px4_msgs/include/px4_msgs/px4_msgs/msg/detail/dronecan_node_status__type_support.c\n'}
[1.185191] (px4_msgs) StdoutLine: {'line': b'-- Up-to-date: /home/px4/ros2/ws/install/px4_msgs/include/px4_msgs/px4_msgs/msg/detail/debug_value__rosidl_typesupport_introspection_c.h\n'}
[1.185237] (px4_msgs) StdoutLine: {'line': b'-- Up-to-date: /home/px4/ros2/ws/install/px4_msgs/include/px4_msgs/px4_msgs/msg/detail/estimator_event_flags__type_support.c\n'}
[1.185296] (px4_msgs) StdoutLine: {'line': b'-- Up-to-date: /home/px4/ros2/ws/install/px4_msgs/include/px4_msgs/px4_msgs/msg/detail/mode_completed__type_support.c\n'}
[1.185343] (px4_msgs) StdoutLine: {'line': b'-- Up-to-date: /home/px4/ros2/ws/install/px4_msgs/include/px4_msgs/px4_msgs/msg/detail/trajectory_setpoint__rosidl_typesupport_introspection_c.h\n'}
[1.185388] (px4_msgs) StdoutLine: {'line': b'-- Up-to-date: /home/px4/ros2/ws/install/px4_msgs/include/px4_msgs/px4_msgs/msg/detail/heater_status__type_support.c\n'}
[1.185471] (px4_msgs) StdoutLine: {'line': b'-- Up-to-date: /home/px4/ros2/ws/install/px4_msgs/include/px4_msgs/px4_msgs/msg/detail/orb_test_medium__type_support.c\n'}
[1.185518] (px4_msgs) StdoutLine: {'line': b'-- Up-to-date: /home/px4/ros2/ws/install/px4_msgs/include/px4_msgs/px4_msgs/msg/detail/logger_status__type_support.c\n'}
[1.185567] (px4_msgs) StdoutLine: {'line': b'-- Up-to-date: /home/px4/ros2/ws/install/px4_msgs/include/px4_msgs/px4_msgs/msg/detail/distance_sensor__rosidl_typesupport_introspection_c.h\n'}
[1.185637] (px4_msgs) StdoutLine: {'line': b'-- Up-to-date: /home/px4/ros2/ws/install/px4_msgs/include/px4_msgs/px4_msgs/msg/detail/position_setpoint_triplet__type_support.c\n'}
[1.185685] (px4_msgs) StdoutLine: {'line': b'-- Up-to-date: /home/px4/ros2/ws/install/px4_msgs/include/px4_msgs/px4_msgs/msg/detail/vehicle_air_data__type_support.c\n'}
[1.185729] (px4_msgs) StdoutLine: {'line': b'-- Up-to-date: /home/px4/ros2/ws/install/px4_msgs/include/px4_msgs/px4_msgs/msg/detail/orb_test_medium__rosidl_typesupport_introspection_c.h\n'}
[1.185790] (px4_msgs) StdoutLine: {'line': b'-- Up-to-date: /home/px4/ros2/ws/install/px4_msgs/include/px4_msgs/px4_msgs/msg/detail/health_report__type_support.c\n'}
[1.185846] (px4_msgs) StdoutLine: {'line': b'-- Up-to-date: /home/px4/ros2/ws/install/px4_msgs/include/px4_msgs/px4_msgs/msg/detail/estimator_status_flags__rosidl_typesupport_introspection_c.h\n'}
[1.185893] (px4_msgs) StdoutLine: {'line': b'-- Up-to-date: /home/px4/ros2/ws/install/px4_msgs/include/px4_msgs/px4_msgs/msg/detail/rover_velocity_setpoint__rosidl_typesupport_introspection_c.h\n'}
[1.185938] (px4_msgs) StdoutLine: {'line': b'-- Up-to-date: /home/px4/ros2/ws/install/px4_msgs/include/px4_msgs/px4_msgs/msg/detail/vehicle_rates_setpoint__type_support.c\n'}
[1.185983] (px4_msgs) StdoutLine: {'line': b'-- Up-to-date: /home/px4/ros2/ws/install/px4_msgs/include/px4_msgs/px4_msgs/msg/detail/vehicle_global_position__type_support.c\n'}
[1.186029] (px4_msgs) StdoutLine: {'line': b'-- Up-to-date: /home/px4/ros2/ws/install/px4_msgs/include/px4_msgs/px4_msgs/msg/detail/vehicle_angular_acceleration_setpoint__rosidl_typesupport_introspection_c.h\n'}
[1.186074] (px4_msgs) StdoutLine: {'line': b'-- Up-to-date: /home/px4/ros2/ws/install/px4_msgs/include/px4_msgs/px4_msgs/msg/detail/gimbal_manager_status__type_support.c\n'}
[1.186150] (px4_msgs) StdoutLine: {'line': b'-- Up-to-date: /home/px4/ros2/ws/install/px4_msgs/include/px4_msgs/px4_msgs/msg/detail/vehicle_acceleration__rosidl_typesupport_introspection_c.h\n'}
[1.186195] (px4_msgs) StdoutLine: {'line': b'-- Up-to-date: /home/px4/ros2/ws/install/px4_msgs/include/px4_msgs/px4_msgs/msg/detail/mag_worker_data__rosidl_typesupport_introspection_c.h\n'}
[1.186247] (px4_msgs) StdoutLine: {'line': b'-- Up-to-date: /home/px4/ros2/ws/install/px4_msgs/include/px4_msgs/px4_msgs/msg/detail/uavcan_parameter_value__rosidl_typesupport_introspection_c.h\n'}
[1.186295] (px4_msgs) StdoutLine: {'line': b'-- Up-to-date: /home/px4/ros2/ws/install/px4_msgs/include/px4_msgs/px4_msgs/msg/detail/rover_rate_status__rosidl_typesupport_introspection_c.h\n'}
[1.186342] (px4_msgs) StdoutLine: {'line': b'-- Up-to-date: /home/px4/ros2/ws/install/px4_msgs/include/px4_msgs/px4_msgs/msg/detail/gpio_config__type_support.c\n'}
[1.186393] (px4_msgs) StdoutLine: {'line': b'-- Up-to-date: /home/px4/ros2/ws/install/px4_msgs/include/px4_msgs/px4_msgs/msg/detail/sensor_gyro_fifo__type_support.c\n'}
[1.186463] (px4_msgs) StdoutLine: {'line': b'-- Up-to-date: /home/px4/ros2/ws/install/px4_msgs/include/px4_msgs/px4_msgs/msg/detail/takeoff_status__rosidl_typesupport_introspection_c.h\n'}
[1.186524] (px4_msgs) StdoutLine: {'line': b'-- Up-to-date: /home/px4/ros2/ws/install/px4_msgs/include/px4_msgs/px4_msgs/msg/detail/control_allocator_status__rosidl_typesupport_introspection_c.h\n'}
[1.186586] (px4_msgs) StdoutLine: {'line': b'-- Up-to-date: /home/px4/ros2/ws/install/px4_msgs/include/px4_msgs/px4_msgs/msg/detail/sensor_uwb__rosidl_typesupport_introspection_c.h\n'}
[1.186633] (px4_msgs) StdoutLine: {'line': b'-- Up-to-date: /home/px4/ros2/ws/install/px4_msgs/include/px4_msgs/px4_msgs/msg/detail/mag_worker_data__type_support.c\n'}
[1.186677] (px4_msgs) StdoutLine: {'line': b'-- Up-to-date: /home/px4/ros2/ws/install/px4_msgs/include/px4_msgs/px4_msgs/msg/detail/landing_gear__type_support.c\n'}
[1.186723] (px4_msgs) StdoutLine: {'line': b'-- Up-to-date: /home/px4/ros2/ws/install/px4_msgs/include/px4_msgs/px4_msgs/msg/detail/unregister_ext_component__type_support.c\n'}
[1.186768] (px4_msgs) StdoutLine: {'line': b'-- Up-to-date: /home/px4/ros2/ws/install/px4_msgs/include/px4_msgs/px4_msgs/msg/detail/sensor_baro__rosidl_typesupport_introspection_c.h\n'}
[1.186832] (px4_msgs) StdoutLine: {'line': b'-- Up-to-date: /home/px4/ros2/ws/install/px4_msgs/include/px4_msgs/px4_msgs/msg/detail/wheel_encoders__rosidl_typesupport_introspection_c.h\n'}
[1.186882] (px4_msgs) StdoutLine: {'line': b'-- Up-to-date: /home/px4/ros2/ws/install/px4_msgs/include/px4_msgs/px4_msgs/msg/detail/mount_orientation__type_support.c\n'}
[1.186926] (px4_msgs) StdoutLine: {'line': b'-- Up-to-date: /home/px4/ros2/ws/install/px4_msgs/include/px4_msgs/px4_msgs/msg/detail/ulog_stream__type_support.c\n'}
[1.186989] (px4_msgs) StdoutLine: {'line': b'-- Up-to-date: /home/px4/ros2/ws/install/px4_msgs/include/px4_msgs/px4_msgs/msg/detail/vehicle_angular_velocity__type_support.c\n'}
[1.187036] (px4_msgs) StdoutLine: {'line': b'-- Up-to-date: /home/px4/ros2/ws/install/px4_msgs/include/px4_msgs/px4_msgs/msg/detail/trajectory_setpoint6dof__rosidl_typesupport_introspection_c.h\n'}
[1.187092] (px4_msgs) StdoutLine: {'line': b'-- Up-to-date: /home/px4/ros2/ws/install/px4_msgs/include/px4_msgs/px4_msgs/msg/detail/vehicle_optical_flow__type_support.c\n'}
[1.187152] (px4_msgs) StdoutLine: {'line': b'-- Up-to-date: /home/px4/ros2/ws/install/px4_msgs/include/px4_msgs/px4_msgs/msg/detail/navigator_status__rosidl_typesupport_introspection_c.h\n'}
[1.187198] (px4_msgs) StdoutLine: {'line': b'-- Up-to-date: /home/px4/ros2/ws/install/px4_msgs/include/px4_msgs/px4_msgs/msg/detail/estimator_aid_source1d__type_support.c\n'}
[1.187245] (px4_msgs) StdoutLine: {'line': b'-- Up-to-date: /home/px4/ros2/ws/install/px4_msgs/include/px4_msgs/px4_msgs/msg/detail/register_ext_component_request__type_support.c\n'}
[1.187295] (px4_msgs) StdoutLine: {'line': b'-- Up-to-date: /home/px4/ros2/ws/install/px4_msgs/include/px4_msgs/px4_msgs/msg/detail/pps_capture__type_support.c\n'}
[1.187344] (px4_msgs) StdoutLine: {'line': b'-- Up-to-date: /home/px4/ros2/ws/install/px4_msgs/include/px4_msgs/px4_msgs/msg/detail/vtol_vehicle_status__rosidl_typesupport_introspection_c.h\n'}
[1.187406] (px4_msgs) StdoutLine: {'line': b'-- Up-to-date: /home/px4/ros2/ws/install/px4_msgs/include/px4_msgs/px4_msgs/msg/detail/vtol_vehicle_status__type_support.c\n'}
[1.187467] (px4_msgs) StdoutLine: {'line': b'-- Up-to-date: /home/px4/ros2/ws/install/px4_msgs/include/px4_msgs/px4_msgs/msg/detail/sensors_status__type_support.c\n'}
[1.187515] (px4_msgs) StdoutLine: {'line': b'-- Up-to-date: /home/px4/ros2/ws/install/px4_msgs/include/px4_msgs/px4_msgs/msg/detail/airspeed__type_support.c\n'}
[1.187560] (px4_msgs) StdoutLine: {'line': b'-- Up-to-date: /home/px4/ros2/ws/install/px4_msgs/include/px4_msgs/px4_msgs/msg/detail/mission_result__type_support.c\n'}
[1.187605] (px4_msgs) StdoutLine: {'line': b'-- Up-to-date: /home/px4/ros2/ws/install/px4_msgs/include/px4_msgs/px4_msgs/msg/detail/led_control__rosidl_typesupport_introspection_c.h\n'}
[1.187649] (px4_msgs) StdoutLine: {'line': b'-- Up-to-date: /home/px4/ros2/ws/install/px4_msgs/include/px4_msgs/px4_msgs/msg/detail/orb_test_large__rosidl_typesupport_introspection_c.h\n'}
[1.187695] (px4_msgs) StdoutLine: {'line': b'-- Up-to-date: /home/px4/ros2/ws/install/px4_msgs/include/px4_msgs/px4_msgs/msg/detail/debug_value__type_support.c\n'}
[1.187741] (px4_msgs) StdoutLine: {'line': b'-- Up-to-date: /home/px4/ros2/ws/install/px4_msgs/include/px4_msgs/px4_msgs/msg/detail/tiltrotor_extra_controls__type_support.c\n'}
[1.187820] (px4_msgs) StdoutLine: {'line': b'-- Up-to-date: /home/px4/ros2/ws/install/px4_msgs/include/px4_msgs/px4_msgs/msg/detail/estimator_bias3d__rosidl_typesupport_introspection_c.h\n'}
[1.187871] (px4_msgs) StdoutLine: {'line': b'-- Up-to-date: /home/px4/ros2/ws/install/px4_msgs/include/px4_msgs/px4_msgs/msg/detail/manual_control_switches__rosidl_typesupport_introspection_c.h\n'}
[1.187919] (px4_msgs) StdoutLine: {'line': b'-- Up-to-date: /home/px4/ros2/ws/install/px4_msgs/include/px4_msgs/px4_msgs/msg/detail/cpuload__type_support.c\n'}
[1.187965] (px4_msgs) StdoutLine: {'line': b'-- Up-to-date: /home/px4/ros2/ws/install/px4_msgs/include/px4_msgs/px4_msgs/msg/detail/qshell_retval__type_support.c\n'}
[1.188047] (px4_msgs) StdoutLine: {'line': b'-- Up-to-date: /home/px4/ros2/ws/install/px4_msgs/include/px4_msgs/px4_msgs/msg/detail/vehicle_imu_status__rosidl_typesupport_introspection_c.h\n'}
[1.188116] (px4_msgs) StdoutLine: {'line': b'-- Up-to-date: /home/px4/ros2/ws/install/px4_msgs/include/px4_msgs/px4_msgs/msg/detail/transponder_report__type_support.c\n'}
[1.188179] (px4_msgs) StdoutLine: {'line': b'-- Up-to-date: /home/px4/ros2/ws/install/px4_msgs/include/px4_msgs/px4_msgs/msg/detail/internal_combustion_engine_status__rosidl_typesupport_introspection_c.h\n'}
[1.188229] (px4_msgs) StdoutLine: {'line': b'-- Up-to-date: /home/px4/ros2/ws/install/px4_msgs/include/px4_msgs/px4_msgs/msg/detail/action_request__type_support.c\n'}
[1.188274] (px4_msgs) StdoutLine: {'line': b'-- Up-to-date: /home/px4/ros2/ws/install/px4_msgs/include/px4_msgs/px4_msgs/msg/detail/home_position__rosidl_typesupport_introspection_c.h\n'}
[1.188319] (px4_msgs) StdoutLine: {'line': b'-- Up-to-date: /home/px4/ros2/ws/install/px4_msgs/include/px4_msgs/px4_msgs/msg/detail/actuator_armed__type_support.c\n'}
[1.188376] (px4_msgs) StdoutLine: {'line': b'-- Up-to-date: /home/px4/ros2/ws/install/px4_msgs/include/px4_msgs/px4_msgs/msg/detail/config_overrides__type_support.c\n'}
[1.188424] (px4_msgs) StdoutLine: {'line': b'-- Up-to-date: /home/px4/ros2/ws/install/px4_msgs/include/px4_msgs/px4_msgs/msg/detail/rover_rate_status__type_support.c\n'}
[1.188470] (px4_msgs) StdoutLine: {'line': b'-- Up-to-date: /home/px4/ros2/ws/install/px4_msgs/include/px4_msgs/px4_msgs/msg/detail/sensor_uwb__type_support.c\n'}
[1.188515] (px4_msgs) StdoutLine: {'line': b'-- Up-to-date: /home/px4/ros2/ws/install/px4_msgs/include/px4_msgs/px4_msgs/msg/detail/collision_constraints__rosidl_typesupport_introspection_c.h\n'}
[1.188559] (px4_msgs) StdoutLine: {'line': b'-- Up-to-date: /home/px4/ros2/ws/install/px4_msgs/include/px4_msgs/px4_msgs/msg/detail/estimator_status__type_support.c\n'}
[1.188610] (px4_msgs) StdoutLine: {'line': b'-- Up-to-date: /home/px4/ros2/ws/install/px4_msgs/include/px4_msgs/px4_msgs/msg/detail/gps_dump__type_support.c\n'}
[1.188656] (px4_msgs) StdoutLine: {'line': b'-- Up-to-date: /home/px4/ros2/ws/install/px4_msgs/include/px4_msgs/px4_msgs/msg/detail/failsafe_flags__rosidl_typesupport_introspection_c.h\n'}
[1.188700] (px4_msgs) StdoutLine: {'line': b'-- Up-to-date: /home/px4/ros2/ws/install/px4_msgs/include/px4_msgs/px4_msgs/msg/detail/cellular_status__type_support.c\n'}
[1.188754] (px4_msgs) StdoutLine: {'line': b'-- Up-to-date: /home/px4/ros2/ws/install/px4_msgs/include/px4_msgs/px4_msgs/msg/detail/orbit_status__rosidl_typesupport_introspection_c.h\n'}
[1.188818] (px4_msgs) StdoutLine: {'line': b'-- Up-to-date: /home/px4/ros2/ws/install/px4_msgs/include/px4_msgs/px4_msgs/msg/detail/battery_status__type_support.c\n'}
[1.188874] (px4_msgs) StdoutLine: {'line': b'-- Up-to-date: /home/px4/ros2/ws/install/px4_msgs/include/px4_msgs/px4_msgs/msg/detail/vehicle_angular_acceleration_setpoint__type_support.c\n'}
[1.188934] (px4_msgs) StdoutLine: {'line': b'-- Up-to-date: /home/px4/ros2/ws/install/px4_msgs/include/px4_msgs/px4_msgs/msg/detail/px4io_status__type_support.c\n'}
[1.189001] (px4_msgs) StdoutLine: {'line': b'-- Up-to-date: /home/px4/ros2/ws/install/px4_msgs/include/px4_msgs/px4_msgs/msg/detail/telemetry_status__rosidl_typesupport_introspection_c.h\n'}
[1.189046] (px4_msgs) StdoutLine: {'line': b'-- Up-to-date: /home/px4/ros2/ws/install/px4_msgs/include/px4_msgs/px4_msgs/msg/detail/action_request__rosidl_typesupport_introspection_c.h\n'}
[1.189089] (px4_msgs) StdoutLine: {'line': b'-- Up-to-date: /home/px4/ros2/ws/install/px4_msgs/include/px4_msgs/px4_msgs/msg/detail/vehicle_magnetometer__rosidl_typesupport_introspection_c.h\n'}
[1.189133] (px4_msgs) StdoutLine: {'line': b'-- Up-to-date: /home/px4/ros2/ws/install/px4_msgs/include/px4_msgs/px4_msgs/msg/detail/gimbal_controls__type_support.c\n'}
[1.189178] (px4_msgs) StdoutLine: {'line': b'-- Up-to-date: /home/px4/ros2/ws/install/px4_msgs/include/px4_msgs/px4_msgs/msg/detail/tune_control__type_support.c\n'}
[1.189221] (px4_msgs) StdoutLine: {'line': b'-- Up-to-date: /home/px4/ros2/ws/install/px4_msgs/include/px4_msgs/px4_msgs/msg/detail/vehicle_optical_flow__rosidl_typesupport_introspection_c.h\n'}
[1.189292] (px4_msgs) StdoutLine: {'line': b'-- Up-to-date: /home/px4/ros2/ws/install/px4_msgs/include/px4_msgs/px4_msgs/msg/detail/vehicle_attitude_setpoint__rosidl_typesupport_introspection_c.h\n'}
[1.189339] (px4_msgs) StdoutLine: {'line': b'-- Up-to-date: /home/px4/ros2/ws/install/px4_msgs/include/px4_msgs/px4_msgs/msg/detail/fixed_wing_longitudinal_setpoint__rosidl_typesupport_introspection_c.h\n'}
[1.189384] (px4_msgs) StdoutLine: {'line': b'-- Up-to-date: /home/px4/ros2/ws/install/px4_msgs/include/px4_msgs/px4_msgs/msg/detail/distance_sensor_mode_change_request__type_support.c\n'}
[1.189428] (px4_msgs) StdoutLine: {'line': b'-- Up-to-date: /home/px4/ros2/ws/install/px4_msgs/include/px4_msgs/px4_msgs/msg/detail/magnetometer_bias_estimate__type_support.c\n'}
[1.189473] (px4_msgs) StdoutLine: {'line': b'-- Up-to-date: /home/px4/ros2/ws/install/px4_msgs/include/px4_msgs/px4_msgs/msg/detail/vehicle_constraints__type_support.c\n'}
[1.189517] (px4_msgs) StdoutLine: {'line': b'-- Up-to-date: /home/px4/ros2/ws/install/px4_msgs/include/px4_msgs/px4_msgs/msg/detail/irlock_report__type_support.c\n'}
[1.189576] (px4_msgs) StdoutLine: {'line': b'-- Up-to-date: /home/px4/ros2/ws/install/px4_msgs/include/px4_msgs/px4_msgs/msg/detail/vehicle_optical_flow_vel__rosidl_typesupport_introspection_c.h\n'}
[1.189621] (px4_msgs) StdoutLine: {'line': b'-- Up-to-date: /home/px4/ros2/ws/install/px4_msgs/include/px4_msgs/px4_msgs/msg/detail/health_report__rosidl_typesupport_introspection_c.h\n'}
[1.189665] (px4_msgs) StdoutLine: {'line': b'-- Up-to-date: /home/px4/ros2/ws/install/px4_msgs/include/px4_msgs/px4_msgs/msg/detail/sensor_accel__rosidl_typesupport_introspection_c.h\n'}
[1.189713] (px4_msgs) StdoutLine: {'line': b'-- Up-to-date: /home/px4/ros2/ws/install/px4_msgs/include/px4_msgs/px4_msgs/msg/detail/navigator_status__type_support.c\n'}
[1.189765] (px4_msgs) StdoutLine: {'line': b'-- Up-to-date: /home/px4/ros2/ws/install/px4_msgs/include/px4_msgs/px4_msgs/msg/detail/vehicle_attitude_setpoint__type_support.c\n'}
[1.189832] (px4_msgs) StdoutLine: {'line': b'-- Up-to-date: /home/px4/ros2/ws/install/px4_msgs/include/px4_msgs/px4_msgs/msg/detail/telemetry_status__type_support.c\n'}
[1.189881] (px4_msgs) StdoutLine: {'line': b'-- Up-to-date: /home/px4/ros2/ws/install/px4_msgs/include/px4_msgs/px4_msgs/msg/detail/camera_capture__rosidl_typesupport_introspection_c.h\n'}
[1.189926] (px4_msgs) StdoutLine: {'line': b'-- Up-to-date: /home/px4/ros2/ws/install/px4_msgs/include/px4_msgs/px4_msgs/msg/detail/open_drone_id_arm_status__rosidl_typesupport_introspection_c.h\n'}
[1.189971] (px4_msgs) StdoutLine: {'line': b'-- Up-to-date: /home/px4/ros2/ws/install/px4_msgs/include/px4_msgs/px4_msgs/msg/detail/tiltrotor_extra_controls__rosidl_typesupport_introspection_c.h\n'}
[1.190016] (px4_msgs) StdoutLine: {'line': b'-- Up-to-date: /home/px4/ros2/ws/install/px4_msgs/include/px4_msgs/px4_msgs/msg/detail/fuel_tank_status__type_support.c\n'}
[1.190061] (px4_msgs) StdoutLine: {'line': b'-- Up-to-date: /home/px4/ros2/ws/install/px4_msgs/include/px4_msgs/px4_msgs/msg/detail/sensor_combined__rosidl_typesupport_introspection_c.h\n'}
[1.190111] (px4_msgs) StdoutLine: {'line': b'-- Up-to-date: /home/px4/ros2/ws/install/px4_msgs/include/px4_msgs/px4_msgs/msg/detail/ekf2_timestamps__type_support.c\n'}
[1.190173] (px4_msgs) StdoutLine: {'line': b'-- Up-to-date: /home/px4/ros2/ws/install/px4_msgs/include/px4_msgs/px4_msgs/msg/detail/estimator_aid_source3d__type_support.c\n'}
[1.190220] (px4_msgs) StdoutLine: {'line': b'-- Up-to-date: /home/px4/ros2/ws/install/px4_msgs/include/px4_msgs/px4_msgs/msg/detail/estimator_selector_status__rosidl_typesupport_introspection_c.h\n'}
[1.190281] (px4_msgs) StdoutLine: {'line': b'-- Up-to-date: /home/px4/ros2/ws/install/px4_msgs/include/px4_msgs/px4_msgs/msg/detail/fixed_wing_lateral_status__type_support.c\n'}
[1.190330] (px4_msgs) StdoutLine: {'line': b'-- Up-to-date: /home/px4/ros2/ws/install/px4_msgs/include/px4_msgs/px4_msgs/msg/detail/onboard_computer_status__type_support.c\n'}
[1.190393] (px4_msgs) StdoutLine: {'line': b'-- Up-to-date: /home/px4/ros2/ws/install/px4_msgs/include/px4_msgs/px4_msgs/msg/detail/sensors_status_imu__rosidl_typesupport_introspection_c.h\n'}
[1.190439] (px4_msgs) StdoutLine: {'line': b'-- Up-to-date: /home/px4/ros2/ws/install/px4_msgs/include/px4_msgs/px4_msgs/msg/detail/offboard_control_mode__type_support.c\n'}
[1.190484] (px4_msgs) StdoutLine: {'line': b'-- Up-to-date: /home/px4/ros2/ws/install/px4_msgs/include/px4_msgs/px4_msgs/msg/detail/manual_control_switches__type_support.c\n'}
[1.190529] (px4_msgs) StdoutLine: {'line': b'-- Up-to-date: /home/px4/ros2/ws/install/px4_msgs/include/px4_msgs/px4_msgs/msg/detail/message_format_response__type_support.c\n'}
[1.190575] (px4_msgs) StdoutLine: {'line': b'-- Up-to-date: /home/px4/ros2/ws/install/px4_msgs/include/px4_msgs/px4_msgs/msg/detail/estimator_sensor_bias__type_support.c\n'}
[1.190633] (px4_msgs) StdoutLine: {'line': b'-- Up-to-date: /home/px4/ros2/ws/install/px4_msgs/include/px4_msgs/px4_msgs/msg/detail/home_position__type_support.c\n'}
[1.190679] (px4_msgs) StdoutLine: {'line': b'-- Up-to-date: /home/px4/ros2/ws/install/px4_msgs/include/px4_msgs/px4_msgs/msg/detail/gimbal_manager_set_manual_control__rosidl_typesupport_introspection_c.h\n'}
[1.190725] (px4_msgs) StdoutLine: {'line': b'-- Up-to-date: /home/px4/ros2/ws/install/px4_msgs/include/px4_msgs/px4_msgs/msg/detail/estimator_bias3d__type_support.c\n'}
[1.190770] (px4_msgs) StdoutLine: {'line': b'-- Up-to-date: /home/px4/ros2/ws/install/px4_msgs/include/px4_msgs/px4_msgs/msg/detail/actuator_servos__type_support.c\n'}
[1.190834] (px4_msgs) StdoutLine: {'line': b'-- Up-to-date: /home/px4/ros2/ws/install/px4_msgs/include/px4_msgs/px4_msgs/msg/detail/landing_target_pose__type_support.c\n'}
[1.190883] (px4_msgs) StdoutLine: {'line': b'-- Up-to-date: /home/px4/ros2/ws/install/px4_msgs/include/px4_msgs/px4_msgs/msg/detail/button_event__type_support.c\n'}
[1.190935] (px4_msgs) StdoutLine: {'line': b'-- Up-to-date: /home/px4/ros2/ws/install/px4_msgs/include/px4_msgs/px4_msgs/msg/detail/debug_key_value__type_support.c\n'}
[1.190982] (px4_msgs) StdoutLine: {'line': b'-- Up-to-date: /home/px4/ros2/ws/install/px4_msgs/include/px4_msgs/px4_msgs/msg/detail/transponder_report__rosidl_typesupport_introspection_c.h\n'}
[1.191044] (px4_msgs) StdoutLine: {'line': b'-- Up-to-date: /home/px4/ros2/ws/install/px4_msgs/include/px4_msgs/px4_msgs/msg/detail/open_drone_id_operator_id__type_support.c\n'}
[1.191107] (px4_msgs) StdoutLine: {'line': b'-- Up-to-date: /home/px4/ros2/ws/install/px4_msgs/include/px4_msgs/px4_msgs/msg/detail/parameter_update__rosidl_typesupport_introspection_c.h\n'}
[1.191154] (px4_msgs) StdoutLine: {'line': b'-- Up-to-date: /home/px4/ros2/ws/install/px4_msgs/include/px4_msgs/px4_msgs/msg/detail/event__rosidl_typesupport_introspection_c.h\n'}
[1.191199] (px4_msgs) StdoutLine: {'line': b'-- Up-to-date: /home/px4/ros2/ws/install/px4_msgs/include/px4_msgs/px4_msgs/msg/detail/sensor_accel_fifo__type_support.c\n'}
[1.191244] (px4_msgs) StdoutLine: {'line': b'-- Up-to-date: /home/px4/ros2/ws/install/px4_msgs/include/px4_msgs/px4_msgs/msg/detail/sensor_optical_flow__rosidl_typesupport_introspection_c.h\n'}
[1.191288] (px4_msgs) StdoutLine: {'line': b'-- Up-to-date: /home/px4/ros2/ws/install/px4_msgs/include/px4_msgs/px4_msgs/msg/detail/geofence_result__rosidl_typesupport_introspection_c.h\n'}
[1.191333] (px4_msgs) StdoutLine: {'line': b'-- Up-to-date: /home/px4/ros2/ws/install/px4_msgs/include/px4_msgs/px4_msgs/msg/detail/airspeed__rosidl_typesupport_introspection_c.h\n'}
[1.191402] (px4_msgs) StdoutLine: {'line': b'-- Up-to-date: /home/px4/ros2/ws/install/px4_msgs/include/px4_msgs/px4_msgs/msg/detail/generator_status__rosidl_typesupport_introspection_c.h\n'}
[1.191449] (px4_msgs) StdoutLine: {'line': b'-- Up-to-date: /home/px4/ros2/ws/install/px4_msgs/include/px4_msgs/px4_msgs/msg/detail/hover_thrust_estimate__type_support.c\n'}
[1.191494] (px4_msgs) StdoutLine: {'line': b'-- Up-to-date: /home/px4/ros2/ws/install/px4_msgs/include/px4_msgs/px4_msgs/msg/detail/mode_completed__rosidl_typesupport_introspection_c.h\n'}
[1.191537] (px4_msgs) StdoutLine: {'line': b'-- Up-to-date: /home/px4/ros2/ws/install/px4_msgs/include/px4_msgs/px4_msgs/msg/detail/debug_array__rosidl_typesupport_introspection_c.h\n'}
[1.191598] (px4_msgs) StdoutLine: {'line': b'-- Up-to-date: /home/px4/ros2/ws/install/px4_msgs/include/px4_msgs/px4_msgs/msg/detail/arming_check_request__type_support.c\n'}
[1.191645] (px4_msgs) StdoutLine: {'line': b'-- Up-to-date: /home/px4/ros2/ws/install/px4_msgs/include/px4_msgs/px4_msgs/msg/detail/logger_status__rosidl_typesupport_introspection_c.h\n'}
[1.191689] (px4_msgs) StdoutLine: {'line': b'-- Up-to-date: /home/px4/ros2/ws/install/px4_msgs/include/px4_msgs/px4_msgs/msg/detail/gps_dump__rosidl_typesupport_introspection_c.h\n'}
[1.191740] (px4_msgs) StdoutLine: {'line': b'-- Up-to-date: /home/px4/ros2/ws/install/px4_msgs/include/px4_msgs/px4_msgs/msg/detail/actuator_armed__rosidl_typesupport_introspection_c.h\n'}
[1.191801] (px4_msgs) StdoutLine: {'line': b'-- Up-to-date: /home/px4/ros2/ws/install/px4_msgs/include/px4_msgs/px4_msgs/msg/detail/actuator_controls_status__type_support.c\n'}
[1.191855] (px4_msgs) StdoutLine: {'line': b'-- Up-to-date: /home/px4/ros2/ws/install/px4_msgs/include/px4_msgs/px4_msgs/msg/detail/orb_test__rosidl_typesupport_introspection_c.h\n'}
[1.191912] (px4_msgs) StdoutLine: {'line': b'-- Up-to-date: /home/px4/ros2/ws/install/px4_msgs/include/px4_msgs/px4_msgs/msg/detail/vehicle_imu__rosidl_typesupport_introspection_c.h\n'}
[1.191977] (px4_msgs) StdoutLine: {'line': b'-- Up-to-date: /home/px4/ros2/ws/install/px4_msgs/include/px4_msgs/px4_msgs/msg/detail/open_drone_id_system__type_support.c\n'}
[1.192024] (px4_msgs) StdoutLine: {'line': b'-- Up-to-date: /home/px4/ros2/ws/install/px4_msgs/include/px4_msgs/px4_msgs/msg/detail/sensor_correction__type_support.c\n'}
[1.192077] (px4_msgs) StdoutLine: {'line': b'-- Up-to-date: /home/px4/ros2/ws/install/px4_msgs/include/px4_msgs/px4_msgs/msg/detail/vehicle_odometry__type_support.c\n'}
[1.192123] (px4_msgs) StdoutLine: {'line': b'-- Up-to-date: /home/px4/ros2/ws/install/px4_msgs/include/px4_msgs/px4_msgs/msg/detail/hover_thrust_estimate__rosidl_typesupport_introspection_c.h\n'}
[1.192170] (px4_msgs) StdoutLine: {'line': b'-- Up-to-date: /home/px4/ros2/ws/install/px4_msgs/include/px4_msgs/px4_msgs/msg/detail/mission_result__rosidl_typesupport_introspection_c.h\n'}
[1.192233] (px4_msgs) StdoutLine: {'line': b'-- Up-to-date: /home/px4/ros2/ws/install/px4_msgs/include/px4_msgs/px4_msgs/msg/detail/neural_control__rosidl_typesupport_introspection_c.h\n'}
[1.192279] (px4_msgs) StdoutLine: {'line': b'-- Up-to-date: /home/px4/ros2/ws/install/px4_msgs/include/px4_msgs/px4_msgs/msg/detail/rtl_status__type_support.c\n'}
[1.192325] (px4_msgs) StdoutLine: {'line': b'-- Up-to-date: /home/px4/ros2/ws/install/px4_msgs/include/px4_msgs/px4_msgs/msg/detail/navigator_mission_item__type_support.c\n'}
[1.192371] (px4_msgs) StdoutLine: {'line': b'-- Up-to-date: /home/px4/ros2/ws/install/px4_msgs/include/px4_msgs/px4_msgs/msg/detail/dataman_response__type_support.c\n'}
[1.192416] (px4_msgs) StdoutLine: {'line': b'-- Up-to-date: /home/px4/ros2/ws/install/px4_msgs/include/px4_msgs/px4_msgs/msg/detail/rover_attitude_status__type_support.c\n'}
[1.192458] (px4_msgs) StdoutLine: {'line': b'-- Up-to-date: /home/px4/ros2/ws/install/px4_msgs/include/px4_msgs/px4_msgs/msg/detail/arming_check_request__rosidl_typesupport_introspection_c.h\n'}
[1.192517] (px4_msgs) StdoutLine: {'line': b'-- Up-to-date: /home/px4/ros2/ws/install/px4_msgs/include/px4_msgs/px4_msgs/msg/detail/follow_target__type_support.c\n'}
[1.192563] (px4_msgs) StdoutLine: {'line': b'-- Up-to-date: /home/px4/ros2/ws/install/px4_msgs/include/px4_msgs/px4_msgs/msg/detail/estimator_aid_source2d__rosidl_typesupport_introspection_c.h\n'}
[1.192608] (px4_msgs) StdoutLine: {'line': b'-- Up-to-date: /home/px4/ros2/ws/install/px4_msgs/include/px4_msgs/px4_msgs/msg/detail/landing_gear_wheel__type_support.c\n'}
[1.192651] (px4_msgs) StdoutLine: {'line': b'-- Up-to-date: /home/px4/ros2/ws/install/px4_msgs/include/px4_msgs/px4_msgs/msg/detail/radio_status__type_support.c\n'}
[1.192696] (px4_msgs) StdoutLine: {'line': b'-- Up-to-date: /home/px4/ros2/ws/install/px4_msgs/include/px4_msgs/px4_msgs/msg/detail/gripper__rosidl_typesupport_introspection_c.h\n'}
[1.192742] (px4_msgs) StdoutLine: {'line': b'-- Up-to-date: /home/px4/ros2/ws/install/px4_msgs/include/px4_msgs/px4_msgs/msg/detail/rover_rate_setpoint__type_support.c\n'}
[1.192802] (px4_msgs) StdoutLine: {'line': b'-- Up-to-date: /home/px4/ros2/ws/install/px4_msgs/include/px4_msgs/px4_msgs/msg/detail/sensor_gyro_fft__rosidl_typesupport_introspection_c.h\n'}
[1.192860] (px4_msgs) StdoutLine: {'line': b'-- Up-to-date: /home/px4/ros2/ws/install/px4_msgs/include/px4_msgs/px4_msgs/msg/detail/battery_info__rosidl_typesupport_introspection_c.h\n'}
[1.192906] (px4_msgs) StdoutLine: {'line': b'-- Up-to-date: /home/px4/ros2/ws/install/px4_msgs/include/px4_msgs/px4_msgs/msg/detail/actuator_test__rosidl_typesupport_introspection_c.h\n'}
[1.192951] (px4_msgs) StdoutLine: {'line': b'-- Up-to-date: /home/px4/ros2/ws/install/px4_msgs/include/px4_msgs/px4_msgs/msg/detail/sensor_gyro__rosidl_typesupport_introspection_c.h\n'}
[1.192995] (px4_msgs) StdoutLine: {'line': b'-- Up-to-date: /home/px4/ros2/ws/install/px4_msgs/include/px4_msgs/px4_msgs/msg/detail/rc_parameter_map__rosidl_typesupport_introspection_c.h\n'}
[1.193055] (px4_msgs) StdoutLine: {'line': b'-- Up-to-date: /home/px4/ros2/ws/install/px4_msgs/include/px4_msgs/px4_msgs/msg/detail/power_button_state__type_support.c\n'}
[1.193122] (px4_msgs) StdoutLine: {'line': b'-- Up-to-date: /home/px4/ros2/ws/install/px4_msgs/include/px4_msgs/px4_msgs/msg/detail/tecs_status__type_support.c\n'}
[1.193169] (px4_msgs) StdoutLine: {'line': b'-- Up-to-date: /home/px4/ros2/ws/install/px4_msgs/include/px4_msgs/px4_msgs/msg/detail/rc_parameter_map__type_support.c\n'}
[1.193221] (px4_msgs) StdoutLine: {'line': b'-- Up-to-date: /home/px4/ros2/ws/install/px4_msgs/include/px4_msgs/px4_msgs/msg/detail/geofence_result__type_support.c\n'}
[1.193293] (px4_msgs) StdoutLine: {'line': b'-- Up-to-date: /home/px4/ros2/ws/install/px4_msgs/include/px4_msgs/px4_msgs/msg/detail/airspeed_validated__rosidl_typesupport_introspection_c.h\n'}
[1.193344] (px4_msgs) StdoutLine: {'line': b'-- Up-to-date: /home/px4/ros2/ws/install/px4_msgs/include/px4_msgs/px4_msgs/msg/detail/open_drone_id_arm_status__type_support.c\n'}
[1.193390] (px4_msgs) StdoutLine: {'line': b'-- Up-to-date: /home/px4/ros2/ws/install/px4_msgs/include/px4_msgs/px4_msgs/msg/detail/vehicle_command__type_support.c\n'}
[1.193433] (px4_msgs) StdoutLine: {'line': b'-- Up-to-date: /home/px4/ros2/ws/install/px4_msgs/include/px4_msgs/px4_msgs/msg/detail/actuator_servos_trim__type_support.c\n'}
[1.193489] (px4_msgs) StdoutLine: {'line': b'-- Up-to-date: /home/px4/ros2/ws/install/px4_msgs/include/px4_msgs/px4_msgs/msg/detail/pwm_input__rosidl_typesupport_introspection_c.h\n'}
[1.193534] (px4_msgs) StdoutLine: {'line': b'-- Up-to-date: /home/px4/ros2/ws/install/px4_msgs/include/px4_msgs/px4_msgs/msg/detail/longitudinal_control_configuration__type_support.c\n'}
[1.193595] (px4_msgs) StdoutLine: {'line': b'-- Up-to-date: /home/px4/ros2/ws/install/px4_msgs/include/px4_msgs/px4_msgs/msg/detail/vehicle_roi__type_support.c\n'}
[1.193642] (px4_msgs) StdoutLine: {'line': b'-- Up-to-date: /home/px4/ros2/ws/install/px4_msgs/include/px4_msgs/px4_msgs/msg/detail/rc_channels__type_support.c\n'}
[1.193687] (px4_msgs) StdoutLine: {'line': b'-- Up-to-date: /home/px4/ros2/ws/install/px4_msgs/include/px4_msgs/px4_msgs/msg/detail/gpio_in__type_support.c\n'}
[1.193732] (px4_msgs) StdoutLine: {'line': b'-- Up-to-date: /home/px4/ros2/ws/install/px4_msgs/include/px4_msgs/px4_msgs/msg/detail/vehicle_local_position__type_support.c\n'}
[1.193789] (px4_msgs) StdoutLine: {'line': b'-- Up-to-date: /home/px4/ros2/ws/install/px4_msgs/include/px4_msgs/px4_msgs/msg/detail/sensor_hygrometer__type_support.c\n'}
[1.193842] (px4_msgs) StdoutLine: {'line': b'-- Up-to-date: /home/px4/ros2/ws/install/px4_msgs/include/px4_msgs/px4_msgs/msg/detail/qshell_req__type_support.c\n'}
[1.193887] (px4_msgs) StdoutLine: {'line': b'-- Up-to-date: /home/px4/ros2/ws/install/px4_msgs/include/px4_msgs/px4_msgs/msg/detail/adc_report__type_support.c\n'}
[1.193929] (px4_msgs) StdoutLine: {'line': b'-- Up-to-date: /home/px4/ros2/ws/install/px4_msgs/include/px4_msgs/px4_msgs/msg/detail/estimator_status__rosidl_typesupport_introspection_c.h\n'}
[1.193974] (px4_msgs) StdoutLine: {'line': b'-- Up-to-date: /home/px4/ros2/ws/install/px4_msgs/include/px4_msgs/px4_msgs/msg/detail/yaw_estimator_status__type_support.c\n'}
[1.194018] (px4_msgs) StdoutLine: {'line': b'-- Up-to-date: /home/px4/ros2/ws/install/px4_msgs/include/px4_msgs/px4_msgs/msg/detail/vehicle_global_position__rosidl_typesupport_introspection_c.h\n'}
[1.194063] (px4_msgs) StdoutLine: {'line': b'-- Up-to-date: /home/px4/ros2/ws/install/px4_msgs/include/px4_msgs/px4_msgs/msg/detail/battery_status__rosidl_typesupport_introspection_c.h\n'}
[1.194128] (px4_msgs) StdoutLine: {'line': b'-- Up-to-date: /home/px4/ros2/ws/install/px4_msgs/include/px4_msgs/px4_msgs/msg/detail/parameter_set_value_request__rosidl_typesupport_introspection_c.h\n'}
[1.194175] (px4_msgs) StdoutLine: {'line': b'-- Up-to-date: /home/px4/ros2/ws/install/px4_msgs/include/px4_msgs/px4_msgs/msg/detail/gpio_out__rosidl_typesupport_introspection_c.h\n'}
[1.194220] (px4_msgs) StdoutLine: {'line': b'-- Up-to-date: /home/px4/ros2/ws/install/px4_msgs/include/px4_msgs/px4_msgs/msg/detail/failure_detector_status__type_support.c\n'}
[1.194264] (px4_msgs) StdoutLine: {'line': b'-- Up-to-date: /home/px4/ros2/ws/install/px4_msgs/include/px4_msgs/px4_msgs/msg/detail/vehicle_torque_setpoint__type_support.c\n'}
[1.194323] (px4_msgs) StdoutLine: {'line': b'-- Up-to-date: /home/px4/ros2/ws/install/px4_msgs/include/px4_msgs/px4_msgs/msg/detail/rpm__rosidl_typesupport_introspection_c.h\n'}
[1.194379] (px4_msgs) StdoutLine: {'line': b'-- Up-to-date: /home/px4/ros2/ws/install/px4_msgs/include/px4_msgs/px4_msgs/msg/detail/rover_attitude_setpoint__rosidl_typesupport_introspection_c.h\n'}
[1.194426] (px4_msgs) StdoutLine: {'line': b'-- Up-to-date: /home/px4/ros2/ws/install/px4_msgs/include/px4_msgs/px4_msgs/msg/detail/airspeed_wind__rosidl_typesupport_introspection_c.h\n'}
[1.194470] (px4_msgs) StdoutLine: {'line': b'-- Up-to-date: /home/px4/ros2/ws/install/px4_msgs/include/px4_msgs/px4_msgs/msg/detail/vehicle_control_mode__rosidl_typesupport_introspection_c.h\n'}
[1.194515] (px4_msgs) StdoutLine: {'line': b'-- Up-to-date: /home/px4/ros2/ws/install/px4_msgs/include/px4_msgs/px4_msgs/msg/detail/vehicle_magnetometer__type_support.c\n'}
[1.194567] (px4_msgs) StdoutLine: {'line': b'-- Up-to-date: /home/px4/ros2/ws/install/px4_msgs/include/px4_msgs/px4_msgs/msg/detail/mavlink_log__rosidl_typesupport_introspection_c.h\n'}
[1.194614] (px4_msgs) StdoutLine: {'line': b'-- Up-to-date: /home/px4/ros2/ws/install/px4_msgs/include/px4_msgs/px4_msgs/msg/detail/actuator_outputs__rosidl_typesupport_introspection_c.h\n'}
[1.194662] (px4_msgs) StdoutLine: {'line': b'-- Up-to-date: /home/px4/ros2/ws/install/px4_msgs/include/px4_msgs/px4_msgs/msg/detail/vehicle_status__type_support.c\n'}
[1.194734] (px4_msgs) StdoutLine: {'line': b'-- Up-to-date: /home/px4/ros2/ws/install/px4_msgs/include/px4_msgs/px4_msgs/msg/detail/actuator_servos_trim__rosidl_typesupport_introspection_c.h\n'}
[1.194788] (px4_msgs) StdoutLine: {'line': b'-- Up-to-date: /home/px4/ros2/ws/install/px4_msgs/include/px4_msgs/px4_msgs/msg/detail/message_format_request__rosidl_typesupport_introspection_c.h\n'}
[1.194842] (px4_msgs) StdoutLine: {'line': b'-- Up-to-date: /home/px4/ros2/ws/install/px4_msgs/include/px4_msgs/px4_msgs/msg/detail/estimator_status_flags__type_support.c\n'}
[1.194888] (px4_msgs) StdoutLine: {'line': b'-- Up-to-date: /home/px4/ros2/ws/install/px4_msgs/include/px4_msgs/px4_msgs/msg/detail/onboard_computer_status__rosidl_typesupport_introspection_c.h\n'}
[1.194935] (px4_msgs) StdoutLine: {'line': b'-- Up-to-date: /home/px4/ros2/ws/install/px4_msgs/include/px4_msgs/px4_msgs/msg/detail/gimbal_device_information__rosidl_typesupport_introspection_c.h\n'}
[1.194980] (px4_msgs) StdoutLine: {'line': b'-- Up-to-date: /home/px4/ros2/ws/install/px4_msgs/include/px4_msgs/px4_msgs/msg/detail/gimbal_manager_information__rosidl_typesupport_introspection_c.h\n'}
[1.195054] (px4_msgs) StdoutLine: {'line': b'-- Up-to-date: /home/px4/ros2/ws/install/px4_msgs/include/px4_msgs/px4_msgs/msg/detail/sensor_gyro__type_support.c\n'}
[1.195102] (px4_msgs) StdoutLine: {'line': b'-- Up-to-date: /home/px4/ros2/ws/install/px4_msgs/include/px4_msgs/px4_msgs/msg/detail/cpuload__rosidl_typesupport_introspection_c.h\n'}
[1.195148] (px4_msgs) StdoutLine: {'line': b'-- Up-to-date: /home/px4/ros2/ws/install/px4_msgs/include/px4_msgs/px4_msgs/msg/detail/gpio_config__rosidl_typesupport_introspection_c.h\n'}
[1.195210] (px4_msgs) StdoutLine: {'line': b'-- Up-to-date: /home/px4/ros2/ws/install/px4_msgs/include/px4_msgs/px4_msgs/msg/detail/rover_velocity_status__rosidl_typesupport_introspection_c.h\n'}
[1.195257] (px4_msgs) StdoutLine: {'line': b'-- Up-to-date: /home/px4/ros2/ws/install/px4_msgs/include/px4_msgs/px4_msgs/msg/detail/open_drone_id_self_id__type_support.c\n'}
[1.195302] (px4_msgs) StdoutLine: {'line': b'-- Up-to-date: /home/px4/ros2/ws/install/px4_msgs/include/px4_msgs/px4_msgs/msg/detail/orbit_status__type_support.c\n'}
[1.195346] (px4_msgs) StdoutLine: {'line': b'-- Up-to-date: /home/px4/ros2/ws/install/px4_msgs/include/px4_msgs/px4_msgs/msg/detail/iridiumsbd_status__rosidl_typesupport_introspection_c.h\n'}
[1.195395] (px4_msgs) StdoutLine: {'line': b'-- Up-to-date: /home/px4/ros2/ws/install/px4_msgs/include/px4_msgs/px4_msgs/msg/detail/heater_status__rosidl_typesupport_introspection_c.h\n'}
[1.195442] (px4_msgs) StdoutLine: {'line': b'-- Up-to-date: /home/px4/ros2/ws/install/px4_msgs/include/px4_msgs/px4_msgs/msg/detail/gimbal_device_set_attitude__rosidl_typesupport_introspection_c.h\n'}
[1.195513] (px4_msgs) StdoutLine: {'line': b'-- Up-to-date: /home/px4/ros2/ws/install/px4_msgs/include/px4_msgs/px4_msgs/msg/detail/velocity_limits__rosidl_typesupport_introspection_c.h\n'}
[1.195561] (px4_msgs) StdoutLine: {'line': b'-- Up-to-date: /home/px4/ros2/ws/install/px4_msgs/include/px4_msgs/px4_msgs/msg/detail/mavlink_tunnel__rosidl_typesupport_introspection_c.h\n'}
[1.195606] (px4_msgs) StdoutLine: {'line': b'-- Up-to-date: /home/px4/ros2/ws/install/px4_msgs/include/px4_msgs/px4_msgs/msg/detail/actuator_test__type_support.c\n'}
[1.195653] (px4_msgs) StdoutLine: {'line': b'-- Up-to-date: /home/px4/ros2/ws/install/px4_msgs/include/px4_msgs/px4_msgs/msg/detail/esc_status__type_support.c\n'}
[1.195697] (px4_msgs) StdoutLine: {'line': b'-- Up-to-date: /home/px4/ros2/ws/install/px4_msgs/include/px4_msgs/px4_msgs/msg/detail/flight_phase_estimation__type_support.c\n'}
[1.195743] (px4_msgs) StdoutLine: {'line': b'-- Up-to-date: /home/px4/ros2/ws/install/px4_msgs/include/px4_msgs/px4_msgs/msg/detail/differential_pressure__type_support.c\n'}
[1.195801] (px4_msgs) StdoutLine: {'line': b'-- Up-to-date: /home/px4/ros2/ws/install/px4_msgs/include/px4_msgs/px4_msgs/msg/detail/uavcan_parameter_request__rosidl_typesupport_introspection_c.h\n'}
[1.195868] (px4_msgs) StdoutLine: {'line': b'-- Up-to-date: /home/px4/ros2/ws/install/px4_msgs/include/px4_msgs/px4_msgs/msg/detail/vehicle_imu__type_support.c\n'}
[1.195918] (px4_msgs) StdoutLine: {'line': b'-- Up-to-date: /home/px4/ros2/ws/install/px4_msgs/include/px4_msgs/px4_msgs/msg/detail/sensor_gyro_fft__type_support.c\n'}
[1.195979] (px4_msgs) StdoutLine: {'line': b'-- Up-to-date: /home/px4/ros2/ws/install/px4_msgs/include/px4_msgs/px4_msgs/msg/detail/power_monitor__type_support.c\n'}
[1.196024] (px4_msgs) StdoutLine: {'line': b'-- Up-to-date: /home/px4/ros2/ws/install/px4_msgs/include/px4_msgs/px4_msgs/msg/detail/failsafe_flags__type_support.c\n'}
[1.196068] (px4_msgs) StdoutLine: {'line': b'-- Up-to-date: /home/px4/ros2/ws/install/px4_msgs/include/px4_msgs/px4_msgs/msg/detail/can_interface_status__type_support.c\n'}
[1.196112] (px4_msgs) StdoutLine: {'line': b'-- Up-to-date: /home/px4/ros2/ws/install/px4_msgs/include/px4_msgs/px4_msgs/msg/detail/button_event__rosidl_typesupport_introspection_c.h\n'}
[1.196158] (px4_msgs) StdoutLine: {'line': b'-- Up-to-date: /home/px4/ros2/ws/install/px4_msgs/include/px4_msgs/px4_msgs/msg/detail/vehicle_land_detected__rosidl_typesupport_introspection_c.h\n'}
[1.196230] (px4_msgs) StdoutLine: {'line': b'-- Up-to-date: /home/px4/ros2/ws/install/px4_msgs/include/px4_msgs/px4_msgs/msg/detail/estimator_innovations__rosidl_typesupport_introspection_c.h\n'}
[1.196277] (px4_msgs) StdoutLine: {'line': b'-- Up-to-date: /home/px4/ros2/ws/install/px4_msgs/include/px4_msgs/px4_msgs/msg/detail/parameter_set_used_request__type_support.c\n'}
[1.196321] (px4_msgs) StdoutLine: {'line': b'-- Up-to-date: /home/px4/ros2/ws/install/px4_msgs/include/px4_msgs/px4_msgs/msg/detail/manual_control_setpoint__type_support.c\n'}
[1.196364] (px4_msgs) StdoutLine: {'line': b'-- Up-to-date: /home/px4/ros2/ws/install/px4_msgs/include/px4_msgs/px4_msgs/msg/detail/estimator_gps_status__type_support.c\n'}
[1.196408] (px4_msgs) StdoutLine: {'line': b'-- Up-to-date: /home/px4/ros2/ws/install/px4_msgs/include/px4_msgs/px4_msgs/msg/detail/uavcan_parameter_request__type_support.c\n'}
[1.196453] (px4_msgs) StdoutLine: {'line': b'-- Up-to-date: /home/px4/ros2/ws/install/px4_msgs/include/px4_msgs/px4_msgs/msg/detail/sensor_gnss_relative__type_support.c\n'}
[1.196498] (px4_msgs) StdoutLine: {'line': b'-- Up-to-date: /home/px4/ros2/ws/install/px4_msgs/include/px4_msgs/px4_msgs/msg/detail/fixed_wing_lateral_setpoint__rosidl_typesupport_introspection_c.h\n'}
[1.196544] (px4_msgs) StdoutLine: {'line': b'-- Up-to-date: /home/px4/ros2/ws/install/px4_msgs/include/px4_msgs/px4_msgs/msg/detail/gps_inject_data__rosidl_typesupport_introspection_c.h\n'}
[1.196598] (px4_msgs) StdoutLine: {'line': b'-- Up-to-date: /home/px4/ros2/ws/install/px4_msgs/include/px4_msgs/px4_msgs/msg/detail/sensor_selection__type_support.c\n'}
[1.196672] (px4_msgs) StdoutLine: {'line': b'-- Up-to-date: /home/px4/ros2/ws/install/px4_msgs/include/px4_msgs/px4_msgs/msg/detail/actuator_motors__rosidl_typesupport_introspection_c.h\n'}
[1.196719] (px4_msgs) StdoutLine: {'line': b'-- Up-to-date: /home/px4/ros2/ws/install/px4_msgs/include/px4_msgs/px4_msgs/msg/detail/mission__rosidl_typesupport_introspection_c.h\n'}
[1.196763] (px4_msgs) StdoutLine: {'line': b'-- Up-to-date: /home/px4/ros2/ws/install/px4_msgs/include/px4_msgs/px4_msgs/msg/detail/parameter_reset_request__type_support.c\n'}
[1.196827] (px4_msgs) StdoutLine: {'line': b'-- Up-to-date: /home/px4/ros2/ws/install/px4_msgs/include/px4_msgs/px4_msgs/msg/detail/esc_report__rosidl_typesupport_introspection_c.h\n'}
[1.196892] (px4_msgs) StdoutLine: {'line': b'-- Up-to-date: /home/px4/ros2/ws/install/px4_msgs/include/px4_msgs/px4_msgs/msg/detail/position_setpoint__rosidl_typesupport_introspection_c.h\n'}
[1.196939] (px4_msgs) StdoutLine: {'line': b'-- Up-to-date: /home/px4/ros2/ws/install/px4_msgs/include/px4_msgs/px4_msgs/msg/detail/rpm__type_support.c\n'}
[1.196984] (px4_msgs) StdoutLine: {'line': b'-- Up-to-date: /home/px4/ros2/ws/install/px4_msgs/include/px4_msgs/px4_msgs/msg/detail/camera_status__type_support.c\n'}
[1.197043] (px4_msgs) StdoutLine: {'line': b'-- Up-to-date: /home/px4/ros2/ws/install/px4_msgs/include/px4_msgs/px4_msgs/msg/detail/rover_velocity_setpoint__type_support.c\n'}
[1.197090] (px4_msgs) StdoutLine: {'line': b'-- Up-to-date: /home/px4/ros2/ws/install/px4_msgs/include/px4_msgs/px4_msgs/msg/detail/pure_pursuit_status__rosidl_typesupport_introspection_c.h\n'}
[1.197134] (px4_msgs) StdoutLine: {'line': b'-- Up-to-date: /home/px4/ros2/ws/install/px4_msgs/include/px4_msgs/px4_msgs/msg/detail/magnetometer_bias_estimate__rosidl_typesupport_introspection_c.h\n'}
[1.197180] (px4_msgs) StdoutLine: {'line': b'-- Up-to-date: /home/px4/ros2/ws/install/px4_msgs/include/px4_msgs/px4_msgs/msg/detail/ulog_stream_ack__type_support.c\n'}
[1.197225] (px4_msgs) StdoutLine: {'line': b'-- Up-to-date: /home/px4/ros2/ws/install/px4_msgs/include/px4_msgs/px4_msgs/msg/detail/estimator_aid_source1d__rosidl_typesupport_introspection_c.h\n'}
[1.197271] (px4_msgs) StdoutLine: {'line': b'-- Up-to-date: /home/px4/ros2/ws/install/px4_msgs/include/px4_msgs/px4_msgs/msg/detail/estimator_selector_status__type_support.c\n'}
[1.197316] (px4_msgs) StdoutLine: {'line': b'-- Up-to-date: /home/px4/ros2/ws/install/px4_msgs/include/px4_msgs/px4_msgs/msg/detail/collision_constraints__type_support.c\n'}
[1.197362] (px4_msgs) StdoutLine: {'line': b'-- Up-to-date: /home/px4/ros2/ws/install/px4_msgs/include/px4_msgs/px4_msgs/msg/detail/dronecan_node_status__rosidl_typesupport_introspection_c.h\n'}
[1.197407] (px4_msgs) StdoutLine: {'line': b'-- Up-to-date: /home/px4/ros2/ws/install/px4_msgs/include/px4_msgs/px4_msgs/msg/detail/dataman_request__rosidl_typesupport_introspection_c.h\n'}
[1.197454] (px4_msgs) StdoutLine: {'line': b'-- Up-to-date: /home/px4/ros2/ws/install/px4_msgs/include/px4_msgs/px4_msgs/msg/detail/figure_eight_status__rosidl_typesupport_introspection_c.h\n'}
[1.197516] (px4_msgs) StdoutLine: {'line': b'-- Up-to-date: /home/px4/ros2/ws/install/px4_msgs/include/px4_msgs/px4_msgs/msg/detail/vehicle_local_position_setpoint__type_support.c\n'}
[1.197563] (px4_msgs) StdoutLine: {'line': b'-- Up-to-date: /home/px4/ros2/ws/install/px4_msgs/include/px4_msgs/px4_msgs/msg/detail/sensor_accel__type_support.c\n'}
[1.197610] (px4_msgs) StdoutLine: {'line': b'-- Up-to-date: /home/px4/ros2/ws/install/px4_msgs/include/px4_msgs/px4_msgs/msg/detail/message_format_request__type_support.c\n'}
[1.197676] (px4_msgs) StdoutLine: {'line': b'-- Up-to-date: /home/px4/ros2/ws/install/px4_msgs/include/px4_msgs/px4_msgs/msg/detail/arming_check_reply__type_support.c\n'}
[1.197725] (px4_msgs) StdoutLine: {'line': b'-- Up-to-date: /home/px4/ros2/ws/install/px4_msgs/include/px4_msgs/px4_msgs/msg/detail/ulog_stream_ack__rosidl_typesupport_introspection_c.h\n'}
[1.197772] (px4_msgs) StdoutLine: {'line': b'-- Up-to-date: /home/px4/ros2/ws/install/px4_msgs/include/px4_msgs/px4_msgs/msg/detail/vehicle_constraints__rosidl_typesupport_introspection_c.h\n'}
[1.197846] (px4_msgs) StdoutLine: {'line': b'-- Up-to-date: /home/px4/ros2/ws/install/px4_msgs/include/px4_msgs/px4_msgs/msg/detail/rc_channels__rosidl_typesupport_introspection_c.h\n'}
[1.197910] (px4_msgs) StdoutLine: {'line': b'-- Up-to-date: /home/px4/ros2/ws/install/px4_msgs/include/px4_msgs/px4_msgs/msg/detail/lateral_control_configuration__rosidl_typesupport_introspection_c.h\n'}
[1.197957] (px4_msgs) StdoutLine: {'line': b'-- Up-to-date: /home/px4/ros2/ws/install/px4_msgs/include/px4_msgs/px4_msgs/msg/detail/battery_info__type_support.c\n'}
[1.198004] (px4_msgs) StdoutLine: {'line': b'-- Up-to-date: /home/px4/ros2/ws/install/px4_msgs/include/px4_msgs/px4_msgs/msg/detail/vehicle_attitude__rosidl_typesupport_introspection_c.h\n'}
[1.198049] (px4_msgs) StdoutLine: {'line': b'-- Up-to-date: /home/px4/ros2/ws/install/px4_msgs/include/px4_msgs/px4_msgs/msg/detail/differential_pressure__rosidl_typesupport_introspection_c.h\n'}
[1.198094] (px4_msgs) StdoutLine: {'line': b'-- Up-to-date: /home/px4/ros2/ws/install/px4_msgs/include/px4_msgs/px4_msgs/msg/detail/position_setpoint_triplet__rosidl_typesupport_introspection_c.h\n'}
[1.198139] (px4_msgs) StdoutLine: {'line': b'-- Up-to-date: /home/px4/ros2/ws/install/px4_msgs/include/px4_msgs/px4_msgs/msg/detail/register_ext_component_reply__rosidl_typesupport_introspection_c.h\n'}
[1.198195] (px4_msgs) StdoutLine: {'line': b'-- Up-to-date: /home/px4/ros2/ws/install/px4_msgs/include/px4_msgs/px4_msgs/msg/detail/parameter_reset_request__rosidl_typesupport_introspection_c.h\n'}
[1.198241] (px4_msgs) StdoutLine: {'line': b'-- Up-to-date: /home/px4/ros2/ws/install/px4_msgs/include/px4_msgs/px4_msgs/msg/detail/gpio_request__rosidl_typesupport_introspection_c.h\n'}
[1.198302] (px4_msgs) StdoutLine: {'line': b'-- Up-to-date: /home/px4/ros2/ws/install/px4_msgs/include/px4_msgs/px4_msgs/msg/detail/mission__type_support.c\n'}
[1.198363] (px4_msgs) StdoutLine: {'line': b'-- Up-to-date: /home/px4/ros2/ws/install/px4_msgs/include/px4_msgs/px4_msgs/msg/detail/estimator_sensor_bias__rosidl_typesupport_introspection_c.h\n'}
[1.198409] (px4_msgs) StdoutLine: {'line': b'-- Up-to-date: /home/px4/ros2/ws/install/px4_msgs/include/px4_msgs/px4_msgs/msg/detail/iridiumsbd_status__type_support.c\n'}
[1.198470] (px4_msgs) StdoutLine: {'line': b'-- Up-to-date: /home/px4/ros2/ws/install/px4_msgs/include/px4_msgs/px4_msgs/msg/detail/estimator_aid_source3d__rosidl_typesupport_introspection_c.h\n'}
[1.198516] (px4_msgs) StdoutLine: {'line': b'-- Up-to-date: /home/px4/ros2/ws/install/px4_msgs/include/px4_msgs/px4_msgs/msg/detail/camera_status__rosidl_typesupport_introspection_c.h\n'}
[1.198562] (px4_msgs) StdoutLine: {'line': b'-- Up-to-date: /home/px4/ros2/ws/install/px4_msgs/include/px4_msgs/px4_msgs/msg/detail/camera_capture__type_support.c\n'}
[1.198607] (px4_msgs) StdoutLine: {'line': b'-- Up-to-date: /home/px4/ros2/ws/install/px4_msgs/include/px4_msgs/px4_msgs/msg/detail/mavlink_tunnel__type_support.c\n'}
[1.198671] (px4_msgs) StdoutLine: {'line': b'-- Up-to-date: /home/px4/ros2/ws/install/px4_msgs/include/px4_msgs/px4_msgs/msg/detail/actuator_outputs__type_support.c\n'}
[1.198717] (px4_msgs) StdoutLine: {'line': b'-- Up-to-date: /home/px4/ros2/ws/install/px4_msgs/include/px4_msgs/px4_msgs/msg/detail/vehicle_roi__rosidl_typesupport_introspection_c.h\n'}
[1.198762] (px4_msgs) StdoutLine: {'line': b'-- Up-to-date: /home/px4/ros2/ws/install/px4_msgs/include/px4_msgs/px4_msgs/msg/detail/fixed_wing_longitudinal_setpoint__type_support.c\n'}
[1.198823] (px4_msgs) StdoutLine: {'line': b'-- Up-to-date: /home/px4/ros2/ws/install/px4_msgs/include/px4_msgs/px4_msgs/msg/detail/actuator_motors__type_support.c\n'}
[1.198872] (px4_msgs) StdoutLine: {'line': b'-- Up-to-date: /home/px4/ros2/ws/install/px4_msgs/include/px4_msgs/px4_msgs/msg/detail/ping__rosidl_typesupport_introspection_c.h\n'}
[1.198918] (px4_msgs) StdoutLine: {'line': b'-- Up-to-date: /home/px4/ros2/ws/install/px4_msgs/include/px4_msgs/px4_msgs/msg/detail/parameter_set_value_response__type_support.c\n'}
[1.198983] (px4_msgs) StdoutLine: {'line': b'-- Up-to-date: /home/px4/ros2/ws/install/px4_msgs/include/px4_msgs/px4_msgs/msg/detail/rover_velocity_status__type_support.c\n'}
[1.199030] (px4_msgs) StdoutLine: {'line': b'-- Up-to-date: /home/px4/ros2/ws/install/px4_msgs/include/px4_msgs/px4_msgs/msg/detail/gimbal_device_set_attitude__type_support.c\n'}
[1.199074] (px4_msgs) StdoutLine: {'line': b'-- Up-to-date: /home/px4/ros2/ws/install/px4_msgs/include/px4_msgs/px4_msgs/msg/detail/rover_position_setpoint__type_support.c\n'}
[1.199120] (px4_msgs) StdoutLine: {'line': b'-- Up-to-date: /home/px4/ros2/ws/install/px4_msgs/include/px4_msgs/px4_msgs/msg/detail/message_format_response__rosidl_typesupport_introspection_c.h\n'}
[1.199171] (px4_msgs) StdoutLine: {'line': b'-- Up-to-date: /home/px4/ros2/ws/install/px4_msgs/include/px4_msgs/px4_msgs/msg/detail/parameter_set_used_request__rosidl_typesupport_introspection_c.h\n'}
[1.199221] (px4_msgs) StdoutLine: {'line': b'-- Up-to-date: /home/px4/ros2/ws/install/px4_msgs/include/px4_msgs/px4_msgs/msg/detail/estimator_event_flags__rosidl_typesupport_introspection_c.h\n'}
[1.199283] (px4_msgs) StdoutLine: {'line': b'-- Up-to-date: /home/px4/ros2/ws/install/px4_msgs/include/px4_msgs/px4_msgs/msg/detail/position_controller_status__rosidl_typesupport_introspection_c.h\n'}
[1.199345] (px4_msgs) StdoutLine: {'line': b'-- Up-to-date: /home/px4/ros2/ws/install/px4_msgs/include/px4_msgs/px4_msgs/msg/detail/fuel_tank_status__rosidl_typesupport_introspection_c.h\n'}
[1.199392] (px4_msgs) StdoutLine: {'line': b'-- Up-to-date: /home/px4/ros2/ws/install/px4_msgs/include/px4_msgs/px4_msgs/msg/detail/timesync_status__type_support.c\n'}
[1.199437] (px4_msgs) StdoutLine: {'line': b'-- Up-to-date: /home/px4/ros2/ws/install/px4_msgs/include/px4_msgs/px4_msgs/msg/detail/gpio_out__type_support.c\n'}
[1.199484] (px4_msgs) StdoutLine: {'line': b'-- Up-to-date: /home/px4/ros2/ws/install/px4_msgs/include/px4_msgs/px4_msgs/msg/detail/orb_test__type_support.c\n'}
[1.199530] (px4_msgs) StdoutLine: {'line': b'-- Up-to-date: /home/px4/ros2/ws/install/px4_msgs/include/px4_msgs/px4_msgs/msg/detail/qshell_retval__rosidl_typesupport_introspection_c.h\n'}
[1.199591] (px4_msgs) StdoutLine: {'line': b'-- Up-to-date: /home/px4/ros2/ws/install/px4_msgs/include/px4_msgs/px4_msgs/msg/detail/ekf2_timestamps__rosidl_typesupport_introspection_c.h\n'}
[1.199637] (px4_msgs) StdoutLine: {'line': b'-- Up-to-date: /home/px4/ros2/ws/install/px4_msgs/include/px4_msgs/px4_msgs/msg/detail/sensor_mag__rosidl_typesupport_introspection_c.h\n'}
[1.199682] (px4_msgs) StdoutLine: {'line': b'-- Up-to-date: /home/px4/ros2/ws/install/px4_msgs/include/px4_msgs/px4_msgs/msg/detail/gimbal_controls__rosidl_typesupport_introspection_c.h\n'}
[1.199761] (px4_msgs) StdoutLine: {'line': b'-- Up-to-date: /home/px4/ros2/ws/install/px4_msgs/include/px4_msgs/px4_msgs/msg/detail/unregister_ext_component__rosidl_typesupport_introspection_c.h\n'}
[1.199826] (px4_msgs) StdoutLine: {'line': b'-- Up-to-date: /home/px4/ros2/ws/install/px4_msgs/include/px4_msgs/px4_msgs/msg/detail/estimator_gps_status__rosidl_typesupport_introspection_c.h\n'}
[1.199877] (px4_msgs) StdoutLine: {'line': b'-- Up-to-date: /home/px4/ros2/ws/install/px4_msgs/include/px4_msgs/px4_msgs/msg/detail/task_stack_info__type_support.c\n'}
[1.199923] (px4_msgs) StdoutLine: {'line': b'-- Up-to-date: /home/px4/ros2/ws/install/px4_msgs/include/px4_msgs/px4_msgs/msg/detail/launch_detection_status__rosidl_typesupport_introspection_c.h\n'}
[1.199969] (px4_msgs) StdoutLine: {'line': b'-- Up-to-date: /home/px4/ros2/ws/install/px4_msgs/include/px4_msgs/px4_msgs/msg/detail/tecs_status__rosidl_typesupport_introspection_c.h\n'}
[1.200015] (px4_msgs) StdoutLine: {'line': b'-- Up-to-date: /home/px4/ros2/ws/install/px4_msgs/include/px4_msgs/px4_msgs/msg/detail/debug_array__type_support.c\n'}
[1.200061] (px4_msgs) StdoutLine: {'line': b'-- Up-to-date: /home/px4/ros2/ws/install/px4_msgs/include/px4_msgs/px4_msgs/msg/detail/dataman_response__rosidl_typesupport_introspection_c.h\n'}
[1.200132] (px4_msgs) StdoutLine: {'line': b'-- Up-to-date: /home/px4/ros2/ws/install/px4_msgs/include/px4_msgs/px4_msgs/msg/detail/pwm_input__type_support.c\n'}
[1.200180] (px4_msgs) StdoutLine: {'line': b'-- Up-to-date: /home/px4/ros2/ws/install/px4_msgs/include/px4_msgs/px4_msgs/msg/detail/landing_target_pose__rosidl_typesupport_introspection_c.h\n'}
[1.200227] (px4_msgs) StdoutLine: {'line': b'-- Up-to-date: /home/px4/ros2/ws/install/px4_msgs/include/px4_msgs/px4_msgs/msg/detail/estimator_bias__type_support.c\n'}
[1.200273] (px4_msgs) StdoutLine: {'line': b'-- Up-to-date: /home/px4/ros2/ws/install/px4_msgs/include/px4_msgs/px4_msgs/msg/detail/register_ext_component_reply__type_support.c\n'}
[1.200320] (px4_msgs) StdoutLine: {'line': b'-- Up-to-date: /home/px4/ros2/ws/install/px4_msgs/include/px4_msgs/px4_msgs/msg/detail/follow_target_status__rosidl_typesupport_introspection_c.h\n'}
[1.200365] (px4_msgs) StdoutLine: {'line': b'-- Up-to-date: /home/px4/ros2/ws/install/px4_msgs/include/px4_msgs/px4_msgs/msg/detail/internal_combustion_engine_control__rosidl_typesupport_introspection_c.h\n'}
[1.200410] (px4_msgs) StdoutLine: {'line': b'-- Up-to-date: /home/px4/ros2/ws/install/px4_msgs/include/px4_msgs/px4_msgs/msg/detail/obstacle_distance__rosidl_typesupport_introspection_c.h\n'}
[1.200454] (px4_msgs) StdoutLine: {'line': b'-- Up-to-date: /home/px4/ros2/ws/install/px4_msgs/include/px4_msgs/px4_msgs/msg/detail/autotune_attitude_control_status__type_support.c\n'}
[1.200514] (px4_msgs) StdoutLine: {'line': b'-- Up-to-date: /home/px4/ros2/ws/install/px4_msgs/include/px4_msgs/px4_msgs/msg/detail/normalized_unsigned_setpoint__type_support.c\n'}
[1.200562] (px4_msgs) StdoutLine: {'line': b'-- Up-to-date: /home/px4/ros2/ws/install/px4_msgs/include/px4_msgs/px4_msgs/msg/detail/gpio_request__type_support.c\n'}
[1.200614] (px4_msgs) StdoutLine: {'line': b'-- Up-to-date: /home/px4/ros2/ws/install/px4_msgs/include/px4_msgs/px4_msgs/msg/detail/position_setpoint__type_support.c\n'}
[1.200661] (px4_msgs) StdoutLine: {'line': b'-- Up-to-date: /home/px4/ros2/ws/install/px4_msgs/include/px4_msgs/px4_msgs/msg/detail/parameter_update__type_support.c\n'}
[1.200720] (px4_msgs) StdoutLine: {'line': b'-- Up-to-date: /home/px4/ros2/ws/install/px4_msgs/include/px4_msgs/px4_msgs/msg/detail/fixed_wing_lateral_status__rosidl_typesupport_introspection_c.h\n'}
[1.200766] (px4_msgs) StdoutLine: {'line': b'-- Up-to-date: /home/px4/ros2/ws/install/px4_msgs/include/px4_msgs/px4_msgs/msg/detail/qshell_req__rosidl_typesupport_introspection_c.h\n'}
[1.200832] (px4_msgs) StdoutLine: {'line': b'-- Up-to-date: /home/px4/ros2/ws/install/px4_msgs/include/px4_msgs/px4_msgs/msg/detail/vehicle_imu_status__type_support.c\n'}
[1.200893] (px4_msgs) StdoutLine: {'line': b'-- Up-to-date: /home/px4/ros2/ws/install/px4_msgs/include/px4_msgs/px4_msgs/msg/detail/follow_target__rosidl_typesupport_introspection_c.h\n'}
[1.200940] (px4_msgs) StdoutLine: {'line': b'-- Up-to-date: /home/px4/ros2/ws/install/px4_msgs/include/px4_msgs/px4_msgs/msg/detail/estimator_bias__rosidl_typesupport_introspection_c.h\n'}
[1.200985] (px4_msgs) StdoutLine: {'line': b'-- Up-to-date: /home/px4/ros2/ws/install/px4_msgs/include/px4_msgs/px4_msgs/msg/detail/event__type_support.c\n'}
[1.201030] (px4_msgs) StdoutLine: {'line': b'-- Up-to-date: /home/px4/ros2/ws/install/px4_msgs/include/px4_msgs/px4_msgs/msg/detail/rover_position_setpoint__rosidl_typesupport_introspection_c.h\n'}
[1.201075] (px4_msgs) StdoutLine: {'line': b'-- Up-to-date: /home/px4/ros2/ws/install/px4_msgs/include/px4_msgs/px4_msgs/msg/rosidl_typesupport_introspection_c__visibility_control.h\n'}
[1.201120] (px4_msgs) StdoutLine: {'line': b'-- Up-to-date: /home/px4/ros2/ws/install/px4_msgs/include/px4_msgs/px4_msgs/srv\n'}
[1.201165] (px4_msgs) StdoutLine: {'line': b'-- Up-to-date: /home/px4/ros2/ws/install/px4_msgs/include/px4_msgs/px4_msgs/srv/detail\n'}
[1.201209] (px4_msgs) StdoutLine: {'line': b'-- Up-to-date: /home/px4/ros2/ws/install/px4_msgs/include/px4_msgs/px4_msgs/srv/detail/vehicle_command__rosidl_typesupport_introspection_c.h\n'}
[1.201262] (px4_msgs) StdoutLine: {'line': b'-- Up-to-date: /home/px4/ros2/ws/install/px4_msgs/include/px4_msgs/px4_msgs/srv/detail/vehicle_command__type_support.c\n'}
[1.201305] (px4_msgs) StdoutLine: {'line': b'-- Up-to-date: /home/px4/ros2/ws/install/px4_msgs/lib/libpx4_msgs__rosidl_typesupport_introspection_c.so\n'}
[1.201371] (-) TimerEvent: {}
[1.201449] (px4_msgs) StdoutLine: {'line': b'-- Up-to-date: /home/px4/ros2/ws/install/px4_msgs/lib/libpx4_msgs__rosidl_typesupport_c.so\n'}
[1.201508] (px4_msgs) StdoutLine: {'line': b'-- Up-to-date: /home/px4/ros2/ws/install/px4_msgs/include/px4_msgs/px4_msgs\n'}
[1.201561] (px4_msgs) StdoutLine: {'line': b'-- Up-to-date: /home/px4/ros2/ws/install/px4_msgs/include/px4_msgs/px4_msgs/msg\n'}
[1.201610] (px4_msgs) StdoutLine: {'line': b'-- Up-to-date: /home/px4/ros2/ws/install/px4_msgs/include/px4_msgs/px4_msgs/msg/detail\n'}
[1.201679] (px4_msgs) StdoutLine: {'line': b'-- Up-to-date: /home/px4/ros2/ws/install/px4_msgs/include/px4_msgs/px4_msgs/msg/detail/follow_target_estimator__rosidl_typesupport_introspection_cpp.hpp\n'}
[1.201745] (px4_msgs) StdoutLine: {'line': b'-- Up-to-date: /home/px4/ros2/ws/install/px4_msgs/include/px4_msgs/px4_msgs/msg/detail/mode_completed__rosidl_typesupport_introspection_cpp.hpp\n'}
[1.201804] (px4_msgs) StdoutLine: {'line': b'-- Up-to-date: /home/px4/ros2/ws/install/px4_msgs/include/px4_msgs/px4_msgs/msg/detail/gimbal_device_information__type_support.cpp\n'}
[1.201857] (px4_msgs) StdoutLine: {'line': b'-- Up-to-date: /home/px4/ros2/ws/install/px4_msgs/include/px4_msgs/px4_msgs/msg/detail/message_format_request__rosidl_typesupport_introspection_cpp.hpp\n'}
[1.201904] (px4_msgs) StdoutLine: {'line': b'-- Up-to-date: /home/px4/ros2/ws/install/px4_msgs/include/px4_msgs/px4_msgs/msg/detail/vehicle_control_mode__type_support.cpp\n'}
[1.201950] (px4_msgs) StdoutLine: {'line': b'-- Up-to-date: /home/px4/ros2/ws/install/px4_msgs/include/px4_msgs/px4_msgs/msg/detail/generator_status__rosidl_typesupport_introspection_cpp.hpp\n'}
[1.201996] (px4_msgs) StdoutLine: {'line': b'-- Up-to-date: /home/px4/ros2/ws/install/px4_msgs/include/px4_msgs/px4_msgs/msg/detail/rover_velocity_setpoint__type_support.cpp\n'}
[1.202041] (px4_msgs) StdoutLine: {'line': b'-- Up-to-date: /home/px4/ros2/ws/install/px4_msgs/include/px4_msgs/px4_msgs/msg/detail/dataman_request__rosidl_typesupport_introspection_cpp.hpp\n'}
[1.202086] (px4_msgs) StdoutLine: {'line': b'-- Up-to-date: /home/px4/ros2/ws/install/px4_msgs/include/px4_msgs/px4_msgs/msg/detail/failsafe_flags__rosidl_typesupport_introspection_cpp.hpp\n'}
[1.202130] (px4_msgs) StdoutLine: {'line': b'-- Up-to-date: /home/px4/ros2/ws/install/px4_msgs/include/px4_msgs/px4_msgs/msg/detail/vehicle_global_position__rosidl_typesupport_introspection_cpp.hpp\n'}
[1.202206] (px4_msgs) StdoutLine: {'line': b'-- Up-to-date: /home/px4/ros2/ws/install/px4_msgs/include/px4_msgs/px4_msgs/msg/detail/vehicle_optical_flow__type_support.cpp\n'}
[1.202261] (px4_msgs) StdoutLine: {'line': b'-- Up-to-date: /home/px4/ros2/ws/install/px4_msgs/include/px4_msgs/px4_msgs/msg/detail/rtl_status__rosidl_typesupport_introspection_cpp.hpp\n'}
[1.202309] (px4_msgs) StdoutLine: {'line': b'-- Up-to-date: /home/px4/ros2/ws/install/px4_msgs/include/px4_msgs/px4_msgs/msg/detail/vehicle_attitude__type_support.cpp\n'}
[1.202376] (px4_msgs) StdoutLine: {'line': b'-- Up-to-date: /home/px4/ros2/ws/install/px4_msgs/include/px4_msgs/px4_msgs/msg/detail/lateral_control_configuration__type_support.cpp\n'}
[1.202424] (px4_msgs) StdoutLine: {'line': b'-- Up-to-date: /home/px4/ros2/ws/install/px4_msgs/include/px4_msgs/px4_msgs/msg/detail/sensor_combined__rosidl_typesupport_introspection_cpp.hpp\n'}
[1.202472] (px4_msgs) StdoutLine: {'line': b'-- Up-to-date: /home/px4/ros2/ws/install/px4_msgs/include/px4_msgs/px4_msgs/msg/detail/open_drone_id_system__rosidl_typesupport_introspection_cpp.hpp\n'}
[1.202518] (px4_msgs) StdoutLine: {'line': b'-- Up-to-date: /home/px4/ros2/ws/install/px4_msgs/include/px4_msgs/px4_msgs/msg/detail/follow_target_status__rosidl_typesupport_introspection_cpp.hpp\n'}
[1.202590] (px4_msgs) StdoutLine: {'line': b'-- Up-to-date: /home/px4/ros2/ws/install/px4_msgs/include/px4_msgs/px4_msgs/msg/detail/mavlink_tunnel__rosidl_typesupport_introspection_cpp.hpp\n'}
[1.202636] (px4_msgs) StdoutLine: {'line': b'-- Up-to-date: /home/px4/ros2/ws/install/px4_msgs/include/px4_msgs/px4_msgs/msg/detail/ulog_stream_ack__type_support.cpp\n'}
[1.202682] (px4_msgs) StdoutLine: {'line': b'-- Up-to-date: /home/px4/ros2/ws/install/px4_msgs/include/px4_msgs/px4_msgs/msg/detail/ekf2_timestamps__rosidl_typesupport_introspection_cpp.hpp\n'}
[1.202727] (px4_msgs) StdoutLine: {'line': b'-- Up-to-date: /home/px4/ros2/ws/install/px4_msgs/include/px4_msgs/px4_msgs/msg/detail/rover_steering_setpoint__rosidl_typesupport_introspection_cpp.hpp\n'}
[1.202773] (px4_msgs) StdoutLine: {'line': b'-- Up-to-date: /home/px4/ros2/ws/install/px4_msgs/include/px4_msgs/px4_msgs/msg/detail/actuator_armed__type_support.cpp\n'}
[1.202839] (px4_msgs) StdoutLine: {'line': b'-- Up-to-date: /home/px4/ros2/ws/install/px4_msgs/include/px4_msgs/px4_msgs/msg/detail/landing_target_innovations__rosidl_typesupport_introspection_cpp.hpp\n'}
[1.202885] (px4_msgs) StdoutLine: {'line': b'-- Up-to-date: /home/px4/ros2/ws/install/px4_msgs/include/px4_msgs/px4_msgs/msg/detail/collision_constraints__rosidl_typesupport_introspection_cpp.hpp\n'}
[1.202928] (px4_msgs) StdoutLine: {'line': b'-- Up-to-date: /home/px4/ros2/ws/install/px4_msgs/include/px4_msgs/px4_msgs/msg/detail/orb_test_medium__type_support.cpp\n'}
[1.202973] (px4_msgs) StdoutLine: {'line': b'-- Up-to-date: /home/px4/ros2/ws/install/px4_msgs/include/px4_msgs/px4_msgs/msg/detail/vehicle_local_position__type_support.cpp\n'}
[1.203021] (px4_msgs) StdoutLine: {'line': b'-- Up-to-date: /home/px4/ros2/ws/install/px4_msgs/include/px4_msgs/px4_msgs/msg/detail/ulog_stream_ack__rosidl_typesupport_introspection_cpp.hpp\n'}
[1.203105] (px4_msgs) StdoutLine: {'line': b'-- Up-to-date: /home/px4/ros2/ws/install/px4_msgs/include/px4_msgs/px4_msgs/msg/detail/estimator_status__rosidl_typesupport_introspection_cpp.hpp\n'}
[1.203155] (px4_msgs) StdoutLine: {'line': b'-- Up-to-date: /home/px4/ros2/ws/install/px4_msgs/include/px4_msgs/px4_msgs/msg/detail/rover_rate_setpoint__rosidl_typesupport_introspection_cpp.hpp\n'}
[1.203227] (px4_msgs) StdoutLine: {'line': b'-- Up-to-date: /home/px4/ros2/ws/install/px4_msgs/include/px4_msgs/px4_msgs/msg/detail/vehicle_imu_status__rosidl_typesupport_introspection_cpp.hpp\n'}
[1.203275] (px4_msgs) StdoutLine: {'line': b'-- Up-to-date: /home/px4/ros2/ws/install/px4_msgs/include/px4_msgs/px4_msgs/msg/detail/fixed_wing_lateral_setpoint__type_support.cpp\n'}
[1.203321] (px4_msgs) StdoutLine: {'line': b'-- Up-to-date: /home/px4/ros2/ws/install/px4_msgs/include/px4_msgs/px4_msgs/msg/detail/dronecan_node_status__rosidl_typesupport_introspection_cpp.hpp\n'}
[1.203368] (px4_msgs) StdoutLine: {'line': b'-- Up-to-date: /home/px4/ros2/ws/install/px4_msgs/include/px4_msgs/px4_msgs/msg/detail/parameter_set_value_request__rosidl_typesupport_introspection_cpp.hpp\n'}
[1.203438] (px4_msgs) StdoutLine: {'line': b'-- Up-to-date: /home/px4/ros2/ws/install/px4_msgs/include/px4_msgs/px4_msgs/msg/detail/actuator_servos_trim__type_support.cpp\n'}
[1.203485] (px4_msgs) StdoutLine: {'line': b'-- Up-to-date: /home/px4/ros2/ws/install/px4_msgs/include/px4_msgs/px4_msgs/msg/detail/velocity_limits__rosidl_typesupport_introspection_cpp.hpp\n'}
[1.203536] (px4_msgs) StdoutLine: {'line': b'-- Up-to-date: /home/px4/ros2/ws/install/px4_msgs/include/px4_msgs/px4_msgs/msg/detail/sensor_preflight_mag__type_support.cpp\n'}
[1.203581] (px4_msgs) StdoutLine: {'line': b'-- Up-to-date: /home/px4/ros2/ws/install/px4_msgs/include/px4_msgs/px4_msgs/msg/detail/rover_velocity_status__type_support.cpp\n'}
[1.203624] (px4_msgs) StdoutLine: {'line': b'-- Up-to-date: /home/px4/ros2/ws/install/px4_msgs/include/px4_msgs/px4_msgs/msg/detail/takeoff_status__rosidl_typesupport_introspection_cpp.hpp\n'}
[1.203670] (px4_msgs) StdoutLine: {'line': b'-- Up-to-date: /home/px4/ros2/ws/install/px4_msgs/include/px4_msgs/px4_msgs/msg/detail/estimator_aid_source2d__rosidl_typesupport_introspection_cpp.hpp\n'}
[1.203728] (px4_msgs) StdoutLine: {'line': b'-- Up-to-date: /home/px4/ros2/ws/install/px4_msgs/include/px4_msgs/px4_msgs/msg/detail/camera_trigger__rosidl_typesupport_introspection_cpp.hpp\n'}
[1.203774] (px4_msgs) StdoutLine: {'line': b'-- Up-to-date: /home/px4/ros2/ws/install/px4_msgs/include/px4_msgs/px4_msgs/msg/detail/home_position__type_support.cpp\n'}
[1.203838] (px4_msgs) StdoutLine: {'line': b'-- Up-to-date: /home/px4/ros2/ws/install/px4_msgs/include/px4_msgs/px4_msgs/msg/detail/rc_channels__type_support.cpp\n'}
[1.203902] (px4_msgs) StdoutLine: {'line': b'-- Up-to-date: /home/px4/ros2/ws/install/px4_msgs/include/px4_msgs/px4_msgs/msg/detail/sensor_accel_fifo__type_support.cpp\n'}
[1.203974] (px4_msgs) StdoutLine: {'line': b'-- Up-to-date: /home/px4/ros2/ws/install/px4_msgs/include/px4_msgs/px4_msgs/msg/detail/tecs_status__rosidl_typesupport_introspection_cpp.hpp\n'}
[1.204021] (px4_msgs) StdoutLine: {'line': b'-- Up-to-date: /home/px4/ros2/ws/install/px4_msgs/include/px4_msgs/px4_msgs/msg/detail/fixed_wing_lateral_guidance_status__type_support.cpp\n'}
[1.204092] (px4_msgs) StdoutLine: {'line': b'-- Up-to-date: /home/px4/ros2/ws/install/px4_msgs/include/px4_msgs/px4_msgs/msg/detail/magnetometer_bias_estimate__rosidl_typesupport_introspection_cpp.hpp\n'}
[1.204140] (px4_msgs) StdoutLine: {'line': b'-- Up-to-date: /home/px4/ros2/ws/install/px4_msgs/include/px4_msgs/px4_msgs/msg/detail/differential_pressure__type_support.cpp\n'}
[1.204185] (px4_msgs) StdoutLine: {'line': b'-- Up-to-date: /home/px4/ros2/ws/install/px4_msgs/include/px4_msgs/px4_msgs/msg/detail/sensor_gyro__rosidl_typesupport_introspection_cpp.hpp\n'}
[1.204229] (px4_msgs) StdoutLine: {'line': b'-- Up-to-date: /home/px4/ros2/ws/install/px4_msgs/include/px4_msgs/px4_msgs/msg/detail/distance_sensor__rosidl_typesupport_introspection_cpp.hpp\n'}
[1.204296] (px4_msgs) StdoutLine: {'line': b'-- Up-to-date: /home/px4/ros2/ws/install/px4_msgs/include/px4_msgs/px4_msgs/msg/detail/mission__type_support.cpp\n'}
[1.204342] (px4_msgs) StdoutLine: {'line': b'-- Up-to-date: /home/px4/ros2/ws/install/px4_msgs/include/px4_msgs/px4_msgs/msg/detail/event__type_support.cpp\n'}
[1.204391] (px4_msgs) StdoutLine: {'line': b'-- Up-to-date: /home/px4/ros2/ws/install/px4_msgs/include/px4_msgs/px4_msgs/msg/detail/rpm__rosidl_typesupport_introspection_cpp.hpp\n'}
[1.204437] (px4_msgs) StdoutLine: {'line': b'-- Up-to-date: /home/px4/ros2/ws/install/px4_msgs/include/px4_msgs/px4_msgs/msg/detail/follow_target_status__type_support.cpp\n'}
[1.204484] (px4_msgs) StdoutLine: {'line': b'-- Up-to-date: /home/px4/ros2/ws/install/px4_msgs/include/px4_msgs/px4_msgs/msg/detail/follow_target_estimator__type_support.cpp\n'}
[1.204528] (px4_msgs) StdoutLine: {'line': b'-- Up-to-date: /home/px4/ros2/ws/install/px4_msgs/include/px4_msgs/px4_msgs/msg/detail/rate_ctrl_status__type_support.cpp\n'}
[1.204575] (px4_msgs) StdoutLine: {'line': b'-- Up-to-date: /home/px4/ros2/ws/install/px4_msgs/include/px4_msgs/px4_msgs/msg/detail/sensor_airflow__type_support.cpp\n'}
[1.204621] (px4_msgs) StdoutLine: {'line': b'-- Up-to-date: /home/px4/ros2/ws/install/px4_msgs/include/px4_msgs/px4_msgs/msg/detail/estimator_aid_source1d__type_support.cpp\n'}
[1.204678] (px4_msgs) StdoutLine: {'line': b'-- Up-to-date: /home/px4/ros2/ws/install/px4_msgs/include/px4_msgs/px4_msgs/msg/detail/internal_combustion_engine_status__rosidl_typesupport_introspection_cpp.hpp\n'}
[1.204741] (px4_msgs) StdoutLine: {'line': b'-- Up-to-date: /home/px4/ros2/ws/install/px4_msgs/include/px4_msgs/px4_msgs/msg/detail/estimator_event_flags__type_support.cpp\n'}
[1.204801] (px4_msgs) StdoutLine: {'line': b'-- Up-to-date: /home/px4/ros2/ws/install/px4_msgs/include/px4_msgs/px4_msgs/msg/detail/estimator_aid_source3d__type_support.cpp\n'}
[1.204856] (px4_msgs) StdoutLine: {'line': b'-- Up-to-date: /home/px4/ros2/ws/install/px4_msgs/include/px4_msgs/px4_msgs/msg/detail/vehicle_acceleration__rosidl_typesupport_introspection_cpp.hpp\n'}
[1.204927] (px4_msgs) StdoutLine: {'line': b'-- Up-to-date: /home/px4/ros2/ws/install/px4_msgs/include/px4_msgs/px4_msgs/msg/detail/estimator_gps_status__rosidl_typesupport_introspection_cpp.hpp\n'}
[1.204975] (px4_msgs) StdoutLine: {'line': b'-- Up-to-date: /home/px4/ros2/ws/install/px4_msgs/include/px4_msgs/px4_msgs/msg/detail/fixed_wing_lateral_status__type_support.cpp\n'}
[1.205022] (px4_msgs) StdoutLine: {'line': b'-- Up-to-date: /home/px4/ros2/ws/install/px4_msgs/include/px4_msgs/px4_msgs/msg/detail/trajectory_setpoint__rosidl_typesupport_introspection_cpp.hpp\n'}
[1.205068] (px4_msgs) StdoutLine: {'line': b'-- Up-to-date: /home/px4/ros2/ws/install/px4_msgs/include/px4_msgs/px4_msgs/msg/detail/camera_status__type_support.cpp\n'}
[1.205114] (px4_msgs) StdoutLine: {'line': b'-- Up-to-date: /home/px4/ros2/ws/install/px4_msgs/include/px4_msgs/px4_msgs/msg/detail/position_controller_status__rosidl_typesupport_introspection_cpp.hpp\n'}
[1.205183] (px4_msgs) StdoutLine: {'line': b'-- Up-to-date: /home/px4/ros2/ws/install/px4_msgs/include/px4_msgs/px4_msgs/msg/detail/power_monitor__rosidl_typesupport_introspection_cpp.hpp\n'}
[1.205240] (px4_msgs) StdoutLine: {'line': b'-- Up-to-date: /home/px4/ros2/ws/install/px4_msgs/include/px4_msgs/px4_msgs/msg/detail/gps_dump__rosidl_typesupport_introspection_cpp.hpp\n'}
[1.205288] (px4_msgs) StdoutLine: {'line': b'-- Up-to-date: /home/px4/ros2/ws/install/px4_msgs/include/px4_msgs/px4_msgs/msg/detail/actuator_servos__type_support.cpp\n'}
[1.205334] (px4_msgs) StdoutLine: {'line': b'-- Up-to-date: /home/px4/ros2/ws/install/px4_msgs/include/px4_msgs/px4_msgs/msg/detail/health_report__type_support.cpp\n'}
[1.205380] (px4_msgs) StdoutLine: {'line': b'-- Up-to-date: /home/px4/ros2/ws/install/px4_msgs/include/px4_msgs/px4_msgs/msg/detail/fixed_wing_lateral_guidance_status__rosidl_typesupport_introspection_cpp.hpp\n'}
[1.205426] (px4_msgs) StdoutLine: {'line': b'-- Up-to-date: /home/px4/ros2/ws/install/px4_msgs/include/px4_msgs/px4_msgs/msg/detail/distance_sensor_mode_change_request__rosidl_typesupport_introspection_cpp.hpp\n'}
[1.205472] (px4_msgs) StdoutLine: {'line': b'-- Up-to-date: /home/px4/ros2/ws/install/px4_msgs/include/px4_msgs/px4_msgs/msg/detail/mavlink_tunnel__type_support.cpp\n'}
[1.205517] (px4_msgs) StdoutLine: {'line': b'-- Up-to-date: /home/px4/ros2/ws/install/px4_msgs/include/px4_msgs/px4_msgs/msg/detail/actuator_armed__rosidl_typesupport_introspection_cpp.hpp\n'}
[1.205562] (px4_msgs) StdoutLine: {'line': b'-- Up-to-date: /home/px4/ros2/ws/install/px4_msgs/include/px4_msgs/px4_msgs/msg/detail/vehicle_control_mode__rosidl_typesupport_introspection_cpp.hpp\n'}
[1.205607] (px4_msgs) StdoutLine: {'line': b'-- Up-to-date: /home/px4/ros2/ws/install/px4_msgs/include/px4_msgs/px4_msgs/msg/detail/qshell_req__rosidl_typesupport_introspection_cpp.hpp\n'}
[1.205653] (px4_msgs) StdoutLine: {'line': b'-- Up-to-date: /home/px4/ros2/ws/install/px4_msgs/include/px4_msgs/px4_msgs/msg/detail/vehicle_magnetometer__rosidl_typesupport_introspection_cpp.hpp\n'}
[1.205713] (px4_msgs) StdoutLine: {'line': b'-- Up-to-date: /home/px4/ros2/ws/install/px4_msgs/include/px4_msgs/px4_msgs/msg/detail/camera_trigger__type_support.cpp\n'}
[1.205760] (px4_msgs) StdoutLine: {'line': b'-- Up-to-date: /home/px4/ros2/ws/install/px4_msgs/include/px4_msgs/px4_msgs/msg/detail/uavcan_parameter_request__rosidl_typesupport_introspection_cpp.hpp\n'}
[1.205824] (px4_msgs) StdoutLine: {'line': b'-- Up-to-date: /home/px4/ros2/ws/install/px4_msgs/include/px4_msgs/px4_msgs/msg/detail/sensor_uwb__type_support.cpp\n'}
[1.205882] (px4_msgs) StdoutLine: {'line': b'-- Up-to-date: /home/px4/ros2/ws/install/px4_msgs/include/px4_msgs/px4_msgs/msg/detail/uavcan_parameter_request__type_support.cpp\n'}
[1.205930] (px4_msgs) StdoutLine: {'line': b'-- Up-to-date: /home/px4/ros2/ws/install/px4_msgs/include/px4_msgs/px4_msgs/msg/detail/position_setpoint_triplet__type_support.cpp\n'}
[1.205976] (px4_msgs) StdoutLine: {'line': b'-- Up-to-date: /home/px4/ros2/ws/install/px4_msgs/include/px4_msgs/px4_msgs/msg/detail/vehicle_constraints__rosidl_typesupport_introspection_cpp.hpp\n'}
[1.206034] (px4_msgs) StdoutLine: {'line': b'-- Up-to-date: /home/px4/ros2/ws/install/px4_msgs/include/px4_msgs/px4_msgs/msg/detail/cellular_status__rosidl_typesupport_introspection_cpp.hpp\n'}
[1.206082] (px4_msgs) StdoutLine: {'line': b'-- Up-to-date: /home/px4/ros2/ws/install/px4_msgs/include/px4_msgs/px4_msgs/msg/detail/config_overrides__rosidl_typesupport_introspection_cpp.hpp\n'}
[1.206147] (px4_msgs) StdoutLine: {'line': b'-- Up-to-date: /home/px4/ros2/ws/install/px4_msgs/include/px4_msgs/px4_msgs/msg/detail/trajectory_setpoint6dof__type_support.cpp\n'}
[1.206194] (px4_msgs) StdoutLine: {'line': b'-- Up-to-date: /home/px4/ros2/ws/install/px4_msgs/include/px4_msgs/px4_msgs/msg/detail/gimbal_controls__type_support.cpp\n'}
[1.206250] (px4_msgs) StdoutLine: {'line': b'-- Up-to-date: /home/px4/ros2/ws/install/px4_msgs/include/px4_msgs/px4_msgs/msg/detail/estimator_aid_source2d__type_support.cpp\n'}
[1.206296] (px4_msgs) StdoutLine: {'line': b'-- Up-to-date: /home/px4/ros2/ws/install/px4_msgs/include/px4_msgs/px4_msgs/msg/detail/autotune_attitude_control_status__rosidl_typesupport_introspection_cpp.hpp\n'}
[1.206343] (px4_msgs) StdoutLine: {'line': b'-- Up-to-date: /home/px4/ros2/ws/install/px4_msgs/include/px4_msgs/px4_msgs/msg/detail/rover_throttle_setpoint__rosidl_typesupport_introspection_cpp.hpp\n'}
[1.206388] (px4_msgs) StdoutLine: {'line': b'-- Up-to-date: /home/px4/ros2/ws/install/px4_msgs/include/px4_msgs/px4_msgs/msg/detail/lateral_control_configuration__rosidl_typesupport_introspection_cpp.hpp\n'}
[1.206460] (px4_msgs) StdoutLine: {'line': b'-- Up-to-date: /home/px4/ros2/ws/install/px4_msgs/include/px4_msgs/px4_msgs/msg/detail/vehicle_odometry__type_support.cpp\n'}
[1.206507] (px4_msgs) StdoutLine: {'line': b'-- Up-to-date: /home/px4/ros2/ws/install/px4_msgs/include/px4_msgs/px4_msgs/msg/detail/mission_result__type_support.cpp\n'}
[1.206554] (px4_msgs) StdoutLine: {'line': b'-- Up-to-date: /home/px4/ros2/ws/install/px4_msgs/include/px4_msgs/px4_msgs/msg/detail/estimator_status__type_support.cpp\n'}
[1.206600] (px4_msgs) StdoutLine: {'line': b'-- Up-to-date: /home/px4/ros2/ws/install/px4_msgs/include/px4_msgs/px4_msgs/msg/detail/rc_parameter_map__type_support.cpp\n'}
[1.206646] (px4_msgs) StdoutLine: {'line': b'-- Up-to-date: /home/px4/ros2/ws/install/px4_msgs/include/px4_msgs/px4_msgs/msg/detail/actuator_test__type_support.cpp\n'}
[1.206727] (px4_msgs) StdoutLine: {'line': b'-- Up-to-date: /home/px4/ros2/ws/install/px4_msgs/include/px4_msgs/px4_msgs/msg/detail/esc_status__type_support.cpp\n'}
[1.206807] (px4_msgs) StdoutLine: {'line': b'-- Up-to-date: /home/px4/ros2/ws/install/px4_msgs/include/px4_msgs/px4_msgs/msg/detail/px4io_status__type_support.cpp\n'}
[1.206862] (px4_msgs) StdoutLine: {'line': b'-- Up-to-date: /home/px4/ros2/ws/install/px4_msgs/include/px4_msgs/px4_msgs/msg/detail/internal_combustion_engine_control__rosidl_typesupport_introspection_cpp.hpp\n'}
[1.206912] (px4_msgs) StdoutLine: {'line': b'-- Up-to-date: /home/px4/ros2/ws/install/px4_msgs/include/px4_msgs/px4_msgs/msg/detail/qshell_retval__rosidl_typesupport_introspection_cpp.hpp\n'}
[1.206959] (px4_msgs) StdoutLine: {'line': b'-- Up-to-date: /home/px4/ros2/ws/install/px4_msgs/include/px4_msgs/px4_msgs/msg/detail/parameter_reset_request__rosidl_typesupport_introspection_cpp.hpp\n'}
[1.207006] (px4_msgs) StdoutLine: {'line': b'-- Up-to-date: /home/px4/ros2/ws/install/px4_msgs/include/px4_msgs/px4_msgs/msg/detail/hover_thrust_estimate__type_support.cpp\n'}
[1.207053] (px4_msgs) StdoutLine: {'line': b'-- Up-to-date: /home/px4/ros2/ws/install/px4_msgs/include/px4_msgs/px4_msgs/msg/detail/wind__type_support.cpp\n'}
[1.207119] (px4_msgs) StdoutLine: {'line': b'-- Up-to-date: /home/px4/ros2/ws/install/px4_msgs/include/px4_msgs/px4_msgs/msg/detail/estimator_gps_status__type_support.cpp\n'}
[1.207167] (px4_msgs) StdoutLine: {'line': b'-- Up-to-date: /home/px4/ros2/ws/install/px4_msgs/include/px4_msgs/px4_msgs/msg/detail/manual_control_setpoint__type_support.cpp\n'}
[1.207234] (px4_msgs) StdoutLine: {'line': b'-- Up-to-date: /home/px4/ros2/ws/install/px4_msgs/include/px4_msgs/px4_msgs/msg/detail/mavlink_log__rosidl_typesupport_introspection_cpp.hpp\n'}
[1.207296] (px4_msgs) StdoutLine: {'line': b'-- Up-to-date: /home/px4/ros2/ws/install/px4_msgs/include/px4_msgs/px4_msgs/msg/detail/gimbal_manager_set_manual_control__rosidl_typesupport_introspection_cpp.hpp\n'}
[1.207344] (px4_msgs) StdoutLine: {'line': b'-- Up-to-date: /home/px4/ros2/ws/install/px4_msgs/include/px4_msgs/px4_msgs/msg/detail/failsafe_flags__type_support.cpp\n'}
[1.207389] (px4_msgs) StdoutLine: {'line': b'-- Up-to-date: /home/px4/ros2/ws/install/px4_msgs/include/px4_msgs/px4_msgs/msg/detail/airspeed_validated__type_support.cpp\n'}
[1.207449] (px4_msgs) StdoutLine: {'line': b'-- Up-to-date: /home/px4/ros2/ws/install/px4_msgs/include/px4_msgs/px4_msgs/msg/detail/dronecan_node_status__type_support.cpp\n'}
[1.207494] (px4_msgs) StdoutLine: {'line': b'-- Up-to-date: /home/px4/ros2/ws/install/px4_msgs/include/px4_msgs/px4_msgs/msg/detail/dataman_response__type_support.cpp\n'}
[1.207540] (px4_msgs) StdoutLine: {'line': b'-- Up-to-date: /home/px4/ros2/ws/install/px4_msgs/include/px4_msgs/px4_msgs/msg/detail/arming_check_reply__rosidl_typesupport_introspection_cpp.hpp\n'}
[1.207585] (px4_msgs) StdoutLine: {'line': b'-- Up-to-date: /home/px4/ros2/ws/install/px4_msgs/include/px4_msgs/px4_msgs/msg/detail/gpio_config__rosidl_typesupport_introspection_cpp.hpp\n'}
[1.207629] (px4_msgs) StdoutLine: {'line': b'-- Up-to-date: /home/px4/ros2/ws/install/px4_msgs/include/px4_msgs/px4_msgs/msg/detail/actuator_motors__rosidl_typesupport_introspection_cpp.hpp\n'}
[1.207674] (px4_msgs) StdoutLine: {'line': b'-- Up-to-date: /home/px4/ros2/ws/install/px4_msgs/include/px4_msgs/px4_msgs/msg/detail/launch_detection_status__type_support.cpp\n'}
[1.207721] (px4_msgs) StdoutLine: {'line': b'-- Up-to-date: /home/px4/ros2/ws/install/px4_msgs/include/px4_msgs/px4_msgs/msg/detail/pure_pursuit_status__rosidl_typesupport_introspection_cpp.hpp\n'}
[1.207766] (px4_msgs) StdoutLine: {'line': b'-- Up-to-date: /home/px4/ros2/ws/install/px4_msgs/include/px4_msgs/px4_msgs/msg/detail/gpio_out__type_support.cpp\n'}
[1.207843] (px4_msgs) StdoutLine: {'line': b'-- Up-to-date: /home/px4/ros2/ws/install/px4_msgs/include/px4_msgs/px4_msgs/msg/detail/power_button_state__type_support.cpp\n'}
[1.207907] (px4_msgs) StdoutLine: {'line': b'-- Up-to-date: /home/px4/ros2/ws/install/px4_msgs/include/px4_msgs/px4_msgs/msg/detail/vehicle_angular_acceleration_setpoint__rosidl_typesupport_introspection_cpp.hpp\n'}
[1.207967] (px4_msgs) StdoutLine: {'line': b'-- Up-to-date: /home/px4/ros2/ws/install/px4_msgs/include/px4_msgs/px4_msgs/msg/detail/unregister_ext_component__type_support.cpp\n'}
[1.208013] (px4_msgs) StdoutLine: {'line': b'-- Up-to-date: /home/px4/ros2/ws/install/px4_msgs/include/px4_msgs/px4_msgs/msg/detail/vehicle_attitude_setpoint__rosidl_typesupport_introspection_cpp.hpp\n'}
[1.208073] (px4_msgs) StdoutLine: {'line': b'-- Up-to-date: /home/px4/ros2/ws/install/px4_msgs/include/px4_msgs/px4_msgs/msg/detail/dataman_response__rosidl_typesupport_introspection_cpp.hpp\n'}
[1.208121] (px4_msgs) StdoutLine: {'line': b'-- Up-to-date: /home/px4/ros2/ws/install/px4_msgs/include/px4_msgs/px4_msgs/msg/detail/gimbal_device_set_attitude__rosidl_typesupport_introspection_cpp.hpp\n'}
[1.208167] (px4_msgs) StdoutLine: {'line': b'-- Up-to-date: /home/px4/ros2/ws/install/px4_msgs/include/px4_msgs/px4_msgs/msg/detail/sensor_optical_flow__rosidl_typesupport_introspection_cpp.hpp\n'}
[1.208218] (px4_msgs) StdoutLine: {'line': b'-- Up-to-date: /home/px4/ros2/ws/install/px4_msgs/include/px4_msgs/px4_msgs/msg/detail/mavlink_log__type_support.cpp\n'}
[1.208280] (px4_msgs) StdoutLine: {'line': b'-- Up-to-date: /home/px4/ros2/ws/install/px4_msgs/include/px4_msgs/px4_msgs/msg/detail/parameter_update__type_support.cpp\n'}
[1.208328] (px4_msgs) StdoutLine: {'line': b'-- Up-to-date: /home/px4/ros2/ws/install/px4_msgs/include/px4_msgs/px4_msgs/msg/detail/landing_gear__rosidl_typesupport_introspection_cpp.hpp\n'}
[1.208381] (px4_msgs) StdoutLine: {'line': b'-- Up-to-date: /home/px4/ros2/ws/install/px4_msgs/include/px4_msgs/px4_msgs/msg/detail/rover_velocity_setpoint__rosidl_typesupport_introspection_cpp.hpp\n'}
[1.208428] (px4_msgs) StdoutLine: {'line': b'-- Up-to-date: /home/px4/ros2/ws/install/px4_msgs/include/px4_msgs/px4_msgs/msg/detail/actuator_servos__rosidl_typesupport_introspection_cpp.hpp\n'}
[1.208474] (px4_msgs) StdoutLine: {'line': b'-- Up-to-date: /home/px4/ros2/ws/install/px4_msgs/include/px4_msgs/px4_msgs/msg/detail/sensor_hygrometer__type_support.cpp\n'}
[1.208518] (px4_msgs) StdoutLine: {'line': b'-- Up-to-date: /home/px4/ros2/ws/install/px4_msgs/include/px4_msgs/px4_msgs/msg/detail/parameter_set_value_response__rosidl_typesupport_introspection_cpp.hpp\n'}
[1.208566] (px4_msgs) StdoutLine: {'line': b'-- Up-to-date: /home/px4/ros2/ws/install/px4_msgs/include/px4_msgs/px4_msgs/msg/detail/vehicle_local_position__rosidl_typesupport_introspection_cpp.hpp\n'}
[1.208611] (px4_msgs) StdoutLine: {'line': b'-- Up-to-date: /home/px4/ros2/ws/install/px4_msgs/include/px4_msgs/px4_msgs/msg/detail/register_ext_component_reply__type_support.cpp\n'}
[1.208656] (px4_msgs) StdoutLine: {'line': b'-- Up-to-date: /home/px4/ros2/ws/install/px4_msgs/include/px4_msgs/px4_msgs/msg/detail/sensor_accel__type_support.cpp\n'}
[1.208720] (px4_msgs) StdoutLine: {'line': b'-- Up-to-date: /home/px4/ros2/ws/install/px4_msgs/include/px4_msgs/px4_msgs/msg/detail/follow_target__type_support.cpp\n'}
[1.208767] (px4_msgs) StdoutLine: {'line': b'-- Up-to-date: /home/px4/ros2/ws/install/px4_msgs/include/px4_msgs/px4_msgs/msg/detail/navigator_mission_item__type_support.cpp\n'}
[1.208830] (px4_msgs) StdoutLine: {'line': b'-- Up-to-date: /home/px4/ros2/ws/install/px4_msgs/include/px4_msgs/px4_msgs/msg/detail/airspeed_wind__type_support.cpp\n'}
[1.208881] (px4_msgs) StdoutLine: {'line': b'-- Up-to-date: /home/px4/ros2/ws/install/px4_msgs/include/px4_msgs/px4_msgs/msg/detail/timesync_status__type_support.cpp\n'}
[1.208942] (px4_msgs) StdoutLine: {'line': b'-- Up-to-date: /home/px4/ros2/ws/install/px4_msgs/include/px4_msgs/px4_msgs/msg/detail/rover_position_setpoint__type_support.cpp\n'}
[1.208989] (px4_msgs) StdoutLine: {'line': b'-- Up-to-date: /home/px4/ros2/ws/install/px4_msgs/include/px4_msgs/px4_msgs/msg/detail/sensor_baro__rosidl_typesupport_introspection_cpp.hpp\n'}
[1.209036] (px4_msgs) StdoutLine: {'line': b'-- Up-to-date: /home/px4/ros2/ws/install/px4_msgs/include/px4_msgs/px4_msgs/msg/detail/vtol_vehicle_status__rosidl_typesupport_introspection_cpp.hpp\n'}
[1.209085] (px4_msgs) StdoutLine: {'line': b'-- Up-to-date: /home/px4/ros2/ws/install/px4_msgs/include/px4_msgs/px4_msgs/msg/detail/vehicle_air_data__rosidl_typesupport_introspection_cpp.hpp\n'}
[1.209133] (px4_msgs) StdoutLine: {'line': b'-- Up-to-date: /home/px4/ros2/ws/install/px4_msgs/include/px4_msgs/px4_msgs/msg/detail/gimbal_manager_information__type_support.cpp\n'}
[1.209182] (px4_msgs) StdoutLine: {'line': b'-- Up-to-date: /home/px4/ros2/ws/install/px4_msgs/include/px4_msgs/px4_msgs/msg/detail/pure_pursuit_status__type_support.cpp\n'}
[1.209230] (px4_msgs) StdoutLine: {'line': b'-- Up-to-date: /home/px4/ros2/ws/install/px4_msgs/include/px4_msgs/px4_msgs/msg/detail/landing_gear__type_support.cpp\n'}
[1.209293] (px4_msgs) StdoutLine: {'line': b'-- Up-to-date: /home/px4/ros2/ws/install/px4_msgs/include/px4_msgs/px4_msgs/msg/detail/estimator_bias__rosidl_typesupport_introspection_cpp.hpp\n'}
[1.209340] (px4_msgs) StdoutLine: {'line': b'-- Up-to-date: /home/px4/ros2/ws/install/px4_msgs/include/px4_msgs/px4_msgs/msg/detail/goto_setpoint__rosidl_typesupport_introspection_cpp.hpp\n'}
[1.209398] (px4_msgs) StdoutLine: {'line': b'-- Up-to-date: /home/px4/ros2/ws/install/px4_msgs/include/px4_msgs/px4_msgs/msg/detail/actuator_controls_status__type_support.cpp\n'}
[1.209444] (px4_msgs) StdoutLine: {'line': b'-- Up-to-date: /home/px4/ros2/ws/install/px4_msgs/include/px4_msgs/px4_msgs/msg/detail/wheel_encoders__rosidl_typesupport_introspection_cpp.hpp\n'}
[1.209489] (px4_msgs) StdoutLine: {'line': b'-- Up-to-date: /home/px4/ros2/ws/install/px4_msgs/include/px4_msgs/px4_msgs/msg/detail/uavcan_parameter_value__type_support.cpp\n'}
[1.209563] (px4_msgs) StdoutLine: {'line': b'-- Up-to-date: /home/px4/ros2/ws/install/px4_msgs/include/px4_msgs/px4_msgs/msg/detail/landing_target_pose__rosidl_typesupport_introspection_cpp.hpp\n'}
[1.209612] (px4_msgs) StdoutLine: {'line': b'-- Up-to-date: /home/px4/ros2/ws/install/px4_msgs/include/px4_msgs/px4_msgs/msg/detail/mission__rosidl_typesupport_introspection_cpp.hpp\n'}
[1.209662] (px4_msgs) StdoutLine: {'line': b'-- Up-to-date: /home/px4/ros2/ws/install/px4_msgs/include/px4_msgs/px4_msgs/msg/detail/position_controller_landing_status__type_support.cpp\n'}
[1.209724] (px4_msgs) StdoutLine: {'line': b'-- Up-to-date: /home/px4/ros2/ws/install/px4_msgs/include/px4_msgs/px4_msgs/msg/detail/gimbal_manager_set_manual_control__type_support.cpp\n'}
[1.209770] (px4_msgs) StdoutLine: {'line': b'-- Up-to-date: /home/px4/ros2/ws/install/px4_msgs/include/px4_msgs/px4_msgs/msg/detail/vehicle_optical_flow_vel__type_support.cpp\n'}
[1.209834] (px4_msgs) StdoutLine: {'line': b'-- Up-to-date: /home/px4/ros2/ws/install/px4_msgs/include/px4_msgs/px4_msgs/msg/detail/velocity_limits__type_support.cpp\n'}
[1.209879] (px4_msgs) StdoutLine: {'line': b'-- Up-to-date: /home/px4/ros2/ws/install/px4_msgs/include/px4_msgs/px4_msgs/msg/detail/gimbal_device_information__rosidl_typesupport_introspection_cpp.hpp\n'}
[1.209945] (px4_msgs) StdoutLine: {'line': b'-- Up-to-date: /home/px4/ros2/ws/install/px4_msgs/include/px4_msgs/px4_msgs/msg/detail/gpio_out__rosidl_typesupport_introspection_cpp.hpp\n'}
[1.209991] (px4_msgs) StdoutLine: {'line': b'-- Up-to-date: /home/px4/ros2/ws/install/px4_msgs/include/px4_msgs/px4_msgs/msg/detail/vehicle_acceleration__type_support.cpp\n'}
[1.210037] (px4_msgs) StdoutLine: {'line': b'-- Up-to-date: /home/px4/ros2/ws/install/px4_msgs/include/px4_msgs/px4_msgs/msg/detail/rover_rate_status__rosidl_typesupport_introspection_cpp.hpp\n'}
[1.210082] (px4_msgs) StdoutLine: {'line': b'-- Up-to-date: /home/px4/ros2/ws/install/px4_msgs/include/px4_msgs/px4_msgs/msg/detail/orbit_status__rosidl_typesupport_introspection_cpp.hpp\n'}
[1.210129] (px4_msgs) StdoutLine: {'line': b'-- Up-to-date: /home/px4/ros2/ws/install/px4_msgs/include/px4_msgs/px4_msgs/msg/detail/transponder_report__rosidl_typesupport_introspection_cpp.hpp\n'}
[1.210175] (px4_msgs) StdoutLine: {'line': b'-- Up-to-date: /home/px4/ros2/ws/install/px4_msgs/include/px4_msgs/px4_msgs/msg/detail/parameter_set_value_response__type_support.cpp\n'}
[1.210220] (px4_msgs) StdoutLine: {'line': b'-- Up-to-date: /home/px4/ros2/ws/install/px4_msgs/include/px4_msgs/px4_msgs/msg/detail/sensor_gps__type_support.cpp\n'}
[1.210265] (px4_msgs) StdoutLine: {'line': b'-- Up-to-date: /home/px4/ros2/ws/install/px4_msgs/include/px4_msgs/px4_msgs/msg/detail/input_rc__rosidl_typesupport_introspection_cpp.hpp\n'}
[1.210310] (px4_msgs) StdoutLine: {'line': b'-- Up-to-date: /home/px4/ros2/ws/install/px4_msgs/include/px4_msgs/px4_msgs/msg/detail/action_request__rosidl_typesupport_introspection_cpp.hpp\n'}
[1.210374] (px4_msgs) StdoutLine: {'line': b'-- Up-to-date: /home/px4/ros2/ws/install/px4_msgs/include/px4_msgs/px4_msgs/msg/detail/task_stack_info__type_support.cpp\n'}
[1.210420] (px4_msgs) StdoutLine: {'line': b'-- Up-to-date: /home/px4/ros2/ws/install/px4_msgs/include/px4_msgs/px4_msgs/msg/detail/fixed_wing_lateral_status__rosidl_typesupport_introspection_cpp.hpp\n'}
[1.210464] (px4_msgs) StdoutLine: {'line': b'-- Up-to-date: /home/px4/ros2/ws/install/px4_msgs/include/px4_msgs/px4_msgs/msg/detail/navigator_status__type_support.cpp\n'}
[1.210511] (px4_msgs) StdoutLine: {'line': b'-- Up-to-date: /home/px4/ros2/ws/install/px4_msgs/include/px4_msgs/px4_msgs/msg/detail/rc_channels__rosidl_typesupport_introspection_cpp.hpp\n'}
[1.210558] (px4_msgs) StdoutLine: {'line': b'-- Up-to-date: /home/px4/ros2/ws/install/px4_msgs/include/px4_msgs/px4_msgs/msg/detail/iridiumsbd_status__rosidl_typesupport_introspection_cpp.hpp\n'}
[1.210605] (px4_msgs) StdoutLine: {'line': b'-- Up-to-date: /home/px4/ros2/ws/install/px4_msgs/include/px4_msgs/px4_msgs/msg/detail/logger_status__rosidl_typesupport_introspection_cpp.hpp\n'}
[1.210689] (px4_msgs) StdoutLine: {'line': b'-- Up-to-date: /home/px4/ros2/ws/install/px4_msgs/include/px4_msgs/px4_msgs/msg/detail/dataman_request__type_support.cpp\n'}
[1.210761] (px4_msgs) StdoutLine: {'line': b'-- Up-to-date: /home/px4/ros2/ws/install/px4_msgs/include/px4_msgs/px4_msgs/msg/detail/ping__type_support.cpp\n'}
[1.210822] (px4_msgs) StdoutLine: {'line': b'-- Up-to-date: /home/px4/ros2/ws/install/px4_msgs/include/px4_msgs/px4_msgs/msg/detail/open_drone_id_self_id__rosidl_typesupport_introspection_cpp.hpp\n'}
[1.210870] (px4_msgs) StdoutLine: {'line': b'-- Up-to-date: /home/px4/ros2/ws/install/px4_msgs/include/px4_msgs/px4_msgs/msg/detail/takeoff_status__type_support.cpp\n'}
[1.210915] (px4_msgs) StdoutLine: {'line': b'-- Up-to-date: /home/px4/ros2/ws/install/px4_msgs/include/px4_msgs/px4_msgs/msg/detail/sensor_accel__rosidl_typesupport_introspection_cpp.hpp\n'}
[1.210971] (px4_msgs) StdoutLine: {'line': b'-- Up-to-date: /home/px4/ros2/ws/install/px4_msgs/include/px4_msgs/px4_msgs/msg/detail/log_message__type_support.cpp\n'}
[1.211017] (px4_msgs) StdoutLine: {'line': b'-- Up-to-date: /home/px4/ros2/ws/install/px4_msgs/include/px4_msgs/px4_msgs/msg/detail/magnetometer_bias_estimate__type_support.cpp\n'}
[1.211063] (px4_msgs) StdoutLine: {'line': b'-- Up-to-date: /home/px4/ros2/ws/install/px4_msgs/include/px4_msgs/px4_msgs/msg/detail/landing_gear_wheel__type_support.cpp\n'}
[1.211108] (px4_msgs) StdoutLine: {'line': b'-- Up-to-date: /home/px4/ros2/ws/install/px4_msgs/include/px4_msgs/px4_msgs/msg/detail/ulog_stream__type_support.cpp\n'}
[1.211185] (px4_msgs) StdoutLine: {'line': b'-- Up-to-date: /home/px4/ros2/ws/install/px4_msgs/include/px4_msgs/px4_msgs/msg/detail/can_interface_status__type_support.cpp\n'}
[1.211234] (px4_msgs) StdoutLine: {'line': b'-- Up-to-date: /home/px4/ros2/ws/install/px4_msgs/include/px4_msgs/px4_msgs/msg/detail/manual_control_setpoint__rosidl_typesupport_introspection_cpp.hpp\n'}
[1.211281] (px4_msgs) StdoutLine: {'line': b'-- Up-to-date: /home/px4/ros2/ws/install/px4_msgs/include/px4_msgs/px4_msgs/msg/detail/flight_phase_estimation__type_support.cpp\n'}
[1.211359] (px4_msgs) StdoutLine: {'line': b'-- Up-to-date: /home/px4/ros2/ws/install/px4_msgs/include/px4_msgs/px4_msgs/msg/detail/vehicle_torque_setpoint__rosidl_typesupport_introspection_cpp.hpp\n'}
[1.211406] (px4_msgs) StdoutLine: {'line': b'-- Up-to-date: /home/px4/ros2/ws/install/px4_msgs/include/px4_msgs/px4_msgs/msg/detail/vehicle_status__type_support.cpp\n'}
[1.211452] (px4_msgs) StdoutLine: {'line': b'-- Up-to-date: /home/px4/ros2/ws/install/px4_msgs/include/px4_msgs/px4_msgs/msg/detail/rate_ctrl_status__rosidl_typesupport_introspection_cpp.hpp\n'}
[1.211498] (px4_msgs) StdoutLine: {'line': b'-- Up-to-date: /home/px4/ros2/ws/install/px4_msgs/include/px4_msgs/px4_msgs/msg/detail/message_format_response__type_support.cpp\n'}
[1.211564] (px4_msgs) StdoutLine: {'line': b'-- Up-to-date: /home/px4/ros2/ws/install/px4_msgs/include/px4_msgs/px4_msgs/msg/detail/sensor_mag__type_support.cpp\n'}
[1.211609] (px4_msgs) StdoutLine: {'line': b'-- Up-to-date: /home/px4/ros2/ws/install/px4_msgs/include/px4_msgs/px4_msgs/msg/detail/battery_info__rosidl_typesupport_introspection_cpp.hpp\n'}
[1.211651] (px4_msgs) StdoutLine: {'line': b'-- Up-to-date: /home/px4/ros2/ws/install/px4_msgs/include/px4_msgs/px4_msgs/msg/detail/action_request__type_support.cpp\n'}
[1.211695] (px4_msgs) StdoutLine: {'line': b'-- Up-to-date: /home/px4/ros2/ws/install/px4_msgs/include/px4_msgs/px4_msgs/msg/detail/estimator_aid_source1d__rosidl_typesupport_introspection_cpp.hpp\n'}
[1.211739] (px4_msgs) StdoutLine: {'line': b'-- Up-to-date: /home/px4/ros2/ws/install/px4_msgs/include/px4_msgs/px4_msgs/msg/detail/esc_report__type_support.cpp\n'}
[1.211792] (px4_msgs) StdoutLine: {'line': b'-- Up-to-date: /home/px4/ros2/ws/install/px4_msgs/include/px4_msgs/px4_msgs/msg/detail/register_ext_component_reply__rosidl_typesupport_introspection_cpp.hpp\n'}
[1.211853] (px4_msgs) StdoutLine: {'line': b'-- Up-to-date: /home/px4/ros2/ws/install/px4_msgs/include/px4_msgs/px4_msgs/msg/detail/camera_capture__rosidl_typesupport_introspection_cpp.hpp\n'}
[1.211897] (px4_msgs) StdoutLine: {'line': b'-- Up-to-date: /home/px4/ros2/ws/install/px4_msgs/include/px4_msgs/px4_msgs/msg/detail/vehicle_angular_velocity__type_support.cpp\n'}
[1.211941] (px4_msgs) StdoutLine: {'line': b'-- Up-to-date: /home/px4/ros2/ws/install/px4_msgs/include/px4_msgs/px4_msgs/msg/detail/estimator_states__type_support.cpp\n'}
[1.211985] (px4_msgs) StdoutLine: {'line': b'-- Up-to-date: /home/px4/ros2/ws/install/px4_msgs/include/px4_msgs/px4_msgs/msg/detail/arming_check_request__type_support.cpp\n'}
[1.212029] (px4_msgs) StdoutLine: {'line': b'-- Up-to-date: /home/px4/ros2/ws/install/px4_msgs/include/px4_msgs/px4_msgs/msg/detail/actuator_controls_status__rosidl_typesupport_introspection_cpp.hpp\n'}
[1.212090] (px4_msgs) StdoutLine: {'line': b'-- Up-to-date: /home/px4/ros2/ws/install/px4_msgs/include/px4_msgs/px4_msgs/msg/detail/gimbal_device_set_attitude__type_support.cpp\n'}
[1.212147] (px4_msgs) StdoutLine: {'line': b'-- Up-to-date: /home/px4/ros2/ws/install/px4_msgs/include/px4_msgs/px4_msgs/msg/detail/debug_key_value__type_support.cpp\n'}
[1.212195] (px4_msgs) StdoutLine: {'line': b'-- Up-to-date: /home/px4/ros2/ws/install/px4_msgs/include/px4_msgs/px4_msgs/msg/detail/sensor_combined__type_support.cpp\n'}
[1.212252] (px4_msgs) StdoutLine: {'line': b'-- Up-to-date: /home/px4/ros2/ws/install/px4_msgs/include/px4_msgs/px4_msgs/msg/detail/geofence_result__type_support.cpp\n'}
[1.212312] (px4_msgs) StdoutLine: {'line': b'-- Up-to-date: /home/px4/ros2/ws/install/px4_msgs/include/px4_msgs/px4_msgs/msg/detail/satellite_info__rosidl_typesupport_introspection_cpp.hpp\n'}
[1.212385] (px4_msgs) StdoutLine: {'line': b'-- Up-to-date: /home/px4/ros2/ws/install/px4_msgs/include/px4_msgs/px4_msgs/msg/detail/sensors_status__rosidl_typesupport_introspection_cpp.hpp\n'}
[1.212432] (px4_msgs) StdoutLine: {'line': b'-- Up-to-date: /home/px4/ros2/ws/install/px4_msgs/include/px4_msgs/px4_msgs/msg/detail/debug_value__type_support.cpp\n'}
[1.212479] (px4_msgs) StdoutLine: {'line': b'-- Up-to-date: /home/px4/ros2/ws/install/px4_msgs/include/px4_msgs/px4_msgs/msg/detail/internal_combustion_engine_control__type_support.cpp\n'}
[1.212525] (px4_msgs) StdoutLine: {'line': b'-- Up-to-date: /home/px4/ros2/ws/install/px4_msgs/include/px4_msgs/px4_msgs/msg/detail/vtol_vehicle_status__type_support.cpp\n'}
[1.212585] (px4_msgs) StdoutLine: {'line': b'-- Up-to-date: /home/px4/ros2/ws/install/px4_msgs/include/px4_msgs/px4_msgs/msg/detail/register_ext_component_request__type_support.cpp\n'}
[1.212633] (px4_msgs) StdoutLine: {'line': b'-- Up-to-date: /home/px4/ros2/ws/install/px4_msgs/include/px4_msgs/px4_msgs/msg/detail/flight_phase_estimation__rosidl_typesupport_introspection_cpp.hpp\n'}
[1.212684] (px4_msgs) StdoutLine: {'line': b'-- Up-to-date: /home/px4/ros2/ws/install/px4_msgs/include/px4_msgs/px4_msgs/msg/detail/estimator_bias__type_support.cpp\n'}
[1.212729] (px4_msgs) StdoutLine: {'line': b'-- Up-to-date: /home/px4/ros2/ws/install/px4_msgs/include/px4_msgs/px4_msgs/msg/detail/landing_target_innovations__type_support.cpp\n'}
[1.212774] (px4_msgs) StdoutLine: {'line': b'-- Up-to-date: /home/px4/ros2/ws/install/px4_msgs/include/px4_msgs/px4_msgs/msg/detail/satellite_info__type_support.cpp\n'}
[1.212837] (px4_msgs) StdoutLine: {'line': b'-- Up-to-date: /home/px4/ros2/ws/install/px4_msgs/include/px4_msgs/px4_msgs/msg/detail/estimator_status_flags__rosidl_typesupport_introspection_cpp.hpp\n'}
[1.212882] (px4_msgs) StdoutLine: {'line': b'-- Up-to-date: /home/px4/ros2/ws/install/px4_msgs/include/px4_msgs/px4_msgs/msg/detail/normalized_unsigned_setpoint__rosidl_typesupport_introspection_cpp.hpp\n'}
[1.212925] (px4_msgs) StdoutLine: {'line': b'-- Up-to-date: /home/px4/ros2/ws/install/px4_msgs/include/px4_msgs/px4_msgs/msg/detail/power_button_state__rosidl_typesupport_introspection_cpp.hpp\n'}
[1.212971] (px4_msgs) StdoutLine: {'line': b'-- Up-to-date: /home/px4/ros2/ws/install/px4_msgs/include/px4_msgs/px4_msgs/msg/detail/obstacle_distance__type_support.cpp\n'}
[1.213025] (px4_msgs) StdoutLine: {'line': b'-- Up-to-date: /home/px4/ros2/ws/install/px4_msgs/include/px4_msgs/px4_msgs/msg/detail/estimator_aid_source3d__rosidl_typesupport_introspection_cpp.hpp\n'}
[1.213073] (px4_msgs) StdoutLine: {'line': b'-- Up-to-date: /home/px4/ros2/ws/install/px4_msgs/include/px4_msgs/px4_msgs/msg/detail/button_event__rosidl_typesupport_introspection_cpp.hpp\n'}
[1.213135] (px4_msgs) StdoutLine: {'line': b'-- Up-to-date: /home/px4/ros2/ws/install/px4_msgs/include/px4_msgs/px4_msgs/msg/detail/fuel_tank_status__type_support.cpp\n'}
[1.213181] (px4_msgs) StdoutLine: {'line': b'-- Up-to-date: /home/px4/ros2/ws/install/px4_msgs/include/px4_msgs/px4_msgs/msg/detail/rtl_status__type_support.cpp\n'}
[1.213226] (px4_msgs) StdoutLine: {'line': b'-- Up-to-date: /home/px4/ros2/ws/install/px4_msgs/include/px4_msgs/px4_msgs/msg/detail/cpuload__type_support.cpp\n'}
[1.213273] (px4_msgs) StdoutLine: {'line': b'-- Up-to-date: /home/px4/ros2/ws/install/px4_msgs/include/px4_msgs/px4_msgs/msg/detail/vehicle_local_position_setpoint__rosidl_typesupport_introspection_cpp.hpp\n'}
[1.213333] (px4_msgs) StdoutLine: {'line': b'-- Up-to-date: /home/px4/ros2/ws/install/px4_msgs/include/px4_msgs/px4_msgs/msg/detail/rpm__type_support.cpp\n'}
[1.213380] (px4_msgs) StdoutLine: {'line': b'-- Up-to-date: /home/px4/ros2/ws/install/px4_msgs/include/px4_msgs/px4_msgs/msg/detail/fixed_wing_longitudinal_setpoint__type_support.cpp\n'}
[1.213431] (px4_msgs) StdoutLine: {'line': b'-- Up-to-date: /home/px4/ros2/ws/install/px4_msgs/include/px4_msgs/px4_msgs/msg/detail/rover_rate_status__type_support.cpp\n'}
[1.213477] (px4_msgs) StdoutLine: {'line': b'-- Up-to-date: /home/px4/ros2/ws/install/px4_msgs/include/px4_msgs/px4_msgs/msg/detail/goto_setpoint__type_support.cpp\n'}
[1.213536] (px4_msgs) StdoutLine: {'line': b'-- Up-to-date: /home/px4/ros2/ws/install/px4_msgs/include/px4_msgs/px4_msgs/msg/detail/radio_status__type_support.cpp\n'}
[1.213584] (px4_msgs) StdoutLine: {'line': b'-- Up-to-date: /home/px4/ros2/ws/install/px4_msgs/include/px4_msgs/px4_msgs/msg/detail/vehicle_optical_flow_vel__rosidl_typesupport_introspection_cpp.hpp\n'}
[1.213629] (px4_msgs) StdoutLine: {'line': b'-- Up-to-date: /home/px4/ros2/ws/install/px4_msgs/include/px4_msgs/px4_msgs/msg/detail/sensor_gyro__type_support.cpp\n'}
[1.213673] (px4_msgs) StdoutLine: {'line': b'-- Up-to-date: /home/px4/ros2/ws/install/px4_msgs/include/px4_msgs/px4_msgs/msg/detail/estimator_innovations__rosidl_typesupport_introspection_cpp.hpp\n'}
[1.213719] (px4_msgs) StdoutLine: {'line': b'-- Up-to-date: /home/px4/ros2/ws/install/px4_msgs/include/px4_msgs/px4_msgs/msg/detail/sensors_status_imu__type_support.cpp\n'}
[1.213764] (px4_msgs) StdoutLine: {'line': b'-- Up-to-date: /home/px4/ros2/ws/install/px4_msgs/include/px4_msgs/px4_msgs/msg/detail/sensor_correction__rosidl_typesupport_introspection_cpp.hpp\n'}
[1.213826] (px4_msgs) StdoutLine: {'line': b'-- Up-to-date: /home/px4/ros2/ws/install/px4_msgs/include/px4_msgs/px4_msgs/msg/detail/vehicle_air_data__type_support.cpp\n'}
[1.213875] (px4_msgs) StdoutLine: {'line': b'-- Up-to-date: /home/px4/ros2/ws/install/px4_msgs/include/px4_msgs/px4_msgs/msg/detail/manual_control_switches__type_support.cpp\n'}
[1.213921] (px4_msgs) StdoutLine: {'line': b'-- Up-to-date: /home/px4/ros2/ws/install/px4_msgs/include/px4_msgs/px4_msgs/msg/detail/position_setpoint_triplet__rosidl_typesupport_introspection_cpp.hpp\n'}
[1.213989] (px4_msgs) StdoutLine: {'line': b'-- Up-to-date: /home/px4/ros2/ws/install/px4_msgs/include/px4_msgs/px4_msgs/msg/detail/debug_array__type_support.cpp\n'}
[1.214037] (px4_msgs) StdoutLine: {'line': b'-- Up-to-date: /home/px4/ros2/ws/install/px4_msgs/include/px4_msgs/px4_msgs/msg/detail/vehicle_status__rosidl_typesupport_introspection_cpp.hpp\n'}
[1.214090] (px4_msgs) StdoutLine: {'line': b'-- Up-to-date: /home/px4/ros2/ws/install/px4_msgs/include/px4_msgs/px4_msgs/msg/detail/actuator_outputs__type_support.cpp\n'}
[1.214169] (px4_msgs) StdoutLine: {'line': b'-- Up-to-date: /home/px4/ros2/ws/install/px4_msgs/include/px4_msgs/px4_msgs/msg/detail/sensor_gnss_relative__rosidl_typesupport_introspection_cpp.hpp\n'}
[1.214218] (px4_msgs) StdoutLine: {'line': b'-- Up-to-date: /home/px4/ros2/ws/install/px4_msgs/include/px4_msgs/px4_msgs/msg/detail/hover_thrust_estimate__rosidl_typesupport_introspection_cpp.hpp\n'}
[1.214268] (px4_msgs) StdoutLine: {'line': b'-- Up-to-date: /home/px4/ros2/ws/install/px4_msgs/include/px4_msgs/px4_msgs/msg/detail/longitudinal_control_configuration__rosidl_typesupport_introspection_cpp.hpp\n'}
[1.214314] (px4_msgs) StdoutLine: {'line': b'-- Up-to-date: /home/px4/ros2/ws/install/px4_msgs/include/px4_msgs/px4_msgs/msg/detail/wheel_encoders__type_support.cpp\n'}
[1.214360] (px4_msgs) StdoutLine: {'line': b'-- Up-to-date: /home/px4/ros2/ws/install/px4_msgs/include/px4_msgs/px4_msgs/msg/detail/vehicle_rates_setpoint__type_support.cpp\n'}
[1.214406] (px4_msgs) StdoutLine: {'line': b'-- Up-to-date: /home/px4/ros2/ws/install/px4_msgs/include/px4_msgs/px4_msgs/msg/detail/gpio_in__rosidl_typesupport_introspection_cpp.hpp\n'}
[1.214452] (px4_msgs) StdoutLine: {'line': b'-- Up-to-date: /home/px4/ros2/ws/install/px4_msgs/include/px4_msgs/px4_msgs/msg/detail/follow_target__rosidl_typesupport_introspection_cpp.hpp\n'}
[1.214498] (px4_msgs) StdoutLine: {'line': b'-- Up-to-date: /home/px4/ros2/ws/install/px4_msgs/include/px4_msgs/px4_msgs/msg/detail/telemetry_status__type_support.cpp\n'}
[1.214545] (px4_msgs) StdoutLine: {'line': b'-- Up-to-date: /home/px4/ros2/ws/install/px4_msgs/include/px4_msgs/px4_msgs/msg/detail/landing_gear_wheel__rosidl_typesupport_introspection_cpp.hpp\n'}
[1.214605] (px4_msgs) StdoutLine: {'line': b'-- Up-to-date: /home/px4/ros2/ws/install/px4_msgs/include/px4_msgs/px4_msgs/msg/detail/vehicle_thrust_setpoint__rosidl_typesupport_introspection_cpp.hpp\n'}
[1.214654] (px4_msgs) StdoutLine: {'line': b'-- Up-to-date: /home/px4/ros2/ws/install/px4_msgs/include/px4_msgs/px4_msgs/msg/detail/home_position__rosidl_typesupport_introspection_cpp.hpp\n'}
[1.214699] (px4_msgs) StdoutLine: {'line': b'-- Up-to-date: /home/px4/ros2/ws/install/px4_msgs/include/px4_msgs/px4_msgs/msg/detail/sensor_gyro_fft__rosidl_typesupport_introspection_cpp.hpp\n'}
[1.214745] (px4_msgs) StdoutLine: {'line': b'-- Up-to-date: /home/px4/ros2/ws/install/px4_msgs/include/px4_msgs/px4_msgs/msg/detail/estimator_sensor_bias__rosidl_typesupport_introspection_cpp.hpp\n'}
[1.214805] (px4_msgs) StdoutLine: {'line': b'-- Up-to-date: /home/px4/ros2/ws/install/px4_msgs/include/px4_msgs/px4_msgs/msg/detail/orb_test__rosidl_typesupport_introspection_cpp.hpp\n'}
[1.214858] (px4_msgs) StdoutLine: {'line': b'-- Up-to-date: /home/px4/ros2/ws/install/px4_msgs/include/px4_msgs/px4_msgs/msg/detail/sensors_status_imu__rosidl_typesupport_introspection_cpp.hpp\n'}
[1.214905] (px4_msgs) StdoutLine: {'line': b'-- Up-to-date: /home/px4/ros2/ws/install/px4_msgs/include/px4_msgs/px4_msgs/msg/detail/orb_test_medium__rosidl_typesupport_introspection_cpp.hpp\n'}
[1.214953] (px4_msgs) StdoutLine: {'line': b'-- Up-to-date: /home/px4/ros2/ws/install/px4_msgs/include/px4_msgs/px4_msgs/msg/detail/vehicle_command_ack__type_support.cpp\n'}
[1.215009] (px4_msgs) StdoutLine: {'line': b'-- Up-to-date: /home/px4/ros2/ws/install/px4_msgs/include/px4_msgs/px4_msgs/msg/detail/gimbal_manager_set_attitude__rosidl_typesupport_introspection_cpp.hpp\n'}
[1.215076] (px4_msgs) StdoutLine: {'line': b'-- Up-to-date: /home/px4/ros2/ws/install/px4_msgs/include/px4_msgs/px4_msgs/msg/detail/sensor_airflow__rosidl_typesupport_introspection_cpp.hpp\n'}
[1.215123] (px4_msgs) StdoutLine: {'line': b'-- Up-to-date: /home/px4/ros2/ws/install/px4_msgs/include/px4_msgs/px4_msgs/msg/detail/mission_result__rosidl_typesupport_introspection_cpp.hpp\n'}
[1.215181] (px4_msgs) StdoutLine: {'line': b'-- Up-to-date: /home/px4/ros2/ws/install/px4_msgs/include/px4_msgs/px4_msgs/msg/detail/battery_info__type_support.cpp\n'}
[1.215250] (px4_msgs) StdoutLine: {'line': b'-- Up-to-date: /home/px4/ros2/ws/install/px4_msgs/include/px4_msgs/px4_msgs/msg/detail/sensor_preflight_mag__rosidl_typesupport_introspection_cpp.hpp\n'}
[1.215304] (px4_msgs) StdoutLine: {'line': b'-- Up-to-date: /home/px4/ros2/ws/install/px4_msgs/include/px4_msgs/px4_msgs/msg/detail/ekf2_timestamps__type_support.cpp\n'}
[1.215350] (px4_msgs) StdoutLine: {'line': b'-- Up-to-date: /home/px4/ros2/ws/install/px4_msgs/include/px4_msgs/px4_msgs/msg/detail/trajectory_setpoint__type_support.cpp\n'}
[1.215407] (px4_msgs) StdoutLine: {'line': b'-- Up-to-date: /home/px4/ros2/ws/install/px4_msgs/include/px4_msgs/px4_msgs/msg/detail/vehicle_land_detected__rosidl_typesupport_introspection_cpp.hpp\n'}
[1.215453] (px4_msgs) StdoutLine: {'line': b'-- Up-to-date: /home/px4/ros2/ws/install/px4_msgs/include/px4_msgs/px4_msgs/msg/detail/mount_orientation__rosidl_typesupport_introspection_cpp.hpp\n'}
[1.215499] (px4_msgs) StdoutLine: {'line': b'-- Up-to-date: /home/px4/ros2/ws/install/px4_msgs/include/px4_msgs/px4_msgs/msg/detail/open_drone_id_self_id__type_support.cpp\n'}
[1.215551] (px4_msgs) StdoutLine: {'line': b'-- Up-to-date: /home/px4/ros2/ws/install/px4_msgs/include/px4_msgs/px4_msgs/msg/detail/yaw_estimator_status__type_support.cpp\n'}
[1.215599] (px4_msgs) StdoutLine: {'line': b'-- Up-to-date: /home/px4/ros2/ws/install/px4_msgs/include/px4_msgs/px4_msgs/msg/detail/button_event__type_support.cpp\n'}
[1.215654] (px4_msgs) StdoutLine: {'line': b'-- Up-to-date: /home/px4/ros2/ws/install/px4_msgs/include/px4_msgs/px4_msgs/msg/detail/rtl_time_estimate__type_support.cpp\n'}
[1.215700] (px4_msgs) StdoutLine: {'line': b'-- Up-to-date: /home/px4/ros2/ws/install/px4_msgs/include/px4_msgs/px4_msgs/msg/detail/power_monitor__type_support.cpp\n'}
[1.215746] (px4_msgs) StdoutLine: {'line': b'-- Up-to-date: /home/px4/ros2/ws/install/px4_msgs/include/px4_msgs/px4_msgs/msg/detail/mag_worker_data__rosidl_typesupport_introspection_cpp.hpp\n'}
[1.215807] (px4_msgs) StdoutLine: {'line': b'-- Up-to-date: /home/px4/ros2/ws/install/px4_msgs/include/px4_msgs/px4_msgs/msg/detail/adc_report__type_support.cpp\n'}
[1.215875] (px4_msgs) StdoutLine: {'line': b'-- Up-to-date: /home/px4/ros2/ws/install/px4_msgs/include/px4_msgs/px4_msgs/msg/detail/fixed_wing_runway_control__type_support.cpp\n'}
[1.215927] (px4_msgs) StdoutLine: {'line': b'-- Up-to-date: /home/px4/ros2/ws/install/px4_msgs/include/px4_msgs/px4_msgs/msg/detail/irlock_report__type_support.cpp\n'}
[1.215973] (px4_msgs) StdoutLine: {'line': b'-- Up-to-date: /home/px4/ros2/ws/install/px4_msgs/include/px4_msgs/px4_msgs/msg/detail/rover_position_setpoint__rosidl_typesupport_introspection_cpp.hpp\n'}
[1.216044] (px4_msgs) StdoutLine: {'line': b'-- Up-to-date: /home/px4/ros2/ws/install/px4_msgs/include/px4_msgs/px4_msgs/msg/detail/normalized_unsigned_setpoint__type_support.cpp\n'}
[1.216091] (px4_msgs) StdoutLine: {'line': b'-- Up-to-date: /home/px4/ros2/ws/install/px4_msgs/include/px4_msgs/px4_msgs/msg/detail/geofence_status__type_support.cpp\n'}
[1.216138] (px4_msgs) StdoutLine: {'line': b'-- Up-to-date: /home/px4/ros2/ws/install/px4_msgs/include/px4_msgs/px4_msgs/msg/detail/fixed_wing_longitudinal_setpoint__rosidl_typesupport_introspection_cpp.hpp\n'}
[1.216184] (px4_msgs) StdoutLine: {'line': b'-- Up-to-date: /home/px4/ros2/ws/install/px4_msgs/include/px4_msgs/px4_msgs/msg/detail/estimator_bias3d__rosidl_typesupport_introspection_cpp.hpp\n'}
[1.216245] (px4_msgs) StdoutLine: {'line': b'-- Up-to-date: /home/px4/ros2/ws/install/px4_msgs/include/px4_msgs/px4_msgs/msg/detail/sensor_selection__type_support.cpp\n'}
[1.216293] (px4_msgs) StdoutLine: {'line': b'-- Up-to-date: /home/px4/ros2/ws/install/px4_msgs/include/px4_msgs/px4_msgs/msg/detail/camera_capture__type_support.cpp\n'}
[1.216339] (px4_msgs) StdoutLine: {'line': b'-- Up-to-date: /home/px4/ros2/ws/install/px4_msgs/include/px4_msgs/px4_msgs/msg/detail/sensor_accel_fifo__rosidl_typesupport_introspection_cpp.hpp\n'}
[1.216386] (px4_msgs) StdoutLine: {'line': b'-- Up-to-date: /home/px4/ros2/ws/install/px4_msgs/include/px4_msgs/px4_msgs/msg/detail/parameter_update__rosidl_typesupport_introspection_cpp.hpp\n'}
[1.216438] (px4_msgs) StdoutLine: {'line': b'-- Up-to-date: /home/px4/ros2/ws/install/px4_msgs/include/px4_msgs/px4_msgs/msg/detail/obstacle_distance__rosidl_typesupport_introspection_cpp.hpp\n'}
[1.216484] (px4_msgs) StdoutLine: {'line': b'-- Up-to-date: /home/px4/ros2/ws/install/px4_msgs/include/px4_msgs/px4_msgs/msg/detail/message_format_response__rosidl_typesupport_introspection_cpp.hpp\n'}
[1.216528] (px4_msgs) StdoutLine: {'line': b'-- Up-to-date: /home/px4/ros2/ws/install/px4_msgs/include/px4_msgs/px4_msgs/msg/detail/vehicle_rates_setpoint__rosidl_typesupport_introspection_cpp.hpp\n'}
[1.216573] (px4_msgs) StdoutLine: {'line': b'-- Up-to-date: /home/px4/ros2/ws/install/px4_msgs/include/px4_msgs/px4_msgs/msg/detail/control_allocator_status__type_support.cpp\n'}
[1.216618] (px4_msgs) StdoutLine: {'line': b'-- Up-to-date: /home/px4/ros2/ws/install/px4_msgs/include/px4_msgs/px4_msgs/msg/detail/gps_inject_data__type_support.cpp\n'}
[1.216678] (px4_msgs) StdoutLine: {'line': b'-- Up-to-date: /home/px4/ros2/ws/install/px4_msgs/include/px4_msgs/px4_msgs/msg/detail/config_overrides__type_support.cpp\n'}
[1.216726] (px4_msgs) StdoutLine: {'line': b'-- Up-to-date: /home/px4/ros2/ws/install/px4_msgs/include/px4_msgs/px4_msgs/msg/detail/vehicle_magnetometer__type_support.cpp\n'}
[1.216773] (px4_msgs) StdoutLine: {'line': b'-- Up-to-date: /home/px4/ros2/ws/install/px4_msgs/include/px4_msgs/px4_msgs/msg/detail/vehicle_roi__rosidl_typesupport_introspection_cpp.hpp\n'}
[1.216848] (px4_msgs) StdoutLine: {'line': b'-- Up-to-date: /home/px4/ros2/ws/install/px4_msgs/include/px4_msgs/px4_msgs/msg/detail/mode_completed__type_support.cpp\n'}
[1.216911] (px4_msgs) StdoutLine: {'line': b'-- Up-to-date: /home/px4/ros2/ws/install/px4_msgs/include/px4_msgs/px4_msgs/msg/detail/debug_value__rosidl_typesupport_introspection_cpp.hpp\n'}
[1.216958] (px4_msgs) StdoutLine: {'line': b'-- Up-to-date: /home/px4/ros2/ws/install/px4_msgs/include/px4_msgs/px4_msgs/msg/detail/gimbal_manager_set_attitude__type_support.cpp\n'}
[1.217003] (px4_msgs) StdoutLine: {'line': b'-- Up-to-date: /home/px4/ros2/ws/install/px4_msgs/include/px4_msgs/px4_msgs/msg/detail/camera_status__rosidl_typesupport_introspection_cpp.hpp\n'}
[1.217076] (px4_msgs) StdoutLine: {'line': b'-- Up-to-date: /home/px4/ros2/ws/install/px4_msgs/include/px4_msgs/px4_msgs/msg/detail/gpio_request__rosidl_typesupport_introspection_cpp.hpp\n'}
[1.217127] (px4_msgs) StdoutLine: {'line': b'-- Up-to-date: /home/px4/ros2/ws/install/px4_msgs/include/px4_msgs/px4_msgs/msg/detail/tiltrotor_extra_controls__rosidl_typesupport_introspection_cpp.hpp\n'}
[1.217173] (px4_msgs) StdoutLine: {'line': b'-- Up-to-date: /home/px4/ros2/ws/install/px4_msgs/include/px4_msgs/px4_msgs/msg/detail/estimator_selector_status__rosidl_typesupport_introspection_cpp.hpp\n'}
[1.217218] (px4_msgs) StdoutLine: {'line': b'-- Up-to-date: /home/px4/ros2/ws/install/px4_msgs/include/px4_msgs/px4_msgs/msg/detail/onboard_computer_status__type_support.cpp\n'}
[1.217274] (px4_msgs) StdoutLine: {'line': b'-- Up-to-date: /home/px4/ros2/ws/install/px4_msgs/include/px4_msgs/px4_msgs/msg/detail/health_report__rosidl_typesupport_introspection_cpp.hpp\n'}
[1.217320] (px4_msgs) StdoutLine: {'line': b'-- Up-to-date: /home/px4/ros2/ws/install/px4_msgs/include/px4_msgs/px4_msgs/msg/detail/landing_target_pose__type_support.cpp\n'}
[1.217366] (px4_msgs) StdoutLine: {'line': b'-- Up-to-date: /home/px4/ros2/ws/install/px4_msgs/include/px4_msgs/px4_msgs/msg/detail/launch_detection_status__rosidl_typesupport_introspection_cpp.hpp\n'}
[1.217409] (px4_msgs) StdoutLine: {'line': b'-- Up-to-date: /home/px4/ros2/ws/install/px4_msgs/include/px4_msgs/px4_msgs/msg/detail/geofence_status__rosidl_typesupport_introspection_cpp.hpp\n'}
[1.217454] (px4_msgs) StdoutLine: {'line': b'-- Up-to-date: /home/px4/ros2/ws/install/px4_msgs/include/px4_msgs/px4_msgs/msg/detail/open_drone_id_operator_id__rosidl_typesupport_introspection_cpp.hpp\n'}
[1.217528] (px4_msgs) StdoutLine: {'line': b'-- Up-to-date: /home/px4/ros2/ws/install/px4_msgs/include/px4_msgs/px4_msgs/msg/detail/position_controller_status__type_support.cpp\n'}
[1.217584] (px4_msgs) StdoutLine: {'line': b'-- Up-to-date: /home/px4/ros2/ws/install/px4_msgs/include/px4_msgs/px4_msgs/msg/detail/navigator_mission_item__rosidl_typesupport_introspection_cpp.hpp\n'}
[1.217641] (px4_msgs) StdoutLine: {'line': b'-- Up-to-date: /home/px4/ros2/ws/install/px4_msgs/include/px4_msgs/px4_msgs/msg/detail/tecs_status__type_support.cpp\n'}
[1.217704] (px4_msgs) StdoutLine: {'line': b'-- Up-to-date: /home/px4/ros2/ws/install/px4_msgs/include/px4_msgs/px4_msgs/msg/detail/distance_sensor_mode_change_request__type_support.cpp\n'}
[1.217751] (px4_msgs) StdoutLine: {'line': b'-- Up-to-date: /home/px4/ros2/ws/install/px4_msgs/include/px4_msgs/px4_msgs/msg/detail/rover_attitude_status__rosidl_typesupport_introspection_cpp.hpp\n'}
[1.217812] (px4_msgs) StdoutLine: {'line': b'-- Up-to-date: /home/px4/ros2/ws/install/px4_msgs/include/px4_msgs/px4_msgs/msg/detail/navigator_status__rosidl_typesupport_introspection_cpp.hpp\n'}
[1.217878] (px4_msgs) StdoutLine: {'line': b'-- Up-to-date: /home/px4/ros2/ws/install/px4_msgs/include/px4_msgs/px4_msgs/msg/detail/airspeed_validated__rosidl_typesupport_introspection_cpp.hpp\n'}
[1.217925] (px4_msgs) StdoutLine: {'line': b'-- Up-to-date: /home/px4/ros2/ws/install/px4_msgs/include/px4_msgs/px4_msgs/msg/detail/input_rc__type_support.cpp\n'}
[1.217970] (px4_msgs) StdoutLine: {'line': b'-- Up-to-date: /home/px4/ros2/ws/install/px4_msgs/include/px4_msgs/px4_msgs/msg/detail/unregister_ext_component__rosidl_typesupport_introspection_cpp.hpp\n'}
[1.218015] (px4_msgs) StdoutLine: {'line': b'-- Up-to-date: /home/px4/ros2/ws/install/px4_msgs/include/px4_msgs/px4_msgs/msg/detail/orb_test_large__type_support.cpp\n'}
[1.218059] (px4_msgs) StdoutLine: {'line': b'-- Up-to-date: /home/px4/ros2/ws/install/px4_msgs/include/px4_msgs/px4_msgs/msg/detail/gimbal_manager_status__rosidl_typesupport_introspection_cpp.hpp\n'}
[1.218103] (px4_msgs) StdoutLine: {'line': b'-- Up-to-date: /home/px4/ros2/ws/install/px4_msgs/include/px4_msgs/px4_msgs/msg/detail/esc_report__rosidl_typesupport_introspection_cpp.hpp\n'}
[1.218147] (px4_msgs) StdoutLine: {'line': b'-- Up-to-date: /home/px4/ros2/ws/install/px4_msgs/include/px4_msgs/px4_msgs/msg/detail/event__rosidl_typesupport_introspection_cpp.hpp\n'}
[1.218191] (px4_msgs) StdoutLine: {'line': b'-- Up-to-date: /home/px4/ros2/ws/install/px4_msgs/include/px4_msgs/px4_msgs/msg/detail/neural_control__type_support.cpp\n'}
[1.218236] (px4_msgs) StdoutLine: {'line': b'-- Up-to-date: /home/px4/ros2/ws/install/px4_msgs/include/px4_msgs/px4_msgs/msg/detail/vehicle_local_position_setpoint__type_support.cpp\n'}
[1.218280] (px4_msgs) StdoutLine: {'line': b'-- Up-to-date: /home/px4/ros2/ws/install/px4_msgs/include/px4_msgs/px4_msgs/msg/detail/generator_status__type_support.cpp\n'}
[1.218343] (px4_msgs) StdoutLine: {'line': b'-- Up-to-date: /home/px4/ros2/ws/install/px4_msgs/include/px4_msgs/px4_msgs/msg/detail/system_power__rosidl_typesupport_introspection_cpp.hpp\n'}
[1.218392] (px4_msgs) StdoutLine: {'line': b'-- Up-to-date: /home/px4/ros2/ws/install/px4_msgs/include/px4_msgs/px4_msgs/msg/detail/debug_vect__type_support.cpp\n'}
[1.218443] (px4_msgs) StdoutLine: {'line': b'-- Up-to-date: /home/px4/ros2/ws/install/px4_msgs/include/px4_msgs/px4_msgs/msg/detail/collision_constraints__type_support.cpp\n'}
[1.218502] (px4_msgs) StdoutLine: {'line': b'-- Up-to-date: /home/px4/ros2/ws/install/px4_msgs/include/px4_msgs/px4_msgs/msg/detail/rover_attitude_setpoint__rosidl_typesupport_introspection_cpp.hpp\n'}
[1.218549] (px4_msgs) StdoutLine: {'line': b'-- Up-to-date: /home/px4/ros2/ws/install/px4_msgs/include/px4_msgs/px4_msgs/msg/detail/vehicle_land_detected__type_support.cpp\n'}
[1.218594] (px4_msgs) StdoutLine: {'line': b'-- Up-to-date: /home/px4/ros2/ws/install/px4_msgs/include/px4_msgs/px4_msgs/msg/detail/gps_inject_data__rosidl_typesupport_introspection_cpp.hpp\n'}
[1.218639] (px4_msgs) StdoutLine: {'line': b'-- Up-to-date: /home/px4/ros2/ws/install/px4_msgs/include/px4_msgs/px4_msgs/msg/detail/sensor_correction__type_support.cpp\n'}
[1.218713] (px4_msgs) StdoutLine: {'line': b'-- Up-to-date: /home/px4/ros2/ws/install/px4_msgs/include/px4_msgs/px4_msgs/msg/detail/position_setpoint__rosidl_typesupport_introspection_cpp.hpp\n'}
[1.218770] (px4_msgs) StdoutLine: {'line': b'-- Up-to-date: /home/px4/ros2/ws/install/px4_msgs/include/px4_msgs/px4_msgs/msg/detail/vehicle_angular_velocity__rosidl_typesupport_introspection_cpp.hpp\n'}
[1.218831] (px4_msgs) StdoutLine: {'line': b'-- Up-to-date: /home/px4/ros2/ws/install/px4_msgs/include/px4_msgs/px4_msgs/msg/detail/estimator_status_flags__type_support.cpp\n'}
[1.218877] (px4_msgs) StdoutLine: {'line': b'-- Up-to-date: /home/px4/ros2/ws/install/px4_msgs/include/px4_msgs/px4_msgs/msg/detail/system_power__type_support.cpp\n'}
[1.218921] (px4_msgs) StdoutLine: {'line': b'-- Up-to-date: /home/px4/ros2/ws/install/px4_msgs/include/px4_msgs/px4_msgs/msg/detail/longitudinal_control_configuration__type_support.cpp\n'}
[1.218969] (px4_msgs) StdoutLine: {'line': b'-- Up-to-date: /home/px4/ros2/ws/install/px4_msgs/include/px4_msgs/px4_msgs/msg/detail/debug_key_value__rosidl_typesupport_introspection_cpp.hpp\n'}
[1.219015] (px4_msgs) StdoutLine: {'line': b'-- Up-to-date: /home/px4/ros2/ws/install/px4_msgs/include/px4_msgs/px4_msgs/msg/detail/vehicle_command__rosidl_typesupport_introspection_cpp.hpp\n'}
[1.219060] (px4_msgs) StdoutLine: {'line': b'-- Up-to-date: /home/px4/ros2/ws/install/px4_msgs/include/px4_msgs/px4_msgs/msg/detail/sensor_optical_flow__type_support.cpp\n'}
[1.219105] (px4_msgs) StdoutLine: {'line': b'-- Up-to-date: /home/px4/ros2/ws/install/px4_msgs/include/px4_msgs/px4_msgs/msg/detail/position_controller_landing_status__rosidl_typesupport_introspection_cpp.hpp\n'}
[1.219172] (px4_msgs) StdoutLine: {'line': b'-- Up-to-date: /home/px4/ros2/ws/install/px4_msgs/include/px4_msgs/px4_msgs/msg/detail/wind__rosidl_typesupport_introspection_cpp.hpp\n'}
[1.219221] (px4_msgs) StdoutLine: {'line': b'-- Up-to-date: /home/px4/ros2/ws/install/px4_msgs/include/px4_msgs/px4_msgs/msg/detail/iridiumsbd_status__type_support.cpp\n'}
[1.219265] (px4_msgs) StdoutLine: {'line': b'-- Up-to-date: /home/px4/ros2/ws/install/px4_msgs/include/px4_msgs/px4_msgs/msg/detail/sensor_baro__type_support.cpp\n'}
[1.219319] (px4_msgs) StdoutLine: {'line': b'-- Up-to-date: /home/px4/ros2/ws/install/px4_msgs/include/px4_msgs/px4_msgs/msg/detail/sensor_hygrometer__rosidl_typesupport_introspection_cpp.hpp\n'}
[1.219366] (px4_msgs) StdoutLine: {'line': b'-- Up-to-date: /home/px4/ros2/ws/install/px4_msgs/include/px4_msgs/px4_msgs/msg/detail/pps_capture__type_support.cpp\n'}
[1.219432] (px4_msgs) StdoutLine: {'line': b'-- Up-to-date: /home/px4/ros2/ws/install/px4_msgs/include/px4_msgs/px4_msgs/msg/detail/battery_status__type_support.cpp\n'}
[1.219511] (px4_msgs) StdoutLine: {'line': b'-- Up-to-date: /home/px4/ros2/ws/install/px4_msgs/include/px4_msgs/px4_msgs/msg/detail/offboard_control_mode__rosidl_typesupport_introspection_cpp.hpp\n'}
[1.219569] (px4_msgs) StdoutLine: {'line': b'-- Up-to-date: /home/px4/ros2/ws/install/px4_msgs/include/px4_msgs/px4_msgs/msg/detail/vehicle_thrust_setpoint__type_support.cpp\n'}
[1.219639] (px4_msgs) StdoutLine: {'line': b'-- Up-to-date: /home/px4/ros2/ws/install/px4_msgs/include/px4_msgs/px4_msgs/msg/detail/radio_status__rosidl_typesupport_introspection_cpp.hpp\n'}
[1.219686] (px4_msgs) StdoutLine: {'line': b'-- Up-to-date: /home/px4/ros2/ws/install/px4_msgs/include/px4_msgs/px4_msgs/msg/detail/neural_control__rosidl_typesupport_introspection_cpp.hpp\n'}
[1.219730] (px4_msgs) StdoutLine: {'line': b'-- Up-to-date: /home/px4/ros2/ws/install/px4_msgs/include/px4_msgs/px4_msgs/msg/detail/vehicle_attitude__rosidl_typesupport_introspection_cpp.hpp\n'}
[1.219774] (px4_msgs) StdoutLine: {'line': b'-- Up-to-date: /home/px4/ros2/ws/install/px4_msgs/include/px4_msgs/px4_msgs/msg/detail/yaw_estimator_status__rosidl_typesupport_introspection_cpp.hpp\n'}
[1.219836] (px4_msgs) StdoutLine: {'line': b'-- Up-to-date: /home/px4/ros2/ws/install/px4_msgs/include/px4_msgs/px4_msgs/msg/detail/orbit_status__type_support.cpp\n'}
[1.219888] (px4_msgs) StdoutLine: {'line': b'-- Up-to-date: /home/px4/ros2/ws/install/px4_msgs/include/px4_msgs/px4_msgs/msg/detail/airspeed__type_support.cpp\n'}
[1.219934] (px4_msgs) StdoutLine: {'line': b'-- Up-to-date: /home/px4/ros2/ws/install/px4_msgs/include/px4_msgs/px4_msgs/msg/detail/estimator_bias3d__type_support.cpp\n'}
[1.219987] (px4_msgs) StdoutLine: {'line': b'-- Up-to-date: /home/px4/ros2/ws/install/px4_msgs/include/px4_msgs/px4_msgs/msg/detail/message_format_request__type_support.cpp\n'}
[1.220065] (px4_msgs) StdoutLine: {'line': b'-- Up-to-date: /home/px4/ros2/ws/install/px4_msgs/include/px4_msgs/px4_msgs/msg/detail/irlock_report__rosidl_typesupport_introspection_cpp.hpp\n'}
[1.220111] (px4_msgs) StdoutLine: {'line': b'-- Up-to-date: /home/px4/ros2/ws/install/px4_msgs/include/px4_msgs/px4_msgs/msg/detail/orb_test_large__rosidl_typesupport_introspection_cpp.hpp\n'}
[1.220157] (px4_msgs) StdoutLine: {'line': b'-- Up-to-date: /home/px4/ros2/ws/install/px4_msgs/include/px4_msgs/px4_msgs/msg/detail/differential_pressure__rosidl_typesupport_introspection_cpp.hpp\n'}
[1.220230] (px4_msgs) StdoutLine: {'line': b'-- Up-to-date: /home/px4/ros2/ws/install/px4_msgs/include/px4_msgs/px4_msgs/msg/detail/figure_eight_status__type_support.cpp\n'}
[1.220276] (px4_msgs) StdoutLine: {'line': b'-- Up-to-date: /home/px4/ros2/ws/install/px4_msgs/include/px4_msgs/px4_msgs/msg/detail/rover_steering_setpoint__type_support.cpp\n'}
[1.220322] (px4_msgs) StdoutLine: {'line': b'-- Up-to-date: /home/px4/ros2/ws/install/px4_msgs/include/px4_msgs/px4_msgs/msg/detail/pps_capture__rosidl_typesupport_introspection_cpp.hpp\n'}
[1.220381] (px4_msgs) StdoutLine: {'line': b'-- Up-to-date: /home/px4/ros2/ws/install/px4_msgs/include/px4_msgs/px4_msgs/msg/detail/uavcan_parameter_value__rosidl_typesupport_introspection_cpp.hpp\n'}
[1.220453] (px4_msgs) StdoutLine: {'line': b'-- Up-to-date: /home/px4/ros2/ws/install/px4_msgs/include/px4_msgs/px4_msgs/msg/detail/sensor_gyro_fifo__type_support.cpp\n'}
[1.220500] (px4_msgs) StdoutLine: {'line': b'-- Up-to-date: /home/px4/ros2/ws/install/px4_msgs/include/px4_msgs/px4_msgs/msg/detail/rover_rate_setpoint__type_support.cpp\n'}
[1.220546] (px4_msgs) StdoutLine: {'line': b'-- Up-to-date: /home/px4/ros2/ws/install/px4_msgs/include/px4_msgs/px4_msgs/msg/detail/gimbal_device_attitude_status__type_support.cpp\n'}
[1.220590] (px4_msgs) StdoutLine: {'line': b'-- Up-to-date: /home/px4/ros2/ws/install/px4_msgs/include/px4_msgs/px4_msgs/msg/detail/gps_dump__type_support.cpp\n'}
[1.220635] (px4_msgs) StdoutLine: {'line': b'-- Up-to-date: /home/px4/ros2/ws/install/px4_msgs/include/px4_msgs/px4_msgs/msg/detail/logger_status__type_support.cpp\n'}
[1.220681] (px4_msgs) StdoutLine: {'line': b'-- Up-to-date: /home/px4/ros2/ws/install/px4_msgs/include/px4_msgs/px4_msgs/msg/detail/figure_eight_status__rosidl_typesupport_introspection_cpp.hpp\n'}
[1.220726] (px4_msgs) StdoutLine: {'line': b'-- Up-to-date: /home/px4/ros2/ws/install/px4_msgs/include/px4_msgs/px4_msgs/msg/detail/autotune_attitude_control_status__type_support.cpp\n'}
[1.220772] (px4_msgs) StdoutLine: {'line': b'-- Up-to-date: /home/px4/ros2/ws/install/px4_msgs/include/px4_msgs/px4_msgs/msg/detail/trajectory_setpoint6dof__rosidl_typesupport_introspection_cpp.hpp\n'}
[1.220835] (px4_msgs) StdoutLine: {'line': b'-- Up-to-date: /home/px4/ros2/ws/install/px4_msgs/include/px4_msgs/px4_msgs/msg/detail/tune_control__rosidl_typesupport_introspection_cpp.hpp\n'}
[1.220898] (px4_msgs) StdoutLine: {'line': b'-- Up-to-date: /home/px4/ros2/ws/install/px4_msgs/include/px4_msgs/px4_msgs/msg/detail/vehicle_attitude_setpoint__type_support.cpp\n'}
[1.220944] (px4_msgs) StdoutLine: {'line': b'-- Up-to-date: /home/px4/ros2/ws/install/px4_msgs/include/px4_msgs/px4_msgs/msg/detail/vehicle_command__type_support.cpp\n'}
[1.220989] (px4_msgs) StdoutLine: {'line': b'-- Up-to-date: /home/px4/ros2/ws/install/px4_msgs/include/px4_msgs/px4_msgs/msg/detail/vehicle_imu_status__type_support.cpp\n'}
[1.221035] (px4_msgs) StdoutLine: {'line': b'-- Up-to-date: /home/px4/ros2/ws/install/px4_msgs/include/px4_msgs/px4_msgs/msg/detail/gimbal_device_attitude_status__rosidl_typesupport_introspection_cpp.hpp\n'}
[1.221092] (px4_msgs) StdoutLine: {'line': b'-- Up-to-date: /home/px4/ros2/ws/install/px4_msgs/include/px4_msgs/px4_msgs/msg/detail/cpuload__rosidl_typesupport_introspection_cpp.hpp\n'}
[1.221141] (px4_msgs) StdoutLine: {'line': b'-- Up-to-date: /home/px4/ros2/ws/install/px4_msgs/include/px4_msgs/px4_msgs/msg/detail/vehicle_angular_acceleration_setpoint__type_support.cpp\n'}
[1.221216] (px4_msgs) StdoutLine: {'line': b'-- Up-to-date: /home/px4/ros2/ws/install/px4_msgs/include/px4_msgs/px4_msgs/msg/detail/qshell_retval__type_support.cpp\n'}
[1.221262] (px4_msgs) StdoutLine: {'line': b'-- Up-to-date: /home/px4/ros2/ws/install/px4_msgs/include/px4_msgs/px4_msgs/msg/detail/vehicle_constraints__type_support.cpp\n'}
[1.221306] (px4_msgs) StdoutLine: {'line': b'-- Up-to-date: /home/px4/ros2/ws/install/px4_msgs/include/px4_msgs/px4_msgs/msg/detail/vehicle_imu__rosidl_typesupport_introspection_cpp.hpp\n'}
[1.221351] (px4_msgs) StdoutLine: {'line': b'-- Up-to-date: /home/px4/ros2/ws/install/px4_msgs/include/px4_msgs/px4_msgs/msg/detail/adc_report__rosidl_typesupport_introspection_cpp.hpp\n'}
[1.221397] (px4_msgs) StdoutLine: {'line': b'-- Up-to-date: /home/px4/ros2/ws/install/px4_msgs/include/px4_msgs/px4_msgs/msg/detail/transponder_report__type_support.cpp\n'}
[1.221471] (px4_msgs) StdoutLine: {'line': b'-- Up-to-date: /home/px4/ros2/ws/install/px4_msgs/include/px4_msgs/px4_msgs/msg/detail/sensor_gps__rosidl_typesupport_introspection_cpp.hpp\n'}
[1.221520] (px4_msgs) StdoutLine: {'line': b'-- Up-to-date: /home/px4/ros2/ws/install/px4_msgs/include/px4_msgs/px4_msgs/msg/detail/actuator_outputs__rosidl_typesupport_introspection_cpp.hpp\n'}
[1.221566] (px4_msgs) StdoutLine: {'line': b'-- Up-to-date: /home/px4/ros2/ws/install/px4_msgs/include/px4_msgs/px4_msgs/msg/detail/telemetry_status__rosidl_typesupport_introspection_cpp.hpp\n'}
[1.221611] (px4_msgs) StdoutLine: {'line': b'-- Up-to-date: /home/px4/ros2/ws/install/px4_msgs/include/px4_msgs/px4_msgs/msg/detail/parameter_reset_request__type_support.cpp\n'}
[1.221656] (px4_msgs) StdoutLine: {'line': b'-- Up-to-date: /home/px4/ros2/ws/install/px4_msgs/include/px4_msgs/px4_msgs/msg/detail/estimator_sensor_bias__type_support.cpp\n'}
[1.221702] (px4_msgs) StdoutLine: {'line': b'-- Up-to-date: /home/px4/ros2/ws/install/px4_msgs/include/px4_msgs/px4_msgs/msg/detail/parameter_set_value_request__type_support.cpp\n'}
[1.221747] (px4_msgs) StdoutLine: {'line': b'-- Up-to-date: /home/px4/ros2/ws/install/px4_msgs/include/px4_msgs/px4_msgs/msg/detail/gimbal_manager_status__type_support.cpp\n'}
[1.221804] (px4_msgs) StdoutLine: {'line': b'-- Up-to-date: /home/px4/ros2/ws/install/px4_msgs/include/px4_msgs/px4_msgs/msg/detail/rc_parameter_map__rosidl_typesupport_introspection_cpp.hpp\n'}
[1.221855] (px4_msgs) StdoutLine: {'line': b'-- Up-to-date: /home/px4/ros2/ws/install/px4_msgs/include/px4_msgs/px4_msgs/msg/detail/distance_sensor__type_support.cpp\n'}
[1.221902] (px4_msgs) StdoutLine: {'line': b'-- Up-to-date: /home/px4/ros2/ws/install/px4_msgs/include/px4_msgs/px4_msgs/msg/detail/gimbal_controls__rosidl_typesupport_introspection_cpp.hpp\n'}
[1.221982] (px4_msgs) StdoutLine: {'line': b'-- Up-to-date: /home/px4/ros2/ws/install/px4_msgs/include/px4_msgs/px4_msgs/msg/detail/register_ext_component_request__rosidl_typesupport_introspection_cpp.hpp\n'}
[1.222029] (px4_msgs) StdoutLine: {'line': b'-- Up-to-date: /home/px4/ros2/ws/install/px4_msgs/include/px4_msgs/px4_msgs/msg/detail/log_message__rosidl_typesupport_introspection_cpp.hpp\n'}
[1.222073] (px4_msgs) StdoutLine: {'line': b'-- Up-to-date: /home/px4/ros2/ws/install/px4_msgs/include/px4_msgs/px4_msgs/msg/detail/open_drone_id_system__type_support.cpp\n'}
[1.222121] (px4_msgs) StdoutLine: {'line': b'-- Up-to-date: /home/px4/ros2/ws/install/px4_msgs/include/px4_msgs/px4_msgs/msg/detail/offboard_control_mode__type_support.cpp\n'}
[1.222182] (px4_msgs) StdoutLine: {'line': b'-- Up-to-date: /home/px4/ros2/ws/install/px4_msgs/include/px4_msgs/px4_msgs/msg/detail/gripper__type_support.cpp\n'}
[1.222235] (px4_msgs) StdoutLine: {'line': b'-- Up-to-date: /home/px4/ros2/ws/install/px4_msgs/include/px4_msgs/px4_msgs/msg/detail/airspeed__rosidl_typesupport_introspection_cpp.hpp\n'}
[1.222282] (px4_msgs) StdoutLine: {'line': b'-- Up-to-date: /home/px4/ros2/ws/install/px4_msgs/include/px4_msgs/px4_msgs/msg/detail/rover_velocity_status__rosidl_typesupport_introspection_cpp.hpp\n'}
[1.222327] (px4_msgs) StdoutLine: {'line': b'-- Up-to-date: /home/px4/ros2/ws/install/px4_msgs/include/px4_msgs/px4_msgs/msg/detail/cellular_status__type_support.cpp\n'}
[1.222373] (px4_msgs) StdoutLine: {'line': b'-- Up-to-date: /home/px4/ros2/ws/install/px4_msgs/include/px4_msgs/px4_msgs/msg/detail/estimator_innovations__type_support.cpp\n'}
[1.222418] (px4_msgs) StdoutLine: {'line': b'-- Up-to-date: /home/px4/ros2/ws/install/px4_msgs/include/px4_msgs/px4_msgs/msg/detail/mag_worker_data__type_support.cpp\n'}
[1.222463] (px4_msgs) StdoutLine: {'line': b'-- Up-to-date: /home/px4/ros2/ws/install/px4_msgs/include/px4_msgs/px4_msgs/msg/detail/vehicle_optical_flow__rosidl_typesupport_introspection_cpp.hpp\n'}
[1.222509] (px4_msgs) StdoutLine: {'line': b'-- Up-to-date: /home/px4/ros2/ws/install/px4_msgs/include/px4_msgs/px4_msgs/msg/detail/onboard_computer_status__rosidl_typesupport_introspection_cpp.hpp\n'}
[1.222554] (px4_msgs) StdoutLine: {'line': b'-- Up-to-date: /home/px4/ros2/ws/install/px4_msgs/include/px4_msgs/px4_msgs/msg/detail/sensor_gyro_fft__type_support.cpp\n'}
[1.222616] (px4_msgs) StdoutLine: {'line': b'-- Up-to-date: /home/px4/ros2/ws/install/px4_msgs/include/px4_msgs/px4_msgs/msg/detail/sensor_selection__rosidl_typesupport_introspection_cpp.hpp\n'}
[1.222663] (px4_msgs) StdoutLine: {'line': b'-- Up-to-date: /home/px4/ros2/ws/install/px4_msgs/include/px4_msgs/px4_msgs/msg/detail/fixed_wing_lateral_setpoint__rosidl_typesupport_introspection_cpp.hpp\n'}
[1.222709] (px4_msgs) StdoutLine: {'line': b'-- Up-to-date: /home/px4/ros2/ws/install/px4_msgs/include/px4_msgs/px4_msgs/msg/detail/gripper__rosidl_typesupport_introspection_cpp.hpp\n'}
[1.222753] (px4_msgs) StdoutLine: {'line': b'-- Up-to-date: /home/px4/ros2/ws/install/px4_msgs/include/px4_msgs/px4_msgs/msg/detail/gpio_config__type_support.cpp\n'}
[1.222813] (px4_msgs) StdoutLine: {'line': b'-- Up-to-date: /home/px4/ros2/ws/install/px4_msgs/include/px4_msgs/px4_msgs/msg/detail/debug_vect__rosidl_typesupport_introspection_cpp.hpp\n'}
[1.222863] (px4_msgs) StdoutLine: {'line': b'-- Up-to-date: /home/px4/ros2/ws/install/px4_msgs/include/px4_msgs/px4_msgs/msg/detail/heater_status__type_support.cpp\n'}
[1.222916] (px4_msgs) StdoutLine: {'line': b'-- Up-to-date: /home/px4/ros2/ws/install/px4_msgs/include/px4_msgs/px4_msgs/msg/detail/sensor_gyro_fifo__rosidl_typesupport_introspection_cpp.hpp\n'}
[1.222963] (px4_msgs) StdoutLine: {'line': b'-- Up-to-date: /home/px4/ros2/ws/install/px4_msgs/include/px4_msgs/px4_msgs/msg/detail/estimator_selector_status__type_support.cpp\n'}
[1.223010] (px4_msgs) StdoutLine: {'line': b'-- Up-to-date: /home/px4/ros2/ws/install/px4_msgs/include/px4_msgs/px4_msgs/msg/detail/failure_detector_status__rosidl_typesupport_introspection_cpp.hpp\n'}
[1.223075] (px4_msgs) StdoutLine: {'line': b'-- Up-to-date: /home/px4/ros2/ws/install/px4_msgs/include/px4_msgs/px4_msgs/msg/detail/vehicle_torque_setpoint__type_support.cpp\n'}
[1.223121] (px4_msgs) StdoutLine: {'line': b'-- Up-to-date: /home/px4/ros2/ws/install/px4_msgs/include/px4_msgs/px4_msgs/msg/detail/rover_attitude_setpoint__type_support.cpp\n'}
[1.223166] (px4_msgs) StdoutLine: {'line': b'-- Up-to-date: /home/px4/ros2/ws/install/px4_msgs/include/px4_msgs/px4_msgs/msg/detail/sensors_status__type_support.cpp\n'}
[1.223225] (px4_msgs) StdoutLine: {'line': b'-- Up-to-date: /home/px4/ros2/ws/install/px4_msgs/include/px4_msgs/px4_msgs/msg/detail/open_drone_id_operator_id__type_support.cpp\n'}
[1.223272] (px4_msgs) StdoutLine: {'line': b'-- Up-to-date: /home/px4/ros2/ws/install/px4_msgs/include/px4_msgs/px4_msgs/msg/detail/battery_status__rosidl_typesupport_introspection_cpp.hpp\n'}
[1.223329] (px4_msgs) StdoutLine: {'line': b'-- Up-to-date: /home/px4/ros2/ws/install/px4_msgs/include/px4_msgs/px4_msgs/msg/detail/manual_control_switches__rosidl_typesupport_introspection_cpp.hpp\n'}
[1.223377] (px4_msgs) StdoutLine: {'line': b'-- Up-to-date: /home/px4/ros2/ws/install/px4_msgs/include/px4_msgs/px4_msgs/msg/detail/ping__rosidl_typesupport_introspection_cpp.hpp\n'}
[1.223438] (px4_msgs) StdoutLine: {'line': b'-- Up-to-date: /home/px4/ros2/ws/install/px4_msgs/include/px4_msgs/px4_msgs/msg/detail/vehicle_roi__type_support.cpp\n'}
[1.223484] (px4_msgs) StdoutLine: {'line': b'-- Up-to-date: /home/px4/ros2/ws/install/px4_msgs/include/px4_msgs/px4_msgs/msg/detail/debug_array__rosidl_typesupport_introspection_cpp.hpp\n'}
[1.223543] (px4_msgs) StdoutLine: {'line': b'-- Up-to-date: /home/px4/ros2/ws/install/px4_msgs/include/px4_msgs/px4_msgs/msg/detail/qshell_req__type_support.cpp\n'}
[1.223588] (px4_msgs) StdoutLine: {'line': b'-- Up-to-date: /home/px4/ros2/ws/install/px4_msgs/include/px4_msgs/px4_msgs/msg/detail/gpio_request__type_support.cpp\n'}
[1.223633] (px4_msgs) StdoutLine: {'line': b'-- Up-to-date: /home/px4/ros2/ws/install/px4_msgs/include/px4_msgs/px4_msgs/msg/detail/vehicle_global_position__type_support.cpp\n'}
[1.223679] (px4_msgs) StdoutLine: {'line': b'-- Up-to-date: /home/px4/ros2/ws/install/px4_msgs/include/px4_msgs/px4_msgs/msg/detail/geofence_result__rosidl_typesupport_introspection_cpp.hpp\n'}
[1.223723] (px4_msgs) StdoutLine: {'line': b'-- Up-to-date: /home/px4/ros2/ws/install/px4_msgs/include/px4_msgs/px4_msgs/msg/detail/sensor_gnss_relative__type_support.cpp\n'}
[1.223768] (px4_msgs) StdoutLine: {'line': b'-- Up-to-date: /home/px4/ros2/ws/install/px4_msgs/include/px4_msgs/px4_msgs/msg/detail/px4io_status__rosidl_typesupport_introspection_cpp.hpp\n'}
[1.223831] (px4_msgs) StdoutLine: {'line': b'-- Up-to-date: /home/px4/ros2/ws/install/px4_msgs/include/px4_msgs/px4_msgs/msg/detail/position_setpoint__type_support.cpp\n'}
[1.223894] (px4_msgs) StdoutLine: {'line': b'-- Up-to-date: /home/px4/ros2/ws/install/px4_msgs/include/px4_msgs/px4_msgs/msg/detail/failure_detector_status__type_support.cpp\n'}
[1.223941] (px4_msgs) StdoutLine: {'line': b'-- Up-to-date: /home/px4/ros2/ws/install/px4_msgs/include/px4_msgs/px4_msgs/msg/detail/estimator_event_flags__rosidl_typesupport_introspection_cpp.hpp\n'}
[1.223986] (px4_msgs) StdoutLine: {'line': b'-- Up-to-date: /home/px4/ros2/ws/install/px4_msgs/include/px4_msgs/px4_msgs/msg/detail/can_interface_status__rosidl_typesupport_introspection_cpp.hpp\n'}
[1.224045] (px4_msgs) StdoutLine: {'line': b'-- Up-to-date: /home/px4/ros2/ws/install/px4_msgs/include/px4_msgs/px4_msgs/msg/detail/airspeed_wind__rosidl_typesupport_introspection_cpp.hpp\n'}
[1.224091] (px4_msgs) StdoutLine: {'line': b'-- Up-to-date: /home/px4/ros2/ws/install/px4_msgs/include/px4_msgs/px4_msgs/msg/detail/orb_test__type_support.cpp\n'}
[1.224137] (px4_msgs) StdoutLine: {'line': b'-- Up-to-date: /home/px4/ros2/ws/install/px4_msgs/include/px4_msgs/px4_msgs/msg/detail/rover_throttle_setpoint__type_support.cpp\n'}
[1.224184] (px4_msgs) StdoutLine: {'line': b'-- Up-to-date: /home/px4/ros2/ws/install/px4_msgs/include/px4_msgs/px4_msgs/msg/detail/actuator_servos_trim__rosidl_typesupport_introspection_cpp.hpp\n'}
[1.224229] (px4_msgs) StdoutLine: {'line': b'-- Up-to-date: /home/px4/ros2/ws/install/px4_msgs/include/px4_msgs/px4_msgs/msg/detail/parameter_set_used_request__type_support.cpp\n'}
[1.224287] (px4_msgs) StdoutLine: {'line': b'-- Up-to-date: /home/px4/ros2/ws/install/px4_msgs/include/px4_msgs/px4_msgs/msg/detail/estimator_states__rosidl_typesupport_introspection_cpp.hpp\n'}
[1.224340] (px4_msgs) StdoutLine: {'line': b'-- Up-to-date: /home/px4/ros2/ws/install/px4_msgs/include/px4_msgs/px4_msgs/msg/detail/sensor_mag__rosidl_typesupport_introspection_cpp.hpp\n'}
[1.224388] (px4_msgs) StdoutLine: {'line': b'-- Up-to-date: /home/px4/ros2/ws/install/px4_msgs/include/px4_msgs/px4_msgs/msg/detail/ulog_stream__rosidl_typesupport_introspection_cpp.hpp\n'}
[1.224441] (px4_msgs) StdoutLine: {'line': b'-- Up-to-date: /home/px4/ros2/ws/install/px4_msgs/include/px4_msgs/px4_msgs/msg/detail/mount_orientation__type_support.cpp\n'}
[1.224487] (px4_msgs) StdoutLine: {'line': b'-- Up-to-date: /home/px4/ros2/ws/install/px4_msgs/include/px4_msgs/px4_msgs/msg/detail/task_stack_info__rosidl_typesupport_introspection_cpp.hpp\n'}
[1.224532] (px4_msgs) StdoutLine: {'line': b'-- Up-to-date: /home/px4/ros2/ws/install/px4_msgs/include/px4_msgs/px4_msgs/msg/detail/vehicle_odometry__rosidl_typesupport_introspection_cpp.hpp\n'}
[1.224578] (px4_msgs) StdoutLine: {'line': b'-- Up-to-date: /home/px4/ros2/ws/install/px4_msgs/include/px4_msgs/px4_msgs/msg/detail/actuator_motors__type_support.cpp\n'}
[1.224623] (px4_msgs) StdoutLine: {'line': b'-- Up-to-date: /home/px4/ros2/ws/install/px4_msgs/include/px4_msgs/px4_msgs/msg/detail/fixed_wing_runway_control__rosidl_typesupport_introspection_cpp.hpp\n'}
[1.224668] (px4_msgs) StdoutLine: {'line': b'-- Up-to-date: /home/px4/ros2/ws/install/px4_msgs/include/px4_msgs/px4_msgs/msg/detail/pwm_input__rosidl_typesupport_introspection_cpp.hpp\n'}
[1.224730] (px4_msgs) StdoutLine: {'line': b'-- Up-to-date: /home/px4/ros2/ws/install/px4_msgs/include/px4_msgs/px4_msgs/msg/detail/arming_check_reply__type_support.cpp\n'}
[1.224787] (px4_msgs) StdoutLine: {'line': b'-- Up-to-date: /home/px4/ros2/ws/install/px4_msgs/include/px4_msgs/px4_msgs/msg/detail/actuator_test__rosidl_typesupport_introspection_cpp.hpp\n'}
[1.224843] (px4_msgs) StdoutLine: {'line': b'-- Up-to-date: /home/px4/ros2/ws/install/px4_msgs/include/px4_msgs/px4_msgs/msg/detail/heater_status__rosidl_typesupport_introspection_cpp.hpp\n'}
[1.224907] (px4_msgs) StdoutLine: {'line': b'-- Up-to-date: /home/px4/ros2/ws/install/px4_msgs/include/px4_msgs/px4_msgs/msg/detail/fuel_tank_status__rosidl_typesupport_introspection_cpp.hpp\n'}
[1.224958] (px4_msgs) StdoutLine: {'line': b'-- Up-to-date: /home/px4/ros2/ws/install/px4_msgs/include/px4_msgs/px4_msgs/msg/detail/parameter_set_used_request__rosidl_typesupport_introspection_cpp.hpp\n'}
[1.225015] (px4_msgs) StdoutLine: {'line': b'-- Up-to-date: /home/px4/ros2/ws/install/px4_msgs/include/px4_msgs/px4_msgs/msg/detail/sensor_uwb__rosidl_typesupport_introspection_cpp.hpp\n'}
[1.225062] (px4_msgs) StdoutLine: {'line': b'-- Up-to-date: /home/px4/ros2/ws/install/px4_msgs/include/px4_msgs/px4_msgs/msg/detail/control_allocator_status__rosidl_typesupport_introspection_cpp.hpp\n'}
[1.225123] (px4_msgs) StdoutLine: {'line': b'-- Up-to-date: /home/px4/ros2/ws/install/px4_msgs/include/px4_msgs/px4_msgs/msg/detail/vehicle_imu__type_support.cpp\n'}
[1.225170] (px4_msgs) StdoutLine: {'line': b'-- Up-to-date: /home/px4/ros2/ws/install/px4_msgs/include/px4_msgs/px4_msgs/msg/detail/vehicle_command_ack__rosidl_typesupport_introspection_cpp.hpp\n'}
[1.225216] (px4_msgs) StdoutLine: {'line': b'-- Up-to-date: /home/px4/ros2/ws/install/px4_msgs/include/px4_msgs/px4_msgs/msg/detail/arming_check_request__rosidl_typesupport_introspection_cpp.hpp\n'}
[1.225261] (px4_msgs) StdoutLine: {'line': b'-- Up-to-date: /home/px4/ros2/ws/install/px4_msgs/include/px4_msgs/px4_msgs/msg/detail/rtl_time_estimate__rosidl_typesupport_introspection_cpp.hpp\n'}
[1.225306] (px4_msgs) StdoutLine: {'line': b'-- Up-to-date: /home/px4/ros2/ws/install/px4_msgs/include/px4_msgs/px4_msgs/msg/detail/pwm_input__type_support.cpp\n'}
[1.225352] (px4_msgs) StdoutLine: {'line': b'-- Up-to-date: /home/px4/ros2/ws/install/px4_msgs/include/px4_msgs/px4_msgs/msg/detail/gpio_in__type_support.cpp\n'}
[1.225397] (px4_msgs) StdoutLine: {'line': b'-- Up-to-date: /home/px4/ros2/ws/install/px4_msgs/include/px4_msgs/px4_msgs/msg/detail/gimbal_manager_information__rosidl_typesupport_introspection_cpp.hpp\n'}
[1.225443] (px4_msgs) StdoutLine: {'line': b'-- Up-to-date: /home/px4/ros2/ws/install/px4_msgs/include/px4_msgs/px4_msgs/msg/detail/tiltrotor_extra_controls__type_support.cpp\n'}
[1.225488] (px4_msgs) StdoutLine: {'line': b'-- Up-to-date: /home/px4/ros2/ws/install/px4_msgs/include/px4_msgs/px4_msgs/msg/detail/open_drone_id_arm_status__rosidl_typesupport_introspection_cpp.hpp\n'}
[1.225555] (px4_msgs) StdoutLine: {'line': b'-- Up-to-date: /home/px4/ros2/ws/install/px4_msgs/include/px4_msgs/px4_msgs/msg/detail/timesync_status__rosidl_typesupport_introspection_cpp.hpp\n'}
[1.225603] (px4_msgs) StdoutLine: {'line': b'-- Up-to-date: /home/px4/ros2/ws/install/px4_msgs/include/px4_msgs/px4_msgs/msg/detail/internal_combustion_engine_status__type_support.cpp\n'}
[1.225648] (px4_msgs) StdoutLine: {'line': b'-- Up-to-date: /home/px4/ros2/ws/install/px4_msgs/include/px4_msgs/px4_msgs/msg/detail/tune_control__type_support.cpp\n'}
[1.225705] (px4_msgs) StdoutLine: {'line': b'-- Up-to-date: /home/px4/ros2/ws/install/px4_msgs/include/px4_msgs/px4_msgs/msg/detail/rover_attitude_status__type_support.cpp\n'}
[1.225759] (px4_msgs) StdoutLine: {'line': b'-- Up-to-date: /home/px4/ros2/ws/install/px4_msgs/include/px4_msgs/px4_msgs/msg/detail/esc_status__rosidl_typesupport_introspection_cpp.hpp\n'}
[1.225822] (px4_msgs) StdoutLine: {'line': b'-- Up-to-date: /home/px4/ros2/ws/install/px4_msgs/include/px4_msgs/px4_msgs/msg/detail/open_drone_id_arm_status__type_support.cpp\n'}
[1.225871] (px4_msgs) StdoutLine: {'line': b'-- Up-to-date: /home/px4/ros2/ws/install/px4_msgs/include/px4_msgs/px4_msgs/msg/detail/led_control__rosidl_typesupport_introspection_cpp.hpp\n'}
[1.225919] (px4_msgs) StdoutLine: {'line': b'-- Up-to-date: /home/px4/ros2/ws/install/px4_msgs/include/px4_msgs/px4_msgs/msg/detail/led_control__type_support.cpp\n'}
[1.225982] (px4_msgs) StdoutLine: {'line': b'-- Up-to-date: /home/px4/ros2/ws/install/px4_msgs/include/px4_msgs/px4_msgs/srv\n'}
[1.226029] (px4_msgs) StdoutLine: {'line': b'-- Up-to-date: /home/px4/ros2/ws/install/px4_msgs/include/px4_msgs/px4_msgs/srv/detail\n'}
[1.226074] (px4_msgs) StdoutLine: {'line': b'-- Up-to-date: /home/px4/ros2/ws/install/px4_msgs/include/px4_msgs/px4_msgs/srv/detail/vehicle_command__rosidl_typesupport_introspection_cpp.hpp\n'}
[1.226120] (px4_msgs) StdoutLine: {'line': b'-- Up-to-date: /home/px4/ros2/ws/install/px4_msgs/include/px4_msgs/px4_msgs/srv/detail/vehicle_command__type_support.cpp\n'}
[1.226165] (px4_msgs) StdoutLine: {'line': b'-- Up-to-date: /home/px4/ros2/ws/install/px4_msgs/lib/libpx4_msgs__rosidl_typesupport_introspection_cpp.so\n'}
[1.226209] (px4_msgs) StdoutLine: {'line': b'-- Up-to-date: /home/px4/ros2/ws/install/px4_msgs/lib/libpx4_msgs__rosidl_typesupport_cpp.so\n'}
[1.226255] (px4_msgs) StdoutLine: {'line': b'-- Up-to-date: /home/px4/ros2/ws/install/px4_msgs/share/px4_msgs/environment/pythonpath.sh\n'}
[1.226300] (px4_msgs) StdoutLine: {'line': b'-- Up-to-date: /home/px4/ros2/ws/install/px4_msgs/share/px4_msgs/environment/pythonpath.dsv\n'}
[1.226343] (px4_msgs) StdoutLine: {'line': b'-- Up-to-date: /home/px4/ros2/ws/install/px4_msgs/local/lib/python3.10/dist-packages/px4_msgs-2.0.1-py3.10.egg-info\n'}
[1.226402] (px4_msgs) StdoutLine: {'line': b'-- Installing: /home/px4/ros2/ws/install/px4_msgs/local/lib/python3.10/dist-packages/px4_msgs-2.0.1-py3.10.egg-info/top_level.txt\n'}
[1.226464] (px4_msgs) StdoutLine: {'line': b'-- Installing: /home/px4/ros2/ws/install/px4_msgs/local/lib/python3.10/dist-packages/px4_msgs-2.0.1-py3.10.egg-info/dependency_links.txt\n'}
[1.226520] (px4_msgs) StdoutLine: {'line': b'-- Installing: /home/px4/ros2/ws/install/px4_msgs/local/lib/python3.10/dist-packages/px4_msgs-2.0.1-py3.10.egg-info/SOURCES.txt\n'}
[1.226569] (px4_msgs) StdoutLine: {'line': b'-- Installing: /home/px4/ros2/ws/install/px4_msgs/local/lib/python3.10/dist-packages/px4_msgs-2.0.1-py3.10.egg-info/PKG-INFO\n'}
[1.226614] (px4_msgs) StdoutLine: {'line': b'-- Up-to-date: /home/px4/ros2/ws/install/px4_msgs/local/lib/python3.10/dist-packages/px4_msgs\n'}
[1.226671] (px4_msgs) StdoutLine: {'line': b'-- Up-to-date: /home/px4/ros2/ws/install/px4_msgs/local/lib/python3.10/dist-packages/px4_msgs/_px4_msgs_s.ep.rosidl_typesupport_introspection_c.c\n'}
[1.226735] (px4_msgs) StdoutLine: {'line': b'-- Up-to-date: /home/px4/ros2/ws/install/px4_msgs/local/lib/python3.10/dist-packages/px4_msgs/libpx4_msgs__rosidl_generator_py.so\n'}
[1.226799] (px4_msgs) StdoutLine: {'line': b'-- Up-to-date: /home/px4/ros2/ws/install/px4_msgs/local/lib/python3.10/dist-packages/px4_msgs/__init__.py\n'}
[1.226855] (px4_msgs) StdoutLine: {'line': b'-- Up-to-date: /home/px4/ros2/ws/install/px4_msgs/local/lib/python3.10/dist-packages/px4_msgs/_px4_msgs_s.ep.rosidl_typesupport_fastrtps_c.c\n'}
[1.226901] (px4_msgs) StdoutLine: {'line': b'-- Up-to-date: /home/px4/ros2/ws/install/px4_msgs/local/lib/python3.10/dist-packages/px4_msgs/msg\n'}
[1.226947] (px4_msgs) StdoutLine: {'line': b'-- Up-to-date: /home/px4/ros2/ws/install/px4_msgs/local/lib/python3.10/dist-packages/px4_msgs/msg/_event_s.c\n'}
[1.226993] (px4_msgs) StdoutLine: {'line': b'-- Up-to-date: /home/px4/ros2/ws/install/px4_msgs/local/lib/python3.10/dist-packages/px4_msgs/msg/_vtol_vehicle_status.py\n'}
[1.227039] (px4_msgs) StdoutLine: {'line': b'-- Up-to-date: /home/px4/ros2/ws/install/px4_msgs/local/lib/python3.10/dist-packages/px4_msgs/msg/_parameter_set_used_request.py\n'}
[1.227085] (px4_msgs) StdoutLine: {'line': b'-- Up-to-date: /home/px4/ros2/ws/install/px4_msgs/local/lib/python3.10/dist-packages/px4_msgs/msg/_trajectory_setpoint_s.c\n'}
[1.227130] (px4_msgs) StdoutLine: {'line': b'-- Up-to-date: /home/px4/ros2/ws/install/px4_msgs/local/lib/python3.10/dist-packages/px4_msgs/msg/_distance_sensor_mode_change_request_s.c\n'}
[1.227190] (px4_msgs) StdoutLine: {'line': b'-- Up-to-date: /home/px4/ros2/ws/install/px4_msgs/local/lib/python3.10/dist-packages/px4_msgs/msg/_landing_target_pose.py\n'}
[1.227236] (px4_msgs) StdoutLine: {'line': b'-- Up-to-date: /home/px4/ros2/ws/install/px4_msgs/local/lib/python3.10/dist-packages/px4_msgs/msg/_orbit_status.py\n'}
[1.227282] (px4_msgs) StdoutLine: {'line': b'-- Up-to-date: /home/px4/ros2/ws/install/px4_msgs/local/lib/python3.10/dist-packages/px4_msgs/msg/_register_ext_component_request_s.c\n'}
[1.227330] (px4_msgs) StdoutLine: {'line': b'-- Up-to-date: /home/px4/ros2/ws/install/px4_msgs/local/lib/python3.10/dist-packages/px4_msgs/msg/_sensor_gnss_relative_s.c\n'}
[1.227415] (px4_msgs) StdoutLine: {'line': b'-- Up-to-date: /home/px4/ros2/ws/install/px4_msgs/local/lib/python3.10/dist-packages/px4_msgs/msg/_geofence_result_s.c\n'}
[1.227467] (px4_msgs) StdoutLine: {'line': b'-- Up-to-date: /home/px4/ros2/ws/install/px4_msgs/local/lib/python3.10/dist-packages/px4_msgs/msg/_launch_detection_status_s.c\n'}
[1.227514] (px4_msgs) StdoutLine: {'line': b'-- Up-to-date: /home/px4/ros2/ws/install/px4_msgs/local/lib/python3.10/dist-packages/px4_msgs/msg/_gripper_s.c\n'}
[1.227584] (px4_msgs) StdoutLine: {'line': b'-- Up-to-date: /home/px4/ros2/ws/install/px4_msgs/local/lib/python3.10/dist-packages/px4_msgs/msg/_estimator_bias_s.c\n'}
[1.227632] (px4_msgs) StdoutLine: {'line': b'-- Up-to-date: /home/px4/ros2/ws/install/px4_msgs/local/lib/python3.10/dist-packages/px4_msgs/msg/_satellite_info.py\n'}
[1.227677] (px4_msgs) StdoutLine: {'line': b'-- Up-to-date: /home/px4/ros2/ws/install/px4_msgs/local/lib/python3.10/dist-packages/px4_msgs/msg/_yaw_estimator_status.py\n'}
[1.227722] (px4_msgs) StdoutLine: {'line': b'-- Up-to-date: /home/px4/ros2/ws/install/px4_msgs/local/lib/python3.10/dist-packages/px4_msgs/msg/_tecs_status_s.c\n'}
[1.227767] (px4_msgs) StdoutLine: {'line': b'-- Up-to-date: /home/px4/ros2/ws/install/px4_msgs/local/lib/python3.10/dist-packages/px4_msgs/msg/_estimator_sensor_bias_s.c\n'}
[1.227829] (px4_msgs) StdoutLine: {'line': b'-- Up-to-date: /home/px4/ros2/ws/install/px4_msgs/local/lib/python3.10/dist-packages/px4_msgs/msg/_system_power.py\n'}
[1.227877] (px4_msgs) StdoutLine: {'line': b'-- Up-to-date: /home/px4/ros2/ws/install/px4_msgs/local/lib/python3.10/dist-packages/px4_msgs/msg/_vehicle_local_position.py\n'}
[1.227923] (px4_msgs) StdoutLine: {'line': b'-- Up-to-date: /home/px4/ros2/ws/install/px4_msgs/local/lib/python3.10/dist-packages/px4_msgs/msg/_gpio_config_s.c\n'}
[1.227968] (px4_msgs) StdoutLine: {'line': b'-- Up-to-date: /home/px4/ros2/ws/install/px4_msgs/local/lib/python3.10/dist-packages/px4_msgs/msg/_fixed_wing_lateral_guidance_status.py\n'}
[1.228025] (px4_msgs) StdoutLine: {'line': b'-- Up-to-date: /home/px4/ros2/ws/install/px4_msgs/local/lib/python3.10/dist-packages/px4_msgs/msg/_satellite_info_s.c\n'}
[1.228089] (px4_msgs) StdoutLine: {'line': b'-- Up-to-date: /home/px4/ros2/ws/install/px4_msgs/local/lib/python3.10/dist-packages/px4_msgs/msg/_vtol_vehicle_status_s.c\n'}
[1.228136] (px4_msgs) StdoutLine: {'line': b'-- Up-to-date: /home/px4/ros2/ws/install/px4_msgs/local/lib/python3.10/dist-packages/px4_msgs/msg/_wheel_encoders.py\n'}
[1.228197] (px4_msgs) StdoutLine: {'line': b'-- Up-to-date: /home/px4/ros2/ws/install/px4_msgs/local/lib/python3.10/dist-packages/px4_msgs/msg/_estimator_status.py\n'}
[1.228246] (px4_msgs) StdoutLine: {'line': b'-- Up-to-date: /home/px4/ros2/ws/install/px4_msgs/local/lib/python3.10/dist-packages/px4_msgs/msg/_battery_status.py\n'}
[1.228293] (px4_msgs) StdoutLine: {'line': b'-- Up-to-date: /home/px4/ros2/ws/install/px4_msgs/local/lib/python3.10/dist-packages/px4_msgs/msg/_rover_throttle_setpoint.py\n'}
[1.228337] (px4_msgs) StdoutLine: {'line': b'-- Up-to-date: /home/px4/ros2/ws/install/px4_msgs/local/lib/python3.10/dist-packages/px4_msgs/msg/_estimator_event_flags_s.c\n'}
[1.228395] (px4_msgs) StdoutLine: {'line': b'-- Up-to-date: /home/px4/ros2/ws/install/px4_msgs/local/lib/python3.10/dist-packages/px4_msgs/msg/_pure_pursuit_status.py\n'}
[1.228452] (px4_msgs) StdoutLine: {'line': b'-- Up-to-date: /home/px4/ros2/ws/install/px4_msgs/local/lib/python3.10/dist-packages/px4_msgs/msg/_manual_control_setpoint_s.c\n'}
[1.228498] (px4_msgs) StdoutLine: {'line': b'-- Up-to-date: /home/px4/ros2/ws/install/px4_msgs/local/lib/python3.10/dist-packages/px4_msgs/msg/_px4io_status.py\n'}
[1.228544] (px4_msgs) StdoutLine: {'line': b'-- Up-to-date: /home/px4/ros2/ws/install/px4_msgs/local/lib/python3.10/dist-packages/px4_msgs/msg/_vehicle_imu_status_s.c\n'}
[1.228589] (px4_msgs) StdoutLine: {'line': b'-- Up-to-date: /home/px4/ros2/ws/install/px4_msgs/local/lib/python3.10/dist-packages/px4_msgs/msg/_navigator_mission_item_s.c\n'}
[1.228634] (px4_msgs) StdoutLine: {'line': b'-- Up-to-date: /home/px4/ros2/ws/install/px4_msgs/local/lib/python3.10/dist-packages/px4_msgs/msg/_goto_setpoint.py\n'}
[1.228682] (px4_msgs) StdoutLine: {'line': b'-- Up-to-date: /home/px4/ros2/ws/install/px4_msgs/local/lib/python3.10/dist-packages/px4_msgs/msg/_log_message.py\n'}
[1.228730] (px4_msgs) StdoutLine: {'line': b'-- Up-to-date: /home/px4/ros2/ws/install/px4_msgs/local/lib/python3.10/dist-packages/px4_msgs/msg/_esc_report.py\n'}
[1.228786] (px4_msgs) StdoutLine: {'line': b'-- Up-to-date: /home/px4/ros2/ws/install/px4_msgs/local/lib/python3.10/dist-packages/px4_msgs/msg/_estimator_aid_source1d_s.c\n'}
[1.228851] (px4_msgs) StdoutLine: {'line': b'-- Up-to-date: /home/px4/ros2/ws/install/px4_msgs/local/lib/python3.10/dist-packages/px4_msgs/msg/_log_message_s.c\n'}
[1.228899] (px4_msgs) StdoutLine: {'line': b'-- Up-to-date: /home/px4/ros2/ws/install/px4_msgs/local/lib/python3.10/dist-packages/px4_msgs/msg/_gpio_out_s.c\n'}
[1.228946] (px4_msgs) StdoutLine: {'line': b'-- Up-to-date: /home/px4/ros2/ws/install/px4_msgs/local/lib/python3.10/dist-packages/px4_msgs/msg/_button_event_s.c\n'}
[1.229010] (px4_msgs) StdoutLine: {'line': b'-- Up-to-date: /home/px4/ros2/ws/install/px4_msgs/local/lib/python3.10/dist-packages/px4_msgs/msg/_register_ext_component_reply_s.c\n'}
[1.229067] (px4_msgs) StdoutLine: {'line': b'-- Up-to-date: /home/px4/ros2/ws/install/px4_msgs/local/lib/python3.10/dist-packages/px4_msgs/msg/_vehicle_odometry_s.c\n'}
[1.229117] (px4_msgs) StdoutLine: {'line': b'-- Up-to-date: /home/px4/ros2/ws/install/px4_msgs/local/lib/python3.10/dist-packages/px4_msgs/msg/_mission_result_s.c\n'}
[1.229163] (px4_msgs) StdoutLine: {'line': b'-- Up-to-date: /home/px4/ros2/ws/install/px4_msgs/local/lib/python3.10/dist-packages/px4_msgs/msg/_vehicle_air_data.py\n'}
[1.229223] (px4_msgs) StdoutLine: {'line': b'-- Up-to-date: /home/px4/ros2/ws/install/px4_msgs/local/lib/python3.10/dist-packages/px4_msgs/msg/_vehicle_attitude.py\n'}
[1.229270] (px4_msgs) StdoutLine: {'line': b'-- Up-to-date: /home/px4/ros2/ws/install/px4_msgs/local/lib/python3.10/dist-packages/px4_msgs/msg/_fixed_wing_runway_control.py\n'}
[1.229326] (px4_msgs) StdoutLine: {'line': b'-- Up-to-date: /home/px4/ros2/ws/install/px4_msgs/local/lib/python3.10/dist-packages/px4_msgs/msg/_airspeed.py\n'}
[1.229372] (px4_msgs) StdoutLine: {'line': b'-- Up-to-date: /home/px4/ros2/ws/install/px4_msgs/local/lib/python3.10/dist-packages/px4_msgs/msg/_figure_eight_status.py\n'}
[1.229418] (px4_msgs) StdoutLine: {'line': b'-- Up-to-date: /home/px4/ros2/ws/install/px4_msgs/local/lib/python3.10/dist-packages/px4_msgs/msg/_arming_check_reply_s.c\n'}
[1.229463] (px4_msgs) StdoutLine: {'line': b'-- Up-to-date: /home/px4/ros2/ws/install/px4_msgs/local/lib/python3.10/dist-packages/px4_msgs/msg/_open_drone_id_operator_id.py\n'}
[1.229509] (px4_msgs) StdoutLine: {'line': b'-- Up-to-date: /home/px4/ros2/ws/install/px4_msgs/local/lib/python3.10/dist-packages/px4_msgs/msg/_airspeed_wind.py\n'}
[1.229554] (px4_msgs) StdoutLine: {'line': b'-- Up-to-date: /home/px4/ros2/ws/install/px4_msgs/local/lib/python3.10/dist-packages/px4_msgs/msg/_open_drone_id_system.py\n'}
[1.229599] (px4_msgs) StdoutLine: {'line': b'-- Up-to-date: /home/px4/ros2/ws/install/px4_msgs/local/lib/python3.10/dist-packages/px4_msgs/msg/_estimator_status_s.c\n'}
[1.229662] (px4_msgs) StdoutLine: {'line': b'-- Up-to-date: /home/px4/ros2/ws/install/px4_msgs/local/lib/python3.10/dist-packages/px4_msgs/msg/_vehicle_global_position_s.c\n'}
[1.229708] (px4_msgs) StdoutLine: {'line': b'-- Up-to-date: /home/px4/ros2/ws/install/px4_msgs/local/lib/python3.10/dist-packages/px4_msgs/msg/_fixed_wing_longitudinal_setpoint.py\n'}
[1.229753] (px4_msgs) StdoutLine: {'line': b'-- Up-to-date: /home/px4/ros2/ws/install/px4_msgs/local/lib/python3.10/dist-packages/px4_msgs/msg/_mount_orientation.py\n'}
[1.229835] (px4_msgs) StdoutLine: {'line': b'-- Up-to-date: /home/px4/ros2/ws/install/px4_msgs/local/lib/python3.10/dist-packages/px4_msgs/msg/_gimbal_controls_s.c\n'}
[1.229891] (px4_msgs) StdoutLine: {'line': b'-- Up-to-date: /home/px4/ros2/ws/install/px4_msgs/local/lib/python3.10/dist-packages/px4_msgs/msg/_open_drone_id_self_id_s.c\n'}
[1.229937] (px4_msgs) StdoutLine: {'line': b'-- Up-to-date: /home/px4/ros2/ws/install/px4_msgs/local/lib/python3.10/dist-packages/px4_msgs/msg/_vehicle_command_ack.py\n'}
[1.229984] (px4_msgs) StdoutLine: {'line': b'-- Up-to-date: /home/px4/ros2/ws/install/px4_msgs/local/lib/python3.10/dist-packages/px4_msgs/msg/_position_setpoint_triplet.py\n'}
[1.230030] (px4_msgs) StdoutLine: {'line': b'-- Up-to-date: /home/px4/ros2/ws/install/px4_msgs/local/lib/python3.10/dist-packages/px4_msgs/msg/_onboard_computer_status.py\n'}
[1.230077] (px4_msgs) StdoutLine: {'line': b'-- Up-to-date: /home/px4/ros2/ws/install/px4_msgs/local/lib/python3.10/dist-packages/px4_msgs/msg/_telemetry_status_s.c\n'}
[1.230136] (px4_msgs) StdoutLine: {'line': b'-- Up-to-date: /home/px4/ros2/ws/install/px4_msgs/local/lib/python3.10/dist-packages/px4_msgs/msg/_sensor_combined.py\n'}
[1.230183] (px4_msgs) StdoutLine: {'line': b'-- Up-to-date: /home/px4/ros2/ws/install/px4_msgs/local/lib/python3.10/dist-packages/px4_msgs/msg/_rover_velocity_status_s.c\n'}
[1.230230] (px4_msgs) StdoutLine: {'line': b'-- Up-to-date: /home/px4/ros2/ws/install/px4_msgs/local/lib/python3.10/dist-packages/px4_msgs/msg/_parameter_reset_request.py\n'}
[1.230290] (px4_msgs) StdoutLine: {'line': b'-- Up-to-date: /home/px4/ros2/ws/install/px4_msgs/local/lib/python3.10/dist-packages/px4_msgs/msg/_autotune_attitude_control_status.py\n'}
[1.230335] (px4_msgs) StdoutLine: {'line': b'-- Up-to-date: /home/px4/ros2/ws/install/px4_msgs/local/lib/python3.10/dist-packages/px4_msgs/msg/_camera_capture_s.c\n'}
[1.230381] (px4_msgs) StdoutLine: {'line': b'-- Up-to-date: /home/px4/ros2/ws/install/px4_msgs/local/lib/python3.10/dist-packages/px4_msgs/msg/_vehicle_thrust_setpoint_s.c\n'}
[1.230426] (px4_msgs) StdoutLine: {'line': b'-- Up-to-date: /home/px4/ros2/ws/install/px4_msgs/local/lib/python3.10/dist-packages/px4_msgs/msg/_parameter_update.py\n'}
[1.230479] (px4_msgs) StdoutLine: {'line': b'-- Up-to-date: /home/px4/ros2/ws/install/px4_msgs/local/lib/python3.10/dist-packages/px4_msgs/msg/_rover_position_setpoint.py\n'}
[1.230525] (px4_msgs) StdoutLine: {'line': b'-- Up-to-date: /home/px4/ros2/ws/install/px4_msgs/local/lib/python3.10/dist-packages/px4_msgs/msg/_unregister_ext_component_s.c\n'}
[1.230570] (px4_msgs) StdoutLine: {'line': b'-- Up-to-date: /home/px4/ros2/ws/install/px4_msgs/local/lib/python3.10/dist-packages/px4_msgs/msg/_ekf2_timestamps.py\n'}
[1.230636] (px4_msgs) StdoutLine: {'line': b'-- Up-to-date: /home/px4/ros2/ws/install/px4_msgs/local/lib/python3.10/dist-packages/px4_msgs/msg/_longitudinal_control_configuration_s.c\n'}
[1.230684] (px4_msgs) StdoutLine: {'line': b'-- Up-to-date: /home/px4/ros2/ws/install/px4_msgs/local/lib/python3.10/dist-packages/px4_msgs/msg/_position_setpoint_s.c\n'}
[1.230756] (px4_msgs) StdoutLine: {'line': b'-- Up-to-date: /home/px4/ros2/ws/install/px4_msgs/local/lib/python3.10/dist-packages/px4_msgs/msg/_position_setpoint_triplet_s.c\n'}
[1.230817] (px4_msgs) StdoutLine: {'line': b'-- Up-to-date: /home/px4/ros2/ws/install/px4_msgs/local/lib/python3.10/dist-packages/px4_msgs/msg/_follow_target_status.py\n'}
[1.230882] (px4_msgs) StdoutLine: {'line': b'-- Up-to-date: /home/px4/ros2/ws/install/px4_msgs/local/lib/python3.10/dist-packages/px4_msgs/msg/_offboard_control_mode.py\n'}
[1.230929] (px4_msgs) StdoutLine: {'line': b'-- Up-to-date: /home/px4/ros2/ws/install/px4_msgs/local/lib/python3.10/dist-packages/px4_msgs/msg/_esc_status_s.c\n'}
[1.230975] (px4_msgs) StdoutLine: {'line': b'-- Up-to-date: /home/px4/ros2/ws/install/px4_msgs/local/lib/python3.10/dist-packages/px4_msgs/msg/_parameter_set_value_response.py\n'}
[1.231021] (px4_msgs) StdoutLine: {'line': b'-- Up-to-date: /home/px4/ros2/ws/install/px4_msgs/local/lib/python3.10/dist-packages/px4_msgs/msg/_logger_status_s.c\n'}
[1.231065] (px4_msgs) StdoutLine: {'line': b'-- Up-to-date: /home/px4/ros2/ws/install/px4_msgs/local/lib/python3.10/dist-packages/px4_msgs/msg/_vehicle_angular_acceleration_setpoint.py\n'}
[1.231128] (px4_msgs) StdoutLine: {'line': b'-- Up-to-date: /home/px4/ros2/ws/install/px4_msgs/local/lib/python3.10/dist-packages/px4_msgs/msg/_magnetometer_bias_estimate.py\n'}
[1.231176] (px4_msgs) StdoutLine: {'line': b'-- Up-to-date: /home/px4/ros2/ws/install/px4_msgs/local/lib/python3.10/dist-packages/px4_msgs/msg/_cellular_status.py\n'}
[1.231221] (px4_msgs) StdoutLine: {'line': b'-- Up-to-date: /home/px4/ros2/ws/install/px4_msgs/local/lib/python3.10/dist-packages/px4_msgs/msg/_gimbal_manager_status.py\n'}
[1.231266] (px4_msgs) StdoutLine: {'line': b'-- Up-to-date: /home/px4/ros2/ws/install/px4_msgs/local/lib/python3.10/dist-packages/px4_msgs/msg/_estimator_status_flags_s.c\n'}
[1.231310] (px4_msgs) StdoutLine: {'line': b'-- Up-to-date: /home/px4/ros2/ws/install/px4_msgs/local/lib/python3.10/dist-packages/px4_msgs/msg/_fixed_wing_lateral_setpoint_s.c\n'}
[1.231357] (px4_msgs) StdoutLine: {'line': b'-- Up-to-date: /home/px4/ros2/ws/install/px4_msgs/local/lib/python3.10/dist-packages/px4_msgs/msg/_debug_array_s.c\n'}
[1.231402] (px4_msgs) StdoutLine: {'line': b'-- Up-to-date: /home/px4/ros2/ws/install/px4_msgs/local/lib/python3.10/dist-packages/px4_msgs/msg/_input_rc_s.c\n'}
[1.231450] (px4_msgs) StdoutLine: {'line': b'-- Up-to-date: /home/px4/ros2/ws/install/px4_msgs/local/lib/python3.10/dist-packages/px4_msgs/msg/_parameter_set_value_request.py\n'}
[1.231496] (px4_msgs) StdoutLine: {'line': b'-- Up-to-date: /home/px4/ros2/ws/install/px4_msgs/local/lib/python3.10/dist-packages/px4_msgs/msg/_gripper.py\n'}
[1.231544] (px4_msgs) StdoutLine: {'line': b'-- Up-to-date: /home/px4/ros2/ws/install/px4_msgs/local/lib/python3.10/dist-packages/px4_msgs/msg/_sensor_selection_s.c\n'}
[1.231602] (px4_msgs) StdoutLine: {'line': b'-- Up-to-date: /home/px4/ros2/ws/install/px4_msgs/local/lib/python3.10/dist-packages/px4_msgs/msg/_rover_steering_setpoint_s.c\n'}
[1.231650] (px4_msgs) StdoutLine: {'line': b'-- Up-to-date: /home/px4/ros2/ws/install/px4_msgs/local/lib/python3.10/dist-packages/px4_msgs/msg/_mavlink_tunnel_s.c\n'}
[1.231726] (px4_msgs) StdoutLine: {'line': b'-- Up-to-date: /home/px4/ros2/ws/install/px4_msgs/local/lib/python3.10/dist-packages/px4_msgs/msg/_debug_key_value.py\n'}
[1.231796] (px4_msgs) StdoutLine: {'line': b'-- Up-to-date: /home/px4/ros2/ws/install/px4_msgs/local/lib/python3.10/dist-packages/px4_msgs/msg/_sensor_gyro_s.c\n'}
[1.231852] (px4_msgs) StdoutLine: {'line': b'-- Up-to-date: /home/px4/ros2/ws/install/px4_msgs/local/lib/python3.10/dist-packages/px4_msgs/msg/_failsafe_flags.py\n'}
[1.231911] (px4_msgs) StdoutLine: {'line': b'-- Up-to-date: /home/px4/ros2/ws/install/px4_msgs/local/lib/python3.10/dist-packages/px4_msgs/msg/_differential_pressure.py\n'}
[1.231975] (px4_msgs) StdoutLine: {'line': b'-- Up-to-date: /home/px4/ros2/ws/install/px4_msgs/local/lib/python3.10/dist-packages/px4_msgs/msg/_gimbal_manager_set_manual_control.py\n'}
[1.232023] (px4_msgs) StdoutLine: {'line': b'-- Up-to-date: /home/px4/ros2/ws/install/px4_msgs/local/lib/python3.10/dist-packages/px4_msgs/msg/_position_controller_status_s.c\n'}
[1.232069] (px4_msgs) StdoutLine: {'line': b'-- Up-to-date: /home/px4/ros2/ws/install/px4_msgs/local/lib/python3.10/dist-packages/px4_msgs/msg/_gpio_request.py\n'}
[1.232115] (px4_msgs) StdoutLine: {'line': b'-- Up-to-date: /home/px4/ros2/ws/install/px4_msgs/local/lib/python3.10/dist-packages/px4_msgs/msg/_rover_velocity_setpoint.py\n'}
[1.232161] (px4_msgs) StdoutLine: {'line': b'-- Up-to-date: /home/px4/ros2/ws/install/px4_msgs/local/lib/python3.10/dist-packages/px4_msgs/msg/_vehicle_command_ack_s.c\n'}
[1.232207] (px4_msgs) StdoutLine: {'line': b'-- Up-to-date: /home/px4/ros2/ws/install/px4_msgs/local/lib/python3.10/dist-packages/px4_msgs/msg/_gimbal_manager_status_s.c\n'}
[1.232258] (px4_msgs) StdoutLine: {'line': b'-- Up-to-date: /home/px4/ros2/ws/install/px4_msgs/local/lib/python3.10/dist-packages/px4_msgs/msg/_power_monitor_s.c\n'}
[1.232306] (px4_msgs) StdoutLine: {'line': b'-- Up-to-date: /home/px4/ros2/ws/install/px4_msgs/local/lib/python3.10/dist-packages/px4_msgs/msg/_estimator_bias.py\n'}
[1.232352] (px4_msgs) StdoutLine: {'line': b'-- Up-to-date: /home/px4/ros2/ws/install/px4_msgs/local/lib/python3.10/dist-packages/px4_msgs/msg/_fuel_tank_status_s.c\n'}
[1.232401] (px4_msgs) StdoutLine: {'line': b'-- Up-to-date: /home/px4/ros2/ws/install/px4_msgs/local/lib/python3.10/dist-packages/px4_msgs/msg/_rover_attitude_setpoint_s.c\n'}
[1.232477] (px4_msgs) StdoutLine: {'line': b'-- Up-to-date: /home/px4/ros2/ws/install/px4_msgs/local/lib/python3.10/dist-packages/px4_msgs/msg/_airspeed_wind_s.c\n'}
[1.232524] (px4_msgs) StdoutLine: {'line': b'-- Up-to-date: /home/px4/ros2/ws/install/px4_msgs/local/lib/python3.10/dist-packages/px4_msgs/msg/_sensor_gps_s.c\n'}
[1.232591] (px4_msgs) StdoutLine: {'line': b'-- Up-to-date: /home/px4/ros2/ws/install/px4_msgs/local/lib/python3.10/dist-packages/px4_msgs/msg/_gimbal_device_attitude_status_s.c\n'}
[1.232638] (px4_msgs) StdoutLine: {'line': b'-- Up-to-date: /home/px4/ros2/ws/install/px4_msgs/local/lib/python3.10/dist-packages/px4_msgs/msg/_vehicle_command_s.c\n'}
[1.232685] (px4_msgs) StdoutLine: {'line': b'-- Up-to-date: /home/px4/ros2/ws/install/px4_msgs/local/lib/python3.10/dist-packages/px4_msgs/msg/_follow_target_s.c\n'}
[1.232729] (px4_msgs) StdoutLine: {'line': b'-- Up-to-date: /home/px4/ros2/ws/install/px4_msgs/local/lib/python3.10/dist-packages/px4_msgs/msg/_estimator_aid_source3d.py\n'}
[1.232798] (px4_msgs) StdoutLine: {'line': b'-- Up-to-date: /home/px4/ros2/ws/install/px4_msgs/local/lib/python3.10/dist-packages/px4_msgs/msg/_follow_target.py\n'}
[1.232853] (px4_msgs) StdoutLine: {'line': b'-- Up-to-date: /home/px4/ros2/ws/install/px4_msgs/local/lib/python3.10/dist-packages/px4_msgs/msg/_mission_s.c\n'}
[1.232901] (px4_msgs) StdoutLine: {'line': b'-- Up-to-date: /home/px4/ros2/ws/install/px4_msgs/local/lib/python3.10/dist-packages/px4_msgs/msg/_gps_inject_data_s.c\n'}
[1.232946] (px4_msgs) StdoutLine: {'line': b'-- Up-to-date: /home/px4/ros2/ws/install/px4_msgs/local/lib/python3.10/dist-packages/px4_msgs/msg/_can_interface_status.py\n'}
[1.232999] (px4_msgs) StdoutLine: {'line': b'-- Up-to-date: /home/px4/ros2/ws/install/px4_msgs/local/lib/python3.10/dist-packages/px4_msgs/msg/_actuator_servos_trim_s.c\n'}
[1.233045] (px4_msgs) StdoutLine: {'line': b'-- Up-to-date: /home/px4/ros2/ws/install/px4_msgs/local/lib/python3.10/dist-packages/px4_msgs/msg/_follow_target_status_s.c\n'}
[1.233089] (px4_msgs) StdoutLine: {'line': b'-- Up-to-date: /home/px4/ros2/ws/install/px4_msgs/local/lib/python3.10/dist-packages/px4_msgs/msg/_sensor_airflow_s.c\n'}
[1.233135] (px4_msgs) StdoutLine: {'line': b'-- Up-to-date: /home/px4/ros2/ws/install/px4_msgs/local/lib/python3.10/dist-packages/px4_msgs/msg/_fixed_wing_lateral_setpoint.py\n'}
[1.233182] (px4_msgs) StdoutLine: {'line': b'-- Up-to-date: /home/px4/ros2/ws/install/px4_msgs/local/lib/python3.10/dist-packages/px4_msgs/msg/_estimator_selector_status_s.c\n'}
[1.233230] (px4_msgs) StdoutLine: {'line': b'-- Up-to-date: /home/px4/ros2/ws/install/px4_msgs/local/lib/python3.10/dist-packages/px4_msgs/msg/_estimator_innovations_s.c\n'}
[1.233298] (px4_msgs) StdoutLine: {'line': b'-- Up-to-date: /home/px4/ros2/ws/install/px4_msgs/local/lib/python3.10/dist-packages/px4_msgs/msg/_longitudinal_control_configuration.py\n'}
[1.233342] (px4_msgs) StdoutLine: {'line': b'-- Up-to-date: /home/px4/ros2/ws/install/px4_msgs/local/lib/python3.10/dist-packages/px4_msgs/msg/_failure_detector_status.py\n'}
[1.233401] (px4_msgs) StdoutLine: {'line': b'-- Up-to-date: /home/px4/ros2/ws/install/px4_msgs/local/lib/python3.10/dist-packages/px4_msgs/msg/_rpm_s.c\n'}
[1.233448] (px4_msgs) StdoutLine: {'line': b'-- Up-to-date: /home/px4/ros2/ws/install/px4_msgs/local/lib/python3.10/dist-packages/px4_msgs/msg/_fuel_tank_status.py\n'}
[1.233494] (px4_msgs) StdoutLine: {'line': b'-- Up-to-date: /home/px4/ros2/ws/install/px4_msgs/local/lib/python3.10/dist-packages/px4_msgs/msg/_dataman_request.py\n'}
[1.233541] (px4_msgs) StdoutLine: {'line': b'-- Up-to-date: /home/px4/ros2/ws/install/px4_msgs/local/lib/python3.10/dist-packages/px4_msgs/msg/_open_drone_id_system_s.c\n'}
[1.233621] (px4_msgs) StdoutLine: {'line': b'-- Up-to-date: /home/px4/ros2/ws/install/px4_msgs/local/lib/python3.10/dist-packages/px4_msgs/msg/_orb_test_medium.py\n'}
[1.233671] (px4_msgs) StdoutLine: {'line': b'-- Up-to-date: /home/px4/ros2/ws/install/px4_msgs/local/lib/python3.10/dist-packages/px4_msgs/msg/_mavlink_log.py\n'}
[1.233719] (px4_msgs) StdoutLine: {'line': b'-- Up-to-date: /home/px4/ros2/ws/install/px4_msgs/local/lib/python3.10/dist-packages/px4_msgs/msg/_sensors_status_imu_s.c\n'}
[1.233765] (px4_msgs) StdoutLine: {'line': b'-- Up-to-date: /home/px4/ros2/ws/install/px4_msgs/local/lib/python3.10/dist-packages/px4_msgs/msg/_vehicle_land_detected.py\n'}
[1.233831] (px4_msgs) StdoutLine: {'line': b'-- Up-to-date: /home/px4/ros2/ws/install/px4_msgs/local/lib/python3.10/dist-packages/px4_msgs/msg/_actuator_controls_status_s.c\n'}
[1.233888] (px4_msgs) StdoutLine: {'line': b'-- Up-to-date: /home/px4/ros2/ws/install/px4_msgs/local/lib/python3.10/dist-packages/px4_msgs/msg/_rover_rate_status_s.c\n'}
[1.233938] (px4_msgs) StdoutLine: {'line': b'-- Up-to-date: /home/px4/ros2/ws/install/px4_msgs/local/lib/python3.10/dist-packages/px4_msgs/msg/_mavlink_tunnel.py\n'}
[1.233985] (px4_msgs) StdoutLine: {'line': b'-- Up-to-date: /home/px4/ros2/ws/install/px4_msgs/local/lib/python3.10/dist-packages/px4_msgs/msg/_landing_target_pose_s.c\n'}
[1.234034] (px4_msgs) StdoutLine: {'line': b'-- Up-to-date: /home/px4/ros2/ws/install/px4_msgs/local/lib/python3.10/dist-packages/px4_msgs/msg/_navigator_status_s.c\n'}
[1.234095] (px4_msgs) StdoutLine: {'line': b'-- Up-to-date: /home/px4/ros2/ws/install/px4_msgs/local/lib/python3.10/dist-packages/px4_msgs/msg/_vehicle_imu.py\n'}
[1.234143] (px4_msgs) StdoutLine: {'line': b'-- Up-to-date: /home/px4/ros2/ws/install/px4_msgs/local/lib/python3.10/dist-packages/px4_msgs/msg/_vehicle_air_data_s.c\n'}
[1.234188] (px4_msgs) StdoutLine: {'line': b'-- Up-to-date: /home/px4/ros2/ws/install/px4_msgs/local/lib/python3.10/dist-packages/px4_msgs/msg/_register_ext_component_request.py\n'}
[1.234258] (px4_msgs) StdoutLine: {'line': b'-- Up-to-date: /home/px4/ros2/ws/install/px4_msgs/local/lib/python3.10/dist-packages/px4_msgs/msg/_position_controller_status.py\n'}
[1.234305] (px4_msgs) StdoutLine: {'line': b'-- Up-to-date: /home/px4/ros2/ws/install/px4_msgs/local/lib/python3.10/dist-packages/px4_msgs/msg/_pwm_input_s.c\n'}
[1.234350] (px4_msgs) StdoutLine: {'line': b'-- Up-to-date: /home/px4/ros2/ws/install/px4_msgs/local/lib/python3.10/dist-packages/px4_msgs/msg/_lateral_control_configuration.py\n'}
[1.234394] (px4_msgs) StdoutLine: {'line': b'-- Up-to-date: /home/px4/ros2/ws/install/px4_msgs/local/lib/python3.10/dist-packages/px4_msgs/msg/_vehicle_thrust_setpoint.py\n'}
[1.234455] (px4_msgs) StdoutLine: {'line': b'-- Up-to-date: /home/px4/ros2/ws/install/px4_msgs/local/lib/python3.10/dist-packages/px4_msgs/msg/_tune_control.py\n'}
[1.234502] (px4_msgs) StdoutLine: {'line': b'-- Up-to-date: /home/px4/ros2/ws/install/px4_msgs/local/lib/python3.10/dist-packages/px4_msgs/msg/_orb_test.py\n'}
[1.234548] (px4_msgs) StdoutLine: {'line': b'-- Up-to-date: /home/px4/ros2/ws/install/px4_msgs/local/lib/python3.10/dist-packages/px4_msgs/msg/_pure_pursuit_status_s.c\n'}
[1.234594] (px4_msgs) StdoutLine: {'line': b'-- Up-to-date: /home/px4/ros2/ws/install/px4_msgs/local/lib/python3.10/dist-packages/px4_msgs/msg/_takeoff_status_s.c\n'}
[1.234639] (px4_msgs) StdoutLine: {'line': b'-- Up-to-date: /home/px4/ros2/ws/install/px4_msgs/local/lib/python3.10/dist-packages/px4_msgs/msg/_follow_target_estimator_s.c\n'}
[1.234685] (px4_msgs) StdoutLine: {'line': b'-- Up-to-date: /home/px4/ros2/ws/install/px4_msgs/local/lib/python3.10/dist-packages/px4_msgs/msg/_tecs_status.py\n'}
[1.234732] (px4_msgs) StdoutLine: {'line': b'-- Up-to-date: /home/px4/ros2/ws/install/px4_msgs/local/lib/python3.10/dist-packages/px4_msgs/msg/_sensor_baro_s.c\n'}
[1.234785] (px4_msgs) StdoutLine: {'line': b'-- Up-to-date: /home/px4/ros2/ws/install/px4_msgs/local/lib/python3.10/dist-packages/px4_msgs/msg/_internal_combustion_engine_status_s.c\n'}
[1.234841] (px4_msgs) StdoutLine: {'line': b'-- Up-to-date: /home/px4/ros2/ws/install/px4_msgs/local/lib/python3.10/dist-packages/px4_msgs/msg/_hover_thrust_estimate_s.c\n'}
[1.234910] (px4_msgs) StdoutLine: {'line': b'-- Up-to-date: /home/px4/ros2/ws/install/px4_msgs/local/lib/python3.10/dist-packages/px4_msgs/msg/_failsafe_flags_s.c\n'}
[1.234957] (px4_msgs) StdoutLine: {'line': b'-- Up-to-date: /home/px4/ros2/ws/install/px4_msgs/local/lib/python3.10/dist-packages/px4_msgs/msg/_health_report_s.c\n'}
[1.235001] (px4_msgs) StdoutLine: {'line': b'-- Up-to-date: /home/px4/ros2/ws/install/px4_msgs/local/lib/python3.10/dist-packages/px4_msgs/msg/_vehicle_imu_status.py\n'}
[1.235068] (px4_msgs) StdoutLine: {'line': b'-- Up-to-date: /home/px4/ros2/ws/install/px4_msgs/local/lib/python3.10/dist-packages/px4_msgs/msg/_generator_status.py\n'}
[1.235115] (px4_msgs) StdoutLine: {'line': b'-- Up-to-date: /home/px4/ros2/ws/install/px4_msgs/local/lib/python3.10/dist-packages/px4_msgs/msg/_mission_result.py\n'}
[1.235161] (px4_msgs) StdoutLine: {'line': b'-- Up-to-date: /home/px4/ros2/ws/install/px4_msgs/local/lib/python3.10/dist-packages/px4_msgs/msg/_ulog_stream_ack_s.c\n'}
[1.235204] (px4_msgs) StdoutLine: {'line': b'-- Up-to-date: /home/px4/ros2/ws/install/px4_msgs/local/lib/python3.10/dist-packages/px4_msgs/msg/_fixed_wing_lateral_status.py\n'}
[1.235265] (px4_msgs) StdoutLine: {'line': b'-- Up-to-date: /home/px4/ros2/ws/install/px4_msgs/local/lib/python3.10/dist-packages/px4_msgs/msg/_rover_attitude_setpoint.py\n'}
[1.235312] (px4_msgs) StdoutLine: {'line': b'-- Up-to-date: /home/px4/ros2/ws/install/px4_msgs/local/lib/python3.10/dist-packages/px4_msgs/msg/_estimator_aid_source2d.py\n'}
[1.235372] (px4_msgs) StdoutLine: {'line': b'-- Up-to-date: /home/px4/ros2/ws/install/px4_msgs/local/lib/python3.10/dist-packages/px4_msgs/msg/_actuator_motors.py\n'}
[1.235419] (px4_msgs) StdoutLine: {'line': b'-- Up-to-date: /home/px4/ros2/ws/install/px4_msgs/local/lib/python3.10/dist-packages/px4_msgs/msg/_gimbal_manager_information_s.c\n'}
[1.235475] (px4_msgs) StdoutLine: {'line': b'-- Up-to-date: /home/px4/ros2/ws/install/px4_msgs/local/lib/python3.10/dist-packages/px4_msgs/msg/_gimbal_manager_set_manual_control_s.c\n'}
[1.235521] (px4_msgs) StdoutLine: {'line': b'-- Up-to-date: /home/px4/ros2/ws/install/px4_msgs/local/lib/python3.10/dist-packages/px4_msgs/msg/_vehicle_torque_setpoint.py\n'}
[1.235569] (px4_msgs) StdoutLine: {'line': b'-- Up-to-date: /home/px4/ros2/ws/install/px4_msgs/local/lib/python3.10/dist-packages/px4_msgs/msg/_rtl_time_estimate.py\n'}
[1.235615] (px4_msgs) StdoutLine: {'line': b'-- Up-to-date: /home/px4/ros2/ws/install/px4_msgs/local/lib/python3.10/dist-packages/px4_msgs/msg/_radio_status_s.c\n'}
[1.235673] (px4_msgs) StdoutLine: {'line': b'-- Up-to-date: /home/px4/ros2/ws/install/px4_msgs/local/lib/python3.10/dist-packages/px4_msgs/msg/_onboard_computer_status_s.c\n'}
[1.235721] (px4_msgs) StdoutLine: {'line': b'-- Up-to-date: /home/px4/ros2/ws/install/px4_msgs/local/lib/python3.10/dist-packages/px4_msgs/msg/_ulog_stream_ack.py\n'}
[1.235766] (px4_msgs) StdoutLine: {'line': b'-- Up-to-date: /home/px4/ros2/ws/install/px4_msgs/local/lib/python3.10/dist-packages/px4_msgs/msg/_orb_test_medium_s.c\n'}
[1.235827] (px4_msgs) StdoutLine: {'line': b'-- Up-to-date: /home/px4/ros2/ws/install/px4_msgs/local/lib/python3.10/dist-packages/px4_msgs/msg/_arming_check_request_s.c\n'}
[1.235896] (px4_msgs) StdoutLine: {'line': b'-- Up-to-date: /home/px4/ros2/ws/install/px4_msgs/local/lib/python3.10/dist-packages/px4_msgs/msg/_sensor_combined_s.c\n'}
[1.235943] (px4_msgs) StdoutLine: {'line': b'-- Up-to-date: /home/px4/ros2/ws/install/px4_msgs/local/lib/python3.10/dist-packages/px4_msgs/msg/_vehicle_local_position_setpoint_s.c\n'}
[1.235989] (px4_msgs) StdoutLine: {'line': b'-- Up-to-date: /home/px4/ros2/ws/install/px4_msgs/local/lib/python3.10/dist-packages/px4_msgs/msg/_gpio_in_s.c\n'}
[1.236034] (px4_msgs) StdoutLine: {'line': b'-- Up-to-date: /home/px4/ros2/ws/install/px4_msgs/local/lib/python3.10/dist-packages/px4_msgs/msg/_sensors_status.py\n'}
[1.236097] (px4_msgs) StdoutLine: {'line': b'-- Up-to-date: /home/px4/ros2/ws/install/px4_msgs/local/lib/python3.10/dist-packages/px4_msgs/msg/_vehicle_angular_acceleration_setpoint_s.c\n'}
[1.236144] (px4_msgs) StdoutLine: {'line': b'-- Up-to-date: /home/px4/ros2/ws/install/px4_msgs/local/lib/python3.10/dist-packages/px4_msgs/msg/_message_format_response_s.c\n'}
[1.236190] (px4_msgs) StdoutLine: {'line': b'-- Up-to-date: /home/px4/ros2/ws/install/px4_msgs/local/lib/python3.10/dist-packages/px4_msgs/msg/_telemetry_status.py\n'}
[1.236235] (px4_msgs) StdoutLine: {'line': b'-- Up-to-date: /home/px4/ros2/ws/install/px4_msgs/local/lib/python3.10/dist-packages/px4_msgs/msg/_heater_status.py\n'}
[1.236280] (px4_msgs) StdoutLine: {'line': b'-- Up-to-date: /home/px4/ros2/ws/install/px4_msgs/local/lib/python3.10/dist-packages/px4_msgs/msg/_collision_constraints_s.c\n'}
[1.236325] (px4_msgs) StdoutLine: {'line': b'-- Up-to-date: /home/px4/ros2/ws/install/px4_msgs/local/lib/python3.10/dist-packages/px4_msgs/msg/_vehicle_angular_velocity.py\n'}
[1.236372] (px4_msgs) StdoutLine: {'line': b'-- Up-to-date: /home/px4/ros2/ws/install/px4_msgs/local/lib/python3.10/dist-packages/px4_msgs/msg/_mavlink_log_s.c\n'}
[1.236417] (px4_msgs) StdoutLine: {'line': b'-- Up-to-date: /home/px4/ros2/ws/install/px4_msgs/local/lib/python3.10/dist-packages/px4_msgs/msg/_lateral_control_configuration_s.c\n'}
[1.236462] (px4_msgs) StdoutLine: {'line': b'-- Up-to-date: /home/px4/ros2/ws/install/px4_msgs/local/lib/python3.10/dist-packages/px4_msgs/msg/_airspeed_s.c\n'}
[1.236525] (px4_msgs) StdoutLine: {'line': b'-- Up-to-date: /home/px4/ros2/ws/install/px4_msgs/local/lib/python3.10/dist-packages/px4_msgs/msg/_flight_phase_estimation_s.c\n'}
[1.236572] (px4_msgs) StdoutLine: {'line': b'-- Up-to-date: /home/px4/ros2/ws/install/px4_msgs/local/lib/python3.10/dist-packages/px4_msgs/msg/_sensor_baro.py\n'}
[1.236616] (px4_msgs) StdoutLine: {'line': b'-- Up-to-date: /home/px4/ros2/ws/install/px4_msgs/local/lib/python3.10/dist-packages/px4_msgs/msg/_message_format_request.py\n'}
[1.236670] (px4_msgs) StdoutLine: {'line': b'-- Up-to-date: /home/px4/ros2/ws/install/px4_msgs/local/lib/python3.10/dist-packages/px4_msgs/msg/_gps_dump.py\n'}
[1.236716] (px4_msgs) StdoutLine: {'line': b'-- Up-to-date: /home/px4/ros2/ws/install/px4_msgs/local/lib/python3.10/dist-packages/px4_msgs/msg/_vehicle_optical_flow.py\n'}
[1.236762] (px4_msgs) StdoutLine: {'line': b'-- Up-to-date: /home/px4/ros2/ws/install/px4_msgs/local/lib/python3.10/dist-packages/px4_msgs/msg/_actuator_servos_s.c\n'}
[1.236822] (px4_msgs) StdoutLine: {'line': b'-- Up-to-date: /home/px4/ros2/ws/install/px4_msgs/local/lib/python3.10/dist-packages/px4_msgs/msg/_actuator_servos_trim.py\n'}
[1.236870] (px4_msgs) StdoutLine: {'line': b'-- Up-to-date: /home/px4/ros2/ws/install/px4_msgs/local/lib/python3.10/dist-packages/px4_msgs/msg/_rover_position_setpoint_s.c\n'}
[1.236927] (px4_msgs) StdoutLine: {'line': b'-- Up-to-date: /home/px4/ros2/ws/install/px4_msgs/local/lib/python3.10/dist-packages/px4_msgs/msg/_orb_test_s.c\n'}
[1.236989] (px4_msgs) StdoutLine: {'line': b'-- Up-to-date: /home/px4/ros2/ws/install/px4_msgs/local/lib/python3.10/dist-packages/px4_msgs/msg/_estimator_gps_status_s.c\n'}
[1.237047] (px4_msgs) StdoutLine: {'line': b'-- Up-to-date: /home/px4/ros2/ws/install/px4_msgs/local/lib/python3.10/dist-packages/px4_msgs/msg/_rc_channels_s.c\n'}
[1.237099] (px4_msgs) StdoutLine: {'line': b'-- Up-to-date: /home/px4/ros2/ws/install/px4_msgs/local/lib/python3.10/dist-packages/px4_msgs/msg/_power_button_state.py\n'}
[1.237145] (px4_msgs) StdoutLine: {'line': b'-- Up-to-date: /home/px4/ros2/ws/install/px4_msgs/local/lib/python3.10/dist-packages/px4_msgs/msg/_adc_report_s.c\n'}
[1.237193] (px4_msgs) StdoutLine: {'line': b'-- Up-to-date: /home/px4/ros2/ws/install/px4_msgs/local/lib/python3.10/dist-packages/px4_msgs/msg/_estimator_bias3d_s.c\n'}
[1.237237] (px4_msgs) StdoutLine: {'line': b'-- Up-to-date: /home/px4/ros2/ws/install/px4_msgs/local/lib/python3.10/dist-packages/px4_msgs/msg/_sensors_status_s.c\n'}
[1.237281] (px4_msgs) StdoutLine: {'line': b'-- Up-to-date: /home/px4/ros2/ws/install/px4_msgs/local/lib/python3.10/dist-packages/px4_msgs/msg/_estimator_selector_status.py\n'}
[1.237327] (px4_msgs) StdoutLine: {'line': b'-- Up-to-date: /home/px4/ros2/ws/install/px4_msgs/local/lib/python3.10/dist-packages/px4_msgs/msg/_home_position_s.c\n'}
[1.237370] (px4_msgs) StdoutLine: {'line': b'-- Up-to-date: /home/px4/ros2/ws/install/px4_msgs/local/lib/python3.10/dist-packages/px4_msgs/msg/_action_request.py\n'}
[1.237413] (px4_msgs) StdoutLine: {'line': b'-- Up-to-date: /home/px4/ros2/ws/install/px4_msgs/local/lib/python3.10/dist-packages/px4_msgs/msg/_rc_parameter_map.py\n'}
[1.237457] (px4_msgs) StdoutLine: {'line': b'-- Up-to-date: /home/px4/ros2/ws/install/px4_msgs/local/lib/python3.10/dist-packages/px4_msgs/msg/_mode_completed.py\n'}
[1.237501] (px4_msgs) StdoutLine: {'line': b'-- Up-to-date: /home/px4/ros2/ws/install/px4_msgs/local/lib/python3.10/dist-packages/px4_msgs/msg/_vehicle_local_position_s.c\n'}
[1.237545] (px4_msgs) StdoutLine: {'line': b'-- Up-to-date: /home/px4/ros2/ws/install/px4_msgs/local/lib/python3.10/dist-packages/px4_msgs/msg/_sensor_accel_s.c\n'}
[1.237601] (px4_msgs) StdoutLine: {'line': b'-- Up-to-date: /home/px4/ros2/ws/install/px4_msgs/local/lib/python3.10/dist-packages/px4_msgs/msg/_camera_capture.py\n'}
[1.237665] (px4_msgs) StdoutLine: {'line': b'-- Up-to-date: /home/px4/ros2/ws/install/px4_msgs/local/lib/python3.10/dist-packages/px4_msgs/msg/_qshell_req_s.c\n'}
[1.237712] (px4_msgs) StdoutLine: {'line': b'-- Up-to-date: /home/px4/ros2/ws/install/px4_msgs/local/lib/python3.10/dist-packages/px4_msgs/msg/_wind_s.c\n'}
[1.237758] (px4_msgs) StdoutLine: {'line': b'-- Up-to-date: /home/px4/ros2/ws/install/px4_msgs/local/lib/python3.10/dist-packages/px4_msgs/msg/_vehicle_constraints.py\n'}
[1.237862] (px4_msgs) StdoutLine: {'line': b'-- Up-to-date: /home/px4/ros2/ws/install/px4_msgs/local/lib/python3.10/dist-packages/px4_msgs/msg/_button_event.py\n'}
[1.237920] (px4_msgs) StdoutLine: {'line': b'-- Up-to-date: /home/px4/ros2/ws/install/px4_msgs/local/lib/python3.10/dist-packages/px4_msgs/msg/_flight_phase_estimation.py\n'}
[1.237967] (px4_msgs) StdoutLine: {'line': b'-- Up-to-date: /home/px4/ros2/ws/install/px4_msgs/local/lib/python3.10/dist-packages/px4_msgs/msg/_landing_gear_wheel.py\n'}
[1.238016] (px4_msgs) StdoutLine: {'line': b'-- Up-to-date: /home/px4/ros2/ws/install/px4_msgs/local/lib/python3.10/dist-packages/px4_msgs/msg/_ulog_stream.py\n'}
[1.238063] (px4_msgs) StdoutLine: {'line': b'-- Up-to-date: /home/px4/ros2/ws/install/px4_msgs/local/lib/python3.10/dist-packages/px4_msgs/msg/_actuator_outputs_s.c\n'}
[1.238107] (px4_msgs) StdoutLine: {'line': b'-- Up-to-date: /home/px4/ros2/ws/install/px4_msgs/local/lib/python3.10/dist-packages/px4_msgs/msg/_vehicle_imu_s.c\n'}
[1.238153] (px4_msgs) StdoutLine: {'line': b'-- Up-to-date: /home/px4/ros2/ws/install/px4_msgs/local/lib/python3.10/dist-packages/px4_msgs/msg/_timesync_status_s.c\n'}
[1.238198] (px4_msgs) StdoutLine: {'line': b'-- Up-to-date: /home/px4/ros2/ws/install/px4_msgs/local/lib/python3.10/dist-packages/px4_msgs/msg/__init__.py\n'}
[1.238243] (px4_msgs) StdoutLine: {'line': b'-- Up-to-date: /home/px4/ros2/ws/install/px4_msgs/local/lib/python3.10/dist-packages/px4_msgs/msg/_obstacle_distance.py\n'}
[1.238289] (px4_msgs) StdoutLine: {'line': b'-- Up-to-date: /home/px4/ros2/ws/install/px4_msgs/local/lib/python3.10/dist-packages/px4_msgs/msg/_neural_control.py\n'}
[1.238333] (px4_msgs) StdoutLine: {'line': b'-- Up-to-date: /home/px4/ros2/ws/install/px4_msgs/local/lib/python3.10/dist-packages/px4_msgs/msg/_rover_attitude_status.py\n'}
[1.238380] (px4_msgs) StdoutLine: {'line': b'-- Up-to-date: /home/px4/ros2/ws/install/px4_msgs/local/lib/python3.10/dist-packages/px4_msgs/msg/_open_drone_id_operator_id_s.c\n'}
[1.238441] (px4_msgs) StdoutLine: {'line': b'-- Up-to-date: /home/px4/ros2/ws/install/px4_msgs/local/lib/python3.10/dist-packages/px4_msgs/msg/_sensor_gyro_fft.py\n'}
[1.238509] (px4_msgs) StdoutLine: {'line': b'-- Up-to-date: /home/px4/ros2/ws/install/px4_msgs/local/lib/python3.10/dist-packages/px4_msgs/msg/_logger_status.py\n'}
[1.238555] (px4_msgs) StdoutLine: {'line': b'-- Up-to-date: /home/px4/ros2/ws/install/px4_msgs/local/lib/python3.10/dist-packages/px4_msgs/msg/_pwm_input.py\n'}
[1.238601] (px4_msgs) StdoutLine: {'line': b'-- Up-to-date: /home/px4/ros2/ws/install/px4_msgs/local/lib/python3.10/dist-packages/px4_msgs/msg/_takeoff_status.py\n'}
[1.238646] (px4_msgs) StdoutLine: {'line': b'-- Up-to-date: /home/px4/ros2/ws/install/px4_msgs/local/lib/python3.10/dist-packages/px4_msgs/msg/_rc_parameter_map_s.c\n'}
[1.238698] (px4_msgs) StdoutLine: {'line': b'-- Up-to-date: /home/px4/ros2/ws/install/px4_msgs/local/lib/python3.10/dist-packages/px4_msgs/msg/_vehicle_roi_s.c\n'}
[1.238744] (px4_msgs) StdoutLine: {'line': b'-- Up-to-date: /home/px4/ros2/ws/install/px4_msgs/local/lib/python3.10/dist-packages/px4_msgs/msg/_esc_report_s.c\n'}
[1.238816] (px4_msgs) StdoutLine: {'line': b'-- Up-to-date: /home/px4/ros2/ws/install/px4_msgs/local/lib/python3.10/dist-packages/px4_msgs/msg/_actuator_outputs.py\n'}
[1.238890] (px4_msgs) StdoutLine: {'line': b'-- Up-to-date: /home/px4/ros2/ws/install/px4_msgs/local/lib/python3.10/dist-packages/px4_msgs/msg/_rover_rate_setpoint_s.c\n'}
[1.238938] (px4_msgs) StdoutLine: {'line': b'-- Up-to-date: /home/px4/ros2/ws/install/px4_msgs/local/lib/python3.10/dist-packages/px4_msgs/msg/_vehicle_local_position_setpoint.py\n'}
[1.238984] (px4_msgs) StdoutLine: {'line': b'-- Up-to-date: /home/px4/ros2/ws/install/px4_msgs/local/lib/python3.10/dist-packages/px4_msgs/msg/_rtl_status.py\n'}
[1.239032] (px4_msgs) StdoutLine: {'line': b'-- Up-to-date: /home/px4/ros2/ws/install/px4_msgs/local/lib/python3.10/dist-packages/px4_msgs/msg/_battery_info.py\n'}
[1.239081] (px4_msgs) StdoutLine: {'line': b'-- Up-to-date: /home/px4/ros2/ws/install/px4_msgs/local/lib/python3.10/dist-packages/px4_msgs/msg/_estimator_states.py\n'}
[1.239144] (px4_msgs) StdoutLine: {'line': b'-- Up-to-date: /home/px4/ros2/ws/install/px4_msgs/local/lib/python3.10/dist-packages/px4_msgs/msg/_camera_trigger.py\n'}
[1.239197] (px4_msgs) StdoutLine: {'line': b'-- Up-to-date: /home/px4/ros2/ws/install/px4_msgs/local/lib/python3.10/dist-packages/px4_msgs/msg/_vehicle_roi.py\n'}
[1.239257] (px4_msgs) StdoutLine: {'line': b'-- Up-to-date: /home/px4/ros2/ws/install/px4_msgs/local/lib/python3.10/dist-packages/px4_msgs/msg/_vehicle_acceleration_s.c\n'}
[1.239304] (px4_msgs) StdoutLine: {'line': b'-- Up-to-date: /home/px4/ros2/ws/install/px4_msgs/local/lib/python3.10/dist-packages/px4_msgs/msg/_debug_value.py\n'}
[1.239349] (px4_msgs) StdoutLine: {'line': b'-- Up-to-date: /home/px4/ros2/ws/install/px4_msgs/local/lib/python3.10/dist-packages/px4_msgs/msg/_landing_target_innovations.py\n'}
[1.239395] (px4_msgs) StdoutLine: {'line': b'-- Up-to-date: /home/px4/ros2/ws/install/px4_msgs/local/lib/python3.10/dist-packages/px4_msgs/msg/_vehicle_torque_setpoint_s.c\n'}
[1.239441] (px4_msgs) StdoutLine: {'line': b'-- Up-to-date: /home/px4/ros2/ws/install/px4_msgs/local/lib/python3.10/dist-packages/px4_msgs/msg/_led_control.py\n'}
[1.239486] (px4_msgs) StdoutLine: {'line': b'-- Up-to-date: /home/px4/ros2/ws/install/px4_msgs/local/lib/python3.10/dist-packages/px4_msgs/msg/_normalized_unsigned_setpoint.py\n'}
[1.239531] (px4_msgs) StdoutLine: {'line': b'-- Up-to-date: /home/px4/ros2/ws/install/px4_msgs/local/lib/python3.10/dist-packages/px4_msgs/msg/_ekf2_timestamps_s.c\n'}
[1.239576] (px4_msgs) StdoutLine: {'line': b'-- Up-to-date: /home/px4/ros2/ws/install/px4_msgs/local/lib/python3.10/dist-packages/px4_msgs/msg/_debug_array.py\n'}
[1.239625] (px4_msgs) StdoutLine: {'line': b'-- Up-to-date: /home/px4/ros2/ws/install/px4_msgs/local/lib/python3.10/dist-packages/px4_msgs/msg/_rover_rate_setpoint.py\n'}
[1.239669] (px4_msgs) StdoutLine: {'line': b'-- Up-to-date: /home/px4/ros2/ws/install/px4_msgs/local/lib/python3.10/dist-packages/px4_msgs/msg/_dataman_response_s.c\n'}
[1.239731] (px4_msgs) StdoutLine: {'line': b'-- Up-to-date: /home/px4/ros2/ws/install/px4_msgs/local/lib/python3.10/dist-packages/px4_msgs/msg/_sensor_accel_fifo_s.c\n'}
[1.239784] (px4_msgs) StdoutLine: {'line': b'-- Up-to-date: /home/px4/ros2/ws/install/px4_msgs/local/lib/python3.10/dist-packages/px4_msgs/msg/_debug_vect_s.c\n'}
[1.239838] (px4_msgs) StdoutLine: {'line': b'-- Up-to-date: /home/px4/ros2/ws/install/px4_msgs/local/lib/python3.10/dist-packages/px4_msgs/msg/_cpuload.py\n'}
[1.239902] (px4_msgs) StdoutLine: {'line': b'-- Up-to-date: /home/px4/ros2/ws/install/px4_msgs/local/lib/python3.10/dist-packages/px4_msgs/msg/_dataman_request_s.c\n'}
[1.239950] (px4_msgs) StdoutLine: {'line': b'-- Up-to-date: /home/px4/ros2/ws/install/px4_msgs/local/lib/python3.10/dist-packages/px4_msgs/msg/_velocity_limits.py\n'}
[1.239996] (px4_msgs) StdoutLine: {'line': b'-- Up-to-date: /home/px4/ros2/ws/install/px4_msgs/local/lib/python3.10/dist-packages/px4_msgs/msg/_estimator_innovations.py\n'}
[1.240041] (px4_msgs) StdoutLine: {'line': b'-- Up-to-date: /home/px4/ros2/ws/install/px4_msgs/local/lib/python3.10/dist-packages/px4_msgs/msg/_gpio_out.py\n'}
[1.240103] (px4_msgs) StdoutLine: {'line': b'-- Up-to-date: /home/px4/ros2/ws/install/px4_msgs/local/lib/python3.10/dist-packages/px4_msgs/msg/_orb_test_large_s.c\n'}
[1.240151] (px4_msgs) StdoutLine: {'line': b'-- Up-to-date: /home/px4/ros2/ws/install/px4_msgs/local/lib/python3.10/dist-packages/px4_msgs/msg/_gimbal_device_information.py\n'}
[1.240198] (px4_msgs) StdoutLine: {'line': b'-- Up-to-date: /home/px4/ros2/ws/install/px4_msgs/local/lib/python3.10/dist-packages/px4_msgs/msg/_vehicle_status_s.c\n'}
[1.240245] (px4_msgs) StdoutLine: {'line': b'-- Up-to-date: /home/px4/ros2/ws/install/px4_msgs/local/lib/python3.10/dist-packages/px4_msgs/msg/_fixed_wing_lateral_status_s.c\n'}
[1.240291] (px4_msgs) StdoutLine: {'line': b'-- Up-to-date: /home/px4/ros2/ws/install/px4_msgs/local/lib/python3.10/dist-packages/px4_msgs/msg/_debug_value_s.c\n'}
[1.240343] (px4_msgs) StdoutLine: {'line': b'-- Up-to-date: /home/px4/ros2/ws/install/px4_msgs/local/lib/python3.10/dist-packages/px4_msgs/msg/_navigator_mission_item.py\n'}
[1.240395] (px4_msgs) StdoutLine: {'line': b'-- Up-to-date: /home/px4/ros2/ws/install/px4_msgs/local/lib/python3.10/dist-packages/px4_msgs/msg/_actuator_controls_status.py\n'}
[1.240442] (px4_msgs) StdoutLine: {'line': b'-- Up-to-date: /home/px4/ros2/ws/install/px4_msgs/local/lib/python3.10/dist-packages/px4_msgs/msg/_vehicle_rates_setpoint_s.c\n'}
[1.240488] (px4_msgs) StdoutLine: {'line': b'-- Up-to-date: /home/px4/ros2/ws/install/px4_msgs/local/lib/python3.10/dist-packages/px4_msgs/msg/_vehicle_control_mode.py\n'}
[1.240565] (px4_msgs) StdoutLine: {'line': b'-- Up-to-date: /home/px4/ros2/ws/install/px4_msgs/local/lib/python3.10/dist-packages/px4_msgs/msg/_sensor_preflight_mag.py\n'}
[1.240614] (px4_msgs) StdoutLine: {'line': b'-- Up-to-date: /home/px4/ros2/ws/install/px4_msgs/local/lib/python3.10/dist-packages/px4_msgs/msg/_gimbal_controls.py\n'}
[1.240660] (px4_msgs) StdoutLine: {'line': b'-- Up-to-date: /home/px4/ros2/ws/install/px4_msgs/local/lib/python3.10/dist-packages/px4_msgs/msg/_heater_status_s.c\n'}
[1.240720] (px4_msgs) StdoutLine: {'line': b'-- Up-to-date: /home/px4/ros2/ws/install/px4_msgs/local/lib/python3.10/dist-packages/px4_msgs/msg/_tune_control_s.c\n'}
[1.240767] (px4_msgs) StdoutLine: {'line': b'-- Up-to-date: /home/px4/ros2/ws/install/px4_msgs/local/lib/python3.10/dist-packages/px4_msgs/msg/_pps_capture_s.c\n'}
[1.240832] (px4_msgs) StdoutLine: {'line': b'-- Up-to-date: /home/px4/ros2/ws/install/px4_msgs/local/lib/python3.10/dist-packages/px4_msgs/msg/_uavcan_parameter_value_s.c\n'}
[1.240881] (px4_msgs) StdoutLine: {'line': b'-- Up-to-date: /home/px4/ros2/ws/install/px4_msgs/local/lib/python3.10/dist-packages/px4_msgs/msg/_input_rc.py\n'}
[1.240944] (px4_msgs) StdoutLine: {'line': b'-- Up-to-date: /home/px4/ros2/ws/install/px4_msgs/local/lib/python3.10/dist-packages/px4_msgs/msg/_action_request_s.c\n'}
[1.240992] (px4_msgs) StdoutLine: {'line': b'-- Up-to-date: /home/px4/ros2/ws/install/px4_msgs/local/lib/python3.10/dist-packages/px4_msgs/msg/_geofence_result.py\n'}
[1.241038] (px4_msgs) StdoutLine: {'line': b'-- Up-to-date: /home/px4/ros2/ws/install/px4_msgs/local/lib/python3.10/dist-packages/px4_msgs/msg/_sensor_accel.py\n'}
[1.241084] (px4_msgs) StdoutLine: {'line': b'-- Up-to-date: /home/px4/ros2/ws/install/px4_msgs/local/lib/python3.10/dist-packages/px4_msgs/msg/_timesync_status.py\n'}
[1.241129] (px4_msgs) StdoutLine: {'line': b'-- Up-to-date: /home/px4/ros2/ws/install/px4_msgs/local/lib/python3.10/dist-packages/px4_msgs/msg/_airspeed_validated_s.c\n'}
[1.241174] (px4_msgs) StdoutLine: {'line': b'-- Up-to-date: /home/px4/ros2/ws/install/px4_msgs/local/lib/python3.10/dist-packages/px4_msgs/msg/_adc_report.py\n'}
[1.241219] (px4_msgs) StdoutLine: {'line': b'-- Up-to-date: /home/px4/ros2/ws/install/px4_msgs/local/lib/python3.10/dist-packages/px4_msgs/msg/_vehicle_odometry.py\n'}
[1.241265] (px4_msgs) StdoutLine: {'line': b'-- Up-to-date: /home/px4/ros2/ws/install/px4_msgs/local/lib/python3.10/dist-packages/px4_msgs/msg/_internal_combustion_engine_control_s.c\n'}
[1.241312] (px4_msgs) StdoutLine: {'line': b'-- Up-to-date: /home/px4/ros2/ws/install/px4_msgs/local/lib/python3.10/dist-packages/px4_msgs/msg/_sensor_uwb_s.c\n'}
[1.241358] (px4_msgs) StdoutLine: {'line': b'-- Up-to-date: /home/px4/ros2/ws/install/px4_msgs/local/lib/python3.10/dist-packages/px4_msgs/msg/_rover_attitude_status_s.c\n'}
[1.241407] (px4_msgs) StdoutLine: {'line': b'-- Up-to-date: /home/px4/ros2/ws/install/px4_msgs/local/lib/python3.10/dist-packages/px4_msgs/msg/_sensor_mag_s.c\n'}
[1.241469] (px4_msgs) StdoutLine: {'line': b'-- Up-to-date: /home/px4/ros2/ws/install/px4_msgs/local/lib/python3.10/dist-packages/px4_msgs/msg/_estimator_aid_source3d_s.c\n'}
[1.241530] (px4_msgs) StdoutLine: {'line': b'-- Up-to-date: /home/px4/ros2/ws/install/px4_msgs/local/lib/python3.10/dist-packages/px4_msgs/msg/_internal_combustion_engine_status.py\n'}
[1.241577] (px4_msgs) StdoutLine: {'line': b'-- Up-to-date: /home/px4/ros2/ws/install/px4_msgs/local/lib/python3.10/dist-packages/px4_msgs/msg/_parameter_set_value_request_s.c\n'}
[1.241630] (px4_msgs) StdoutLine: {'line': b'-- Up-to-date: /home/px4/ros2/ws/install/px4_msgs/local/lib/python3.10/dist-packages/px4_msgs/msg/_gps_inject_data.py\n'}
[1.241677] (px4_msgs) StdoutLine: {'line': b'-- Up-to-date: /home/px4/ros2/ws/install/px4_msgs/local/lib/python3.10/dist-packages/px4_msgs/msg/_sensor_hygrometer.py\n'}
[1.241722] (px4_msgs) StdoutLine: {'line': b'-- Up-to-date: /home/px4/ros2/ws/install/px4_msgs/local/lib/python3.10/dist-packages/px4_msgs/msg/_follow_target_estimator.py\n'}
[1.241794] (px4_msgs) StdoutLine: {'line': b'-- Up-to-date: /home/px4/ros2/ws/install/px4_msgs/local/lib/python3.10/dist-packages/px4_msgs/msg/_unregister_ext_component.py\n'}
[1.241849] (px4_msgs) StdoutLine: {'line': b'-- Up-to-date: /home/px4/ros2/ws/install/px4_msgs/local/lib/python3.10/dist-packages/px4_msgs/msg/_yaw_estimator_status_s.c\n'}
[1.241895] (px4_msgs) StdoutLine: {'line': b'-- Up-to-date: /home/px4/ros2/ws/install/px4_msgs/local/lib/python3.10/dist-packages/px4_msgs/msg/_rpm.py\n'}
[1.241947] (px4_msgs) StdoutLine: {'line': b'-- Up-to-date: /home/px4/ros2/ws/install/px4_msgs/local/lib/python3.10/dist-packages/px4_msgs/msg/_mode_completed_s.c\n'}
[1.241994] (px4_msgs) StdoutLine: {'line': b'-- Up-to-date: /home/px4/ros2/ws/install/px4_msgs/local/lib/python3.10/dist-packages/px4_msgs/msg/_sensor_uwb.py\n'}
[1.242039] (px4_msgs) StdoutLine: {'line': b'-- Up-to-date: /home/px4/ros2/ws/install/px4_msgs/local/lib/python3.10/dist-packages/px4_msgs/msg/_geofence_status.py\n'}
[1.242083] (px4_msgs) StdoutLine: {'line': b'-- Up-to-date: /home/px4/ros2/ws/install/px4_msgs/local/lib/python3.10/dist-packages/px4_msgs/msg/_rover_velocity_status.py\n'}
[1.242128] (px4_msgs) StdoutLine: {'line': b'-- Up-to-date: /home/px4/ros2/ws/install/px4_msgs/local/lib/python3.10/dist-packages/px4_msgs/msg/_open_drone_id_arm_status_s.c\n'}
[1.242172] (px4_msgs) StdoutLine: {'line': b'-- Up-to-date: /home/px4/ros2/ws/install/px4_msgs/local/lib/python3.10/dist-packages/px4_msgs/msg/_transponder_report_s.c\n'}
[1.242222] (px4_msgs) StdoutLine: {'line': b'-- Up-to-date: /home/px4/ros2/ws/install/px4_msgs/local/lib/python3.10/dist-packages/px4_msgs/msg/_arming_check_request.py\n'}
[1.242298] (px4_msgs) StdoutLine: {'line': b'-- Up-to-date: /home/px4/ros2/ws/install/px4_msgs/local/lib/python3.10/dist-packages/px4_msgs/msg/_fixed_wing_runway_control_s.c\n'}
[1.242347] (px4_msgs) StdoutLine: {'line': b'-- Up-to-date: /home/px4/ros2/ws/install/px4_msgs/local/lib/python3.10/dist-packages/px4_msgs/msg/_message_format_response.py\n'}
[1.242410] (px4_msgs) StdoutLine: {'line': b'-- Up-to-date: /home/px4/ros2/ws/install/px4_msgs/local/lib/python3.10/dist-packages/px4_msgs/msg/_obstacle_distance_s.c\n'}
[1.242457] (px4_msgs) StdoutLine: {'line': b'-- Up-to-date: /home/px4/ros2/ws/install/px4_msgs/local/lib/python3.10/dist-packages/px4_msgs/msg/_landing_gear_wheel_s.c\n'}
[1.242503] (px4_msgs) StdoutLine: {'line': b'-- Up-to-date: /home/px4/ros2/ws/install/px4_msgs/local/lib/python3.10/dist-packages/px4_msgs/msg/_actuator_servos.py\n'}
[1.242548] (px4_msgs) StdoutLine: {'line': b'-- Up-to-date: /home/px4/ros2/ws/install/px4_msgs/local/lib/python3.10/dist-packages/px4_msgs/msg/_gimbal_manager_information.py\n'}
[1.242609] (px4_msgs) StdoutLine: {'line': b'-- Up-to-date: /home/px4/ros2/ws/install/px4_msgs/local/lib/python3.10/dist-packages/px4_msgs/msg/_wind.py\n'}
[1.242656] (px4_msgs) StdoutLine: {'line': b'-- Up-to-date: /home/px4/ros2/ws/install/px4_msgs/local/lib/python3.10/dist-packages/px4_msgs/msg/_vehicle_attitude_setpoint_s.c\n'}
[1.242701] (px4_msgs) StdoutLine: {'line': b'-- Up-to-date: /home/px4/ros2/ws/install/px4_msgs/local/lib/python3.10/dist-packages/px4_msgs/msg/_iridiumsbd_status_s.c\n'}
[1.242746] (px4_msgs) StdoutLine: {'line': b'-- Up-to-date: /home/px4/ros2/ws/install/px4_msgs/local/lib/python3.10/dist-packages/px4_msgs/msg/_ulog_stream_s.c\n'}
[1.242803] (px4_msgs) StdoutLine: {'line': b'-- Up-to-date: /home/px4/ros2/ws/install/px4_msgs/local/lib/python3.10/dist-packages/px4_msgs/msg/_sensor_correction.py\n'}
[1.242863] (px4_msgs) StdoutLine: {'line': b'-- Up-to-date: /home/px4/ros2/ws/install/px4_msgs/local/lib/python3.10/dist-packages/px4_msgs/msg/_dataman_response.py\n'}
[1.242909] (px4_msgs) StdoutLine: {'line': b'-- Up-to-date: /home/px4/ros2/ws/install/px4_msgs/local/lib/python3.10/dist-packages/px4_msgs/msg/_estimator_states_s.c\n'}
[1.242955] (px4_msgs) StdoutLine: {'line': b'-- Up-to-date: /home/px4/ros2/ws/install/px4_msgs/local/lib/python3.10/dist-packages/px4_msgs/msg/_orb_test_large.py\n'}
[1.243000] (px4_msgs) StdoutLine: {'line': b'-- Up-to-date: /home/px4/ros2/ws/install/px4_msgs/local/lib/python3.10/dist-packages/px4_msgs/msg/_camera_status.py\n'}
[1.243061] (px4_msgs) StdoutLine: {'line': b'-- Up-to-date: /home/px4/ros2/ws/install/px4_msgs/local/lib/python3.10/dist-packages/px4_msgs/msg/_sensor_gnss_relative.py\n'}
[1.243108] (px4_msgs) StdoutLine: {'line': b'-- Up-to-date: /home/px4/ros2/ws/install/px4_msgs/local/lib/python3.10/dist-packages/px4_msgs/msg/_task_stack_info.py\n'}
[1.243153] (px4_msgs) StdoutLine: {'line': b'-- Up-to-date: /home/px4/ros2/ws/install/px4_msgs/local/lib/python3.10/dist-packages/px4_msgs/msg/_manual_control_switches_s.c\n'}
[1.243213] (px4_msgs) StdoutLine: {'line': b'-- Up-to-date: /home/px4/ros2/ws/install/px4_msgs/local/lib/python3.10/dist-packages/px4_msgs/msg/_gpio_request_s.c\n'}
[1.243260] (px4_msgs) StdoutLine: {'line': b'-- Up-to-date: /home/px4/ros2/ws/install/px4_msgs/local/lib/python3.10/dist-packages/px4_msgs/msg/_led_control_s.c\n'}
[1.243306] (px4_msgs) StdoutLine: {'line': b'-- Up-to-date: /home/px4/ros2/ws/install/px4_msgs/local/lib/python3.10/dist-packages/px4_msgs/msg/_sensor_optical_flow_s.c\n'}
[1.243351] (px4_msgs) StdoutLine: {'line': b'-- Up-to-date: /home/px4/ros2/ws/install/px4_msgs/local/lib/python3.10/dist-packages/px4_msgs/msg/_vehicle_acceleration.py\n'}
[1.243399] (px4_msgs) StdoutLine: {'line': b'-- Up-to-date: /home/px4/ros2/ws/install/px4_msgs/local/lib/python3.10/dist-packages/px4_msgs/msg/_vehicle_angular_velocity_s.c\n'}
[1.243461] (px4_msgs) StdoutLine: {'line': b'-- Up-to-date: /home/px4/ros2/ws/install/px4_msgs/local/lib/python3.10/dist-packages/px4_msgs/msg/_failure_detector_status_s.c\n'}
[1.243509] (px4_msgs) StdoutLine: {'line': b'-- Up-to-date: /home/px4/ros2/ws/install/px4_msgs/local/lib/python3.10/dist-packages/px4_msgs/msg/_vehicle_optical_flow_vel.py\n'}
[1.243561] (px4_msgs) StdoutLine: {'line': b'-- Up-to-date: /home/px4/ros2/ws/install/px4_msgs/local/lib/python3.10/dist-packages/px4_msgs/msg/_sensor_mag.py\n'}
[1.243607] (px4_msgs) StdoutLine: {'line': b'-- Up-to-date: /home/px4/ros2/ws/install/px4_msgs/local/lib/python3.10/dist-packages/px4_msgs/msg/_rc_channels.py\n'}
[1.243652] (px4_msgs) StdoutLine: {'line': b'-- Up-to-date: /home/px4/ros2/ws/install/px4_msgs/local/lib/python3.10/dist-packages/px4_msgs/msg/_vehicle_optical_flow_vel_s.c\n'}
[1.243699] (px4_msgs) StdoutLine: {'line': b'-- Up-to-date: /home/px4/ros2/ws/install/px4_msgs/local/lib/python3.10/dist-packages/px4_msgs/msg/_normalized_unsigned_setpoint_s.c\n'}
[1.243744] (px4_msgs) StdoutLine: {'line': b'-- Up-to-date: /home/px4/ros2/ws/install/px4_msgs/local/lib/python3.10/dist-packages/px4_msgs/msg/_config_overrides.py\n'}
[1.243798] (px4_msgs) StdoutLine: {'line': b'-- Up-to-date: /home/px4/ros2/ws/install/px4_msgs/local/lib/python3.10/dist-packages/px4_msgs/msg/_uavcan_parameter_value.py\n'}
[1.243867] (px4_msgs) StdoutLine: {'line': b'-- Up-to-date: /home/px4/ros2/ws/install/px4_msgs/local/lib/python3.10/dist-packages/px4_msgs/msg/_debug_vect.py\n'}
[1.243928] (px4_msgs) StdoutLine: {'line': b'-- Up-to-date: /home/px4/ros2/ws/install/px4_msgs/local/lib/python3.10/dist-packages/px4_msgs/msg/_gimbal_manager_set_attitude_s.c\n'}
[1.243974] (px4_msgs) StdoutLine: {'line': b'-- Up-to-date: /home/px4/ros2/ws/install/px4_msgs/local/lib/python3.10/dist-packages/px4_msgs/msg/_sensor_airflow.py\n'}
[1.244048] (px4_msgs) StdoutLine: {'line': b'-- Up-to-date: /home/px4/ros2/ws/install/px4_msgs/local/lib/python3.10/dist-packages/px4_msgs/msg/_event.py\n'}
[1.244101] (px4_msgs) StdoutLine: {'line': b'-- Up-to-date: /home/px4/ros2/ws/install/px4_msgs/local/lib/python3.10/dist-packages/px4_msgs/msg/_mount_orientation_s.c\n'}
[1.244149] (px4_msgs) StdoutLine: {'line': b'-- Up-to-date: /home/px4/ros2/ws/install/px4_msgs/local/lib/python3.10/dist-packages/px4_msgs/msg/_fixed_wing_longitudinal_setpoint_s.c\n'}
[1.244197] (px4_msgs) StdoutLine: {'line': b'-- Up-to-date: /home/px4/ros2/ws/install/px4_msgs/local/lib/python3.10/dist-packages/px4_msgs/msg/_camera_trigger_s.c\n'}
[1.244259] (px4_msgs) StdoutLine: {'line': b'-- Up-to-date: /home/px4/ros2/ws/install/px4_msgs/local/lib/python3.10/dist-packages/px4_msgs/msg/_ping_s.c\n'}
[1.244306] (px4_msgs) StdoutLine: {'line': b'-- Up-to-date: /home/px4/ros2/ws/install/px4_msgs/local/lib/python3.10/dist-packages/px4_msgs/msg/_actuator_test_s.c\n'}
[1.244352] (px4_msgs) StdoutLine: {'line': b'-- Up-to-date: /home/px4/ros2/ws/install/px4_msgs/local/lib/python3.10/dist-packages/px4_msgs/msg/_gimbal_device_set_attitude_s.c\n'}
[1.244398] (px4_msgs) StdoutLine: {'line': b'-- Up-to-date: /home/px4/ros2/ws/install/px4_msgs/local/lib/python3.10/dist-packages/px4_msgs/msg/_gps_dump_s.c\n'}
[1.244444] (px4_msgs) StdoutLine: {'line': b'-- Up-to-date: /home/px4/ros2/ws/install/px4_msgs/local/lib/python3.10/dist-packages/px4_msgs/msg/_geofence_status_s.c\n'}
[1.244489] (px4_msgs) StdoutLine: {'line': b'-- Up-to-date: /home/px4/ros2/ws/install/px4_msgs/local/lib/python3.10/dist-packages/px4_msgs/msg/_arming_check_reply.py\n'}
[1.244537] (px4_msgs) StdoutLine: {'line': b'-- Up-to-date: /home/px4/ros2/ws/install/px4_msgs/local/lib/python3.10/dist-packages/px4_msgs/msg/_system_power_s.c\n'}
[1.244583] (px4_msgs) StdoutLine: {'line': b'-- Up-to-date: /home/px4/ros2/ws/install/px4_msgs/local/lib/python3.10/dist-packages/px4_msgs/msg/_vehicle_land_detected_s.c\n'}
[1.244640] (px4_msgs) StdoutLine: {'line': b'-- Up-to-date: /home/px4/ros2/ws/install/px4_msgs/local/lib/python3.10/dist-packages/px4_msgs/msg/_parameter_reset_request_s.c\n'}
[1.244701] (px4_msgs) StdoutLine: {'line': b'-- Up-to-date: /home/px4/ros2/ws/install/px4_msgs/local/lib/python3.10/dist-packages/px4_msgs/msg/_health_report.py\n'}
[1.244747] (px4_msgs) StdoutLine: {'line': b'-- Up-to-date: /home/px4/ros2/ws/install/px4_msgs/local/lib/python3.10/dist-packages/px4_msgs/msg/_manual_control_switches.py\n'}
[1.244817] (px4_msgs) StdoutLine: {'line': b'-- Up-to-date: /home/px4/ros2/ws/install/px4_msgs/local/lib/python3.10/dist-packages/px4_msgs/msg/_px4io_status_s.c\n'}
[1.244869] (px4_msgs) StdoutLine: {'line': b'-- Up-to-date: /home/px4/ros2/ws/install/px4_msgs/local/lib/python3.10/dist-packages/px4_msgs/msg/_vehicle_command.py\n'}
[1.244915] (px4_msgs) StdoutLine: {'line': b'-- Up-to-date: /home/px4/ros2/ws/install/px4_msgs/local/lib/python3.10/dist-packages/px4_msgs/msg/_sensor_gyro.py\n'}
[1.244961] (px4_msgs) StdoutLine: {'line': b'-- Up-to-date: /home/px4/ros2/ws/install/px4_msgs/local/lib/python3.10/dist-packages/px4_msgs/msg/_tiltrotor_extra_controls.py\n'}
[1.245008] (px4_msgs) StdoutLine: {'line': b'-- Up-to-date: /home/px4/ros2/ws/install/px4_msgs/local/lib/python3.10/dist-packages/px4_msgs/msg/_gimbal_device_set_attitude.py\n'}
[1.245067] (px4_msgs) StdoutLine: {'line': b'-- Up-to-date: /home/px4/ros2/ws/install/px4_msgs/local/lib/python3.10/dist-packages/px4_msgs/msg/_gimbal_manager_set_attitude.py\n'}
[1.245113] (px4_msgs) StdoutLine: {'line': b'-- Up-to-date: /home/px4/ros2/ws/install/px4_msgs/local/lib/python3.10/dist-packages/px4_msgs/msg/_gimbal_device_information_s.c\n'}
[1.245165] (px4_msgs) StdoutLine: {'line': b'-- Up-to-date: /home/px4/ros2/ws/install/px4_msgs/local/lib/python3.10/dist-packages/px4_msgs/msg/_rover_velocity_setpoint_s.c\n'}
[1.245211] (px4_msgs) StdoutLine: {'line': b'-- Up-to-date: /home/px4/ros2/ws/install/px4_msgs/local/lib/python3.10/dist-packages/px4_msgs/msg/_radio_status.py\n'}
[1.245256] (px4_msgs) StdoutLine: {'line': b'-- Up-to-date: /home/px4/ros2/ws/install/px4_msgs/local/lib/python3.10/dist-packages/px4_msgs/msg/_cellular_status_s.c\n'}
[1.245308] (px4_msgs) StdoutLine: {'line': b'-- Up-to-date: /home/px4/ros2/ws/install/px4_msgs/local/lib/python3.10/dist-packages/px4_msgs/msg/_orbit_status_s.c\n'}
[1.245356] (px4_msgs) StdoutLine: {'line': b'-- Up-to-date: /home/px4/ros2/ws/install/px4_msgs/local/lib/python3.10/dist-packages/px4_msgs/msg/_landing_gear.py\n'}
[1.245415] (px4_msgs) StdoutLine: {'line': b'-- Up-to-date: /home/px4/ros2/ws/install/px4_msgs/local/lib/python3.10/dist-packages/px4_msgs/msg/_rover_steering_setpoint.py\n'}
[1.245461] (px4_msgs) StdoutLine: {'line': b'-- Up-to-date: /home/px4/ros2/ws/install/px4_msgs/local/lib/python3.10/dist-packages/px4_msgs/msg/_vehicle_constraints_s.c\n'}
[1.245525] (px4_msgs) StdoutLine: {'line': b'-- Up-to-date: /home/px4/ros2/ws/install/px4_msgs/local/lib/python3.10/dist-packages/px4_msgs/msg/_battery_status_s.c\n'}
[1.245572] (px4_msgs) StdoutLine: {'line': b'-- Up-to-date: /home/px4/ros2/ws/install/px4_msgs/local/lib/python3.10/dist-packages/px4_msgs/msg/_control_allocator_status_s.c\n'}
[1.245618] (px4_msgs) StdoutLine: {'line': b'-- Up-to-date: /home/px4/ros2/ws/install/px4_msgs/local/lib/python3.10/dist-packages/px4_msgs/msg/_estimator_sensor_bias.py\n'}
[1.245667] (px4_msgs) StdoutLine: {'line': b'-- Up-to-date: /home/px4/ros2/ws/install/px4_msgs/local/lib/python3.10/dist-packages/px4_msgs/msg/_actuator_motors_s.c\n'}
[1.245713] (px4_msgs) StdoutLine: {'line': b'-- Up-to-date: /home/px4/ros2/ws/install/px4_msgs/local/lib/python3.10/dist-packages/px4_msgs/msg/_battery_info_s.c\n'}
[1.245770] (px4_msgs) StdoutLine: {'line': b'-- Up-to-date: /home/px4/ros2/ws/install/px4_msgs/local/lib/python3.10/dist-packages/px4_msgs/msg/_mag_worker_data.py\n'}
[1.245833] (px4_msgs) StdoutLine: {'line': b'-- Up-to-date: /home/px4/ros2/ws/install/px4_msgs/local/lib/python3.10/dist-packages/px4_msgs/msg/_trajectory_setpoint6dof_s.c\n'}
[1.245882] (px4_msgs) StdoutLine: {'line': b'-- Up-to-date: /home/px4/ros2/ws/install/px4_msgs/local/lib/python3.10/dist-packages/px4_msgs/msg/_navigator_status.py\n'}
[1.245927] (px4_msgs) StdoutLine: {'line': b'-- Up-to-date: /home/px4/ros2/ws/install/px4_msgs/local/lib/python3.10/dist-packages/px4_msgs/msg/_gpio_in.py\n'}
[1.245973] (px4_msgs) StdoutLine: {'line': b'-- Up-to-date: /home/px4/ros2/ws/install/px4_msgs/local/lib/python3.10/dist-packages/px4_msgs/msg/_message_format_request_s.c\n'}
[1.246018] (px4_msgs) StdoutLine: {'line': b'-- Up-to-date: /home/px4/ros2/ws/install/px4_msgs/local/lib/python3.10/dist-packages/px4_msgs/msg/_rover_rate_status.py\n'}
[1.246064] (px4_msgs) StdoutLine: {'line': b'-- Up-to-date: /home/px4/ros2/ws/install/px4_msgs/local/lib/python3.10/dist-packages/px4_msgs/msg/_parameter_update_s.c\n'}
[1.246111] (px4_msgs) StdoutLine: {'line': b'-- Up-to-date: /home/px4/ros2/ws/install/px4_msgs/local/lib/python3.10/dist-packages/px4_msgs/msg/_manual_control_setpoint.py\n'}
[1.246174] (px4_msgs) StdoutLine: {'line': b'-- Up-to-date: /home/px4/ros2/ws/install/px4_msgs/local/lib/python3.10/dist-packages/px4_msgs/msg/_vehicle_attitude_setpoint.py\n'}
[1.246219] (px4_msgs) StdoutLine: {'line': b'-- Up-to-date: /home/px4/ros2/ws/install/px4_msgs/local/lib/python3.10/dist-packages/px4_msgs/msg/_rtl_status_s.c\n'}
[1.246265] (px4_msgs) StdoutLine: {'line': b'-- Up-to-date: /home/px4/ros2/ws/install/px4_msgs/local/lib/python3.10/dist-packages/px4_msgs/msg/_neural_control_s.c\n'}
[1.246310] (px4_msgs) StdoutLine: {'line': b'-- Up-to-date: /home/px4/ros2/ws/install/px4_msgs/local/lib/python3.10/dist-packages/px4_msgs/msg/_estimator_aid_source1d.py\n'}
[1.246355] (px4_msgs) StdoutLine: {'line': b'-- Up-to-date: /home/px4/ros2/ws/install/px4_msgs/local/lib/python3.10/dist-packages/px4_msgs/msg/_register_ext_component_reply.py\n'}
[1.246400] (px4_msgs) StdoutLine: {'line': b'-- Up-to-date: /home/px4/ros2/ws/install/px4_msgs/local/lib/python3.10/dist-packages/px4_msgs/msg/_sensor_hygrometer_s.c\n'}
[1.246445] (px4_msgs) StdoutLine: {'line': b'-- Up-to-date: /home/px4/ros2/ws/install/px4_msgs/local/lib/python3.10/dist-packages/px4_msgs/msg/_landing_target_innovations_s.c\n'}
[1.246497] (px4_msgs) StdoutLine: {'line': b'-- Up-to-date: /home/px4/ros2/ws/install/px4_msgs/local/lib/python3.10/dist-packages/px4_msgs/msg/_camera_status_s.c\n'}
[1.246542] (px4_msgs) StdoutLine: {'line': b'-- Up-to-date: /home/px4/ros2/ws/install/px4_msgs/local/lib/python3.10/dist-packages/px4_msgs/msg/_power_monitor.py\n'}
[1.246602] (px4_msgs) StdoutLine: {'line': b'-- Up-to-date: /home/px4/ros2/ws/install/px4_msgs/local/lib/python3.10/dist-packages/px4_msgs/msg/_velocity_limits_s.c\n'}
[1.246649] (px4_msgs) StdoutLine: {'line': b'-- Up-to-date: /home/px4/ros2/ws/install/px4_msgs/local/lib/python3.10/dist-packages/px4_msgs/msg/_qshell_retval_s.c\n'}
[1.246695] (px4_msgs) StdoutLine: {'line': b'-- Up-to-date: /home/px4/ros2/ws/install/px4_msgs/local/lib/python3.10/dist-packages/px4_msgs/msg/_sensor_gps.py\n'}
[1.246768] (px4_msgs) StdoutLine: {'line': b'-- Up-to-date: /home/px4/ros2/ws/install/px4_msgs/local/lib/python3.10/dist-packages/px4_msgs/msg/_trajectory_setpoint.py\n'}
[1.246830] (px4_msgs) StdoutLine: {'line': b'-- Up-to-date: /home/px4/ros2/ws/install/px4_msgs/local/lib/python3.10/dist-packages/px4_msgs/msg/_power_button_state_s.c\n'}
[1.246879] (px4_msgs) StdoutLine: {'line': b'-- Up-to-date: /home/px4/ros2/ws/install/px4_msgs/local/lib/python3.10/dist-packages/px4_msgs/msg/_vehicle_attitude_s.c\n'}
[1.246925] (px4_msgs) StdoutLine: {'line': b'-- Up-to-date: /home/px4/ros2/ws/install/px4_msgs/local/lib/python3.10/dist-packages/px4_msgs/msg/_estimator_status_flags.py\n'}
[1.246990] (px4_msgs) StdoutLine: {'line': b'-- Up-to-date: /home/px4/ros2/ws/install/px4_msgs/local/lib/python3.10/dist-packages/px4_msgs/msg/_position_controller_landing_status_s.c\n'}
[1.247037] (px4_msgs) StdoutLine: {'line': b'-- Up-to-date: /home/px4/ros2/ws/install/px4_msgs/local/lib/python3.10/dist-packages/px4_msgs/msg/_actuator_test.py\n'}
[1.247083] (px4_msgs) StdoutLine: {'line': b'-- Up-to-date: /home/px4/ros2/ws/install/px4_msgs/local/lib/python3.10/dist-packages/px4_msgs/msg/_uavcan_parameter_request_s.c\n'}
[1.247128] (px4_msgs) StdoutLine: {'line': b'-- Up-to-date: /home/px4/ros2/ws/install/px4_msgs/local/lib/python3.10/dist-packages/px4_msgs/msg/_vehicle_global_position.py\n'}
[1.247173] (px4_msgs) StdoutLine: {'line': b'-- Up-to-date: /home/px4/ros2/ws/install/px4_msgs/local/lib/python3.10/dist-packages/px4_msgs/msg/_estimator_event_flags.py\n'}
[1.247218] (px4_msgs) StdoutLine: {'line': b'-- Up-to-date: /home/px4/ros2/ws/install/px4_msgs/local/lib/python3.10/dist-packages/px4_msgs/msg/_rate_ctrl_status.py\n'}
[1.247263] (px4_msgs) StdoutLine: {'line': b'-- Up-to-date: /home/px4/ros2/ws/install/px4_msgs/local/lib/python3.10/dist-packages/px4_msgs/msg/_distance_sensor_s.c\n'}
[1.247309] (px4_msgs) StdoutLine: {'line': b'-- Up-to-date: /home/px4/ros2/ws/install/px4_msgs/local/lib/python3.10/dist-packages/px4_msgs/msg/_trajectory_setpoint6dof.py\n'}
[1.247355] (px4_msgs) StdoutLine: {'line': b'-- Up-to-date: /home/px4/ros2/ws/install/px4_msgs/local/lib/python3.10/dist-packages/px4_msgs/msg/_ping.py\n'}
[1.247407] (px4_msgs) StdoutLine: {'line': b'-- Up-to-date: /home/px4/ros2/ws/install/px4_msgs/local/lib/python3.10/dist-packages/px4_msgs/msg/_irlock_report_s.c\n'}
[1.247483] (px4_msgs) StdoutLine: {'line': b'-- Up-to-date: /home/px4/ros2/ws/install/px4_msgs/local/lib/python3.10/dist-packages/px4_msgs/msg/_sensor_gyro_fifo_s.c\n'}
[1.247530] (px4_msgs) StdoutLine: {'line': b'-- Up-to-date: /home/px4/ros2/ws/install/px4_msgs/local/lib/python3.10/dist-packages/px4_msgs/msg/_mission.py\n'}
[1.247598] (px4_msgs) StdoutLine: {'line': b'-- Up-to-date: /home/px4/ros2/ws/install/px4_msgs/local/lib/python3.10/dist-packages/px4_msgs/msg/_parameter_set_used_request_s.c\n'}
[1.247646] (px4_msgs) StdoutLine: {'line': b'-- Up-to-date: /home/px4/ros2/ws/install/px4_msgs/local/lib/python3.10/dist-packages/px4_msgs/msg/_sensor_optical_flow.py\n'}
[1.247692] (px4_msgs) StdoutLine: {'line': b'-- Up-to-date: /home/px4/ros2/ws/install/px4_msgs/local/lib/python3.10/dist-packages/px4_msgs/msg/_actuator_armed.py\n'}
[1.247738] (px4_msgs) StdoutLine: {'line': b'-- Up-to-date: /home/px4/ros2/ws/install/px4_msgs/local/lib/python3.10/dist-packages/px4_msgs/msg/_vehicle_magnetometer_s.c\n'}
[1.247820] (px4_msgs) StdoutLine: {'line': b'-- Up-to-date: /home/px4/ros2/ws/install/px4_msgs/local/lib/python3.10/dist-packages/px4_msgs/msg/_debug_key_value_s.c\n'}
[1.247871] (px4_msgs) StdoutLine: {'line': b'-- Up-to-date: /home/px4/ros2/ws/install/px4_msgs/local/lib/python3.10/dist-packages/px4_msgs/msg/_transponder_report.py\n'}
[1.247917] (px4_msgs) StdoutLine: {'line': b'-- Up-to-date: /home/px4/ros2/ws/install/px4_msgs/local/lib/python3.10/dist-packages/px4_msgs/msg/_landing_gear_s.c\n'}
[1.247963] (px4_msgs) StdoutLine: {'line': b'-- Up-to-date: /home/px4/ros2/ws/install/px4_msgs/local/lib/python3.10/dist-packages/px4_msgs/msg/_sensor_correction_s.c\n'}
[1.248009] (px4_msgs) StdoutLine: {'line': b'-- Up-to-date: /home/px4/ros2/ws/install/px4_msgs/local/lib/python3.10/dist-packages/px4_msgs/msg/_airspeed_validated.py\n'}
[1.248055] (px4_msgs) StdoutLine: {'line': b'-- Up-to-date: /home/px4/ros2/ws/install/px4_msgs/local/lib/python3.10/dist-packages/px4_msgs/msg/_estimator_aid_source2d_s.c\n'}
[1.248100] (px4_msgs) StdoutLine: {'line': b'-- Up-to-date: /home/px4/ros2/ws/install/px4_msgs/local/lib/python3.10/dist-packages/px4_msgs/msg/_uavcan_parameter_request.py\n'}
[1.248146] (px4_msgs) StdoutLine: {'line': b'-- Up-to-date: /home/px4/ros2/ws/install/px4_msgs/local/lib/python3.10/dist-packages/px4_msgs/msg/_position_setpoint.py\n'}
[1.248191] (px4_msgs) StdoutLine: {'line': b'-- Up-to-date: /home/px4/ros2/ws/install/px4_msgs/local/lib/python3.10/dist-packages/px4_msgs/msg/_vehicle_control_mode_s.c\n'}
[1.248248] (px4_msgs) StdoutLine: {'line': b'-- Up-to-date: /home/px4/ros2/ws/install/px4_msgs/local/lib/python3.10/dist-packages/px4_msgs/msg/_figure_eight_status_s.c\n'}
[1.248295] (px4_msgs) StdoutLine: {'line': b'-- Up-to-date: /home/px4/ros2/ws/install/px4_msgs/local/lib/python3.10/dist-packages/px4_msgs/msg/_config_overrides_s.c\n'}
[1.248347] (px4_msgs) StdoutLine: {'line': b'-- Up-to-date: /home/px4/ros2/ws/install/px4_msgs/local/lib/python3.10/dist-packages/px4_msgs/msg/_tiltrotor_extra_controls_s.c\n'}
[1.248407] (px4_msgs) StdoutLine: {'line': b'-- Up-to-date: /home/px4/ros2/ws/install/px4_msgs/local/lib/python3.10/dist-packages/px4_msgs/msg/_sensor_gyro_fifo.py\n'}
[1.248466] (px4_msgs) StdoutLine: {'line': b'-- Up-to-date: /home/px4/ros2/ws/install/px4_msgs/local/lib/python3.10/dist-packages/px4_msgs/msg/_fixed_wing_lateral_guidance_status_s.c\n'}
[1.248513] (px4_msgs) StdoutLine: {'line': b'-- Up-to-date: /home/px4/ros2/ws/install/px4_msgs/local/lib/python3.10/dist-packages/px4_msgs/msg/_vehicle_magnetometer.py\n'}
[1.248560] (px4_msgs) StdoutLine: {'line': b'-- Up-to-date: /home/px4/ros2/ws/install/px4_msgs/local/lib/python3.10/dist-packages/px4_msgs/msg/_parameter_set_value_response_s.c\n'}
[1.248622] (px4_msgs) StdoutLine: {'line': b'-- Up-to-date: /home/px4/ros2/ws/install/px4_msgs/local/lib/python3.10/dist-packages/px4_msgs/msg/_vehicle_status.py\n'}
[1.248669] (px4_msgs) StdoutLine: {'line': b'-- Up-to-date: /home/px4/ros2/ws/install/px4_msgs/local/lib/python3.10/dist-packages/px4_msgs/msg/_position_controller_landing_status.py\n'}
[1.248714] (px4_msgs) StdoutLine: {'line': b'-- Up-to-date: /home/px4/ros2/ws/install/px4_msgs/local/lib/python3.10/dist-packages/px4_msgs/msg/_vehicle_optical_flow_s.c\n'}
[1.248759] (px4_msgs) StdoutLine: {'line': b'-- Up-to-date: /home/px4/ros2/ws/install/px4_msgs/local/lib/python3.10/dist-packages/px4_msgs/msg/_magnetometer_bias_estimate_s.c\n'}
[1.248822] (px4_msgs) StdoutLine: {'line': b'-- Up-to-date: /home/px4/ros2/ws/install/px4_msgs/local/lib/python3.10/dist-packages/px4_msgs/msg/_distance_sensor.py\n'}
[1.248870] (px4_msgs) StdoutLine: {'line': b'-- Up-to-date: /home/px4/ros2/ws/install/px4_msgs/local/lib/python3.10/dist-packages/px4_msgs/msg/_wheel_encoders_s.c\n'}
[1.248916] (px4_msgs) StdoutLine: {'line': b'-- Up-to-date: /home/px4/ros2/ws/install/px4_msgs/local/lib/python3.10/dist-packages/px4_msgs/msg/_generator_status_s.c\n'}
[1.248969] (px4_msgs) StdoutLine: {'line': b'-- Up-to-date: /home/px4/ros2/ws/install/px4_msgs/local/lib/python3.10/dist-packages/px4_msgs/msg/_cpuload_s.c\n'}
[1.249015] (px4_msgs) StdoutLine: {'line': b'-- Up-to-date: /home/px4/ros2/ws/install/px4_msgs/local/lib/python3.10/dist-packages/px4_msgs/msg/_sensors_status_imu.py\n'}
[1.249078] (px4_msgs) StdoutLine: {'line': b'-- Up-to-date: /home/px4/ros2/ws/install/px4_msgs/local/lib/python3.10/dist-packages/px4_msgs/msg/_dronecan_node_status.py\n'}
[1.249126] (px4_msgs) StdoutLine: {'line': b'-- Up-to-date: /home/px4/ros2/ws/install/px4_msgs/local/lib/python3.10/dist-packages/px4_msgs/msg/_vehicle_rates_setpoint.py\n'}
[1.249184] (px4_msgs) StdoutLine: {'line': b'-- Up-to-date: /home/px4/ros2/ws/install/px4_msgs/local/lib/python3.10/dist-packages/px4_msgs/msg/_gimbal_device_attitude_status.py\n'}
[1.249244] (px4_msgs) StdoutLine: {'line': b'-- Up-to-date: /home/px4/ros2/ws/install/px4_msgs/local/lib/python3.10/dist-packages/px4_msgs/msg/_hover_thrust_estimate.py\n'}
[1.249290] (px4_msgs) StdoutLine: {'line': b'-- Up-to-date: /home/px4/ros2/ws/install/px4_msgs/local/lib/python3.10/dist-packages/px4_msgs/msg/_qshell_retval.py\n'}
[1.249336] (px4_msgs) StdoutLine: {'line': b'-- Up-to-date: /home/px4/ros2/ws/install/px4_msgs/local/lib/python3.10/dist-packages/px4_msgs/msg/_can_interface_status_s.c\n'}
[1.249382] (px4_msgs) StdoutLine: {'line': b'-- Up-to-date: /home/px4/ros2/ws/install/px4_msgs/local/lib/python3.10/dist-packages/px4_msgs/msg/_sensor_accel_fifo.py\n'}
[1.249458] (px4_msgs) StdoutLine: {'line': b'-- Up-to-date: /home/px4/ros2/ws/install/px4_msgs/local/lib/python3.10/dist-packages/px4_msgs/msg/_mag_worker_data_s.c\n'}
[1.249505] (px4_msgs) StdoutLine: {'line': b'-- Up-to-date: /home/px4/ros2/ws/install/px4_msgs/local/lib/python3.10/dist-packages/px4_msgs/msg/_collision_constraints.py\n'}
[1.249551] (px4_msgs) StdoutLine: {'line': b'-- Up-to-date: /home/px4/ros2/ws/install/px4_msgs/local/lib/python3.10/dist-packages/px4_msgs/msg/_pps_capture.py\n'}
[1.249596] (px4_msgs) StdoutLine: {'line': b'-- Up-to-date: /home/px4/ros2/ws/install/px4_msgs/local/lib/python3.10/dist-packages/px4_msgs/msg/_rtl_time_estimate_s.c\n'}
[1.249642] (px4_msgs) StdoutLine: {'line': b'-- Up-to-date: /home/px4/ros2/ws/install/px4_msgs/local/lib/python3.10/dist-packages/px4_msgs/msg/_esc_status.py\n'}
[1.249688] (px4_msgs) StdoutLine: {'line': b'-- Up-to-date: /home/px4/ros2/ws/install/px4_msgs/local/lib/python3.10/dist-packages/px4_msgs/msg/_sensor_preflight_mag_s.c\n'}
[1.249732] (px4_msgs) StdoutLine: {'line': b'-- Up-to-date: /home/px4/ros2/ws/install/px4_msgs/local/lib/python3.10/dist-packages/px4_msgs/msg/_estimator_gps_status.py\n'}
[1.249786] (px4_msgs) StdoutLine: {'line': b'-- Up-to-date: /home/px4/ros2/ws/install/px4_msgs/local/lib/python3.10/dist-packages/px4_msgs/msg/_sensor_selection.py\n'}
[1.249842] (px4_msgs) StdoutLine: {'line': b'-- Up-to-date: /home/px4/ros2/ws/install/px4_msgs/local/lib/python3.10/dist-packages/px4_msgs/msg/_goto_setpoint_s.c\n'}
[1.249888] (px4_msgs) StdoutLine: {'line': b'-- Up-to-date: /home/px4/ros2/ws/install/px4_msgs/local/lib/python3.10/dist-packages/px4_msgs/msg/_offboard_control_mode_s.c\n'}
[1.249973] (px4_msgs) StdoutLine: {'line': b'-- Up-to-date: /home/px4/ros2/ws/install/px4_msgs/local/lib/python3.10/dist-packages/px4_msgs/msg/_actuator_armed_s.c\n'}
[1.250024] (px4_msgs) StdoutLine: {'line': b'-- Up-to-date: /home/px4/ros2/ws/install/px4_msgs/local/lib/python3.10/dist-packages/px4_msgs/msg/_launch_detection_status.py\n'}
[1.250097] (px4_msgs) StdoutLine: {'line': b'-- Up-to-date: /home/px4/ros2/ws/install/px4_msgs/local/lib/python3.10/dist-packages/px4_msgs/msg/_sensor_gyro_fft_s.c\n'}
[1.250144] (px4_msgs) StdoutLine: {'line': b'-- Up-to-date: /home/px4/ros2/ws/install/px4_msgs/local/lib/python3.10/dist-packages/px4_msgs/msg/_autotune_attitude_control_status_s.c\n'}
[1.250191] (px4_msgs) StdoutLine: {'line': b'-- Up-to-date: /home/px4/ros2/ws/install/px4_msgs/local/lib/python3.10/dist-packages/px4_msgs/msg/_qshell_req.py\n'}
[1.250245] (px4_msgs) StdoutLine: {'line': b'-- Up-to-date: /home/px4/ros2/ws/install/px4_msgs/local/lib/python3.10/dist-packages/px4_msgs/msg/_rate_ctrl_status_s.c\n'}
[1.250316] (px4_msgs) StdoutLine: {'line': b'-- Up-to-date: /home/px4/ros2/ws/install/px4_msgs/local/lib/python3.10/dist-packages/px4_msgs/msg/_dronecan_node_status_s.c\n'}
[1.250363] (px4_msgs) StdoutLine: {'line': b'-- Up-to-date: /home/px4/ros2/ws/install/px4_msgs/local/lib/python3.10/dist-packages/px4_msgs/msg/_iridiumsbd_status.py\n'}
[1.250408] (px4_msgs) StdoutLine: {'line': b'-- Up-to-date: /home/px4/ros2/ws/install/px4_msgs/local/lib/python3.10/dist-packages/px4_msgs/msg/_task_stack_info_s.c\n'}
[1.250453] (px4_msgs) StdoutLine: {'line': b'-- Up-to-date: /home/px4/ros2/ws/install/px4_msgs/local/lib/python3.10/dist-packages/px4_msgs/msg/_rover_throttle_setpoint_s.c\n'}
[1.250498] (px4_msgs) StdoutLine: {'line': b'-- Up-to-date: /home/px4/ros2/ws/install/px4_msgs/local/lib/python3.10/dist-packages/px4_msgs/msg/_open_drone_id_self_id.py\n'}
[1.250543] (px4_msgs) StdoutLine: {'line': b'-- Up-to-date: /home/px4/ros2/ws/install/px4_msgs/local/lib/python3.10/dist-packages/px4_msgs/msg/_estimator_bias3d.py\n'}
[1.250587] (px4_msgs) StdoutLine: {'line': b'-- Up-to-date: /home/px4/ros2/ws/install/px4_msgs/local/lib/python3.10/dist-packages/px4_msgs/msg/_distance_sensor_mode_change_request.py\n'}
[1.250632] (px4_msgs) StdoutLine: {'line': b'-- Up-to-date: /home/px4/ros2/ws/install/px4_msgs/local/lib/python3.10/dist-packages/px4_msgs/msg/_irlock_report.py\n'}
[1.250678] (px4_msgs) StdoutLine: {'line': b'-- Up-to-date: /home/px4/ros2/ws/install/px4_msgs/local/lib/python3.10/dist-packages/px4_msgs/msg/_internal_combustion_engine_control.py\n'}
[1.250727] (px4_msgs) StdoutLine: {'line': b'-- Up-to-date: /home/px4/ros2/ws/install/px4_msgs/local/lib/python3.10/dist-packages/px4_msgs/msg/_home_position.py\n'}
[1.250797] (px4_msgs) StdoutLine: {'line': b'-- Up-to-date: /home/px4/ros2/ws/install/px4_msgs/local/lib/python3.10/dist-packages/px4_msgs/msg/_gpio_config.py\n'}
[1.250853] (px4_msgs) StdoutLine: {'line': b'-- Up-to-date: /home/px4/ros2/ws/install/px4_msgs/local/lib/python3.10/dist-packages/px4_msgs/msg/_open_drone_id_arm_status.py\n'}
[1.250914] (px4_msgs) StdoutLine: {'line': b'-- Up-to-date: /home/px4/ros2/ws/install/px4_msgs/local/lib/python3.10/dist-packages/px4_msgs/msg/_differential_pressure_s.c\n'}
[1.250972] (px4_msgs) StdoutLine: {'line': b'-- Up-to-date: /home/px4/ros2/ws/install/px4_msgs/local/lib/python3.10/dist-packages/px4_msgs/msg/_control_allocator_status.py\n'}
[1.251019] (px4_msgs) StdoutLine: {'line': b'-- Up-to-date: /home/px4/ros2/ws/install/px4_msgs/local/lib/python3.10/dist-packages/px4_msgs/px4_msgs_s__rosidl_typesupport_introspection_c.cpython-310-x86_64-linux-gnu.so\n'}
[1.251066] (px4_msgs) StdoutLine: {'line': b'-- Up-to-date: /home/px4/ros2/ws/install/px4_msgs/local/lib/python3.10/dist-packages/px4_msgs/srv\n'}
[1.251126] (px4_msgs) StdoutLine: {'line': b'-- Up-to-date: /home/px4/ros2/ws/install/px4_msgs/local/lib/python3.10/dist-packages/px4_msgs/srv/_vehicle_command_s.c\n'}
[1.251177] (px4_msgs) StdoutLine: {'line': b'-- Up-to-date: /home/px4/ros2/ws/install/px4_msgs/local/lib/python3.10/dist-packages/px4_msgs/srv/__init__.py\n'}
[1.251240] (px4_msgs) StdoutLine: {'line': b'-- Up-to-date: /home/px4/ros2/ws/install/px4_msgs/local/lib/python3.10/dist-packages/px4_msgs/srv/_vehicle_command.py\n'}
[1.251287] (px4_msgs) StdoutLine: {'line': b'-- Up-to-date: /home/px4/ros2/ws/install/px4_msgs/local/lib/python3.10/dist-packages/px4_msgs/px4_msgs_s__rosidl_typesupport_c.cpython-310-x86_64-linux-gnu.so\n'}
[1.251333] (px4_msgs) StdoutLine: {'line': b'-- Up-to-date: /home/px4/ros2/ws/install/px4_msgs/local/lib/python3.10/dist-packages/px4_msgs/px4_msgs_s__rosidl_typesupport_fastrtps_c.cpython-310-x86_64-linux-gnu.so\n'}
[1.251379] (px4_msgs) StdoutLine: {'line': b'-- Up-to-date: /home/px4/ros2/ws/install/px4_msgs/local/lib/python3.10/dist-packages/px4_msgs/_px4_msgs_s.ep.rosidl_typesupport_c.c\n'}
[1.251425] (px4_msgs) StdoutLine: {'line': b"Listing '/home/px4/ros2/ws/install/px4_msgs/local/lib/python3.10/dist-packages/px4_msgs'...\n"}
[1.251479] (px4_msgs) StdoutLine: {'line': b"Listing '/home/px4/ros2/ws/install/px4_msgs/local/lib/python3.10/dist-packages/px4_msgs/msg'...\n"}
[1.251526] (px4_msgs) StdoutLine: {'line': b"Listing '/home/px4/ros2/ws/install/px4_msgs/local/lib/python3.10/dist-packages/px4_msgs/srv'...\n"}
[1.251595] (px4_msgs) StdoutLine: {'line': b'-- Up-to-date: /home/px4/ros2/ws/install/px4_msgs/local/lib/python3.10/dist-packages/px4_msgs/px4_msgs_s__rosidl_typesupport_fastrtps_c.cpython-310-x86_64-linux-gnu.so\n'}
[1.251646] (px4_msgs) StdoutLine: {'line': b'-- Up-to-date: /home/px4/ros2/ws/install/px4_msgs/local/lib/python3.10/dist-packages/px4_msgs/px4_msgs_s__rosidl_typesupport_introspection_c.cpython-310-x86_64-linux-gnu.so\n'}
[1.251694] (px4_msgs) StdoutLine: {'line': b'-- Up-to-date: /home/px4/ros2/ws/install/px4_msgs/local/lib/python3.10/dist-packages/px4_msgs/px4_msgs_s__rosidl_typesupport_c.cpython-310-x86_64-linux-gnu.so\n'}
[1.251757] (px4_msgs) StdoutLine: {'line': b'-- Up-to-date: /home/px4/ros2/ws/install/px4_msgs/lib/libpx4_msgs__rosidl_generator_py.so\n'}
[1.251824] (px4_msgs) StdoutLine: {'line': b'-- Up-to-date: /home/px4/ros2/ws/install/px4_msgs/share/px4_msgs/msg/ActionRequest.idl\n'}
[1.251880] (px4_msgs) StdoutLine: {'line': b'-- Up-to-date: /home/px4/ros2/ws/install/px4_msgs/share/px4_msgs/msg/ActuatorArmed.idl\n'}
[1.251928] (px4_msgs) StdoutLine: {'line': b'-- Up-to-date: /home/px4/ros2/ws/install/px4_msgs/share/px4_msgs/msg/ActuatorControlsStatus.idl\n'}
[1.251989] (px4_msgs) StdoutLine: {'line': b'-- Up-to-date: /home/px4/ros2/ws/install/px4_msgs/share/px4_msgs/msg/ActuatorMotors.idl\n'}
[1.252037] (px4_msgs) StdoutLine: {'line': b'-- Up-to-date: /home/px4/ros2/ws/install/px4_msgs/share/px4_msgs/msg/ActuatorOutputs.idl\n'}
[1.252083] (px4_msgs) StdoutLine: {'line': b'-- Up-to-date: /home/px4/ros2/ws/install/px4_msgs/share/px4_msgs/msg/ActuatorServos.idl\n'}
[1.252129] (px4_msgs) StdoutLine: {'line': b'-- Up-to-date: /home/px4/ros2/ws/install/px4_msgs/share/px4_msgs/msg/ActuatorServosTrim.idl\n'}
[1.252174] (px4_msgs) StdoutLine: {'line': b'-- Up-to-date: /home/px4/ros2/ws/install/px4_msgs/share/px4_msgs/msg/ActuatorTest.idl\n'}
[1.252220] (px4_msgs) StdoutLine: {'line': b'-- Up-to-date: /home/px4/ros2/ws/install/px4_msgs/share/px4_msgs/msg/AdcReport.idl\n'}
[1.252265] (px4_msgs) StdoutLine: {'line': b'-- Up-to-date: /home/px4/ros2/ws/install/px4_msgs/share/px4_msgs/msg/Airspeed.idl\n'}
[1.252309] (px4_msgs) StdoutLine: {'line': b'-- Up-to-date: /home/px4/ros2/ws/install/px4_msgs/share/px4_msgs/msg/AirspeedValidated.idl\n'}
[1.252354] (px4_msgs) StdoutLine: {'line': b'-- Up-to-date: /home/px4/ros2/ws/install/px4_msgs/share/px4_msgs/msg/AirspeedWind.idl\n'}
[1.252418] (px4_msgs) StdoutLine: {'line': b'-- Up-to-date: /home/px4/ros2/ws/install/px4_msgs/share/px4_msgs/msg/ArmingCheckReply.idl\n'}
[1.252478] (px4_msgs) StdoutLine: {'line': b'-- Up-to-date: /home/px4/ros2/ws/install/px4_msgs/share/px4_msgs/msg/ArmingCheckRequest.idl\n'}
[1.252524] (px4_msgs) StdoutLine: {'line': b'-- Up-to-date: /home/px4/ros2/ws/install/px4_msgs/share/px4_msgs/msg/AutotuneAttitudeControlStatus.idl\n'}
[1.252587] (px4_msgs) StdoutLine: {'line': b'-- Up-to-date: /home/px4/ros2/ws/install/px4_msgs/share/px4_msgs/msg/BatteryInfo.idl\n'}
[1.252634] (px4_msgs) StdoutLine: {'line': b'-- Up-to-date: /home/px4/ros2/ws/install/px4_msgs/share/px4_msgs/msg/BatteryStatus.idl\n'}
[1.252681] (px4_msgs) StdoutLine: {'line': b'-- Up-to-date: /home/px4/ros2/ws/install/px4_msgs/share/px4_msgs/msg/ButtonEvent.idl\n'}
[1.252726] (px4_msgs) StdoutLine: {'line': b'-- Up-to-date: /home/px4/ros2/ws/install/px4_msgs/share/px4_msgs/msg/CameraCapture.idl\n'}
[1.252793] (px4_msgs) StdoutLine: {'line': b'-- Up-to-date: /home/px4/ros2/ws/install/px4_msgs/share/px4_msgs/msg/CameraStatus.idl\n'}
[1.252849] (px4_msgs) StdoutLine: {'line': b'-- Up-to-date: /home/px4/ros2/ws/install/px4_msgs/share/px4_msgs/msg/CameraTrigger.idl\n'}
[1.252895] (px4_msgs) StdoutLine: {'line': b'-- Up-to-date: /home/px4/ros2/ws/install/px4_msgs/share/px4_msgs/msg/CanInterfaceStatus.idl\n'}
[1.252959] (px4_msgs) StdoutLine: {'line': b'-- Up-to-date: /home/px4/ros2/ws/install/px4_msgs/share/px4_msgs/msg/CellularStatus.idl\n'}
[1.253005] (px4_msgs) StdoutLine: {'line': b'-- Up-to-date: /home/px4/ros2/ws/install/px4_msgs/share/px4_msgs/msg/CollisionConstraints.idl\n'}
[1.253051] (px4_msgs) StdoutLine: {'line': b'-- Up-to-date: /home/px4/ros2/ws/install/px4_msgs/share/px4_msgs/msg/ConfigOverrides.idl\n'}
[1.253097] (px4_msgs) StdoutLine: {'line': b'-- Up-to-date: /home/px4/ros2/ws/install/px4_msgs/share/px4_msgs/msg/ControlAllocatorStatus.idl\n'}
[1.253143] (px4_msgs) StdoutLine: {'line': b'-- Up-to-date: /home/px4/ros2/ws/install/px4_msgs/share/px4_msgs/msg/Cpuload.idl\n'}
[1.253187] (px4_msgs) StdoutLine: {'line': b'-- Up-to-date: /home/px4/ros2/ws/install/px4_msgs/share/px4_msgs/msg/DatamanRequest.idl\n'}
[1.253250] (px4_msgs) StdoutLine: {'line': b'-- Up-to-date: /home/px4/ros2/ws/install/px4_msgs/share/px4_msgs/msg/DatamanResponse.idl\n'}
[1.253297] (px4_msgs) StdoutLine: {'line': b'-- Up-to-date: /home/px4/ros2/ws/install/px4_msgs/share/px4_msgs/msg/DebugArray.idl\n'}
[1.253342] (px4_msgs) StdoutLine: {'line': b'-- Up-to-date: /home/px4/ros2/ws/install/px4_msgs/share/px4_msgs/msg/DebugKeyValue.idl\n'}
[1.253407] (px4_msgs) StdoutLine: {'line': b'-- Up-to-date: /home/px4/ros2/ws/install/px4_msgs/share/px4_msgs/msg/DebugValue.idl\n'}
[1.253453] (px4_msgs) StdoutLine: {'line': b'-- Up-to-date: /home/px4/ros2/ws/install/px4_msgs/share/px4_msgs/msg/DebugVect.idl\n'}
[1.253499] (px4_msgs) StdoutLine: {'line': b'-- Up-to-date: /home/px4/ros2/ws/install/px4_msgs/share/px4_msgs/msg/DifferentialPressure.idl\n'}
[1.253546] (px4_msgs) StdoutLine: {'line': b'-- Up-to-date: /home/px4/ros2/ws/install/px4_msgs/share/px4_msgs/msg/DistanceSensor.idl\n'}
[1.253591] (px4_msgs) StdoutLine: {'line': b'-- Up-to-date: /home/px4/ros2/ws/install/px4_msgs/share/px4_msgs/msg/DistanceSensorModeChangeRequest.idl\n'}
[1.253643] (px4_msgs) StdoutLine: {'line': b'-- Up-to-date: /home/px4/ros2/ws/install/px4_msgs/share/px4_msgs/msg/DronecanNodeStatus.idl\n'}
[1.253689] (px4_msgs) StdoutLine: {'line': b'-- Up-to-date: /home/px4/ros2/ws/install/px4_msgs/share/px4_msgs/msg/Ekf2Timestamps.idl\n'}
[1.253735] (px4_msgs) StdoutLine: {'line': b'-- Up-to-date: /home/px4/ros2/ws/install/px4_msgs/share/px4_msgs/msg/EscReport.idl\n'}
[1.253788] (px4_msgs) StdoutLine: {'line': b'-- Up-to-date: /home/px4/ros2/ws/install/px4_msgs/share/px4_msgs/msg/EscStatus.idl\n'}
[1.253867] (px4_msgs) StdoutLine: {'line': b'-- Up-to-date: /home/px4/ros2/ws/install/px4_msgs/share/px4_msgs/msg/EstimatorAidSource1d.idl\n'}
[1.253916] (px4_msgs) StdoutLine: {'line': b'-- Up-to-date: /home/px4/ros2/ws/install/px4_msgs/share/px4_msgs/msg/EstimatorAidSource2d.idl\n'}
[1.253962] (px4_msgs) StdoutLine: {'line': b'-- Up-to-date: /home/px4/ros2/ws/install/px4_msgs/share/px4_msgs/msg/EstimatorAidSource3d.idl\n'}
[1.254009] (px4_msgs) StdoutLine: {'line': b'-- Up-to-date: /home/px4/ros2/ws/install/px4_msgs/share/px4_msgs/msg/EstimatorBias.idl\n'}
[1.254055] (px4_msgs) StdoutLine: {'line': b'-- Up-to-date: /home/px4/ros2/ws/install/px4_msgs/share/px4_msgs/msg/EstimatorBias3d.idl\n'}
[1.254100] (px4_msgs) StdoutLine: {'line': b'-- Up-to-date: /home/px4/ros2/ws/install/px4_msgs/share/px4_msgs/msg/EstimatorEventFlags.idl\n'}
[1.254147] (px4_msgs) StdoutLine: {'line': b'-- Up-to-date: /home/px4/ros2/ws/install/px4_msgs/share/px4_msgs/msg/EstimatorGpsStatus.idl\n'}
[1.254195] (px4_msgs) StdoutLine: {'line': b'-- Up-to-date: /home/px4/ros2/ws/install/px4_msgs/share/px4_msgs/msg/EstimatorInnovations.idl\n'}
[1.254242] (px4_msgs) StdoutLine: {'line': b'-- Up-to-date: /home/px4/ros2/ws/install/px4_msgs/share/px4_msgs/msg/EstimatorSelectorStatus.idl\n'}
[1.254291] (px4_msgs) StdoutLine: {'line': b'-- Up-to-date: /home/px4/ros2/ws/install/px4_msgs/share/px4_msgs/msg/EstimatorSensorBias.idl\n'}
[1.254340] (px4_msgs) StdoutLine: {'line': b'-- Up-to-date: /home/px4/ros2/ws/install/px4_msgs/share/px4_msgs/msg/EstimatorStates.idl\n'}
[1.254411] (px4_msgs) StdoutLine: {'line': b'-- Up-to-date: /home/px4/ros2/ws/install/px4_msgs/share/px4_msgs/msg/EstimatorStatus.idl\n'}
[1.254474] (px4_msgs) StdoutLine: {'line': b'-- Up-to-date: /home/px4/ros2/ws/install/px4_msgs/share/px4_msgs/msg/EstimatorStatusFlags.idl\n'}
[1.254523] (px4_msgs) StdoutLine: {'line': b'-- Up-to-date: /home/px4/ros2/ws/install/px4_msgs/share/px4_msgs/msg/Event.idl\n'}
[1.254570] (px4_msgs) StdoutLine: {'line': b'-- Up-to-date: /home/px4/ros2/ws/install/px4_msgs/share/px4_msgs/msg/FailsafeFlags.idl\n'}
[1.254615] (px4_msgs) StdoutLine: {'line': b'-- Up-to-date: /home/px4/ros2/ws/install/px4_msgs/share/px4_msgs/msg/FailureDetectorStatus.idl\n'}
[1.254673] (px4_msgs) StdoutLine: {'line': b'-- Up-to-date: /home/px4/ros2/ws/install/px4_msgs/share/px4_msgs/msg/FigureEightStatus.idl\n'}
[1.254736] (px4_msgs) StdoutLine: {'line': b'-- Up-to-date: /home/px4/ros2/ws/install/px4_msgs/share/px4_msgs/msg/FixedWingLateralGuidanceStatus.idl\n'}
[1.254789] (px4_msgs) StdoutLine: {'line': b'-- Up-to-date: /home/px4/ros2/ws/install/px4_msgs/share/px4_msgs/msg/FixedWingLateralSetpoint.idl\n'}
[1.254844] (px4_msgs) StdoutLine: {'line': b'-- Up-to-date: /home/px4/ros2/ws/install/px4_msgs/share/px4_msgs/msg/FixedWingLateralStatus.idl\n'}
[1.254892] (px4_msgs) StdoutLine: {'line': b'-- Up-to-date: /home/px4/ros2/ws/install/px4_msgs/share/px4_msgs/msg/FixedWingLongitudinalSetpoint.idl\n'}
[1.254938] (px4_msgs) StdoutLine: {'line': b'-- Up-to-date: /home/px4/ros2/ws/install/px4_msgs/share/px4_msgs/msg/FixedWingRunwayControl.idl\n'}
[1.254984] (px4_msgs) StdoutLine: {'line': b'-- Up-to-date: /home/px4/ros2/ws/install/px4_msgs/share/px4_msgs/msg/FlightPhaseEstimation.idl\n'}
[1.255032] (px4_msgs) StdoutLine: {'line': b'-- Up-to-date: /home/px4/ros2/ws/install/px4_msgs/share/px4_msgs/msg/FollowTarget.idl\n'}
[1.255078] (px4_msgs) StdoutLine: {'line': b'-- Up-to-date: /home/px4/ros2/ws/install/px4_msgs/share/px4_msgs/msg/FollowTargetEstimator.idl\n'}
[1.255126] (px4_msgs) StdoutLine: {'line': b'-- Up-to-date: /home/px4/ros2/ws/install/px4_msgs/share/px4_msgs/msg/FollowTargetStatus.idl\n'}
[1.255189] (px4_msgs) StdoutLine: {'line': b'-- Up-to-date: /home/px4/ros2/ws/install/px4_msgs/share/px4_msgs/msg/FuelTankStatus.idl\n'}
[1.255245] (px4_msgs) StdoutLine: {'line': b'-- Up-to-date: /home/px4/ros2/ws/install/px4_msgs/share/px4_msgs/msg/GeneratorStatus.idl\n'}
[1.255309] (px4_msgs) StdoutLine: {'line': b'-- Up-to-date: /home/px4/ros2/ws/install/px4_msgs/share/px4_msgs/msg/GeofenceResult.idl\n'}
[1.255356] (px4_msgs) StdoutLine: {'line': b'-- Up-to-date: /home/px4/ros2/ws/install/px4_msgs/share/px4_msgs/msg/GeofenceStatus.idl\n'}
[1.255402] (px4_msgs) StdoutLine: {'line': b'-- Up-to-date: /home/px4/ros2/ws/install/px4_msgs/share/px4_msgs/msg/GimbalControls.idl\n'}
[1.255447] (px4_msgs) StdoutLine: {'line': b'-- Up-to-date: /home/px4/ros2/ws/install/px4_msgs/share/px4_msgs/msg/GimbalDeviceAttitudeStatus.idl\n'}
[1.255510] (px4_msgs) StdoutLine: {'line': b'-- Up-to-date: /home/px4/ros2/ws/install/px4_msgs/share/px4_msgs/msg/GimbalDeviceInformation.idl\n'}
[1.255558] (px4_msgs) StdoutLine: {'line': b'-- Up-to-date: /home/px4/ros2/ws/install/px4_msgs/share/px4_msgs/msg/GimbalDeviceSetAttitude.idl\n'}
[1.255604] (px4_msgs) StdoutLine: {'line': b'-- Up-to-date: /home/px4/ros2/ws/install/px4_msgs/share/px4_msgs/msg/GimbalManagerInformation.idl\n'}
[1.255651] (px4_msgs) StdoutLine: {'line': b'-- Up-to-date: /home/px4/ros2/ws/install/px4_msgs/share/px4_msgs/msg/GimbalManagerSetAttitude.idl\n'}
[1.255702] (px4_msgs) StdoutLine: {'line': b'-- Up-to-date: /home/px4/ros2/ws/install/px4_msgs/share/px4_msgs/msg/GimbalManagerSetManualControl.idl\n'}
[1.255748] (px4_msgs) StdoutLine: {'line': b'-- Up-to-date: /home/px4/ros2/ws/install/px4_msgs/share/px4_msgs/msg/GimbalManagerStatus.idl\n'}
[1.255808] (px4_msgs) StdoutLine: {'line': b'-- Up-to-date: /home/px4/ros2/ws/install/px4_msgs/share/px4_msgs/msg/GotoSetpoint.idl\n'}
[1.255868] (px4_msgs) StdoutLine: {'line': b'-- Up-to-date: /home/px4/ros2/ws/install/px4_msgs/share/px4_msgs/msg/GpioConfig.idl\n'}
[1.255919] (px4_msgs) StdoutLine: {'line': b'-- Up-to-date: /home/px4/ros2/ws/install/px4_msgs/share/px4_msgs/msg/GpioIn.idl\n'}
[1.255983] (px4_msgs) StdoutLine: {'line': b'-- Up-to-date: /home/px4/ros2/ws/install/px4_msgs/share/px4_msgs/msg/GpioOut.idl\n'}
[1.256029] (px4_msgs) StdoutLine: {'line': b'-- Up-to-date: /home/px4/ros2/ws/install/px4_msgs/share/px4_msgs/msg/GpioRequest.idl\n'}
[1.256076] (px4_msgs) StdoutLine: {'line': b'-- Up-to-date: /home/px4/ros2/ws/install/px4_msgs/share/px4_msgs/msg/GpsDump.idl\n'}
[1.256137] (px4_msgs) StdoutLine: {'line': b'-- Up-to-date: /home/px4/ros2/ws/install/px4_msgs/share/px4_msgs/msg/GpsInjectData.idl\n'}
[1.256185] (px4_msgs) StdoutLine: {'line': b'-- Up-to-date: /home/px4/ros2/ws/install/px4_msgs/share/px4_msgs/msg/Gripper.idl\n'}
[1.256232] (px4_msgs) StdoutLine: {'line': b'-- Up-to-date: /home/px4/ros2/ws/install/px4_msgs/share/px4_msgs/msg/HealthReport.idl\n'}
[1.256278] (px4_msgs) StdoutLine: {'line': b'-- Up-to-date: /home/px4/ros2/ws/install/px4_msgs/share/px4_msgs/msg/HeaterStatus.idl\n'}
[1.256328] (px4_msgs) StdoutLine: {'line': b'-- Up-to-date: /home/px4/ros2/ws/install/px4_msgs/share/px4_msgs/msg/HomePosition.idl\n'}
[1.256389] (px4_msgs) StdoutLine: {'line': b'-- Up-to-date: /home/px4/ros2/ws/install/px4_msgs/share/px4_msgs/msg/HoverThrustEstimate.idl\n'}
[1.256437] (px4_msgs) StdoutLine: {'line': b'-- Up-to-date: /home/px4/ros2/ws/install/px4_msgs/share/px4_msgs/msg/InputRc.idl\n'}
[1.256483] (px4_msgs) StdoutLine: {'line': b'-- Up-to-date: /home/px4/ros2/ws/install/px4_msgs/share/px4_msgs/msg/InternalCombustionEngineControl.idl\n'}
[1.256531] (px4_msgs) StdoutLine: {'line': b'-- Up-to-date: /home/px4/ros2/ws/install/px4_msgs/share/px4_msgs/msg/InternalCombustionEngineStatus.idl\n'}
[1.256589] (px4_msgs) StdoutLine: {'line': b'-- Up-to-date: /home/px4/ros2/ws/install/px4_msgs/share/px4_msgs/msg/IridiumsbdStatus.idl\n'}
[1.256634] (px4_msgs) StdoutLine: {'line': b'-- Up-to-date: /home/px4/ros2/ws/install/px4_msgs/share/px4_msgs/msg/IrlockReport.idl\n'}
[1.256681] (px4_msgs) StdoutLine: {'line': b'-- Up-to-date: /home/px4/ros2/ws/install/px4_msgs/share/px4_msgs/msg/LandingGear.idl\n'}
[1.256726] (px4_msgs) StdoutLine: {'line': b'-- Up-to-date: /home/px4/ros2/ws/install/px4_msgs/share/px4_msgs/msg/LandingGearWheel.idl\n'}
[1.256795] (px4_msgs) StdoutLine: {'line': b'-- Up-to-date: /home/px4/ros2/ws/install/px4_msgs/share/px4_msgs/msg/LandingTargetInnovations.idl\n'}
[1.256865] (px4_msgs) StdoutLine: {'line': b'-- Up-to-date: /home/px4/ros2/ws/install/px4_msgs/share/px4_msgs/msg/LandingTargetPose.idl\n'}
[1.256929] (px4_msgs) StdoutLine: {'line': b'-- Up-to-date: /home/px4/ros2/ws/install/px4_msgs/share/px4_msgs/msg/LateralControlConfiguration.idl\n'}
[1.256976] (px4_msgs) StdoutLine: {'line': b'-- Up-to-date: /home/px4/ros2/ws/install/px4_msgs/share/px4_msgs/msg/LaunchDetectionStatus.idl\n'}
[1.257036] (px4_msgs) StdoutLine: {'line': b'-- Up-to-date: /home/px4/ros2/ws/install/px4_msgs/share/px4_msgs/msg/LedControl.idl\n'}
[1.257084] (px4_msgs) StdoutLine: {'line': b'-- Up-to-date: /home/px4/ros2/ws/install/px4_msgs/share/px4_msgs/msg/LogMessage.idl\n'}
[1.257130] (px4_msgs) StdoutLine: {'line': b'-- Up-to-date: /home/px4/ros2/ws/install/px4_msgs/share/px4_msgs/msg/LoggerStatus.idl\n'}
[1.257176] (px4_msgs) StdoutLine: {'line': b'-- Up-to-date: /home/px4/ros2/ws/install/px4_msgs/share/px4_msgs/msg/LongitudinalControlConfiguration.idl\n'}
[1.257221] (px4_msgs) StdoutLine: {'line': b'-- Up-to-date: /home/px4/ros2/ws/install/px4_msgs/share/px4_msgs/msg/MagWorkerData.idl\n'}
[1.257281] (px4_msgs) StdoutLine: {'line': b'-- Up-to-date: /home/px4/ros2/ws/install/px4_msgs/share/px4_msgs/msg/MagnetometerBiasEstimate.idl\n'}
[1.257327] (px4_msgs) StdoutLine: {'line': b'-- Up-to-date: /home/px4/ros2/ws/install/px4_msgs/share/px4_msgs/msg/ManualControlSetpoint.idl\n'}
[1.257372] (px4_msgs) StdoutLine: {'line': b'-- Up-to-date: /home/px4/ros2/ws/install/px4_msgs/share/px4_msgs/msg/ManualControlSwitches.idl\n'}
[1.257425] (px4_msgs) StdoutLine: {'line': b'-- Up-to-date: /home/px4/ros2/ws/install/px4_msgs/share/px4_msgs/msg/MavlinkLog.idl\n'}
[1.257471] (px4_msgs) StdoutLine: {'line': b'-- Up-to-date: /home/px4/ros2/ws/install/px4_msgs/share/px4_msgs/msg/MavlinkTunnel.idl\n'}
[1.257517] (px4_msgs) StdoutLine: {'line': b'-- Up-to-date: /home/px4/ros2/ws/install/px4_msgs/share/px4_msgs/msg/MessageFormatRequest.idl\n'}
[1.257573] (px4_msgs) StdoutLine: {'line': b'-- Up-to-date: /home/px4/ros2/ws/install/px4_msgs/share/px4_msgs/msg/MessageFormatResponse.idl\n'}
[1.257620] (px4_msgs) StdoutLine: {'line': b'-- Up-to-date: /home/px4/ros2/ws/install/px4_msgs/share/px4_msgs/msg/Mission.idl\n'}
[1.257665] (px4_msgs) StdoutLine: {'line': b'-- Up-to-date: /home/px4/ros2/ws/install/px4_msgs/share/px4_msgs/msg/MissionResult.idl\n'}
[1.257724] (px4_msgs) StdoutLine: {'line': b'-- Up-to-date: /home/px4/ros2/ws/install/px4_msgs/share/px4_msgs/msg/ModeCompleted.idl\n'}
[1.257772] (px4_msgs) StdoutLine: {'line': b'-- Up-to-date: /home/px4/ros2/ws/install/px4_msgs/share/px4_msgs/msg/MountOrientation.idl\n'}
[1.257841] (px4_msgs) StdoutLine: {'line': b'-- Up-to-date: /home/px4/ros2/ws/install/px4_msgs/share/px4_msgs/msg/NavigatorMissionItem.idl\n'}
[1.257907] (px4_msgs) StdoutLine: {'line': b'-- Up-to-date: /home/px4/ros2/ws/install/px4_msgs/share/px4_msgs/msg/NavigatorStatus.idl\n'}
[1.257954] (px4_msgs) StdoutLine: {'line': b'-- Up-to-date: /home/px4/ros2/ws/install/px4_msgs/share/px4_msgs/msg/NeuralControl.idl\n'}
[1.258000] (px4_msgs) StdoutLine: {'line': b'-- Up-to-date: /home/px4/ros2/ws/install/px4_msgs/share/px4_msgs/msg/NormalizedUnsignedSetpoint.idl\n'}
[1.258047] (px4_msgs) StdoutLine: {'line': b'-- Up-to-date: /home/px4/ros2/ws/install/px4_msgs/share/px4_msgs/msg/ObstacleDistance.idl\n'}
[1.258096] (px4_msgs) StdoutLine: {'line': b'-- Up-to-date: /home/px4/ros2/ws/install/px4_msgs/share/px4_msgs/msg/OffboardControlMode.idl\n'}
[1.258155] (px4_msgs) StdoutLine: {'line': b'-- Up-to-date: /home/px4/ros2/ws/install/px4_msgs/share/px4_msgs/msg/OnboardComputerStatus.idl\n'}
[1.258202] (px4_msgs) StdoutLine: {'line': b'-- Up-to-date: /home/px4/ros2/ws/install/px4_msgs/share/px4_msgs/msg/OpenDroneIdArmStatus.idl\n'}
[1.258248] (px4_msgs) StdoutLine: {'line': b'-- Up-to-date: /home/px4/ros2/ws/install/px4_msgs/share/px4_msgs/msg/OpenDroneIdOperatorId.idl\n'}
[1.258293] (px4_msgs) StdoutLine: {'line': b'-- Up-to-date: /home/px4/ros2/ws/install/px4_msgs/share/px4_msgs/msg/OpenDroneIdSelfId.idl\n'}
[1.258340] (px4_msgs) StdoutLine: {'line': b'-- Up-to-date: /home/px4/ros2/ws/install/px4_msgs/share/px4_msgs/msg/OpenDroneIdSystem.idl\n'}
[1.258387] (px4_msgs) StdoutLine: {'line': b'-- Up-to-date: /home/px4/ros2/ws/install/px4_msgs/share/px4_msgs/msg/OrbTest.idl\n'}
[1.258432] (px4_msgs) StdoutLine: {'line': b'-- Up-to-date: /home/px4/ros2/ws/install/px4_msgs/share/px4_msgs/msg/OrbTestLarge.idl\n'}
[1.258478] (px4_msgs) StdoutLine: {'line': b'-- Up-to-date: /home/px4/ros2/ws/install/px4_msgs/share/px4_msgs/msg/OrbTestMedium.idl\n'}
[1.258523] (px4_msgs) StdoutLine: {'line': b'-- Up-to-date: /home/px4/ros2/ws/install/px4_msgs/share/px4_msgs/msg/OrbitStatus.idl\n'}
[1.258587] (px4_msgs) StdoutLine: {'line': b'-- Up-to-date: /home/px4/ros2/ws/install/px4_msgs/share/px4_msgs/msg/ParameterResetRequest.idl\n'}
[1.258636] (px4_msgs) StdoutLine: {'line': b'-- Up-to-date: /home/px4/ros2/ws/install/px4_msgs/share/px4_msgs/msg/ParameterSetUsedRequest.idl\n'}
[1.258681] (px4_msgs) StdoutLine: {'line': b'-- Up-to-date: /home/px4/ros2/ws/install/px4_msgs/share/px4_msgs/msg/ParameterSetValueRequest.idl\n'}
[1.258743] (px4_msgs) StdoutLine: {'line': b'-- Up-to-date: /home/px4/ros2/ws/install/px4_msgs/share/px4_msgs/msg/ParameterSetValueResponse.idl\n'}
[1.258802] (px4_msgs) StdoutLine: {'line': b'-- Up-to-date: /home/px4/ros2/ws/install/px4_msgs/share/px4_msgs/msg/ParameterUpdate.idl\n'}
[1.258855] (px4_msgs) StdoutLine: {'line': b'-- Up-to-date: /home/px4/ros2/ws/install/px4_msgs/share/px4_msgs/msg/Ping.idl\n'}
[1.258900] (px4_msgs) StdoutLine: {'line': b'-- Up-to-date: /home/px4/ros2/ws/install/px4_msgs/share/px4_msgs/msg/PositionControllerLandingStatus.idl\n'}
[1.258971] (px4_msgs) StdoutLine: {'line': b'-- Up-to-date: /home/px4/ros2/ws/install/px4_msgs/share/px4_msgs/msg/PositionControllerStatus.idl\n'}
[1.259019] (px4_msgs) StdoutLine: {'line': b'-- Up-to-date: /home/px4/ros2/ws/install/px4_msgs/share/px4_msgs/msg/PositionSetpoint.idl\n'}
[1.259063] (px4_msgs) StdoutLine: {'line': b'-- Up-to-date: /home/px4/ros2/ws/install/px4_msgs/share/px4_msgs/msg/PositionSetpointTriplet.idl\n'}
[1.259109] (px4_msgs) StdoutLine: {'line': b'-- Up-to-date: /home/px4/ros2/ws/install/px4_msgs/share/px4_msgs/msg/PowerButtonState.idl\n'}
[1.259157] (px4_msgs) StdoutLine: {'line': b'-- Up-to-date: /home/px4/ros2/ws/install/px4_msgs/share/px4_msgs/msg/PowerMonitor.idl\n'}
[1.259204] (px4_msgs) StdoutLine: {'line': b'-- Up-to-date: /home/px4/ros2/ws/install/px4_msgs/share/px4_msgs/msg/PpsCapture.idl\n'}
[1.259250] (px4_msgs) StdoutLine: {'line': b'-- Up-to-date: /home/px4/ros2/ws/install/px4_msgs/share/px4_msgs/msg/PurePursuitStatus.idl\n'}
[1.259296] (px4_msgs) StdoutLine: {'line': b'-- Up-to-date: /home/px4/ros2/ws/install/px4_msgs/share/px4_msgs/msg/PwmInput.idl\n'}
[1.259341] (px4_msgs) StdoutLine: {'line': b'-- Up-to-date: /home/px4/ros2/ws/install/px4_msgs/share/px4_msgs/msg/Px4ioStatus.idl\n'}
[1.259405] (px4_msgs) StdoutLine: {'line': b'-- Up-to-date: /home/px4/ros2/ws/install/px4_msgs/share/px4_msgs/msg/QshellReq.idl\n'}
[1.259452] (px4_msgs) StdoutLine: {'line': b'-- Up-to-date: /home/px4/ros2/ws/install/px4_msgs/share/px4_msgs/msg/QshellRetval.idl\n'}
[1.259496] (px4_msgs) StdoutLine: {'line': b'-- Up-to-date: /home/px4/ros2/ws/install/px4_msgs/share/px4_msgs/msg/RadioStatus.idl\n'}
[1.259555] (px4_msgs) StdoutLine: {'line': b'-- Up-to-date: /home/px4/ros2/ws/install/px4_msgs/share/px4_msgs/msg/RateCtrlStatus.idl\n'}
[1.259601] (px4_msgs) StdoutLine: {'line': b'-- Up-to-date: /home/px4/ros2/ws/install/px4_msgs/share/px4_msgs/msg/RcChannels.idl\n'}
[1.259647] (px4_msgs) StdoutLine: {'line': b'-- Up-to-date: /home/px4/ros2/ws/install/px4_msgs/share/px4_msgs/msg/RcParameterMap.idl\n'}
[1.259692] (px4_msgs) StdoutLine: {'line': b'-- Up-to-date: /home/px4/ros2/ws/install/px4_msgs/share/px4_msgs/msg/RegisterExtComponentReply.idl\n'}
[1.259748] (px4_msgs) StdoutLine: {'line': b'-- Up-to-date: /home/px4/ros2/ws/install/px4_msgs/share/px4_msgs/msg/RegisterExtComponentRequest.idl\n'}
[1.259808] (px4_msgs) StdoutLine: {'line': b'-- Up-to-date: /home/px4/ros2/ws/install/px4_msgs/share/px4_msgs/msg/RoverAttitudeSetpoint.idl\n'}
[1.259878] (px4_msgs) StdoutLine: {'line': b'-- Up-to-date: /home/px4/ros2/ws/install/px4_msgs/share/px4_msgs/msg/RoverAttitudeStatus.idl\n'}
[1.259933] (px4_msgs) StdoutLine: {'line': b'-- Up-to-date: /home/px4/ros2/ws/install/px4_msgs/share/px4_msgs/msg/RoverPositionSetpoint.idl\n'}
[1.259983] (px4_msgs) StdoutLine: {'line': b'-- Up-to-date: /home/px4/ros2/ws/install/px4_msgs/share/px4_msgs/msg/RoverRateSetpoint.idl\n'}
[1.260028] (px4_msgs) StdoutLine: {'line': b'-- Up-to-date: /home/px4/ros2/ws/install/px4_msgs/share/px4_msgs/msg/RoverRateStatus.idl\n'}
[1.260074] (px4_msgs) StdoutLine: {'line': b'-- Up-to-date: /home/px4/ros2/ws/install/px4_msgs/share/px4_msgs/msg/RoverSteeringSetpoint.idl\n'}
[1.260122] (px4_msgs) StdoutLine: {'line': b'-- Up-to-date: /home/px4/ros2/ws/install/px4_msgs/share/px4_msgs/msg/RoverThrottleSetpoint.idl\n'}
[1.260167] (px4_msgs) StdoutLine: {'line': b'-- Up-to-date: /home/px4/ros2/ws/install/px4_msgs/share/px4_msgs/msg/RoverVelocitySetpoint.idl\n'}
[1.260232] (px4_msgs) StdoutLine: {'line': b'-- Up-to-date: /home/px4/ros2/ws/install/px4_msgs/share/px4_msgs/msg/RoverVelocityStatus.idl\n'}
[1.260280] (px4_msgs) StdoutLine: {'line': b'-- Up-to-date: /home/px4/ros2/ws/install/px4_msgs/share/px4_msgs/msg/Rpm.idl\n'}
[1.260325] (px4_msgs) StdoutLine: {'line': b'-- Up-to-date: /home/px4/ros2/ws/install/px4_msgs/share/px4_msgs/msg/RtlStatus.idl\n'}
[1.260388] (px4_msgs) StdoutLine: {'line': b'-- Up-to-date: /home/px4/ros2/ws/install/px4_msgs/share/px4_msgs/msg/RtlTimeEstimate.idl\n'}
[1.260443] (px4_msgs) StdoutLine: {'line': b'-- Up-to-date: /home/px4/ros2/ws/install/px4_msgs/share/px4_msgs/msg/SatelliteInfo.idl\n'}
[1.260490] (px4_msgs) StdoutLine: {'line': b'-- Up-to-date: /home/px4/ros2/ws/install/px4_msgs/share/px4_msgs/msg/SensorAccel.idl\n'}
[1.260536] (px4_msgs) StdoutLine: {'line': b'-- Up-to-date: /home/px4/ros2/ws/install/px4_msgs/share/px4_msgs/msg/SensorAccelFifo.idl\n'}
[1.260598] (px4_msgs) StdoutLine: {'line': b'-- Up-to-date: /home/px4/ros2/ws/install/px4_msgs/share/px4_msgs/msg/SensorAirflow.idl\n'}
[1.260644] (px4_msgs) StdoutLine: {'line': b'-- Up-to-date: /home/px4/ros2/ws/install/px4_msgs/share/px4_msgs/msg/SensorBaro.idl\n'}
[1.260690] (px4_msgs) StdoutLine: {'line': b'-- Up-to-date: /home/px4/ros2/ws/install/px4_msgs/share/px4_msgs/msg/SensorCombined.idl\n'}
[1.260736] (px4_msgs) StdoutLine: {'line': b'-- Up-to-date: /home/px4/ros2/ws/install/px4_msgs/share/px4_msgs/msg/SensorCorrection.idl\n'}
[1.260796] (px4_msgs) StdoutLine: {'line': b'-- Up-to-date: /home/px4/ros2/ws/install/px4_msgs/share/px4_msgs/msg/SensorGnssRelative.idl\n'}
[1.260851] (px4_msgs) StdoutLine: {'line': b'-- Up-to-date: /home/px4/ros2/ws/install/px4_msgs/share/px4_msgs/msg/SensorGps.idl\n'}
[1.260896] (px4_msgs) StdoutLine: {'line': b'-- Up-to-date: /home/px4/ros2/ws/install/px4_msgs/share/px4_msgs/msg/SensorGyro.idl\n'}
[1.260941] (px4_msgs) StdoutLine: {'line': b'-- Up-to-date: /home/px4/ros2/ws/install/px4_msgs/share/px4_msgs/msg/SensorGyroFft.idl\n'}
[1.260986] (px4_msgs) StdoutLine: {'line': b'-- Up-to-date: /home/px4/ros2/ws/install/px4_msgs/share/px4_msgs/msg/SensorGyroFifo.idl\n'}
[1.261051] (px4_msgs) StdoutLine: {'line': b'-- Up-to-date: /home/px4/ros2/ws/install/px4_msgs/share/px4_msgs/msg/SensorHygrometer.idl\n'}
[1.261118] (px4_msgs) StdoutLine: {'line': b'-- Up-to-date: /home/px4/ros2/ws/install/px4_msgs/share/px4_msgs/msg/SensorMag.idl\n'}
[1.261164] (px4_msgs) StdoutLine: {'line': b'-- Up-to-date: /home/px4/ros2/ws/install/px4_msgs/share/px4_msgs/msg/SensorOpticalFlow.idl\n'}
[1.261228] (px4_msgs) StdoutLine: {'line': b'-- Up-to-date: /home/px4/ros2/ws/install/px4_msgs/share/px4_msgs/msg/SensorPreflightMag.idl\n'}
[1.261273] (px4_msgs) StdoutLine: {'line': b'-- Up-to-date: /home/px4/ros2/ws/install/px4_msgs/share/px4_msgs/msg/SensorSelection.idl\n'}
[1.261319] (px4_msgs) StdoutLine: {'line': b'-- Up-to-date: /home/px4/ros2/ws/install/px4_msgs/share/px4_msgs/msg/SensorUwb.idl\n'}
[1.261364] (px4_msgs) StdoutLine: {'line': b'-- Up-to-date: /home/px4/ros2/ws/install/px4_msgs/share/px4_msgs/msg/SensorsStatus.idl\n'}
[1.261409] (px4_msgs) StdoutLine: {'line': b'-- Up-to-date: /home/px4/ros2/ws/install/px4_msgs/share/px4_msgs/msg/SensorsStatusImu.idl\n'}
[1.261454] (px4_msgs) StdoutLine: {'line': b'-- Up-to-date: /home/px4/ros2/ws/install/px4_msgs/share/px4_msgs/msg/SystemPower.idl\n'}
[1.261500] (px4_msgs) StdoutLine: {'line': b'-- Up-to-date: /home/px4/ros2/ws/install/px4_msgs/share/px4_msgs/msg/TakeoffStatus.idl\n'}
[1.261544] (px4_msgs) StdoutLine: {'line': b'-- Up-to-date: /home/px4/ros2/ws/install/px4_msgs/share/px4_msgs/msg/TaskStackInfo.idl\n'}
[1.261591] (px4_msgs) StdoutLine: {'line': b'-- Up-to-date: /home/px4/ros2/ws/install/px4_msgs/share/px4_msgs/msg/TecsStatus.idl\n'}
[1.261667] (px4_msgs) StdoutLine: {'line': b'-- Up-to-date: /home/px4/ros2/ws/install/px4_msgs/share/px4_msgs/msg/TelemetryStatus.idl\n'}
[1.261715] (px4_msgs) StdoutLine: {'line': b'-- Up-to-date: /home/px4/ros2/ws/install/px4_msgs/share/px4_msgs/msg/TiltrotorExtraControls.idl\n'}
[1.261761] (px4_msgs) StdoutLine: {'line': b'-- Up-to-date: /home/px4/ros2/ws/install/px4_msgs/share/px4_msgs/msg/TimesyncStatus.idl\n'}
[1.261823] (px4_msgs) StdoutLine: {'line': b'-- Up-to-date: /home/px4/ros2/ws/install/px4_msgs/share/px4_msgs/msg/TrajectorySetpoint.idl\n'}
[1.261872] (px4_msgs) StdoutLine: {'line': b'-- Up-to-date: /home/px4/ros2/ws/install/px4_msgs/share/px4_msgs/msg/TrajectorySetpoint6dof.idl\n'}
[1.261918] (px4_msgs) StdoutLine: {'line': b'-- Up-to-date: /home/px4/ros2/ws/install/px4_msgs/share/px4_msgs/msg/TransponderReport.idl\n'}
[1.261973] (px4_msgs) StdoutLine: {'line': b'-- Up-to-date: /home/px4/ros2/ws/install/px4_msgs/share/px4_msgs/msg/TuneControl.idl\n'}
[1.262021] (px4_msgs) StdoutLine: {'line': b'-- Up-to-date: /home/px4/ros2/ws/install/px4_msgs/share/px4_msgs/msg/UavcanParameterRequest.idl\n'}
[1.262073] (px4_msgs) StdoutLine: {'line': b'-- Up-to-date: /home/px4/ros2/ws/install/px4_msgs/share/px4_msgs/msg/UavcanParameterValue.idl\n'}
[1.262124] (px4_msgs) StdoutLine: {'line': b'-- Up-to-date: /home/px4/ros2/ws/install/px4_msgs/share/px4_msgs/msg/UlogStream.idl\n'}
[1.262176] (px4_msgs) StdoutLine: {'line': b'-- Up-to-date: /home/px4/ros2/ws/install/px4_msgs/share/px4_msgs/msg/UlogStreamAck.idl\n'}
[1.262253] (px4_msgs) StdoutLine: {'line': b'-- Up-to-date: /home/px4/ros2/ws/install/px4_msgs/share/px4_msgs/msg/UnregisterExtComponent.idl\n'}
[1.262346] (px4_msgs) StdoutLine: {'line': b'-- Up-to-date: /home/px4/ros2/ws/install/px4_msgs/share/px4_msgs/msg/VehicleAcceleration.idl\n'}
[1.262395] (px4_msgs) StdoutLine: {'line': b'-- Up-to-date: /home/px4/ros2/ws/install/px4_msgs/share/px4_msgs/msg/VehicleAirData.idl\n'}
[1.262442] (px4_msgs) StdoutLine: {'line': b'-- Up-to-date: /home/px4/ros2/ws/install/px4_msgs/share/px4_msgs/msg/VehicleAngularAccelerationSetpoint.idl\n'}
[1.262491] (px4_msgs) StdoutLine: {'line': b'-- Up-to-date: /home/px4/ros2/ws/install/px4_msgs/share/px4_msgs/msg/VehicleAngularVelocity.idl\n'}
[1.262534] (px4_msgs) StdoutLine: {'line': b'-- Up-to-date: /home/px4/ros2/ws/install/px4_msgs/share/px4_msgs/msg/VehicleAttitude.idl\n'}
[1.262584] (px4_msgs) StdoutLine: {'line': b'-- Up-to-date: /home/px4/ros2/ws/install/px4_msgs/share/px4_msgs/msg/VehicleAttitudeSetpoint.idl\n'}
[1.262633] (px4_msgs) StdoutLine: {'line': b'-- Up-to-date: /home/px4/ros2/ws/install/px4_msgs/share/px4_msgs/msg/VehicleCommand.idl\n'}
[1.262681] (px4_msgs) StdoutLine: {'line': b'-- Up-to-date: /home/px4/ros2/ws/install/px4_msgs/share/px4_msgs/msg/VehicleCommandAck.idl\n'}
[1.262754] (px4_msgs) StdoutLine: {'line': b'-- Up-to-date: /home/px4/ros2/ws/install/px4_msgs/share/px4_msgs/msg/VehicleConstraints.idl\n'}
[1.262822] (px4_msgs) StdoutLine: {'line': b'-- Up-to-date: /home/px4/ros2/ws/install/px4_msgs/share/px4_msgs/msg/VehicleControlMode.idl\n'}
[1.262872] (px4_msgs) StdoutLine: {'line': b'-- Up-to-date: /home/px4/ros2/ws/install/px4_msgs/share/px4_msgs/msg/VehicleGlobalPosition.idl\n'}
[1.262919] (px4_msgs) StdoutLine: {'line': b'-- Up-to-date: /home/px4/ros2/ws/install/px4_msgs/share/px4_msgs/msg/VehicleImu.idl\n'}
[1.262965] (px4_msgs) StdoutLine: {'line': b'-- Up-to-date: /home/px4/ros2/ws/install/px4_msgs/share/px4_msgs/msg/VehicleImuStatus.idl\n'}
[1.263012] (px4_msgs) StdoutLine: {'line': b'-- Up-to-date: /home/px4/ros2/ws/install/px4_msgs/share/px4_msgs/msg/VehicleLandDetected.idl\n'}
[1.263061] (px4_msgs) StdoutLine: {'line': b'-- Up-to-date: /home/px4/ros2/ws/install/px4_msgs/share/px4_msgs/msg/VehicleLocalPosition.idl\n'}
[1.263109] (px4_msgs) StdoutLine: {'line': b'-- Up-to-date: /home/px4/ros2/ws/install/px4_msgs/share/px4_msgs/msg/VehicleLocalPositionSetpoint.idl\n'}
[1.263192] (px4_msgs) StdoutLine: {'line': b'-- Up-to-date: /home/px4/ros2/ws/install/px4_msgs/share/px4_msgs/msg/VehicleMagnetometer.idl\n'}
[1.263240] (px4_msgs) StdoutLine: {'line': b'-- Up-to-date: /home/px4/ros2/ws/install/px4_msgs/share/px4_msgs/msg/VehicleOdometry.idl\n'}
[1.263286] (px4_msgs) StdoutLine: {'line': b'-- Up-to-date: /home/px4/ros2/ws/install/px4_msgs/share/px4_msgs/msg/VehicleOpticalFlow.idl\n'}
[1.263334] (px4_msgs) StdoutLine: {'line': b'-- Up-to-date: /home/px4/ros2/ws/install/px4_msgs/share/px4_msgs/msg/VehicleOpticalFlowVel.idl\n'}
[1.263381] (px4_msgs) StdoutLine: {'line': b'-- Up-to-date: /home/px4/ros2/ws/install/px4_msgs/share/px4_msgs/msg/VehicleRatesSetpoint.idl\n'}
[1.263443] (px4_msgs) StdoutLine: {'line': b'-- Up-to-date: /home/px4/ros2/ws/install/px4_msgs/share/px4_msgs/msg/VehicleRoi.idl\n'}
[1.263490] (px4_msgs) StdoutLine: {'line': b'-- Up-to-date: /home/px4/ros2/ws/install/px4_msgs/share/px4_msgs/msg/VehicleStatus.idl\n'}
[1.263545] (px4_msgs) StdoutLine: {'line': b'-- Up-to-date: /home/px4/ros2/ws/install/px4_msgs/share/px4_msgs/msg/VehicleThrustSetpoint.idl\n'}
[1.263591] (px4_msgs) StdoutLine: {'line': b'-- Up-to-date: /home/px4/ros2/ws/install/px4_msgs/share/px4_msgs/msg/VehicleTorqueSetpoint.idl\n'}
[1.263637] (px4_msgs) StdoutLine: {'line': b'-- Up-to-date: /home/px4/ros2/ws/install/px4_msgs/share/px4_msgs/msg/VelocityLimits.idl\n'}
[1.263682] (px4_msgs) StdoutLine: {'line': b'-- Up-to-date: /home/px4/ros2/ws/install/px4_msgs/share/px4_msgs/msg/VtolVehicleStatus.idl\n'}
[1.263727] (px4_msgs) StdoutLine: {'line': b'-- Up-to-date: /home/px4/ros2/ws/install/px4_msgs/share/px4_msgs/msg/WheelEncoders.idl\n'}
[1.263773] (px4_msgs) StdoutLine: {'line': b'-- Up-to-date: /home/px4/ros2/ws/install/px4_msgs/share/px4_msgs/msg/Wind.idl\n'}
[1.263839] (px4_msgs) StdoutLine: {'line': b'-- Up-to-date: /home/px4/ros2/ws/install/px4_msgs/share/px4_msgs/msg/YawEstimatorStatus.idl\n'}
[1.263902] (px4_msgs) StdoutLine: {'line': b'-- Up-to-date: /home/px4/ros2/ws/install/px4_msgs/share/px4_msgs/srv/VehicleCommand.idl\n'}
[1.263950] (px4_msgs) StdoutLine: {'line': b'-- Up-to-date: /home/px4/ros2/ws/install/px4_msgs/share/px4_msgs/msg/ActionRequest.msg\n'}
[1.263996] (px4_msgs) StdoutLine: {'line': b'-- Up-to-date: /home/px4/ros2/ws/install/px4_msgs/share/px4_msgs/msg/ActuatorArmed.msg\n'}
[1.264053] (px4_msgs) StdoutLine: {'line': b'-- Up-to-date: /home/px4/ros2/ws/install/px4_msgs/share/px4_msgs/msg/ActuatorControlsStatus.msg\n'}
[1.264119] (px4_msgs) StdoutLine: {'line': b'-- Up-to-date: /home/px4/ros2/ws/install/px4_msgs/share/px4_msgs/msg/ActuatorMotors.msg\n'}
[1.264170] (px4_msgs) StdoutLine: {'line': b'-- Up-to-date: /home/px4/ros2/ws/install/px4_msgs/share/px4_msgs/msg/ActuatorOutputs.msg\n'}
[1.264217] (px4_msgs) StdoutLine: {'line': b'-- Up-to-date: /home/px4/ros2/ws/install/px4_msgs/share/px4_msgs/msg/ActuatorServos.msg\n'}
[1.264285] (px4_msgs) StdoutLine: {'line': b'-- Up-to-date: /home/px4/ros2/ws/install/px4_msgs/share/px4_msgs/msg/ActuatorServosTrim.msg\n'}
[1.264333] (px4_msgs) StdoutLine: {'line': b'-- Up-to-date: /home/px4/ros2/ws/install/px4_msgs/share/px4_msgs/msg/ActuatorTest.msg\n'}
[1.264380] (px4_msgs) StdoutLine: {'line': b'-- Up-to-date: /home/px4/ros2/ws/install/px4_msgs/share/px4_msgs/msg/AdcReport.msg\n'}
[1.264425] (px4_msgs) StdoutLine: {'line': b'-- Up-to-date: /home/px4/ros2/ws/install/px4_msgs/share/px4_msgs/msg/Airspeed.msg\n'}
[1.264471] (px4_msgs) StdoutLine: {'line': b'-- Up-to-date: /home/px4/ros2/ws/install/px4_msgs/share/px4_msgs/msg/AirspeedValidated.msg\n'}
[1.264517] (px4_msgs) StdoutLine: {'line': b'-- Up-to-date: /home/px4/ros2/ws/install/px4_msgs/share/px4_msgs/msg/AirspeedWind.msg\n'}
[1.264562] (px4_msgs) StdoutLine: {'line': b'-- Up-to-date: /home/px4/ros2/ws/install/px4_msgs/share/px4_msgs/msg/ArmingCheckReply.msg\n'}
[1.264607] (px4_msgs) StdoutLine: {'line': b'-- Up-to-date: /home/px4/ros2/ws/install/px4_msgs/share/px4_msgs/msg/ArmingCheckRequest.msg\n'}
[1.264665] (px4_msgs) StdoutLine: {'line': b'-- Up-to-date: /home/px4/ros2/ws/install/px4_msgs/share/px4_msgs/msg/AutotuneAttitudeControlStatus.msg\n'}
[1.264729] (px4_msgs) StdoutLine: {'line': b'-- Up-to-date: /home/px4/ros2/ws/install/px4_msgs/share/px4_msgs/msg/BatteryInfo.msg\n'}
[1.264784] (px4_msgs) StdoutLine: {'line': b'-- Up-to-date: /home/px4/ros2/ws/install/px4_msgs/share/px4_msgs/msg/BatteryStatus.msg\n'}
[1.264840] (px4_msgs) StdoutLine: {'line': b'-- Up-to-date: /home/px4/ros2/ws/install/px4_msgs/share/px4_msgs/msg/ButtonEvent.msg\n'}
[1.264905] (px4_msgs) StdoutLine: {'line': b'-- Up-to-date: /home/px4/ros2/ws/install/px4_msgs/share/px4_msgs/msg/CameraCapture.msg\n'}
[1.264953] (px4_msgs) StdoutLine: {'line': b'-- Up-to-date: /home/px4/ros2/ws/install/px4_msgs/share/px4_msgs/msg/CameraStatus.msg\n'}
[1.265002] (px4_msgs) StdoutLine: {'line': b'-- Up-to-date: /home/px4/ros2/ws/install/px4_msgs/share/px4_msgs/msg/CameraTrigger.msg\n'}
[1.265047] (px4_msgs) StdoutLine: {'line': b'-- Up-to-date: /home/px4/ros2/ws/install/px4_msgs/share/px4_msgs/msg/CanInterfaceStatus.msg\n'}
[1.265113] (px4_msgs) StdoutLine: {'line': b'-- Up-to-date: /home/px4/ros2/ws/install/px4_msgs/share/px4_msgs/msg/CellularStatus.msg\n'}
[1.265160] (px4_msgs) StdoutLine: {'line': b'-- Up-to-date: /home/px4/ros2/ws/install/px4_msgs/share/px4_msgs/msg/CollisionConstraints.msg\n'}
[1.265206] (px4_msgs) StdoutLine: {'line': b'-- Up-to-date: /home/px4/ros2/ws/install/px4_msgs/share/px4_msgs/msg/ConfigOverrides.msg\n'}
[1.265250] (px4_msgs) StdoutLine: {'line': b'-- Up-to-date: /home/px4/ros2/ws/install/px4_msgs/share/px4_msgs/msg/ControlAllocatorStatus.msg\n'}
[1.265296] (px4_msgs) StdoutLine: {'line': b'-- Up-to-date: /home/px4/ros2/ws/install/px4_msgs/share/px4_msgs/msg/Cpuload.msg\n'}
[1.265341] (px4_msgs) StdoutLine: {'line': b'-- Up-to-date: /home/px4/ros2/ws/install/px4_msgs/share/px4_msgs/msg/DatamanRequest.msg\n'}
[1.265386] (px4_msgs) StdoutLine: {'line': b'-- Up-to-date: /home/px4/ros2/ws/install/px4_msgs/share/px4_msgs/msg/DatamanResponse.msg\n'}
[1.265431] (px4_msgs) StdoutLine: {'line': b'-- Up-to-date: /home/px4/ros2/ws/install/px4_msgs/share/px4_msgs/msg/DebugArray.msg\n'}
[1.265475] (px4_msgs) StdoutLine: {'line': b'-- Up-to-date: /home/px4/ros2/ws/install/px4_msgs/share/px4_msgs/msg/DebugKeyValue.msg\n'}
[1.265533] (px4_msgs) StdoutLine: {'line': b'-- Up-to-date: /home/px4/ros2/ws/install/px4_msgs/share/px4_msgs/msg/DebugValue.msg\n'}
[1.265580] (px4_msgs) StdoutLine: {'line': b'-- Up-to-date: /home/px4/ros2/ws/install/px4_msgs/share/px4_msgs/msg/DebugVect.msg\n'}
[1.265626] (px4_msgs) StdoutLine: {'line': b'-- Up-to-date: /home/px4/ros2/ws/install/px4_msgs/share/px4_msgs/msg/DifferentialPressure.msg\n'}
[1.265673] (px4_msgs) StdoutLine: {'line': b'-- Up-to-date: /home/px4/ros2/ws/install/px4_msgs/share/px4_msgs/msg/DistanceSensor.msg\n'}
[1.265731] (px4_msgs) StdoutLine: {'line': b'-- Up-to-date: /home/px4/ros2/ws/install/px4_msgs/share/px4_msgs/msg/DistanceSensorModeChangeRequest.msg\n'}
[1.265792] (px4_msgs) StdoutLine: {'line': b'-- Up-to-date: /home/px4/ros2/ws/install/px4_msgs/share/px4_msgs/msg/DronecanNodeStatus.msg\n'}
[1.265847] (px4_msgs) StdoutLine: {'line': b'-- Up-to-date: /home/px4/ros2/ws/install/px4_msgs/share/px4_msgs/msg/Ekf2Timestamps.msg\n'}
[1.265895] (px4_msgs) StdoutLine: {'line': b'-- Up-to-date: /home/px4/ros2/ws/install/px4_msgs/share/px4_msgs/msg/EscReport.msg\n'}
[1.265959] (px4_msgs) StdoutLine: {'line': b'-- Up-to-date: /home/px4/ros2/ws/install/px4_msgs/share/px4_msgs/msg/EscStatus.msg\n'}
[1.266006] (px4_msgs) StdoutLine: {'line': b'-- Up-to-date: /home/px4/ros2/ws/install/px4_msgs/share/px4_msgs/msg/EstimatorAidSource1d.msg\n'}
[1.266052] (px4_msgs) StdoutLine: {'line': b'-- Up-to-date: /home/px4/ros2/ws/install/px4_msgs/share/px4_msgs/msg/EstimatorAidSource2d.msg\n'}
[1.266097] (px4_msgs) StdoutLine: {'line': b'-- Up-to-date: /home/px4/ros2/ws/install/px4_msgs/share/px4_msgs/msg/EstimatorAidSource3d.msg\n'}
[1.266143] (px4_msgs) StdoutLine: {'line': b'-- Up-to-date: /home/px4/ros2/ws/install/px4_msgs/share/px4_msgs/msg/EstimatorBias.msg\n'}
[1.266189] (px4_msgs) StdoutLine: {'line': b'-- Up-to-date: /home/px4/ros2/ws/install/px4_msgs/share/px4_msgs/msg/EstimatorBias3d.msg\n'}
[1.266234] (px4_msgs) StdoutLine: {'line': b'-- Up-to-date: /home/px4/ros2/ws/install/px4_msgs/share/px4_msgs/msg/EstimatorEventFlags.msg\n'}
[1.266280] (px4_msgs) StdoutLine: {'line': b'-- Up-to-date: /home/px4/ros2/ws/install/px4_msgs/share/px4_msgs/msg/EstimatorGpsStatus.msg\n'}
[1.266326] (px4_msgs) StdoutLine: {'line': b'-- Up-to-date: /home/px4/ros2/ws/install/px4_msgs/share/px4_msgs/msg/EstimatorInnovations.msg\n'}
[1.266393] (px4_msgs) StdoutLine: {'line': b'-- Up-to-date: /home/px4/ros2/ws/install/px4_msgs/share/px4_msgs/msg/EstimatorSelectorStatus.msg\n'}
[1.266442] (px4_msgs) StdoutLine: {'line': b'-- Up-to-date: /home/px4/ros2/ws/install/px4_msgs/share/px4_msgs/msg/EstimatorSensorBias.msg\n'}
[1.266487] (px4_msgs) StdoutLine: {'line': b'-- Up-to-date: /home/px4/ros2/ws/install/px4_msgs/share/px4_msgs/msg/EstimatorStates.msg\n'}
[1.266546] (px4_msgs) StdoutLine: {'line': b'-- Up-to-date: /home/px4/ros2/ws/install/px4_msgs/share/px4_msgs/msg/EstimatorStatus.msg\n'}
[1.266594] (px4_msgs) StdoutLine: {'line': b'-- Up-to-date: /home/px4/ros2/ws/install/px4_msgs/share/px4_msgs/msg/EstimatorStatusFlags.msg\n'}
[1.266640] (px4_msgs) StdoutLine: {'line': b'-- Up-to-date: /home/px4/ros2/ws/install/px4_msgs/share/px4_msgs/msg/Event.msg\n'}
[1.266686] (px4_msgs) StdoutLine: {'line': b'-- Up-to-date: /home/px4/ros2/ws/install/px4_msgs/share/px4_msgs/msg/FailsafeFlags.msg\n'}
[1.266747] (px4_msgs) StdoutLine: {'line': b'-- Up-to-date: /home/px4/ros2/ws/install/px4_msgs/share/px4_msgs/msg/FailureDetectorStatus.msg\n'}
[1.266807] (px4_msgs) StdoutLine: {'line': b'-- Up-to-date: /home/px4/ros2/ws/install/px4_msgs/share/px4_msgs/msg/FigureEightStatus.msg\n'}
[1.266860] (px4_msgs) StdoutLine: {'line': b'-- Up-to-date: /home/px4/ros2/ws/install/px4_msgs/share/px4_msgs/msg/FixedWingLateralGuidanceStatus.msg\n'}
[1.266908] (px4_msgs) StdoutLine: {'line': b'-- Up-to-date: /home/px4/ros2/ws/install/px4_msgs/share/px4_msgs/msg/FixedWingLateralSetpoint.msg\n'}
[1.266967] (px4_msgs) StdoutLine: {'line': b'-- Up-to-date: /home/px4/ros2/ws/install/px4_msgs/share/px4_msgs/msg/FixedWingLateralStatus.msg\n'}
[1.267013] (px4_msgs) StdoutLine: {'line': b'-- Up-to-date: /home/px4/ros2/ws/install/px4_msgs/share/px4_msgs/msg/FixedWingLongitudinalSetpoint.msg\n'}
[1.267059] (px4_msgs) StdoutLine: {'line': b'-- Up-to-date: /home/px4/ros2/ws/install/px4_msgs/share/px4_msgs/msg/FixedWingRunwayControl.msg\n'}
[1.267106] (px4_msgs) StdoutLine: {'line': b'-- Up-to-date: /home/px4/ros2/ws/install/px4_msgs/share/px4_msgs/msg/FlightPhaseEstimation.msg\n'}
[1.267152] (px4_msgs) StdoutLine: {'line': b'-- Up-to-date: /home/px4/ros2/ws/install/px4_msgs/share/px4_msgs/msg/FollowTarget.msg\n'}
[1.267214] (px4_msgs) StdoutLine: {'line': b'-- Up-to-date: /home/px4/ros2/ws/install/px4_msgs/share/px4_msgs/msg/FollowTargetEstimator.msg\n'}
[1.267261] (px4_msgs) StdoutLine: {'line': b'-- Up-to-date: /home/px4/ros2/ws/install/px4_msgs/share/px4_msgs/msg/FollowTargetStatus.msg\n'}
[1.267305] (px4_msgs) StdoutLine: {'line': b'-- Up-to-date: /home/px4/ros2/ws/install/px4_msgs/share/px4_msgs/msg/FuelTankStatus.msg\n'}
[1.267365] (px4_msgs) StdoutLine: {'line': b'-- Up-to-date: /home/px4/ros2/ws/install/px4_msgs/share/px4_msgs/msg/GeneratorStatus.msg\n'}
[1.267414] (px4_msgs) StdoutLine: {'line': b'-- Up-to-date: /home/px4/ros2/ws/install/px4_msgs/share/px4_msgs/msg/GeofenceResult.msg\n'}
[1.267460] (px4_msgs) StdoutLine: {'line': b'-- Up-to-date: /home/px4/ros2/ws/install/px4_msgs/share/px4_msgs/msg/GeofenceStatus.msg\n'}
[1.267507] (px4_msgs) StdoutLine: {'line': b'-- Up-to-date: /home/px4/ros2/ws/install/px4_msgs/share/px4_msgs/msg/GimbalControls.msg\n'}
[1.267565] (px4_msgs) StdoutLine: {'line': b'-- Up-to-date: /home/px4/ros2/ws/install/px4_msgs/share/px4_msgs/msg/GimbalDeviceAttitudeStatus.msg\n'}
[1.267627] (px4_msgs) StdoutLine: {'line': b'-- Up-to-date: /home/px4/ros2/ws/install/px4_msgs/share/px4_msgs/msg/GimbalDeviceInformation.msg\n'}
[1.267675] (px4_msgs) StdoutLine: {'line': b'-- Up-to-date: /home/px4/ros2/ws/install/px4_msgs/share/px4_msgs/msg/GimbalDeviceSetAttitude.msg\n'}
[1.267720] (px4_msgs) StdoutLine: {'line': b'-- Up-to-date: /home/px4/ros2/ws/install/px4_msgs/share/px4_msgs/msg/GimbalManagerInformation.msg\n'}
[1.267766] (px4_msgs) StdoutLine: {'line': b'-- Up-to-date: /home/px4/ros2/ws/install/px4_msgs/share/px4_msgs/msg/GimbalManagerSetAttitude.msg\n'}
[1.267831] (px4_msgs) StdoutLine: {'line': b'-- Up-to-date: /home/px4/ros2/ws/install/px4_msgs/share/px4_msgs/msg/GimbalManagerSetManualControl.msg\n'}
[1.267880] (px4_msgs) StdoutLine: {'line': b'-- Up-to-date: /home/px4/ros2/ws/install/px4_msgs/share/px4_msgs/msg/GimbalManagerStatus.msg\n'}
[1.267927] (px4_msgs) StdoutLine: {'line': b'-- Up-to-date: /home/px4/ros2/ws/install/px4_msgs/share/px4_msgs/msg/GotoSetpoint.msg\n'}
[1.267973] (px4_msgs) StdoutLine: {'line': b'-- Up-to-date: /home/px4/ros2/ws/install/px4_msgs/share/px4_msgs/msg/GpioConfig.msg\n'}
[1.268032] (px4_msgs) StdoutLine: {'line': b'-- Up-to-date: /home/px4/ros2/ws/install/px4_msgs/share/px4_msgs/msg/GpioIn.msg\n'}
[1.268099] (px4_msgs) StdoutLine: {'line': b'-- Up-to-date: /home/px4/ros2/ws/install/px4_msgs/share/px4_msgs/msg/GpioOut.msg\n'}
[1.268145] (px4_msgs) StdoutLine: {'line': b'-- Up-to-date: /home/px4/ros2/ws/install/px4_msgs/share/px4_msgs/msg/GpioRequest.msg\n'}
[1.268207] (px4_msgs) StdoutLine: {'line': b'-- Up-to-date: /home/px4/ros2/ws/install/px4_msgs/share/px4_msgs/msg/GpsDump.msg\n'}
[1.268257] (px4_msgs) StdoutLine: {'line': b'-- Up-to-date: /home/px4/ros2/ws/install/px4_msgs/share/px4_msgs/msg/GpsInjectData.msg\n'}
[1.268303] (px4_msgs) StdoutLine: {'line': b'-- Up-to-date: /home/px4/ros2/ws/install/px4_msgs/share/px4_msgs/msg/Gripper.msg\n'}
[1.268348] (px4_msgs) StdoutLine: {'line': b'-- Up-to-date: /home/px4/ros2/ws/install/px4_msgs/share/px4_msgs/msg/HealthReport.msg\n'}
[1.268410] (px4_msgs) StdoutLine: {'line': b'-- Up-to-date: /home/px4/ros2/ws/install/px4_msgs/share/px4_msgs/msg/HeaterStatus.msg\n'}
[1.268456] (px4_msgs) StdoutLine: {'line': b'-- Up-to-date: /home/px4/ros2/ws/install/px4_msgs/share/px4_msgs/msg/HomePosition.msg\n'}
[1.268507] (px4_msgs) StdoutLine: {'line': b'-- Up-to-date: /home/px4/ros2/ws/install/px4_msgs/share/px4_msgs/msg/HoverThrustEstimate.msg\n'}
[1.268553] (px4_msgs) StdoutLine: {'line': b'-- Up-to-date: /home/px4/ros2/ws/install/px4_msgs/share/px4_msgs/msg/InputRc.msg\n'}
[1.268598] (px4_msgs) StdoutLine: {'line': b'-- Up-to-date: /home/px4/ros2/ws/install/px4_msgs/share/px4_msgs/msg/InternalCombustionEngineControl.msg\n'}
[1.268644] (px4_msgs) StdoutLine: {'line': b'-- Up-to-date: /home/px4/ros2/ws/install/px4_msgs/share/px4_msgs/msg/InternalCombustionEngineStatus.msg\n'}
[1.268688] (px4_msgs) StdoutLine: {'line': b'-- Up-to-date: /home/px4/ros2/ws/install/px4_msgs/share/px4_msgs/msg/IridiumsbdStatus.msg\n'}
[1.268734] (px4_msgs) StdoutLine: {'line': b'-- Up-to-date: /home/px4/ros2/ws/install/px4_msgs/share/px4_msgs/msg/IrlockReport.msg\n'}
[1.268789] (px4_msgs) StdoutLine: {'line': b'-- Up-to-date: /home/px4/ros2/ws/install/px4_msgs/share/px4_msgs/msg/LandingGear.msg\n'}
[1.268857] (px4_msgs) StdoutLine: {'line': b'-- Up-to-date: /home/px4/ros2/ws/install/px4_msgs/share/px4_msgs/msg/LandingGearWheel.msg\n'}
[1.268908] (px4_msgs) StdoutLine: {'line': b'-- Up-to-date: /home/px4/ros2/ws/install/px4_msgs/share/px4_msgs/msg/LandingTargetInnovations.msg\n'}
[1.268955] (px4_msgs) StdoutLine: {'line': b'-- Up-to-date: /home/px4/ros2/ws/install/px4_msgs/share/px4_msgs/msg/LandingTargetPose.msg\n'}
[1.269001] (px4_msgs) StdoutLine: {'line': b'-- Up-to-date: /home/px4/ros2/ws/install/px4_msgs/share/px4_msgs/msg/LateralControlConfiguration.msg\n'}
[1.269062] (px4_msgs) StdoutLine: {'line': b'-- Up-to-date: /home/px4/ros2/ws/install/px4_msgs/share/px4_msgs/msg/LaunchDetectionStatus.msg\n'}
[1.269109] (px4_msgs) StdoutLine: {'line': b'-- Up-to-date: /home/px4/ros2/ws/install/px4_msgs/share/px4_msgs/msg/LedControl.msg\n'}
[1.269155] (px4_msgs) StdoutLine: {'line': b'-- Up-to-date: /home/px4/ros2/ws/install/px4_msgs/share/px4_msgs/msg/LogMessage.msg\n'}
[1.269201] (px4_msgs) StdoutLine: {'line': b'-- Up-to-date: /home/px4/ros2/ws/install/px4_msgs/share/px4_msgs/msg/LoggerStatus.msg\n'}
[1.269259] (px4_msgs) StdoutLine: {'line': b'-- Up-to-date: /home/px4/ros2/ws/install/px4_msgs/share/px4_msgs/msg/LongitudinalControlConfiguration.msg\n'}
[1.269305] (px4_msgs) StdoutLine: {'line': b'-- Up-to-date: /home/px4/ros2/ws/install/px4_msgs/share/px4_msgs/msg/MagWorkerData.msg\n'}
[1.269349] (px4_msgs) StdoutLine: {'line': b'-- Up-to-date: /home/px4/ros2/ws/install/px4_msgs/share/px4_msgs/msg/MagnetometerBiasEstimate.msg\n'}
[1.269394] (px4_msgs) StdoutLine: {'line': b'-- Up-to-date: /home/px4/ros2/ws/install/px4_msgs/share/px4_msgs/msg/ManualControlSetpoint.msg\n'}
[1.269438] (px4_msgs) StdoutLine: {'line': b'-- Up-to-date: /home/px4/ros2/ws/install/px4_msgs/share/px4_msgs/msg/ManualControlSwitches.msg\n'}
[1.269500] (px4_msgs) StdoutLine: {'line': b'-- Up-to-date: /home/px4/ros2/ws/install/px4_msgs/share/px4_msgs/msg/MavlinkLog.msg\n'}
[1.269553] (px4_msgs) StdoutLine: {'line': b'-- Up-to-date: /home/px4/ros2/ws/install/px4_msgs/share/px4_msgs/msg/MavlinkTunnel.msg\n'}
[1.269598] (px4_msgs) StdoutLine: {'line': b'-- Up-to-date: /home/px4/ros2/ws/install/px4_msgs/share/px4_msgs/msg/MessageFormatRequest.msg\n'}
[1.269643] (px4_msgs) StdoutLine: {'line': b'-- Up-to-date: /home/px4/ros2/ws/install/px4_msgs/share/px4_msgs/msg/MessageFormatResponse.msg\n'}
[1.269686] (px4_msgs) StdoutLine: {'line': b'-- Up-to-date: /home/px4/ros2/ws/install/px4_msgs/share/px4_msgs/msg/Mission.msg\n'}
[1.269731] (px4_msgs) StdoutLine: {'line': b'-- Up-to-date: /home/px4/ros2/ws/install/px4_msgs/share/px4_msgs/msg/MissionResult.msg\n'}
[1.269785] (px4_msgs) StdoutLine: {'line': b'-- Up-to-date: /home/px4/ros2/ws/install/px4_msgs/share/px4_msgs/msg/ModeCompleted.msg\n'}
[1.269843] (px4_msgs) StdoutLine: {'line': b'-- Up-to-date: /home/px4/ros2/ws/install/px4_msgs/share/px4_msgs/msg/MountOrientation.msg\n'}
[1.269889] (px4_msgs) StdoutLine: {'line': b'-- Up-to-date: /home/px4/ros2/ws/install/px4_msgs/share/px4_msgs/msg/NavigatorMissionItem.msg\n'}
[1.269954] (px4_msgs) StdoutLine: {'line': b'-- Up-to-date: /home/px4/ros2/ws/install/px4_msgs/share/px4_msgs/msg/NavigatorStatus.msg\n'}
[1.270002] (px4_msgs) StdoutLine: {'line': b'-- Up-to-date: /home/px4/ros2/ws/install/px4_msgs/share/px4_msgs/msg/NeuralControl.msg\n'}
[1.270045] (px4_msgs) StdoutLine: {'line': b'-- Up-to-date: /home/px4/ros2/ws/install/px4_msgs/share/px4_msgs/msg/NormalizedUnsignedSetpoint.msg\n'}
[1.270104] (px4_msgs) StdoutLine: {'line': b'-- Up-to-date: /home/px4/ros2/ws/install/px4_msgs/share/px4_msgs/msg/ObstacleDistance.msg\n'}
[1.270151] (px4_msgs) StdoutLine: {'line': b'-- Up-to-date: /home/px4/ros2/ws/install/px4_msgs/share/px4_msgs/msg/OffboardControlMode.msg\n'}
[1.270198] (px4_msgs) StdoutLine: {'line': b'-- Up-to-date: /home/px4/ros2/ws/install/px4_msgs/share/px4_msgs/msg/OnboardComputerStatus.msg\n'}
[1.270243] (px4_msgs) StdoutLine: {'line': b'-- Up-to-date: /home/px4/ros2/ws/install/px4_msgs/share/px4_msgs/msg/OpenDroneIdArmStatus.msg\n'}
[1.270298] (px4_msgs) StdoutLine: {'line': b'-- Up-to-date: /home/px4/ros2/ws/install/px4_msgs/share/px4_msgs/msg/OpenDroneIdOperatorId.msg\n'}
[1.270356] (px4_msgs) StdoutLine: {'line': b'-- Up-to-date: /home/px4/ros2/ws/install/px4_msgs/share/px4_msgs/msg/OpenDroneIdSelfId.msg\n'}
[1.270403] (px4_msgs) StdoutLine: {'line': b'-- Up-to-date: /home/px4/ros2/ws/install/px4_msgs/share/px4_msgs/msg/OpenDroneIdSystem.msg\n'}
[1.270463] (px4_msgs) StdoutLine: {'line': b'-- Up-to-date: /home/px4/ros2/ws/install/px4_msgs/share/px4_msgs/msg/OrbTest.msg\n'}
[1.270509] (px4_msgs) StdoutLine: {'line': b'-- Up-to-date: /home/px4/ros2/ws/install/px4_msgs/share/px4_msgs/msg/OrbTestLarge.msg\n'}
[1.270561] (px4_msgs) StdoutLine: {'line': b'-- Up-to-date: /home/px4/ros2/ws/install/px4_msgs/share/px4_msgs/msg/OrbTestMedium.msg\n'}
[1.270608] (px4_msgs) StdoutLine: {'line': b'-- Up-to-date: /home/px4/ros2/ws/install/px4_msgs/share/px4_msgs/msg/OrbitStatus.msg\n'}
[1.270654] (px4_msgs) StdoutLine: {'line': b'-- Up-to-date: /home/px4/ros2/ws/install/px4_msgs/share/px4_msgs/msg/ParameterResetRequest.msg\n'}
[1.270699] (px4_msgs) StdoutLine: {'line': b'-- Up-to-date: /home/px4/ros2/ws/install/px4_msgs/share/px4_msgs/msg/ParameterSetUsedRequest.msg\n'}
[1.270775] (px4_msgs) StdoutLine: {'line': b'-- Up-to-date: /home/px4/ros2/ws/install/px4_msgs/share/px4_msgs/msg/ParameterSetValueRequest.msg\n'}
[1.270948] (px4_msgs) StdoutLine: {'line': b'-- Up-to-date: /home/px4/ros2/ws/install/px4_msgs/share/px4_msgs/msg/ParameterSetValueResponse.msg\n'}
[1.271168] (px4_msgs) StdoutLine: {'line': b'-- Up-to-date: /home/px4/ros2/ws/install/px4_msgs/share/px4_msgs/msg/ParameterUpdate.msg\n'}
[1.271621] (px4_msgs) StdoutLine: {'line': b'-- Up-to-date: /home/px4/ros2/ws/install/px4_msgs/share/px4_msgs/msg/Ping.msg\n'}
[1.271792] (px4_msgs) StdoutLine: {'line': b'-- Up-to-date: /home/px4/ros2/ws/install/px4_msgs/share/px4_msgs/msg/PositionControllerLandingStatus.msg\n'}
[1.272006] (px4_msgs) StdoutLine: {'line': b'-- Up-to-date: /home/px4/ros2/ws/install/px4_msgs/share/px4_msgs/msg/PositionControllerStatus.msg\n'}
[1.272452] (px4_msgs) StdoutLine: {'line': b'-- Up-to-date: /home/px4/ros2/ws/install/px4_msgs/share/px4_msgs/msg/PositionSetpoint.msg\n'}
[1.272608] (px4_msgs) StdoutLine: {'line': b'-- Up-to-date: /home/px4/ros2/ws/install/px4_msgs/share/px4_msgs/msg/PositionSetpointTriplet.msg\n'}
[1.272843] (px4_msgs) StdoutLine: {'line': b'-- Up-to-date: /home/px4/ros2/ws/install/px4_msgs/share/px4_msgs/msg/PowerButtonState.msg\n'}
[1.273300] (px4_msgs) StdoutLine: {'line': b'-- Up-to-date: /home/px4/ros2/ws/install/px4_msgs/share/px4_msgs/msg/PowerMonitor.msg\n'}
[1.273458] (px4_msgs) StdoutLine: {'line': b'-- Up-to-date: /home/px4/ros2/ws/install/px4_msgs/share/px4_msgs/msg/PpsCapture.msg\n'}
[1.273684] (px4_msgs) StdoutLine: {'line': b'-- Up-to-date: /home/px4/ros2/ws/install/px4_msgs/share/px4_msgs/msg/PurePursuitStatus.msg\n'}
[1.274162] (px4_msgs) StdoutLine: {'line': b'-- Up-to-date: /home/px4/ros2/ws/install/px4_msgs/share/px4_msgs/msg/PwmInput.msg\n'}
[1.274314] (px4_msgs) StdoutLine: {'line': b'-- Up-to-date: /home/px4/ros2/ws/install/px4_msgs/share/px4_msgs/msg/Px4ioStatus.msg\n'}
[1.274534] (px4_msgs) StdoutLine: {'line': b'-- Up-to-date: /home/px4/ros2/ws/install/px4_msgs/share/px4_msgs/msg/QshellReq.msg\n'}
[1.274993] (px4_msgs) StdoutLine: {'line': b'-- Up-to-date: /home/px4/ros2/ws/install/px4_msgs/share/px4_msgs/msg/QshellRetval.msg\n'}
[1.275146] (px4_msgs) StdoutLine: {'line': b'-- Up-to-date: /home/px4/ros2/ws/install/px4_msgs/share/px4_msgs/msg/RadioStatus.msg\n'}
[1.275367] (px4_msgs) StdoutLine: {'line': b'-- Up-to-date: /home/px4/ros2/ws/install/px4_msgs/share/px4_msgs/msg/RateCtrlStatus.msg\n'}
[1.275813] (px4_msgs) StdoutLine: {'line': b'-- Up-to-date: /home/px4/ros2/ws/install/px4_msgs/share/px4_msgs/msg/RcChannels.msg\n'}
[1.275979] (px4_msgs) StdoutLine: {'line': b'-- Up-to-date: /home/px4/ros2/ws/install/px4_msgs/share/px4_msgs/msg/RcParameterMap.msg\n'}
[1.276193] (px4_msgs) StdoutLine: {'line': b'-- Up-to-date: /home/px4/ros2/ws/install/px4_msgs/share/px4_msgs/msg/RegisterExtComponentReply.msg\n'}
[1.276631] (px4_msgs) StdoutLine: {'line': b'-- Up-to-date: /home/px4/ros2/ws/install/px4_msgs/share/px4_msgs/msg/RegisterExtComponentRequest.msg\n'}
[1.276807] (px4_msgs) StdoutLine: {'line': b'-- Up-to-date: /home/px4/ros2/ws/install/px4_msgs/share/px4_msgs/msg/RoverAttitudeSetpoint.msg\n'}
[1.277259] (px4_msgs) StdoutLine: {'line': b'-- Up-to-date: /home/px4/ros2/ws/install/px4_msgs/share/px4_msgs/msg/RoverAttitudeStatus.msg\n'}
[1.277701] (px4_msgs) StdoutLine: {'line': b'-- Up-to-date: /home/px4/ros2/ws/install/px4_msgs/share/px4_msgs/msg/RoverPositionSetpoint.msg\n'}
[1.277908] (px4_msgs) StdoutLine: {'line': b'-- Up-to-date: /home/px4/ros2/ws/install/px4_msgs/share/px4_msgs/msg/RoverRateSetpoint.msg\n'}
[1.278159] (px4_msgs) StdoutLine: {'line': b'-- Up-to-date: /home/px4/ros2/ws/install/px4_msgs/share/px4_msgs/msg/RoverRateStatus.msg\n'}
[1.278671] (px4_msgs) StdoutLine: {'line': b'-- Up-to-date: /home/px4/ros2/ws/install/px4_msgs/share/px4_msgs/msg/RoverSteeringSetpoint.msg\n'}
[1.278855] (px4_msgs) StdoutLine: {'line': b'-- Up-to-date: /home/px4/ros2/ws/install/px4_msgs/share/px4_msgs/msg/RoverThrottleSetpoint.msg\n'}
[1.279079] (px4_msgs) StdoutLine: {'line': b'-- Up-to-date: /home/px4/ros2/ws/install/px4_msgs/share/px4_msgs/msg/RoverVelocitySetpoint.msg\n'}
[1.279554] (px4_msgs) StdoutLine: {'line': b'-- Up-to-date: /home/px4/ros2/ws/install/px4_msgs/share/px4_msgs/msg/RoverVelocityStatus.msg\n'}
[1.279712] (px4_msgs) StdoutLine: {'line': b'-- Up-to-date: /home/px4/ros2/ws/install/px4_msgs/share/px4_msgs/msg/Rpm.msg\n'}
[1.279952] (px4_msgs) StdoutLine: {'line': b'-- Up-to-date: /home/px4/ros2/ws/install/px4_msgs/share/px4_msgs/msg/RtlStatus.msg\n'}
[1.280397] (px4_msgs) StdoutLine: {'line': b'-- Up-to-date: /home/px4/ros2/ws/install/px4_msgs/share/px4_msgs/msg/RtlTimeEstimate.msg\n'}
[1.280564] (px4_msgs) StdoutLine: {'line': b'-- Up-to-date: /home/px4/ros2/ws/install/px4_msgs/share/px4_msgs/msg/SatelliteInfo.msg\n'}
[1.280791] (px4_msgs) StdoutLine: {'line': b'-- Up-to-date: /home/px4/ros2/ws/install/px4_msgs/share/px4_msgs/msg/SensorAccel.msg\n'}
[1.281260] (px4_msgs) StdoutLine: {'line': b'-- Up-to-date: /home/px4/ros2/ws/install/px4_msgs/share/px4_msgs/msg/SensorAccelFifo.msg\n'}
[1.281420] (px4_msgs) StdoutLine: {'line': b'-- Up-to-date: /home/px4/ros2/ws/install/px4_msgs/share/px4_msgs/msg/SensorAirflow.msg\n'}
[1.281642] (px4_msgs) StdoutLine: {'line': b'-- Up-to-date: /home/px4/ros2/ws/install/px4_msgs/share/px4_msgs/msg/SensorBaro.msg\n'}
[1.282123] (px4_msgs) StdoutLine: {'line': b'-- Up-to-date: /home/px4/ros2/ws/install/px4_msgs/share/px4_msgs/msg/SensorCombined.msg\n'}
[1.282278] (px4_msgs) StdoutLine: {'line': b'-- Up-to-date: /home/px4/ros2/ws/install/px4_msgs/share/px4_msgs/msg/SensorCorrection.msg\n'}
[1.282503] (px4_msgs) StdoutLine: {'line': b'-- Up-to-date: /home/px4/ros2/ws/install/px4_msgs/share/px4_msgs/msg/SensorGnssRelative.msg\n'}
[1.282975] (px4_msgs) StdoutLine: {'line': b'-- Up-to-date: /home/px4/ros2/ws/install/px4_msgs/share/px4_msgs/msg/SensorGps.msg\n'}
[1.283134] (px4_msgs) StdoutLine: {'line': b'-- Up-to-date: /home/px4/ros2/ws/install/px4_msgs/share/px4_msgs/msg/SensorGyro.msg\n'}
[1.283359] (px4_msgs) StdoutLine: {'line': b'-- Up-to-date: /home/px4/ros2/ws/install/px4_msgs/share/px4_msgs/msg/SensorGyroFft.msg\n'}
[1.283823] (px4_msgs) StdoutLine: {'line': b'-- Up-to-date: /home/px4/ros2/ws/install/px4_msgs/share/px4_msgs/msg/SensorGyroFifo.msg\n'}
[1.283980] (px4_msgs) StdoutLine: {'line': b'-- Up-to-date: /home/px4/ros2/ws/install/px4_msgs/share/px4_msgs/msg/SensorHygrometer.msg\n'}
[1.284197] (px4_msgs) StdoutLine: {'line': b'-- Up-to-date: /home/px4/ros2/ws/install/px4_msgs/share/px4_msgs/msg/SensorMag.msg\n'}
[1.284640] (px4_msgs) StdoutLine: {'line': b'-- Up-to-date: /home/px4/ros2/ws/install/px4_msgs/share/px4_msgs/msg/SensorOpticalFlow.msg\n'}
[1.284805] (px4_msgs) StdoutLine: {'line': b'-- Up-to-date: /home/px4/ros2/ws/install/px4_msgs/share/px4_msgs/msg/SensorPreflightMag.msg\n'}
[1.285039] (px4_msgs) StdoutLine: {'line': b'-- Up-to-date: /home/px4/ros2/ws/install/px4_msgs/share/px4_msgs/msg/SensorSelection.msg\n'}
[1.285340] (px4_msgs) StdoutLine: {'line': b'-- Up-to-date: /home/px4/ros2/ws/install/px4_msgs/share/px4_msgs/msg/SensorUwb.msg\n'}
[1.285616] (px4_msgs) StdoutLine: {'line': b'-- Up-to-date: /home/px4/ros2/ws/install/px4_msgs/share/px4_msgs/msg/SensorsStatus.msg\n'}
[1.285715] (px4_msgs) StdoutLine: {'line': b'-- Up-to-date: /home/px4/ros2/ws/install/px4_msgs/share/px4_msgs/msg/SensorsStatusImu.msg\n'}
[1.285969] (px4_msgs) StdoutLine: {'line': b'-- Up-to-date: /home/px4/ros2/ws/install/px4_msgs/share/px4_msgs/msg/SystemPower.msg\n'}
[1.286121] (px4_msgs) StdoutLine: {'line': b'-- Up-to-date: /home/px4/ros2/ws/install/px4_msgs/share/px4_msgs/msg/TakeoffStatus.msg\n'}
[1.286337] (px4_msgs) StdoutLine: {'line': b'-- Up-to-date: /home/px4/ros2/ws/install/px4_msgs/share/px4_msgs/msg/TaskStackInfo.msg\n'}
[1.286800] (px4_msgs) StdoutLine: {'line': b'-- Up-to-date: /home/px4/ros2/ws/install/px4_msgs/share/px4_msgs/msg/TecsStatus.msg\n'}
[1.286968] (px4_msgs) StdoutLine: {'line': b'-- Up-to-date: /home/px4/ros2/ws/install/px4_msgs/share/px4_msgs/msg/TelemetryStatus.msg\n'}
[1.287184] (px4_msgs) StdoutLine: {'line': b'-- Up-to-date: /home/px4/ros2/ws/install/px4_msgs/share/px4_msgs/msg/TiltrotorExtraControls.msg\n'}
[1.287638] (px4_msgs) StdoutLine: {'line': b'-- Up-to-date: /home/px4/ros2/ws/install/px4_msgs/share/px4_msgs/msg/TimesyncStatus.msg\n'}
[1.287808] (px4_msgs) StdoutLine: {'line': b'-- Up-to-date: /home/px4/ros2/ws/install/px4_msgs/share/px4_msgs/msg/TrajectorySetpoint.msg\n'}
[1.288026] (px4_msgs) StdoutLine: {'line': b'-- Up-to-date: /home/px4/ros2/ws/install/px4_msgs/share/px4_msgs/msg/TrajectorySetpoint6dof.msg\n'}
[1.288490] (px4_msgs) StdoutLine: {'line': b'-- Up-to-date: /home/px4/ros2/ws/install/px4_msgs/share/px4_msgs/msg/TransponderReport.msg\n'}
[1.288646] (px4_msgs) StdoutLine: {'line': b'-- Up-to-date: /home/px4/ros2/ws/install/px4_msgs/share/px4_msgs/msg/TuneControl.msg\n'}
[1.288881] (px4_msgs) StdoutLine: {'line': b'-- Up-to-date: /home/px4/ros2/ws/install/px4_msgs/share/px4_msgs/msg/UavcanParameterRequest.msg\n'}
[1.289337] (px4_msgs) StdoutLine: {'line': b'-- Up-to-date: /home/px4/ros2/ws/install/px4_msgs/share/px4_msgs/msg/UavcanParameterValue.msg\n'}
[1.289498] (px4_msgs) StdoutLine: {'line': b'-- Up-to-date: /home/px4/ros2/ws/install/px4_msgs/share/px4_msgs/msg/UlogStream.msg\n'}
[1.289714] (px4_msgs) StdoutLine: {'line': b'-- Up-to-date: /home/px4/ros2/ws/install/px4_msgs/share/px4_msgs/msg/UlogStreamAck.msg\n'}
[1.290195] (px4_msgs) StdoutLine: {'line': b'-- Up-to-date: /home/px4/ros2/ws/install/px4_msgs/share/px4_msgs/msg/UnregisterExtComponent.msg\n'}
[1.290350] (px4_msgs) StdoutLine: {'line': b'-- Up-to-date: /home/px4/ros2/ws/install/px4_msgs/share/px4_msgs/msg/VehicleAcceleration.msg\n'}
[1.290567] (px4_msgs) StdoutLine: {'line': b'-- Up-to-date: /home/px4/ros2/ws/install/px4_msgs/share/px4_msgs/msg/VehicleAirData.msg\n'}
[1.291062] (px4_msgs) StdoutLine: {'line': b'-- Up-to-date: /home/px4/ros2/ws/install/px4_msgs/share/px4_msgs/msg/VehicleAngularAccelerationSetpoint.msg\n'}
[1.291224] (px4_msgs) StdoutLine: {'line': b'-- Up-to-date: /home/px4/ros2/ws/install/px4_msgs/share/px4_msgs/msg/VehicleAngularVelocity.msg\n'}
[1.291449] (px4_msgs) StdoutLine: {'line': b'-- Up-to-date: /home/px4/ros2/ws/install/px4_msgs/share/px4_msgs/msg/VehicleAttitude.msg\n'}
[1.291917] (px4_msgs) StdoutLine: {'line': b'-- Up-to-date: /home/px4/ros2/ws/install/px4_msgs/share/px4_msgs/msg/VehicleAttitudeSetpoint.msg\n'}
[1.292079] (px4_msgs) StdoutLine: {'line': b'-- Up-to-date: /home/px4/ros2/ws/install/px4_msgs/share/px4_msgs/msg/VehicleCommand.msg\n'}
[1.292299] (px4_msgs) StdoutLine: {'line': b'-- Up-to-date: /home/px4/ros2/ws/install/px4_msgs/share/px4_msgs/msg/VehicleCommandAck.msg\n'}
[1.292610] (px4_msgs) StdoutLine: {'line': b'-- Up-to-date: /home/px4/ros2/ws/install/px4_msgs/share/px4_msgs/msg/VehicleConstraints.msg\n'}
[1.292890] (px4_msgs) StdoutLine: {'line': b'-- Up-to-date: /home/px4/ros2/ws/install/px4_msgs/share/px4_msgs/msg/VehicleControlMode.msg\n'}
[1.293002] (px4_msgs) StdoutLine: {'line': b'-- Up-to-date: /home/px4/ros2/ws/install/px4_msgs/share/px4_msgs/msg/VehicleGlobalPosition.msg\n'}
[1.293234] (px4_msgs) StdoutLine: {'line': b'-- Up-to-date: /home/px4/ros2/ws/install/px4_msgs/share/px4_msgs/msg/VehicleImu.msg\n'}
[1.293388] (px4_msgs) StdoutLine: {'line': b'-- Up-to-date: /home/px4/ros2/ws/install/px4_msgs/share/px4_msgs/msg/VehicleImuStatus.msg\n'}
[1.293604] (px4_msgs) StdoutLine: {'line': b'-- Up-to-date: /home/px4/ros2/ws/install/px4_msgs/share/px4_msgs/msg/VehicleLandDetected.msg\n'}
[1.294081] (px4_msgs) StdoutLine: {'line': b'-- Up-to-date: /home/px4/ros2/ws/install/px4_msgs/share/px4_msgs/msg/VehicleLocalPosition.msg\n'}
[1.294231] (px4_msgs) StdoutLine: {'line': b'-- Up-to-date: /home/px4/ros2/ws/install/px4_msgs/share/px4_msgs/msg/VehicleLocalPositionSetpoint.msg\n'}
[1.294457] (px4_msgs) StdoutLine: {'line': b'-- Up-to-date: /home/px4/ros2/ws/install/px4_msgs/share/px4_msgs/msg/VehicleMagnetometer.msg\n'}
[1.294947] (px4_msgs) StdoutLine: {'line': b'-- Up-to-date: /home/px4/ros2/ws/install/px4_msgs/share/px4_msgs/msg/VehicleOdometry.msg\n'}
[1.295107] (px4_msgs) StdoutLine: {'line': b'-- Up-to-date: /home/px4/ros2/ws/install/px4_msgs/share/px4_msgs/msg/VehicleOpticalFlow.msg\n'}
[1.295320] (px4_msgs) StdoutLine: {'line': b'-- Up-to-date: /home/px4/ros2/ws/install/px4_msgs/share/px4_msgs/msg/VehicleOpticalFlowVel.msg\n'}
[1.295787] (px4_msgs) StdoutLine: {'line': b'-- Up-to-date: /home/px4/ros2/ws/install/px4_msgs/share/px4_msgs/msg/VehicleRatesSetpoint.msg\n'}
[1.295951] (px4_msgs) StdoutLine: {'line': b'-- Up-to-date: /home/px4/ros2/ws/install/px4_msgs/share/px4_msgs/msg/VehicleRoi.msg\n'}
[1.296173] (px4_msgs) StdoutLine: {'line': b'-- Up-to-date: /home/px4/ros2/ws/install/px4_msgs/share/px4_msgs/msg/VehicleStatus.msg\n'}
[1.296631] (px4_msgs) StdoutLine: {'line': b'-- Up-to-date: /home/px4/ros2/ws/install/px4_msgs/share/px4_msgs/msg/VehicleThrustSetpoint.msg\n'}
[1.296796] (px4_msgs) StdoutLine: {'line': b'-- Up-to-date: /home/px4/ros2/ws/install/px4_msgs/share/px4_msgs/msg/VehicleTorqueSetpoint.msg\n'}
[1.297015] (px4_msgs) StdoutLine: {'line': b'-- Up-to-date: /home/px4/ros2/ws/install/px4_msgs/share/px4_msgs/msg/VelocityLimits.msg\n'}
[1.297471] (px4_msgs) StdoutLine: {'line': b'-- Up-to-date: /home/px4/ros2/ws/install/px4_msgs/share/px4_msgs/msg/VtolVehicleStatus.msg\n'}
[1.297622] (px4_msgs) StdoutLine: {'line': b'-- Up-to-date: /home/px4/ros2/ws/install/px4_msgs/share/px4_msgs/msg/WheelEncoders.msg\n'}
[1.297861] (px4_msgs) StdoutLine: {'line': b'-- Up-to-date: /home/px4/ros2/ws/install/px4_msgs/share/px4_msgs/msg/Wind.msg\n'}
[1.298315] (px4_msgs) StdoutLine: {'line': b'-- Up-to-date: /home/px4/ros2/ws/install/px4_msgs/share/px4_msgs/msg/YawEstimatorStatus.msg\n'}
[1.298473] (px4_msgs) StdoutLine: {'line': b'-- Up-to-date: /home/px4/ros2/ws/install/px4_msgs/share/px4_msgs/srv/VehicleCommand.srv\n'}
[1.298692] (px4_msgs) StdoutLine: {'line': b'-- Up-to-date: /home/px4/ros2/ws/install/px4_msgs/share/px4_msgs/srv/VehicleCommand_Request.msg\n'}
[1.299168] (px4_msgs) StdoutLine: {'line': b'-- Up-to-date: /home/px4/ros2/ws/install/px4_msgs/share/px4_msgs/srv/VehicleCommand_Response.msg\n'}
[1.299325] (px4_msgs) StdoutLine: {'line': b'-- Up-to-date: /home/px4/ros2/ws/install/px4_msgs/share/ament_index/resource_index/package_run_dependencies/px4_msgs\n'}
[1.299551] (px4_msgs) StdoutLine: {'line': b'-- Up-to-date: /home/px4/ros2/ws/install/px4_msgs/share/ament_index/resource_index/parent_prefix_path/px4_msgs\n'}
[1.299876] (px4_msgs) StdoutLine: {'line': b'-- Up-to-date: /home/px4/ros2/ws/install/px4_msgs/share/px4_msgs/environment/ament_prefix_path.sh\n'}
[1.300152] (px4_msgs) StdoutLine: {'line': b'-- Up-to-date: /home/px4/ros2/ws/install/px4_msgs/share/px4_msgs/environment/ament_prefix_path.dsv\n'}
[1.300243] (px4_msgs) StdoutLine: {'line': b'-- Up-to-date: /home/px4/ros2/ws/install/px4_msgs/share/px4_msgs/environment/path.sh\n'}
[1.300509] (px4_msgs) StdoutLine: {'line': b'-- Up-to-date: /home/px4/ros2/ws/install/px4_msgs/share/px4_msgs/environment/path.dsv\n'}
[1.300665] (px4_msgs) StdoutLine: {'line': b'-- Up-to-date: /home/px4/ros2/ws/install/px4_msgs/share/px4_msgs/local_setup.bash\n'}
[1.300897] (px4_msgs) StdoutLine: {'line': b'-- Up-to-date: /home/px4/ros2/ws/install/px4_msgs/share/px4_msgs/local_setup.sh\n'}
[1.301351] (px4_msgs) StdoutLine: {'line': b'-- Up-to-date: /home/px4/ros2/ws/install/px4_msgs/share/px4_msgs/local_setup.zsh\n'}
[1.301405] (-) TimerEvent: {}
[1.301517] (px4_msgs) StdoutLine: {'line': b'-- Up-to-date: /home/px4/ros2/ws/install/px4_msgs/share/px4_msgs/local_setup.dsv\n'}
[1.301807] (px4_msgs) StdoutLine: {'line': b'-- Installing: /home/px4/ros2/ws/install/px4_msgs/share/px4_msgs/package.dsv\n'}
[1.302480] (px4_msgs) StdoutLine: {'line': b'-- Up-to-date: /home/px4/ros2/ws/install/px4_msgs/share/ament_index/resource_index/packages/px4_msgs\n'}
[1.302700] (px4_msgs) StdoutLine: {'line': b'-- Up-to-date: /home/px4/ros2/ws/install/px4_msgs/share/px4_msgs/cmake/export_px4_msgs__rosidl_generator_cExport.cmake\n'}
[1.302945] (px4_msgs) StdoutLine: {'line': b'-- Up-to-date: /home/px4/ros2/ws/install/px4_msgs/share/px4_msgs/cmake/export_px4_msgs__rosidl_generator_cExport-noconfig.cmake\n'}
[1.303458] (px4_msgs) StdoutLine: {'line': b'-- Up-to-date: /home/px4/ros2/ws/install/px4_msgs/share/px4_msgs/cmake/export_px4_msgs__rosidl_typesupport_fastrtps_cExport.cmake\n'}
[1.303632] (px4_msgs) StdoutLine: {'line': b'-- Up-to-date: /home/px4/ros2/ws/install/px4_msgs/share/px4_msgs/cmake/export_px4_msgs__rosidl_typesupport_fastrtps_cExport-noconfig.cmake\n'}
[1.303911] (px4_msgs) StdoutLine: {'line': b'-- Up-to-date: /home/px4/ros2/ws/install/px4_msgs/share/px4_msgs/cmake/export_px4_msgs__rosidl_generator_cppExport.cmake\n'}
[1.304416] (px4_msgs) StdoutLine: {'line': b'-- Up-to-date: /home/px4/ros2/ws/install/px4_msgs/share/px4_msgs/cmake/export_px4_msgs__rosidl_typesupport_fastrtps_cppExport.cmake\n'}
[1.304595] (px4_msgs) StdoutLine: {'line': b'-- Up-to-date: /home/px4/ros2/ws/install/px4_msgs/share/px4_msgs/cmake/export_px4_msgs__rosidl_typesupport_fastrtps_cppExport-noconfig.cmake\n'}
[1.304872] (px4_msgs) StdoutLine: {'line': b'-- Up-to-date: /home/px4/ros2/ws/install/px4_msgs/share/px4_msgs/cmake/px4_msgs__rosidl_typesupport_introspection_cExport.cmake\n'}
[1.305318] (px4_msgs) StdoutLine: {'line': b'-- Up-to-date: /home/px4/ros2/ws/install/px4_msgs/share/px4_msgs/cmake/px4_msgs__rosidl_typesupport_introspection_cExport-noconfig.cmake\n'}
[1.305515] (px4_msgs) StdoutLine: {'line': b'-- Up-to-date: /home/px4/ros2/ws/install/px4_msgs/share/px4_msgs/cmake/px4_msgs__rosidl_typesupport_cExport.cmake\n'}
[1.305748] (px4_msgs) StdoutLine: {'line': b'-- Up-to-date: /home/px4/ros2/ws/install/px4_msgs/share/px4_msgs/cmake/px4_msgs__rosidl_typesupport_cExport-noconfig.cmake\n'}
[1.306268] (px4_msgs) StdoutLine: {'line': b'-- Up-to-date: /home/px4/ros2/ws/install/px4_msgs/share/px4_msgs/cmake/px4_msgs__rosidl_typesupport_introspection_cppExport.cmake\n'}
[1.306429] (px4_msgs) StdoutLine: {'line': b'-- Up-to-date: /home/px4/ros2/ws/install/px4_msgs/share/px4_msgs/cmake/px4_msgs__rosidl_typesupport_introspection_cppExport-noconfig.cmake\n'}
[1.306959] (px4_msgs) StdoutLine: {'line': b'-- Up-to-date: /home/px4/ros2/ws/install/px4_msgs/share/px4_msgs/cmake/px4_msgs__rosidl_typesupport_cppExport.cmake\n'}
[1.307450] (px4_msgs) StdoutLine: {'line': b'-- Up-to-date: /home/px4/ros2/ws/install/px4_msgs/share/px4_msgs/cmake/px4_msgs__rosidl_typesupport_cppExport-noconfig.cmake\n'}
[1.307716] (px4_msgs) StdoutLine: {'line': b'-- Up-to-date: /home/px4/ros2/ws/install/px4_msgs/share/px4_msgs/cmake/export_px4_msgs__rosidl_generator_pyExport.cmake\n'}
[1.307946] (px4_msgs) StdoutLine: {'line': b'-- Up-to-date: /home/px4/ros2/ws/install/px4_msgs/share/px4_msgs/cmake/export_px4_msgs__rosidl_generator_pyExport-noconfig.cmake\n'}
[1.308427] (px4_msgs) StdoutLine: {'line': b'-- Up-to-date: /home/px4/ros2/ws/install/px4_msgs/share/px4_msgs/cmake/rosidl_cmake-extras.cmake\n'}
[1.308578] (px4_msgs) StdoutLine: {'line': b'-- Up-to-date: /home/px4/ros2/ws/install/px4_msgs/share/px4_msgs/cmake/ament_cmake_export_dependencies-extras.cmake\n'}
[1.308814] (px4_msgs) StdoutLine: {'line': b'-- Up-to-date: /home/px4/ros2/ws/install/px4_msgs/share/px4_msgs/cmake/ament_cmake_export_include_directories-extras.cmake\n'}
[1.309296] (px4_msgs) StdoutLine: {'line': b'-- Up-to-date: /home/px4/ros2/ws/install/px4_msgs/share/px4_msgs/cmake/ament_cmake_export_libraries-extras.cmake\n'}
[1.309452] (px4_msgs) StdoutLine: {'line': b'-- Up-to-date: /home/px4/ros2/ws/install/px4_msgs/share/px4_msgs/cmake/ament_cmake_export_targets-extras.cmake\n'}
[1.309675] (px4_msgs) StdoutLine: {'line': b'-- Up-to-date: /home/px4/ros2/ws/install/px4_msgs/share/px4_msgs/cmake/rosidl_cmake_export_typesupport_targets-extras.cmake\n'}
[1.310152] (px4_msgs) StdoutLine: {'line': b'-- Up-to-date: /home/px4/ros2/ws/install/px4_msgs/share/px4_msgs/cmake/rosidl_cmake_export_typesupport_libraries-extras.cmake\n'}
[1.310314] (px4_msgs) StdoutLine: {'line': b'-- Up-to-date: /home/px4/ros2/ws/install/px4_msgs/share/px4_msgs/cmake/px4_msgsConfig.cmake\n'}
[1.310503] (px4_msgs) StdoutLine: {'line': b'-- Up-to-date: /home/px4/ros2/ws/install/px4_msgs/share/px4_msgs/cmake/px4_msgsConfig-version.cmake\n'}
[1.310591] (px4_msgs) StdoutLine: {'line': b'-- Up-to-date: /home/px4/ros2/ws/install/px4_msgs/share/px4_msgs/package.xml\n'}
[1.315173] (px4_msgs) CommandEnded: {'returncode': 0}
[1.330199] (px4_msgs) JobEnded: {'identifier': 'px4_msgs', 'rc': 0}
[1.330682] (px4_ros_com) JobStarted: {'identifier': 'px4_ros_com'}
[1.336403] (px4_ros_com) JobProgress: {'identifier': 'px4_ros_com', 'progress': 'cmake'}
[1.336866] (px4_ros_com) JobProgress: {'identifier': 'px4_ros_com', 'progress': 'build'}
[1.337437] (px4_ros_com) Command: {'cmd': ['/usr/bin/cmake', '--build', '/home/px4/ros2/ws/build/px4_ros_com', '--', '-j16', '-l16'], 'cwd': '/home/px4/ros2/ws/build/px4_ros_com', 'env': OrderedDict([('HOSTNAME', 'legion5'), ('SHLVL', '1'), ('LD_LIBRARY_PATH', '/home/px4/ros2/ws/install/px4_msgs/lib:/opt/ros/humble/opt/rviz_ogre_vendor/lib:/opt/ros/humble/lib/x86_64-linux-gnu:/opt/ros/humble/lib'), ('HOME', '/root'), ('OLDPWD', '/home/px4/ros2'), ('ROS_PYTHON_VERSION', '3'), ('ROS_DISTRO', 'humble'), ('_', '/usr/bin/colcon'), ('ROS_VERSION', '2'), ('TERM', 'xterm'), ('ROS_LOCALHOST_ONLY', '0'), ('PATH', '/opt/ros/humble/bin:/usr/local/sbin:/usr/local/bin:/usr/sbin:/usr/bin:/sbin:/bin'), ('DISPLAY', ':1'), ('LANG', 'en_US.UTF-8'), ('LS_COLORS', 'rs=0:di=01;34:ln=01;36:mh=00:pi=40;33:so=01;35:do=01;35:bd=40;33;01:cd=40;33;01:or=40;31;01:mi=00:su=37;41:sg=30;43:ca=30;41:tw=30;42:ow=34;42:st=37;44:ex=01;32:*.tar=01;31:*.tgz=01;31:*.arc=01;31:*.arj=01;31:*.taz=01;31:*.lha=01;31:*.lz4=01;31:*.lzh=01;31:*.lzma=01;31:*.tlz=01;31:*.txz=01;31:*.tzo=01;31:*.t7z=01;31:*.zip=01;31:*.z=01;31:*.dz=01;31:*.gz=01;31:*.lrz=01;31:*.lz=01;31:*.lzo=01;31:*.xz=01;31:*.zst=01;31:*.tzst=01;31:*.bz2=01;31:*.bz=01;31:*.tbz=01;31:*.tbz2=01;31:*.tz=01;31:*.deb=01;31:*.rpm=01;31:*.jar=01;31:*.war=01;31:*.ear=01;31:*.sar=01;31:*.rar=01;31:*.alz=01;31:*.ace=01;31:*.zoo=01;31:*.cpio=01;31:*.7z=01;31:*.rz=01;31:*.cab=01;31:*.wim=01;31:*.swm=01;31:*.dwm=01;31:*.esd=01;31:*.jpg=01;35:*.jpeg=01;35:*.mjpg=01;35:*.mjpeg=01;35:*.gif=01;35:*.bmp=01;35:*.pbm=01;35:*.pgm=01;35:*.ppm=01;35:*.tga=01;35:*.xbm=01;35:*.xpm=01;35:*.tif=01;35:*.tiff=01;35:*.png=01;35:*.svg=01;35:*.svgz=01;35:*.mng=01;35:*.pcx=01;35:*.mov=01;35:*.mpg=01;35:*.mpeg=01;35:*.m2v=01;35:*.mkv=01;35:*.webm=01;35:*.webp=01;35:*.ogm=01;35:*.mp4=01;35:*.m4v=01;35:*.mp4v=01;35:*.vob=01;35:*.qt=01;35:*.nuv=01;35:*.wmv=01;35:*.asf=01;35:*.rm=01;35:*.rmvb=01;35:*.flc=01;35:*.avi=01;35:*.fli=01;35:*.flv=01;35:*.gl=01;35:*.dl=01;35:*.xcf=01;35:*.xwd=01;35:*.yuv=01;35:*.cgm=01;35:*.emf=01;35:*.ogv=01;35:*.ogx=01;35:*.aac=00;36:*.au=00;36:*.flac=00;36:*.m4a=00;36:*.mid=00;36:*.midi=00;36:*.mka=00;36:*.mp3=00;36:*.mpc=00;36:*.ogg=00;36:*.ra=00;36:*.wav=00;36:*.oga=00;36:*.opus=00;36:*.spx=00;36:*.xspf=00;36:'), ('ROS_DOMAIN_ID', '0'), ('AMENT_PREFIX_PATH', '/home/px4/ros2/ws/install/px4_msgs:/opt/ros/humble'), ('DEBIAN_FRONTEND', 'noninteractive'), ('PWD', '/home/px4/ros2/ws/build/px4_ros_com'), ('LC_ALL', 'en_US.UTF-8'), ('PYTHONPATH', '/home/px4/ros2/ws/install/px4_msgs/local/lib/python3.10/dist-packages:/opt/ros/humble/lib/python3.10/site-packages:/opt/ros/humble/local/lib/python3.10/dist-packages'), ('COLCON', '1'), ('CMAKE_PREFIX_PATH', '/home/px4/ros2/ws/install/px4_msgs:/opt/ros/humble')]), 'shell': False}
[1.390708] (px4_ros_com) StdoutLine: {'line': b'[ 66%] Built target vehicle_gps_position_listener\n'}
[1.390966] (px4_ros_com) StdoutLine: {'line': b'[ 66%] Built target sensor_combined_listener\n'}
[1.391062] (px4_ros_com) StdoutLine: {'line': b'[ 66%] Built target offboard_control_srv\n'}
[1.391186] (px4_ros_com) StdoutLine: {'line': b'[ 66%] Built target offboard_control\n'}
[1.391269] (px4_ros_com) StdoutLine: {'line': b'[ 83%] Built target debug_vect_advertiser\n'}
[1.391604] (px4_ros_com) StdoutLine: {'line': b'[100%] Built target frame_transforms\n'}
[1.394492] (px4_ros_com) StdoutLine: {'line': b'[100%] Built target ament_cmake_python_copy_px4_ros_com\n'}
[1.401519] (-) TimerEvent: {}
[1.501819] (-) TimerEvent: {}
[1.588580] (px4_ros_com) StdoutLine: {'line': b'running egg_info\n'}
[1.589162] (px4_ros_com) StdoutLine: {'line': b'writing px4_ros_com.egg-info/PKG-INFO\n'}
[1.589383] (px4_ros_com) StdoutLine: {'line': b'writing dependency_links to px4_ros_com.egg-info/dependency_links.txt\n'}
[1.589526] (px4_ros_com) StdoutLine: {'line': b'writing top-level names to px4_ros_com.egg-info/top_level.txt\n'}
[1.591064] (px4_ros_com) StdoutLine: {'line': b"reading manifest file 'px4_ros_com.egg-info/SOURCES.txt'\n"}
[1.591564] (px4_ros_com) StdoutLine: {'line': b"writing manifest file 'px4_ros_com.egg-info/SOURCES.txt'\n"}
[1.601923] (-) TimerEvent: {}
[1.615943] (px4_ros_com) StdoutLine: {'line': b'[100%] Built target ament_cmake_python_build_px4_ros_com_egg\n'}
[1.627348] (px4_ros_com) CommandEnded: {'returncode': 0}
[1.627900] (px4_ros_com) JobProgress: {'identifier': 'px4_ros_com', 'progress': 'install'}
[1.628503] (px4_ros_com) Command: {'cmd': ['/usr/bin/cmake', '--install', '/home/px4/ros2/ws/build/px4_ros_com'], 'cwd': '/home/px4/ros2/ws/build/px4_ros_com', 'env': OrderedDict([('HOSTNAME', 'legion5'), ('SHLVL', '1'), ('LD_LIBRARY_PATH', '/home/px4/ros2/ws/install/px4_msgs/lib:/opt/ros/humble/opt/rviz_ogre_vendor/lib:/opt/ros/humble/lib/x86_64-linux-gnu:/opt/ros/humble/lib'), ('HOME', '/root'), ('OLDPWD', '/home/px4/ros2'), ('ROS_PYTHON_VERSION', '3'), ('ROS_DISTRO', 'humble'), ('_', '/usr/bin/colcon'), ('ROS_VERSION', '2'), ('TERM', 'xterm'), ('ROS_LOCALHOST_ONLY', '0'), ('PATH', '/opt/ros/humble/bin:/usr/local/sbin:/usr/local/bin:/usr/sbin:/usr/bin:/sbin:/bin'), ('DISPLAY', ':1'), ('LANG', 'en_US.UTF-8'), ('LS_COLORS', 'rs=0:di=01;34:ln=01;36:mh=00:pi=40;33:so=01;35:do=01;35:bd=40;33;01:cd=40;33;01:or=40;31;01:mi=00:su=37;41:sg=30;43:ca=30;41:tw=30;42:ow=34;42:st=37;44:ex=01;32:*.tar=01;31:*.tgz=01;31:*.arc=01;31:*.arj=01;31:*.taz=01;31:*.lha=01;31:*.lz4=01;31:*.lzh=01;31:*.lzma=01;31:*.tlz=01;31:*.txz=01;31:*.tzo=01;31:*.t7z=01;31:*.zip=01;31:*.z=01;31:*.dz=01;31:*.gz=01;31:*.lrz=01;31:*.lz=01;31:*.lzo=01;31:*.xz=01;31:*.zst=01;31:*.tzst=01;31:*.bz2=01;31:*.bz=01;31:*.tbz=01;31:*.tbz2=01;31:*.tz=01;31:*.deb=01;31:*.rpm=01;31:*.jar=01;31:*.war=01;31:*.ear=01;31:*.sar=01;31:*.rar=01;31:*.alz=01;31:*.ace=01;31:*.zoo=01;31:*.cpio=01;31:*.7z=01;31:*.rz=01;31:*.cab=01;31:*.wim=01;31:*.swm=01;31:*.dwm=01;31:*.esd=01;31:*.jpg=01;35:*.jpeg=01;35:*.mjpg=01;35:*.mjpeg=01;35:*.gif=01;35:*.bmp=01;35:*.pbm=01;35:*.pgm=01;35:*.ppm=01;35:*.tga=01;35:*.xbm=01;35:*.xpm=01;35:*.tif=01;35:*.tiff=01;35:*.png=01;35:*.svg=01;35:*.svgz=01;35:*.mng=01;35:*.pcx=01;35:*.mov=01;35:*.mpg=01;35:*.mpeg=01;35:*.m2v=01;35:*.mkv=01;35:*.webm=01;35:*.webp=01;35:*.ogm=01;35:*.mp4=01;35:*.m4v=01;35:*.mp4v=01;35:*.vob=01;35:*.qt=01;35:*.nuv=01;35:*.wmv=01;35:*.asf=01;35:*.rm=01;35:*.rmvb=01;35:*.flc=01;35:*.avi=01;35:*.fli=01;35:*.flv=01;35:*.gl=01;35:*.dl=01;35:*.xcf=01;35:*.xwd=01;35:*.yuv=01;35:*.cgm=01;35:*.emf=01;35:*.ogv=01;35:*.ogx=01;35:*.aac=00;36:*.au=00;36:*.flac=00;36:*.m4a=00;36:*.mid=00;36:*.midi=00;36:*.mka=00;36:*.mp3=00;36:*.mpc=00;36:*.ogg=00;36:*.ra=00;36:*.wav=00;36:*.oga=00;36:*.opus=00;36:*.spx=00;36:*.xspf=00;36:'), ('ROS_DOMAIN_ID', '0'), ('AMENT_PREFIX_PATH', '/home/px4/ros2/ws/install/px4_msgs:/opt/ros/humble'), ('DEBIAN_FRONTEND', 'noninteractive'), ('PWD', '/home/px4/ros2/ws/build/px4_ros_com'), ('LC_ALL', 'en_US.UTF-8'), ('PYTHONPATH', '/home/px4/ros2/ws/install/px4_msgs/local/lib/python3.10/dist-packages:/opt/ros/humble/lib/python3.10/site-packages:/opt/ros/humble/local/lib/python3.10/dist-packages'), ('COLCON', '1'), ('CMAKE_PREFIX_PATH', '/home/px4/ros2/ws/install/px4_msgs:/opt/ros/humble')]), 'shell': False}
[1.635732] (px4_ros_com) StdoutLine: {'line': b'-- Install configuration: ""\n'}
[1.635934] (px4_ros_com) StdoutLine: {'line': b'-- Up-to-date: /home/px4/ros2/ws/install/px4_ros_com/lib/px4_ros_com/sensor_combined_listener\n'}
[1.636201] (px4_ros_com) StdoutLine: {'line': b'-- Up-to-date: /home/px4/ros2/ws/install/px4_ros_com/lib/px4_ros_com/vehicle_gps_position_listener\n'}
[1.636450] (px4_ros_com) StdoutLine: {'line': b'-- Up-to-date: /home/px4/ros2/ws/install/px4_ros_com/lib/px4_ros_com/debug_vect_advertiser\n'}
[1.636684] (px4_ros_com) StdoutLine: {'line': b'-- Up-to-date: /home/px4/ros2/ws/install/px4_ros_com/lib/px4_ros_com/offboard_control\n'}
[1.636941] (px4_ros_com) StdoutLine: {'line': b'-- Up-to-date: /home/px4/ros2/ws/install/px4_ros_com/lib/px4_ros_com/offboard_control_srv\n'}
[1.637095] (px4_ros_com) StdoutLine: {'line': b'-- Up-to-date: /home/px4/ros2/ws/install/px4_ros_com/share/px4_ros_com/environment/library_path.sh\n'}
[1.637245] (px4_ros_com) StdoutLine: {'line': b'-- Up-to-date: /home/px4/ros2/ws/install/px4_ros_com/share/px4_ros_com/environment/library_path.dsv\n'}
[1.637328] (px4_ros_com) StdoutLine: {'line': b'-- Up-to-date: /home/px4/ros2/ws/install/px4_ros_com/include/px4_ros_com\n'}
[1.637412] (px4_ros_com) StdoutLine: {'line': b'-- Up-to-date: /home/px4/ros2/ws/install/px4_ros_com/include/px4_ros_com/frame_transforms.h\n'}
[1.637477] (px4_ros_com) StdoutLine: {'line': b'-- Up-to-date: /home/px4/ros2/ws/install/px4_ros_com/lib/libframe_transforms.so\n'}
[1.637600] (px4_ros_com) StdoutLine: {'line': b'-- Up-to-date: /home/px4/ros2/ws/install/px4_ros_com/share/px4_ros_com//launch\n'}
[1.637682] (px4_ros_com) StdoutLine: {'line': b'-- Up-to-date: /home/px4/ros2/ws/install/px4_ros_com/share/px4_ros_com//launch/offboard_control_launch.yaml\n'}
[1.637758] (px4_ros_com) StdoutLine: {'line': b'-- Up-to-date: /home/px4/ros2/ws/install/px4_ros_com/share/px4_ros_com//launch/sensor_combined_listener.launch.py\n'}
[1.637848] (px4_ros_com) StdoutLine: {'line': b'-- Up-to-date: /home/px4/ros2/ws/install/px4_ros_com/share/px4_ros_com//test\n'}
[1.637952] (px4_ros_com) StdoutLine: {'line': b'-- Up-to-date: /home/px4/ros2/ws/install/px4_ros_com/share/px4_ros_com//test/pipeline_io_test.py\n'}
[1.638017] (px4_ros_com) StdoutLine: {'line': b'-- Up-to-date: /home/px4/ros2/ws/install/px4_ros_com/share/px4_ros_com//test/__init__.py\n'}
[1.638091] (px4_ros_com) StdoutLine: {'line': b'-- Up-to-date: /home/px4/ros2/ws/install/px4_ros_com/share/px4_ros_com//test/test_output.py\n'}
[1.638160] (px4_ros_com) StdoutLine: {'line': b'-- Up-to-date: /home/px4/ros2/ws/install/px4_ros_com/share/px4_ros_com//test/test_input.py\n'}
[1.638224] (px4_ros_com) StdoutLine: {'line': b'-- Up-to-date: /home/px4/ros2/ws/install/px4_ros_com/share/px4_ros_com/environment/pythonpath.sh\n'}
[1.638281] (px4_ros_com) StdoutLine: {'line': b'-- Up-to-date: /home/px4/ros2/ws/install/px4_ros_com/share/px4_ros_com/environment/pythonpath.dsv\n'}
[1.638335] (px4_ros_com) StdoutLine: {'line': b'-- Up-to-date: /home/px4/ros2/ws/install/px4_ros_com/local/lib/python3.10/dist-packages/px4_ros_com-0.1.0-py3.10.egg-info\n'}
[1.638398] (px4_ros_com) StdoutLine: {'line': b'-- Installing: /home/px4/ros2/ws/install/px4_ros_com/local/lib/python3.10/dist-packages/px4_ros_com-0.1.0-py3.10.egg-info/top_level.txt\n'}
[1.638449] (px4_ros_com) StdoutLine: {'line': b'-- Installing: /home/px4/ros2/ws/install/px4_ros_com/local/lib/python3.10/dist-packages/px4_ros_com-0.1.0-py3.10.egg-info/dependency_links.txt\n'}
[1.638499] (px4_ros_com) StdoutLine: {'line': b'-- Installing: /home/px4/ros2/ws/install/px4_ros_com/local/lib/python3.10/dist-packages/px4_ros_com-0.1.0-py3.10.egg-info/SOURCES.txt\n'}
[1.638564] (px4_ros_com) StdoutLine: {'line': b'-- Installing: /home/px4/ros2/ws/install/px4_ros_com/local/lib/python3.10/dist-packages/px4_ros_com-0.1.0-py3.10.egg-info/PKG-INFO\n'}
[1.638613] (px4_ros_com) StdoutLine: {'line': b'-- Up-to-date: /home/px4/ros2/ws/install/px4_ros_com/local/lib/python3.10/dist-packages/px4_ros_com\n'}
[1.638661] (px4_ros_com) StdoutLine: {'line': b'-- Up-to-date: /home/px4/ros2/ws/install/px4_ros_com/local/lib/python3.10/dist-packages/px4_ros_com/__init__.py\n'}
[1.638710] (px4_ros_com) StdoutLine: {'line': b'-- Up-to-date: /home/px4/ros2/ws/install/px4_ros_com/local/lib/python3.10/dist-packages/px4_ros_com/module_to_import.py\n'}
[1.664993] (px4_ros_com) StdoutLine: {'line': b"Listing '/home/px4/ros2/ws/install/px4_ros_com/local/lib/python3.10/dist-packages/px4_ros_com'...\n"}
[1.668386] (px4_ros_com) StdoutLine: {'line': b'-- Up-to-date: /home/px4/ros2/ws/install/px4_ros_com/lib/px4_ros_com/offboard_control.py\n'}
[1.668701] (px4_ros_com) StdoutLine: {'line': b'-- Up-to-date: /home/px4/ros2/ws/install/px4_ros_com/share/ament_index/resource_index/package_run_dependencies/px4_ros_com\n'}
[1.668908] (px4_ros_com) StdoutLine: {'line': b'-- Up-to-date: /home/px4/ros2/ws/install/px4_ros_com/share/ament_index/resource_index/parent_prefix_path/px4_ros_com\n'}
[1.669036] (px4_ros_com) StdoutLine: {'line': b'-- Up-to-date: /home/px4/ros2/ws/install/px4_ros_com/share/px4_ros_com/environment/ament_prefix_path.sh\n'}
[1.669143] (px4_ros_com) StdoutLine: {'line': b'-- Up-to-date: /home/px4/ros2/ws/install/px4_ros_com/share/px4_ros_com/environment/ament_prefix_path.dsv\n'}
[1.669348] (px4_ros_com) StdoutLine: {'line': b'-- Up-to-date: /home/px4/ros2/ws/install/px4_ros_com/share/px4_ros_com/environment/path.sh\n'}
[1.669439] (px4_ros_com) StdoutLine: {'line': b'-- Up-to-date: /home/px4/ros2/ws/install/px4_ros_com/share/px4_ros_com/environment/path.dsv\n'}
[1.669525] (px4_ros_com) StdoutLine: {'line': b'-- Up-to-date: /home/px4/ros2/ws/install/px4_ros_com/share/px4_ros_com/local_setup.bash\n'}
[1.669611] (px4_ros_com) StdoutLine: {'line': b'-- Up-to-date: /home/px4/ros2/ws/install/px4_ros_com/share/px4_ros_com/local_setup.sh\n'}
[1.669700] (px4_ros_com) StdoutLine: {'line': b'-- Up-to-date: /home/px4/ros2/ws/install/px4_ros_com/share/px4_ros_com/local_setup.zsh\n'}
[1.669794] (px4_ros_com) StdoutLine: {'line': b'-- Up-to-date: /home/px4/ros2/ws/install/px4_ros_com/share/px4_ros_com/local_setup.dsv\n'}
[1.669906] (px4_ros_com) StdoutLine: {'line': b'-- Installing: /home/px4/ros2/ws/install/px4_ros_com/share/px4_ros_com/package.dsv\n'}
[1.669994] (px4_ros_com) StdoutLine: {'line': b'-- Up-to-date: /home/px4/ros2/ws/install/px4_ros_com/share/ament_index/resource_index/packages/px4_ros_com\n'}
[1.670081] (px4_ros_com) StdoutLine: {'line': b'-- Up-to-date: /home/px4/ros2/ws/install/px4_ros_com/share/px4_ros_com/cmake/export_frame_transformsExport.cmake\n'}
[1.670166] (px4_ros_com) StdoutLine: {'line': b'-- Up-to-date: /home/px4/ros2/ws/install/px4_ros_com/share/px4_ros_com/cmake/export_frame_transformsExport-noconfig.cmake\n'}
[1.670309] (px4_ros_com) StdoutLine: {'line': b'-- Up-to-date: /home/px4/ros2/ws/install/px4_ros_com/share/px4_ros_com/cmake/ament_cmake_export_dependencies-extras.cmake\n'}
[1.670405] (px4_ros_com) StdoutLine: {'line': b'-- Up-to-date: /home/px4/ros2/ws/install/px4_ros_com/share/px4_ros_com/cmake/ament_cmake_export_targets-extras.cmake\n'}
[1.670497] (px4_ros_com) StdoutLine: {'line': b'-- Up-to-date: /home/px4/ros2/ws/install/px4_ros_com/share/px4_ros_com/cmake/ament_cmake_export_include_directories-extras.cmake\n'}
[1.670569] (px4_ros_com) StdoutLine: {'line': b'-- Up-to-date: /home/px4/ros2/ws/install/px4_ros_com/share/px4_ros_com/cmake/ament_cmake_export_libraries-extras.cmake\n'}
[1.670639] (px4_ros_com) StdoutLine: {'line': b'-- Up-to-date: /home/px4/ros2/ws/install/px4_ros_com/share/px4_ros_com/cmake/px4_ros_comConfig.cmake\n'}
[1.670708] (px4_ros_com) StdoutLine: {'line': b'-- Up-to-date: /home/px4/ros2/ws/install/px4_ros_com/share/px4_ros_com/cmake/px4_ros_comConfig-version.cmake\n'}
[1.670788] (px4_ros_com) StdoutLine: {'line': b'-- Up-to-date: /home/px4/ros2/ws/install/px4_ros_com/share/px4_ros_com/package.xml\n'}
[1.672664] (px4_ros_com) CommandEnded: {'returncode': 0}
[1.685073] (px4_ros_com) JobEnded: {'identifier': 'px4_ros_com', 'rc': 0}
[1.685704] (-) EventReactorShutdown: {}
