[0.000000] (-) TimerEvent: {}
[0.001284] (dron_nav_pkg) JobQueued: {'identifier': 'dron_nav_pkg', 'dependencies': OrderedDict()}
[0.001345] (px4_msgs) JobQueued: {'identifier': 'px4_msgs', 'dependencies': OrderedDict()}
[0.001383] (px4_ros_com) JobQueued: {'identifier': 'px4_ros_com', 'dependencies': OrderedDict([('px4_msgs', '/home/px4/ros2/ws/install/px4_msgs')])}
[0.001434] (px4_msgs) JobStarted: {'identifier': 'px4_msgs'}
[0.010867] (dron_nav_pkg) JobStarted: {'identifier': 'dron_nav_pkg'}
[0.019379] (px4_msgs) JobProgress: {'identifier': 'px4_msgs', 'progress': 'cmake'}
[0.019803] (px4_msgs) JobProgress: {'identifier': 'px4_msgs', 'progress': 'build'}
[0.020910] (px4_msgs) Command: {'cmd': ['/usr/bin/cmake', '--build', '/home/px4/ros2/ws/build/px4_msgs', '--', '-j16', '-l16'], 'cwd': '/home/px4/ros2/ws/build/px4_msgs', 'env': OrderedDict([('HOSTNAME', 'legion5'), ('SHLVL', '1'), ('LD_LIBRARY_PATH', '/opt/ros/humble/opt/rviz_ogre_vendor/lib:/opt/ros/humble/lib/x86_64-linux-gnu:/opt/ros/humble/lib'), ('HOME', '/root'), ('OLDPWD', '/home/px4/ros2'), ('ROS_PYTHON_VERSION', '3'), ('ROS_DISTRO', 'humble'), ('_', '/usr/bin/colcon'), ('ROS_VERSION', '2'), ('TERM', 'xterm'), ('ROS_LOCALHOST_ONLY', '0'), ('PATH', '/opt/ros/humble/bin:/usr/local/sbin:/usr/local/bin:/usr/sbin:/usr/bin:/sbin:/bin'), ('DISPLAY', ':1'), ('LANG', 'en_US.UTF-8'), ('LS_COLORS', 'rs=0:di=01;34:ln=01;36:mh=00:pi=40;33:so=01;35:do=01;35:bd=40;33;01:cd=40;33;01:or=40;31;01:mi=00:su=37;41:sg=30;43:ca=30;41:tw=30;42:ow=34;42:st=37;44:ex=01;32:*.tar=01;31:*.tgz=01;31:*.arc=01;31:*.arj=01;31:*.taz=01;31:*.lha=01;31:*.lz4=01;31:*.lzh=01;31:*.lzma=01;31:*.tlz=01;31:*.txz=01;31:*.tzo=01;31:*.t7z=01;31:*.zip=01;31:*.z=01;31:*.dz=01;31:*.gz=01;31:*.lrz=01;31:*.lz=01;31:*.lzo=01;31:*.xz=01;31:*.zst=01;31:*.tzst=01;31:*.bz2=01;31:*.bz=01;31:*.tbz=01;31:*.tbz2=01;31:*.tz=01;31:*.deb=01;31:*.rpm=01;31:*.jar=01;31:*.war=01;31:*.ear=01;31:*.sar=01;31:*.rar=01;31:*.alz=01;31:*.ace=01;31:*.zoo=01;31:*.cpio=01;31:*.7z=01;31:*.rz=01;31:*.cab=01;31:*.wim=01;31:*.swm=01;31:*.dwm=01;31:*.esd=01;31:*.jpg=01;35:*.jpeg=01;35:*.mjpg=01;35:*.mjpeg=01;35:*.gif=01;35:*.bmp=01;35:*.pbm=01;35:*.pgm=01;35:*.ppm=01;35:*.tga=01;35:*.xbm=01;35:*.xpm=01;35:*.tif=01;35:*.tiff=01;35:*.png=01;35:*.svg=01;35:*.svgz=01;35:*.mng=01;35:*.pcx=01;35:*.mov=01;35:*.mpg=01;35:*.mpeg=01;35:*.m2v=01;35:*.mkv=01;35:*.webm=01;35:*.webp=01;35:*.ogm=01;35:*.mp4=01;35:*.m4v=01;35:*.mp4v=01;35:*.vob=01;35:*.qt=01;35:*.nuv=01;35:*.wmv=01;35:*.asf=01;35:*.rm=01;35:*.rmvb=01;35:*.flc=01;35:*.avi=01;35:*.fli=01;35:*.flv=01;35:*.gl=01;35:*.dl=01;35:*.xcf=01;35:*.xwd=01;35:*.yuv=01;35:*.cgm=01;35:*.emf=01;35:*.ogv=01;35:*.ogx=01;35:*.aac=00;36:*.au=00;36:*.flac=00;36:*.m4a=00;36:*.mid=00;36:*.midi=00;36:*.mka=00;36:*.mp3=00;36:*.mpc=00;36:*.ogg=00;36:*.ra=00;36:*.wav=00;36:*.oga=00;36:*.opus=00;36:*.spx=00;36:*.xspf=00;36:'), ('ROS_DOMAIN_ID', '0'), ('AMENT_PREFIX_PATH', '/opt/ros/humble'), ('DEBIAN_FRONTEND', 'noninteractive'), ('PWD', '/home/px4/ros2/ws/build/px4_msgs'), ('LC_ALL', 'en_US.UTF-8'), ('PYTHONPATH', '/opt/ros/humble/lib/python3.10/site-packages:/opt/ros/humble/local/lib/python3.10/dist-packages'), ('COLCON', '1'), ('CMAKE_PREFIX_PATH', '/opt/ros/humble')]), 'shell': False}
[0.099598] (-) TimerEvent: {}
[0.200005] (-) TimerEvent: {}
[0.300358] (-) TimerEvent: {}
[0.400803] (-) TimerEvent: {}
[0.501223] (-) TimerEvent: {}
[0.601579] (-) TimerEvent: {}
[0.701925] (-) TimerEvent: {}
[0.712854] (dron_nav_pkg) Command: {'cmd': ['/usr/bin/python3', '-W', 'ignore:setup.py install is deprecated', '-W', 'ignore:easy_install command is deprecated', 'setup.py', 'egg_info', '--egg-base', '../../build/dron_nav_pkg', 'build', '--build-base', '/home/px4/ros2/ws/build/dron_nav_pkg/build', 'install', '--record', '/home/px4/ros2/ws/build/dron_nav_pkg/install.log', '--single-version-externally-managed', 'install_data'], 'cwd': '/home/px4/ros2/ws/src/dron_nav_pkg', 'env': {'HOSTNAME': 'legion5', 'SHLVL': '1', 'LD_LIBRARY_PATH': '/opt/ros/humble/opt/rviz_ogre_vendor/lib:/opt/ros/humble/lib/x86_64-linux-gnu:/opt/ros/humble/lib', 'HOME': '/root', 'OLDPWD': '/home/px4/ros2', 'ROS_PYTHON_VERSION': '3', 'ROS_DISTRO': 'humble', '_': '/usr/bin/colcon', 'ROS_VERSION': '2', 'TERM': 'xterm', 'ROS_LOCALHOST_ONLY': '0', 'PATH': '/opt/ros/humble/bin:/usr/local/sbin:/usr/local/bin:/usr/sbin:/usr/bin:/sbin:/bin', 'DISPLAY': ':1', 'LANG': 'en_US.UTF-8', 'LS_COLORS': 'rs=0:di=01;34:ln=01;36:mh=00:pi=40;33:so=01;35:do=01;35:bd=40;33;01:cd=40;33;01:or=40;31;01:mi=00:su=37;41:sg=30;43:ca=30;41:tw=30;42:ow=34;42:st=37;44:ex=01;32:*.tar=01;31:*.tgz=01;31:*.arc=01;31:*.arj=01;31:*.taz=01;31:*.lha=01;31:*.lz4=01;31:*.lzh=01;31:*.lzma=01;31:*.tlz=01;31:*.txz=01;31:*.tzo=01;31:*.t7z=01;31:*.zip=01;31:*.z=01;31:*.dz=01;31:*.gz=01;31:*.lrz=01;31:*.lz=01;31:*.lzo=01;31:*.xz=01;31:*.zst=01;31:*.tzst=01;31:*.bz2=01;31:*.bz=01;31:*.tbz=01;31:*.tbz2=01;31:*.tz=01;31:*.deb=01;31:*.rpm=01;31:*.jar=01;31:*.war=01;31:*.ear=01;31:*.sar=01;31:*.rar=01;31:*.alz=01;31:*.ace=01;31:*.zoo=01;31:*.cpio=01;31:*.7z=01;31:*.rz=01;31:*.cab=01;31:*.wim=01;31:*.swm=01;31:*.dwm=01;31:*.esd=01;31:*.jpg=01;35:*.jpeg=01;35:*.mjpg=01;35:*.mjpeg=01;35:*.gif=01;35:*.bmp=01;35:*.pbm=01;35:*.pgm=01;35:*.ppm=01;35:*.tga=01;35:*.xbm=01;35:*.xpm=01;35:*.tif=01;35:*.tiff=01;35:*.png=01;35:*.svg=01;35:*.svgz=01;35:*.mng=01;35:*.pcx=01;35:*.mov=01;35:*.mpg=01;35:*.mpeg=01;35:*.m2v=01;35:*.mkv=01;35:*.webm=01;35:*.webp=01;35:*.ogm=01;35:*.mp4=01;35:*.m4v=01;35:*.mp4v=01;35:*.vob=01;35:*.qt=01;35:*.nuv=01;35:*.wmv=01;35:*.asf=01;35:*.rm=01;35:*.rmvb=01;35:*.flc=01;35:*.avi=01;35:*.fli=01;35:*.flv=01;35:*.gl=01;35:*.dl=01;35:*.xcf=01;35:*.xwd=01;35:*.yuv=01;35:*.cgm=01;35:*.emf=01;35:*.ogv=01;35:*.ogx=01;35:*.aac=00;36:*.au=00;36:*.flac=00;36:*.m4a=00;36:*.mid=00;36:*.midi=00;36:*.mka=00;36:*.mp3=00;36:*.mpc=00;36:*.ogg=00;36:*.ra=00;36:*.wav=00;36:*.oga=00;36:*.opus=00;36:*.spx=00;36:*.xspf=00;36:', 'ROS_DOMAIN_ID': '0', 'AMENT_PREFIX_PATH': '/opt/ros/humble', 'DEBIAN_FRONTEND': 'noninteractive', 'PWD': '/home/px4/ros2/ws/build/dron_nav_pkg', 'LC_ALL': 'en_US.UTF-8', 'PYTHONPATH': '/home/px4/ros2/ws/build/dron_nav_pkg/prefix_override:/usr/lib/python3/dist-packages/colcon_core/task/python/colcon_distutils_commands:/home/px4/ros2/ws/install/dron_nav_pkg/lib/python3.10/site-packages:/opt/ros/humble/lib/python3.10/site-packages:/opt/ros/humble/local/lib/python3.10/dist-packages', 'COLCON': '1'}, 'shell': False}
[0.802057] (-) TimerEvent: {}
[0.902394] (-) TimerEvent: {}
[0.954881] (px4_msgs) StdoutLine: {'line': b'[  0%] Built target px4_msgs__cpp\n'}
[0.981636] (dron_nav_pkg) StdoutLine: {'line': b'running egg_info\n'}
[0.982453] (dron_nav_pkg) StdoutLine: {'line': b'writing ../../build/dron_nav_pkg/dron_nav_pkg.egg-info/PKG-INFO\n'}
[0.982676] (dron_nav_pkg) StdoutLine: {'line': b'writing dependency_links to ../../build/dron_nav_pkg/dron_nav_pkg.egg-info/dependency_links.txt\n'}
[0.982844] (dron_nav_pkg) StdoutLine: {'line': b'writing entry points to ../../build/dron_nav_pkg/dron_nav_pkg.egg-info/entry_points.txt\n'}
[0.982999] (dron_nav_pkg) StdoutLine: {'line': b'writing requirements to ../../build/dron_nav_pkg/dron_nav_pkg.egg-info/requires.txt\n'}
[0.983149] (dron_nav_pkg) StdoutLine: {'line': b'writing top-level names to ../../build/dron_nav_pkg/dron_nav_pkg.egg-info/top_level.txt\n'}
[0.984846] (dron_nav_pkg) StdoutLine: {'line': b"reading manifest file '../../build/dron_nav_pkg/dron_nav_pkg.egg-info/SOURCES.txt'\n"}
[0.985772] (dron_nav_pkg) StdoutLine: {'line': b"writing manifest file '../../build/dron_nav_pkg/dron_nav_pkg.egg-info/SOURCES.txt'\n"}
[0.985957] (dron_nav_pkg) StdoutLine: {'line': b'running build\n'}
[0.986070] (dron_nav_pkg) StdoutLine: {'line': b'running build_py\n'}
[0.986216] (dron_nav_pkg) StdoutLine: {'line': b'copying dron_nav_pkg/dron_nav_pkg.py -> /home/px4/ros2/ws/build/dron_nav_pkg/build/lib/dron_nav_pkg\n'}
[0.986356] (dron_nav_pkg) StdoutLine: {'line': b'running install\n'}
[0.986674] (dron_nav_pkg) StdoutLine: {'line': b'running install_lib\n'}
[0.987477] (dron_nav_pkg) StdoutLine: {'line': b'copying /home/px4/ros2/ws/build/dron_nav_pkg/build/lib/dron_nav_pkg/dron_nav_pkg.py -> /home/px4/ros2/ws/install/dron_nav_pkg/lib/python3.10/site-packages/dron_nav_pkg\n'}
[0.988186] (dron_nav_pkg) StdoutLine: {'line': b'byte-compiling /home/px4/ros2/ws/install/dron_nav_pkg/lib/python3.10/site-packages/dron_nav_pkg/dron_nav_pkg.py to dron_nav_pkg.cpython-310.pyc\n'}
[0.991130] (dron_nav_pkg) StdoutLine: {'line': b'running install_data\n'}
[0.991356] (dron_nav_pkg) StdoutLine: {'line': b'running install_egg_info\n'}
[0.993053] (dron_nav_pkg) StdoutLine: {'line': b"removing '/home/px4/ros2/ws/install/dron_nav_pkg/lib/python3.10/site-packages/dron_nav_pkg-0.0.0-py3.10.egg-info' (and everything under it)\n"}
[0.993471] (dron_nav_pkg) StdoutLine: {'line': b'Copying ../../build/dron_nav_pkg/dron_nav_pkg.egg-info to /home/px4/ros2/ws/install/dron_nav_pkg/lib/python3.10/site-packages/dron_nav_pkg-0.0.0-py3.10.egg-info\n'}
[0.994578] (dron_nav_pkg) StdoutLine: {'line': b'running install_scripts\n'}
[0.997133] (px4_msgs) StdoutLine: {'line': b'[ 12%] Built target px4_msgs__rosidl_generator_c\n'}
[1.002519] (-) TimerEvent: {}
[1.025596] (dron_nav_pkg) StdoutLine: {'line': b'Installing dron_nav_pkg script to /home/px4/ros2/ws/install/dron_nav_pkg/lib/dron_nav_pkg\n'}
[1.025939] (dron_nav_pkg) StdoutLine: {'line': b"writing list of installed files to '/home/px4/ros2/ws/build/dron_nav_pkg/install.log'\n"}
[1.027620] (px4_msgs) StdoutLine: {'line': b'[ 12%] Built target ament_cmake_python_copy_px4_msgs\n'}
[1.076087] (dron_nav_pkg) CommandEnded: {'returncode': 0}
[1.090993] (px4_msgs) StdoutLine: {'line': b'[ 25%] Built target px4_msgs__rosidl_typesupport_c\n'}
[1.098458] (dron_nav_pkg) JobEnded: {'identifier': 'dron_nav_pkg', 'rc': 0}
[1.102619] (-) TimerEvent: {}
[1.104470] (px4_msgs) StdoutLine: {'line': b'[ 37%] Built target px4_msgs__rosidl_typesupport_cpp\n'}
[1.119466] (px4_msgs) StdoutLine: {'line': b'[ 63%] Built target px4_msgs__rosidl_typesupport_introspection_cpp\n'}
[1.119724] (px4_msgs) StdoutLine: {'line': b'[ 63%] Built target px4_msgs__rosidl_typesupport_introspection_c\n'}
[1.133432] (px4_msgs) StdoutLine: {'line': b'[ 75%] Built target px4_msgs__rosidl_typesupport_fastrtps_cpp\n'}
[1.175187] (px4_msgs) StdoutLine: {'line': b'[ 88%] Built target px4_msgs__rosidl_typesupport_fastrtps_c\n'}
[1.202517] (px4_msgs) StdoutLine: {'line': b'[ 88%] Built target px4_msgs\n'}
[1.202754] (-) TimerEvent: {}
[1.245552] (px4_msgs) StdoutLine: {'line': b'[ 88%] Built target px4_msgs__py\n'}
[1.302906] (-) TimerEvent: {}
[1.325615] (px4_msgs) StdoutLine: {'line': b'running egg_info\n'}
[1.326480] (px4_msgs) StdoutLine: {'line': b'writing px4_msgs.egg-info/PKG-INFO\n'}
[1.326815] (px4_msgs) StdoutLine: {'line': b'writing dependency_links to px4_msgs.egg-info/dependency_links.txt\n'}
[1.327020] (px4_msgs) StdoutLine: {'line': b'writing top-level names to px4_msgs.egg-info/top_level.txt\n'}
[1.332697] (px4_msgs) StdoutLine: {'line': b"reading manifest file 'px4_msgs.egg-info/SOURCES.txt'\n"}
[1.336889] (px4_msgs) StdoutLine: {'line': b"writing manifest file 'px4_msgs.egg-info/SOURCES.txt'\n"}
[1.368865] (px4_msgs) StdoutLine: {'line': b'[ 88%] Built target ament_cmake_python_build_px4_msgs_egg\n'}
[1.375163] (px4_msgs) StdoutLine: {'line': b'[100%] Built target px4_msgs__rosidl_generator_py\n'}
[1.403050] (-) TimerEvent: {}
[1.411798] (px4_msgs) StdoutLine: {'line': b'[100%] Built target px4_msgs__rosidl_typesupport_introspection_c__pyext\n'}
[1.412061] (px4_msgs) StdoutLine: {'line': b'[100%] Built target px4_msgs__rosidl_typesupport_c__pyext\n'}
[1.412169] (px4_msgs) StdoutLine: {'line': b'[100%] Built target px4_msgs__rosidl_typesupport_fastrtps_c__pyext\n'}
[1.432196] (px4_msgs) CommandEnded: {'returncode': 0}
[1.433175] (px4_msgs) JobProgress: {'identifier': 'px4_msgs', 'progress': 'install'}
[1.445864] (px4_msgs) Command: {'cmd': ['/usr/bin/cmake', '--install', '/home/px4/ros2/ws/build/px4_msgs'], 'cwd': '/home/px4/ros2/ws/build/px4_msgs', 'env': OrderedDict([('HOSTNAME', 'legion5'), ('SHLVL', '1'), ('LD_LIBRARY_PATH', '/opt/ros/humble/opt/rviz_ogre_vendor/lib:/opt/ros/humble/lib/x86_64-linux-gnu:/opt/ros/humble/lib'), ('HOME', '/root'), ('OLDPWD', '/home/px4/ros2'), ('ROS_PYTHON_VERSION', '3'), ('ROS_DISTRO', 'humble'), ('_', '/usr/bin/colcon'), ('ROS_VERSION', '2'), ('TERM', 'xterm'), ('ROS_LOCALHOST_ONLY', '0'), ('PATH', '/opt/ros/humble/bin:/usr/local/sbin:/usr/local/bin:/usr/sbin:/usr/bin:/sbin:/bin'), ('DISPLAY', ':1'), ('LANG', 'en_US.UTF-8'), ('LS_COLORS', 'rs=0:di=01;34:ln=01;36:mh=00:pi=40;33:so=01;35:do=01;35:bd=40;33;01:cd=40;33;01:or=40;31;01:mi=00:su=37;41:sg=30;43:ca=30;41:tw=30;42:ow=34;42:st=37;44:ex=01;32:*.tar=01;31:*.tgz=01;31:*.arc=01;31:*.arj=01;31:*.taz=01;31:*.lha=01;31:*.lz4=01;31:*.lzh=01;31:*.lzma=01;31:*.tlz=01;31:*.txz=01;31:*.tzo=01;31:*.t7z=01;31:*.zip=01;31:*.z=01;31:*.dz=01;31:*.gz=01;31:*.lrz=01;31:*.lz=01;31:*.lzo=01;31:*.xz=01;31:*.zst=01;31:*.tzst=01;31:*.bz2=01;31:*.bz=01;31:*.tbz=01;31:*.tbz2=01;31:*.tz=01;31:*.deb=01;31:*.rpm=01;31:*.jar=01;31:*.war=01;31:*.ear=01;31:*.sar=01;31:*.rar=01;31:*.alz=01;31:*.ace=01;31:*.zoo=01;31:*.cpio=01;31:*.7z=01;31:*.rz=01;31:*.cab=01;31:*.wim=01;31:*.swm=01;31:*.dwm=01;31:*.esd=01;31:*.jpg=01;35:*.jpeg=01;35:*.mjpg=01;35:*.mjpeg=01;35:*.gif=01;35:*.bmp=01;35:*.pbm=01;35:*.pgm=01;35:*.ppm=01;35:*.tga=01;35:*.xbm=01;35:*.xpm=01;35:*.tif=01;35:*.tiff=01;35:*.png=01;35:*.svg=01;35:*.svgz=01;35:*.mng=01;35:*.pcx=01;35:*.mov=01;35:*.mpg=01;35:*.mpeg=01;35:*.m2v=01;35:*.mkv=01;35:*.webm=01;35:*.webp=01;35:*.ogm=01;35:*.mp4=01;35:*.m4v=01;35:*.mp4v=01;35:*.vob=01;35:*.qt=01;35:*.nuv=01;35:*.wmv=01;35:*.asf=01;35:*.rm=01;35:*.rmvb=01;35:*.flc=01;35:*.avi=01;35:*.fli=01;35:*.flv=01;35:*.gl=01;35:*.dl=01;35:*.xcf=01;35:*.xwd=01;35:*.yuv=01;35:*.cgm=01;35:*.emf=01;35:*.ogv=01;35:*.ogx=01;35:*.aac=00;36:*.au=00;36:*.flac=00;36:*.m4a=00;36:*.mid=00;36:*.midi=00;36:*.mka=00;36:*.mp3=00;36:*.mpc=00;36:*.ogg=00;36:*.ra=00;36:*.wav=00;36:*.oga=00;36:*.opus=00;36:*.spx=00;36:*.xspf=00;36:'), ('ROS_DOMAIN_ID', '0'), ('AMENT_PREFIX_PATH', '/opt/ros/humble'), ('DEBIAN_FRONTEND', 'noninteractive'), ('PWD', '/home/px4/ros2/ws/build/px4_msgs'), ('LC_ALL', 'en_US.UTF-8'), ('PYTHONPATH', '/opt/ros/humble/lib/python3.10/site-packages:/opt/ros/humble/local/lib/python3.10/dist-packages'), ('COLCON', '1'), ('CMAKE_PREFIX_PATH', '/opt/ros/humble')]), 'shell': False}
[1.458587] (px4_msgs) StdoutLine: {'line': b'-- Install configuration: ""\n'}
[1.458888] (px4_msgs) StdoutLine: {'line': b'-- Up-to-date: /home/px4/ros2/ws/install/px4_msgs/share/ament_index/resource_index/rosidl_interfaces/px4_msgs\n'}
[1.459043] (px4_msgs) StdoutLine: {'line': b'-- Up-to-date: /home/px4/ros2/ws/install/px4_msgs/include/px4_msgs/px4_msgs\n'}
[1.459140] (px4_msgs) StdoutLine: {'line': b'-- Up-to-date: /home/px4/ros2/ws/install/px4_msgs/include/px4_msgs/px4_msgs/msg\n'}
[1.459301] (px4_msgs) StdoutLine: {'line': b'-- Up-to-date: /home/px4/ros2/ws/install/px4_msgs/include/px4_msgs/px4_msgs/msg/input_rc.h\n'}
[1.459404] (px4_msgs) StdoutLine: {'line': b'-- Up-to-date: /home/px4/ros2/ws/install/px4_msgs/include/px4_msgs/px4_msgs/msg/distance_sensor.h\n'}
[1.459594] (px4_msgs) StdoutLine: {'line': b'-- Up-to-date: /home/px4/ros2/ws/install/px4_msgs/include/px4_msgs/px4_msgs/msg/radio_status.h\n'}
[1.459705] (px4_msgs) StdoutLine: {'line': b'-- Up-to-date: /home/px4/ros2/ws/install/px4_msgs/include/px4_msgs/px4_msgs/msg/sensor_gps.h\n'}
[1.459800] (px4_msgs) StdoutLine: {'line': b'-- Up-to-date: /home/px4/ros2/ws/install/px4_msgs/include/px4_msgs/px4_msgs/msg/pure_pursuit_status.h\n'}
[1.459896] (px4_msgs) StdoutLine: {'line': b'-- Up-to-date: /home/px4/ros2/ws/install/px4_msgs/include/px4_msgs/px4_msgs/msg/health_report.h\n'}
[1.460085] (px4_msgs) StdoutLine: {'line': b'-- Up-to-date: /home/px4/ros2/ws/install/px4_msgs/include/px4_msgs/px4_msgs/msg/gimbal_controls.h\n'}
[1.460219] (px4_msgs) StdoutLine: {'line': b'-- Up-to-date: /home/px4/ros2/ws/install/px4_msgs/include/px4_msgs/px4_msgs/msg/config_overrides.h\n'}
[1.460344] (px4_msgs) StdoutLine: {'line': b'-- Up-to-date: /home/px4/ros2/ws/install/px4_msgs/include/px4_msgs/px4_msgs/msg/vehicle_command_ack.h\n'}
[1.460479] (px4_msgs) StdoutLine: {'line': b'-- Up-to-date: /home/px4/ros2/ws/install/px4_msgs/include/px4_msgs/px4_msgs/msg/orb_test_medium.h\n'}
[1.460818] (px4_msgs) StdoutLine: {'line': b'-- Up-to-date: /home/px4/ros2/ws/install/px4_msgs/include/px4_msgs/px4_msgs/msg/led_control.h\n'}
[1.460984] (px4_msgs) StdoutLine: {'line': b'-- Up-to-date: /home/px4/ros2/ws/install/px4_msgs/include/px4_msgs/px4_msgs/msg/uavcan_parameter_value.h\n'}
[1.461095] (px4_msgs) StdoutLine: {'line': b'-- Up-to-date: /home/px4/ros2/ws/install/px4_msgs/include/px4_msgs/px4_msgs/msg/gps_inject_data.h\n'}
[1.461190] (px4_msgs) StdoutLine: {'line': b'-- Up-to-date: /home/px4/ros2/ws/install/px4_msgs/include/px4_msgs/px4_msgs/msg/airspeed_wind.h\n'}
[1.461273] (px4_msgs) StdoutLine: {'line': b'-- Up-to-date: /home/px4/ros2/ws/install/px4_msgs/include/px4_msgs/px4_msgs/msg/estimator_selector_status.h\n'}
[1.461365] (px4_msgs) StdoutLine: {'line': b'-- Up-to-date: /home/px4/ros2/ws/install/px4_msgs/include/px4_msgs/px4_msgs/msg/actuator_servos.h\n'}
[1.461433] (px4_msgs) StdoutLine: {'line': b'-- Up-to-date: /home/px4/ros2/ws/install/px4_msgs/include/px4_msgs/px4_msgs/msg/estimator_aid_source1d.h\n'}
[1.461518] (px4_msgs) StdoutLine: {'line': b'-- Up-to-date: /home/px4/ros2/ws/install/px4_msgs/include/px4_msgs/px4_msgs/msg/vehicle_magnetometer.h\n'}
[1.461611] (px4_msgs) StdoutLine: {'line': b'-- Up-to-date: /home/px4/ros2/ws/install/px4_msgs/include/px4_msgs/px4_msgs/msg/vehicle_rates_setpoint.h\n'}
[1.461678] (px4_msgs) StdoutLine: {'line': b'-- Up-to-date: /home/px4/ros2/ws/install/px4_msgs/include/px4_msgs/px4_msgs/msg/collision_constraints.h\n'}
[1.461741] (px4_msgs) StdoutLine: {'line': b'-- Up-to-date: /home/px4/ros2/ws/install/px4_msgs/include/px4_msgs/px4_msgs/msg/orb_test.h\n'}
[1.461857] (px4_msgs) StdoutLine: {'line': b'-- Up-to-date: /home/px4/ros2/ws/install/px4_msgs/include/px4_msgs/px4_msgs/msg/ping.h\n'}
[1.461924] (px4_msgs) StdoutLine: {'line': b'-- Up-to-date: /home/px4/ros2/ws/install/px4_msgs/include/px4_msgs/px4_msgs/msg/actuator_motors.h\n'}
[1.462062] (px4_msgs) StdoutLine: {'line': b'-- Up-to-date: /home/px4/ros2/ws/install/px4_msgs/include/px4_msgs/px4_msgs/msg/geofence_status.h\n'}
[1.462179] (px4_msgs) StdoutLine: {'line': b'-- Up-to-date: /home/px4/ros2/ws/install/px4_msgs/include/px4_msgs/px4_msgs/msg/estimator_sensor_bias.h\n'}
[1.462332] (px4_msgs) StdoutLine: {'line': b'-- Up-to-date: /home/px4/ros2/ws/install/px4_msgs/include/px4_msgs/px4_msgs/msg/sensor_combined.h\n'}
[1.462416] (px4_msgs) StdoutLine: {'line': b'-- Up-to-date: /home/px4/ros2/ws/install/px4_msgs/include/px4_msgs/px4_msgs/msg/generator_status.h\n'}
[1.462640] (px4_msgs) StdoutLine: {'line': b'-- Up-to-date: /home/px4/ros2/ws/install/px4_msgs/include/px4_msgs/px4_msgs/msg/register_ext_component_request.h\n'}
[1.462728] (px4_msgs) StdoutLine: {'line': b'-- Up-to-date: /home/px4/ros2/ws/install/px4_msgs/include/px4_msgs/px4_msgs/msg/vehicle_angular_acceleration_setpoint.h\n'}
[1.462816] (px4_msgs) StdoutLine: {'line': b'-- Up-to-date: /home/px4/ros2/ws/install/px4_msgs/include/px4_msgs/px4_msgs/msg/pwm_input.h\n'}
[1.462987] (px4_msgs) StdoutLine: {'line': b'-- Up-to-date: /home/px4/ros2/ws/install/px4_msgs/include/px4_msgs/px4_msgs/msg/rover_velocity_setpoint.h\n'}
[1.463085] (px4_msgs) StdoutLine: {'line': b'-- Up-to-date: /home/px4/ros2/ws/install/px4_msgs/include/px4_msgs/px4_msgs/msg/ulog_stream_ack.h\n'}
[1.463168] (px4_msgs) StdoutLine: {'line': b'-- Up-to-date: /home/px4/ros2/ws/install/px4_msgs/include/px4_msgs/px4_msgs/msg/vehicle_optical_flow_vel.h\n'}
[1.463247] (px4_msgs) StdoutLine: {'line': b'-- Up-to-date: /home/px4/ros2/ws/install/px4_msgs/include/px4_msgs/px4_msgs/msg/vehicle_thrust_setpoint.h\n'}
[1.463434] (px4_msgs) StdoutLine: {'line': b'-- Up-to-date: /home/px4/ros2/ws/install/px4_msgs/include/px4_msgs/px4_msgs/msg/mavlink_tunnel.h\n'}
[1.463573] (px4_msgs) StdoutLine: {'line': b'-- Up-to-date: /home/px4/ros2/ws/install/px4_msgs/include/px4_msgs/px4_msgs/msg/follow_target_estimator.h\n'}
[1.463655] (px4_msgs) StdoutLine: {'line': b'-- Up-to-date: /home/px4/ros2/ws/install/px4_msgs/include/px4_msgs/px4_msgs/msg/gimbal_manager_set_manual_control.h\n'}
[1.463741] (px4_msgs) StdoutLine: {'line': b'-- Up-to-date: /home/px4/ros2/ws/install/px4_msgs/include/px4_msgs/px4_msgs/msg/camera_capture.h\n'}
[1.463822] (px4_msgs) StdoutLine: {'line': b'-- Up-to-date: /home/px4/ros2/ws/install/px4_msgs/include/px4_msgs/px4_msgs/msg/mount_orientation.h\n'}
[1.463903] (px4_msgs) StdoutLine: {'line': b'-- Up-to-date: /home/px4/ros2/ws/install/px4_msgs/include/px4_msgs/px4_msgs/msg/rover_attitude_status.h\n'}
[1.464014] (px4_msgs) StdoutLine: {'line': b'-- Up-to-date: /home/px4/ros2/ws/install/px4_msgs/include/px4_msgs/px4_msgs/msg/parameter_update.h\n'}
[1.464094] (px4_msgs) StdoutLine: {'line': b'-- Up-to-date: /home/px4/ros2/ws/install/px4_msgs/include/px4_msgs/px4_msgs/msg/qshell_retval.h\n'}
[1.464172] (px4_msgs) StdoutLine: {'line': b'-- Up-to-date: /home/px4/ros2/ws/install/px4_msgs/include/px4_msgs/px4_msgs/msg/gpio_request.h\n'}
[1.464252] (px4_msgs) StdoutLine: {'line': b'-- Up-to-date: /home/px4/ros2/ws/install/px4_msgs/include/px4_msgs/px4_msgs/msg/detail\n'}
[1.464381] (px4_msgs) StdoutLine: {'line': b'-- Up-to-date: /home/px4/ros2/ws/install/px4_msgs/include/px4_msgs/px4_msgs/msg/detail/input_rc__functions.c\n'}
[1.464465] (px4_msgs) StdoutLine: {'line': b'-- Up-to-date: /home/px4/ros2/ws/install/px4_msgs/include/px4_msgs/px4_msgs/msg/detail/sensor_mag__functions.h\n'}
[1.464565] (px4_msgs) StdoutLine: {'line': b'-- Up-to-date: /home/px4/ros2/ws/install/px4_msgs/include/px4_msgs/px4_msgs/msg/detail/vehicle_command__struct.h\n'}
[1.464650] (px4_msgs) StdoutLine: {'line': b'-- Up-to-date: /home/px4/ros2/ws/install/px4_msgs/include/px4_msgs/px4_msgs/msg/detail/rtl_status__functions.h\n'}
[1.464728] (px4_msgs) StdoutLine: {'line': b'-- Up-to-date: /home/px4/ros2/ws/install/px4_msgs/include/px4_msgs/px4_msgs/msg/detail/figure_eight_status__type_support.h\n'}
[1.464805] (px4_msgs) StdoutLine: {'line': b'-- Up-to-date: /home/px4/ros2/ws/install/px4_msgs/include/px4_msgs/px4_msgs/msg/detail/fixed_wing_lateral_setpoint__functions.h\n'}
[1.464882] (px4_msgs) StdoutLine: {'line': b'-- Up-to-date: /home/px4/ros2/ws/install/px4_msgs/include/px4_msgs/px4_msgs/msg/detail/sensor_optical_flow__type_support.h\n'}
[1.464962] (px4_msgs) StdoutLine: {'line': b'-- Up-to-date: /home/px4/ros2/ws/install/px4_msgs/include/px4_msgs/px4_msgs/msg/detail/distance_sensor_mode_change_request__struct.h\n'}
[1.465041] (px4_msgs) StdoutLine: {'line': b'-- Up-to-date: /home/px4/ros2/ws/install/px4_msgs/include/px4_msgs/px4_msgs/msg/detail/rover_rate_status__functions.h\n'}
[1.465117] (px4_msgs) StdoutLine: {'line': b'-- Up-to-date: /home/px4/ros2/ws/install/px4_msgs/include/px4_msgs/px4_msgs/msg/detail/dataman_response__functions.h\n'}
[1.465222] (px4_msgs) StdoutLine: {'line': b'-- Up-to-date: /home/px4/ros2/ws/install/px4_msgs/include/px4_msgs/px4_msgs/msg/detail/lateral_control_configuration__type_support.h\n'}
[1.465302] (px4_msgs) StdoutLine: {'line': b'-- Up-to-date: /home/px4/ros2/ws/install/px4_msgs/include/px4_msgs/px4_msgs/msg/detail/magnetometer_bias_estimate__struct.h\n'}
[1.465385] (px4_msgs) StdoutLine: {'line': b'-- Up-to-date: /home/px4/ros2/ws/install/px4_msgs/include/px4_msgs/px4_msgs/msg/detail/follow_target_estimator__struct.h\n'}
[1.465596] (px4_msgs) StdoutLine: {'line': b'-- Up-to-date: /home/px4/ros2/ws/install/px4_msgs/include/px4_msgs/px4_msgs/msg/detail/estimator_bias3d__struct.h\n'}
[1.465728] (px4_msgs) StdoutLine: {'line': b'-- Up-to-date: /home/px4/ros2/ws/install/px4_msgs/include/px4_msgs/px4_msgs/msg/detail/manual_control_switches__type_support.h\n'}
[1.465820] (px4_msgs) StdoutLine: {'line': b'-- Up-to-date: /home/px4/ros2/ws/install/px4_msgs/include/px4_msgs/px4_msgs/msg/detail/magnetometer_bias_estimate__functions.h\n'}
[1.465909] (px4_msgs) StdoutLine: {'line': b'-- Up-to-date: /home/px4/ros2/ws/install/px4_msgs/include/px4_msgs/px4_msgs/msg/detail/manual_control_setpoint__functions.c\n'}
[1.465999] (px4_msgs) StdoutLine: {'line': b'-- Up-to-date: /home/px4/ros2/ws/install/px4_msgs/include/px4_msgs/px4_msgs/msg/detail/vtol_vehicle_status__functions.c\n'}
[1.466132] (px4_msgs) StdoutLine: {'line': b'-- Up-to-date: /home/px4/ros2/ws/install/px4_msgs/include/px4_msgs/px4_msgs/msg/detail/task_stack_info__functions.h\n'}
[1.466237] (px4_msgs) StdoutLine: {'line': b'-- Up-to-date: /home/px4/ros2/ws/install/px4_msgs/include/px4_msgs/px4_msgs/msg/detail/camera_status__struct.h\n'}
[1.466673] (px4_msgs) StdoutLine: {'line': b'-- Up-to-date: /home/px4/ros2/ws/install/px4_msgs/include/px4_msgs/px4_msgs/msg/detail/camera_status__functions.h\n'}
[1.466776] (px4_msgs) StdoutLine: {'line': b'-- Up-to-date: /home/px4/ros2/ws/install/px4_msgs/include/px4_msgs/px4_msgs/msg/detail/estimator_aid_source2d__functions.c\n'}
[1.466863] (px4_msgs) StdoutLine: {'line': b'-- Up-to-date: /home/px4/ros2/ws/install/px4_msgs/include/px4_msgs/px4_msgs/msg/detail/config_overrides__functions.c\n'}
[1.466949] (px4_msgs) StdoutLine: {'line': b'-- Up-to-date: /home/px4/ros2/ws/install/px4_msgs/include/px4_msgs/px4_msgs/msg/detail/battery_status__struct.h\n'}
[1.467035] (px4_msgs) StdoutLine: {'line': b'-- Up-to-date: /home/px4/ros2/ws/install/px4_msgs/include/px4_msgs/px4_msgs/msg/detail/distance_sensor_mode_change_request__functions.c\n'}
[1.467122] (px4_msgs) StdoutLine: {'line': b'-- Up-to-date: /home/px4/ros2/ws/install/px4_msgs/include/px4_msgs/px4_msgs/msg/detail/parameter_update__struct.h\n'}
[1.467212] (px4_msgs) StdoutLine: {'line': b'-- Up-to-date: /home/px4/ros2/ws/install/px4_msgs/include/px4_msgs/px4_msgs/msg/detail/rover_rate_setpoint__functions.h\n'}
[1.467439] (px4_msgs) StdoutLine: {'line': b'-- Up-to-date: /home/px4/ros2/ws/install/px4_msgs/include/px4_msgs/px4_msgs/msg/detail/rover_rate_setpoint__type_support.h\n'}
[1.467668] (px4_msgs) StdoutLine: {'line': b'-- Up-to-date: /home/px4/ros2/ws/install/px4_msgs/include/px4_msgs/px4_msgs/msg/detail/camera_capture__functions.h\n'}
[1.467793] (px4_msgs) StdoutLine: {'line': b'-- Up-to-date: /home/px4/ros2/ws/install/px4_msgs/include/px4_msgs/px4_msgs/msg/detail/arming_check_request__type_support.h\n'}
[1.467940] (px4_msgs) StdoutLine: {'line': b'-- Up-to-date: /home/px4/ros2/ws/install/px4_msgs/include/px4_msgs/px4_msgs/msg/detail/mission__functions.h\n'}
[1.468104] (px4_msgs) StdoutLine: {'line': b'-- Up-to-date: /home/px4/ros2/ws/install/px4_msgs/include/px4_msgs/px4_msgs/msg/detail/register_ext_component_reply__functions.h\n'}
[1.468268] (px4_msgs) StdoutLine: {'line': b'-- Up-to-date: /home/px4/ros2/ws/install/px4_msgs/include/px4_msgs/px4_msgs/msg/detail/mission_result__struct.h\n'}
[1.468440] (px4_msgs) StdoutLine: {'line': b'-- Up-to-date: /home/px4/ros2/ws/install/px4_msgs/include/px4_msgs/px4_msgs/msg/detail/log_message__type_support.h\n'}
[1.468768] (px4_msgs) StdoutLine: {'line': b'-- Up-to-date: /home/px4/ros2/ws/install/px4_msgs/include/px4_msgs/px4_msgs/msg/detail/can_interface_status__struct.h\n'}
[1.468911] (px4_msgs) StdoutLine: {'line': b'-- Up-to-date: /home/px4/ros2/ws/install/px4_msgs/include/px4_msgs/px4_msgs/msg/detail/vehicle_optical_flow__type_support.h\n'}
[1.469041] (px4_msgs) StdoutLine: {'line': b'-- Up-to-date: /home/px4/ros2/ws/install/px4_msgs/include/px4_msgs/px4_msgs/msg/detail/open_drone_id_arm_status__type_support.h\n'}
[1.469122] (px4_msgs) StdoutLine: {'line': b'-- Up-to-date: /home/px4/ros2/ws/install/px4_msgs/include/px4_msgs/px4_msgs/msg/detail/geofence_status__struct.h\n'}
[1.469201] (px4_msgs) StdoutLine: {'line': b'-- Up-to-date: /home/px4/ros2/ws/install/px4_msgs/include/px4_msgs/px4_msgs/msg/detail/actuator_armed__type_support.h\n'}
[1.469321] (px4_msgs) StdoutLine: {'line': b'-- Up-to-date: /home/px4/ros2/ws/install/px4_msgs/include/px4_msgs/px4_msgs/msg/detail/camera_capture__functions.c\n'}
[1.469398] (px4_msgs) StdoutLine: {'line': b'-- Up-to-date: /home/px4/ros2/ws/install/px4_msgs/include/px4_msgs/px4_msgs/msg/detail/vtol_vehicle_status__type_support.h\n'}
[1.469484] (px4_msgs) StdoutLine: {'line': b'-- Up-to-date: /home/px4/ros2/ws/install/px4_msgs/include/px4_msgs/px4_msgs/msg/detail/trajectory_setpoint6dof__functions.c\n'}
[1.469657] (px4_msgs) StdoutLine: {'line': b'-- Up-to-date: /home/px4/ros2/ws/install/px4_msgs/include/px4_msgs/px4_msgs/msg/detail/heater_status__type_support.h\n'}
[1.469770] (px4_msgs) StdoutLine: {'line': b'-- Up-to-date: /home/px4/ros2/ws/install/px4_msgs/include/px4_msgs/px4_msgs/msg/detail/rover_rate_status__functions.c\n'}
[1.469871] (px4_msgs) StdoutLine: {'line': b'-- Up-to-date: /home/px4/ros2/ws/install/px4_msgs/include/px4_msgs/px4_msgs/msg/detail/vehicle_imu_status__functions.h\n'}
[1.469948] (px4_msgs) StdoutLine: {'line': b'-- Up-to-date: /home/px4/ros2/ws/install/px4_msgs/include/px4_msgs/px4_msgs/msg/detail/fixed_wing_lateral_guidance_status__functions.h\n'}
[1.470032] (px4_msgs) StdoutLine: {'line': b'-- Up-to-date: /home/px4/ros2/ws/install/px4_msgs/include/px4_msgs/px4_msgs/msg/detail/unregister_ext_component__functions.h\n'}
[1.470114] (px4_msgs) StdoutLine: {'line': b'-- Up-to-date: /home/px4/ros2/ws/install/px4_msgs/include/px4_msgs/px4_msgs/msg/detail/qshell_req__functions.c\n'}
[1.470188] (px4_msgs) StdoutLine: {'line': b'-- Up-to-date: /home/px4/ros2/ws/install/px4_msgs/include/px4_msgs/px4_msgs/msg/detail/actuator_outputs__functions.c\n'}
[1.470267] (px4_msgs) StdoutLine: {'line': b'-- Up-to-date: /home/px4/ros2/ws/install/px4_msgs/include/px4_msgs/px4_msgs/msg/detail/airspeed_wind__functions.h\n'}
[1.470347] (px4_msgs) StdoutLine: {'line': b'-- Up-to-date: /home/px4/ros2/ws/install/px4_msgs/include/px4_msgs/px4_msgs/msg/detail/vehicle_imu_status__functions.c\n'}
[1.470426] (px4_msgs) StdoutLine: {'line': b'-- Up-to-date: /home/px4/ros2/ws/install/px4_msgs/include/px4_msgs/px4_msgs/msg/detail/event__struct.h\n'}
[1.470510] (px4_msgs) StdoutLine: {'line': b'-- Up-to-date: /home/px4/ros2/ws/install/px4_msgs/include/px4_msgs/px4_msgs/msg/detail/pwm_input__functions.c\n'}
[1.470606] (px4_msgs) StdoutLine: {'line': b'-- Up-to-date: /home/px4/ros2/ws/install/px4_msgs/include/px4_msgs/px4_msgs/msg/detail/position_setpoint__functions.c\n'}
[1.470760] (px4_msgs) StdoutLine: {'line': b'-- Up-to-date: /home/px4/ros2/ws/install/px4_msgs/include/px4_msgs/px4_msgs/msg/detail/config_overrides__functions.h\n'}
[1.470877] (px4_msgs) StdoutLine: {'line': b'-- Up-to-date: /home/px4/ros2/ws/install/px4_msgs/include/px4_msgs/px4_msgs/msg/detail/telemetry_status__functions.h\n'}
[1.470960] (px4_msgs) StdoutLine: {'line': b'-- Up-to-date: /home/px4/ros2/ws/install/px4_msgs/include/px4_msgs/px4_msgs/msg/detail/rover_position_setpoint__functions.h\n'}
[1.471060] (px4_msgs) StdoutLine: {'line': b'-- Up-to-date: /home/px4/ros2/ws/install/px4_msgs/include/px4_msgs/px4_msgs/msg/detail/sensor_uwb__struct.h\n'}
[1.471135] (px4_msgs) StdoutLine: {'line': b'-- Up-to-date: /home/px4/ros2/ws/install/px4_msgs/include/px4_msgs/px4_msgs/msg/detail/rc_channels__functions.c\n'}
[1.471219] (px4_msgs) StdoutLine: {'line': b'-- Up-to-date: /home/px4/ros2/ws/install/px4_msgs/include/px4_msgs/px4_msgs/msg/detail/button_event__type_support.h\n'}
[1.471299] (px4_msgs) StdoutLine: {'line': b'-- Up-to-date: /home/px4/ros2/ws/install/px4_msgs/include/px4_msgs/px4_msgs/msg/detail/task_stack_info__struct.h\n'}
[1.471369] (px4_msgs) StdoutLine: {'line': b'-- Up-to-date: /home/px4/ros2/ws/install/px4_msgs/include/px4_msgs/px4_msgs/msg/detail/position_controller_landing_status__functions.c\n'}
[1.471448] (px4_msgs) StdoutLine: {'line': b'-- Up-to-date: /home/px4/ros2/ws/install/px4_msgs/include/px4_msgs/px4_msgs/msg/detail/offboard_control_mode__type_support.h\n'}
[1.471630] (px4_msgs) StdoutLine: {'line': b'-- Up-to-date: /home/px4/ros2/ws/install/px4_msgs/include/px4_msgs/px4_msgs/msg/detail/sensor_preflight_mag__struct.h\n'}
[1.471736] (px4_msgs) StdoutLine: {'line': b'-- Up-to-date: /home/px4/ros2/ws/install/px4_msgs/include/px4_msgs/px4_msgs/msg/detail/estimator_selector_status__functions.c\n'}
[1.471820] (px4_msgs) StdoutLine: {'line': b'-- Up-to-date: /home/px4/ros2/ws/install/px4_msgs/include/px4_msgs/px4_msgs/msg/detail/vehicle_optical_flow__struct.h\n'}
[1.471899] (px4_msgs) StdoutLine: {'line': b'-- Up-to-date: /home/px4/ros2/ws/install/px4_msgs/include/px4_msgs/px4_msgs/msg/detail/distance_sensor__functions.h\n'}
[1.471994] (px4_msgs) StdoutLine: {'line': b'-- Up-to-date: /home/px4/ros2/ws/install/px4_msgs/include/px4_msgs/px4_msgs/msg/detail/power_button_state__functions.h\n'}
[1.472075] (px4_msgs) StdoutLine: {'line': b'-- Up-to-date: /home/px4/ros2/ws/install/px4_msgs/include/px4_msgs/px4_msgs/msg/detail/health_report__functions.h\n'}
[1.472153] (px4_msgs) StdoutLine: {'line': b'-- Up-to-date: /home/px4/ros2/ws/install/px4_msgs/include/px4_msgs/px4_msgs/msg/detail/tiltrotor_extra_controls__struct.h\n'}
[1.472233] (px4_msgs) StdoutLine: {'line': b'-- Up-to-date: /home/px4/ros2/ws/install/px4_msgs/include/px4_msgs/px4_msgs/msg/detail/figure_eight_status__struct.h\n'}
[1.472376] (px4_msgs) StdoutLine: {'line': b'-- Up-to-date: /home/px4/ros2/ws/install/px4_msgs/include/px4_msgs/px4_msgs/msg/detail/button_event__struct.h\n'}
[1.472458] (px4_msgs) StdoutLine: {'line': b'-- Up-to-date: /home/px4/ros2/ws/install/px4_msgs/include/px4_msgs/px4_msgs/msg/detail/vehicle_control_mode__struct.h\n'}
[1.472607] (px4_msgs) StdoutLine: {'line': b'-- Up-to-date: /home/px4/ros2/ws/install/px4_msgs/include/px4_msgs/px4_msgs/msg/detail/gps_dump__functions.h\n'}
[1.472780] (px4_msgs) StdoutLine: {'line': b'-- Up-to-date: /home/px4/ros2/ws/install/px4_msgs/include/px4_msgs/px4_msgs/msg/detail/estimator_innovations__functions.c\n'}
[1.472889] (px4_msgs) StdoutLine: {'line': b'-- Up-to-date: /home/px4/ros2/ws/install/px4_msgs/include/px4_msgs/px4_msgs/msg/detail/follow_target__type_support.h\n'}
[1.472988] (px4_msgs) StdoutLine: {'line': b'-- Up-to-date: /home/px4/ros2/ws/install/px4_msgs/include/px4_msgs/px4_msgs/msg/detail/register_ext_component_reply__type_support.h\n'}
[1.473079] (px4_msgs) StdoutLine: {'line': b'-- Up-to-date: /home/px4/ros2/ws/install/px4_msgs/include/px4_msgs/px4_msgs/msg/detail/geofence_result__functions.c\n'}
[1.473171] (px4_msgs) StdoutLine: {'line': b'-- Up-to-date: /home/px4/ros2/ws/install/px4_msgs/include/px4_msgs/px4_msgs/msg/detail/can_interface_status__functions.c\n'}
[1.473262] (px4_msgs) StdoutLine: {'line': b'-- Up-to-date: /home/px4/ros2/ws/install/px4_msgs/include/px4_msgs/px4_msgs/msg/detail/open_drone_id_self_id__functions.c\n'}
[1.473352] (px4_msgs) StdoutLine: {'line': b'-- Up-to-date: /home/px4/ros2/ws/install/px4_msgs/include/px4_msgs/px4_msgs/msg/detail/parameter_reset_request__functions.c\n'}
[1.473441] (px4_msgs) StdoutLine: {'line': b'-- Up-to-date: /home/px4/ros2/ws/install/px4_msgs/include/px4_msgs/px4_msgs/msg/detail/rate_ctrl_status__struct.h\n'}
[1.473664] (px4_msgs) StdoutLine: {'line': b'-- Up-to-date: /home/px4/ros2/ws/install/px4_msgs/include/px4_msgs/px4_msgs/msg/detail/gimbal_device_set_attitude__struct.h\n'}
[1.473791] (px4_msgs) StdoutLine: {'line': b'-- Up-to-date: /home/px4/ros2/ws/install/px4_msgs/include/px4_msgs/px4_msgs/msg/detail/log_message__struct.h\n'}
[1.473887] (px4_msgs) StdoutLine: {'line': b'-- Up-to-date: /home/px4/ros2/ws/install/px4_msgs/include/px4_msgs/px4_msgs/msg/detail/open_drone_id_arm_status__struct.h\n'}
[1.473979] (px4_msgs) StdoutLine: {'line': b'-- Up-to-date: /home/px4/ros2/ws/install/px4_msgs/include/px4_msgs/px4_msgs/msg/detail/transponder_report__functions.c\n'}
[1.474075] (px4_msgs) StdoutLine: {'line': b'-- Up-to-date: /home/px4/ros2/ws/install/px4_msgs/include/px4_msgs/px4_msgs/msg/detail/gimbal_manager_set_manual_control__functions.c\n'}
[1.474168] (px4_msgs) StdoutLine: {'line': b'-- Up-to-date: /home/px4/ros2/ws/install/px4_msgs/include/px4_msgs/px4_msgs/msg/detail/rtl_time_estimate__type_support.h\n'}
[1.474257] (px4_msgs) StdoutLine: {'line': b'-- Up-to-date: /home/px4/ros2/ws/install/px4_msgs/include/px4_msgs/px4_msgs/msg/detail/gimbal_device_set_attitude__functions.h\n'}
[1.474451] (px4_msgs) StdoutLine: {'line': b'-- Up-to-date: /home/px4/ros2/ws/install/px4_msgs/include/px4_msgs/px4_msgs/msg/detail/ping__functions.h\n'}
[1.474678] (px4_msgs) StdoutLine: {'line': b'-- Up-to-date: /home/px4/ros2/ws/install/px4_msgs/include/px4_msgs/px4_msgs/msg/detail/mission_result__functions.c\n'}
[1.474797] (px4_msgs) StdoutLine: {'line': b'-- Up-to-date: /home/px4/ros2/ws/install/px4_msgs/include/px4_msgs/px4_msgs/msg/detail/open_drone_id_system__struct.h\n'}
[1.474866] (px4_msgs) StdoutLine: {'line': b'-- Up-to-date: /home/px4/ros2/ws/install/px4_msgs/include/px4_msgs/px4_msgs/msg/detail/power_monitor__type_support.h\n'}
[1.475101] (px4_msgs) StdoutLine: {'line': b'-- Up-to-date: /home/px4/ros2/ws/install/px4_msgs/include/px4_msgs/px4_msgs/msg/detail/gpio_out__functions.h\n'}
[1.475192] (px4_msgs) StdoutLine: {'line': b'-- Up-to-date: /home/px4/ros2/ws/install/px4_msgs/include/px4_msgs/px4_msgs/msg/detail/gimbal_manager_information__functions.h\n'}
[1.475280] (px4_msgs) StdoutLine: {'line': b'-- Up-to-date: /home/px4/ros2/ws/install/px4_msgs/include/px4_msgs/px4_msgs/msg/detail/estimator_gps_status__functions.c\n'}
[1.475381] (px4_msgs) StdoutLine: {'line': b'-- Up-to-date: /home/px4/ros2/ws/install/px4_msgs/include/px4_msgs/px4_msgs/msg/detail/actuator_motors__functions.h\n'}
[1.475602] (px4_msgs) StdoutLine: {'line': b'-- Up-to-date: /home/px4/ros2/ws/install/px4_msgs/include/px4_msgs/px4_msgs/msg/detail/pps_capture__functions.h\n'}
[1.475788] (px4_msgs) StdoutLine: {'line': b'-- Up-to-date: /home/px4/ros2/ws/install/px4_msgs/include/px4_msgs/px4_msgs/msg/detail/mount_orientation__struct.h\n'}
[1.475885] (px4_msgs) StdoutLine: {'line': b'-- Up-to-date: /home/px4/ros2/ws/install/px4_msgs/include/px4_msgs/px4_msgs/msg/detail/cpuload__functions.c\n'}
[1.476019] (px4_msgs) StdoutLine: {'line': b'-- Up-to-date: /home/px4/ros2/ws/install/px4_msgs/include/px4_msgs/px4_msgs/msg/detail/sensor_gyro_fifo__functions.h\n'}
[1.476120] (px4_msgs) StdoutLine: {'line': b'-- Up-to-date: /home/px4/ros2/ws/install/px4_msgs/include/px4_msgs/px4_msgs/msg/detail/vehicle_torque_setpoint__functions.h\n'}
[1.476232] (px4_msgs) StdoutLine: {'line': b'-- Up-to-date: /home/px4/ros2/ws/install/px4_msgs/include/px4_msgs/px4_msgs/msg/detail/landing_gear__type_support.h\n'}
[1.476315] (px4_msgs) StdoutLine: {'line': b'-- Up-to-date: /home/px4/ros2/ws/install/px4_msgs/include/px4_msgs/px4_msgs/msg/detail/estimator_gps_status__functions.h\n'}
[1.476395] (px4_msgs) StdoutLine: {'line': b'-- Up-to-date: /home/px4/ros2/ws/install/px4_msgs/include/px4_msgs/px4_msgs/msg/detail/actuator_outputs__type_support.h\n'}
[1.476474] (px4_msgs) StdoutLine: {'line': b'-- Up-to-date: /home/px4/ros2/ws/install/px4_msgs/include/px4_msgs/px4_msgs/msg/detail/failsafe_flags__functions.c\n'}
[1.476640] (px4_msgs) StdoutLine: {'line': b'-- Up-to-date: /home/px4/ros2/ws/install/px4_msgs/include/px4_msgs/px4_msgs/msg/detail/estimator_status_flags__struct.h\n'}
[1.476736] (px4_msgs) StdoutLine: {'line': b'-- Up-to-date: /home/px4/ros2/ws/install/px4_msgs/include/px4_msgs/px4_msgs/msg/detail/dronecan_node_status__struct.h\n'}
[1.476827] (px4_msgs) StdoutLine: {'line': b'-- Up-to-date: /home/px4/ros2/ws/install/px4_msgs/include/px4_msgs/px4_msgs/msg/detail/rpm__functions.c\n'}
[1.476909] (px4_msgs) StdoutLine: {'line': b'-- Up-to-date: /home/px4/ros2/ws/install/px4_msgs/include/px4_msgs/px4_msgs/msg/detail/arming_check_request__struct.h\n'}
[1.477009] (px4_msgs) StdoutLine: {'line': b'-- Up-to-date: /home/px4/ros2/ws/install/px4_msgs/include/px4_msgs/px4_msgs/msg/detail/button_event__functions.c\n'}
[1.477103] (px4_msgs) StdoutLine: {'line': b'-- Up-to-date: /home/px4/ros2/ws/install/px4_msgs/include/px4_msgs/px4_msgs/msg/detail/internal_combustion_engine_status__struct.h\n'}
[1.477187] (px4_msgs) StdoutLine: {'line': b'-- Up-to-date: /home/px4/ros2/ws/install/px4_msgs/include/px4_msgs/px4_msgs/msg/detail/distance_sensor_mode_change_request__type_support.h\n'}
[1.477270] (px4_msgs) StdoutLine: {'line': b'-- Up-to-date: /home/px4/ros2/ws/install/px4_msgs/include/px4_msgs/px4_msgs/msg/detail/wind__functions.h\n'}
[1.477351] (px4_msgs) StdoutLine: {'line': b'-- Up-to-date: /home/px4/ros2/ws/install/px4_msgs/include/px4_msgs/px4_msgs/msg/detail/gpio_in__functions.h\n'}
[1.477432] (px4_msgs) StdoutLine: {'line': b'-- Up-to-date: /home/px4/ros2/ws/install/px4_msgs/include/px4_msgs/px4_msgs/msg/detail/internal_combustion_engine_control__struct.h\n'}
[1.477598] (px4_msgs) StdoutLine: {'line': b'-- Up-to-date: /home/px4/ros2/ws/install/px4_msgs/include/px4_msgs/px4_msgs/msg/detail/distance_sensor_mode_change_request__functions.h\n'}
[1.477712] (px4_msgs) StdoutLine: {'line': b'-- Up-to-date: /home/px4/ros2/ws/install/px4_msgs/include/px4_msgs/px4_msgs/msg/detail/event__functions.c\n'}
[1.477811] (px4_msgs) StdoutLine: {'line': b'-- Up-to-date: /home/px4/ros2/ws/install/px4_msgs/include/px4_msgs/px4_msgs/msg/detail/vehicle_optical_flow_vel__functions.h\n'}
[1.477880] (px4_msgs) StdoutLine: {'line': b'-- Up-to-date: /home/px4/ros2/ws/install/px4_msgs/include/px4_msgs/px4_msgs/msg/detail/camera_trigger__type_support.h\n'}
[1.477960] (px4_msgs) StdoutLine: {'line': b'-- Up-to-date: /home/px4/ros2/ws/install/px4_msgs/include/px4_msgs/px4_msgs/msg/detail/follow_target_estimator__type_support.h\n'}
[1.478040] (px4_msgs) StdoutLine: {'line': b'-- Up-to-date: /home/px4/ros2/ws/install/px4_msgs/include/px4_msgs/px4_msgs/msg/detail/mission_result__type_support.h\n'}
[1.478117] (px4_msgs) StdoutLine: {'line': b'-- Up-to-date: /home/px4/ros2/ws/install/px4_msgs/include/px4_msgs/px4_msgs/msg/detail/irlock_report__functions.h\n'}
[1.478194] (px4_msgs) StdoutLine: {'line': b'-- Up-to-date: /home/px4/ros2/ws/install/px4_msgs/include/px4_msgs/px4_msgs/msg/detail/control_allocator_status__struct.h\n'}
[1.478327] (px4_msgs) StdoutLine: {'line': b'-- Up-to-date: /home/px4/ros2/ws/install/px4_msgs/include/px4_msgs/px4_msgs/msg/detail/takeoff_status__functions.h\n'}
[1.478414] (px4_msgs) StdoutLine: {'line': b'-- Up-to-date: /home/px4/ros2/ws/install/px4_msgs/include/px4_msgs/px4_msgs/msg/detail/vehicle_command_ack__functions.h\n'}
[1.478484] (px4_msgs) StdoutLine: {'line': b'-- Up-to-date: /home/px4/ros2/ws/install/px4_msgs/include/px4_msgs/px4_msgs/msg/detail/gimbal_device_attitude_status__functions.h\n'}
[1.478593] (px4_msgs) StdoutLine: {'line': b'-- Up-to-date: /home/px4/ros2/ws/install/px4_msgs/include/px4_msgs/px4_msgs/msg/detail/uavcan_parameter_request__functions.c\n'}
[1.478697] (px4_msgs) StdoutLine: {'line': b'-- Up-to-date: /home/px4/ros2/ws/install/px4_msgs/include/px4_msgs/px4_msgs/msg/detail/gimbal_manager_set_attitude__struct.h\n'}
[1.478801] (px4_msgs) StdoutLine: {'line': b'-- Up-to-date: /home/px4/ros2/ws/install/px4_msgs/include/px4_msgs/px4_msgs/msg/detail/gps_dump__type_support.h\n'}
[1.478907] (px4_msgs) StdoutLine: {'line': b'-- Up-to-date: /home/px4/ros2/ws/install/px4_msgs/include/px4_msgs/px4_msgs/msg/detail/transponder_report__functions.h\n'}
[1.478986] (px4_msgs) StdoutLine: {'line': b'-- Up-to-date: /home/px4/ros2/ws/install/px4_msgs/include/px4_msgs/px4_msgs/msg/detail/event__functions.h\n'}
[1.479091] (px4_msgs) StdoutLine: {'line': b'-- Up-to-date: /home/px4/ros2/ws/install/px4_msgs/include/px4_msgs/px4_msgs/msg/detail/telemetry_status__type_support.h\n'}
[1.479190] (px4_msgs) StdoutLine: {'line': b'-- Up-to-date: /home/px4/ros2/ws/install/px4_msgs/include/px4_msgs/px4_msgs/msg/detail/fixed_wing_lateral_status__functions.h\n'}
[1.479274] (px4_msgs) StdoutLine: {'line': b'-- Up-to-date: /home/px4/ros2/ws/install/px4_msgs/include/px4_msgs/px4_msgs/msg/detail/debug_vect__functions.c\n'}
[1.479354] (px4_msgs) StdoutLine: {'line': b'-- Up-to-date: /home/px4/ros2/ws/install/px4_msgs/include/px4_msgs/px4_msgs/msg/detail/vehicle_roi__functions.h\n'}
[1.479431] (px4_msgs) StdoutLine: {'line': b'-- Up-to-date: /home/px4/ros2/ws/install/px4_msgs/include/px4_msgs/px4_msgs/msg/detail/cellular_status__struct.h\n'}
[1.479573] (px4_msgs) StdoutLine: {'line': b'-- Up-to-date: /home/px4/ros2/ws/install/px4_msgs/include/px4_msgs/px4_msgs/msg/detail/rover_velocity_setpoint__functions.h\n'}
[1.479695] (px4_msgs) StdoutLine: {'line': b'-- Up-to-date: /home/px4/ros2/ws/install/px4_msgs/include/px4_msgs/px4_msgs/msg/detail/estimator_aid_source1d__functions.c\n'}
[1.479784] (px4_msgs) StdoutLine: {'line': b'-- Up-to-date: /home/px4/ros2/ws/install/px4_msgs/include/px4_msgs/px4_msgs/msg/detail/battery_status__type_support.h\n'}
[1.479944] (px4_msgs) StdoutLine: {'line': b'-- Up-to-date: /home/px4/ros2/ws/install/px4_msgs/include/px4_msgs/px4_msgs/msg/detail/sensor_correction__functions.h\n'}
[1.480044] (px4_msgs) StdoutLine: {'line': b'-- Up-to-date: /home/px4/ros2/ws/install/px4_msgs/include/px4_msgs/px4_msgs/msg/detail/obstacle_distance__struct.h\n'}
[1.480134] (px4_msgs) StdoutLine: {'line': b'-- Up-to-date: /home/px4/ros2/ws/install/px4_msgs/include/px4_msgs/px4_msgs/msg/detail/gpio_config__struct.h\n'}
[1.480228] (px4_msgs) StdoutLine: {'line': b'-- Up-to-date: /home/px4/ros2/ws/install/px4_msgs/include/px4_msgs/px4_msgs/msg/detail/wheel_encoders__functions.c\n'}
[1.480317] (px4_msgs) StdoutLine: {'line': b'-- Up-to-date: /home/px4/ros2/ws/install/px4_msgs/include/px4_msgs/px4_msgs/msg/detail/sensor_selection__functions.h\n'}
[1.480406] (px4_msgs) StdoutLine: {'line': b'-- Up-to-date: /home/px4/ros2/ws/install/px4_msgs/include/px4_msgs/px4_msgs/msg/detail/rc_parameter_map__functions.h\n'}
[1.480505] (px4_msgs) StdoutLine: {'line': b'-- Up-to-date: /home/px4/ros2/ws/install/px4_msgs/include/px4_msgs/px4_msgs/msg/detail/rc_parameter_map__functions.c\n'}
[1.480729] (px4_msgs) StdoutLine: {'line': b'-- Up-to-date: /home/px4/ros2/ws/install/px4_msgs/include/px4_msgs/px4_msgs/msg/detail/parameter_set_value_response__type_support.h\n'}
[1.480831] (px4_msgs) StdoutLine: {'line': b'-- Up-to-date: /home/px4/ros2/ws/install/px4_msgs/include/px4_msgs/px4_msgs/msg/detail/sensor_accel_fifo__functions.c\n'}
[1.480923] (px4_msgs) StdoutLine: {'line': b'-- Up-to-date: /home/px4/ros2/ws/install/px4_msgs/include/px4_msgs/px4_msgs/msg/detail/system_power__struct.h\n'}
[1.481016] (px4_msgs) StdoutLine: {'line': b'-- Up-to-date: /home/px4/ros2/ws/install/px4_msgs/include/px4_msgs/px4_msgs/msg/detail/landing_gear_wheel__type_support.h\n'}
[1.481107] (px4_msgs) StdoutLine: {'line': b'-- Up-to-date: /home/px4/ros2/ws/install/px4_msgs/include/px4_msgs/px4_msgs/msg/detail/unregister_ext_component__type_support.h\n'}
[1.481198] (px4_msgs) StdoutLine: {'line': b'-- Up-to-date: /home/px4/ros2/ws/install/px4_msgs/include/px4_msgs/px4_msgs/msg/detail/pure_pursuit_status__functions.h\n'}
[1.481287] (px4_msgs) StdoutLine: {'line': b'-- Up-to-date: /home/px4/ros2/ws/install/px4_msgs/include/px4_msgs/px4_msgs/msg/detail/vehicle_magnetometer__functions.h\n'}
[1.481376] (px4_msgs) StdoutLine: {'line': b'-- Up-to-date: /home/px4/ros2/ws/install/px4_msgs/include/px4_msgs/px4_msgs/msg/detail/parameter_update__type_support.h\n'}
[1.481463] (px4_msgs) StdoutLine: {'line': b'-- Up-to-date: /home/px4/ros2/ws/install/px4_msgs/include/px4_msgs/px4_msgs/msg/detail/fixed_wing_lateral_setpoint__functions.c\n'}
[1.481584] (px4_msgs) StdoutLine: {'line': b'-- Up-to-date: /home/px4/ros2/ws/install/px4_msgs/include/px4_msgs/px4_msgs/msg/detail/sensor_correction__type_support.h\n'}
[1.481706] (px4_msgs) StdoutLine: {'line': b'-- Up-to-date: /home/px4/ros2/ws/install/px4_msgs/include/px4_msgs/px4_msgs/msg/detail/register_ext_component_reply__struct.h\n'}
[1.481938] (px4_msgs) StdoutLine: {'line': b'-- Up-to-date: /home/px4/ros2/ws/install/px4_msgs/include/px4_msgs/px4_msgs/msg/detail/radio_status__struct.h\n'}
[1.482031] (px4_msgs) StdoutLine: {'line': b'-- Up-to-date: /home/px4/ros2/ws/install/px4_msgs/include/px4_msgs/px4_msgs/msg/detail/message_format_response__type_support.h\n'}
[1.482171] (px4_msgs) StdoutLine: {'line': b'-- Up-to-date: /home/px4/ros2/ws/install/px4_msgs/include/px4_msgs/px4_msgs/msg/detail/sensor_gyro_fft__type_support.h\n'}
[1.482252] (px4_msgs) StdoutLine: {'line': b'-- Up-to-date: /home/px4/ros2/ws/install/px4_msgs/include/px4_msgs/px4_msgs/msg/detail/esc_status__type_support.h\n'}
[1.482326] (px4_msgs) StdoutLine: {'line': b'-- Up-to-date: /home/px4/ros2/ws/install/px4_msgs/include/px4_msgs/px4_msgs/msg/detail/transponder_report__struct.h\n'}
[1.482409] (px4_msgs) StdoutLine: {'line': b'-- Up-to-date: /home/px4/ros2/ws/install/px4_msgs/include/px4_msgs/px4_msgs/msg/detail/gpio_request__functions.h\n'}
[1.482500] (px4_msgs) StdoutLine: {'line': b'-- Up-to-date: /home/px4/ros2/ws/install/px4_msgs/include/px4_msgs/px4_msgs/msg/detail/iridiumsbd_status__type_support.h\n'}
[1.482694] (px4_msgs) StdoutLine: {'line': b'-- Up-to-date: /home/px4/ros2/ws/install/px4_msgs/include/px4_msgs/px4_msgs/msg/detail/sensor_gyro__functions.c\n'}
[1.482788] (px4_msgs) StdoutLine: {'line': b'-- Up-to-date: /home/px4/ros2/ws/install/px4_msgs/include/px4_msgs/px4_msgs/msg/detail/rc_parameter_map__struct.h\n'}
[1.482884] (px4_msgs) StdoutLine: {'line': b'-- Up-to-date: /home/px4/ros2/ws/install/px4_msgs/include/px4_msgs/px4_msgs/msg/detail/debug_vect__struct.h\n'}
[1.483057] (px4_msgs) StdoutLine: {'line': b'-- Up-to-date: /home/px4/ros2/ws/install/px4_msgs/include/px4_msgs/px4_msgs/msg/detail/mag_worker_data__functions.h\n'}
[1.483178] (px4_msgs) StdoutLine: {'line': b'-- Up-to-date: /home/px4/ros2/ws/install/px4_msgs/include/px4_msgs/px4_msgs/msg/detail/parameter_set_value_response__struct.h\n'}
[1.483321] (px4_msgs) StdoutLine: {'line': b'-- Up-to-date: /home/px4/ros2/ws/install/px4_msgs/include/px4_msgs/px4_msgs/msg/detail/heater_status__functions.h\n'}
[1.483617] (px4_msgs) StdoutLine: {'line': b'-- Up-to-date: /home/px4/ros2/ws/install/px4_msgs/include/px4_msgs/px4_msgs/msg/detail/actuator_servos_trim__functions.h\n'}
[1.483783] (px4_msgs) StdoutLine: {'line': b'-- Up-to-date: /home/px4/ros2/ws/install/px4_msgs/include/px4_msgs/px4_msgs/msg/detail/landing_gear_wheel__functions.h\n'}
[1.483973] (px4_msgs) StdoutLine: {'line': b'-- Up-to-date: /home/px4/ros2/ws/install/px4_msgs/include/px4_msgs/px4_msgs/msg/detail/vehicle_acceleration__type_support.h\n'}
[1.484099] (px4_msgs) StdoutLine: {'line': b'-- Up-to-date: /home/px4/ros2/ws/install/px4_msgs/include/px4_msgs/px4_msgs/msg/detail/obstacle_distance__functions.h\n'}
[1.484237] (px4_msgs) StdoutLine: {'line': b'-- Up-to-date: /home/px4/ros2/ws/install/px4_msgs/include/px4_msgs/px4_msgs/msg/detail/estimator_innovations__type_support.h\n'}
[1.484387] (px4_msgs) StdoutLine: {'line': b'-- Up-to-date: /home/px4/ros2/ws/install/px4_msgs/include/px4_msgs/px4_msgs/msg/detail/rover_attitude_setpoint__functions.c\n'}
[1.484671] (px4_msgs) StdoutLine: {'line': b'-- Up-to-date: /home/px4/ros2/ws/install/px4_msgs/include/px4_msgs/px4_msgs/msg/detail/sensor_airflow__struct.h\n'}
[1.484766] (px4_msgs) StdoutLine: {'line': b'-- Up-to-date: /home/px4/ros2/ws/install/px4_msgs/include/px4_msgs/px4_msgs/msg/detail/vehicle_magnetometer__struct.h\n'}
[1.484857] (px4_msgs) StdoutLine: {'line': b'-- Up-to-date: /home/px4/ros2/ws/install/px4_msgs/include/px4_msgs/px4_msgs/msg/detail/rover_attitude_setpoint__functions.h\n'}
[1.484981] (px4_msgs) StdoutLine: {'line': b'-- Up-to-date: /home/px4/ros2/ws/install/px4_msgs/include/px4_msgs/px4_msgs/msg/detail/open_drone_id_self_id__type_support.h\n'}
[1.485074] (px4_msgs) StdoutLine: {'line': b'-- Up-to-date: /home/px4/ros2/ws/install/px4_msgs/include/px4_msgs/px4_msgs/msg/detail/flight_phase_estimation__type_support.h\n'}
[1.485156] (px4_msgs) StdoutLine: {'line': b'-- Up-to-date: /home/px4/ros2/ws/install/px4_msgs/include/px4_msgs/px4_msgs/msg/detail/hover_thrust_estimate__struct.h\n'}
[1.485237] (px4_msgs) StdoutLine: {'line': b'-- Up-to-date: /home/px4/ros2/ws/install/px4_msgs/include/px4_msgs/px4_msgs/msg/detail/sensor_gyro_fft__struct.h\n'}
[1.485321] (px4_msgs) StdoutLine: {'line': b'-- Up-to-date: /home/px4/ros2/ws/install/px4_msgs/include/px4_msgs/px4_msgs/msg/detail/camera_trigger__functions.h\n'}
[1.485402] (px4_msgs) StdoutLine: {'line': b'-- Up-to-date: /home/px4/ros2/ws/install/px4_msgs/include/px4_msgs/px4_msgs/msg/detail/orbit_status__struct.h\n'}
[1.485481] (px4_msgs) StdoutLine: {'line': b'-- Up-to-date: /home/px4/ros2/ws/install/px4_msgs/include/px4_msgs/px4_msgs/msg/detail/gpio_request__struct.h\n'}
[1.485639] (px4_msgs) StdoutLine: {'line': b'-- Up-to-date: /home/px4/ros2/ws/install/px4_msgs/include/px4_msgs/px4_msgs/msg/detail/failure_detector_status__functions.h\n'}
[1.485726] (px4_msgs) StdoutLine: {'line': b'-- Up-to-date: /home/px4/ros2/ws/install/px4_msgs/include/px4_msgs/px4_msgs/msg/detail/rover_throttle_setpoint__struct.h\n'}
[1.485825] (px4_msgs) StdoutLine: {'line': b'-- Up-to-date: /home/px4/ros2/ws/install/px4_msgs/include/px4_msgs/px4_msgs/msg/detail/vehicle_thrust_setpoint__functions.c\n'}
[1.485935] (px4_msgs) StdoutLine: {'line': b'-- Up-to-date: /home/px4/ros2/ws/install/px4_msgs/include/px4_msgs/px4_msgs/msg/detail/gpio_in__functions.c\n'}
[1.486017] (px4_msgs) StdoutLine: {'line': b'-- Up-to-date: /home/px4/ros2/ws/install/px4_msgs/include/px4_msgs/px4_msgs/msg/detail/uavcan_parameter_value__struct.h\n'}
[1.486096] (px4_msgs) StdoutLine: {'line': b'-- Up-to-date: /home/px4/ros2/ws/install/px4_msgs/include/px4_msgs/px4_msgs/msg/detail/rtl_time_estimate__functions.c\n'}
[1.486236] (px4_msgs) StdoutLine: {'line': b'-- Up-to-date: /home/px4/ros2/ws/install/px4_msgs/include/px4_msgs/px4_msgs/msg/detail/vehicle_angular_acceleration_setpoint__type_support.h\n'}
[1.486319] (px4_msgs) StdoutLine: {'line': b'-- Up-to-date: /home/px4/ros2/ws/install/px4_msgs/include/px4_msgs/px4_msgs/msg/detail/actuator_test__functions.c\n'}
[1.486401] (px4_msgs) StdoutLine: {'line': b'-- Up-to-date: /home/px4/ros2/ws/install/px4_msgs/include/px4_msgs/px4_msgs/msg/detail/arming_check_request__functions.c\n'}
[1.486469] (px4_msgs) StdoutLine: {'line': b'-- Up-to-date: /home/px4/ros2/ws/install/px4_msgs/include/px4_msgs/px4_msgs/msg/detail/tune_control__struct.h\n'}
[1.486634] (px4_msgs) StdoutLine: {'line': b'-- Up-to-date: /home/px4/ros2/ws/install/px4_msgs/include/px4_msgs/px4_msgs/msg/detail/sensor_preflight_mag__functions.c\n'}
[1.486713] (px4_msgs) StdoutLine: {'line': b'-- Up-to-date: /home/px4/ros2/ws/install/px4_msgs/include/px4_msgs/px4_msgs/msg/detail/position_setpoint_triplet__functions.c\n'}
[1.486795] (px4_msgs) StdoutLine: {'line': b'-- Up-to-date: /home/px4/ros2/ws/install/px4_msgs/include/px4_msgs/px4_msgs/msg/detail/sensors_status__struct.h\n'}
[1.486873] (px4_msgs) StdoutLine: {'line': b'-- Up-to-date: /home/px4/ros2/ws/install/px4_msgs/include/px4_msgs/px4_msgs/msg/detail/gimbal_device_attitude_status__type_support.h\n'}
[1.486952] (px4_msgs) StdoutLine: {'line': b'-- Up-to-date: /home/px4/ros2/ws/install/px4_msgs/include/px4_msgs/px4_msgs/msg/detail/debug_array__struct.h\n'}
[1.487035] (px4_msgs) StdoutLine: {'line': b'-- Up-to-date: /home/px4/ros2/ws/install/px4_msgs/include/px4_msgs/px4_msgs/msg/detail/neural_control__type_support.h\n'}
[1.487176] (px4_msgs) StdoutLine: {'line': b'-- Up-to-date: /home/px4/ros2/ws/install/px4_msgs/include/px4_msgs/px4_msgs/msg/detail/tecs_status__type_support.h\n'}
[1.487263] (px4_msgs) StdoutLine: {'line': b'-- Up-to-date: /home/px4/ros2/ws/install/px4_msgs/include/px4_msgs/px4_msgs/msg/detail/home_position__struct.h\n'}
[1.487353] (px4_msgs) StdoutLine: {'line': b'-- Up-to-date: /home/px4/ros2/ws/install/px4_msgs/include/px4_msgs/px4_msgs/msg/detail/geofence_status__functions.c\n'}
[1.487444] (px4_msgs) StdoutLine: {'line': b'-- Up-to-date: /home/px4/ros2/ws/install/px4_msgs/include/px4_msgs/px4_msgs/msg/detail/sensor_baro__type_support.h\n'}
[1.487658] (px4_msgs) StdoutLine: {'line': b'-- Up-to-date: /home/px4/ros2/ws/install/px4_msgs/include/px4_msgs/px4_msgs/msg/detail/gpio_in__type_support.h\n'}
[1.487766] (px4_msgs) StdoutLine: {'line': b'-- Up-to-date: /home/px4/ros2/ws/install/px4_msgs/include/px4_msgs/px4_msgs/msg/detail/px4io_status__functions.c\n'}
[1.487861] (px4_msgs) StdoutLine: {'line': b'-- Up-to-date: /home/px4/ros2/ws/install/px4_msgs/include/px4_msgs/px4_msgs/msg/detail/arming_check_reply__functions.h\n'}
[1.487958] (px4_msgs) StdoutLine: {'line': b'-- Up-to-date: /home/px4/ros2/ws/install/px4_msgs/include/px4_msgs/px4_msgs/msg/detail/vehicle_attitude__functions.c\n'}
[1.488108] (px4_msgs) StdoutLine: {'line': b'-- Up-to-date: /home/px4/ros2/ws/install/px4_msgs/include/px4_msgs/px4_msgs/msg/detail/fuel_tank_status__struct.h\n'}
[1.488203] (px4_msgs) StdoutLine: {'line': b'-- Up-to-date: /home/px4/ros2/ws/install/px4_msgs/include/px4_msgs/px4_msgs/msg/detail/actuator_armed__functions.c\n'}
[1.488295] (px4_msgs) StdoutLine: {'line': b'-- Up-to-date: /home/px4/ros2/ws/install/px4_msgs/include/px4_msgs/px4_msgs/msg/detail/estimator_innovations__struct.h\n'}
[1.488400] (px4_msgs) StdoutLine: {'line': b'-- Up-to-date: /home/px4/ros2/ws/install/px4_msgs/include/px4_msgs/px4_msgs/msg/detail/rover_attitude_status__functions.c\n'}
[1.488505] (px4_msgs) StdoutLine: {'line': b'-- Up-to-date: /home/px4/ros2/ws/install/px4_msgs/include/px4_msgs/px4_msgs/msg/detail/mavlink_log__functions.h\n'}
[1.488704] (px4_msgs) StdoutLine: {'line': b'-- Up-to-date: /home/px4/ros2/ws/install/px4_msgs/include/px4_msgs/px4_msgs/msg/detail/magnetometer_bias_estimate__functions.c\n'}
[1.488843] (px4_msgs) StdoutLine: {'line': b'-- Up-to-date: /home/px4/ros2/ws/install/px4_msgs/include/px4_msgs/px4_msgs/msg/detail/mavlink_tunnel__functions.h\n'}
[1.488945] (px4_msgs) StdoutLine: {'line': b'-- Up-to-date: /home/px4/ros2/ws/install/px4_msgs/include/px4_msgs/px4_msgs/msg/detail/landing_target_innovations__functions.c\n'}
[1.489186] (px4_msgs) StdoutLine: {'line': b'-- Up-to-date: /home/px4/ros2/ws/install/px4_msgs/include/px4_msgs/px4_msgs/msg/detail/follow_target_estimator__functions.h\n'}
[1.489306] (px4_msgs) StdoutLine: {'line': b'-- Up-to-date: /home/px4/ros2/ws/install/px4_msgs/include/px4_msgs/px4_msgs/msg/detail/arming_check_reply__type_support.h\n'}
[1.489434] (px4_msgs) StdoutLine: {'line': b'-- Up-to-date: /home/px4/ros2/ws/install/px4_msgs/include/px4_msgs/px4_msgs/msg/detail/rpm__type_support.h\n'}
[1.489603] (px4_msgs) StdoutLine: {'line': b'-- Up-to-date: /home/px4/ros2/ws/install/px4_msgs/include/px4_msgs/px4_msgs/msg/detail/rover_attitude_status__functions.h\n'}
[1.489710] (px4_msgs) StdoutLine: {'line': b'-- Up-to-date: /home/px4/ros2/ws/install/px4_msgs/include/px4_msgs/px4_msgs/msg/detail/internal_combustion_engine_status__functions.h\n'}
[1.489796] (px4_msgs) StdoutLine: {'line': b'-- Up-to-date: /home/px4/ros2/ws/install/px4_msgs/include/px4_msgs/px4_msgs/msg/detail/arming_check_request__functions.h\n'}
[1.489875] (px4_msgs) StdoutLine: {'line': b'-- Up-to-date: /home/px4/ros2/ws/install/px4_msgs/include/px4_msgs/px4_msgs/msg/detail/longitudinal_control_configuration__type_support.h\n'}
[1.489958] (px4_msgs) StdoutLine: {'line': b'-- Up-to-date: /home/px4/ros2/ws/install/px4_msgs/include/px4_msgs/px4_msgs/msg/detail/irlock_report__struct.h\n'}
[1.490106] (px4_msgs) StdoutLine: {'line': b'-- Up-to-date: /home/px4/ros2/ws/install/px4_msgs/include/px4_msgs/px4_msgs/msg/detail/trajectory_setpoint6dof__struct.h\n'}
[1.490199] (px4_msgs) StdoutLine: {'line': b'-- Up-to-date: /home/px4/ros2/ws/install/px4_msgs/include/px4_msgs/px4_msgs/msg/detail/gimbal_manager_information__functions.c\n'}
[1.490299] (px4_msgs) StdoutLine: {'line': b'-- Up-to-date: /home/px4/ros2/ws/install/px4_msgs/include/px4_msgs/px4_msgs/msg/detail/rover_attitude_status__type_support.h\n'}
[1.490380] (px4_msgs) StdoutLine: {'line': b'-- Up-to-date: /home/px4/ros2/ws/install/px4_msgs/include/px4_msgs/px4_msgs/msg/detail/dronecan_node_status__functions.c\n'}
[1.490460] (px4_msgs) StdoutLine: {'line': b'-- Up-to-date: /home/px4/ros2/ws/install/px4_msgs/include/px4_msgs/px4_msgs/msg/detail/task_stack_info__functions.c\n'}
[1.490545] (px4_msgs) StdoutLine: {'line': b'-- Up-to-date: /home/px4/ros2/ws/install/px4_msgs/include/px4_msgs/px4_msgs/msg/detail/follow_target__functions.h\n'}
[1.490681] (px4_msgs) StdoutLine: {'line': b'-- Up-to-date: /home/px4/ros2/ws/install/px4_msgs/include/px4_msgs/px4_msgs/msg/detail/mode_completed__type_support.h\n'}
[1.490869] (px4_msgs) StdoutLine: {'line': b'-- Up-to-date: /home/px4/ros2/ws/install/px4_msgs/include/px4_msgs/px4_msgs/msg/detail/trajectory_setpoint6dof__functions.h\n'}
[1.490999] (px4_msgs) StdoutLine: {'line': b'-- Up-to-date: /home/px4/ros2/ws/install/px4_msgs/include/px4_msgs/px4_msgs/msg/detail/wind__functions.c\n'}
[1.491150] (px4_msgs) StdoutLine: {'line': b'-- Up-to-date: /home/px4/ros2/ws/install/px4_msgs/include/px4_msgs/px4_msgs/msg/detail/parameter_update__functions.h\n'}
[1.491280] (px4_msgs) StdoutLine: {'line': b'-- Up-to-date: /home/px4/ros2/ws/install/px4_msgs/include/px4_msgs/px4_msgs/msg/detail/actuator_test__functions.h\n'}
[1.491430] (px4_msgs) StdoutLine: {'line': b'-- Up-to-date: /home/px4/ros2/ws/install/px4_msgs/include/px4_msgs/px4_msgs/msg/detail/orbit_status__functions.c\n'}
[1.491598] (px4_msgs) StdoutLine: {'line': b'-- Up-to-date: /home/px4/ros2/ws/install/px4_msgs/include/px4_msgs/px4_msgs/msg/detail/vehicle_status__functions.h\n'}
[1.491871] (px4_msgs) StdoutLine: {'line': b'-- Up-to-date: /home/px4/ros2/ws/install/px4_msgs/include/px4_msgs/px4_msgs/msg/detail/sensors_status_imu__functions.h\n'}
[1.492012] (px4_msgs) StdoutLine: {'line': b'-- Up-to-date: /home/px4/ros2/ws/install/px4_msgs/include/px4_msgs/px4_msgs/msg/detail/rover_velocity_setpoint__type_support.h\n'}
[1.492099] (px4_msgs) StdoutLine: {'line': b'-- Up-to-date: /home/px4/ros2/ws/install/px4_msgs/include/px4_msgs/px4_msgs/msg/detail/rtl_status__type_support.h\n'}
[1.492215] (px4_msgs) StdoutLine: {'line': b'-- Up-to-date: /home/px4/ros2/ws/install/px4_msgs/include/px4_msgs/px4_msgs/msg/detail/autotune_attitude_control_status__type_support.h\n'}
[1.492301] (px4_msgs) StdoutLine: {'line': b'-- Up-to-date: /home/px4/ros2/ws/install/px4_msgs/include/px4_msgs/px4_msgs/msg/detail/ulog_stream_ack__functions.h\n'}
[1.492373] (px4_msgs) StdoutLine: {'line': b'-- Up-to-date: /home/px4/ros2/ws/install/px4_msgs/include/px4_msgs/px4_msgs/msg/detail/estimator_event_flags__type_support.h\n'}
[1.492453] (px4_msgs) StdoutLine: {'line': b'-- Up-to-date: /home/px4/ros2/ws/install/px4_msgs/include/px4_msgs/px4_msgs/msg/detail/actuator_servos_trim__type_support.h\n'}
[1.492605] (px4_msgs) StdoutLine: {'line': b'-- Up-to-date: /home/px4/ros2/ws/install/px4_msgs/include/px4_msgs/px4_msgs/msg/detail/vehicle_land_detected__type_support.h\n'}
[1.492688] (px4_msgs) StdoutLine: {'line': b'-- Up-to-date: /home/px4/ros2/ws/install/px4_msgs/include/px4_msgs/px4_msgs/msg/detail/hover_thrust_estimate__functions.c\n'}
[1.492771] (px4_msgs) StdoutLine: {'line': b'-- Up-to-date: /home/px4/ros2/ws/install/px4_msgs/include/px4_msgs/px4_msgs/msg/detail/open_drone_id_operator_id__struct.h\n'}
[1.492854] (px4_msgs) StdoutLine: {'line': b'-- Up-to-date: /home/px4/ros2/ws/install/px4_msgs/include/px4_msgs/px4_msgs/msg/detail/vehicle_local_position_setpoint__functions.h\n'}
[1.492972] (px4_msgs) StdoutLine: {'line': b'-- Up-to-date: /home/px4/ros2/ws/install/px4_msgs/include/px4_msgs/px4_msgs/msg/detail/adc_report__functions.c\n'}
[1.493056] (px4_msgs) StdoutLine: {'line': b'-- Up-to-date: /home/px4/ros2/ws/install/px4_msgs/include/px4_msgs/px4_msgs/msg/detail/telemetry_status__struct.h\n'}
[1.493158] (px4_msgs) StdoutLine: {'line': b'-- Up-to-date: /home/px4/ros2/ws/install/px4_msgs/include/px4_msgs/px4_msgs/msg/detail/follow_target_status__type_support.h\n'}
[1.493243] (px4_msgs) StdoutLine: {'line': b'-- Up-to-date: /home/px4/ros2/ws/install/px4_msgs/include/px4_msgs/px4_msgs/msg/detail/mavlink_log__functions.c\n'}
[1.493325] (px4_msgs) StdoutLine: {'line': b'-- Up-to-date: /home/px4/ros2/ws/install/px4_msgs/include/px4_msgs/px4_msgs/msg/detail/iridiumsbd_status__functions.h\n'}
[1.493403] (px4_msgs) StdoutLine: {'line': b'-- Up-to-date: /home/px4/ros2/ws/install/px4_msgs/include/px4_msgs/px4_msgs/msg/detail/battery_info__type_support.h\n'}
[1.493482] (px4_msgs) StdoutLine: {'line': b'-- Up-to-date: /home/px4/ros2/ws/install/px4_msgs/include/px4_msgs/px4_msgs/msg/detail/orb_test__functions.c\n'}
[1.493644] (px4_msgs) StdoutLine: {'line': b'-- Up-to-date: /home/px4/ros2/ws/install/px4_msgs/include/px4_msgs/px4_msgs/msg/detail/parameter_set_used_request__struct.h\n'}
[1.493755] (px4_msgs) StdoutLine: {'line': b'-- Up-to-date: /home/px4/ros2/ws/install/px4_msgs/include/px4_msgs/px4_msgs/msg/detail/sensor_optical_flow__functions.c\n'}
[1.493839] (px4_msgs) StdoutLine: {'line': b'-- Up-to-date: /home/px4/ros2/ws/install/px4_msgs/include/px4_msgs/px4_msgs/msg/detail/vehicle_global_position__struct.h\n'}
[1.493962] (px4_msgs) StdoutLine: {'line': b'-- Up-to-date: /home/px4/ros2/ws/install/px4_msgs/include/px4_msgs/px4_msgs/msg/detail/differential_pressure__functions.h\n'}
[1.494083] (px4_msgs) StdoutLine: {'line': b'-- Up-to-date: /home/px4/ros2/ws/install/px4_msgs/include/px4_msgs/px4_msgs/msg/detail/launch_detection_status__functions.h\n'}
[1.494168] (px4_msgs) StdoutLine: {'line': b'-- Up-to-date: /home/px4/ros2/ws/install/px4_msgs/include/px4_msgs/px4_msgs/msg/detail/vehicle_status__struct.h\n'}
[1.494300] (px4_msgs) StdoutLine: {'line': b'-- Up-to-date: /home/px4/ros2/ws/install/px4_msgs/include/px4_msgs/px4_msgs/msg/detail/open_drone_id_arm_status__functions.h\n'}
[1.494393] (px4_msgs) StdoutLine: {'line': b'-- Up-to-date: /home/px4/ros2/ws/install/px4_msgs/include/px4_msgs/px4_msgs/msg/detail/sensor_combined__type_support.h\n'}
[1.494560] (px4_msgs) StdoutLine: {'line': b'-- Up-to-date: /home/px4/ros2/ws/install/px4_msgs/include/px4_msgs/px4_msgs/msg/detail/ulog_stream_ack__type_support.h\n'}
[1.494696] (px4_msgs) StdoutLine: {'line': b'-- Up-to-date: /home/px4/ros2/ws/install/px4_msgs/include/px4_msgs/px4_msgs/msg/detail/mode_completed__struct.h\n'}
[1.494794] (px4_msgs) StdoutLine: {'line': b'-- Up-to-date: /home/px4/ros2/ws/install/px4_msgs/include/px4_msgs/px4_msgs/msg/detail/adc_report__struct.h\n'}
[1.494887] (px4_msgs) StdoutLine: {'line': b'-- Up-to-date: /home/px4/ros2/ws/install/px4_msgs/include/px4_msgs/px4_msgs/msg/detail/landing_target_innovations__struct.h\n'}
[1.494980] (px4_msgs) StdoutLine: {'line': b'-- Up-to-date: /home/px4/ros2/ws/install/px4_msgs/include/px4_msgs/px4_msgs/msg/detail/gimbal_manager_information__type_support.h\n'}
[1.495071] (px4_msgs) StdoutLine: {'line': b'-- Up-to-date: /home/px4/ros2/ws/install/px4_msgs/include/px4_msgs/px4_msgs/msg/detail/rtl_time_estimate__struct.h\n'}
[1.495161] (px4_msgs) StdoutLine: {'line': b'-- Up-to-date: /home/px4/ros2/ws/install/px4_msgs/include/px4_msgs/px4_msgs/msg/detail/mission_result__functions.h\n'}
[1.495251] (px4_msgs) StdoutLine: {'line': b'-- Up-to-date: /home/px4/ros2/ws/install/px4_msgs/include/px4_msgs/px4_msgs/msg/detail/sensor_gyro__functions.h\n'}
[1.495339] (px4_msgs) StdoutLine: {'line': b'-- Up-to-date: /home/px4/ros2/ws/install/px4_msgs/include/px4_msgs/px4_msgs/msg/detail/wind__type_support.h\n'}
[1.495428] (px4_msgs) StdoutLine: {'line': b'-- Up-to-date: /home/px4/ros2/ws/install/px4_msgs/include/px4_msgs/px4_msgs/msg/detail/navigator_mission_item__functions.c\n'}
[1.495554] (px4_msgs) StdoutLine: {'line': b'-- Up-to-date: /home/px4/ros2/ws/install/px4_msgs/include/px4_msgs/px4_msgs/msg/detail/position_setpoint__type_support.h\n'}
[1.495664] (px4_msgs) StdoutLine: {'line': b'-- Up-to-date: /home/px4/ros2/ws/install/px4_msgs/include/px4_msgs/px4_msgs/msg/detail/vtol_vehicle_status__functions.h\n'}
[1.495759] (px4_msgs) StdoutLine: {'line': b'-- Up-to-date: /home/px4/ros2/ws/install/px4_msgs/include/px4_msgs/px4_msgs/msg/detail/airspeed__type_support.h\n'}
[1.495851] (px4_msgs) StdoutLine: {'line': b'-- Up-to-date: /home/px4/ros2/ws/install/px4_msgs/include/px4_msgs/px4_msgs/msg/detail/vehicle_roi__functions.c\n'}
[1.495942] (px4_msgs) StdoutLine: {'line': b'-- Up-to-date: /home/px4/ros2/ws/install/px4_msgs/include/px4_msgs/px4_msgs/msg/detail/vehicle_thrust_setpoint__type_support.h\n'}
[1.496065] (px4_msgs) StdoutLine: {'line': b'-- Up-to-date: /home/px4/ros2/ws/install/px4_msgs/include/px4_msgs/px4_msgs/msg/detail/camera_trigger__functions.c\n'}
[1.496208] (px4_msgs) StdoutLine: {'line': b'-- Up-to-date: /home/px4/ros2/ws/install/px4_msgs/include/px4_msgs/px4_msgs/msg/detail/sensor_mag__type_support.h\n'}
[1.496314] (px4_msgs) StdoutLine: {'line': b'-- Up-to-date: /home/px4/ros2/ws/install/px4_msgs/include/px4_msgs/px4_msgs/msg/detail/vehicle_attitude_setpoint__struct.h\n'}
[1.496416] (px4_msgs) StdoutLine: {'line': b'-- Up-to-date: /home/px4/ros2/ws/install/px4_msgs/include/px4_msgs/px4_msgs/msg/detail/vehicle_control_mode__functions.h\n'}
[1.496625] (px4_msgs) StdoutLine: {'line': b'-- Up-to-date: /home/px4/ros2/ws/install/px4_msgs/include/px4_msgs/px4_msgs/msg/detail/mavlink_tunnel__type_support.h\n'}
[1.496707] (px4_msgs) StdoutLine: {'line': b'-- Up-to-date: /home/px4/ros2/ws/install/px4_msgs/include/px4_msgs/px4_msgs/msg/detail/sensor_gnss_relative__functions.h\n'}
[1.496999] (px4_msgs) StdoutLine: {'line': b'-- Up-to-date: /home/px4/ros2/ws/install/px4_msgs/include/px4_msgs/px4_msgs/msg/detail/follow_target_status__struct.h\n'}
[1.497121] (px4_msgs) StdoutLine: {'line': b'-- Up-to-date: /home/px4/ros2/ws/install/px4_msgs/include/px4_msgs/px4_msgs/msg/detail/cpuload__functions.h\n'}
[1.497211] (px4_msgs) StdoutLine: {'line': b'-- Up-to-date: /home/px4/ros2/ws/install/px4_msgs/include/px4_msgs/px4_msgs/msg/detail/cpuload__struct.h\n'}
[1.497316] (px4_msgs) StdoutLine: {'line': b'-- Up-to-date: /home/px4/ros2/ws/install/px4_msgs/include/px4_msgs/px4_msgs/msg/detail/figure_eight_status__functions.h\n'}
[1.497450] (px4_msgs) StdoutLine: {'line': b'-- Up-to-date: /home/px4/ros2/ws/install/px4_msgs/include/px4_msgs/px4_msgs/msg/detail/esc_report__type_support.h\n'}
[1.497573] (px4_msgs) StdoutLine: {'line': b'-- Up-to-date: /home/px4/ros2/ws/install/px4_msgs/include/px4_msgs/px4_msgs/msg/detail/vehicle_rates_setpoint__type_support.h\n'}
[1.497654] (px4_msgs) StdoutLine: {'line': b'-- Up-to-date: /home/px4/ros2/ws/install/px4_msgs/include/px4_msgs/px4_msgs/msg/detail/iridiumsbd_status__struct.h\n'}
[1.497728] (px4_msgs) StdoutLine: {'line': b'-- Up-to-date: /home/px4/ros2/ws/install/px4_msgs/include/px4_msgs/px4_msgs/msg/detail/vehicle_command_ack__struct.h\n'}
[1.497799] (px4_msgs) StdoutLine: {'line': b'-- Up-to-date: /home/px4/ros2/ws/install/px4_msgs/include/px4_msgs/px4_msgs/msg/detail/gimbal_device_set_attitude__functions.c\n'}
[1.497935] (px4_msgs) StdoutLine: {'line': b'-- Up-to-date: /home/px4/ros2/ws/install/px4_msgs/include/px4_msgs/px4_msgs/msg/detail/sensor_baro__functions.c\n'}
[1.498031] (px4_msgs) StdoutLine: {'line': b'-- Up-to-date: /home/px4/ros2/ws/install/px4_msgs/include/px4_msgs/px4_msgs/msg/detail/mavlink_tunnel__struct.h\n'}
[1.498117] (px4_msgs) StdoutLine: {'line': b'-- Up-to-date: /home/px4/ros2/ws/install/px4_msgs/include/px4_msgs/px4_msgs/msg/detail/mission__struct.h\n'}
[1.498214] (px4_msgs) StdoutLine: {'line': b'-- Up-to-date: /home/px4/ros2/ws/install/px4_msgs/include/px4_msgs/px4_msgs/msg/detail/pwm_input__type_support.h\n'}
[1.498299] (px4_msgs) StdoutLine: {'line': b'-- Up-to-date: /home/px4/ros2/ws/install/px4_msgs/include/px4_msgs/px4_msgs/msg/detail/orb_test__functions.h\n'}
[1.498381] (px4_msgs) StdoutLine: {'line': b'-- Up-to-date: /home/px4/ros2/ws/install/px4_msgs/include/px4_msgs/px4_msgs/msg/detail/longitudinal_control_configuration__functions.c\n'}
[1.498454] (px4_msgs) StdoutLine: {'line': b'-- Up-to-date: /home/px4/ros2/ws/install/px4_msgs/include/px4_msgs/px4_msgs/msg/detail/message_format_request__functions.c\n'}
[1.498646] (px4_msgs) StdoutLine: {'line': b'-- Up-to-date: /home/px4/ros2/ws/install/px4_msgs/include/px4_msgs/px4_msgs/msg/detail/flight_phase_estimation__functions.c\n'}
[1.498725] (px4_msgs) StdoutLine: {'line': b'-- Up-to-date: /home/px4/ros2/ws/install/px4_msgs/include/px4_msgs/px4_msgs/msg/detail/transponder_report__type_support.h\n'}
[1.498824] (px4_msgs) StdoutLine: {'line': b'-- Up-to-date: /home/px4/ros2/ws/install/px4_msgs/include/px4_msgs/px4_msgs/msg/detail/vehicle_constraints__struct.h\n'}
[1.498982] (px4_msgs) StdoutLine: {'line': b'-- Up-to-date: /home/px4/ros2/ws/install/px4_msgs/include/px4_msgs/px4_msgs/msg/detail/position_controller_landing_status__functions.h\n'}
[1.499123] (px4_msgs) StdoutLine: {'line': b'-- Up-to-date: /home/px4/ros2/ws/install/px4_msgs/include/px4_msgs/px4_msgs/msg/detail/esc_status__struct.h\n'}
[1.499243] (px4_msgs) StdoutLine: {'line': b'-- Up-to-date: /home/px4/ros2/ws/install/px4_msgs/include/px4_msgs/px4_msgs/msg/detail/estimator_gps_status__type_support.h\n'}
[1.499368] (px4_msgs) StdoutLine: {'line': b'-- Up-to-date: /home/px4/ros2/ws/install/px4_msgs/include/px4_msgs/px4_msgs/msg/detail/fixed_wing_lateral_status__functions.c\n'}
[1.499524] (px4_msgs) StdoutLine: {'line': b'-- Up-to-date: /home/px4/ros2/ws/install/px4_msgs/include/px4_msgs/px4_msgs/msg/detail/navigator_status__functions.h\n'}
[1.499824] (px4_msgs) StdoutLine: {'line': b'-- Up-to-date: /home/px4/ros2/ws/install/px4_msgs/include/px4_msgs/px4_msgs/msg/detail/uavcan_parameter_value__functions.h\n'}
[1.499926] (px4_msgs) StdoutLine: {'line': b'-- Up-to-date: /home/px4/ros2/ws/install/px4_msgs/include/px4_msgs/px4_msgs/msg/detail/hover_thrust_estimate__functions.h\n'}
[1.500009] (px4_msgs) StdoutLine: {'line': b'-- Up-to-date: /home/px4/ros2/ws/install/px4_msgs/include/px4_msgs/px4_msgs/msg/detail/sensor_gyro_fifo__functions.c\n'}
[1.500091] (px4_msgs) StdoutLine: {'line': b'-- Up-to-date: /home/px4/ros2/ws/install/px4_msgs/include/px4_msgs/px4_msgs/msg/detail/vehicle_torque_setpoint__type_support.h\n'}
[1.500161] (px4_msgs) StdoutLine: {'line': b'-- Up-to-date: /home/px4/ros2/ws/install/px4_msgs/include/px4_msgs/px4_msgs/msg/detail/magnetometer_bias_estimate__type_support.h\n'}
[1.500243] (px4_msgs) StdoutLine: {'line': b'-- Up-to-date: /home/px4/ros2/ws/install/px4_msgs/include/px4_msgs/px4_msgs/msg/detail/sensor_selection__struct.h\n'}
[1.500323] (px4_msgs) StdoutLine: {'line': b'-- Up-to-date: /home/px4/ros2/ws/install/px4_msgs/include/px4_msgs/px4_msgs/msg/detail/orbit_status__functions.h\n'}
[1.500407] (px4_msgs) StdoutLine: {'line': b'-- Up-to-date: /home/px4/ros2/ws/install/px4_msgs/include/px4_msgs/px4_msgs/msg/detail/gimbal_manager_status__type_support.h\n'}
[1.500499] (px4_msgs) StdoutLine: {'line': b'-- Up-to-date: /home/px4/ros2/ws/install/px4_msgs/include/px4_msgs/px4_msgs/msg/detail/power_monitor__functions.h\n'}
[1.500594] (px4_msgs) StdoutLine: {'line': b'-- Up-to-date: /home/px4/ros2/ws/install/px4_msgs/include/px4_msgs/px4_msgs/msg/detail/rc_channels__type_support.h\n'}
[1.500676] (px4_msgs) StdoutLine: {'line': b'-- Up-to-date: /home/px4/ros2/ws/install/px4_msgs/include/px4_msgs/px4_msgs/msg/detail/gimbal_manager_set_attitude__functions.c\n'}
[1.500749] (px4_msgs) StdoutLine: {'line': b'-- Up-to-date: /home/px4/ros2/ws/install/px4_msgs/include/px4_msgs/px4_msgs/msg/detail/sensor_correction__functions.c\n'}
[1.500822] (px4_msgs) StdoutLine: {'line': b'-- Up-to-date: /home/px4/ros2/ws/install/px4_msgs/include/px4_msgs/px4_msgs/msg/detail/rover_velocity_status__functions.h\n'}
[1.500917] (px4_msgs) StdoutLine: {'line': b'-- Up-to-date: /home/px4/ros2/ws/install/px4_msgs/include/px4_msgs/px4_msgs/msg/detail/vehicle_imu__type_support.h\n'}
[1.501004] (px4_msgs) StdoutLine: {'line': b'-- Up-to-date: /home/px4/ros2/ws/install/px4_msgs/include/px4_msgs/px4_msgs/msg/detail/actuator_servos_trim__struct.h\n'}
[1.501171] (px4_msgs) StdoutLine: {'line': b'-- Up-to-date: /home/px4/ros2/ws/install/px4_msgs/include/px4_msgs/px4_msgs/msg/detail/mode_completed__functions.h\n'}
[1.501253] (px4_msgs) StdoutLine: {'line': b'-- Up-to-date: /home/px4/ros2/ws/install/px4_msgs/include/px4_msgs/px4_msgs/msg/detail/power_button_state__type_support.h\n'}
[1.501333] (px4_msgs) StdoutLine: {'line': b'-- Up-to-date: /home/px4/ros2/ws/install/px4_msgs/include/px4_msgs/px4_msgs/msg/detail/landing_gear__struct.h\n'}
[1.501467] (px4_msgs) StdoutLine: {'line': b'-- Up-to-date: /home/px4/ros2/ws/install/px4_msgs/include/px4_msgs/px4_msgs/msg/detail/open_drone_id_system__functions.c\n'}
[1.501656] (px4_msgs) StdoutLine: {'line': b'-- Up-to-date: /home/px4/ros2/ws/install/px4_msgs/include/px4_msgs/px4_msgs/msg/detail/orb_test_large__struct.h\n'}
[1.501815] (px4_msgs) StdoutLine: {'line': b'-- Up-to-date: /home/px4/ros2/ws/install/px4_msgs/include/px4_msgs/px4_msgs/msg/detail/distance_sensor__type_support.h\n'}
[1.501906] (px4_msgs) StdoutLine: {'line': b'-- Up-to-date: /home/px4/ros2/ws/install/px4_msgs/include/px4_msgs/px4_msgs/msg/detail/actuator_servos__functions.h\n'}
[1.501993] (px4_msgs) StdoutLine: {'line': b'-- Up-to-date: /home/px4/ros2/ws/install/px4_msgs/include/px4_msgs/px4_msgs/msg/detail/system_power__type_support.h\n'}
[1.502080] (px4_msgs) StdoutLine: {'line': b'-- Up-to-date: /home/px4/ros2/ws/install/px4_msgs/include/px4_msgs/px4_msgs/msg/detail/sensor_optical_flow__struct.h\n'}
[1.502165] (px4_msgs) StdoutLine: {'line': b'-- Up-to-date: /home/px4/ros2/ws/install/px4_msgs/include/px4_msgs/px4_msgs/msg/detail/vehicle_air_data__type_support.h\n'}
[1.502267] (px4_msgs) StdoutLine: {'line': b'-- Up-to-date: /home/px4/ros2/ws/install/px4_msgs/include/px4_msgs/px4_msgs/msg/detail/yaw_estimator_status__functions.h\n'}
[1.502434] (px4_msgs) StdoutLine: {'line': b'-- Up-to-date: /home/px4/ros2/ws/install/px4_msgs/include/px4_msgs/px4_msgs/msg/detail/vehicle_torque_setpoint__struct.h\n'}
[1.502537] (px4_msgs) StdoutLine: {'line': b'-- Up-to-date: /home/px4/ros2/ws/install/px4_msgs/include/px4_msgs/px4_msgs/msg/detail/rc_channels__functions.h\n'}
[1.502644] (px4_msgs) StdoutLine: {'line': b'-- Up-to-date: /home/px4/ros2/ws/install/px4_msgs/include/px4_msgs/px4_msgs/msg/detail/navigator_status__struct.h\n'}
[1.502729] (px4_msgs) StdoutLine: {'line': b'-- Up-to-date: /home/px4/ros2/ws/install/px4_msgs/include/px4_msgs/px4_msgs/msg/detail/manual_control_switches__functions.h\n'}
[1.502816] (px4_msgs) StdoutLine: {'line': b'-- Up-to-date: /home/px4/ros2/ws/install/px4_msgs/include/px4_msgs/px4_msgs/msg/detail/takeoff_status__struct.h\n'}
[1.502914] (px4_msgs) StdoutLine: {'line': b'-- Up-to-date: /home/px4/ros2/ws/install/px4_msgs/include/px4_msgs/px4_msgs/msg/detail/geofence_result__struct.h\n'}
[1.503000] (px4_msgs) StdoutLine: {'line': b'-- Up-to-date: /home/px4/ros2/ws/install/px4_msgs/include/px4_msgs/px4_msgs/msg/detail/pure_pursuit_status__functions.c\n'}
[1.503084] (-) TimerEvent: {}
[1.503283] (px4_msgs) StdoutLine: {'line': b'-- Up-to-date: /home/px4/ros2/ws/install/px4_msgs/include/px4_msgs/px4_msgs/msg/detail/sensors_status__type_support.h\n'}
[1.503442] (px4_msgs) StdoutLine: {'line': b'-- Up-to-date: /home/px4/ros2/ws/install/px4_msgs/include/px4_msgs/px4_msgs/msg/detail/ping__functions.c\n'}
[1.503691] (px4_msgs) StdoutLine: {'line': b'-- Up-to-date: /home/px4/ros2/ws/install/px4_msgs/include/px4_msgs/px4_msgs/msg/detail/ekf2_timestamps__struct.h\n'}
[1.503785] (px4_msgs) StdoutLine: {'line': b'-- Up-to-date: /home/px4/ros2/ws/install/px4_msgs/include/px4_msgs/px4_msgs/msg/detail/rover_rate_status__struct.h\n'}
[1.503866] (px4_msgs) StdoutLine: {'line': b'-- Up-to-date: /home/px4/ros2/ws/install/px4_msgs/include/px4_msgs/px4_msgs/msg/detail/rover_attitude_setpoint__type_support.h\n'}
[1.503949] (px4_msgs) StdoutLine: {'line': b'-- Up-to-date: /home/px4/ros2/ws/install/px4_msgs/include/px4_msgs/px4_msgs/msg/detail/tecs_status__functions.h\n'}
[1.504042] (px4_msgs) StdoutLine: {'line': b'-- Up-to-date: /home/px4/ros2/ws/install/px4_msgs/include/px4_msgs/px4_msgs/msg/detail/generator_status__functions.c\n'}
[1.504127] (px4_msgs) StdoutLine: {'line': b'-- Up-to-date: /home/px4/ros2/ws/install/px4_msgs/include/px4_msgs/px4_msgs/msg/detail/estimator_gps_status__struct.h\n'}
[1.504212] (px4_msgs) StdoutLine: {'line': b'-- Up-to-date: /home/px4/ros2/ws/install/px4_msgs/include/px4_msgs/px4_msgs/msg/detail/open_drone_id_operator_id__functions.c\n'}
[1.504297] (px4_msgs) StdoutLine: {'line': b'-- Up-to-date: /home/px4/ros2/ws/install/px4_msgs/include/px4_msgs/px4_msgs/msg/detail/logger_status__struct.h\n'}
[1.504380] (px4_msgs) StdoutLine: {'line': b'-- Up-to-date: /home/px4/ros2/ws/install/px4_msgs/include/px4_msgs/px4_msgs/msg/detail/estimator_bias__struct.h\n'}
[1.504508] (px4_msgs) StdoutLine: {'line': b'-- Up-to-date: /home/px4/ros2/ws/install/px4_msgs/include/px4_msgs/px4_msgs/msg/detail/qshell_req__functions.h\n'}
[1.504688] (px4_msgs) StdoutLine: {'line': b'-- Up-to-date: /home/px4/ros2/ws/install/px4_msgs/include/px4_msgs/px4_msgs/msg/detail/vehicle_acceleration__functions.h\n'}
[1.504790] (px4_msgs) StdoutLine: {'line': b'-- Up-to-date: /home/px4/ros2/ws/install/px4_msgs/include/px4_msgs/px4_msgs/msg/detail/sensor_uwb__functions.h\n'}
[1.504919] (px4_msgs) StdoutLine: {'line': b'-- Up-to-date: /home/px4/ros2/ws/install/px4_msgs/include/px4_msgs/px4_msgs/msg/detail/parameter_update__functions.c\n'}
[1.504998] (px4_msgs) StdoutLine: {'line': b'-- Up-to-date: /home/px4/ros2/ws/install/px4_msgs/include/px4_msgs/px4_msgs/msg/detail/landing_gear_wheel__struct.h\n'}
[1.505126] (px4_msgs) StdoutLine: {'line': b'-- Up-to-date: /home/px4/ros2/ws/install/px4_msgs/include/px4_msgs/px4_msgs/msg/detail/sensor_accel_fifo__type_support.h\n'}
[1.505239] (px4_msgs) StdoutLine: {'line': b'-- Up-to-date: /home/px4/ros2/ws/install/px4_msgs/include/px4_msgs/px4_msgs/msg/detail/sensor_preflight_mag__functions.h\n'}
[1.505320] (px4_msgs) StdoutLine: {'line': b'-- Up-to-date: /home/px4/ros2/ws/install/px4_msgs/include/px4_msgs/px4_msgs/msg/detail/airspeed_wind__functions.c\n'}
[1.505443] (px4_msgs) StdoutLine: {'line': b'-- Up-to-date: /home/px4/ros2/ws/install/px4_msgs/include/px4_msgs/px4_msgs/msg/detail/rover_position_setpoint__type_support.h\n'}
[1.505578] (px4_msgs) StdoutLine: {'line': b'-- Up-to-date: /home/px4/ros2/ws/install/px4_msgs/include/px4_msgs/px4_msgs/msg/detail/health_report__type_support.h\n'}
[1.505663] (px4_msgs) StdoutLine: {'line': b'-- Up-to-date: /home/px4/ros2/ws/install/px4_msgs/include/px4_msgs/px4_msgs/msg/detail/register_ext_component_request__functions.c\n'}
[1.505795] (px4_msgs) StdoutLine: {'line': b'-- Up-to-date: /home/px4/ros2/ws/install/px4_msgs/include/px4_msgs/px4_msgs/msg/detail/uavcan_parameter_request__struct.h\n'}
[1.505870] (px4_msgs) StdoutLine: {'line': b'-- Up-to-date: /home/px4/ros2/ws/install/px4_msgs/include/px4_msgs/px4_msgs/msg/detail/offboard_control_mode__struct.h\n'}
[1.505973] (px4_msgs) StdoutLine: {'line': b'-- Up-to-date: /home/px4/ros2/ws/install/px4_msgs/include/px4_msgs/px4_msgs/msg/detail/control_allocator_status__functions.c\n'}
[1.506055] (px4_msgs) StdoutLine: {'line': b'-- Up-to-date: /home/px4/ros2/ws/install/px4_msgs/include/px4_msgs/px4_msgs/msg/detail/distance_sensor__struct.h\n'}
[1.506134] (px4_msgs) StdoutLine: {'line': b'-- Up-to-date: /home/px4/ros2/ws/install/px4_msgs/include/px4_msgs/px4_msgs/msg/detail/heater_status__functions.c\n'}
[1.506215] (px4_msgs) StdoutLine: {'line': b'-- Up-to-date: /home/px4/ros2/ws/install/px4_msgs/include/px4_msgs/px4_msgs/msg/detail/sensor_selection__type_support.h\n'}
[1.506285] (px4_msgs) StdoutLine: {'line': b'-- Up-to-date: /home/px4/ros2/ws/install/px4_msgs/include/px4_msgs/px4_msgs/msg/detail/offboard_control_mode__functions.h\n'}
[1.506400] (px4_msgs) StdoutLine: {'line': b'-- Up-to-date: /home/px4/ros2/ws/install/px4_msgs/include/px4_msgs/px4_msgs/msg/detail/gripper__struct.h\n'}
[1.506484] (px4_msgs) StdoutLine: {'line': b'-- Up-to-date: /home/px4/ros2/ws/install/px4_msgs/include/px4_msgs/px4_msgs/msg/detail/lateral_control_configuration__struct.h\n'}
[1.506581] (px4_msgs) StdoutLine: {'line': b'-- Up-to-date: /home/px4/ros2/ws/install/px4_msgs/include/px4_msgs/px4_msgs/msg/detail/vehicle_rates_setpoint__functions.c\n'}
[1.506685] (px4_msgs) StdoutLine: {'line': b'-- Up-to-date: /home/px4/ros2/ws/install/px4_msgs/include/px4_msgs/px4_msgs/msg/detail/failsafe_flags__type_support.h\n'}
[1.506766] (px4_msgs) StdoutLine: {'line': b'-- Up-to-date: /home/px4/ros2/ws/install/px4_msgs/include/px4_msgs/px4_msgs/msg/detail/launch_detection_status__type_support.h\n'}
[1.506845] (px4_msgs) StdoutLine: {'line': b'-- Up-to-date: /home/px4/ros2/ws/install/px4_msgs/include/px4_msgs/px4_msgs/msg/detail/ulog_stream__struct.h\n'}
[1.506923] (px4_msgs) StdoutLine: {'line': b'-- Up-to-date: /home/px4/ros2/ws/install/px4_msgs/include/px4_msgs/px4_msgs/msg/detail/actuator_test__struct.h\n'}
[1.506999] (px4_msgs) StdoutLine: {'line': b'-- Up-to-date: /home/px4/ros2/ws/install/px4_msgs/include/px4_msgs/px4_msgs/msg/detail/message_format_response__struct.h\n'}
[1.507078] (px4_msgs) StdoutLine: {'line': b'-- Up-to-date: /home/px4/ros2/ws/install/px4_msgs/include/px4_msgs/px4_msgs/msg/detail/flight_phase_estimation__functions.h\n'}
[1.507154] (px4_msgs) StdoutLine: {'line': b'-- Up-to-date: /home/px4/ros2/ws/install/px4_msgs/include/px4_msgs/px4_msgs/msg/detail/estimator_selector_status__struct.h\n'}
[1.507232] (px4_msgs) StdoutLine: {'line': b'-- Up-to-date: /home/px4/ros2/ws/install/px4_msgs/include/px4_msgs/px4_msgs/msg/detail/telemetry_status__functions.c\n'}
[1.507309] (px4_msgs) StdoutLine: {'line': b'-- Up-to-date: /home/px4/ros2/ws/install/px4_msgs/include/px4_msgs/px4_msgs/msg/detail/pure_pursuit_status__type_support.h\n'}
[1.507415] (px4_msgs) StdoutLine: {'line': b'-- Up-to-date: /home/px4/ros2/ws/install/px4_msgs/include/px4_msgs/px4_msgs/msg/detail/vehicle_status__type_support.h\n'}
[1.507507] (px4_msgs) StdoutLine: {'line': b'-- Up-to-date: /home/px4/ros2/ws/install/px4_msgs/include/px4_msgs/px4_msgs/msg/detail/pps_capture__type_support.h\n'}
[1.507587] (px4_msgs) StdoutLine: {'line': b'-- Up-to-date: /home/px4/ros2/ws/install/px4_msgs/include/px4_msgs/px4_msgs/msg/detail/power_monitor__functions.c\n'}
[1.507743] (px4_msgs) StdoutLine: {'line': b'-- Up-to-date: /home/px4/ros2/ws/install/px4_msgs/include/px4_msgs/px4_msgs/msg/detail/rover_velocity_status__struct.h\n'}
[1.507816] (px4_msgs) StdoutLine: {'line': b'-- Up-to-date: /home/px4/ros2/ws/install/px4_msgs/include/px4_msgs/px4_msgs/msg/detail/trajectory_setpoint6dof__type_support.h\n'}
[1.507909] (px4_msgs) StdoutLine: {'line': b'-- Up-to-date: /home/px4/ros2/ws/install/px4_msgs/include/px4_msgs/px4_msgs/msg/detail/neural_control__functions.c\n'}
[1.507998] (px4_msgs) StdoutLine: {'line': b'-- Up-to-date: /home/px4/ros2/ws/install/px4_msgs/include/px4_msgs/px4_msgs/msg/detail/dataman_response__type_support.h\n'}
[1.508079] (px4_msgs) StdoutLine: {'line': b'-- Up-to-date: /home/px4/ros2/ws/install/px4_msgs/include/px4_msgs/px4_msgs/msg/detail/onboard_computer_status__type_support.h\n'}
[1.508159] (px4_msgs) StdoutLine: {'line': b'-- Up-to-date: /home/px4/ros2/ws/install/px4_msgs/include/px4_msgs/px4_msgs/msg/detail/trajectory_setpoint__type_support.h\n'}
[1.508241] (px4_msgs) StdoutLine: {'line': b'-- Up-to-date: /home/px4/ros2/ws/install/px4_msgs/include/px4_msgs/px4_msgs/msg/detail/sensor_combined__functions.h\n'}
[1.508390] (px4_msgs) StdoutLine: {'line': b'-- Up-to-date: /home/px4/ros2/ws/install/px4_msgs/include/px4_msgs/px4_msgs/msg/detail/vehicle_imu_status__struct.h\n'}
[1.508475] (px4_msgs) StdoutLine: {'line': b'-- Up-to-date: /home/px4/ros2/ws/install/px4_msgs/include/px4_msgs/px4_msgs/msg/detail/rover_throttle_setpoint__functions.c\n'}
[1.508568] (px4_msgs) StdoutLine: {'line': b'-- Up-to-date: /home/px4/ros2/ws/install/px4_msgs/include/px4_msgs/px4_msgs/msg/detail/gimbal_manager_status__struct.h\n'}
[1.508654] (px4_msgs) StdoutLine: {'line': b'-- Up-to-date: /home/px4/ros2/ws/install/px4_msgs/include/px4_msgs/px4_msgs/msg/detail/sensor_gps__functions.h\n'}
[1.508724] (px4_msgs) StdoutLine: {'line': b'-- Up-to-date: /home/px4/ros2/ws/install/px4_msgs/include/px4_msgs/px4_msgs/msg/detail/estimator_event_flags__functions.c\n'}
[1.508872] (px4_msgs) StdoutLine: {'line': b'-- Up-to-date: /home/px4/ros2/ws/install/px4_msgs/include/px4_msgs/px4_msgs/msg/detail/parameter_set_used_request__type_support.h\n'}
[1.508985] (px4_msgs) StdoutLine: {'line': b'-- Up-to-date: /home/px4/ros2/ws/install/px4_msgs/include/px4_msgs/px4_msgs/msg/detail/fixed_wing_lateral_guidance_status__functions.c\n'}
[1.509060] (px4_msgs) StdoutLine: {'line': b'-- Up-to-date: /home/px4/ros2/ws/install/px4_msgs/include/px4_msgs/px4_msgs/msg/detail/logger_status__type_support.h\n'}
[1.509165] (px4_msgs) StdoutLine: {'line': b'-- Up-to-date: /home/px4/ros2/ws/install/px4_msgs/include/px4_msgs/px4_msgs/msg/detail/mag_worker_data__type_support.h\n'}
[1.509274] (px4_msgs) StdoutLine: {'line': b'-- Up-to-date: /home/px4/ros2/ws/install/px4_msgs/include/px4_msgs/px4_msgs/msg/detail/internal_combustion_engine_control__functions.c\n'}
[1.509359] (px4_msgs) StdoutLine: {'line': b'-- Up-to-date: /home/px4/ros2/ws/install/px4_msgs/include/px4_msgs/px4_msgs/msg/detail/manual_control_setpoint__struct.h\n'}
[1.509439] (px4_msgs) StdoutLine: {'line': b'-- Up-to-date: /home/px4/ros2/ws/install/px4_msgs/include/px4_msgs/px4_msgs/msg/detail/vehicle_command_ack__functions.c\n'}
[1.509535] (px4_msgs) StdoutLine: {'line': b'-- Up-to-date: /home/px4/ros2/ws/install/px4_msgs/include/px4_msgs/px4_msgs/msg/detail/satellite_info__functions.c\n'}
[1.509611] (px4_msgs) StdoutLine: {'line': b'-- Up-to-date: /home/px4/ros2/ws/install/px4_msgs/include/px4_msgs/px4_msgs/msg/detail/rpm__struct.h\n'}
[1.509698] (px4_msgs) StdoutLine: {'line': b'-- Up-to-date: /home/px4/ros2/ws/install/px4_msgs/include/px4_msgs/px4_msgs/msg/detail/gripper__type_support.h\n'}
[1.509767] (px4_msgs) StdoutLine: {'line': b'-- Up-to-date: /home/px4/ros2/ws/install/px4_msgs/include/px4_msgs/px4_msgs/msg/detail/estimator_aid_source1d__functions.h\n'}
[1.509851] (px4_msgs) StdoutLine: {'line': b'-- Up-to-date: /home/px4/ros2/ws/install/px4_msgs/include/px4_msgs/px4_msgs/msg/detail/estimator_sensor_bias__struct.h\n'}
[1.509932] (px4_msgs) StdoutLine: {'line': b'-- Up-to-date: /home/px4/ros2/ws/install/px4_msgs/include/px4_msgs/px4_msgs/msg/detail/gps_dump__functions.c\n'}
[1.510064] (px4_msgs) StdoutLine: {'line': b'-- Up-to-date: /home/px4/ros2/ws/install/px4_msgs/include/px4_msgs/px4_msgs/msg/detail/actuator_servos__struct.h\n'}
[1.510145] (px4_msgs) StdoutLine: {'line': b'-- Up-to-date: /home/px4/ros2/ws/install/px4_msgs/include/px4_msgs/px4_msgs/msg/detail/launch_detection_status__struct.h\n'}
[1.510214] (px4_msgs) StdoutLine: {'line': b'-- Up-to-date: /home/px4/ros2/ws/install/px4_msgs/include/px4_msgs/px4_msgs/msg/detail/fuel_tank_status__type_support.h\n'}
[1.510316] (px4_msgs) StdoutLine: {'line': b'-- Up-to-date: /home/px4/ros2/ws/install/px4_msgs/include/px4_msgs/px4_msgs/msg/detail/airspeed_validated__functions.c\n'}
[1.510400] (px4_msgs) StdoutLine: {'line': b'-- Up-to-date: /home/px4/ros2/ws/install/px4_msgs/include/px4_msgs/px4_msgs/msg/detail/orb_test_large__functions.c\n'}
[1.510482] (px4_msgs) StdoutLine: {'line': b'-- Up-to-date: /home/px4/ros2/ws/install/px4_msgs/include/px4_msgs/px4_msgs/msg/detail/vehicle_imu__struct.h\n'}
[1.510572] (px4_msgs) StdoutLine: {'line': b'-- Up-to-date: /home/px4/ros2/ws/install/px4_msgs/include/px4_msgs/px4_msgs/msg/detail/action_request__functions.h\n'}
[1.510684] (px4_msgs) StdoutLine: {'line': b'-- Up-to-date: /home/px4/ros2/ws/install/px4_msgs/include/px4_msgs/px4_msgs/msg/detail/vehicle_air_data__functions.c\n'}
[1.510790] (px4_msgs) StdoutLine: {'line': b'-- Up-to-date: /home/px4/ros2/ws/install/px4_msgs/include/px4_msgs/px4_msgs/msg/detail/led_control__struct.h\n'}
[1.510874] (px4_msgs) StdoutLine: {'line': b'-- Up-to-date: /home/px4/ros2/ws/install/px4_msgs/include/px4_msgs/px4_msgs/msg/detail/goto_setpoint__type_support.h\n'}
[1.510957] (px4_msgs) StdoutLine: {'line': b'-- Up-to-date: /home/px4/ros2/ws/install/px4_msgs/include/px4_msgs/px4_msgs/msg/detail/sensor_preflight_mag__type_support.h\n'}
[1.511039] (px4_msgs) StdoutLine: {'line': b'-- Up-to-date: /home/px4/ros2/ws/install/px4_msgs/include/px4_msgs/px4_msgs/msg/detail/sensor_gyro_fft__functions.c\n'}
[1.511119] (px4_msgs) StdoutLine: {'line': b'-- Up-to-date: /home/px4/ros2/ws/install/px4_msgs/include/px4_msgs/px4_msgs/msg/detail/gimbal_controls__type_support.h\n'}
[1.511200] (px4_msgs) StdoutLine: {'line': b'-- Up-to-date: /home/px4/ros2/ws/install/px4_msgs/include/px4_msgs/px4_msgs/msg/detail/sensor_accel_fifo__functions.h\n'}
[1.511293] (px4_msgs) StdoutLine: {'line': b'-- Up-to-date: /home/px4/ros2/ws/install/px4_msgs/include/px4_msgs/px4_msgs/msg/detail/register_ext_component_request__functions.h\n'}
[1.511376] (px4_msgs) StdoutLine: {'line': b'-- Up-to-date: /home/px4/ros2/ws/install/px4_msgs/include/px4_msgs/px4_msgs/msg/detail/config_overrides__type_support.h\n'}
[1.511454] (px4_msgs) StdoutLine: {'line': b'-- Up-to-date: /home/px4/ros2/ws/install/px4_msgs/include/px4_msgs/px4_msgs/msg/detail/lateral_control_configuration__functions.h\n'}
[1.511620] (px4_msgs) StdoutLine: {'line': b'-- Up-to-date: /home/px4/ros2/ws/install/px4_msgs/include/px4_msgs/px4_msgs/msg/detail/position_controller_status__functions.h\n'}
[1.511698] (px4_msgs) StdoutLine: {'line': b'-- Up-to-date: /home/px4/ros2/ws/install/px4_msgs/include/px4_msgs/px4_msgs/msg/detail/airspeed_validated__type_support.h\n'}
[1.511780] (px4_msgs) StdoutLine: {'line': b'-- Up-to-date: /home/px4/ros2/ws/install/px4_msgs/include/px4_msgs/px4_msgs/msg/detail/actuator_motors__struct.h\n'}
[1.511915] (px4_msgs) StdoutLine: {'line': b'-- Up-to-date: /home/px4/ros2/ws/install/px4_msgs/include/px4_msgs/px4_msgs/msg/detail/debug_value__type_support.h\n'}
[1.512029] (px4_msgs) StdoutLine: {'line': b'-- Up-to-date: /home/px4/ros2/ws/install/px4_msgs/include/px4_msgs/px4_msgs/msg/detail/debug_value__functions.h\n'}
[1.512114] (px4_msgs) StdoutLine: {'line': b'-- Up-to-date: /home/px4/ros2/ws/install/px4_msgs/include/px4_msgs/px4_msgs/msg/detail/button_event__functions.h\n'}
[1.512220] (px4_msgs) StdoutLine: {'line': b'-- Up-to-date: /home/px4/ros2/ws/install/px4_msgs/include/px4_msgs/px4_msgs/msg/detail/generator_status__type_support.h\n'}
[1.512294] (px4_msgs) StdoutLine: {'line': b'-- Up-to-date: /home/px4/ros2/ws/install/px4_msgs/include/px4_msgs/px4_msgs/msg/detail/rate_ctrl_status__functions.c\n'}
[1.512373] (px4_msgs) StdoutLine: {'line': b'-- Up-to-date: /home/px4/ros2/ws/install/px4_msgs/include/px4_msgs/px4_msgs/msg/detail/landing_target_pose__struct.h\n'}
[1.512453] (px4_msgs) StdoutLine: {'line': b'-- Up-to-date: /home/px4/ros2/ws/install/px4_msgs/include/px4_msgs/px4_msgs/msg/detail/ulog_stream_ack__struct.h\n'}
[1.512540] (px4_msgs) StdoutLine: {'line': b'-- Up-to-date: /home/px4/ros2/ws/install/px4_msgs/include/px4_msgs/px4_msgs/msg/detail/orb_test_medium__struct.h\n'}
[1.512618] (px4_msgs) StdoutLine: {'line': b'-- Up-to-date: /home/px4/ros2/ws/install/px4_msgs/include/px4_msgs/px4_msgs/msg/detail/takeoff_status__functions.c\n'}
[1.512698] (px4_msgs) StdoutLine: {'line': b'-- Up-to-date: /home/px4/ros2/ws/install/px4_msgs/include/px4_msgs/px4_msgs/msg/detail/orb_test_large__type_support.h\n'}
[1.512780] (px4_msgs) StdoutLine: {'line': b'-- Up-to-date: /home/px4/ros2/ws/install/px4_msgs/include/px4_msgs/px4_msgs/msg/detail/sensor_gyro__type_support.h\n'}
[1.512859] (px4_msgs) StdoutLine: {'line': b'-- Up-to-date: /home/px4/ros2/ws/install/px4_msgs/include/px4_msgs/px4_msgs/msg/detail/sensor_airflow__functions.h\n'}
[1.512937] (px4_msgs) StdoutLine: {'line': b'-- Up-to-date: /home/px4/ros2/ws/install/px4_msgs/include/px4_msgs/px4_msgs/msg/detail/gimbal_device_attitude_status__struct.h\n'}
[1.513016] (px4_msgs) StdoutLine: {'line': b'-- Up-to-date: /home/px4/ros2/ws/install/px4_msgs/include/px4_msgs/px4_msgs/msg/detail/vehicle_attitude_setpoint__type_support.h\n'}
[1.513096] (px4_msgs) StdoutLine: {'line': b'-- Up-to-date: /home/px4/ros2/ws/install/px4_msgs/include/px4_msgs/px4_msgs/msg/detail/vehicle_angular_acceleration_setpoint__struct.h\n'}
[1.513176] (px4_msgs) StdoutLine: {'line': b'-- Up-to-date: /home/px4/ros2/ws/install/px4_msgs/include/px4_msgs/px4_msgs/msg/detail/normalized_unsigned_setpoint__functions.h\n'}
[1.513254] (px4_msgs) StdoutLine: {'line': b'-- Up-to-date: /home/px4/ros2/ws/install/px4_msgs/include/px4_msgs/px4_msgs/msg/detail/vehicle_roi__type_support.h\n'}
[1.513331] (px4_msgs) StdoutLine: {'line': b'-- Up-to-date: /home/px4/ros2/ws/install/px4_msgs/include/px4_msgs/px4_msgs/msg/detail/vehicle_local_position_setpoint__functions.c\n'}
[1.513409] (px4_msgs) StdoutLine: {'line': b'-- Up-to-date: /home/px4/ros2/ws/install/px4_msgs/include/px4_msgs/px4_msgs/msg/detail/adc_report__functions.h\n'}
[1.513486] (px4_msgs) StdoutLine: {'line': b'-- Up-to-date: /home/px4/ros2/ws/install/px4_msgs/include/px4_msgs/px4_msgs/msg/detail/gpio_config__type_support.h\n'}
[1.513645] (px4_msgs) StdoutLine: {'line': b'-- Up-to-date: /home/px4/ros2/ws/install/px4_msgs/include/px4_msgs/px4_msgs/msg/detail/px4io_status__type_support.h\n'}
[1.513713] (px4_msgs) StdoutLine: {'line': b'-- Up-to-date: /home/px4/ros2/ws/install/px4_msgs/include/px4_msgs/px4_msgs/msg/detail/logger_status__functions.h\n'}
[1.513777] (px4_msgs) StdoutLine: {'line': b'-- Up-to-date: /home/px4/ros2/ws/install/px4_msgs/include/px4_msgs/px4_msgs/msg/detail/orb_test__struct.h\n'}
[1.513841] (px4_msgs) StdoutLine: {'line': b'-- Up-to-date: /home/px4/ros2/ws/install/px4_msgs/include/px4_msgs/px4_msgs/msg/detail/message_format_request__struct.h\n'}
[1.513903] (px4_msgs) StdoutLine: {'line': b'-- Up-to-date: /home/px4/ros2/ws/install/px4_msgs/include/px4_msgs/px4_msgs/msg/detail/estimator_states__functions.c\n'}
[1.514007] (px4_msgs) StdoutLine: {'line': b'-- Up-to-date: /home/px4/ros2/ws/install/px4_msgs/include/px4_msgs/px4_msgs/msg/detail/onboard_computer_status__functions.c\n'}
[1.514113] (px4_msgs) StdoutLine: {'line': b'-- Up-to-date: /home/px4/ros2/ws/install/px4_msgs/include/px4_msgs/px4_msgs/msg/detail/dataman_request__type_support.h\n'}
[1.514182] (px4_msgs) StdoutLine: {'line': b'-- Up-to-date: /home/px4/ros2/ws/install/px4_msgs/include/px4_msgs/px4_msgs/msg/detail/internal_combustion_engine_status__type_support.h\n'}
[1.514271] (px4_msgs) StdoutLine: {'line': b'-- Up-to-date: /home/px4/ros2/ws/install/px4_msgs/include/px4_msgs/px4_msgs/msg/detail/ekf2_timestamps__functions.c\n'}
[1.514341] (px4_msgs) StdoutLine: {'line': b'-- Up-to-date: /home/px4/ros2/ws/install/px4_msgs/include/px4_msgs/px4_msgs/msg/detail/vehicle_local_position_setpoint__type_support.h\n'}
[1.514412] (px4_msgs) StdoutLine: {'line': b'-- Up-to-date: /home/px4/ros2/ws/install/px4_msgs/include/px4_msgs/px4_msgs/msg/detail/vehicle_land_detected__functions.h\n'}
[1.514501] (px4_msgs) StdoutLine: {'line': b'-- Up-to-date: /home/px4/ros2/ws/install/px4_msgs/include/px4_msgs/px4_msgs/msg/detail/collision_constraints__type_support.h\n'}
[1.514626] (px4_msgs) StdoutLine: {'line': b'-- Up-to-date: /home/px4/ros2/ws/install/px4_msgs/include/px4_msgs/px4_msgs/msg/detail/sensor_gnss_relative__type_support.h\n'}
[1.514702] (px4_msgs) StdoutLine: {'line': b'-- Up-to-date: /home/px4/ros2/ws/install/px4_msgs/include/px4_msgs/px4_msgs/msg/detail/fixed_wing_lateral_setpoint__struct.h\n'}
[1.514843] (px4_msgs) StdoutLine: {'line': b'-- Up-to-date: /home/px4/ros2/ws/install/px4_msgs/include/px4_msgs/px4_msgs/msg/detail/landing_target_pose__functions.h\n'}
[1.514962] (px4_msgs) StdoutLine: {'line': b'-- Up-to-date: /home/px4/ros2/ws/install/px4_msgs/include/px4_msgs/px4_msgs/msg/detail/gimbal_manager_set_attitude__functions.h\n'}
[1.515042] (px4_msgs) StdoutLine: {'line': b'-- Up-to-date: /home/px4/ros2/ws/install/px4_msgs/include/px4_msgs/px4_msgs/msg/detail/parameter_set_value_response__functions.c\n'}
[1.515121] (px4_msgs) StdoutLine: {'line': b'-- Up-to-date: /home/px4/ros2/ws/install/px4_msgs/include/px4_msgs/px4_msgs/msg/detail/airspeed_validated__functions.h\n'}
[1.515250] (px4_msgs) StdoutLine: {'line': b'-- Up-to-date: /home/px4/ros2/ws/install/px4_msgs/include/px4_msgs/px4_msgs/msg/detail/battery_status__functions.c\n'}
[1.515335] (px4_msgs) StdoutLine: {'line': b'-- Up-to-date: /home/px4/ros2/ws/install/px4_msgs/include/px4_msgs/px4_msgs/msg/detail/camera_status__type_support.h\n'}
[1.515416] (px4_msgs) StdoutLine: {'line': b'-- Up-to-date: /home/px4/ros2/ws/install/px4_msgs/include/px4_msgs/px4_msgs/msg/detail/fuel_tank_status__functions.h\n'}
[1.515506] (px4_msgs) StdoutLine: {'line': b'-- Up-to-date: /home/px4/ros2/ws/install/px4_msgs/include/px4_msgs/px4_msgs/msg/detail/navigator_mission_item__type_support.h\n'}
[1.515615] (px4_msgs) StdoutLine: {'line': b'-- Up-to-date: /home/px4/ros2/ws/install/px4_msgs/include/px4_msgs/px4_msgs/msg/detail/velocity_limits__type_support.h\n'}
[1.515689] (px4_msgs) StdoutLine: {'line': b'-- Up-to-date: /home/px4/ros2/ws/install/px4_msgs/include/px4_msgs/px4_msgs/msg/detail/fixed_wing_lateral_status__type_support.h\n'}
[1.515754] (px4_msgs) StdoutLine: {'line': b'-- Up-to-date: /home/px4/ros2/ws/install/px4_msgs/include/px4_msgs/px4_msgs/msg/detail/vehicle_global_position__type_support.h\n'}
[1.515819] (px4_msgs) StdoutLine: {'line': b'-- Up-to-date: /home/px4/ros2/ws/install/px4_msgs/include/px4_msgs/px4_msgs/msg/detail/estimator_innovations__functions.h\n'}
[1.515881] (px4_msgs) StdoutLine: {'line': b'-- Up-to-date: /home/px4/ros2/ws/install/px4_msgs/include/px4_msgs/px4_msgs/msg/detail/landing_target_innovations__type_support.h\n'}
[1.515945] (px4_msgs) StdoutLine: {'line': b'-- Up-to-date: /home/px4/ros2/ws/install/px4_msgs/include/px4_msgs/px4_msgs/msg/detail/dronecan_node_status__functions.h\n'}
[1.516010] (px4_msgs) StdoutLine: {'line': b'-- Up-to-date: /home/px4/ros2/ws/install/px4_msgs/include/px4_msgs/px4_msgs/msg/detail/parameter_set_value_response__functions.h\n'}
[1.516147] (px4_msgs) StdoutLine: {'line': b'-- Up-to-date: /home/px4/ros2/ws/install/px4_msgs/include/px4_msgs/px4_msgs/msg/detail/open_drone_id_operator_id__type_support.h\n'}
[1.516238] (px4_msgs) StdoutLine: {'line': b'-- Up-to-date: /home/px4/ros2/ws/install/px4_msgs/include/px4_msgs/px4_msgs/msg/detail/open_drone_id_system__functions.h\n'}
[1.516332] (px4_msgs) StdoutLine: {'line': b'-- Up-to-date: /home/px4/ros2/ws/install/px4_msgs/include/px4_msgs/px4_msgs/msg/detail/navigator_status__type_support.h\n'}
[1.516411] (px4_msgs) StdoutLine: {'line': b'-- Up-to-date: /home/px4/ros2/ws/install/px4_msgs/include/px4_msgs/px4_msgs/msg/detail/estimator_aid_source2d__struct.h\n'}
[1.516481] (px4_msgs) StdoutLine: {'line': b'-- Up-to-date: /home/px4/ros2/ws/install/px4_msgs/include/px4_msgs/px4_msgs/msg/detail/cellular_status__type_support.h\n'}
[1.516571] (px4_msgs) StdoutLine: {'line': b'-- Up-to-date: /home/px4/ros2/ws/install/px4_msgs/include/px4_msgs/px4_msgs/msg/detail/uavcan_parameter_request__functions.h\n'}
[1.516678] (px4_msgs) StdoutLine: {'line': b'-- Up-to-date: /home/px4/ros2/ws/install/px4_msgs/include/px4_msgs/px4_msgs/msg/detail/tecs_status__functions.c\n'}
[1.516750] (px4_msgs) StdoutLine: {'line': b'-- Up-to-date: /home/px4/ros2/ws/install/px4_msgs/include/px4_msgs/px4_msgs/msg/detail/camera_capture__struct.h\n'}
[1.516869] (px4_msgs) StdoutLine: {'line': b'-- Up-to-date: /home/px4/ros2/ws/install/px4_msgs/include/px4_msgs/px4_msgs/msg/detail/manual_control_setpoint__type_support.h\n'}
[1.516960] (px4_msgs) StdoutLine: {'line': b'-- Up-to-date: /home/px4/ros2/ws/install/px4_msgs/include/px4_msgs/px4_msgs/msg/detail/open_drone_id_self_id__struct.h\n'}
[1.517030] (px4_msgs) StdoutLine: {'line': b'-- Up-to-date: /home/px4/ros2/ws/install/px4_msgs/include/px4_msgs/px4_msgs/msg/detail/gps_inject_data__struct.h\n'}
[1.517099] (px4_msgs) StdoutLine: {'line': b'-- Up-to-date: /home/px4/ros2/ws/install/px4_msgs/include/px4_msgs/px4_msgs/msg/detail/mount_orientation__functions.c\n'}
[1.517232] (px4_msgs) StdoutLine: {'line': b'-- Up-to-date: /home/px4/ros2/ws/install/px4_msgs/include/px4_msgs/px4_msgs/msg/detail/dataman_request__functions.c\n'}
[1.517303] (px4_msgs) StdoutLine: {'line': b'-- Up-to-date: /home/px4/ros2/ws/install/px4_msgs/include/px4_msgs/px4_msgs/msg/detail/estimator_aid_source3d__functions.c\n'}
[1.517447] (px4_msgs) StdoutLine: {'line': b'-- Up-to-date: /home/px4/ros2/ws/install/px4_msgs/include/px4_msgs/px4_msgs/msg/detail/sensor_gyro__struct.h\n'}
[1.517568] (px4_msgs) StdoutLine: {'line': b'-- Up-to-date: /home/px4/ros2/ws/install/px4_msgs/include/px4_msgs/px4_msgs/msg/detail/manual_control_switches__struct.h\n'}
[1.517660] (px4_msgs) StdoutLine: {'line': b'-- Up-to-date: /home/px4/ros2/ws/install/px4_msgs/include/px4_msgs/px4_msgs/msg/detail/vehicle_imu__functions.c\n'}
[1.517821] (px4_msgs) StdoutLine: {'line': b'-- Up-to-date: /home/px4/ros2/ws/install/px4_msgs/include/px4_msgs/px4_msgs/msg/detail/gimbal_manager_set_manual_control__struct.h\n'}
[1.517928] (px4_msgs) StdoutLine: {'line': b'-- Up-to-date: /home/px4/ros2/ws/install/px4_msgs/include/px4_msgs/px4_msgs/msg/detail/rover_velocity_setpoint__struct.h\n'}
[1.518011] (px4_msgs) StdoutLine: {'line': b'-- Up-to-date: /home/px4/ros2/ws/install/px4_msgs/include/px4_msgs/px4_msgs/msg/detail/position_setpoint_triplet__type_support.h\n'}
[1.518175] (px4_msgs) StdoutLine: {'line': b'-- Up-to-date: /home/px4/ros2/ws/install/px4_msgs/include/px4_msgs/px4_msgs/msg/detail/manual_control_setpoint__functions.h\n'}
[1.518251] (px4_msgs) StdoutLine: {'line': b'-- Up-to-date: /home/px4/ros2/ws/install/px4_msgs/include/px4_msgs/px4_msgs/msg/detail/sensor_combined__functions.c\n'}
[1.518330] (px4_msgs) StdoutLine: {'line': b'-- Up-to-date: /home/px4/ros2/ws/install/px4_msgs/include/px4_msgs/px4_msgs/msg/detail/estimator_status__type_support.h\n'}
[1.518442] (px4_msgs) StdoutLine: {'line': b'-- Up-to-date: /home/px4/ros2/ws/install/px4_msgs/include/px4_msgs/px4_msgs/msg/detail/sensor_mag__struct.h\n'}
[1.518655] (px4_msgs) StdoutLine: {'line': b'-- Up-to-date: /home/px4/ros2/ws/install/px4_msgs/include/px4_msgs/px4_msgs/msg/detail/sensor_baro__functions.h\n'}
[1.518775] (px4_msgs) StdoutLine: {'line': b'-- Up-to-date: /home/px4/ros2/ws/install/px4_msgs/include/px4_msgs/px4_msgs/msg/detail/position_controller_status__functions.c\n'}
[1.518904] (px4_msgs) StdoutLine: {'line': b'-- Up-to-date: /home/px4/ros2/ws/install/px4_msgs/include/px4_msgs/px4_msgs/msg/detail/vehicle_rates_setpoint__struct.h\n'}
[1.519023] (px4_msgs) StdoutLine: {'line': b'-- Up-to-date: /home/px4/ros2/ws/install/px4_msgs/include/px4_msgs/px4_msgs/msg/detail/mavlink_log__type_support.h\n'}
[1.519107] (px4_msgs) StdoutLine: {'line': b'-- Up-to-date: /home/px4/ros2/ws/install/px4_msgs/include/px4_msgs/px4_msgs/msg/detail/iridiumsbd_status__functions.c\n'}
[1.519184] (px4_msgs) StdoutLine: {'line': b'-- Up-to-date: /home/px4/ros2/ws/install/px4_msgs/include/px4_msgs/px4_msgs/msg/detail/obstacle_distance__functions.c\n'}
[1.519304] (px4_msgs) StdoutLine: {'line': b'-- Up-to-date: /home/px4/ros2/ws/install/px4_msgs/include/px4_msgs/px4_msgs/msg/detail/home_position__type_support.h\n'}
[1.519377] (px4_msgs) StdoutLine: {'line': b'-- Up-to-date: /home/px4/ros2/ws/install/px4_msgs/include/px4_msgs/px4_msgs/msg/detail/action_request__functions.c\n'}
[1.519461] (px4_msgs) StdoutLine: {'line': b'-- Up-to-date: /home/px4/ros2/ws/install/px4_msgs/include/px4_msgs/px4_msgs/msg/detail/airspeed__functions.h\n'}
[1.519633] (px4_msgs) StdoutLine: {'line': b'-- Up-to-date: /home/px4/ros2/ws/install/px4_msgs/include/px4_msgs/px4_msgs/msg/detail/satellite_info__functions.h\n'}
[1.519737] (px4_msgs) StdoutLine: {'line': b'-- Up-to-date: /home/px4/ros2/ws/install/px4_msgs/include/px4_msgs/px4_msgs/msg/detail/parameter_set_used_request__functions.c\n'}
[1.519822] (px4_msgs) StdoutLine: {'line': b'-- Up-to-date: /home/px4/ros2/ws/install/px4_msgs/include/px4_msgs/px4_msgs/msg/detail/estimator_states__type_support.h\n'}
[1.519899] (px4_msgs) StdoutLine: {'line': b'-- Up-to-date: /home/px4/ros2/ws/install/px4_msgs/include/px4_msgs/px4_msgs/msg/detail/onboard_computer_status__functions.h\n'}
[1.520011] (px4_msgs) StdoutLine: {'line': b'-- Up-to-date: /home/px4/ros2/ws/install/px4_msgs/include/px4_msgs/px4_msgs/msg/detail/airspeed_wind__type_support.h\n'}
[1.520110] (px4_msgs) StdoutLine: {'line': b'-- Up-to-date: /home/px4/ros2/ws/install/px4_msgs/include/px4_msgs/px4_msgs/msg/detail/parameter_set_value_request__functions.h\n'}
[1.520225] (px4_msgs) StdoutLine: {'line': b'-- Up-to-date: /home/px4/ros2/ws/install/px4_msgs/include/px4_msgs/px4_msgs/msg/detail/airspeed__struct.h\n'}
[1.520328] (px4_msgs) StdoutLine: {'line': b'-- Up-to-date: /home/px4/ros2/ws/install/px4_msgs/include/px4_msgs/px4_msgs/msg/detail/power_monitor__struct.h\n'}
[1.520414] (px4_msgs) StdoutLine: {'line': b'-- Up-to-date: /home/px4/ros2/ws/install/px4_msgs/include/px4_msgs/px4_msgs/msg/detail/timesync_status__type_support.h\n'}
[1.520597] (px4_msgs) StdoutLine: {'line': b'-- Up-to-date: /home/px4/ros2/ws/install/px4_msgs/include/px4_msgs/px4_msgs/msg/detail/satellite_info__type_support.h\n'}
[1.520703] (px4_msgs) StdoutLine: {'line': b'-- Up-to-date: /home/px4/ros2/ws/install/px4_msgs/include/px4_msgs/px4_msgs/msg/detail/rover_rate_status__type_support.h\n'}
[1.520802] (px4_msgs) StdoutLine: {'line': b'-- Up-to-date: /home/px4/ros2/ws/install/px4_msgs/include/px4_msgs/px4_msgs/msg/detail/fixed_wing_longitudinal_setpoint__functions.c\n'}
[1.520918] (px4_msgs) StdoutLine: {'line': b'-- Up-to-date: /home/px4/ros2/ws/install/px4_msgs/include/px4_msgs/px4_msgs/msg/detail/camera_status__functions.c\n'}
[1.520991] (px4_msgs) StdoutLine: {'line': b'-- Up-to-date: /home/px4/ros2/ws/install/px4_msgs/include/px4_msgs/px4_msgs/msg/detail/internal_combustion_engine_control__type_support.h\n'}
[1.521074] (px4_msgs) StdoutLine: {'line': b'-- Up-to-date: /home/px4/ros2/ws/install/px4_msgs/include/px4_msgs/px4_msgs/msg/detail/parameter_set_value_request__functions.c\n'}
[1.521170] (px4_msgs) StdoutLine: {'line': b'-- Up-to-date: /home/px4/ros2/ws/install/px4_msgs/include/px4_msgs/px4_msgs/msg/detail/failure_detector_status__functions.c\n'}
[1.521313] (px4_msgs) StdoutLine: {'line': b'-- Up-to-date: /home/px4/ros2/ws/install/px4_msgs/include/px4_msgs/px4_msgs/msg/detail/differential_pressure__struct.h\n'}
[1.521395] (px4_msgs) StdoutLine: {'line': b'-- Up-to-date: /home/px4/ros2/ws/install/px4_msgs/include/px4_msgs/px4_msgs/msg/detail/gpio_in__struct.h\n'}
[1.521476] (px4_msgs) StdoutLine: {'line': b'-- Up-to-date: /home/px4/ros2/ws/install/px4_msgs/include/px4_msgs/px4_msgs/msg/detail/airspeed__functions.c\n'}
[1.521565] (px4_msgs) StdoutLine: {'line': b'-- Up-to-date: /home/px4/ros2/ws/install/px4_msgs/include/px4_msgs/px4_msgs/msg/detail/estimator_selector_status__functions.h\n'}
[1.521647] (px4_msgs) StdoutLine: {'line': b'-- Up-to-date: /home/px4/ros2/ws/install/px4_msgs/include/px4_msgs/px4_msgs/msg/detail/estimator_aid_source1d__type_support.h\n'}
[1.521727] (px4_msgs) StdoutLine: {'line': b'-- Up-to-date: /home/px4/ros2/ws/install/px4_msgs/include/px4_msgs/px4_msgs/msg/detail/debug_vect__type_support.h\n'}
[1.521884] (px4_msgs) StdoutLine: {'line': b'-- Up-to-date: /home/px4/ros2/ws/install/px4_msgs/include/px4_msgs/px4_msgs/msg/detail/fixed_wing_lateral_status__struct.h\n'}
[1.521979] (px4_msgs) StdoutLine: {'line': b'-- Up-to-date: /home/px4/ros2/ws/install/px4_msgs/include/px4_msgs/px4_msgs/msg/detail/sensor_accel__functions.c\n'}
[1.522093] (px4_msgs) StdoutLine: {'line': b'-- Up-to-date: /home/px4/ros2/ws/install/px4_msgs/include/px4_msgs/px4_msgs/msg/detail/dataman_request__functions.h\n'}
[1.522195] (px4_msgs) StdoutLine: {'line': b'-- Up-to-date: /home/px4/ros2/ws/install/px4_msgs/include/px4_msgs/px4_msgs/msg/detail/gpio_out__functions.c\n'}
[1.522303] (px4_msgs) StdoutLine: {'line': b'-- Up-to-date: /home/px4/ros2/ws/install/px4_msgs/include/px4_msgs/px4_msgs/msg/detail/dataman_response__struct.h\n'}
[1.522384] (px4_msgs) StdoutLine: {'line': b'-- Up-to-date: /home/px4/ros2/ws/install/px4_msgs/include/px4_msgs/px4_msgs/msg/detail/radio_status__functions.c\n'}
[1.522485] (px4_msgs) StdoutLine: {'line': b'-- Up-to-date: /home/px4/ros2/ws/install/px4_msgs/include/px4_msgs/px4_msgs/msg/detail/hover_thrust_estimate__type_support.h\n'}
[1.522576] (px4_msgs) StdoutLine: {'line': b'-- Up-to-date: /home/px4/ros2/ws/install/px4_msgs/include/px4_msgs/px4_msgs/msg/detail/sensor_hygrometer__type_support.h\n'}
[1.522661] (px4_msgs) StdoutLine: {'line': b'-- Up-to-date: /home/px4/ros2/ws/install/px4_msgs/include/px4_msgs/px4_msgs/msg/detail/rover_throttle_setpoint__type_support.h\n'}
[1.522742] (px4_msgs) StdoutLine: {'line': b'-- Up-to-date: /home/px4/ros2/ws/install/px4_msgs/include/px4_msgs/px4_msgs/msg/detail/parameter_set_value_request__struct.h\n'}
[1.522820] (px4_msgs) StdoutLine: {'line': b'-- Up-to-date: /home/px4/ros2/ws/install/px4_msgs/include/px4_msgs/px4_msgs/msg/detail/velocity_limits__struct.h\n'}
[1.522897] (px4_msgs) StdoutLine: {'line': b'-- Up-to-date: /home/px4/ros2/ws/install/px4_msgs/include/px4_msgs/px4_msgs/msg/detail/landing_target_pose__type_support.h\n'}
[1.522976] (px4_msgs) StdoutLine: {'line': b'-- Up-to-date: /home/px4/ros2/ws/install/px4_msgs/include/px4_msgs/px4_msgs/msg/detail/estimator_status_flags__type_support.h\n'}
[1.523127] (px4_msgs) StdoutLine: {'line': b'-- Up-to-date: /home/px4/ros2/ws/install/px4_msgs/include/px4_msgs/px4_msgs/msg/detail/rover_attitude_status__struct.h\n'}
[1.523228] (px4_msgs) StdoutLine: {'line': b'-- Up-to-date: /home/px4/ros2/ws/install/px4_msgs/include/px4_msgs/px4_msgs/msg/detail/goto_setpoint__struct.h\n'}
[1.523328] (px4_msgs) StdoutLine: {'line': b'-- Up-to-date: /home/px4/ros2/ws/install/px4_msgs/include/px4_msgs/px4_msgs/msg/detail/tiltrotor_extra_controls__functions.h\n'}
[1.523433] (px4_msgs) StdoutLine: {'line': b'-- Up-to-date: /home/px4/ros2/ws/install/px4_msgs/include/px4_msgs/px4_msgs/msg/detail/offboard_control_mode__functions.c\n'}
[1.523596] (px4_msgs) StdoutLine: {'line': b'-- Up-to-date: /home/px4/ros2/ws/install/px4_msgs/include/px4_msgs/px4_msgs/msg/detail/estimator_status__struct.h\n'}
[1.523699] (px4_msgs) StdoutLine: {'line': b'-- Up-to-date: /home/px4/ros2/ws/install/px4_msgs/include/px4_msgs/px4_msgs/msg/detail/px4io_status__functions.h\n'}
[1.523782] (px4_msgs) StdoutLine: {'line': b'-- Up-to-date: /home/px4/ros2/ws/install/px4_msgs/include/px4_msgs/px4_msgs/msg/detail/tune_control__functions.h\n'}
[1.523887] (px4_msgs) StdoutLine: {'line': b'-- Up-to-date: /home/px4/ros2/ws/install/px4_msgs/include/px4_msgs/px4_msgs/msg/detail/rover_steering_setpoint__functions.h\n'}
[1.523969] (px4_msgs) StdoutLine: {'line': b'-- Up-to-date: /home/px4/ros2/ws/install/px4_msgs/include/px4_msgs/px4_msgs/msg/detail/sensor_accel__type_support.h\n'}
[1.524049] (px4_msgs) StdoutLine: {'line': b'-- Up-to-date: /home/px4/ros2/ws/install/px4_msgs/include/px4_msgs/px4_msgs/msg/detail/health_report__struct.h\n'}
[1.524120] (px4_msgs) StdoutLine: {'line': b'-- Up-to-date: /home/px4/ros2/ws/install/px4_msgs/include/px4_msgs/px4_msgs/msg/detail/onboard_computer_status__struct.h\n'}
[1.524228] (px4_msgs) StdoutLine: {'line': b'-- Up-to-date: /home/px4/ros2/ws/install/px4_msgs/include/px4_msgs/px4_msgs/msg/detail/debug_key_value__struct.h\n'}
[1.524308] (px4_msgs) StdoutLine: {'line': b'-- Up-to-date: /home/px4/ros2/ws/install/px4_msgs/include/px4_msgs/px4_msgs/msg/detail/vehicle_local_position__functions.c\n'}
[1.524388] (px4_msgs) StdoutLine: {'line': b'-- Up-to-date: /home/px4/ros2/ws/install/px4_msgs/include/px4_msgs/px4_msgs/msg/detail/gpio_request__type_support.h\n'}
[1.524551] (px4_msgs) StdoutLine: {'line': b'-- Up-to-date: /home/px4/ros2/ws/install/px4_msgs/include/px4_msgs/px4_msgs/msg/detail/estimator_bias3d__functions.h\n'}
[1.524641] (px4_msgs) StdoutLine: {'line': b'-- Up-to-date: /home/px4/ros2/ws/install/px4_msgs/include/px4_msgs/px4_msgs/msg/detail/vehicle_status__functions.c\n'}
[1.524720] (px4_msgs) StdoutLine: {'line': b'-- Up-to-date: /home/px4/ros2/ws/install/px4_msgs/include/px4_msgs/px4_msgs/msg/detail/vehicle_odometry__functions.c\n'}
[1.524867] (px4_msgs) StdoutLine: {'line': b'-- Up-to-date: /home/px4/ros2/ws/install/px4_msgs/include/px4_msgs/px4_msgs/msg/detail/battery_info__functions.h\n'}
[1.524982] (px4_msgs) StdoutLine: {'line': b'-- Up-to-date: /home/px4/ros2/ws/install/px4_msgs/include/px4_msgs/px4_msgs/msg/detail/actuator_motors__functions.c\n'}
[1.525098] (px4_msgs) StdoutLine: {'line': b'-- Up-to-date: /home/px4/ros2/ws/install/px4_msgs/include/px4_msgs/px4_msgs/msg/detail/gimbal_manager_status__functions.h\n'}
[1.525217] (px4_msgs) StdoutLine: {'line': b'-- Up-to-date: /home/px4/ros2/ws/install/px4_msgs/include/px4_msgs/px4_msgs/msg/detail/position_setpoint_triplet__struct.h\n'}
[1.525467] (px4_msgs) StdoutLine: {'line': b'-- Up-to-date: /home/px4/ros2/ws/install/px4_msgs/include/px4_msgs/px4_msgs/msg/detail/radio_status__functions.h\n'}
[1.525651] (px4_msgs) StdoutLine: {'line': b'-- Up-to-date: /home/px4/ros2/ws/install/px4_msgs/include/px4_msgs/px4_msgs/msg/detail/internal_combustion_engine_status__functions.c\n'}
[1.525822] (px4_msgs) StdoutLine: {'line': b'-- Up-to-date: /home/px4/ros2/ws/install/px4_msgs/include/px4_msgs/px4_msgs/msg/detail/control_allocator_status__functions.h\n'}
[1.525910] (px4_msgs) StdoutLine: {'line': b'-- Up-to-date: /home/px4/ros2/ws/install/px4_msgs/include/px4_msgs/px4_msgs/msg/detail/rate_ctrl_status__functions.h\n'}
[1.526058] (px4_msgs) StdoutLine: {'line': b'-- Up-to-date: /home/px4/ros2/ws/install/px4_msgs/include/px4_msgs/px4_msgs/msg/detail/gps_inject_data__type_support.h\n'}
[1.526250] (px4_msgs) StdoutLine: {'line': b'-- Up-to-date: /home/px4/ros2/ws/install/px4_msgs/include/px4_msgs/px4_msgs/msg/detail/pps_capture__struct.h\n'}
[1.526355] (px4_msgs) StdoutLine: {'line': b'-- Up-to-date: /home/px4/ros2/ws/install/px4_msgs/include/px4_msgs/px4_msgs/msg/detail/gimbal_manager_status__functions.c\n'}
[1.526445] (px4_msgs) StdoutLine: {'line': b'-- Up-to-date: /home/px4/ros2/ws/install/px4_msgs/include/px4_msgs/px4_msgs/msg/detail/gimbal_controls__functions.c\n'}
[1.526665] (px4_msgs) StdoutLine: {'line': b'-- Up-to-date: /home/px4/ros2/ws/install/px4_msgs/include/px4_msgs/px4_msgs/msg/detail/arming_check_reply__struct.h\n'}
[1.526762] (px4_msgs) StdoutLine: {'line': b'-- Up-to-date: /home/px4/ros2/ws/install/px4_msgs/include/px4_msgs/px4_msgs/msg/detail/rtl_status__functions.c\n'}
[1.526879] (px4_msgs) StdoutLine: {'line': b'-- Up-to-date: /home/px4/ros2/ws/install/px4_msgs/include/px4_msgs/px4_msgs/msg/detail/wheel_encoders__functions.h\n'}
[1.526961] (px4_msgs) StdoutLine: {'line': b'-- Up-to-date: /home/px4/ros2/ws/install/px4_msgs/include/px4_msgs/px4_msgs/msg/detail/vehicle_attitude__functions.h\n'}
[1.527034] (px4_msgs) StdoutLine: {'line': b'-- Up-to-date: /home/px4/ros2/ws/install/px4_msgs/include/px4_msgs/px4_msgs/msg/detail/open_drone_id_system__type_support.h\n'}
[1.527104] (px4_msgs) StdoutLine: {'line': b'-- Up-to-date: /home/px4/ros2/ws/install/px4_msgs/include/px4_msgs/px4_msgs/msg/detail/estimator_states__struct.h\n'}
[1.527228] (px4_msgs) StdoutLine: {'line': b'-- Up-to-date: /home/px4/ros2/ws/install/px4_msgs/include/px4_msgs/px4_msgs/msg/detail/input_rc__type_support.h\n'}
[1.527337] (px4_msgs) StdoutLine: {'line': b'-- Up-to-date: /home/px4/ros2/ws/install/px4_msgs/include/px4_msgs/px4_msgs/msg/detail/actuator_armed__functions.h\n'}
[1.527449] (px4_msgs) StdoutLine: {'line': b'-- Up-to-date: /home/px4/ros2/ws/install/px4_msgs/include/px4_msgs/px4_msgs/msg/detail/sensor_gps__struct.h\n'}
[1.527542] (px4_msgs) StdoutLine: {'line': b'-- Up-to-date: /home/px4/ros2/ws/install/px4_msgs/include/px4_msgs/px4_msgs/msg/detail/vehicle_imu_status__type_support.h\n'}
[1.527666] (px4_msgs) StdoutLine: {'line': b'-- Up-to-date: /home/px4/ros2/ws/install/px4_msgs/include/px4_msgs/px4_msgs/msg/detail/airspeed_validated__struct.h\n'}
[1.527749] (px4_msgs) StdoutLine: {'line': b'-- Up-to-date: /home/px4/ros2/ws/install/px4_msgs/include/px4_msgs/px4_msgs/msg/detail/camera_capture__type_support.h\n'}
[1.527904] (px4_msgs) StdoutLine: {'line': b'-- Up-to-date: /home/px4/ros2/ws/install/px4_msgs/include/px4_msgs/px4_msgs/msg/detail/estimator_sensor_bias__functions.h\n'}
[1.527987] (px4_msgs) StdoutLine: {'line': b'-- Up-to-date: /home/px4/ros2/ws/install/px4_msgs/include/px4_msgs/px4_msgs/msg/detail/geofence_status__type_support.h\n'}
[1.528068] (px4_msgs) StdoutLine: {'line': b'-- Up-to-date: /home/px4/ros2/ws/install/px4_msgs/include/px4_msgs/px4_msgs/msg/detail/vehicle_attitude_setpoint__functions.c\n'}
[1.528140] (px4_msgs) StdoutLine: {'line': b'-- Up-to-date: /home/px4/ros2/ws/install/px4_msgs/include/px4_msgs/px4_msgs/msg/detail/rover_steering_setpoint__struct.h\n'}
[1.528219] (px4_msgs) StdoutLine: {'line': b'-- Up-to-date: /home/px4/ros2/ws/install/px4_msgs/include/px4_msgs/px4_msgs/msg/detail/estimator_bias3d__functions.c\n'}
[1.528297] (px4_msgs) StdoutLine: {'line': b'-- Up-to-date: /home/px4/ros2/ws/install/px4_msgs/include/px4_msgs/px4_msgs/msg/detail/qshell_retval__type_support.h\n'}
[1.528362] (px4_msgs) StdoutLine: {'line': b'-- Up-to-date: /home/px4/ros2/ws/install/px4_msgs/include/px4_msgs/px4_msgs/msg/detail/mag_worker_data__functions.c\n'}
[1.528442] (px4_msgs) StdoutLine: {'line': b'-- Up-to-date: /home/px4/ros2/ws/install/px4_msgs/include/px4_msgs/px4_msgs/msg/detail/gimbal_manager_set_attitude__type_support.h\n'}
[1.528538] (px4_msgs) StdoutLine: {'line': b'-- Up-to-date: /home/px4/ros2/ws/install/px4_msgs/include/px4_msgs/px4_msgs/msg/detail/position_controller_status__type_support.h\n'}
[1.528712] (px4_msgs) StdoutLine: {'line': b'-- Up-to-date: /home/px4/ros2/ws/install/px4_msgs/include/px4_msgs/px4_msgs/msg/detail/vehicle_angular_velocity__functions.h\n'}
[1.528797] (px4_msgs) StdoutLine: {'line': b'-- Up-to-date: /home/px4/ros2/ws/install/px4_msgs/include/px4_msgs/px4_msgs/msg/detail/cellular_status__functions.h\n'}
[1.528903] (px4_msgs) StdoutLine: {'line': b'-- Up-to-date: /home/px4/ros2/ws/install/px4_msgs/include/px4_msgs/px4_msgs/msg/detail/obstacle_distance__type_support.h\n'}
[1.529016] (px4_msgs) StdoutLine: {'line': b'-- Up-to-date: /home/px4/ros2/ws/install/px4_msgs/include/px4_msgs/px4_msgs/msg/detail/vehicle_command__type_support.h\n'}
[1.529126] (px4_msgs) StdoutLine: {'line': b'-- Up-to-date: /home/px4/ros2/ws/install/px4_msgs/include/px4_msgs/px4_msgs/msg/detail/message_format_request__functions.h\n'}
[1.529198] (px4_msgs) StdoutLine: {'line': b'-- Up-to-date: /home/px4/ros2/ws/install/px4_msgs/include/px4_msgs/px4_msgs/msg/detail/sensor_gyro_fifo__struct.h\n'}
[1.529311] (px4_msgs) StdoutLine: {'line': b'-- Up-to-date: /home/px4/ros2/ws/install/px4_msgs/include/px4_msgs/px4_msgs/msg/detail/adc_report__type_support.h\n'}
[1.529395] (px4_msgs) StdoutLine: {'line': b'-- Up-to-date: /home/px4/ros2/ws/install/px4_msgs/include/px4_msgs/px4_msgs/msg/detail/timesync_status__functions.c\n'}
[1.529477] (px4_msgs) StdoutLine: {'line': b'-- Up-to-date: /home/px4/ros2/ws/install/px4_msgs/include/px4_msgs/px4_msgs/msg/detail/actuator_controls_status__type_support.h\n'}
[1.529574] (px4_msgs) StdoutLine: {'line': b'-- Up-to-date: /home/px4/ros2/ws/install/px4_msgs/include/px4_msgs/px4_msgs/msg/detail/landing_gear__functions.c\n'}
[1.529656] (px4_msgs) StdoutLine: {'line': b'-- Up-to-date: /home/px4/ros2/ws/install/px4_msgs/include/px4_msgs/px4_msgs/msg/detail/timesync_status__functions.h\n'}
[1.529727] (px4_msgs) StdoutLine: {'line': b'-- Up-to-date: /home/px4/ros2/ws/install/px4_msgs/include/px4_msgs/px4_msgs/msg/detail/actuator_armed__struct.h\n'}
[1.529814] (px4_msgs) StdoutLine: {'line': b'-- Up-to-date: /home/px4/ros2/ws/install/px4_msgs/include/px4_msgs/px4_msgs/msg/detail/vehicle_air_data__struct.h\n'}
[1.529895] (px4_msgs) StdoutLine: {'line': b'-- Up-to-date: /home/px4/ros2/ws/install/px4_msgs/include/px4_msgs/px4_msgs/msg/detail/gimbal_device_information__functions.c\n'}
[1.529978] (px4_msgs) StdoutLine: {'line': b'-- Up-to-date: /home/px4/ros2/ws/install/px4_msgs/include/px4_msgs/px4_msgs/msg/detail/cpuload__type_support.h\n'}
[1.530062] (px4_msgs) StdoutLine: {'line': b'-- Up-to-date: /home/px4/ros2/ws/install/px4_msgs/include/px4_msgs/px4_msgs/msg/detail/qshell_req__struct.h\n'}
[1.530142] (px4_msgs) StdoutLine: {'line': b'-- Up-to-date: /home/px4/ros2/ws/install/px4_msgs/include/px4_msgs/px4_msgs/msg/detail/orb_test__type_support.h\n'}
[1.530221] (px4_msgs) StdoutLine: {'line': b'-- Up-to-date: /home/px4/ros2/ws/install/px4_msgs/include/px4_msgs/px4_msgs/msg/detail/rover_attitude_setpoint__struct.h\n'}
[1.530299] (px4_msgs) StdoutLine: {'line': b'-- Up-to-date: /home/px4/ros2/ws/install/px4_msgs/include/px4_msgs/px4_msgs/msg/detail/estimator_status_flags__functions.h\n'}
[1.530457] (px4_msgs) StdoutLine: {'line': b'-- Up-to-date: /home/px4/ros2/ws/install/px4_msgs/include/px4_msgs/px4_msgs/msg/detail/fixed_wing_runway_control__functions.c\n'}
[1.530556] (px4_msgs) StdoutLine: {'line': b'-- Up-to-date: /home/px4/ros2/ws/install/px4_msgs/include/px4_msgs/px4_msgs/msg/detail/gimbal_device_information__type_support.h\n'}
[1.530669] (px4_msgs) StdoutLine: {'line': b'-- Up-to-date: /home/px4/ros2/ws/install/px4_msgs/include/px4_msgs/px4_msgs/msg/detail/rover_velocity_status__functions.c\n'}
[1.530749] (px4_msgs) StdoutLine: {'line': b'-- Up-to-date: /home/px4/ros2/ws/install/px4_msgs/include/px4_msgs/px4_msgs/msg/detail/home_position__functions.c\n'}
[1.530824] (px4_msgs) StdoutLine: {'line': b'-- Up-to-date: /home/px4/ros2/ws/install/px4_msgs/include/px4_msgs/px4_msgs/msg/detail/failure_detector_status__struct.h\n'}
[1.530904] (px4_msgs) StdoutLine: {'line': b'-- Up-to-date: /home/px4/ros2/ws/install/px4_msgs/include/px4_msgs/px4_msgs/msg/detail/wheel_encoders__struct.h\n'}
[1.530983] (px4_msgs) StdoutLine: {'line': b'-- Up-to-date: /home/px4/ros2/ws/install/px4_msgs/include/px4_msgs/px4_msgs/msg/detail/navigator_status__functions.c\n'}
[1.531054] (px4_msgs) StdoutLine: {'line': b'-- Up-to-date: /home/px4/ros2/ws/install/px4_msgs/include/px4_msgs/px4_msgs/msg/detail/mission__functions.c\n'}
[1.531131] (px4_msgs) StdoutLine: {'line': b'-- Up-to-date: /home/px4/ros2/ws/install/px4_msgs/include/px4_msgs/px4_msgs/msg/detail/action_request__type_support.h\n'}
[1.531272] (px4_msgs) StdoutLine: {'line': b'-- Up-to-date: /home/px4/ros2/ws/install/px4_msgs/include/px4_msgs/px4_msgs/msg/detail/estimator_states__functions.h\n'}
[1.531378] (px4_msgs) StdoutLine: {'line': b'-- Up-to-date: /home/px4/ros2/ws/install/px4_msgs/include/px4_msgs/px4_msgs/msg/detail/input_rc__functions.h\n'}
[1.531460] (px4_msgs) StdoutLine: {'line': b'-- Up-to-date: /home/px4/ros2/ws/install/px4_msgs/include/px4_msgs/px4_msgs/msg/detail/vehicle_optical_flow__functions.c\n'}
[1.531554] (px4_msgs) StdoutLine: {'line': b'-- Up-to-date: /home/px4/ros2/ws/install/px4_msgs/include/px4_msgs/px4_msgs/msg/detail/orb_test_medium__functions.c\n'}
[1.531677] (px4_msgs) StdoutLine: {'line': b'-- Up-to-date: /home/px4/ros2/ws/install/px4_msgs/include/px4_msgs/px4_msgs/msg/detail/cellular_status__functions.c\n'}
[1.531802] (px4_msgs) StdoutLine: {'line': b'-- Up-to-date: /home/px4/ros2/ws/install/px4_msgs/include/px4_msgs/px4_msgs/msg/detail/rc_parameter_map__type_support.h\n'}
[1.531889] (px4_msgs) StdoutLine: {'line': b'-- Up-to-date: /home/px4/ros2/ws/install/px4_msgs/include/px4_msgs/px4_msgs/msg/detail/power_button_state__functions.c\n'}
[1.531981] (px4_msgs) StdoutLine: {'line': b'-- Up-to-date: /home/px4/ros2/ws/install/px4_msgs/include/px4_msgs/px4_msgs/msg/detail/sensor_baro__struct.h\n'}
[1.532095] (px4_msgs) StdoutLine: {'line': b'-- Up-to-date: /home/px4/ros2/ws/install/px4_msgs/include/px4_msgs/px4_msgs/msg/detail/sensor_airflow__functions.c\n'}
[1.532238] (px4_msgs) StdoutLine: {'line': b'-- Up-to-date: /home/px4/ros2/ws/install/px4_msgs/include/px4_msgs/px4_msgs/msg/detail/trajectory_setpoint__functions.h\n'}
[1.532408] (px4_msgs) StdoutLine: {'line': b'-- Up-to-date: /home/px4/ros2/ws/install/px4_msgs/include/px4_msgs/px4_msgs/msg/detail/vehicle_odometry__functions.h\n'}
[1.532566] (px4_msgs) StdoutLine: {'line': b'-- Up-to-date: /home/px4/ros2/ws/install/px4_msgs/include/px4_msgs/px4_msgs/msg/detail/differential_pressure__functions.c\n'}
[1.532647] (px4_msgs) StdoutLine: {'line': b'-- Up-to-date: /home/px4/ros2/ws/install/px4_msgs/include/px4_msgs/px4_msgs/msg/detail/distance_sensor__functions.c\n'}
[1.532780] (px4_msgs) StdoutLine: {'line': b'-- Up-to-date: /home/px4/ros2/ws/install/px4_msgs/include/px4_msgs/px4_msgs/msg/detail/esc_report__functions.h\n'}
[1.532873] (px4_msgs) StdoutLine: {'line': b'-- Up-to-date: /home/px4/ros2/ws/install/px4_msgs/include/px4_msgs/px4_msgs/msg/detail/sensor_combined__struct.h\n'}
[1.532984] (px4_msgs) StdoutLine: {'line': b'-- Up-to-date: /home/px4/ros2/ws/install/px4_msgs/include/px4_msgs/px4_msgs/msg/detail/mavlink_log__struct.h\n'}
[1.533217] (px4_msgs) StdoutLine: {'line': b'-- Up-to-date: /home/px4/ros2/ws/install/px4_msgs/include/px4_msgs/px4_msgs/msg/detail/longitudinal_control_configuration__struct.h\n'}
[1.533405] (px4_msgs) StdoutLine: {'line': b'-- Up-to-date: /home/px4/ros2/ws/install/px4_msgs/include/px4_msgs/px4_msgs/msg/detail/parameter_reset_request__struct.h\n'}
[1.533530] (px4_msgs) StdoutLine: {'line': b'-- Up-to-date: /home/px4/ros2/ws/install/px4_msgs/include/px4_msgs/px4_msgs/msg/detail/normalized_unsigned_setpoint__type_support.h\n'}
[1.533664] (px4_msgs) StdoutLine: {'line': b'-- Up-to-date: /home/px4/ros2/ws/install/px4_msgs/include/px4_msgs/px4_msgs/msg/detail/logger_status__functions.c\n'}
[1.533782] (px4_msgs) StdoutLine: {'line': b'-- Up-to-date: /home/px4/ros2/ws/install/px4_msgs/include/px4_msgs/px4_msgs/msg/detail/estimator_event_flags__struct.h\n'}
[1.533868] (px4_msgs) StdoutLine: {'line': b'-- Up-to-date: /home/px4/ros2/ws/install/px4_msgs/include/px4_msgs/px4_msgs/msg/detail/yaw_estimator_status__functions.c\n'}
[1.533948] (px4_msgs) StdoutLine: {'line': b'-- Up-to-date: /home/px4/ros2/ws/install/px4_msgs/include/px4_msgs/px4_msgs/msg/detail/normalized_unsigned_setpoint__struct.h\n'}
[1.534068] (px4_msgs) StdoutLine: {'line': b'-- Up-to-date: /home/px4/ros2/ws/install/px4_msgs/include/px4_msgs/px4_msgs/msg/detail/estimator_status_flags__functions.c\n'}
[1.534184] (px4_msgs) StdoutLine: {'line': b'-- Up-to-date: /home/px4/ros2/ws/install/px4_msgs/include/px4_msgs/px4_msgs/msg/detail/uavcan_parameter_value__functions.c\n'}
[1.534330] (px4_msgs) StdoutLine: {'line': b'-- Up-to-date: /home/px4/ros2/ws/install/px4_msgs/include/px4_msgs/px4_msgs/msg/detail/parameter_set_value_request__type_support.h\n'}
[1.534415] (px4_msgs) StdoutLine: {'line': b'-- Up-to-date: /home/px4/ros2/ws/install/px4_msgs/include/px4_msgs/px4_msgs/msg/detail/rover_position_setpoint__struct.h\n'}
[1.534582] (px4_msgs) StdoutLine: {'line': b'-- Up-to-date: /home/px4/ros2/ws/install/px4_msgs/include/px4_msgs/px4_msgs/msg/detail/mission__type_support.h\n'}
[1.534662] (px4_msgs) StdoutLine: {'line': b'-- Up-to-date: /home/px4/ros2/ws/install/px4_msgs/include/px4_msgs/px4_msgs/msg/detail/yaw_estimator_status__type_support.h\n'}
[1.534747] (px4_msgs) StdoutLine: {'line': b'-- Up-to-date: /home/px4/ros2/ws/install/px4_msgs/include/px4_msgs/px4_msgs/msg/detail/trajectory_setpoint__struct.h\n'}
[1.534852] (px4_msgs) StdoutLine: {'line': b'-- Up-to-date: /home/px4/ros2/ws/install/px4_msgs/include/px4_msgs/px4_msgs/msg/detail/estimator_selector_status__type_support.h\n'}
[1.534946] (px4_msgs) StdoutLine: {'line': b'-- Up-to-date: /home/px4/ros2/ws/install/px4_msgs/include/px4_msgs/px4_msgs/msg/detail/actuator_servos__type_support.h\n'}
[1.535028] (px4_msgs) StdoutLine: {'line': b'-- Up-to-date: /home/px4/ros2/ws/install/px4_msgs/include/px4_msgs/px4_msgs/msg/detail/debug_vect__functions.h\n'}
[1.535108] (px4_msgs) StdoutLine: {'line': b'-- Up-to-date: /home/px4/ros2/ws/install/px4_msgs/include/px4_msgs/px4_msgs/msg/detail/vehicle_optical_flow_vel__functions.c\n'}
[1.535188] (px4_msgs) StdoutLine: {'line': b'-- Up-to-date: /home/px4/ros2/ws/install/px4_msgs/include/px4_msgs/px4_msgs/msg/detail/orb_test_medium__type_support.h\n'}
[1.535270] (px4_msgs) StdoutLine: {'line': b'-- Up-to-date: /home/px4/ros2/ws/install/px4_msgs/include/px4_msgs/px4_msgs/msg/detail/vehicle_command__functions.c\n'}
[1.535349] (px4_msgs) StdoutLine: {'line': b'-- Up-to-date: /home/px4/ros2/ws/install/px4_msgs/include/px4_msgs/px4_msgs/msg/detail/yaw_estimator_status__struct.h\n'}
[1.535428] (px4_msgs) StdoutLine: {'line': b'-- Up-to-date: /home/px4/ros2/ws/install/px4_msgs/include/px4_msgs/px4_msgs/msg/detail/estimator_sensor_bias__functions.c\n'}
[1.535521] (px4_msgs) StdoutLine: {'line': b'-- Up-to-date: /home/px4/ros2/ws/install/px4_msgs/include/px4_msgs/px4_msgs/msg/detail/register_ext_component_request__type_support.h\n'}
[1.535623] (px4_msgs) StdoutLine: {'line': b'-- Up-to-date: /home/px4/ros2/ws/install/px4_msgs/include/px4_msgs/px4_msgs/msg/detail/tune_control__type_support.h\n'}
[1.535703] (px4_msgs) StdoutLine: {'line': b'-- Up-to-date: /home/px4/ros2/ws/install/px4_msgs/include/px4_msgs/px4_msgs/msg/detail/log_message__functions.c\n'}
[1.535782] (px4_msgs) StdoutLine: {'line': b'-- Up-to-date: /home/px4/ros2/ws/install/px4_msgs/include/px4_msgs/px4_msgs/msg/detail/position_controller_landing_status__type_support.h\n'}
[1.535860] (px4_msgs) StdoutLine: {'line': b'-- Up-to-date: /home/px4/ros2/ws/install/px4_msgs/include/px4_msgs/px4_msgs/msg/detail/led_control__type_support.h\n'}
[1.535950] (px4_msgs) StdoutLine: {'line': b'-- Up-to-date: /home/px4/ros2/ws/install/px4_msgs/include/px4_msgs/px4_msgs/msg/detail/ping__struct.h\n'}
[1.536027] (px4_msgs) StdoutLine: {'line': b'-- Up-to-date: /home/px4/ros2/ws/install/px4_msgs/include/px4_msgs/px4_msgs/msg/detail/estimator_aid_source3d__struct.h\n'}
[1.536104] (px4_msgs) StdoutLine: {'line': b'-- Up-to-date: /home/px4/ros2/ws/install/px4_msgs/include/px4_msgs/px4_msgs/msg/detail/control_allocator_status__type_support.h\n'}
[1.536182] (px4_msgs) StdoutLine: {'line': b'-- Up-to-date: /home/px4/ros2/ws/install/px4_msgs/include/px4_msgs/px4_msgs/msg/detail/rtl_status__struct.h\n'}
[1.536375] (px4_msgs) StdoutLine: {'line': b'-- Up-to-date: /home/px4/ros2/ws/install/px4_msgs/include/px4_msgs/px4_msgs/msg/detail/parameter_set_used_request__functions.h\n'}
[1.536480] (px4_msgs) StdoutLine: {'line': b'-- Up-to-date: /home/px4/ros2/ws/install/px4_msgs/include/px4_msgs/px4_msgs/msg/detail/pwm_input__functions.h\n'}
[1.536594] (px4_msgs) StdoutLine: {'line': b'-- Up-to-date: /home/px4/ros2/ws/install/px4_msgs/include/px4_msgs/px4_msgs/msg/detail/collision_constraints__functions.h\n'}
[1.536674] (px4_msgs) StdoutLine: {'line': b'-- Up-to-date: /home/px4/ros2/ws/install/px4_msgs/include/px4_msgs/px4_msgs/msg/detail/fixed_wing_runway_control__type_support.h\n'}
[1.536757] (px4_msgs) StdoutLine: {'line': b'-- Up-to-date: /home/px4/ros2/ws/install/px4_msgs/include/px4_msgs/px4_msgs/msg/detail/gripper__functions.c\n'}
[1.536838] (px4_msgs) StdoutLine: {'line': b'-- Up-to-date: /home/px4/ros2/ws/install/px4_msgs/include/px4_msgs/px4_msgs/msg/detail/qshell_retval__functions.h\n'}
[1.536919] (px4_msgs) StdoutLine: {'line': b'-- Up-to-date: /home/px4/ros2/ws/install/px4_msgs/include/px4_msgs/px4_msgs/msg/detail/actuator_servos__functions.c\n'}
[1.536999] (px4_msgs) StdoutLine: {'line': b'-- Up-to-date: /home/px4/ros2/ws/install/px4_msgs/include/px4_msgs/px4_msgs/msg/detail/sensors_status__functions.h\n'}
[1.537090] (px4_msgs) StdoutLine: {'line': b'-- Up-to-date: /home/px4/ros2/ws/install/px4_msgs/include/px4_msgs/px4_msgs/msg/detail/rover_throttle_setpoint__functions.h\n'}
[1.537170] (px4_msgs) StdoutLine: {'line': b'-- Up-to-date: /home/px4/ros2/ws/install/px4_msgs/include/px4_msgs/px4_msgs/msg/detail/config_overrides__struct.h\n'}
[1.537305] (px4_msgs) StdoutLine: {'line': b'-- Up-to-date: /home/px4/ros2/ws/install/px4_msgs/include/px4_msgs/px4_msgs/msg/detail/actuator_outputs__struct.h\n'}
[1.537393] (px4_msgs) StdoutLine: {'line': b'-- Up-to-date: /home/px4/ros2/ws/install/px4_msgs/include/px4_msgs/px4_msgs/msg/detail/estimator_bias__functions.h\n'}
[1.537474] (px4_msgs) StdoutLine: {'line': b'-- Up-to-date: /home/px4/ros2/ws/install/px4_msgs/include/px4_msgs/px4_msgs/msg/detail/estimator_aid_source3d__functions.h\n'}
[1.537566] (px4_msgs) StdoutLine: {'line': b'-- Up-to-date: /home/px4/ros2/ws/install/px4_msgs/include/px4_msgs/px4_msgs/msg/detail/launch_detection_status__functions.c\n'}
[1.537701] (px4_msgs) StdoutLine: {'line': b'-- Up-to-date: /home/px4/ros2/ws/install/px4_msgs/include/px4_msgs/px4_msgs/msg/detail/vehicle_odometry__type_support.h\n'}
[1.537779] (px4_msgs) StdoutLine: {'line': b'-- Up-to-date: /home/px4/ros2/ws/install/px4_msgs/include/px4_msgs/px4_msgs/msg/detail/dataman_request__struct.h\n'}
[1.537858] (px4_msgs) StdoutLine: {'line': b'-- Up-to-date: /home/px4/ros2/ws/install/px4_msgs/include/px4_msgs/px4_msgs/msg/detail/differential_pressure__type_support.h\n'}
[1.537938] (px4_msgs) StdoutLine: {'line': b'-- Up-to-date: /home/px4/ros2/ws/install/px4_msgs/include/px4_msgs/px4_msgs/msg/detail/sensor_gyro_fft__functions.h\n'}
[1.538017] (px4_msgs) StdoutLine: {'line': b'-- Up-to-date: /home/px4/ros2/ws/install/px4_msgs/include/px4_msgs/px4_msgs/msg/detail/vehicle_control_mode__type_support.h\n'}
[1.538133] (px4_msgs) StdoutLine: {'line': b'-- Up-to-date: /home/px4/ros2/ws/install/px4_msgs/include/px4_msgs/px4_msgs/msg/detail/vehicle_acceleration__functions.c\n'}
[1.538216] (px4_msgs) StdoutLine: {'line': b'-- Up-to-date: /home/px4/ros2/ws/install/px4_msgs/include/px4_msgs/px4_msgs/msg/detail/geofence_status__functions.h\n'}
[1.538297] (px4_msgs) StdoutLine: {'line': b'-- Up-to-date: /home/px4/ros2/ws/install/px4_msgs/include/px4_msgs/px4_msgs/msg/detail/generator_status__functions.h\n'}
[1.538378] (px4_msgs) StdoutLine: {'line': b'-- Up-to-date: /home/px4/ros2/ws/install/px4_msgs/include/px4_msgs/px4_msgs/msg/detail/uavcan_parameter_value__type_support.h\n'}
[1.538458] (px4_msgs) StdoutLine: {'line': b'-- Up-to-date: /home/px4/ros2/ws/install/px4_msgs/include/px4_msgs/px4_msgs/msg/detail/fixed_wing_longitudinal_setpoint__type_support.h\n'}
[1.538624] (px4_msgs) StdoutLine: {'line': b'-- Up-to-date: /home/px4/ros2/ws/install/px4_msgs/include/px4_msgs/px4_msgs/msg/detail/collision_constraints__struct.h\n'}
[1.538702] (px4_msgs) StdoutLine: {'line': b'-- Up-to-date: /home/px4/ros2/ws/install/px4_msgs/include/px4_msgs/px4_msgs/msg/detail/timesync_status__struct.h\n'}
[1.538800] (px4_msgs) StdoutLine: {'line': b'-- Up-to-date: /home/px4/ros2/ws/install/px4_msgs/include/px4_msgs/px4_msgs/msg/detail/esc_status__functions.c\n'}
[1.538904] (px4_msgs) StdoutLine: {'line': b'-- Up-to-date: /home/px4/ros2/ws/install/px4_msgs/include/px4_msgs/px4_msgs/msg/detail/tune_control__functions.c\n'}
[1.538998] (px4_msgs) StdoutLine: {'line': b'-- Up-to-date: /home/px4/ros2/ws/install/px4_msgs/include/px4_msgs/px4_msgs/msg/detail/open_drone_id_operator_id__functions.h\n'}
[1.539120] (px4_msgs) StdoutLine: {'line': b'-- Up-to-date: /home/px4/ros2/ws/install/px4_msgs/include/px4_msgs/px4_msgs/msg/detail/sensor_accel__functions.h\n'}
[1.539245] (px4_msgs) StdoutLine: {'line': b'-- Up-to-date: /home/px4/ros2/ws/install/px4_msgs/include/px4_msgs/px4_msgs/msg/detail/gps_dump__struct.h\n'}
[1.539357] (px4_msgs) StdoutLine: {'line': b'-- Up-to-date: /home/px4/ros2/ws/install/px4_msgs/include/px4_msgs/px4_msgs/msg/detail/follow_target__functions.c\n'}
[1.539570] (px4_msgs) StdoutLine: {'line': b'-- Up-to-date: /home/px4/ros2/ws/install/px4_msgs/include/px4_msgs/px4_msgs/msg/detail/actuator_controls_status__functions.c\n'}
[1.539653] (px4_msgs) StdoutLine: {'line': b'-- Up-to-date: /home/px4/ros2/ws/install/px4_msgs/include/px4_msgs/px4_msgs/msg/detail/vehicle_thrust_setpoint__struct.h\n'}
[1.539820] (px4_msgs) StdoutLine: {'line': b'-- Up-to-date: /home/px4/ros2/ws/install/px4_msgs/include/px4_msgs/px4_msgs/msg/detail/ulog_stream__functions.h\n'}
[1.539952] (px4_msgs) StdoutLine: {'line': b'-- Up-to-date: /home/px4/ros2/ws/install/px4_msgs/include/px4_msgs/px4_msgs/msg/detail/tiltrotor_extra_controls__type_support.h\n'}
[1.540079] (px4_msgs) StdoutLine: {'line': b'-- Up-to-date: /home/px4/ros2/ws/install/px4_msgs/include/px4_msgs/px4_msgs/msg/detail/orbit_status__type_support.h\n'}
[1.540196] (px4_msgs) StdoutLine: {'line': b'-- Up-to-date: /home/px4/ros2/ws/install/px4_msgs/include/px4_msgs/px4_msgs/msg/detail/sensor_gnss_relative__struct.h\n'}
[1.540357] (px4_msgs) StdoutLine: {'line': b'-- Up-to-date: /home/px4/ros2/ws/install/px4_msgs/include/px4_msgs/px4_msgs/msg/detail/fixed_wing_lateral_setpoint__type_support.h\n'}
[1.540427] (px4_msgs) StdoutLine: {'line': b'-- Up-to-date: /home/px4/ros2/ws/install/px4_msgs/include/px4_msgs/px4_msgs/msg/detail/battery_info__functions.c\n'}
[1.540624] (px4_msgs) StdoutLine: {'line': b'-- Up-to-date: /home/px4/ros2/ws/install/px4_msgs/include/px4_msgs/px4_msgs/msg/detail/landing_target_pose__functions.c\n'}
[1.540760] (px4_msgs) StdoutLine: {'line': b'-- Up-to-date: /home/px4/ros2/ws/install/px4_msgs/include/px4_msgs/px4_msgs/msg/detail/wheel_encoders__type_support.h\n'}
[1.540920] (px4_msgs) StdoutLine: {'line': b'-- Up-to-date: /home/px4/ros2/ws/install/px4_msgs/include/px4_msgs/px4_msgs/msg/detail/geofence_result__functions.h\n'}
[1.541088] (px4_msgs) StdoutLine: {'line': b'-- Up-to-date: /home/px4/ros2/ws/install/px4_msgs/include/px4_msgs/px4_msgs/msg/detail/sensors_status_imu__struct.h\n'}
[1.541194] (px4_msgs) StdoutLine: {'line': b'-- Up-to-date: /home/px4/ros2/ws/install/px4_msgs/include/px4_msgs/px4_msgs/msg/detail/vehicle_angular_acceleration_setpoint__functions.c\n'}
[1.541286] (px4_msgs) StdoutLine: {'line': b'-- Up-to-date: /home/px4/ros2/ws/install/px4_msgs/include/px4_msgs/px4_msgs/msg/detail/gps_inject_data__functions.c\n'}
[1.541366] (px4_msgs) StdoutLine: {'line': b'-- Up-to-date: /home/px4/ros2/ws/install/px4_msgs/include/px4_msgs/px4_msgs/msg/detail/takeoff_status__type_support.h\n'}
[1.541444] (px4_msgs) StdoutLine: {'line': b'-- Up-to-date: /home/px4/ros2/ws/install/px4_msgs/include/px4_msgs/px4_msgs/msg/detail/parameter_reset_request__functions.h\n'}
[1.541599] (px4_msgs) StdoutLine: {'line': b'-- Up-to-date: /home/px4/ros2/ws/install/px4_msgs/include/px4_msgs/px4_msgs/msg/detail/follow_target_estimator__functions.c\n'}
[1.541716] (px4_msgs) StdoutLine: {'line': b'-- Up-to-date: /home/px4/ros2/ws/install/px4_msgs/include/px4_msgs/px4_msgs/msg/detail/sensor_mag__functions.c\n'}
[1.541801] (px4_msgs) StdoutLine: {'line': b'-- Up-to-date: /home/px4/ros2/ws/install/px4_msgs/include/px4_msgs/px4_msgs/msg/detail/ping__type_support.h\n'}
[1.541932] (px4_msgs) StdoutLine: {'line': b'-- Up-to-date: /home/px4/ros2/ws/install/px4_msgs/include/px4_msgs/px4_msgs/msg/detail/actuator_controls_status__struct.h\n'}
[1.542013] (px4_msgs) StdoutLine: {'line': b'-- Up-to-date: /home/px4/ros2/ws/install/px4_msgs/include/px4_msgs/px4_msgs/msg/detail/debug_key_value__functions.h\n'}
[1.542115] (px4_msgs) StdoutLine: {'line': b'-- Up-to-date: /home/px4/ros2/ws/install/px4_msgs/include/px4_msgs/px4_msgs/msg/detail/gimbal_device_attitude_status__functions.c\n'}
[1.542208] (px4_msgs) StdoutLine: {'line': b'-- Up-to-date: /home/px4/ros2/ws/install/px4_msgs/include/px4_msgs/px4_msgs/msg/detail/fixed_wing_runway_control__struct.h\n'}
[1.542288] (px4_msgs) StdoutLine: {'line': b'-- Up-to-date: /home/px4/ros2/ws/install/px4_msgs/include/px4_msgs/px4_msgs/msg/detail/position_controller_landing_status__struct.h\n'}
[1.542367] (px4_msgs) StdoutLine: {'line': b'-- Up-to-date: /home/px4/ros2/ws/install/px4_msgs/include/px4_msgs/px4_msgs/msg/detail/register_ext_component_reply__functions.c\n'}
[1.542448] (px4_msgs) StdoutLine: {'line': b'-- Up-to-date: /home/px4/ros2/ws/install/px4_msgs/include/px4_msgs/px4_msgs/msg/detail/sensor_hygrometer__functions.c\n'}
[1.542588] (px4_msgs) StdoutLine: {'line': b'-- Up-to-date: /home/px4/ros2/ws/install/px4_msgs/include/px4_msgs/px4_msgs/msg/detail/px4io_status__struct.h\n'}
[1.542682] (px4_msgs) StdoutLine: {'line': b'-- Up-to-date: /home/px4/ros2/ws/install/px4_msgs/include/px4_msgs/px4_msgs/msg/detail/sensor_accel_fifo__struct.h\n'}
[1.542761] (px4_msgs) StdoutLine: {'line': b'-- Up-to-date: /home/px4/ros2/ws/install/px4_msgs/include/px4_msgs/px4_msgs/msg/detail/vehicle_optical_flow_vel__struct.h\n'}
[1.542840] (px4_msgs) StdoutLine: {'line': b'-- Up-to-date: /home/px4/ros2/ws/install/px4_msgs/include/px4_msgs/px4_msgs/msg/detail/estimator_bias__type_support.h\n'}
[1.542920] (px4_msgs) StdoutLine: {'line': b'-- Up-to-date: /home/px4/ros2/ws/install/px4_msgs/include/px4_msgs/px4_msgs/msg/detail/system_power__functions.h\n'}
[1.543000] (px4_msgs) StdoutLine: {'line': b'-- Up-to-date: /home/px4/ros2/ws/install/px4_msgs/include/px4_msgs/px4_msgs/msg/detail/vehicle_magnetometer__type_support.h\n'}
[1.543082] (px4_msgs) StdoutLine: {'line': b'-- Up-to-date: /home/px4/ros2/ws/install/px4_msgs/include/px4_msgs/px4_msgs/msg/detail/debug_key_value__type_support.h\n'}
[1.543162] (px4_msgs) StdoutLine: {'line': b'-- Up-to-date: /home/px4/ros2/ws/install/px4_msgs/include/px4_msgs/px4_msgs/msg/detail/estimator_status__functions.h\n'}
[1.543240] (px4_msgs) StdoutLine: {'line': b'-- Up-to-date: /home/px4/ros2/ws/install/px4_msgs/include/px4_msgs/px4_msgs/msg/detail/actuator_motors__type_support.h\n'}
[1.543319] (px4_msgs) StdoutLine: {'line': b'-- Up-to-date: /home/px4/ros2/ws/install/px4_msgs/include/px4_msgs/px4_msgs/msg/detail/vehicle_constraints__type_support.h\n'}
[1.543402] (px4_msgs) StdoutLine: {'line': b'-- Up-to-date: /home/px4/ros2/ws/install/px4_msgs/include/px4_msgs/px4_msgs/msg/detail/mount_orientation__type_support.h\n'}
[1.543565] (px4_msgs) StdoutLine: {'line': b'-- Up-to-date: /home/px4/ros2/ws/install/px4_msgs/include/px4_msgs/px4_msgs/msg/detail/vehicle_global_position__functions.c\n'}
[1.543645] (px4_msgs) StdoutLine: {'line': b'-- Up-to-date: /home/px4/ros2/ws/install/px4_msgs/include/px4_msgs/px4_msgs/msg/detail/gimbal_device_set_attitude__type_support.h\n'}
[1.543798] (px4_msgs) StdoutLine: {'line': b'-- Up-to-date: /home/px4/ros2/ws/install/px4_msgs/include/px4_msgs/px4_msgs/msg/detail/fixed_wing_longitudinal_setpoint__struct.h\n'}
[1.543884] (px4_msgs) StdoutLine: {'line': b'-- Up-to-date: /home/px4/ros2/ws/install/px4_msgs/include/px4_msgs/px4_msgs/msg/detail/gpio_out__type_support.h\n'}
[1.543964] (px4_msgs) StdoutLine: {'line': b'-- Up-to-date: /home/px4/ros2/ws/install/px4_msgs/include/px4_msgs/px4_msgs/msg/detail/rc_channels__struct.h\n'}
[1.544046] (px4_msgs) StdoutLine: {'line': b'-- Up-to-date: /home/px4/ros2/ws/install/px4_msgs/include/px4_msgs/px4_msgs/msg/detail/failsafe_flags__functions.h\n'}
[1.544222] (px4_msgs) StdoutLine: {'line': b'-- Up-to-date: /home/px4/ros2/ws/install/px4_msgs/include/px4_msgs/px4_msgs/msg/detail/airspeed_wind__struct.h\n'}
[1.544305] (px4_msgs) StdoutLine: {'line': b'-- Up-to-date: /home/px4/ros2/ws/install/px4_msgs/include/px4_msgs/px4_msgs/msg/detail/qshell_req__type_support.h\n'}
[1.544385] (px4_msgs) StdoutLine: {'line': b'-- Up-to-date: /home/px4/ros2/ws/install/px4_msgs/include/px4_msgs/px4_msgs/msg/detail/vehicle_constraints__functions.h\n'}
[1.544464] (px4_msgs) StdoutLine: {'line': b'-- Up-to-date: /home/px4/ros2/ws/install/px4_msgs/include/px4_msgs/px4_msgs/msg/detail/gimbal_device_information__functions.h\n'}
[1.544553] (px4_msgs) StdoutLine: {'line': b'-- Up-to-date: /home/px4/ros2/ws/install/px4_msgs/include/px4_msgs/px4_msgs/msg/detail/navigator_mission_item__struct.h\n'}
[1.544637] (px4_msgs) StdoutLine: {'line': b'-- Up-to-date: /home/px4/ros2/ws/install/px4_msgs/include/px4_msgs/px4_msgs/msg/detail/estimator_aid_source3d__type_support.h\n'}
[1.544715] (px4_msgs) StdoutLine: {'line': b'-- Up-to-date: /home/px4/ros2/ws/install/px4_msgs/include/px4_msgs/px4_msgs/msg/detail/velocity_limits__functions.h\n'}
[1.544797] (px4_msgs) StdoutLine: {'line': b'-- Up-to-date: /home/px4/ros2/ws/install/px4_msgs/include/px4_msgs/px4_msgs/msg/detail/ulog_stream__type_support.h\n'}
[1.544926] (px4_msgs) StdoutLine: {'line': b'-- Up-to-date: /home/px4/ros2/ws/install/px4_msgs/include/px4_msgs/px4_msgs/msg/detail/vehicle_attitude__struct.h\n'}
[1.545007] (px4_msgs) StdoutLine: {'line': b'-- Up-to-date: /home/px4/ros2/ws/install/px4_msgs/include/px4_msgs/px4_msgs/msg/detail/esc_report__struct.h\n'}
[1.545085] (px4_msgs) StdoutLine: {'line': b'-- Up-to-date: /home/px4/ros2/ws/install/px4_msgs/include/px4_msgs/px4_msgs/msg/detail/debug_array__functions.h\n'}
[1.545162] (px4_msgs) StdoutLine: {'line': b'-- Up-to-date: /home/px4/ros2/ws/install/px4_msgs/include/px4_msgs/px4_msgs/msg/detail/ulog_stream_ack__functions.c\n'}
[1.545241] (px4_msgs) StdoutLine: {'line': b'-- Up-to-date: /home/px4/ros2/ws/install/px4_msgs/include/px4_msgs/px4_msgs/msg/detail/vehicle_angular_velocity__functions.c\n'}
[1.545321] (px4_msgs) StdoutLine: {'line': b'-- Up-to-date: /home/px4/ros2/ws/install/px4_msgs/include/px4_msgs/px4_msgs/msg/detail/gpio_config__functions.h\n'}
[1.545402] (px4_msgs) StdoutLine: {'line': b'-- Up-to-date: /home/px4/ros2/ws/install/px4_msgs/include/px4_msgs/px4_msgs/msg/detail/rate_ctrl_status__type_support.h\n'}
[1.545554] (px4_msgs) StdoutLine: {'line': b'-- Up-to-date: /home/px4/ros2/ws/install/px4_msgs/include/px4_msgs/px4_msgs/msg/detail/landing_gear__functions.h\n'}
[1.545637] (px4_msgs) StdoutLine: {'line': b'-- Up-to-date: /home/px4/ros2/ws/install/px4_msgs/include/px4_msgs/px4_msgs/msg/detail/led_control__functions.c\n'}
[1.545708] (px4_msgs) StdoutLine: {'line': b'-- Up-to-date: /home/px4/ros2/ws/install/px4_msgs/include/px4_msgs/px4_msgs/msg/detail/estimator_event_flags__functions.h\n'}
[1.545788] (px4_msgs) StdoutLine: {'line': b'-- Up-to-date: /home/px4/ros2/ws/install/px4_msgs/include/px4_msgs/px4_msgs/msg/detail/pwm_input__struct.h\n'}
[1.545894] (px4_msgs) StdoutLine: {'line': b'-- Up-to-date: /home/px4/ros2/ws/install/px4_msgs/include/px4_msgs/px4_msgs/msg/detail/esc_status__functions.h\n'}
[1.545976] (px4_msgs) StdoutLine: {'line': b'-- Up-to-date: /home/px4/ros2/ws/install/px4_msgs/include/px4_msgs/px4_msgs/msg/detail/fixed_wing_lateral_guidance_status__struct.h\n'}
[1.546055] (px4_msgs) StdoutLine: {'line': b'-- Up-to-date: /home/px4/ros2/ws/install/px4_msgs/include/px4_msgs/px4_msgs/msg/detail/rover_steering_setpoint__functions.c\n'}
[1.546134] (px4_msgs) StdoutLine: {'line': b'-- Up-to-date: /home/px4/ros2/ws/install/px4_msgs/include/px4_msgs/px4_msgs/msg/detail/camera_trigger__struct.h\n'}
[1.546231] (px4_msgs) StdoutLine: {'line': b'-- Up-to-date: /home/px4/ros2/ws/install/px4_msgs/include/px4_msgs/px4_msgs/msg/detail/heater_status__struct.h\n'}
[1.546311] (px4_msgs) StdoutLine: {'line': b'-- Up-to-date: /home/px4/ros2/ws/install/px4_msgs/include/px4_msgs/px4_msgs/msg/detail/dronecan_node_status__type_support.h\n'}
[1.546409] (px4_msgs) StdoutLine: {'line': b'-- Up-to-date: /home/px4/ros2/ws/install/px4_msgs/include/px4_msgs/px4_msgs/msg/detail/sensor_gps__type_support.h\n'}
[1.546501] (px4_msgs) StdoutLine: {'line': b'-- Up-to-date: /home/px4/ros2/ws/install/px4_msgs/include/px4_msgs/px4_msgs/msg/detail/gpio_config__functions.c\n'}
[1.546592] (px4_msgs) StdoutLine: {'line': b'-- Up-to-date: /home/px4/ros2/ws/install/px4_msgs/include/px4_msgs/px4_msgs/msg/detail/vehicle_local_position__type_support.h\n'}
[1.546737] (px4_msgs) StdoutLine: {'line': b'-- Up-to-date: /home/px4/ros2/ws/install/px4_msgs/include/px4_msgs/px4_msgs/msg/detail/unregister_ext_component__struct.h\n'}
[1.546865] (px4_msgs) StdoutLine: {'line': b'-- Up-to-date: /home/px4/ros2/ws/install/px4_msgs/include/px4_msgs/px4_msgs/msg/detail/trajectory_setpoint__functions.c\n'}
[1.546954] (px4_msgs) StdoutLine: {'line': b'-- Up-to-date: /home/px4/ros2/ws/install/px4_msgs/include/px4_msgs/px4_msgs/msg/detail/gpio_out__struct.h\n'}
[1.547040] (px4_msgs) StdoutLine: {'line': b'-- Up-to-date: /home/px4/ros2/ws/install/px4_msgs/include/px4_msgs/px4_msgs/msg/detail/qshell_retval__struct.h\n'}
[1.547122] (px4_msgs) StdoutLine: {'line': b'-- Up-to-date: /home/px4/ros2/ws/install/px4_msgs/include/px4_msgs/px4_msgs/msg/detail/rover_rate_setpoint__functions.c\n'}
[1.547200] (px4_msgs) StdoutLine: {'line': b'-- Up-to-date: /home/px4/ros2/ws/install/px4_msgs/include/px4_msgs/px4_msgs/msg/detail/vehicle_command__functions.h\n'}
[1.547266] (px4_msgs) StdoutLine: {'line': b'-- Up-to-date: /home/px4/ros2/ws/install/px4_msgs/include/px4_msgs/px4_msgs/msg/detail/estimator_status__functions.c\n'}
[1.547379] (px4_msgs) StdoutLine: {'line': b'-- Up-to-date: /home/px4/ros2/ws/install/px4_msgs/include/px4_msgs/px4_msgs/msg/detail/vehicle_roi__struct.h\n'}
[1.547459] (px4_msgs) StdoutLine: {'line': b'-- Up-to-date: /home/px4/ros2/ws/install/px4_msgs/include/px4_msgs/px4_msgs/msg/detail/sensor_uwb__type_support.h\n'}
[1.547541] (px4_msgs) StdoutLine: {'line': b'-- Up-to-date: /home/px4/ros2/ws/install/px4_msgs/include/px4_msgs/px4_msgs/msg/detail/rover_velocity_status__type_support.h\n'}
[1.547622] (px4_msgs) StdoutLine: {'line': b'-- Up-to-date: /home/px4/ros2/ws/install/px4_msgs/include/px4_msgs/px4_msgs/msg/detail/tiltrotor_extra_controls__functions.c\n'}
[1.547702] (px4_msgs) StdoutLine: {'line': b'-- Up-to-date: /home/px4/ros2/ws/install/px4_msgs/include/px4_msgs/px4_msgs/msg/detail/fixed_wing_runway_control__functions.h\n'}
[1.547781] (px4_msgs) StdoutLine: {'line': b'-- Up-to-date: /home/px4/ros2/ws/install/px4_msgs/include/px4_msgs/px4_msgs/msg/detail/collision_constraints__functions.c\n'}
[1.547900] (px4_msgs) StdoutLine: {'line': b'-- Up-to-date: /home/px4/ros2/ws/install/px4_msgs/include/px4_msgs/px4_msgs/msg/detail/vehicle_optical_flow_vel__type_support.h\n'}
[1.547982] (px4_msgs) StdoutLine: {'line': b'-- Up-to-date: /home/px4/ros2/ws/install/px4_msgs/include/px4_msgs/px4_msgs/msg/detail/irlock_report__functions.c\n'}
[1.548061] (px4_msgs) StdoutLine: {'line': b'-- Up-to-date: /home/px4/ros2/ws/install/px4_msgs/include/px4_msgs/px4_msgs/msg/detail/estimator_aid_source2d__type_support.h\n'}
[1.548140] (px4_msgs) StdoutLine: {'line': b'-- Up-to-date: /home/px4/ros2/ws/install/px4_msgs/include/px4_msgs/px4_msgs/msg/detail/vehicle_angular_velocity__struct.h\n'}
[1.548217] (px4_msgs) StdoutLine: {'line': b'-- Up-to-date: /home/px4/ros2/ws/install/px4_msgs/include/px4_msgs/px4_msgs/msg/detail/power_button_state__struct.h\n'}
[1.548294] (px4_msgs) StdoutLine: {'line': b'-- Up-to-date: /home/px4/ros2/ws/install/px4_msgs/include/px4_msgs/px4_msgs/msg/detail/home_position__functions.h\n'}
[1.548377] (px4_msgs) StdoutLine: {'line': b'-- Up-to-date: /home/px4/ros2/ws/install/px4_msgs/include/px4_msgs/px4_msgs/msg/detail/gimbal_controls__functions.h\n'}
[1.548456] (px4_msgs) StdoutLine: {'line': b'-- Up-to-date: /home/px4/ros2/ws/install/px4_msgs/include/px4_msgs/px4_msgs/msg/detail/longitudinal_control_configuration__functions.h\n'}
[1.548657] (px4_msgs) StdoutLine: {'line': b'-- Up-to-date: /home/px4/ros2/ws/install/px4_msgs/include/px4_msgs/px4_msgs/msg/detail/sensor_airflow__type_support.h\n'}
[1.548756] (px4_msgs) StdoutLine: {'line': b'-- Up-to-date: /home/px4/ros2/ws/install/px4_msgs/include/px4_msgs/px4_msgs/msg/detail/flight_phase_estimation__struct.h\n'}
[1.548834] (px4_msgs) StdoutLine: {'line': b'-- Up-to-date: /home/px4/ros2/ws/install/px4_msgs/include/px4_msgs/px4_msgs/msg/detail/vehicle_control_mode__functions.c\n'}
[1.548928] (px4_msgs) StdoutLine: {'line': b'-- Up-to-date: /home/px4/ros2/ws/install/px4_msgs/include/px4_msgs/px4_msgs/msg/detail/sensor_accel__struct.h\n'}
[1.549027] (px4_msgs) StdoutLine: {'line': b'-- Up-to-date: /home/px4/ros2/ws/install/px4_msgs/include/px4_msgs/px4_msgs/msg/detail/vehicle_torque_setpoint__functions.c\n'}
[1.549127] (px4_msgs) StdoutLine: {'line': b'-- Up-to-date: /home/px4/ros2/ws/install/px4_msgs/include/px4_msgs/px4_msgs/msg/detail/estimator_sensor_bias__type_support.h\n'}
[1.549210] (px4_msgs) StdoutLine: {'line': b'-- Up-to-date: /home/px4/ros2/ws/install/px4_msgs/include/px4_msgs/px4_msgs/msg/detail/debug_array__type_support.h\n'}
[1.549314] (px4_msgs) StdoutLine: {'line': b'-- Up-to-date: /home/px4/ros2/ws/install/px4_msgs/include/px4_msgs/px4_msgs/msg/detail/radio_status__type_support.h\n'}
[1.549383] (px4_msgs) StdoutLine: {'line': b'-- Up-to-date: /home/px4/ros2/ws/install/px4_msgs/include/px4_msgs/px4_msgs/msg/detail/goto_setpoint__functions.h\n'}
[1.549451] (px4_msgs) StdoutLine: {'line': b'-- Up-to-date: /home/px4/ros2/ws/install/px4_msgs/include/px4_msgs/px4_msgs/msg/detail/estimator_aid_source1d__struct.h\n'}
[1.549578] (px4_msgs) StdoutLine: {'line': b'-- Up-to-date: /home/px4/ros2/ws/install/px4_msgs/include/px4_msgs/px4_msgs/msg/detail/orb_test_large__functions.h\n'}
[1.549677] (px4_msgs) StdoutLine: {'line': b'-- Up-to-date: /home/px4/ros2/ws/install/px4_msgs/include/px4_msgs/px4_msgs/msg/detail/follow_target__struct.h\n'}
[1.549845] (px4_msgs) StdoutLine: {'line': b'-- Up-to-date: /home/px4/ros2/ws/install/px4_msgs/include/px4_msgs/px4_msgs/msg/detail/action_request__struct.h\n'}
[1.549930] (px4_msgs) StdoutLine: {'line': b'-- Up-to-date: /home/px4/ros2/ws/install/px4_msgs/include/px4_msgs/px4_msgs/msg/detail/unregister_ext_component__functions.c\n'}
[1.550035] (px4_msgs) StdoutLine: {'line': b'-- Up-to-date: /home/px4/ros2/ws/install/px4_msgs/include/px4_msgs/px4_msgs/msg/detail/debug_array__functions.c\n'}
[1.550118] (px4_msgs) StdoutLine: {'line': b'-- Up-to-date: /home/px4/ros2/ws/install/px4_msgs/include/px4_msgs/px4_msgs/msg/detail/vehicle_imu__functions.h\n'}
[1.550198] (px4_msgs) StdoutLine: {'line': b'-- Up-to-date: /home/px4/ros2/ws/install/px4_msgs/include/px4_msgs/px4_msgs/msg/detail/event__type_support.h\n'}
[1.550277] (px4_msgs) StdoutLine: {'line': b'-- Up-to-date: /home/px4/ros2/ws/install/px4_msgs/include/px4_msgs/px4_msgs/msg/detail/rpm__functions.h\n'}
[1.550353] (px4_msgs) StdoutLine: {'line': b'-- Up-to-date: /home/px4/ros2/ws/install/px4_msgs/include/px4_msgs/px4_msgs/msg/detail/sensors_status_imu__functions.c\n'}
[1.550430] (px4_msgs) StdoutLine: {'line': b'-- Up-to-date: /home/px4/ros2/ws/install/px4_msgs/include/px4_msgs/px4_msgs/msg/detail/vehicle_angular_acceleration_setpoint__functions.h\n'}
[1.550522] (px4_msgs) StdoutLine: {'line': b'-- Up-to-date: /home/px4/ros2/ws/install/px4_msgs/include/px4_msgs/px4_msgs/msg/detail/landing_gear_wheel__functions.c\n'}
[1.550603] (px4_msgs) StdoutLine: {'line': b'-- Up-to-date: /home/px4/ros2/ws/install/px4_msgs/include/px4_msgs/px4_msgs/msg/detail/internal_combustion_engine_control__functions.h\n'}
[1.550681] (px4_msgs) StdoutLine: {'line': b'-- Up-to-date: /home/px4/ros2/ws/install/px4_msgs/include/px4_msgs/px4_msgs/msg/detail/position_controller_status__struct.h\n'}
[1.550759] (px4_msgs) StdoutLine: {'line': b'-- Up-to-date: /home/px4/ros2/ws/install/px4_msgs/include/px4_msgs/px4_msgs/msg/detail/landing_target_innovations__functions.h\n'}
[1.550954] (px4_msgs) StdoutLine: {'line': b'-- Up-to-date: /home/px4/ros2/ws/install/px4_msgs/include/px4_msgs/px4_msgs/msg/detail/register_ext_component_request__struct.h\n'}
[1.551067] (px4_msgs) StdoutLine: {'line': b'-- Up-to-date: /home/px4/ros2/ws/install/px4_msgs/include/px4_msgs/px4_msgs/msg/detail/sensor_hygrometer__functions.h\n'}
[1.551152] (px4_msgs) StdoutLine: {'line': b'-- Up-to-date: /home/px4/ros2/ws/install/px4_msgs/include/px4_msgs/px4_msgs/msg/detail/vehicle_local_position__struct.h\n'}
[1.551233] (px4_msgs) StdoutLine: {'line': b'-- Up-to-date: /home/px4/ros2/ws/install/px4_msgs/include/px4_msgs/px4_msgs/msg/detail/pure_pursuit_status__struct.h\n'}
[1.551313] (px4_msgs) StdoutLine: {'line': b'-- Up-to-date: /home/px4/ros2/ws/install/px4_msgs/include/px4_msgs/px4_msgs/msg/detail/figure_eight_status__functions.c\n'}
[1.551438] (px4_msgs) StdoutLine: {'line': b'-- Up-to-date: /home/px4/ros2/ws/install/px4_msgs/include/px4_msgs/px4_msgs/msg/detail/fixed_wing_lateral_guidance_status__type_support.h\n'}
[1.551580] (px4_msgs) StdoutLine: {'line': b'-- Up-to-date: /home/px4/ros2/ws/install/px4_msgs/include/px4_msgs/px4_msgs/msg/detail/lateral_control_configuration__functions.c\n'}
[1.551693] (px4_msgs) StdoutLine: {'line': b'-- Up-to-date: /home/px4/ros2/ws/install/px4_msgs/include/px4_msgs/px4_msgs/msg/detail/autotune_attitude_control_status__functions.c\n'}
[1.551787] (px4_msgs) StdoutLine: {'line': b'-- Up-to-date: /home/px4/ros2/ws/install/px4_msgs/include/px4_msgs/px4_msgs/msg/detail/estimator_bias3d__type_support.h\n'}
[1.551869] (px4_msgs) StdoutLine: {'line': b'-- Up-to-date: /home/px4/ros2/ws/install/px4_msgs/include/px4_msgs/px4_msgs/msg/detail/navigator_mission_item__functions.h\n'}
[1.551939] (px4_msgs) StdoutLine: {'line': b'-- Up-to-date: /home/px4/ros2/ws/install/px4_msgs/include/px4_msgs/px4_msgs/msg/detail/dataman_response__functions.c\n'}
[1.552015] (px4_msgs) StdoutLine: {'line': b'-- Up-to-date: /home/px4/ros2/ws/install/px4_msgs/include/px4_msgs/px4_msgs/msg/detail/vehicle_odometry__struct.h\n'}
[1.552138] (px4_msgs) StdoutLine: {'line': b'-- Up-to-date: /home/px4/ros2/ws/install/px4_msgs/include/px4_msgs/px4_msgs/msg/detail/satellite_info__struct.h\n'}
[1.552232] (px4_msgs) StdoutLine: {'line': b'-- Up-to-date: /home/px4/ros2/ws/install/px4_msgs/include/px4_msgs/px4_msgs/msg/detail/gimbal_manager_set_manual_control__functions.h\n'}
[1.552315] (px4_msgs) StdoutLine: {'line': b'-- Up-to-date: /home/px4/ros2/ws/install/px4_msgs/include/px4_msgs/px4_msgs/msg/detail/rover_position_setpoint__functions.c\n'}
[1.552394] (px4_msgs) StdoutLine: {'line': b'-- Up-to-date: /home/px4/ros2/ws/install/px4_msgs/include/px4_msgs/px4_msgs/msg/detail/position_setpoint__functions.h\n'}
[1.552519] (px4_msgs) StdoutLine: {'line': b'-- Up-to-date: /home/px4/ros2/ws/install/px4_msgs/include/px4_msgs/px4_msgs/msg/detail/irlock_report__type_support.h\n'}
[1.552600] (px4_msgs) StdoutLine: {'line': b'-- Up-to-date: /home/px4/ros2/ws/install/px4_msgs/include/px4_msgs/px4_msgs/msg/detail/sensor_uwb__functions.c\n'}
[1.552699] (px4_msgs) StdoutLine: {'line': b'-- Up-to-date: /home/px4/ros2/ws/install/px4_msgs/include/px4_msgs/px4_msgs/msg/detail/vehicle_local_position__functions.h\n'}
[1.552780] (px4_msgs) StdoutLine: {'line': b'-- Up-to-date: /home/px4/ros2/ws/install/px4_msgs/include/px4_msgs/px4_msgs/msg/detail/battery_info__struct.h\n'}
[1.552907] (px4_msgs) StdoutLine: {'line': b'-- Up-to-date: /home/px4/ros2/ws/install/px4_msgs/include/px4_msgs/px4_msgs/msg/detail/sensor_gyro_fifo__type_support.h\n'}
[1.552984] (px4_msgs) StdoutLine: {'line': b'-- Up-to-date: /home/px4/ros2/ws/install/px4_msgs/include/px4_msgs/px4_msgs/msg/detail/log_message__functions.h\n'}
[1.553094] (px4_msgs) StdoutLine: {'line': b'-- Up-to-date: /home/px4/ros2/ws/install/px4_msgs/include/px4_msgs/px4_msgs/msg/detail/message_format_request__type_support.h\n'}
[1.553168] (px4_msgs) StdoutLine: {'line': b'-- Up-to-date: /home/px4/ros2/ws/install/px4_msgs/include/px4_msgs/px4_msgs/msg/detail/vehicle_rates_setpoint__functions.h\n'}
[1.553326] (px4_msgs) StdoutLine: {'line': b'-- Up-to-date: /home/px4/ros2/ws/install/px4_msgs/include/px4_msgs/px4_msgs/msg/detail/autotune_attitude_control_status__functions.h\n'}
[1.553452] (px4_msgs) StdoutLine: {'line': b'-- Up-to-date: /home/px4/ros2/ws/install/px4_msgs/include/px4_msgs/px4_msgs/msg/detail/rover_steering_setpoint__type_support.h\n'}
[1.553542] (px4_msgs) StdoutLine: {'line': b'-- Up-to-date: /home/px4/ros2/ws/install/px4_msgs/include/px4_msgs/px4_msgs/msg/detail/neural_control__functions.h\n'}
[1.553620] (px4_msgs) StdoutLine: {'line': b'-- Up-to-date: /home/px4/ros2/ws/install/px4_msgs/include/px4_msgs/px4_msgs/msg/detail/open_drone_id_self_id__functions.h\n'}
[1.553709] (px4_msgs) StdoutLine: {'line': b'-- Up-to-date: /home/px4/ros2/ws/install/px4_msgs/include/px4_msgs/px4_msgs/msg/detail/gripper__functions.h\n'}
[1.553828] (px4_msgs) StdoutLine: {'line': b'-- Up-to-date: /home/px4/ros2/ws/install/px4_msgs/include/px4_msgs/px4_msgs/msg/detail/actuator_controls_status__functions.h\n'}
[1.553910] (px4_msgs) StdoutLine: {'line': b'-- Up-to-date: /home/px4/ros2/ws/install/px4_msgs/include/px4_msgs/px4_msgs/msg/detail/actuator_test__type_support.h\n'}
[1.553988] (px4_msgs) StdoutLine: {'line': b'-- Up-to-date: /home/px4/ros2/ws/install/px4_msgs/include/px4_msgs/px4_msgs/msg/detail/vehicle_constraints__functions.c\n'}
[1.554067] (px4_msgs) StdoutLine: {'line': b'-- Up-to-date: /home/px4/ros2/ws/install/px4_msgs/include/px4_msgs/px4_msgs/msg/detail/message_format_response__functions.h\n'}
[1.554146] (px4_msgs) StdoutLine: {'line': b'-- Up-to-date: /home/px4/ros2/ws/install/px4_msgs/include/px4_msgs/px4_msgs/msg/detail/debug_value__functions.c\n'}
[1.554223] (px4_msgs) StdoutLine: {'line': b'-- Up-to-date: /home/px4/ros2/ws/install/px4_msgs/include/px4_msgs/px4_msgs/msg/detail/sensor_gnss_relative__functions.c\n'}
[1.554301] (px4_msgs) StdoutLine: {'line': b'-- Up-to-date: /home/px4/ros2/ws/install/px4_msgs/include/px4_msgs/px4_msgs/msg/detail/vehicle_global_position__functions.h\n'}
[1.554430] (px4_msgs) StdoutLine: {'line': b'-- Up-to-date: /home/px4/ros2/ws/install/px4_msgs/include/px4_msgs/px4_msgs/msg/detail/vehicle_magnetometer__functions.c\n'}
[1.554548] (px4_msgs) StdoutLine: {'line': b'-- Up-to-date: /home/px4/ros2/ws/install/px4_msgs/include/px4_msgs/px4_msgs/msg/detail/failure_detector_status__type_support.h\n'}
[1.554666] (px4_msgs) StdoutLine: {'line': b'-- Up-to-date: /home/px4/ros2/ws/install/px4_msgs/include/px4_msgs/px4_msgs/msg/detail/generator_status__struct.h\n'}
[1.554749] (px4_msgs) StdoutLine: {'line': b'-- Up-to-date: /home/px4/ros2/ws/install/px4_msgs/include/px4_msgs/px4_msgs/msg/detail/can_interface_status__type_support.h\n'}
[1.554828] (px4_msgs) StdoutLine: {'line': b'-- Up-to-date: /home/px4/ros2/ws/install/px4_msgs/include/px4_msgs/px4_msgs/msg/detail/vehicle_air_data__functions.h\n'}
[1.554906] (px4_msgs) StdoutLine: {'line': b'-- Up-to-date: /home/px4/ros2/ws/install/px4_msgs/include/px4_msgs/px4_msgs/msg/detail/neural_control__struct.h\n'}
[1.554985] (px4_msgs) StdoutLine: {'line': b'-- Up-to-date: /home/px4/ros2/ws/install/px4_msgs/include/px4_msgs/px4_msgs/msg/detail/vehicle_local_position_setpoint__struct.h\n'}
[1.555063] (px4_msgs) StdoutLine: {'line': b'-- Up-to-date: /home/px4/ros2/ws/install/px4_msgs/include/px4_msgs/px4_msgs/msg/detail/vehicle_command_ack__type_support.h\n'}
[1.555140] (px4_msgs) StdoutLine: {'line': b'-- Up-to-date: /home/px4/ros2/ws/install/px4_msgs/include/px4_msgs/px4_msgs/msg/detail/sensor_hygrometer__struct.h\n'}
[1.555218] (px4_msgs) StdoutLine: {'line': b'-- Up-to-date: /home/px4/ros2/ws/install/px4_msgs/include/px4_msgs/px4_msgs/msg/detail/orb_test_medium__functions.h\n'}
[1.555296] (px4_msgs) StdoutLine: {'line': b'-- Up-to-date: /home/px4/ros2/ws/install/px4_msgs/include/px4_msgs/px4_msgs/msg/detail/mavlink_tunnel__functions.c\n'}
[1.555374] (px4_msgs) StdoutLine: {'line': b'-- Up-to-date: /home/px4/ros2/ws/install/px4_msgs/include/px4_msgs/px4_msgs/msg/detail/debug_value__struct.h\n'}
[1.555454] (px4_msgs) StdoutLine: {'line': b'-- Up-to-date: /home/px4/ros2/ws/install/px4_msgs/include/px4_msgs/px4_msgs/msg/detail/vehicle_land_detected__functions.c\n'}
[1.555602] (px4_msgs) StdoutLine: {'line': b'-- Up-to-date: /home/px4/ros2/ws/install/px4_msgs/include/px4_msgs/px4_msgs/msg/detail/estimator_bias__functions.c\n'}
[1.555689] (px4_msgs) StdoutLine: {'line': b'-- Up-to-date: /home/px4/ros2/ws/install/px4_msgs/include/px4_msgs/px4_msgs/msg/detail/uavcan_parameter_request__type_support.h\n'}
[1.555795] (px4_msgs) StdoutLine: {'line': b'-- Up-to-date: /home/px4/ros2/ws/install/px4_msgs/include/px4_msgs/px4_msgs/msg/detail/health_report__functions.c\n'}
[1.555882] (px4_msgs) StdoutLine: {'line': b'-- Up-to-date: /home/px4/ros2/ws/install/px4_msgs/include/px4_msgs/px4_msgs/msg/detail/open_drone_id_arm_status__functions.c\n'}
[1.555962] (px4_msgs) StdoutLine: {'line': b'-- Up-to-date: /home/px4/ros2/ws/install/px4_msgs/include/px4_msgs/px4_msgs/msg/detail/goto_setpoint__functions.c\n'}
[1.556047] (px4_msgs) StdoutLine: {'line': b'-- Up-to-date: /home/px4/ros2/ws/install/px4_msgs/include/px4_msgs/px4_msgs/msg/detail/sensor_optical_flow__functions.h\n'}
[1.556126] (px4_msgs) StdoutLine: {'line': b'-- Up-to-date: /home/px4/ros2/ws/install/px4_msgs/include/px4_msgs/px4_msgs/msg/detail/ekf2_timestamps__functions.h\n'}
[1.556205] (px4_msgs) StdoutLine: {'line': b'-- Up-to-date: /home/px4/ros2/ws/install/px4_msgs/include/px4_msgs/px4_msgs/msg/detail/fuel_tank_status__functions.c\n'}
[1.556319] (px4_msgs) StdoutLine: {'line': b'-- Up-to-date: /home/px4/ros2/ws/install/px4_msgs/include/px4_msgs/px4_msgs/msg/detail/can_interface_status__functions.h\n'}
[1.556424] (px4_msgs) StdoutLine: {'line': b'-- Up-to-date: /home/px4/ros2/ws/install/px4_msgs/include/px4_msgs/px4_msgs/msg/detail/estimator_aid_source2d__functions.h\n'}
[1.556548] (px4_msgs) StdoutLine: {'line': b'-- Up-to-date: /home/px4/ros2/ws/install/px4_msgs/include/px4_msgs/px4_msgs/msg/detail/ekf2_timestamps__type_support.h\n'}
[1.556659] (px4_msgs) StdoutLine: {'line': b'-- Up-to-date: /home/px4/ros2/ws/install/px4_msgs/include/px4_msgs/px4_msgs/msg/detail/vehicle_attitude__type_support.h\n'}
[1.556744] (px4_msgs) StdoutLine: {'line': b'-- Up-to-date: /home/px4/ros2/ws/install/px4_msgs/include/px4_msgs/px4_msgs/msg/detail/system_power__functions.c\n'}
[1.556825] (px4_msgs) StdoutLine: {'line': b'-- Up-to-date: /home/px4/ros2/ws/install/px4_msgs/include/px4_msgs/px4_msgs/msg/detail/failsafe_flags__struct.h\n'}
[1.556907] (px4_msgs) StdoutLine: {'line': b'-- Up-to-date: /home/px4/ros2/ws/install/px4_msgs/include/px4_msgs/px4_msgs/msg/detail/sensor_gps__functions.c\n'}
[1.557075] (px4_msgs) StdoutLine: {'line': b'-- Up-to-date: /home/px4/ros2/ws/install/px4_msgs/include/px4_msgs/px4_msgs/msg/detail/battery_status__functions.h\n'}
[1.557166] (px4_msgs) StdoutLine: {'line': b'-- Up-to-date: /home/px4/ros2/ws/install/px4_msgs/include/px4_msgs/px4_msgs/msg/detail/actuator_outputs__functions.h\n'}
[1.557247] (px4_msgs) StdoutLine: {'line': b'-- Up-to-date: /home/px4/ros2/ws/install/px4_msgs/include/px4_msgs/px4_msgs/msg/detail/position_setpoint_triplet__functions.h\n'}
[1.557317] (px4_msgs) StdoutLine: {'line': b'-- Up-to-date: /home/px4/ros2/ws/install/px4_msgs/include/px4_msgs/px4_msgs/msg/detail/arming_check_reply__functions.c\n'}
[1.557398] (px4_msgs) StdoutLine: {'line': b'-- Up-to-date: /home/px4/ros2/ws/install/px4_msgs/include/px4_msgs/px4_msgs/msg/detail/rtl_time_estimate__functions.h\n'}
[1.557477] (px4_msgs) StdoutLine: {'line': b'-- Up-to-date: /home/px4/ros2/ws/install/px4_msgs/include/px4_msgs/px4_msgs/msg/detail/rover_velocity_setpoint__functions.c\n'}
[1.557624] (px4_msgs) StdoutLine: {'line': b'-- Up-to-date: /home/px4/ros2/ws/install/px4_msgs/include/px4_msgs/px4_msgs/msg/detail/mode_completed__functions.c\n'}
[1.557705] (px4_msgs) StdoutLine: {'line': b'-- Up-to-date: /home/px4/ros2/ws/install/px4_msgs/include/px4_msgs/px4_msgs/msg/detail/vehicle_optical_flow__functions.h\n'}
[1.557786] (px4_msgs) StdoutLine: {'line': b'-- Up-to-date: /home/px4/ros2/ws/install/px4_msgs/include/px4_msgs/px4_msgs/msg/detail/follow_target_status__functions.c\n'}
[1.557898] (px4_msgs) StdoutLine: {'line': b'-- Up-to-date: /home/px4/ros2/ws/install/px4_msgs/include/px4_msgs/px4_msgs/msg/detail/gimbal_manager_set_manual_control__type_support.h\n'}
[1.557981] (px4_msgs) StdoutLine: {'line': b'-- Up-to-date: /home/px4/ros2/ws/install/px4_msgs/include/px4_msgs/px4_msgs/msg/detail/ulog_stream__functions.c\n'}
[1.558062] (px4_msgs) StdoutLine: {'line': b'-- Up-to-date: /home/px4/ros2/ws/install/px4_msgs/include/px4_msgs/px4_msgs/msg/detail/parameter_reset_request__type_support.h\n'}
[1.558141] (px4_msgs) StdoutLine: {'line': b'-- Up-to-date: /home/px4/ros2/ws/install/px4_msgs/include/px4_msgs/px4_msgs/msg/detail/vehicle_acceleration__struct.h\n'}
[1.558220] (px4_msgs) StdoutLine: {'line': b'-- Up-to-date: /home/px4/ros2/ws/install/px4_msgs/include/px4_msgs/px4_msgs/msg/detail/manual_control_switches__functions.c\n'}
[1.558302] (px4_msgs) StdoutLine: {'line': b'-- Up-to-date: /home/px4/ros2/ws/install/px4_msgs/include/px4_msgs/px4_msgs/msg/detail/autotune_attitude_control_status__struct.h\n'}
[1.558388] (px4_msgs) StdoutLine: {'line': b'-- Up-to-date: /home/px4/ros2/ws/install/px4_msgs/include/px4_msgs/px4_msgs/msg/detail/tecs_status__struct.h\n'}
[1.558473] (px4_msgs) StdoutLine: {'line': b'-- Up-to-date: /home/px4/ros2/ws/install/px4_msgs/include/px4_msgs/px4_msgs/msg/detail/esc_report__functions.c\n'}
[1.558560] (px4_msgs) StdoutLine: {'line': b'-- Up-to-date: /home/px4/ros2/ws/install/px4_msgs/include/px4_msgs/px4_msgs/msg/detail/velocity_limits__functions.c\n'}
[1.558654] (px4_msgs) StdoutLine: {'line': b'-- Up-to-date: /home/px4/ros2/ws/install/px4_msgs/include/px4_msgs/px4_msgs/msg/detail/fixed_wing_longitudinal_setpoint__functions.h\n'}
[1.558748] (px4_msgs) StdoutLine: {'line': b'-- Up-to-date: /home/px4/ros2/ws/install/px4_msgs/include/px4_msgs/px4_msgs/msg/detail/position_setpoint__struct.h\n'}
[1.558831] (px4_msgs) StdoutLine: {'line': b'-- Up-to-date: /home/px4/ros2/ws/install/px4_msgs/include/px4_msgs/px4_msgs/msg/detail/vtol_vehicle_status__struct.h\n'}
[1.558910] (px4_msgs) StdoutLine: {'line': b'-- Up-to-date: /home/px4/ros2/ws/install/px4_msgs/include/px4_msgs/px4_msgs/msg/detail/actuator_servos_trim__functions.c\n'}
[1.558990] (px4_msgs) StdoutLine: {'line': b'-- Up-to-date: /home/px4/ros2/ws/install/px4_msgs/include/px4_msgs/px4_msgs/msg/detail/sensor_correction__struct.h\n'}
[1.559076] (px4_msgs) StdoutLine: {'line': b'-- Up-to-date: /home/px4/ros2/ws/install/px4_msgs/include/px4_msgs/px4_msgs/msg/detail/follow_target_status__functions.h\n'}
[1.559177] (px4_msgs) StdoutLine: {'line': b'-- Up-to-date: /home/px4/ros2/ws/install/px4_msgs/include/px4_msgs/px4_msgs/msg/detail/debug_key_value__functions.c\n'}
[1.559259] (px4_msgs) StdoutLine: {'line': b'-- Up-to-date: /home/px4/ros2/ws/install/px4_msgs/include/px4_msgs/px4_msgs/msg/detail/mag_worker_data__struct.h\n'}
[1.559336] (px4_msgs) StdoutLine: {'line': b'-- Up-to-date: /home/px4/ros2/ws/install/px4_msgs/include/px4_msgs/px4_msgs/msg/detail/led_control__functions.h\n'}
[1.559414] (px4_msgs) StdoutLine: {'line': b'-- Up-to-date: /home/px4/ros2/ws/install/px4_msgs/include/px4_msgs/px4_msgs/msg/detail/pps_capture__functions.c\n'}
[1.559501] (px4_msgs) StdoutLine: {'line': b'-- Up-to-date: /home/px4/ros2/ws/install/px4_msgs/include/px4_msgs/px4_msgs/msg/detail/geofence_result__type_support.h\n'}
[1.559762] (px4_msgs) StdoutLine: {'line': b'-- Up-to-date: /home/px4/ros2/ws/install/px4_msgs/include/px4_msgs/px4_msgs/msg/detail/normalized_unsigned_setpoint__functions.c\n'}
[1.559852] (px4_msgs) StdoutLine: {'line': b'-- Up-to-date: /home/px4/ros2/ws/install/px4_msgs/include/px4_msgs/px4_msgs/msg/detail/mount_orientation__functions.h\n'}
[1.559935] (px4_msgs) StdoutLine: {'line': b'-- Up-to-date: /home/px4/ros2/ws/install/px4_msgs/include/px4_msgs/px4_msgs/msg/detail/gps_inject_data__functions.h\n'}
[1.560015] (px4_msgs) StdoutLine: {'line': b'-- Up-to-date: /home/px4/ros2/ws/install/px4_msgs/include/px4_msgs/px4_msgs/msg/detail/sensor_selection__functions.c\n'}
[1.560138] (px4_msgs) StdoutLine: {'line': b'-- Up-to-date: /home/px4/ros2/ws/install/px4_msgs/include/px4_msgs/px4_msgs/msg/detail/input_rc__struct.h\n'}
[1.560236] (px4_msgs) StdoutLine: {'line': b'-- Up-to-date: /home/px4/ros2/ws/install/px4_msgs/include/px4_msgs/px4_msgs/msg/detail/vehicle_thrust_setpoint__functions.h\n'}
[1.560318] (px4_msgs) StdoutLine: {'line': b'-- Up-to-date: /home/px4/ros2/ws/install/px4_msgs/include/px4_msgs/px4_msgs/msg/detail/vehicle_land_detected__struct.h\n'}
[1.560388] (px4_msgs) StdoutLine: {'line': b'-- Up-to-date: /home/px4/ros2/ws/install/px4_msgs/include/px4_msgs/px4_msgs/msg/detail/gimbal_manager_information__struct.h\n'}
[1.560466] (px4_msgs) StdoutLine: {'line': b'-- Up-to-date: /home/px4/ros2/ws/install/px4_msgs/include/px4_msgs/px4_msgs/msg/detail/gimbal_controls__struct.h\n'}
[1.560623] (px4_msgs) StdoutLine: {'line': b'-- Up-to-date: /home/px4/ros2/ws/install/px4_msgs/include/px4_msgs/px4_msgs/msg/detail/sensors_status_imu__type_support.h\n'}
[1.560706] (px4_msgs) StdoutLine: {'line': b'-- Up-to-date: /home/px4/ros2/ws/install/px4_msgs/include/px4_msgs/px4_msgs/msg/detail/rover_rate_setpoint__struct.h\n'}
[1.560774] (px4_msgs) StdoutLine: {'line': b'-- Up-to-date: /home/px4/ros2/ws/install/px4_msgs/include/px4_msgs/px4_msgs/msg/detail/gimbal_device_information__struct.h\n'}
[1.560850] (px4_msgs) StdoutLine: {'line': b'-- Up-to-date: /home/px4/ros2/ws/install/px4_msgs/include/px4_msgs/px4_msgs/msg/detail/sensors_status__functions.c\n'}
[1.560927] (px4_msgs) StdoutLine: {'line': b'-- Up-to-date: /home/px4/ros2/ws/install/px4_msgs/include/px4_msgs/px4_msgs/msg/detail/vehicle_angular_velocity__type_support.h\n'}
[1.561005] (px4_msgs) StdoutLine: {'line': b'-- Up-to-date: /home/px4/ros2/ws/install/px4_msgs/include/px4_msgs/px4_msgs/msg/detail/qshell_retval__functions.c\n'}
[1.561082] (px4_msgs) StdoutLine: {'line': b'-- Up-to-date: /home/px4/ros2/ws/install/px4_msgs/include/px4_msgs/px4_msgs/msg/detail/wind__struct.h\n'}
[1.561159] (px4_msgs) StdoutLine: {'line': b'-- Up-to-date: /home/px4/ros2/ws/install/px4_msgs/include/px4_msgs/px4_msgs/msg/detail/message_format_response__functions.c\n'}
[1.561235] (px4_msgs) StdoutLine: {'line': b'-- Up-to-date: /home/px4/ros2/ws/install/px4_msgs/include/px4_msgs/px4_msgs/msg/detail/task_stack_info__type_support.h\n'}
[1.561312] (px4_msgs) StdoutLine: {'line': b'-- Up-to-date: /home/px4/ros2/ws/install/px4_msgs/include/px4_msgs/px4_msgs/msg/detail/gpio_request__functions.c\n'}
[1.561389] (px4_msgs) StdoutLine: {'line': b'-- Up-to-date: /home/px4/ros2/ws/install/px4_msgs/include/px4_msgs/px4_msgs/msg/detail/vehicle_attitude_setpoint__functions.h\n'}
[1.561465] (px4_msgs) StdoutLine: {'line': b'-- Up-to-date: /home/px4/ros2/ws/install/px4_msgs/include/px4_msgs/px4_msgs/msg/cellular_status.h\n'}
[1.561550] (px4_msgs) StdoutLine: {'line': b'-- Up-to-date: /home/px4/ros2/ws/install/px4_msgs/include/px4_msgs/px4_msgs/msg/tune_control.h\n'}
[1.561632] (px4_msgs) StdoutLine: {'line': b'-- Up-to-date: /home/px4/ros2/ws/install/px4_msgs/include/px4_msgs/px4_msgs/msg/sensor_accel_fifo.h\n'}
[1.561723] (px4_msgs) StdoutLine: {'line': b'-- Up-to-date: /home/px4/ros2/ws/install/px4_msgs/include/px4_msgs/px4_msgs/msg/parameter_set_used_request.h\n'}
[1.561804] (px4_msgs) StdoutLine: {'line': b'-- Up-to-date: /home/px4/ros2/ws/install/px4_msgs/include/px4_msgs/px4_msgs/msg/can_interface_status.h\n'}
[1.561885] (px4_msgs) StdoutLine: {'line': b'-- Up-to-date: /home/px4/ros2/ws/install/px4_msgs/include/px4_msgs/px4_msgs/msg/sensor_baro.h\n'}
[1.561961] (px4_msgs) StdoutLine: {'line': b'-- Up-to-date: /home/px4/ros2/ws/install/px4_msgs/include/px4_msgs/px4_msgs/msg/manual_control_switches.h\n'}
[1.562039] (px4_msgs) StdoutLine: {'line': b'-- Up-to-date: /home/px4/ros2/ws/install/px4_msgs/include/px4_msgs/px4_msgs/msg/position_setpoint_triplet.h\n'}
[1.562116] (px4_msgs) StdoutLine: {'line': b'-- Up-to-date: /home/px4/ros2/ws/install/px4_msgs/include/px4_msgs/px4_msgs/msg/tecs_status.h\n'}
[1.562193] (px4_msgs) StdoutLine: {'line': b'-- Up-to-date: /home/px4/ros2/ws/install/px4_msgs/include/px4_msgs/px4_msgs/msg/parameter_set_value_request.h\n'}
[1.562396] (px4_msgs) StdoutLine: {'line': b'-- Up-to-date: /home/px4/ros2/ws/install/px4_msgs/include/px4_msgs/px4_msgs/msg/airspeed.h\n'}
[1.562498] (px4_msgs) StdoutLine: {'line': b'-- Up-to-date: /home/px4/ros2/ws/install/px4_msgs/include/px4_msgs/px4_msgs/msg/landing_gear.h\n'}
[1.562597] (px4_msgs) StdoutLine: {'line': b'-- Up-to-date: /home/px4/ros2/ws/install/px4_msgs/include/px4_msgs/px4_msgs/msg/button_event.h\n'}
[1.562677] (px4_msgs) StdoutLine: {'line': b'-- Up-to-date: /home/px4/ros2/ws/install/px4_msgs/include/px4_msgs/px4_msgs/msg/vehicle_imu_status.h\n'}
[1.562755] (px4_msgs) StdoutLine: {'line': b'-- Up-to-date: /home/px4/ros2/ws/install/px4_msgs/include/px4_msgs/px4_msgs/msg/battery_status.h\n'}
[1.562832] (px4_msgs) StdoutLine: {'line': b'-- Up-to-date: /home/px4/ros2/ws/install/px4_msgs/include/px4_msgs/px4_msgs/msg/mavlink_log.h\n'}
[1.562908] (px4_msgs) StdoutLine: {'line': b'-- Up-to-date: /home/px4/ros2/ws/install/px4_msgs/include/px4_msgs/px4_msgs/msg/log_message.h\n'}
[1.563065] (px4_msgs) StdoutLine: {'line': b'-- Up-to-date: /home/px4/ros2/ws/install/px4_msgs/include/px4_msgs/px4_msgs/msg/landing_target_innovations.h\n'}
[1.563149] (px4_msgs) StdoutLine: {'line': b'-- Up-to-date: /home/px4/ros2/ws/install/px4_msgs/include/px4_msgs/px4_msgs/msg/debug_key_value.h\n'}
[1.563227] (px4_msgs) StdoutLine: {'line': b'-- Up-to-date: /home/px4/ros2/ws/install/px4_msgs/include/px4_msgs/px4_msgs/msg/debug_array.h\n'}
[1.563304] (px4_msgs) StdoutLine: {'line': b'-- Up-to-date: /home/px4/ros2/ws/install/px4_msgs/include/px4_msgs/px4_msgs/msg/battery_info.h\n'}
[1.563386] (px4_msgs) StdoutLine: {'line': b'-- Up-to-date: /home/px4/ros2/ws/install/px4_msgs/include/px4_msgs/px4_msgs/msg/px4io_status.h\n'}
[1.563454] (px4_msgs) StdoutLine: {'line': b'-- Up-to-date: /home/px4/ros2/ws/install/px4_msgs/include/px4_msgs/px4_msgs/msg/estimator_event_flags.h\n'}
[1.563538] (px4_msgs) StdoutLine: {'line': b'-- Up-to-date: /home/px4/ros2/ws/install/px4_msgs/include/px4_msgs/px4_msgs/msg/gimbal_device_set_attitude.h\n'}
[1.563609] (px4_msgs) StdoutLine: {'line': b'-- Up-to-date: /home/px4/ros2/ws/install/px4_msgs/include/px4_msgs/px4_msgs/msg/adc_report.h\n'}
[1.563688] (px4_msgs) StdoutLine: {'line': b'-- Up-to-date: /home/px4/ros2/ws/install/px4_msgs/include/px4_msgs/px4_msgs/msg/actuator_servos_trim.h\n'}
[1.563767] (px4_msgs) StdoutLine: {'line': b'-- Up-to-date: /home/px4/ros2/ws/install/px4_msgs/include/px4_msgs/px4_msgs/msg/rc_parameter_map.h\n'}
[1.563844] (px4_msgs) StdoutLine: {'line': b'-- Up-to-date: /home/px4/ros2/ws/install/px4_msgs/include/px4_msgs/px4_msgs/msg/figure_eight_status.h\n'}
[1.563993] (px4_msgs) StdoutLine: {'line': b'-- Up-to-date: /home/px4/ros2/ws/install/px4_msgs/include/px4_msgs/px4_msgs/msg/sensor_correction.h\n'}
[1.564090] (px4_msgs) StdoutLine: {'line': b'-- Up-to-date: /home/px4/ros2/ws/install/px4_msgs/include/px4_msgs/px4_msgs/msg/gripper.h\n'}
[1.564173] (px4_msgs) StdoutLine: {'line': b'-- Up-to-date: /home/px4/ros2/ws/install/px4_msgs/include/px4_msgs/px4_msgs/msg/vehicle_command.h\n'}
[1.564252] (px4_msgs) StdoutLine: {'line': b'-- Up-to-date: /home/px4/ros2/ws/install/px4_msgs/include/px4_msgs/px4_msgs/msg/estimator_status.h\n'}
[1.564329] (px4_msgs) StdoutLine: {'line': b'-- Up-to-date: /home/px4/ros2/ws/install/px4_msgs/include/px4_msgs/px4_msgs/msg/estimator_aid_source2d.h\n'}
[1.564404] (px4_msgs) StdoutLine: {'line': b'-- Up-to-date: /home/px4/ros2/ws/install/px4_msgs/include/px4_msgs/px4_msgs/msg/vehicle_attitude_setpoint.h\n'}
[1.564480] (px4_msgs) StdoutLine: {'line': b'-- Up-to-date: /home/px4/ros2/ws/install/px4_msgs/include/px4_msgs/px4_msgs/msg/onboard_computer_status.h\n'}
[1.564565] (px4_msgs) StdoutLine: {'line': b'-- Up-to-date: /home/px4/ros2/ws/install/px4_msgs/include/px4_msgs/px4_msgs/msg/sensor_gyro_fifo.h\n'}
[1.564646] (px4_msgs) StdoutLine: {'line': b'-- Up-to-date: /home/px4/ros2/ws/install/px4_msgs/include/px4_msgs/px4_msgs/msg/gimbal_manager_information.h\n'}
[1.564724] (px4_msgs) StdoutLine: {'line': b'-- Up-to-date: /home/px4/ros2/ws/install/px4_msgs/include/px4_msgs/px4_msgs/msg/landing_gear_wheel.h\n'}
[1.564825] (px4_msgs) StdoutLine: {'line': b'-- Up-to-date: /home/px4/ros2/ws/install/px4_msgs/include/px4_msgs/px4_msgs/msg/event.h\n'}
[1.564902] (px4_msgs) StdoutLine: {'line': b'-- Up-to-date: /home/px4/ros2/ws/install/px4_msgs/include/px4_msgs/px4_msgs/msg/transponder_report.h\n'}
[1.564979] (px4_msgs) StdoutLine: {'line': b'-- Up-to-date: /home/px4/ros2/ws/install/px4_msgs/include/px4_msgs/px4_msgs/msg/rate_ctrl_status.h\n'}
[1.565106] (px4_msgs) StdoutLine: {'line': b'-- Up-to-date: /home/px4/ros2/ws/install/px4_msgs/include/px4_msgs/px4_msgs/msg/failsafe_flags.h\n'}
[1.565173] (px4_msgs) StdoutLine: {'line': b'-- Up-to-date: /home/px4/ros2/ws/install/px4_msgs/include/px4_msgs/px4_msgs/msg/vehicle_attitude.h\n'}
[1.565241] (px4_msgs) StdoutLine: {'line': b'-- Up-to-date: /home/px4/ros2/ws/install/px4_msgs/include/px4_msgs/px4_msgs/msg/timesync_status.h\n'}
[1.565321] (px4_msgs) StdoutLine: {'line': b'-- Up-to-date: /home/px4/ros2/ws/install/px4_msgs/include/px4_msgs/px4_msgs/msg/offboard_control_mode.h\n'}
[1.565397] (px4_msgs) StdoutLine: {'line': b'-- Up-to-date: /home/px4/ros2/ws/install/px4_msgs/include/px4_msgs/px4_msgs/msg/actuator_armed.h\n'}
[1.565473] (px4_msgs) StdoutLine: {'line': b'-- Up-to-date: /home/px4/ros2/ws/install/px4_msgs/include/px4_msgs/px4_msgs/msg/parameter_set_value_response.h\n'}
[1.565556] (px4_msgs) StdoutLine: {'line': b'-- Up-to-date: /home/px4/ros2/ws/install/px4_msgs/include/px4_msgs/px4_msgs/msg/rover_rate_setpoint.h\n'}
[1.565654] (px4_msgs) StdoutLine: {'line': b'-- Up-to-date: /home/px4/ros2/ws/install/px4_msgs/include/px4_msgs/px4_msgs/msg/rover_attitude_setpoint.h\n'}
[1.565731] (px4_msgs) StdoutLine: {'line': b'-- Up-to-date: /home/px4/ros2/ws/install/px4_msgs/include/px4_msgs/px4_msgs/msg/open_drone_id_operator_id.h\n'}
[1.565814] (px4_msgs) StdoutLine: {'line': b'-- Up-to-date: /home/px4/ros2/ws/install/px4_msgs/include/px4_msgs/px4_msgs/msg/vehicle_status.h\n'}
[1.565876] (px4_msgs) StdoutLine: {'line': b'-- Up-to-date: /home/px4/ros2/ws/install/px4_msgs/include/px4_msgs/px4_msgs/msg/irlock_report.h\n'}
[1.565937] (px4_msgs) StdoutLine: {'line': b'-- Up-to-date: /home/px4/ros2/ws/install/px4_msgs/include/px4_msgs/px4_msgs/msg/sensor_mag.h\n'}
[1.565997] (px4_msgs) StdoutLine: {'line': b'-- Up-to-date: /home/px4/ros2/ws/install/px4_msgs/include/px4_msgs/px4_msgs/msg/dataman_request.h\n'}
[1.566054] (px4_msgs) StdoutLine: {'line': b'-- Up-to-date: /home/px4/ros2/ws/install/px4_msgs/include/px4_msgs/px4_msgs/msg/vehicle_optical_flow.h\n'}
[1.566137] (px4_msgs) StdoutLine: {'line': b'-- Up-to-date: /home/px4/ros2/ws/install/px4_msgs/include/px4_msgs/px4_msgs/msg/debug_vect.h\n'}
[1.566212] (px4_msgs) StdoutLine: {'line': b'-- Up-to-date: /home/px4/ros2/ws/install/px4_msgs/include/px4_msgs/px4_msgs/msg/task_stack_info.h\n'}
[1.566295] (px4_msgs) StdoutLine: {'line': b'-- Up-to-date: /home/px4/ros2/ws/install/px4_msgs/include/px4_msgs/px4_msgs/msg/vehicle_constraints.h\n'}
[1.566403] (px4_msgs) StdoutLine: {'line': b'-- Up-to-date: /home/px4/ros2/ws/install/px4_msgs/include/px4_msgs/px4_msgs/msg/camera_status.h\n'}
[1.566468] (px4_msgs) StdoutLine: {'line': b'-- Up-to-date: /home/px4/ros2/ws/install/px4_msgs/include/px4_msgs/px4_msgs/msg/gimbal_manager_set_attitude.h\n'}
[1.566554] (px4_msgs) StdoutLine: {'line': b'-- Up-to-date: /home/px4/ros2/ws/install/px4_msgs/include/px4_msgs/px4_msgs/msg/fuel_tank_status.h\n'}
[1.566641] (px4_msgs) StdoutLine: {'line': b'-- Up-to-date: /home/px4/ros2/ws/install/px4_msgs/include/px4_msgs/px4_msgs/msg/estimator_bias.h\n'}
[1.566702] (px4_msgs) StdoutLine: {'line': b'-- Up-to-date: /home/px4/ros2/ws/install/px4_msgs/include/px4_msgs/px4_msgs/msg/goto_setpoint.h\n'}
[1.566787] (px4_msgs) StdoutLine: {'line': b'-- Up-to-date: /home/px4/ros2/ws/install/px4_msgs/include/px4_msgs/px4_msgs/msg/wind.h\n'}
[1.566848] (px4_msgs) StdoutLine: {'line': b'-- Up-to-date: /home/px4/ros2/ws/install/px4_msgs/include/px4_msgs/px4_msgs/msg/satellite_info.h\n'}
[1.566919] (px4_msgs) StdoutLine: {'line': b'-- Up-to-date: /home/px4/ros2/ws/install/px4_msgs/include/px4_msgs/px4_msgs/msg/gpio_in.h\n'}
[1.567004] (px4_msgs) StdoutLine: {'line': b'-- Up-to-date: /home/px4/ros2/ws/install/px4_msgs/include/px4_msgs/px4_msgs/msg/navigator_status.h\n'}
[1.567099] (px4_msgs) StdoutLine: {'line': b'-- Up-to-date: /home/px4/ros2/ws/install/px4_msgs/include/px4_msgs/px4_msgs/msg/open_drone_id_arm_status.h\n'}
[1.567191] (px4_msgs) StdoutLine: {'line': b'-- Up-to-date: /home/px4/ros2/ws/install/px4_msgs/include/px4_msgs/px4_msgs/msg/position_controller_status.h\n'}
[1.567313] (px4_msgs) StdoutLine: {'line': b'-- Up-to-date: /home/px4/ros2/ws/install/px4_msgs/include/px4_msgs/px4_msgs/msg/mag_worker_data.h\n'}
[1.567481] (px4_msgs) StdoutLine: {'line': b'-- Up-to-date: /home/px4/ros2/ws/install/px4_msgs/include/px4_msgs/px4_msgs/msg/camera_trigger.h\n'}
[1.567628] (px4_msgs) StdoutLine: {'line': b'-- Up-to-date: /home/px4/ros2/ws/install/px4_msgs/include/px4_msgs/px4_msgs/msg/power_monitor.h\n'}
[1.567715] (px4_msgs) StdoutLine: {'line': b'-- Up-to-date: /home/px4/ros2/ws/install/px4_msgs/include/px4_msgs/px4_msgs/msg/sensors_status.h\n'}
[1.567795] (px4_msgs) StdoutLine: {'line': b'-- Up-to-date: /home/px4/ros2/ws/install/px4_msgs/include/px4_msgs/px4_msgs/msg/trajectory_setpoint.h\n'}
[1.567873] (px4_msgs) StdoutLine: {'line': b'-- Up-to-date: /home/px4/ros2/ws/install/px4_msgs/include/px4_msgs/px4_msgs/msg/internal_combustion_engine_status.h\n'}
[1.567948] (px4_msgs) StdoutLine: {'line': b'-- Up-to-date: /home/px4/ros2/ws/install/px4_msgs/include/px4_msgs/px4_msgs/msg/vehicle_roi.h\n'}
[1.568109] (px4_msgs) StdoutLine: {'line': b'-- Up-to-date: /home/px4/ros2/ws/install/px4_msgs/include/px4_msgs/px4_msgs/msg/ekf2_timestamps.h\n'}
[1.568237] (px4_msgs) StdoutLine: {'line': b'-- Up-to-date: /home/px4/ros2/ws/install/px4_msgs/include/px4_msgs/px4_msgs/msg/ulog_stream.h\n'}
[1.568364] (px4_msgs) StdoutLine: {'line': b'-- Up-to-date: /home/px4/ros2/ws/install/px4_msgs/include/px4_msgs/px4_msgs/msg/vehicle_land_detected.h\n'}
[1.568451] (px4_msgs) StdoutLine: {'line': b'-- Up-to-date: /home/px4/ros2/ws/install/px4_msgs/include/px4_msgs/px4_msgs/msg/position_controller_landing_status.h\n'}
[1.568586] (px4_msgs) StdoutLine: {'line': b'-- Up-to-date: /home/px4/ros2/ws/install/px4_msgs/include/px4_msgs/px4_msgs/msg/sensor_preflight_mag.h\n'}
[1.568664] (px4_msgs) StdoutLine: {'line': b'-- Up-to-date: /home/px4/ros2/ws/install/px4_msgs/include/px4_msgs/px4_msgs/msg/vehicle_acceleration.h\n'}
[1.568744] (px4_msgs) StdoutLine: {'line': b'-- Up-to-date: /home/px4/ros2/ws/install/px4_msgs/include/px4_msgs/px4_msgs/msg/follow_target_status.h\n'}
[1.568821] (px4_msgs) StdoutLine: {'line': b'-- Up-to-date: /home/px4/ros2/ws/install/px4_msgs/include/px4_msgs/px4_msgs/msg/debug_value.h\n'}
[1.568899] (px4_msgs) StdoutLine: {'line': b'-- Up-to-date: /home/px4/ros2/ws/install/px4_msgs/include/px4_msgs/px4_msgs/msg/power_button_state.h\n'}
[1.568977] (px4_msgs) StdoutLine: {'line': b'-- Up-to-date: /home/px4/ros2/ws/install/px4_msgs/include/px4_msgs/px4_msgs/msg/sensor_airflow.h\n'}
[1.569101] (px4_msgs) StdoutLine: {'line': b'-- Up-to-date: /home/px4/ros2/ws/install/px4_msgs/include/px4_msgs/px4_msgs/msg/actuator_outputs.h\n'}
[1.569203] (px4_msgs) StdoutLine: {'line': b'-- Up-to-date: /home/px4/ros2/ws/install/px4_msgs/include/px4_msgs/px4_msgs/msg/telemetry_status.h\n'}
[1.569288] (px4_msgs) StdoutLine: {'line': b'-- Up-to-date: /home/px4/ros2/ws/install/px4_msgs/include/px4_msgs/px4_msgs/msg/neural_control.h\n'}
[1.569393] (px4_msgs) StdoutLine: {'line': b'-- Up-to-date: /home/px4/ros2/ws/install/px4_msgs/include/px4_msgs/px4_msgs/msg/arming_check_request.h\n'}
[1.569473] (px4_msgs) StdoutLine: {'line': b'-- Up-to-date: /home/px4/ros2/ws/install/px4_msgs/include/px4_msgs/px4_msgs/msg/system_power.h\n'}
[1.569571] (px4_msgs) StdoutLine: {'line': b'-- Up-to-date: /home/px4/ros2/ws/install/px4_msgs/include/px4_msgs/px4_msgs/msg/sensors_status_imu.h\n'}
[1.569654] (px4_msgs) StdoutLine: {'line': b'-- Up-to-date: /home/px4/ros2/ws/install/px4_msgs/include/px4_msgs/px4_msgs/msg/estimator_bias3d.h\n'}
[1.569776] (px4_msgs) StdoutLine: {'line': b'-- Up-to-date: /home/px4/ros2/ws/install/px4_msgs/include/px4_msgs/px4_msgs/msg/lateral_control_configuration.h\n'}
[1.569858] (px4_msgs) StdoutLine: {'line': b'-- Up-to-date: /home/px4/ros2/ws/install/px4_msgs/include/px4_msgs/px4_msgs/msg/autotune_attitude_control_status.h\n'}
[1.569955] (px4_msgs) StdoutLine: {'line': b'-- Up-to-date: /home/px4/ros2/ws/install/px4_msgs/include/px4_msgs/px4_msgs/msg/qshell_req.h\n'}
[1.570028] (px4_msgs) StdoutLine: {'line': b'-- Up-to-date: /home/px4/ros2/ws/install/px4_msgs/include/px4_msgs/px4_msgs/msg/sensor_uwb.h\n'}
[1.570104] (px4_msgs) StdoutLine: {'line': b'-- Up-to-date: /home/px4/ros2/ws/install/px4_msgs/include/px4_msgs/px4_msgs/msg/rc_channels.h\n'}
[1.570182] (px4_msgs) StdoutLine: {'line': b'-- Up-to-date: /home/px4/ros2/ws/install/px4_msgs/include/px4_msgs/px4_msgs/msg/vehicle_imu.h\n'}
[1.570352] (px4_msgs) StdoutLine: {'line': b'-- Up-to-date: /home/px4/ros2/ws/install/px4_msgs/include/px4_msgs/px4_msgs/msg/distance_sensor_mode_change_request.h\n'}
[1.570438] (px4_msgs) StdoutLine: {'line': b'-- Up-to-date: /home/px4/ros2/ws/install/px4_msgs/include/px4_msgs/px4_msgs/msg/gimbal_device_attitude_status.h\n'}
[1.570533] (px4_msgs) StdoutLine: {'line': b'-- Up-to-date: /home/px4/ros2/ws/install/px4_msgs/include/px4_msgs/px4_msgs/msg/pps_capture.h\n'}
[1.570623] (px4_msgs) StdoutLine: {'line': b'-- Up-to-date: /home/px4/ros2/ws/install/px4_msgs/include/px4_msgs/px4_msgs/msg/message_format_request.h\n'}
[1.570702] (px4_msgs) StdoutLine: {'line': b'-- Up-to-date: /home/px4/ros2/ws/install/px4_msgs/include/px4_msgs/px4_msgs/msg/unregister_ext_component.h\n'}
[1.570781] (px4_msgs) StdoutLine: {'line': b'-- Up-to-date: /home/px4/ros2/ws/install/px4_msgs/include/px4_msgs/px4_msgs/msg/magnetometer_bias_estimate.h\n'}
[1.570861] (px4_msgs) StdoutLine: {'line': b'-- Up-to-date: /home/px4/ros2/ws/install/px4_msgs/include/px4_msgs/px4_msgs/msg/rtl_time_estimate.h\n'}
[1.570938] (px4_msgs) StdoutLine: {'line': b'-- Up-to-date: /home/px4/ros2/ws/install/px4_msgs/include/px4_msgs/px4_msgs/msg/gpio_config.h\n'}
[1.571017] (px4_msgs) StdoutLine: {'line': b'-- Up-to-date: /home/px4/ros2/ws/install/px4_msgs/include/px4_msgs/px4_msgs/msg/estimator_innovations.h\n'}
[1.571173] (px4_msgs) StdoutLine: {'line': b'-- Up-to-date: /home/px4/ros2/ws/install/px4_msgs/include/px4_msgs/px4_msgs/msg/wheel_encoders.h\n'}
[1.571252] (px4_msgs) StdoutLine: {'line': b'-- Up-to-date: /home/px4/ros2/ws/install/px4_msgs/include/px4_msgs/px4_msgs/msg/obstacle_distance.h\n'}
[1.571348] (px4_msgs) StdoutLine: {'line': b'-- Up-to-date: /home/px4/ros2/ws/install/px4_msgs/include/px4_msgs/px4_msgs/msg/gps_dump.h\n'}
[1.571427] (px4_msgs) StdoutLine: {'line': b'-- Up-to-date: /home/px4/ros2/ws/install/px4_msgs/include/px4_msgs/px4_msgs/msg/rpm.h\n'}
[1.571522] (px4_msgs) StdoutLine: {'line': b'-- Up-to-date: /home/px4/ros2/ws/install/px4_msgs/include/px4_msgs/px4_msgs/msg/rosidl_generator_c__visibility_control.h\n'}
[1.571612] (px4_msgs) StdoutLine: {'line': b'-- Up-to-date: /home/px4/ros2/ws/install/px4_msgs/include/px4_msgs/px4_msgs/msg/uavcan_parameter_request.h\n'}
[1.571724] (px4_msgs) StdoutLine: {'line': b'-- Up-to-date: /home/px4/ros2/ws/install/px4_msgs/include/px4_msgs/px4_msgs/msg/sensor_selection.h\n'}
[1.571817] (px4_msgs) StdoutLine: {'line': b'-- Up-to-date: /home/px4/ros2/ws/install/px4_msgs/include/px4_msgs/px4_msgs/msg/internal_combustion_engine_control.h\n'}
[1.571899] (px4_msgs) StdoutLine: {'line': b'-- Up-to-date: /home/px4/ros2/ws/install/px4_msgs/include/px4_msgs/px4_msgs/msg/mode_completed.h\n'}
[1.571978] (px4_msgs) StdoutLine: {'line': b'-- Up-to-date: /home/px4/ros2/ws/install/px4_msgs/include/px4_msgs/px4_msgs/msg/actuator_test.h\n'}
[1.572085] (px4_msgs) StdoutLine: {'line': b'-- Up-to-date: /home/px4/ros2/ws/install/px4_msgs/include/px4_msgs/px4_msgs/msg/sensor_gnss_relative.h\n'}
[1.572166] (px4_msgs) StdoutLine: {'line': b'-- Up-to-date: /home/px4/ros2/ws/install/px4_msgs/include/px4_msgs/px4_msgs/msg/launch_detection_status.h\n'}
[1.572276] (px4_msgs) StdoutLine: {'line': b'-- Up-to-date: /home/px4/ros2/ws/install/px4_msgs/include/px4_msgs/px4_msgs/msg/estimator_aid_source3d.h\n'}
[1.572355] (px4_msgs) StdoutLine: {'line': b'-- Up-to-date: /home/px4/ros2/ws/install/px4_msgs/include/px4_msgs/px4_msgs/msg/manual_control_setpoint.h\n'}
[1.572434] (px4_msgs) StdoutLine: {'line': b'-- Up-to-date: /home/px4/ros2/ws/install/px4_msgs/include/px4_msgs/px4_msgs/msg/fixed_wing_lateral_setpoint.h\n'}
[1.572537] (px4_msgs) StdoutLine: {'line': b'-- Up-to-date: /home/px4/ros2/ws/install/px4_msgs/include/px4_msgs/px4_msgs/msg/follow_target.h\n'}
[1.572626] (px4_msgs) StdoutLine: {'line': b'-- Up-to-date: /home/px4/ros2/ws/install/px4_msgs/include/px4_msgs/px4_msgs/msg/vehicle_air_data.h\n'}
[1.572703] (px4_msgs) StdoutLine: {'line': b'-- Up-to-date: /home/px4/ros2/ws/install/px4_msgs/include/px4_msgs/px4_msgs/msg/message_format_response.h\n'}
[1.572781] (px4_msgs) StdoutLine: {'line': b'-- Up-to-date: /home/px4/ros2/ws/install/px4_msgs/include/px4_msgs/px4_msgs/msg/gimbal_manager_status.h\n'}
[1.572889] (px4_msgs) StdoutLine: {'line': b'-- Up-to-date: /home/px4/ros2/ws/install/px4_msgs/include/px4_msgs/px4_msgs/msg/hover_thrust_estimate.h\n'}
[1.572958] (px4_msgs) StdoutLine: {'line': b'-- Up-to-date: /home/px4/ros2/ws/install/px4_msgs/include/px4_msgs/px4_msgs/msg/open_drone_id_system.h\n'}
[1.573034] (px4_msgs) StdoutLine: {'line': b'-- Up-to-date: /home/px4/ros2/ws/install/px4_msgs/include/px4_msgs/px4_msgs/msg/esc_report.h\n'}
[1.573111] (px4_msgs) StdoutLine: {'line': b'-- Up-to-date: /home/px4/ros2/ws/install/px4_msgs/include/px4_msgs/px4_msgs/msg/fixed_wing_longitudinal_setpoint.h\n'}
[1.573184] (px4_msgs) StdoutLine: {'line': b'-- Up-to-date: /home/px4/ros2/ws/install/px4_msgs/include/px4_msgs/px4_msgs/msg/actuator_controls_status.h\n'}
[1.573266] (px4_msgs) StdoutLine: {'line': b'-- Up-to-date: /home/px4/ros2/ws/install/px4_msgs/include/px4_msgs/px4_msgs/msg/longitudinal_control_configuration.h\n'}
[1.573344] (px4_msgs) StdoutLine: {'line': b'-- Up-to-date: /home/px4/ros2/ws/install/px4_msgs/include/px4_msgs/px4_msgs/msg/orb_test_large.h\n'}
[1.573419] (px4_msgs) StdoutLine: {'line': b'-- Up-to-date: /home/px4/ros2/ws/install/px4_msgs/include/px4_msgs/px4_msgs/msg/landing_target_pose.h\n'}
[1.573627] (px4_msgs) StdoutLine: {'line': b'-- Up-to-date: /home/px4/ros2/ws/install/px4_msgs/include/px4_msgs/px4_msgs/msg/sensor_hygrometer.h\n'}
[1.573707] (px4_msgs) StdoutLine: {'line': b'-- Up-to-date: /home/px4/ros2/ws/install/px4_msgs/include/px4_msgs/px4_msgs/msg/estimator_states.h\n'}
[1.573786] (px4_msgs) StdoutLine: {'line': b'-- Up-to-date: /home/px4/ros2/ws/install/px4_msgs/include/px4_msgs/px4_msgs/msg/estimator_gps_status.h\n'}
[1.573895] (px4_msgs) StdoutLine: {'line': b'-- Up-to-date: /home/px4/ros2/ws/install/px4_msgs/include/px4_msgs/px4_msgs/msg/dronecan_node_status.h\n'}
[1.573983] (px4_msgs) StdoutLine: {'line': b'-- Up-to-date: /home/px4/ros2/ws/install/px4_msgs/include/px4_msgs/px4_msgs/msg/iridiumsbd_status.h\n'}
[1.574074] (px4_msgs) StdoutLine: {'line': b'-- Up-to-date: /home/px4/ros2/ws/install/px4_msgs/include/px4_msgs/px4_msgs/msg/cpuload.h\n'}
[1.574152] (px4_msgs) StdoutLine: {'line': b'-- Up-to-date: /home/px4/ros2/ws/install/px4_msgs/include/px4_msgs/px4_msgs/msg/tiltrotor_extra_controls.h\n'}
[1.574261] (px4_msgs) StdoutLine: {'line': b'-- Up-to-date: /home/px4/ros2/ws/install/px4_msgs/include/px4_msgs/px4_msgs/msg/fixed_wing_lateral_status.h\n'}
[1.574343] (px4_msgs) StdoutLine: {'line': b'-- Up-to-date: /home/px4/ros2/ws/install/px4_msgs/include/px4_msgs/px4_msgs/msg/trajectory_setpoint6dof.h\n'}
[1.574413] (px4_msgs) StdoutLine: {'line': b'-- Up-to-date: /home/px4/ros2/ws/install/px4_msgs/include/px4_msgs/px4_msgs/msg/normalized_unsigned_setpoint.h\n'}
[1.574498] (px4_msgs) StdoutLine: {'line': b'-- Up-to-date: /home/px4/ros2/ws/install/px4_msgs/include/px4_msgs/px4_msgs/msg/estimator_status_flags.h\n'}
[1.574598] (px4_msgs) StdoutLine: {'line': b'-- Up-to-date: /home/px4/ros2/ws/install/px4_msgs/include/px4_msgs/px4_msgs/msg/sensor_optical_flow.h\n'}
[1.574679] (px4_msgs) StdoutLine: {'line': b'-- Up-to-date: /home/px4/ros2/ws/install/px4_msgs/include/px4_msgs/px4_msgs/msg/yaw_estimator_status.h\n'}
[1.574790] (px4_msgs) StdoutLine: {'line': b'-- Up-to-date: /home/px4/ros2/ws/install/px4_msgs/include/px4_msgs/px4_msgs/msg/home_position.h\n'}
[1.574886] (px4_msgs) StdoutLine: {'line': b'-- Up-to-date: /home/px4/ros2/ws/install/px4_msgs/include/px4_msgs/px4_msgs/msg/rover_throttle_setpoint.h\n'}
[1.574963] (px4_msgs) StdoutLine: {'line': b'-- Up-to-date: /home/px4/ros2/ws/install/px4_msgs/include/px4_msgs/px4_msgs/msg/fixed_wing_runway_control.h\n'}
[1.575133] (px4_msgs) StdoutLine: {'line': b'-- Up-to-date: /home/px4/ros2/ws/install/px4_msgs/include/px4_msgs/px4_msgs/msg/vehicle_odometry.h\n'}
[1.575266] (px4_msgs) StdoutLine: {'line': b'-- Up-to-date: /home/px4/ros2/ws/install/px4_msgs/include/px4_msgs/px4_msgs/msg/sensor_gyro_fft.h\n'}
[1.575369] (px4_msgs) StdoutLine: {'line': b'-- Up-to-date: /home/px4/ros2/ws/install/px4_msgs/include/px4_msgs/px4_msgs/msg/parameter_reset_request.h\n'}
[1.575514] (px4_msgs) StdoutLine: {'line': b'-- Up-to-date: /home/px4/ros2/ws/install/px4_msgs/include/px4_msgs/px4_msgs/msg/rover_position_setpoint.h\n'}
[1.575607] (px4_msgs) StdoutLine: {'line': b'-- Up-to-date: /home/px4/ros2/ws/install/px4_msgs/include/px4_msgs/px4_msgs/msg/geofence_result.h\n'}
[1.575752] (px4_msgs) StdoutLine: {'line': b'-- Up-to-date: /home/px4/ros2/ws/install/px4_msgs/include/px4_msgs/px4_msgs/msg/airspeed_validated.h\n'}
[1.575828] (px4_msgs) StdoutLine: {'line': b'-- Up-to-date: /home/px4/ros2/ws/install/px4_msgs/include/px4_msgs/px4_msgs/msg/vehicle_control_mode.h\n'}
[1.575970] (px4_msgs) StdoutLine: {'line': b'-- Up-to-date: /home/px4/ros2/ws/install/px4_msgs/include/px4_msgs/px4_msgs/msg/position_setpoint.h\n'}
[1.576051] (px4_msgs) StdoutLine: {'line': b'-- Up-to-date: /home/px4/ros2/ws/install/px4_msgs/include/px4_msgs/px4_msgs/msg/arming_check_reply.h\n'}
[1.576161] (px4_msgs) StdoutLine: {'line': b'-- Up-to-date: /home/px4/ros2/ws/install/px4_msgs/include/px4_msgs/px4_msgs/msg/esc_status.h\n'}
[1.576264] (px4_msgs) StdoutLine: {'line': b'-- Up-to-date: /home/px4/ros2/ws/install/px4_msgs/include/px4_msgs/px4_msgs/msg/rtl_status.h\n'}
[1.576341] (px4_msgs) StdoutLine: {'line': b'-- Up-to-date: /home/px4/ros2/ws/install/px4_msgs/include/px4_msgs/px4_msgs/msg/vehicle_global_position.h\n'}
[1.576477] (px4_msgs) StdoutLine: {'line': b'-- Up-to-date: /home/px4/ros2/ws/install/px4_msgs/include/px4_msgs/px4_msgs/msg/dataman_response.h\n'}
[1.576630] (px4_msgs) StdoutLine: {'line': b'-- Up-to-date: /home/px4/ros2/ws/install/px4_msgs/include/px4_msgs/px4_msgs/msg/rover_velocity_status.h\n'}
[1.576715] (px4_msgs) StdoutLine: {'line': b'-- Up-to-date: /home/px4/ros2/ws/install/px4_msgs/include/px4_msgs/px4_msgs/msg/failure_detector_status.h\n'}
[1.576792] (px4_msgs) StdoutLine: {'line': b'-- Up-to-date: /home/px4/ros2/ws/install/px4_msgs/include/px4_msgs/px4_msgs/msg/fixed_wing_lateral_guidance_status.h\n'}
[1.576948] (px4_msgs) StdoutLine: {'line': b'-- Up-to-date: /home/px4/ros2/ws/install/px4_msgs/include/px4_msgs/px4_msgs/msg/mission_result.h\n'}
[1.577139] (px4_msgs) StdoutLine: {'line': b'-- Up-to-date: /home/px4/ros2/ws/install/px4_msgs/include/px4_msgs/px4_msgs/msg/orbit_status.h\n'}
[1.577243] (px4_msgs) StdoutLine: {'line': b'-- Up-to-date: /home/px4/ros2/ws/install/px4_msgs/include/px4_msgs/px4_msgs/msg/mission.h\n'}
[1.577353] (px4_msgs) StdoutLine: {'line': b'-- Up-to-date: /home/px4/ros2/ws/install/px4_msgs/include/px4_msgs/px4_msgs/msg/control_allocator_status.h\n'}
[1.577434] (px4_msgs) StdoutLine: {'line': b'-- Up-to-date: /home/px4/ros2/ws/install/px4_msgs/include/px4_msgs/px4_msgs/msg/velocity_limits.h\n'}
[1.577525] (px4_msgs) StdoutLine: {'line': b'-- Up-to-date: /home/px4/ros2/ws/install/px4_msgs/include/px4_msgs/px4_msgs/msg/register_ext_component_reply.h\n'}
[1.577627] (px4_msgs) StdoutLine: {'line': b'-- Up-to-date: /home/px4/ros2/ws/install/px4_msgs/include/px4_msgs/px4_msgs/msg/vehicle_local_position_setpoint.h\n'}
[1.577750] (px4_msgs) StdoutLine: {'line': b'-- Up-to-date: /home/px4/ros2/ws/install/px4_msgs/include/px4_msgs/px4_msgs/msg/rover_rate_status.h\n'}
[1.577829] (px4_msgs) StdoutLine: {'line': b'-- Up-to-date: /home/px4/ros2/ws/install/px4_msgs/include/px4_msgs/px4_msgs/msg/rover_steering_setpoint.h\n'}
[1.577917] (px4_msgs) StdoutLine: {'line': b'-- Up-to-date: /home/px4/ros2/ws/install/px4_msgs/include/px4_msgs/px4_msgs/msg/vehicle_torque_setpoint.h\n'}
[1.577996] (px4_msgs) StdoutLine: {'line': b'-- Up-to-date: /home/px4/ros2/ws/install/px4_msgs/include/px4_msgs/px4_msgs/msg/navigator_mission_item.h\n'}
[1.578074] (px4_msgs) StdoutLine: {'line': b'-- Up-to-date: /home/px4/ros2/ws/install/px4_msgs/include/px4_msgs/px4_msgs/msg/sensor_gyro.h\n'}
[1.578214] (px4_msgs) StdoutLine: {'line': b'-- Up-to-date: /home/px4/ros2/ws/install/px4_msgs/include/px4_msgs/px4_msgs/msg/differential_pressure.h\n'}
[1.578297] (px4_msgs) StdoutLine: {'line': b'-- Up-to-date: /home/px4/ros2/ws/install/px4_msgs/include/px4_msgs/px4_msgs/msg/flight_phase_estimation.h\n'}
[1.578376] (px4_msgs) StdoutLine: {'line': b'-- Up-to-date: /home/px4/ros2/ws/install/px4_msgs/include/px4_msgs/px4_msgs/msg/sensor_accel.h\n'}
[1.578454] (px4_msgs) StdoutLine: {'line': b'-- Up-to-date: /home/px4/ros2/ws/install/px4_msgs/include/px4_msgs/px4_msgs/msg/heater_status.h\n'}
[1.578559] (px4_msgs) StdoutLine: {'line': b'-- Up-to-date: /home/px4/ros2/ws/install/px4_msgs/include/px4_msgs/px4_msgs/msg/vtol_vehicle_status.h\n'}
[1.578633] (px4_msgs) StdoutLine: {'line': b'-- Up-to-date: /home/px4/ros2/ws/install/px4_msgs/include/px4_msgs/px4_msgs/msg/open_drone_id_self_id.h\n'}
[1.578713] (px4_msgs) StdoutLine: {'line': b'-- Up-to-date: /home/px4/ros2/ws/install/px4_msgs/include/px4_msgs/px4_msgs/msg/gpio_out.h\n'}
[1.578790] (px4_msgs) StdoutLine: {'line': b'-- Up-to-date: /home/px4/ros2/ws/install/px4_msgs/include/px4_msgs/px4_msgs/msg/logger_status.h\n'}
[1.578867] (px4_msgs) StdoutLine: {'line': b'-- Up-to-date: /home/px4/ros2/ws/install/px4_msgs/include/px4_msgs/px4_msgs/msg/vehicle_angular_velocity.h\n'}
[1.578945] (px4_msgs) StdoutLine: {'line': b'-- Up-to-date: /home/px4/ros2/ws/install/px4_msgs/include/px4_msgs/px4_msgs/msg/gimbal_device_information.h\n'}
[1.579046] (px4_msgs) StdoutLine: {'line': b'-- Up-to-date: /home/px4/ros2/ws/install/px4_msgs/include/px4_msgs/px4_msgs/msg/vehicle_local_position.h\n'}
[1.579131] (px4_msgs) StdoutLine: {'line': b'-- Up-to-date: /home/px4/ros2/ws/install/px4_msgs/include/px4_msgs/px4_msgs/msg/action_request.h\n'}
[1.579224] (px4_msgs) StdoutLine: {'line': b'-- Up-to-date: /home/px4/ros2/ws/install/px4_msgs/include/px4_msgs/px4_msgs/msg/takeoff_status.h\n'}
[1.579309] (px4_msgs) StdoutLine: {'line': b'-- Up-to-date: /home/px4/ros2/ws/install/px4_msgs/include/px4_msgs/px4_msgs/srv\n'}
[1.579393] (px4_msgs) StdoutLine: {'line': b'-- Up-to-date: /home/px4/ros2/ws/install/px4_msgs/include/px4_msgs/px4_msgs/srv/detail\n'}
[1.579472] (px4_msgs) StdoutLine: {'line': b'-- Up-to-date: /home/px4/ros2/ws/install/px4_msgs/include/px4_msgs/px4_msgs/srv/detail/vehicle_command__struct.h\n'}
[1.579570] (px4_msgs) StdoutLine: {'line': b'-- Up-to-date: /home/px4/ros2/ws/install/px4_msgs/include/px4_msgs/px4_msgs/srv/detail/vehicle_command__type_support.h\n'}
[1.579663] (px4_msgs) StdoutLine: {'line': b'-- Up-to-date: /home/px4/ros2/ws/install/px4_msgs/include/px4_msgs/px4_msgs/srv/detail/vehicle_command__functions.c\n'}
[1.579740] (px4_msgs) StdoutLine: {'line': b'-- Up-to-date: /home/px4/ros2/ws/install/px4_msgs/include/px4_msgs/px4_msgs/srv/detail/vehicle_command__functions.h\n'}
[1.579817] (px4_msgs) StdoutLine: {'line': b'-- Up-to-date: /home/px4/ros2/ws/install/px4_msgs/include/px4_msgs/px4_msgs/srv/vehicle_command.h\n'}
[1.579895] (px4_msgs) StdoutLine: {'line': b'-- Up-to-date: /home/px4/ros2/ws/install/px4_msgs/share/px4_msgs/environment/library_path.sh\n'}
[1.579975] (px4_msgs) StdoutLine: {'line': b'-- Up-to-date: /home/px4/ros2/ws/install/px4_msgs/share/px4_msgs/environment/library_path.dsv\n'}
[1.580230] (px4_msgs) StdoutLine: {'line': b'-- Up-to-date: /home/px4/ros2/ws/install/px4_msgs/lib/libpx4_msgs__rosidl_generator_c.so\n'}
[1.580313] (px4_msgs) StdoutLine: {'line': b'-- Up-to-date: /home/px4/ros2/ws/install/px4_msgs/include/px4_msgs/px4_msgs\n'}
[1.580414] (px4_msgs) StdoutLine: {'line': b'-- Up-to-date: /home/px4/ros2/ws/install/px4_msgs/include/px4_msgs/px4_msgs/msg\n'}
[1.580509] (px4_msgs) StdoutLine: {'line': b'-- Up-to-date: /home/px4/ros2/ws/install/px4_msgs/include/px4_msgs/px4_msgs/msg/detail\n'}
[1.580593] (px4_msgs) StdoutLine: {'line': b'-- Up-to-date: /home/px4/ros2/ws/install/px4_msgs/include/px4_msgs/px4_msgs/msg/detail/vehicle_magnetometer__rosidl_typesupport_fastrtps_c.h\n'}
[1.580698] (px4_msgs) StdoutLine: {'line': b'-- Up-to-date: /home/px4/ros2/ws/install/px4_msgs/include/px4_msgs/px4_msgs/msg/detail/vehicle_torque_setpoint__rosidl_typesupport_fastrtps_c.h\n'}
[1.580805] (px4_msgs) StdoutLine: {'line': b'-- Up-to-date: /home/px4/ros2/ws/install/px4_msgs/include/px4_msgs/px4_msgs/msg/detail/landing_gear_wheel__rosidl_typesupport_fastrtps_c.h\n'}
[1.580878] (px4_msgs) StdoutLine: {'line': b'-- Up-to-date: /home/px4/ros2/ws/install/px4_msgs/include/px4_msgs/px4_msgs/msg/detail/vehicle_acceleration__rosidl_typesupport_fastrtps_c.h\n'}
[1.580989] (px4_msgs) StdoutLine: {'line': b'-- Up-to-date: /home/px4/ros2/ws/install/px4_msgs/include/px4_msgs/px4_msgs/msg/detail/vehicle_attitude_setpoint__rosidl_typesupport_fastrtps_c.h\n'}
[1.581070] (px4_msgs) StdoutLine: {'line': b'-- Up-to-date: /home/px4/ros2/ws/install/px4_msgs/include/px4_msgs/px4_msgs/msg/detail/arming_check_request__rosidl_typesupport_fastrtps_c.h\n'}
[1.581179] (px4_msgs) StdoutLine: {'line': b'-- Up-to-date: /home/px4/ros2/ws/install/px4_msgs/include/px4_msgs/px4_msgs/msg/detail/mode_completed__rosidl_typesupport_fastrtps_c.h\n'}
[1.581268] (px4_msgs) StdoutLine: {'line': b'-- Up-to-date: /home/px4/ros2/ws/install/px4_msgs/include/px4_msgs/px4_msgs/msg/detail/pure_pursuit_status__rosidl_typesupport_fastrtps_c.h\n'}
[1.581347] (px4_msgs) StdoutLine: {'line': b'-- Up-to-date: /home/px4/ros2/ws/install/px4_msgs/include/px4_msgs/px4_msgs/msg/detail/led_control__rosidl_typesupport_fastrtps_c.h\n'}
[1.581424] (px4_msgs) StdoutLine: {'line': b'-- Up-to-date: /home/px4/ros2/ws/install/px4_msgs/include/px4_msgs/px4_msgs/msg/detail/sensor_gyro_fft__rosidl_typesupport_fastrtps_c.h\n'}
[1.581513] (px4_msgs) StdoutLine: {'line': b'-- Up-to-date: /home/px4/ros2/ws/install/px4_msgs/include/px4_msgs/px4_msgs/msg/detail/ulog_stream__rosidl_typesupport_fastrtps_c.h\n'}
[1.581662] (px4_msgs) StdoutLine: {'line': b'-- Up-to-date: /home/px4/ros2/ws/install/px4_msgs/include/px4_msgs/px4_msgs/msg/detail/camera_trigger__rosidl_typesupport_fastrtps_c.h\n'}
[1.581746] (px4_msgs) StdoutLine: {'line': b'-- Up-to-date: /home/px4/ros2/ws/install/px4_msgs/include/px4_msgs/px4_msgs/msg/detail/unregister_ext_component__rosidl_typesupport_fastrtps_c.h\n'}
[1.581823] (px4_msgs) StdoutLine: {'line': b'-- Up-to-date: /home/px4/ros2/ws/install/px4_msgs/include/px4_msgs/px4_msgs/msg/detail/mount_orientation__rosidl_typesupport_fastrtps_c.h\n'}
[1.581903] (px4_msgs) StdoutLine: {'line': b'-- Up-to-date: /home/px4/ros2/ws/install/px4_msgs/include/px4_msgs/px4_msgs/msg/detail/wheel_encoders__rosidl_typesupport_fastrtps_c.h\n'}
[1.581981] (px4_msgs) StdoutLine: {'line': b'-- Up-to-date: /home/px4/ros2/ws/install/px4_msgs/include/px4_msgs/px4_msgs/msg/detail/action_request__rosidl_typesupport_fastrtps_c.h\n'}
[1.582152] (px4_msgs) StdoutLine: {'line': b'-- Up-to-date: /home/px4/ros2/ws/install/px4_msgs/include/px4_msgs/px4_msgs/msg/detail/failsafe_flags__rosidl_typesupport_fastrtps_c.h\n'}
[1.582262] (px4_msgs) StdoutLine: {'line': b'-- Up-to-date: /home/px4/ros2/ws/install/px4_msgs/include/px4_msgs/px4_msgs/msg/detail/gimbal_manager_set_manual_control__rosidl_typesupport_fastrtps_c.h\n'}
[1.582345] (px4_msgs) StdoutLine: {'line': b'-- Up-to-date: /home/px4/ros2/ws/install/px4_msgs/include/px4_msgs/px4_msgs/msg/detail/camera_capture__rosidl_typesupport_fastrtps_c.h\n'}
[1.582458] (px4_msgs) StdoutLine: {'line': b'-- Up-to-date: /home/px4/ros2/ws/install/px4_msgs/include/px4_msgs/px4_msgs/msg/detail/airspeed_wind__rosidl_typesupport_fastrtps_c.h\n'}
[1.582590] (px4_msgs) StdoutLine: {'line': b'-- Up-to-date: /home/px4/ros2/ws/install/px4_msgs/include/px4_msgs/px4_msgs/msg/detail/vehicle_thrust_setpoint__rosidl_typesupport_fastrtps_c.h\n'}
[1.582680] (px4_msgs) StdoutLine: {'line': b'-- Up-to-date: /home/px4/ros2/ws/install/px4_msgs/include/px4_msgs/px4_msgs/msg/detail/sensor_gyro__rosidl_typesupport_fastrtps_c.h\n'}
[1.582761] (px4_msgs) StdoutLine: {'line': b'-- Up-to-date: /home/px4/ros2/ws/install/px4_msgs/include/px4_msgs/px4_msgs/msg/detail/velocity_limits__rosidl_typesupport_fastrtps_c.h\n'}
[1.582841] (px4_msgs) StdoutLine: {'line': b'-- Up-to-date: /home/px4/ros2/ws/install/px4_msgs/include/px4_msgs/px4_msgs/msg/detail/gimbal_controls__rosidl_typesupport_fastrtps_c.h\n'}
[1.582920] (px4_msgs) StdoutLine: {'line': b'-- Up-to-date: /home/px4/ros2/ws/install/px4_msgs/include/px4_msgs/px4_msgs/msg/detail/open_drone_id_system__rosidl_typesupport_fastrtps_c.h\n'}
[1.583038] (px4_msgs) StdoutLine: {'line': b'-- Up-to-date: /home/px4/ros2/ws/install/px4_msgs/include/px4_msgs/px4_msgs/msg/detail/power_button_state__rosidl_typesupport_fastrtps_c.h\n'}
[1.583120] (px4_msgs) StdoutLine: {'line': b'-- Up-to-date: /home/px4/ros2/ws/install/px4_msgs/include/px4_msgs/px4_msgs/msg/detail/actuator_test__rosidl_typesupport_fastrtps_c.h\n'}
[1.583197] (px4_msgs) StdoutLine: {'line': b'-- Up-to-date: /home/px4/ros2/ws/install/px4_msgs/include/px4_msgs/px4_msgs/msg/detail/message_format_response__rosidl_typesupport_fastrtps_c.h\n'}
[1.583277] (px4_msgs) StdoutLine: {'line': b'-- Up-to-date: /home/px4/ros2/ws/install/px4_msgs/include/px4_msgs/px4_msgs/msg/detail/vehicle_status__rosidl_typesupport_fastrtps_c.h\n'}
[1.583357] (px4_msgs) StdoutLine: {'line': b'-- Up-to-date: /home/px4/ros2/ws/install/px4_msgs/include/px4_msgs/px4_msgs/msg/detail/vehicle_odometry__rosidl_typesupport_fastrtps_c.h\n'}
[1.583435] (px4_msgs) StdoutLine: {'line': b'-- Up-to-date: /home/px4/ros2/ws/install/px4_msgs/include/px4_msgs/px4_msgs/msg/detail/sensor_gyro_fifo__rosidl_typesupport_fastrtps_c.h\n'}
[1.583515] (px4_msgs) StdoutLine: {'line': b'-- Up-to-date: /home/px4/ros2/ws/install/px4_msgs/include/px4_msgs/px4_msgs/msg/detail/actuator_servos__rosidl_typesupport_fastrtps_c.h\n'}
[1.583600] (px4_msgs) StdoutLine: {'line': b'-- Up-to-date: /home/px4/ros2/ws/install/px4_msgs/include/px4_msgs/px4_msgs/msg/detail/onboard_computer_status__rosidl_typesupport_fastrtps_c.h\n'}
[1.583680] (px4_msgs) StdoutLine: {'line': b'-- Up-to-date: /home/px4/ros2/ws/install/px4_msgs/include/px4_msgs/px4_msgs/msg/detail/vehicle_constraints__rosidl_typesupport_fastrtps_c.h\n'}
[1.583756] (px4_msgs) StdoutLine: {'line': b'-- Up-to-date: /home/px4/ros2/ws/install/px4_msgs/include/px4_msgs/px4_msgs/msg/detail/distance_sensor__rosidl_typesupport_fastrtps_c.h\n'}
[1.583833] (px4_msgs) StdoutLine: {'line': b'-- Up-to-date: /home/px4/ros2/ws/install/px4_msgs/include/px4_msgs/px4_msgs/msg/detail/gimbal_manager_status__rosidl_typesupport_fastrtps_c.h\n'}
[1.583911] (px4_msgs) StdoutLine: {'line': b'-- Up-to-date: /home/px4/ros2/ws/install/px4_msgs/include/px4_msgs/px4_msgs/msg/detail/debug_array__rosidl_typesupport_fastrtps_c.h\n'}
[1.583988] (px4_msgs) StdoutLine: {'line': b'-- Up-to-date: /home/px4/ros2/ws/install/px4_msgs/include/px4_msgs/px4_msgs/msg/detail/tecs_status__rosidl_typesupport_fastrtps_c.h\n'}
[1.584065] (px4_msgs) StdoutLine: {'line': b'-- Up-to-date: /home/px4/ros2/ws/install/px4_msgs/include/px4_msgs/px4_msgs/msg/detail/estimator_aid_source2d__rosidl_typesupport_fastrtps_c.h\n'}
[1.584140] (px4_msgs) StdoutLine: {'line': b'-- Up-to-date: /home/px4/ros2/ws/install/px4_msgs/include/px4_msgs/px4_msgs/msg/detail/launch_detection_status__rosidl_typesupport_fastrtps_c.h\n'}
[1.584219] (px4_msgs) StdoutLine: {'line': b'-- Up-to-date: /home/px4/ros2/ws/install/px4_msgs/include/px4_msgs/px4_msgs/msg/detail/open_drone_id_operator_id__rosidl_typesupport_fastrtps_c.h\n'}
[1.584352] (px4_msgs) StdoutLine: {'line': b'-- Up-to-date: /home/px4/ros2/ws/install/px4_msgs/include/px4_msgs/px4_msgs/msg/detail/event__rosidl_typesupport_fastrtps_c.h\n'}
[1.584417] (px4_msgs) StdoutLine: {'line': b'-- Up-to-date: /home/px4/ros2/ws/install/px4_msgs/include/px4_msgs/px4_msgs/msg/detail/battery_info__rosidl_typesupport_fastrtps_c.h\n'}
[1.584509] (px4_msgs) StdoutLine: {'line': b'-- Up-to-date: /home/px4/ros2/ws/install/px4_msgs/include/px4_msgs/px4_msgs/msg/detail/normalized_unsigned_setpoint__rosidl_typesupport_fastrtps_c.h\n'}
[1.584601] (px4_msgs) StdoutLine: {'line': b'-- Up-to-date: /home/px4/ros2/ws/install/px4_msgs/include/px4_msgs/px4_msgs/msg/detail/qshell_req__rosidl_typesupport_fastrtps_c.h\n'}
[1.584666] (px4_msgs) StdoutLine: {'line': b'-- Up-to-date: /home/px4/ros2/ws/install/px4_msgs/include/px4_msgs/px4_msgs/msg/detail/position_controller_landing_status__rosidl_typesupport_fastrtps_c.h\n'}
[1.584727] (px4_msgs) StdoutLine: {'line': b'-- Up-to-date: /home/px4/ros2/ws/install/px4_msgs/include/px4_msgs/px4_msgs/msg/detail/internal_combustion_engine_control__rosidl_typesupport_fastrtps_c.h\n'}
[1.584787] (px4_msgs) StdoutLine: {'line': b'-- Up-to-date: /home/px4/ros2/ws/install/px4_msgs/include/px4_msgs/px4_msgs/msg/detail/iridiumsbd_status__rosidl_typesupport_fastrtps_c.h\n'}
[1.584848] (px4_msgs) StdoutLine: {'line': b'-- Up-to-date: /home/px4/ros2/ws/install/px4_msgs/include/px4_msgs/px4_msgs/msg/detail/rover_steering_setpoint__rosidl_typesupport_fastrtps_c.h\n'}
[1.584907] (px4_msgs) StdoutLine: {'line': b'-- Up-to-date: /home/px4/ros2/ws/install/px4_msgs/include/px4_msgs/px4_msgs/msg/detail/actuator_servos_trim__rosidl_typesupport_fastrtps_c.h\n'}
[1.584968] (px4_msgs) StdoutLine: {'line': b'-- Up-to-date: /home/px4/ros2/ws/install/px4_msgs/include/px4_msgs/px4_msgs/msg/detail/uavcan_parameter_request__rosidl_typesupport_fastrtps_c.h\n'}
[1.585027] (px4_msgs) StdoutLine: {'line': b'-- Up-to-date: /home/px4/ros2/ws/install/px4_msgs/include/px4_msgs/px4_msgs/msg/detail/sensor_accel__rosidl_typesupport_fastrtps_c.h\n'}
[1.585104] (px4_msgs) StdoutLine: {'line': b'-- Up-to-date: /home/px4/ros2/ws/install/px4_msgs/include/px4_msgs/px4_msgs/msg/detail/parameter_set_value_response__rosidl_typesupport_fastrtps_c.h\n'}
[1.585186] (px4_msgs) StdoutLine: {'line': b'-- Up-to-date: /home/px4/ros2/ws/install/px4_msgs/include/px4_msgs/px4_msgs/msg/detail/gimbal_device_attitude_status__rosidl_typesupport_fastrtps_c.h\n'}
[1.585261] (px4_msgs) StdoutLine: {'line': b'-- Up-to-date: /home/px4/ros2/ws/install/px4_msgs/include/px4_msgs/px4_msgs/msg/detail/config_overrides__rosidl_typesupport_fastrtps_c.h\n'}
[1.585320] (px4_msgs) StdoutLine: {'line': b'-- Up-to-date: /home/px4/ros2/ws/install/px4_msgs/include/px4_msgs/px4_msgs/msg/detail/sensor_selection__rosidl_typesupport_fastrtps_c.h\n'}
[1.585379] (px4_msgs) StdoutLine: {'line': b'-- Up-to-date: /home/px4/ros2/ws/install/px4_msgs/include/px4_msgs/px4_msgs/msg/detail/actuator_outputs__rosidl_typesupport_fastrtps_c.h\n'}
[1.585438] (px4_msgs) StdoutLine: {'line': b'-- Up-to-date: /home/px4/ros2/ws/install/px4_msgs/include/px4_msgs/px4_msgs/msg/detail/gimbal_device_set_attitude__rosidl_typesupport_fastrtps_c.h\n'}
[1.585510] (px4_msgs) StdoutLine: {'line': b'-- Up-to-date: /home/px4/ros2/ws/install/px4_msgs/include/px4_msgs/px4_msgs/msg/detail/dronecan_node_status__rosidl_typesupport_fastrtps_c.h\n'}
[1.585654] (px4_msgs) StdoutLine: {'line': b'-- Up-to-date: /home/px4/ros2/ws/install/px4_msgs/include/px4_msgs/px4_msgs/msg/detail/transponder_report__rosidl_typesupport_fastrtps_c.h\n'}
[1.585735] (px4_msgs) StdoutLine: {'line': b'-- Up-to-date: /home/px4/ros2/ws/install/px4_msgs/include/px4_msgs/px4_msgs/msg/detail/vehicle_command__rosidl_typesupport_fastrtps_c.h\n'}
[1.585809] (px4_msgs) StdoutLine: {'line': b'-- Up-to-date: /home/px4/ros2/ws/install/px4_msgs/include/px4_msgs/px4_msgs/msg/detail/vehicle_air_data__rosidl_typesupport_fastrtps_c.h\n'}
[1.585886] (px4_msgs) StdoutLine: {'line': b'-- Up-to-date: /home/px4/ros2/ws/install/px4_msgs/include/px4_msgs/px4_msgs/msg/detail/follow_target_status__rosidl_typesupport_fastrtps_c.h\n'}
[1.586011] (px4_msgs) StdoutLine: {'line': b'-- Up-to-date: /home/px4/ros2/ws/install/px4_msgs/include/px4_msgs/px4_msgs/msg/detail/radio_status__rosidl_typesupport_fastrtps_c.h\n'}
[1.586089] (px4_msgs) StdoutLine: {'line': b'-- Up-to-date: /home/px4/ros2/ws/install/px4_msgs/include/px4_msgs/px4_msgs/msg/detail/gimbal_device_information__rosidl_typesupport_fastrtps_c.h\n'}
[1.586189] (px4_msgs) StdoutLine: {'line': b'-- Up-to-date: /home/px4/ros2/ws/install/px4_msgs/include/px4_msgs/px4_msgs/msg/detail/trajectory_setpoint__rosidl_typesupport_fastrtps_c.h\n'}
[1.586271] (px4_msgs) StdoutLine: {'line': b'-- Up-to-date: /home/px4/ros2/ws/install/px4_msgs/include/px4_msgs/px4_msgs/msg/detail/can_interface_status__rosidl_typesupport_fastrtps_c.h\n'}
[1.586349] (px4_msgs) StdoutLine: {'line': b'-- Up-to-date: /home/px4/ros2/ws/install/px4_msgs/include/px4_msgs/px4_msgs/msg/detail/px4io_status__rosidl_typesupport_fastrtps_c.h\n'}
[1.586427] (px4_msgs) StdoutLine: {'line': b'-- Up-to-date: /home/px4/ros2/ws/install/px4_msgs/include/px4_msgs/px4_msgs/msg/detail/rover_rate_status__rosidl_typesupport_fastrtps_c.h\n'}
[1.586570] (px4_msgs) StdoutLine: {'line': b'-- Up-to-date: /home/px4/ros2/ws/install/px4_msgs/include/px4_msgs/px4_msgs/msg/detail/navigator_mission_item__rosidl_typesupport_fastrtps_c.h\n'}
[1.586698] (px4_msgs) StdoutLine: {'line': b'-- Up-to-date: /home/px4/ros2/ws/install/px4_msgs/include/px4_msgs/px4_msgs/msg/detail/orbit_status__rosidl_typesupport_fastrtps_c.h\n'}
[1.586819] (px4_msgs) StdoutLine: {'line': b'-- Up-to-date: /home/px4/ros2/ws/install/px4_msgs/include/px4_msgs/px4_msgs/msg/detail/gripper__rosidl_typesupport_fastrtps_c.h\n'}
[1.586898] (px4_msgs) StdoutLine: {'line': b'-- Up-to-date: /home/px4/ros2/ws/install/px4_msgs/include/px4_msgs/px4_msgs/msg/detail/ping__rosidl_typesupport_fastrtps_c.h\n'}
[1.586977] (px4_msgs) StdoutLine: {'line': b'-- Up-to-date: /home/px4/ros2/ws/install/px4_msgs/include/px4_msgs/px4_msgs/msg/detail/rc_channels__rosidl_typesupport_fastrtps_c.h\n'}
[1.587081] (px4_msgs) StdoutLine: {'line': b'-- Up-to-date: /home/px4/ros2/ws/install/px4_msgs/include/px4_msgs/px4_msgs/msg/detail/hover_thrust_estimate__rosidl_typesupport_fastrtps_c.h\n'}
[1.587161] (px4_msgs) StdoutLine: {'line': b'-- Up-to-date: /home/px4/ros2/ws/install/px4_msgs/include/px4_msgs/px4_msgs/msg/detail/vehicle_local_position_setpoint__rosidl_typesupport_fastrtps_c.h\n'}
[1.587240] (px4_msgs) StdoutLine: {'line': b'-- Up-to-date: /home/px4/ros2/ws/install/px4_msgs/include/px4_msgs/px4_msgs/msg/detail/landing_target_pose__rosidl_typesupport_fastrtps_c.h\n'}
[1.587318] (px4_msgs) StdoutLine: {'line': b'-- Up-to-date: /home/px4/ros2/ws/install/px4_msgs/include/px4_msgs/px4_msgs/msg/detail/position_setpoint__rosidl_typesupport_fastrtps_c.h\n'}
[1.587462] (px4_msgs) StdoutLine: {'line': b'-- Up-to-date: /home/px4/ros2/ws/install/px4_msgs/include/px4_msgs/px4_msgs/msg/detail/sensor_gps__rosidl_typesupport_fastrtps_c.h\n'}
[1.587563] (px4_msgs) StdoutLine: {'line': b'-- Up-to-date: /home/px4/ros2/ws/install/px4_msgs/include/px4_msgs/px4_msgs/msg/detail/rover_attitude_status__rosidl_typesupport_fastrtps_c.h\n'}
[1.587677] (px4_msgs) StdoutLine: {'line': b'-- Up-to-date: /home/px4/ros2/ws/install/px4_msgs/include/px4_msgs/px4_msgs/msg/detail/open_drone_id_arm_status__rosidl_typesupport_fastrtps_c.h\n'}
[1.587779] (px4_msgs) StdoutLine: {'line': b'-- Up-to-date: /home/px4/ros2/ws/install/px4_msgs/include/px4_msgs/px4_msgs/msg/detail/open_drone_id_self_id__rosidl_typesupport_fastrtps_c.h\n'}
[1.587889] (px4_msgs) StdoutLine: {'line': b'-- Up-to-date: /home/px4/ros2/ws/install/px4_msgs/include/px4_msgs/px4_msgs/msg/detail/vehicle_attitude__rosidl_typesupport_fastrtps_c.h\n'}
[1.587970] (px4_msgs) StdoutLine: {'line': b'-- Up-to-date: /home/px4/ros2/ws/install/px4_msgs/include/px4_msgs/px4_msgs/msg/detail/flight_phase_estimation__rosidl_typesupport_fastrtps_c.h\n'}
[1.588094] (px4_msgs) StdoutLine: {'line': b'-- Up-to-date: /home/px4/ros2/ws/install/px4_msgs/include/px4_msgs/px4_msgs/msg/detail/vtol_vehicle_status__rosidl_typesupport_fastrtps_c.h\n'}
[1.588193] (px4_msgs) StdoutLine: {'line': b'-- Up-to-date: /home/px4/ros2/ws/install/px4_msgs/include/px4_msgs/px4_msgs/msg/detail/estimator_sensor_bias__rosidl_typesupport_fastrtps_c.h\n'}
[1.588276] (px4_msgs) StdoutLine: {'line': b'-- Up-to-date: /home/px4/ros2/ws/install/px4_msgs/include/px4_msgs/px4_msgs/msg/detail/wind__rosidl_typesupport_fastrtps_c.h\n'}
[1.588354] (px4_msgs) StdoutLine: {'line': b'-- Up-to-date: /home/px4/ros2/ws/install/px4_msgs/include/px4_msgs/px4_msgs/msg/detail/landing_target_innovations__rosidl_typesupport_fastrtps_c.h\n'}
[1.588430] (px4_msgs) StdoutLine: {'line': b'-- Up-to-date: /home/px4/ros2/ws/install/px4_msgs/include/px4_msgs/px4_msgs/msg/detail/distance_sensor_mode_change_request__rosidl_typesupport_fastrtps_c.h\n'}
[1.588523] (px4_msgs) StdoutLine: {'line': b'-- Up-to-date: /home/px4/ros2/ws/install/px4_msgs/include/px4_msgs/px4_msgs/msg/detail/rtl_status__rosidl_typesupport_fastrtps_c.h\n'}
[1.588603] (px4_msgs) StdoutLine: {'line': b'-- Up-to-date: /home/px4/ros2/ws/install/px4_msgs/include/px4_msgs/px4_msgs/msg/detail/gps_dump__rosidl_typesupport_fastrtps_c.h\n'}
[1.588730] (px4_msgs) StdoutLine: {'line': b'-- Up-to-date: /home/px4/ros2/ws/install/px4_msgs/include/px4_msgs/px4_msgs/msg/detail/sensor_preflight_mag__rosidl_typesupport_fastrtps_c.h\n'}
[1.588809] (px4_msgs) StdoutLine: {'line': b'-- Up-to-date: /home/px4/ros2/ws/install/px4_msgs/include/px4_msgs/px4_msgs/msg/detail/orb_test__rosidl_typesupport_fastrtps_c.h\n'}
[1.588916] (px4_msgs) StdoutLine: {'line': b'-- Up-to-date: /home/px4/ros2/ws/install/px4_msgs/include/px4_msgs/px4_msgs/msg/detail/differential_pressure__rosidl_typesupport_fastrtps_c.h\n'}
[1.588996] (px4_msgs) StdoutLine: {'line': b'-- Up-to-date: /home/px4/ros2/ws/install/px4_msgs/include/px4_msgs/px4_msgs/msg/detail/qshell_retval__rosidl_typesupport_fastrtps_c.h\n'}
[1.589075] (px4_msgs) StdoutLine: {'line': b'-- Up-to-date: /home/px4/ros2/ws/install/px4_msgs/include/px4_msgs/px4_msgs/msg/detail/mavlink_tunnel__rosidl_typesupport_fastrtps_c.h\n'}
[1.589191] (px4_msgs) StdoutLine: {'line': b'-- Up-to-date: /home/px4/ros2/ws/install/px4_msgs/include/px4_msgs/px4_msgs/msg/detail/figure_eight_status__rosidl_typesupport_fastrtps_c.h\n'}
[1.589293] (px4_msgs) StdoutLine: {'line': b'-- Up-to-date: /home/px4/ros2/ws/install/px4_msgs/include/px4_msgs/px4_msgs/msg/detail/geofence_result__rosidl_typesupport_fastrtps_c.h\n'}
[1.589385] (px4_msgs) StdoutLine: {'line': b'-- Up-to-date: /home/px4/ros2/ws/install/px4_msgs/include/px4_msgs/px4_msgs/msg/detail/gpio_out__rosidl_typesupport_fastrtps_c.h\n'}
[1.589537] (px4_msgs) StdoutLine: {'line': b'-- Up-to-date: /home/px4/ros2/ws/install/px4_msgs/include/px4_msgs/px4_msgs/msg/detail/gimbal_manager_set_attitude__rosidl_typesupport_fastrtps_c.h\n'}
[1.589626] (px4_msgs) StdoutLine: {'line': b'-- Up-to-date: /home/px4/ros2/ws/install/px4_msgs/include/px4_msgs/px4_msgs/msg/detail/debug_vect__rosidl_typesupport_fastrtps_c.h\n'}
[1.589734] (px4_msgs) StdoutLine: {'line': b'-- Up-to-date: /home/px4/ros2/ws/install/px4_msgs/include/px4_msgs/px4_msgs/msg/detail/gpio_config__rosidl_typesupport_fastrtps_c.h\n'}
[1.589815] (px4_msgs) StdoutLine: {'line': b'-- Up-to-date: /home/px4/ros2/ws/install/px4_msgs/include/px4_msgs/px4_msgs/msg/detail/estimator_states__rosidl_typesupport_fastrtps_c.h\n'}
[1.589893] (px4_msgs) StdoutLine: {'line': b'-- Up-to-date: /home/px4/ros2/ws/install/px4_msgs/include/px4_msgs/px4_msgs/msg/detail/rover_throttle_setpoint__rosidl_typesupport_fastrtps_c.h\n'}
[1.589971] (px4_msgs) StdoutLine: {'line': b'-- Up-to-date: /home/px4/ros2/ws/install/px4_msgs/include/px4_msgs/px4_msgs/msg/detail/arming_check_reply__rosidl_typesupport_fastrtps_c.h\n'}
[1.590047] (px4_msgs) StdoutLine: {'line': b'-- Up-to-date: /home/px4/ros2/ws/install/px4_msgs/include/px4_msgs/px4_msgs/msg/detail/trajectory_setpoint6dof__rosidl_typesupport_fastrtps_c.h\n'}
[1.590188] (px4_msgs) StdoutLine: {'line': b'-- Up-to-date: /home/px4/ros2/ws/install/px4_msgs/include/px4_msgs/px4_msgs/msg/detail/fixed_wing_lateral_guidance_status__rosidl_typesupport_fastrtps_c.h\n'}
[1.590269] (px4_msgs) StdoutLine: {'line': b'-- Up-to-date: /home/px4/ros2/ws/install/px4_msgs/include/px4_msgs/px4_msgs/msg/detail/pps_capture__rosidl_typesupport_fastrtps_c.h\n'}
[1.590349] (px4_msgs) StdoutLine: {'line': b'-- Up-to-date: /home/px4/ros2/ws/install/px4_msgs/include/px4_msgs/px4_msgs/msg/detail/esc_status__rosidl_typesupport_fastrtps_c.h\n'}
[1.590426] (px4_msgs) StdoutLine: {'line': b'-- Up-to-date: /home/px4/ros2/ws/install/px4_msgs/include/px4_msgs/px4_msgs/msg/detail/manual_control_switches__rosidl_typesupport_fastrtps_c.h\n'}
[1.590518] (px4_msgs) StdoutLine: {'line': b'-- Up-to-date: /home/px4/ros2/ws/install/px4_msgs/include/px4_msgs/px4_msgs/msg/detail/home_position__rosidl_typesupport_fastrtps_c.h\n'}
[1.590863] (px4_msgs) StdoutLine: {'line': b'-- Up-to-date: /home/px4/ros2/ws/install/px4_msgs/include/px4_msgs/px4_msgs/msg/detail/parameter_update__rosidl_typesupport_fastrtps_c.h\n'}
[1.590958] (px4_msgs) StdoutLine: {'line': b'-- Up-to-date: /home/px4/ros2/ws/install/px4_msgs/include/px4_msgs/px4_msgs/msg/detail/sensor_uwb__rosidl_typesupport_fastrtps_c.h\n'}
[1.591023] (px4_msgs) StdoutLine: {'line': b'-- Up-to-date: /home/px4/ros2/ws/install/px4_msgs/include/px4_msgs/px4_msgs/msg/detail/rover_attitude_setpoint__rosidl_typesupport_fastrtps_c.h\n'}
[1.591090] (px4_msgs) StdoutLine: {'line': b'-- Up-to-date: /home/px4/ros2/ws/install/px4_msgs/include/px4_msgs/px4_msgs/msg/detail/ekf2_timestamps__rosidl_typesupport_fastrtps_c.h\n'}
[1.591153] (px4_msgs) StdoutLine: {'line': b'-- Up-to-date: /home/px4/ros2/ws/install/px4_msgs/include/px4_msgs/px4_msgs/msg/detail/control_allocator_status__rosidl_typesupport_fastrtps_c.h\n'}
[1.591213] (px4_msgs) StdoutLine: {'line': b'-- Up-to-date: /home/px4/ros2/ws/install/px4_msgs/include/px4_msgs/px4_msgs/msg/detail/sensor_mag__rosidl_typesupport_fastrtps_c.h\n'}
[1.591273] (px4_msgs) StdoutLine: {'line': b'-- Up-to-date: /home/px4/ros2/ws/install/px4_msgs/include/px4_msgs/px4_msgs/msg/detail/fixed_wing_runway_control__rosidl_typesupport_fastrtps_c.h\n'}
[1.591331] (px4_msgs) StdoutLine: {'line': b'-- Up-to-date: /home/px4/ros2/ws/install/px4_msgs/include/px4_msgs/px4_msgs/msg/detail/magnetometer_bias_estimate__rosidl_typesupport_fastrtps_c.h\n'}
[1.591391] (px4_msgs) StdoutLine: {'line': b'-- Up-to-date: /home/px4/ros2/ws/install/px4_msgs/include/px4_msgs/px4_msgs/msg/detail/debug_value__rosidl_typesupport_fastrtps_c.h\n'}
[1.591450] (px4_msgs) StdoutLine: {'line': b'-- Up-to-date: /home/px4/ros2/ws/install/px4_msgs/include/px4_msgs/px4_msgs/msg/detail/takeoff_status__rosidl_typesupport_fastrtps_c.h\n'}
[1.591524] (px4_msgs) StdoutLine: {'line': b'-- Up-to-date: /home/px4/ros2/ws/install/px4_msgs/include/px4_msgs/px4_msgs/msg/detail/autotune_attitude_control_status__rosidl_typesupport_fastrtps_c.h\n'}
[1.591594] (px4_msgs) StdoutLine: {'line': b'-- Up-to-date: /home/px4/ros2/ws/install/px4_msgs/include/px4_msgs/px4_msgs/msg/detail/position_setpoint_triplet__rosidl_typesupport_fastrtps_c.h\n'}
[1.591674] (px4_msgs) StdoutLine: {'line': b'-- Up-to-date: /home/px4/ros2/ws/install/px4_msgs/include/px4_msgs/px4_msgs/msg/detail/mission__rosidl_typesupport_fastrtps_c.h\n'}
[1.591835] (px4_msgs) StdoutLine: {'line': b'-- Up-to-date: /home/px4/ros2/ws/install/px4_msgs/include/px4_msgs/px4_msgs/msg/detail/gpio_request__rosidl_typesupport_fastrtps_c.h\n'}
[1.591913] (px4_msgs) StdoutLine: {'line': b'-- Up-to-date: /home/px4/ros2/ws/install/px4_msgs/include/px4_msgs/px4_msgs/msg/detail/pwm_input__rosidl_typesupport_fastrtps_c.h\n'}
[1.592019] (px4_msgs) StdoutLine: {'line': b'-- Up-to-date: /home/px4/ros2/ws/install/px4_msgs/include/px4_msgs/px4_msgs/msg/detail/sensor_correction__rosidl_typesupport_fastrtps_c.h\n'}
[1.592127] (px4_msgs) StdoutLine: {'line': b'-- Up-to-date: /home/px4/ros2/ws/install/px4_msgs/include/px4_msgs/px4_msgs/msg/detail/sensors_status__rosidl_typesupport_fastrtps_c.h\n'}
[1.592233] (px4_msgs) StdoutLine: {'line': b'-- Up-to-date: /home/px4/ros2/ws/install/px4_msgs/include/px4_msgs/px4_msgs/msg/detail/fixed_wing_lateral_setpoint__rosidl_typesupport_fastrtps_c.h\n'}
[1.592357] (px4_msgs) StdoutLine: {'line': b'-- Up-to-date: /home/px4/ros2/ws/install/px4_msgs/include/px4_msgs/px4_msgs/msg/detail/parameter_reset_request__rosidl_typesupport_fastrtps_c.h\n'}
[1.592470] (px4_msgs) StdoutLine: {'line': b'-- Up-to-date: /home/px4/ros2/ws/install/px4_msgs/include/px4_msgs/px4_msgs/msg/detail/dataman_request__rosidl_typesupport_fastrtps_c.h\n'}
[1.592559] (px4_msgs) StdoutLine: {'line': b'-- Up-to-date: /home/px4/ros2/ws/install/px4_msgs/include/px4_msgs/px4_msgs/msg/detail/register_ext_component_reply__rosidl_typesupport_fastrtps_c.h\n'}
[1.592643] (px4_msgs) StdoutLine: {'line': b'-- Up-to-date: /home/px4/ros2/ws/install/px4_msgs/include/px4_msgs/px4_msgs/msg/detail/actuator_armed__rosidl_typesupport_fastrtps_c.h\n'}
[1.592722] (px4_msgs) StdoutLine: {'line': b'-- Up-to-date: /home/px4/ros2/ws/install/px4_msgs/include/px4_msgs/px4_msgs/msg/detail/navigator_status__rosidl_typesupport_fastrtps_c.h\n'}
[1.592800] (px4_msgs) StdoutLine: {'line': b'-- Up-to-date: /home/px4/ros2/ws/install/px4_msgs/include/px4_msgs/px4_msgs/msg/detail/vehicle_imu_status__rosidl_typesupport_fastrtps_c.h\n'}
[1.592879] (px4_msgs) StdoutLine: {'line': b'-- Up-to-date: /home/px4/ros2/ws/install/px4_msgs/include/px4_msgs/px4_msgs/msg/detail/rover_velocity_status__rosidl_typesupport_fastrtps_c.h\n'}
[1.592958] (px4_msgs) StdoutLine: {'line': b'-- Up-to-date: /home/px4/ros2/ws/install/px4_msgs/include/px4_msgs/px4_msgs/msg/detail/orb_test_large__rosidl_typesupport_fastrtps_c.h\n'}
[1.593038] (px4_msgs) StdoutLine: {'line': b'-- Up-to-date: /home/px4/ros2/ws/install/px4_msgs/include/px4_msgs/px4_msgs/msg/detail/collision_constraints__rosidl_typesupport_fastrtps_c.h\n'}
[1.593116] (px4_msgs) StdoutLine: {'line': b'-- Up-to-date: /home/px4/ros2/ws/install/px4_msgs/include/px4_msgs/px4_msgs/msg/detail/estimator_status_flags__rosidl_typesupport_fastrtps_c.h\n'}
[1.593194] (px4_msgs) StdoutLine: {'line': b'-- Up-to-date: /home/px4/ros2/ws/install/px4_msgs/include/px4_msgs/px4_msgs/msg/detail/estimator_aid_source3d__rosidl_typesupport_fastrtps_c.h\n'}
[1.593272] (px4_msgs) StdoutLine: {'line': b'-- Up-to-date: /home/px4/ros2/ws/install/px4_msgs/include/px4_msgs/px4_msgs/msg/detail/ulog_stream_ack__rosidl_typesupport_fastrtps_c.h\n'}
[1.593348] (px4_msgs) StdoutLine: {'line': b'-- Up-to-date: /home/px4/ros2/ws/install/px4_msgs/include/px4_msgs/px4_msgs/msg/detail/sensor_airflow__rosidl_typesupport_fastrtps_c.h\n'}
[1.593429] (px4_msgs) StdoutLine: {'line': b'-- Up-to-date: /home/px4/ros2/ws/install/px4_msgs/include/px4_msgs/px4_msgs/msg/detail/follow_target__rosidl_typesupport_fastrtps_c.h\n'}
[1.593625] (px4_msgs) StdoutLine: {'line': b'-- Up-to-date: /home/px4/ros2/ws/install/px4_msgs/include/px4_msgs/px4_msgs/msg/detail/goto_setpoint__rosidl_typesupport_fastrtps_c.h\n'}
[1.593737] (px4_msgs) StdoutLine: {'line': b'-- Up-to-date: /home/px4/ros2/ws/install/px4_msgs/include/px4_msgs/px4_msgs/msg/detail/adc_report__rosidl_typesupport_fastrtps_c.h\n'}
[1.593822] (px4_msgs) StdoutLine: {'line': b'-- Up-to-date: /home/px4/ros2/ws/install/px4_msgs/include/px4_msgs/px4_msgs/msg/detail/rover_rate_setpoint__rosidl_typesupport_fastrtps_c.h\n'}
[1.593902] (px4_msgs) StdoutLine: {'line': b'-- Up-to-date: /home/px4/ros2/ws/install/px4_msgs/include/px4_msgs/px4_msgs/msg/detail/mavlink_log__rosidl_typesupport_fastrtps_c.h\n'}
[1.593980] (px4_msgs) StdoutLine: {'line': b'-- Up-to-date: /home/px4/ros2/ws/install/px4_msgs/include/px4_msgs/px4_msgs/msg/detail/longitudinal_control_configuration__rosidl_typesupport_fastrtps_c.h\n'}
[1.594091] (px4_msgs) StdoutLine: {'line': b'-- Up-to-date: /home/px4/ros2/ws/install/px4_msgs/include/px4_msgs/px4_msgs/msg/detail/vehicle_local_position__rosidl_typesupport_fastrtps_c.h\n'}
[1.594172] (px4_msgs) StdoutLine: {'line': b'-- Up-to-date: /home/px4/ros2/ws/install/px4_msgs/include/px4_msgs/px4_msgs/msg/detail/position_controller_status__rosidl_typesupport_fastrtps_c.h\n'}
[1.594287] (px4_msgs) StdoutLine: {'line': b'-- Up-to-date: /home/px4/ros2/ws/install/px4_msgs/include/px4_msgs/px4_msgs/msg/detail/heater_status__rosidl_typesupport_fastrtps_c.h\n'}
[1.594393] (px4_msgs) StdoutLine: {'line': b'-- Up-to-date: /home/px4/ros2/ws/install/px4_msgs/include/px4_msgs/px4_msgs/msg/detail/failure_detector_status__rosidl_typesupport_fastrtps_c.h\n'}
[1.594474] (px4_msgs) StdoutLine: {'line': b'-- Up-to-date: /home/px4/ros2/ws/install/px4_msgs/include/px4_msgs/px4_msgs/msg/detail/parameter_set_value_request__rosidl_typesupport_fastrtps_c.h\n'}
[1.594561] (px4_msgs) StdoutLine: {'line': b'-- Up-to-date: /home/px4/ros2/ws/install/px4_msgs/include/px4_msgs/px4_msgs/msg/detail/estimator_innovations__rosidl_typesupport_fastrtps_c.h\n'}
[1.594645] (px4_msgs) StdoutLine: {'line': b'-- Up-to-date: /home/px4/ros2/ws/install/px4_msgs/include/px4_msgs/px4_msgs/msg/detail/estimator_bias3d__rosidl_typesupport_fastrtps_c.h\n'}
[1.594797] (px4_msgs) StdoutLine: {'line': b'-- Up-to-date: /home/px4/ros2/ws/install/px4_msgs/include/px4_msgs/px4_msgs/msg/detail/vehicle_angular_velocity__rosidl_typesupport_fastrtps_c.h\n'}
[1.594906] (px4_msgs) StdoutLine: {'line': b'-- Up-to-date: /home/px4/ros2/ws/install/px4_msgs/include/px4_msgs/px4_msgs/msg/detail/sensor_combined__rosidl_typesupport_fastrtps_c.h\n'}
[1.594992] (px4_msgs) StdoutLine: {'line': b'-- Up-to-date: /home/px4/ros2/ws/install/px4_msgs/include/px4_msgs/px4_msgs/msg/detail/rate_ctrl_status__rosidl_typesupport_fastrtps_c.h\n'}
[1.595105] (px4_msgs) StdoutLine: {'line': b'-- Up-to-date: /home/px4/ros2/ws/install/px4_msgs/include/px4_msgs/px4_msgs/msg/detail/mag_worker_data__rosidl_typesupport_fastrtps_c.h\n'}
[1.595184] (px4_msgs) StdoutLine: {'line': b'-- Up-to-date: /home/px4/ros2/ws/install/px4_msgs/include/px4_msgs/px4_msgs/msg/detail/uavcan_parameter_value__rosidl_typesupport_fastrtps_c.h\n'}
[1.595262] (px4_msgs) StdoutLine: {'line': b'-- Up-to-date: /home/px4/ros2/ws/install/px4_msgs/include/px4_msgs/px4_msgs/msg/detail/logger_status__rosidl_typesupport_fastrtps_c.h\n'}
[1.595342] (px4_msgs) StdoutLine: {'line': b'-- Up-to-date: /home/px4/ros2/ws/install/px4_msgs/include/px4_msgs/px4_msgs/msg/detail/actuator_motors__rosidl_typesupport_fastrtps_c.h\n'}
[1.595453] (px4_msgs) StdoutLine: {'line': b'-- Up-to-date: /home/px4/ros2/ws/install/px4_msgs/include/px4_msgs/px4_msgs/msg/detail/rc_parameter_map__rosidl_typesupport_fastrtps_c.h\n'}
[1.595541] (px4_msgs) StdoutLine: {'line': b'-- Up-to-date: /home/px4/ros2/ws/install/px4_msgs/include/px4_msgs/px4_msgs/msg/detail/message_format_request__rosidl_typesupport_fastrtps_c.h\n'}
[1.595616] (px4_msgs) StdoutLine: {'line': b'-- Up-to-date: /home/px4/ros2/ws/install/px4_msgs/include/px4_msgs/px4_msgs/msg/detail/sensor_accel_fifo__rosidl_typesupport_fastrtps_c.h\n'}
[1.595695] (px4_msgs) StdoutLine: {'line': b'-- Up-to-date: /home/px4/ros2/ws/install/px4_msgs/include/px4_msgs/px4_msgs/msg/detail/vehicle_land_detected__rosidl_typesupport_fastrtps_c.h\n'}
[1.595805] (px4_msgs) StdoutLine: {'line': b'-- Up-to-date: /home/px4/ros2/ws/install/px4_msgs/include/px4_msgs/px4_msgs/msg/detail/vehicle_optical_flow__rosidl_typesupport_fastrtps_c.h\n'}
[1.595888] (px4_msgs) StdoutLine: {'line': b'-- Up-to-date: /home/px4/ros2/ws/install/px4_msgs/include/px4_msgs/px4_msgs/msg/detail/irlock_report__rosidl_typesupport_fastrtps_c.h\n'}
[1.595968] (px4_msgs) StdoutLine: {'line': b'-- Up-to-date: /home/px4/ros2/ws/install/px4_msgs/include/px4_msgs/px4_msgs/msg/detail/fixed_wing_lateral_status__rosidl_typesupport_fastrtps_c.h\n'}
[1.596042] (px4_msgs) StdoutLine: {'line': b'-- Up-to-date: /home/px4/ros2/ws/install/px4_msgs/include/px4_msgs/px4_msgs/msg/detail/landing_gear__rosidl_typesupport_fastrtps_c.h\n'}
[1.596119] (px4_msgs) StdoutLine: {'line': b'-- Up-to-date: /home/px4/ros2/ws/install/px4_msgs/include/px4_msgs/px4_msgs/msg/detail/rover_position_setpoint__rosidl_typesupport_fastrtps_c.h\n'}
[1.596198] (px4_msgs) StdoutLine: {'line': b'-- Up-to-date: /home/px4/ros2/ws/install/px4_msgs/include/px4_msgs/px4_msgs/msg/detail/cellular_status__rosidl_typesupport_fastrtps_c.h\n'}
[1.596339] (px4_msgs) StdoutLine: {'line': b'-- Up-to-date: /home/px4/ros2/ws/install/px4_msgs/include/px4_msgs/px4_msgs/msg/detail/sensor_optical_flow__rosidl_typesupport_fastrtps_c.h\n'}
[1.596426] (px4_msgs) StdoutLine: {'line': b'-- Up-to-date: /home/px4/ros2/ws/install/px4_msgs/include/px4_msgs/px4_msgs/msg/detail/gps_inject_data__rosidl_typesupport_fastrtps_c.h\n'}
[1.596520] (px4_msgs) StdoutLine: {'line': b'-- Up-to-date: /home/px4/ros2/ws/install/px4_msgs/include/px4_msgs/px4_msgs/msg/detail/gpio_in__rosidl_typesupport_fastrtps_c.h\n'}
[1.596635] (px4_msgs) StdoutLine: {'line': b'-- Up-to-date: /home/px4/ros2/ws/install/px4_msgs/include/px4_msgs/px4_msgs/msg/detail/button_event__rosidl_typesupport_fastrtps_c.h\n'}
[1.596717] (px4_msgs) StdoutLine: {'line': b'-- Up-to-date: /home/px4/ros2/ws/install/px4_msgs/include/px4_msgs/px4_msgs/msg/detail/cpuload__rosidl_typesupport_fastrtps_c.h\n'}
[1.596820] (px4_msgs) StdoutLine: {'line': b'-- Up-to-date: /home/px4/ros2/ws/install/px4_msgs/include/px4_msgs/px4_msgs/msg/detail/estimator_status__rosidl_typesupport_fastrtps_c.h\n'}
[1.596905] (px4_msgs) StdoutLine: {'line': b'-- Up-to-date: /home/px4/ros2/ws/install/px4_msgs/include/px4_msgs/px4_msgs/msg/detail/telemetry_status__rosidl_typesupport_fastrtps_c.h\n'}
[1.596983] (px4_msgs) StdoutLine: {'line': b'-- Up-to-date: /home/px4/ros2/ws/install/px4_msgs/include/px4_msgs/px4_msgs/msg/detail/gimbal_manager_information__rosidl_typesupport_fastrtps_c.h\n'}
[1.597060] (px4_msgs) StdoutLine: {'line': b'-- Up-to-date: /home/px4/ros2/ws/install/px4_msgs/include/px4_msgs/px4_msgs/msg/detail/vehicle_control_mode__rosidl_typesupport_fastrtps_c.h\n'}
[1.597140] (px4_msgs) StdoutLine: {'line': b'-- Up-to-date: /home/px4/ros2/ws/install/px4_msgs/include/px4_msgs/px4_msgs/msg/detail/follow_target_estimator__rosidl_typesupport_fastrtps_c.h\n'}
[1.597231] (px4_msgs) StdoutLine: {'line': b'-- Up-to-date: /home/px4/ros2/ws/install/px4_msgs/include/px4_msgs/px4_msgs/msg/detail/vehicle_angular_acceleration_setpoint__rosidl_typesupport_fastrtps_c.h\n'}
[1.597304] (px4_msgs) StdoutLine: {'line': b'-- Up-to-date: /home/px4/ros2/ws/install/px4_msgs/include/px4_msgs/px4_msgs/msg/detail/sensor_baro__rosidl_typesupport_fastrtps_c.h\n'}
[1.597384] (px4_msgs) StdoutLine: {'line': b'-- Up-to-date: /home/px4/ros2/ws/install/px4_msgs/include/px4_msgs/px4_msgs/msg/detail/battery_status__rosidl_typesupport_fastrtps_c.h\n'}
[1.597463] (px4_msgs) StdoutLine: {'line': b'-- Up-to-date: /home/px4/ros2/ws/install/px4_msgs/include/px4_msgs/px4_msgs/msg/detail/register_ext_component_request__rosidl_typesupport_fastrtps_c.h\n'}
[1.597552] (px4_msgs) StdoutLine: {'line': b'-- Up-to-date: /home/px4/ros2/ws/install/px4_msgs/include/px4_msgs/px4_msgs/msg/detail/tune_control__rosidl_typesupport_fastrtps_c.h\n'}
[1.597637] (px4_msgs) StdoutLine: {'line': b'-- Up-to-date: /home/px4/ros2/ws/install/px4_msgs/include/px4_msgs/px4_msgs/msg/detail/mission_result__rosidl_typesupport_fastrtps_c.h\n'}
[1.597845] (px4_msgs) StdoutLine: {'line': b'-- Up-to-date: /home/px4/ros2/ws/install/px4_msgs/include/px4_msgs/px4_msgs/msg/detail/fuel_tank_status__rosidl_typesupport_fastrtps_c.h\n'}
[1.597928] (px4_msgs) StdoutLine: {'line': b'-- Up-to-date: /home/px4/ros2/ws/install/px4_msgs/include/px4_msgs/px4_msgs/msg/detail/airspeed__rosidl_typesupport_fastrtps_c.h\n'}
[1.598008] (px4_msgs) StdoutLine: {'line': b'-- Up-to-date: /home/px4/ros2/ws/install/px4_msgs/include/px4_msgs/px4_msgs/msg/detail/obstacle_distance__rosidl_typesupport_fastrtps_c.h\n'}
[1.598087] (px4_msgs) StdoutLine: {'line': b'-- Up-to-date: /home/px4/ros2/ws/install/px4_msgs/include/px4_msgs/px4_msgs/msg/detail/airspeed_validated__rosidl_typesupport_fastrtps_c.h\n'}
[1.598167] (px4_msgs) StdoutLine: {'line': b'-- Up-to-date: /home/px4/ros2/ws/install/px4_msgs/include/px4_msgs/px4_msgs/msg/detail/vehicle_imu__rosidl_typesupport_fastrtps_c.h\n'}
[1.598296] (px4_msgs) StdoutLine: {'line': b'-- Up-to-date: /home/px4/ros2/ws/install/px4_msgs/include/px4_msgs/px4_msgs/msg/detail/orb_test_medium__rosidl_typesupport_fastrtps_c.h\n'}
[1.598404] (px4_msgs) StdoutLine: {'line': b'-- Up-to-date: /home/px4/ros2/ws/install/px4_msgs/include/px4_msgs/px4_msgs/msg/detail/manual_control_setpoint__rosidl_typesupport_fastrtps_c.h\n'}
[1.598484] (px4_msgs) StdoutLine: {'line': b'-- Up-to-date: /home/px4/ros2/ws/install/px4_msgs/include/px4_msgs/px4_msgs/msg/detail/rover_velocity_setpoint__rosidl_typesupport_fastrtps_c.h\n'}
[1.598575] (px4_msgs) StdoutLine: {'line': b'-- Up-to-date: /home/px4/ros2/ws/install/px4_msgs/include/px4_msgs/px4_msgs/msg/detail/vehicle_global_position__rosidl_typesupport_fastrtps_c.h\n'}
[1.598704] (px4_msgs) StdoutLine: {'line': b'-- Up-to-date: /home/px4/ros2/ws/install/px4_msgs/include/px4_msgs/px4_msgs/msg/detail/debug_key_value__rosidl_typesupport_fastrtps_c.h\n'}
[1.598784] (px4_msgs) StdoutLine: {'line': b'-- Up-to-date: /home/px4/ros2/ws/install/px4_msgs/include/px4_msgs/px4_msgs/msg/detail/estimator_gps_status__rosidl_typesupport_fastrtps_c.h\n'}
[1.598890] (px4_msgs) StdoutLine: {'line': b'-- Up-to-date: /home/px4/ros2/ws/install/px4_msgs/include/px4_msgs/px4_msgs/msg/detail/sensors_status_imu__rosidl_typesupport_fastrtps_c.h\n'}
[1.598971] (px4_msgs) StdoutLine: {'line': b'-- Up-to-date: /home/px4/ros2/ws/install/px4_msgs/include/px4_msgs/px4_msgs/msg/detail/tiltrotor_extra_controls__rosidl_typesupport_fastrtps_c.h\n'}
[1.599056] (px4_msgs) StdoutLine: {'line': b'-- Up-to-date: /home/px4/ros2/ws/install/px4_msgs/include/px4_msgs/px4_msgs/msg/detail/fixed_wing_longitudinal_setpoint__rosidl_typesupport_fastrtps_c.h\n'}
[1.599158] (px4_msgs) StdoutLine: {'line': b'-- Up-to-date: /home/px4/ros2/ws/install/px4_msgs/include/px4_msgs/px4_msgs/msg/detail/log_message__rosidl_typesupport_fastrtps_c.h\n'}
[1.599278] (px4_msgs) StdoutLine: {'line': b'-- Up-to-date: /home/px4/ros2/ws/install/px4_msgs/include/px4_msgs/px4_msgs/msg/detail/rtl_time_estimate__rosidl_typesupport_fastrtps_c.h\n'}
[1.599378] (px4_msgs) StdoutLine: {'line': b'-- Up-to-date: /home/px4/ros2/ws/install/px4_msgs/include/px4_msgs/px4_msgs/msg/detail/generator_status__rosidl_typesupport_fastrtps_c.h\n'}
[1.599462] (px4_msgs) StdoutLine: {'line': b'-- Up-to-date: /home/px4/ros2/ws/install/px4_msgs/include/px4_msgs/px4_msgs/msg/detail/internal_combustion_engine_status__rosidl_typesupport_fastrtps_c.h\n'}
[1.599616] (px4_msgs) StdoutLine: {'line': b'-- Up-to-date: /home/px4/ros2/ws/install/px4_msgs/include/px4_msgs/px4_msgs/msg/detail/timesync_status__rosidl_typesupport_fastrtps_c.h\n'}
[1.599712] (px4_msgs) StdoutLine: {'line': b'-- Up-to-date: /home/px4/ros2/ws/install/px4_msgs/include/px4_msgs/px4_msgs/msg/detail/neural_control__rosidl_typesupport_fastrtps_c.h\n'}
[1.599795] (px4_msgs) StdoutLine: {'line': b'-- Up-to-date: /home/px4/ros2/ws/install/px4_msgs/include/px4_msgs/px4_msgs/msg/detail/rpm__rosidl_typesupport_fastrtps_c.h\n'}
[1.599897] (px4_msgs) StdoutLine: {'line': b'-- Up-to-date: /home/px4/ros2/ws/install/px4_msgs/include/px4_msgs/px4_msgs/msg/detail/actuator_controls_status__rosidl_typesupport_fastrtps_c.h\n'}
[1.600030] (px4_msgs) StdoutLine: {'line': b'-- Up-to-date: /home/px4/ros2/ws/install/px4_msgs/include/px4_msgs/px4_msgs/msg/detail/system_power__rosidl_typesupport_fastrtps_c.h\n'}
[1.600121] (px4_msgs) StdoutLine: {'line': b'-- Up-to-date: /home/px4/ros2/ws/install/px4_msgs/include/px4_msgs/px4_msgs/msg/detail/vehicle_roi__rosidl_typesupport_fastrtps_c.h\n'}
[1.600201] (px4_msgs) StdoutLine: {'line': b'-- Up-to-date: /home/px4/ros2/ws/install/px4_msgs/include/px4_msgs/px4_msgs/msg/detail/vehicle_command_ack__rosidl_typesupport_fastrtps_c.h\n'}
[1.600300] (px4_msgs) StdoutLine: {'line': b'-- Up-to-date: /home/px4/ros2/ws/install/px4_msgs/include/px4_msgs/px4_msgs/msg/detail/estimator_event_flags__rosidl_typesupport_fastrtps_c.h\n'}
[1.600379] (px4_msgs) StdoutLine: {'line': b'-- Up-to-date: /home/px4/ros2/ws/install/px4_msgs/include/px4_msgs/px4_msgs/msg/detail/parameter_set_used_request__rosidl_typesupport_fastrtps_c.h\n'}
[1.600521] (px4_msgs) StdoutLine: {'line': b'-- Up-to-date: /home/px4/ros2/ws/install/px4_msgs/include/px4_msgs/px4_msgs/msg/detail/esc_report__rosidl_typesupport_fastrtps_c.h\n'}
[1.600619] (px4_msgs) StdoutLine: {'line': b'-- Up-to-date: /home/px4/ros2/ws/install/px4_msgs/include/px4_msgs/px4_msgs/msg/detail/health_report__rosidl_typesupport_fastrtps_c.h\n'}
[1.600736] (px4_msgs) StdoutLine: {'line': b'-- Up-to-date: /home/px4/ros2/ws/install/px4_msgs/include/px4_msgs/px4_msgs/msg/detail/sensor_gnss_relative__rosidl_typesupport_fastrtps_c.h\n'}
[1.600822] (px4_msgs) StdoutLine: {'line': b'-- Up-to-date: /home/px4/ros2/ws/install/px4_msgs/include/px4_msgs/px4_msgs/msg/detail/camera_status__rosidl_typesupport_fastrtps_c.h\n'}
[1.600903] (px4_msgs) StdoutLine: {'line': b'-- Up-to-date: /home/px4/ros2/ws/install/px4_msgs/include/px4_msgs/px4_msgs/msg/detail/estimator_selector_status__rosidl_typesupport_fastrtps_c.h\n'}
[1.600982] (px4_msgs) StdoutLine: {'line': b'-- Up-to-date: /home/px4/ros2/ws/install/px4_msgs/include/px4_msgs/px4_msgs/msg/detail/vehicle_rates_setpoint__rosidl_typesupport_fastrtps_c.h\n'}
[1.601052] (px4_msgs) StdoutLine: {'line': b'-- Up-to-date: /home/px4/ros2/ws/install/px4_msgs/include/px4_msgs/px4_msgs/msg/detail/task_stack_info__rosidl_typesupport_fastrtps_c.h\n'}
[1.601129] (px4_msgs) StdoutLine: {'line': b'-- Up-to-date: /home/px4/ros2/ws/install/px4_msgs/include/px4_msgs/px4_msgs/msg/detail/power_monitor__rosidl_typesupport_fastrtps_c.h\n'}
[1.601206] (px4_msgs) StdoutLine: {'line': b'-- Up-to-date: /home/px4/ros2/ws/install/px4_msgs/include/px4_msgs/px4_msgs/msg/detail/vehicle_optical_flow_vel__rosidl_typesupport_fastrtps_c.h\n'}
[1.601287] (px4_msgs) StdoutLine: {'line': b'-- Up-to-date: /home/px4/ros2/ws/install/px4_msgs/include/px4_msgs/px4_msgs/msg/detail/lateral_control_configuration__rosidl_typesupport_fastrtps_c.h\n'}
[1.601365] (px4_msgs) StdoutLine: {'line': b'-- Up-to-date: /home/px4/ros2/ws/install/px4_msgs/include/px4_msgs/px4_msgs/msg/detail/estimator_aid_source1d__rosidl_typesupport_fastrtps_c.h\n'}
[1.601447] (px4_msgs) StdoutLine: {'line': b'-- Up-to-date: /home/px4/ros2/ws/install/px4_msgs/include/px4_msgs/px4_msgs/msg/detail/dataman_response__rosidl_typesupport_fastrtps_c.h\n'}
[1.601545] (px4_msgs) StdoutLine: {'line': b'-- Up-to-date: /home/px4/ros2/ws/install/px4_msgs/include/px4_msgs/px4_msgs/msg/detail/estimator_bias__rosidl_typesupport_fastrtps_c.h\n'}
[1.601627] (px4_msgs) StdoutLine: {'line': b'-- Up-to-date: /home/px4/ros2/ws/install/px4_msgs/include/px4_msgs/px4_msgs/msg/detail/input_rc__rosidl_typesupport_fastrtps_c.h\n'}
[1.601707] (px4_msgs) StdoutLine: {'line': b'-- Up-to-date: /home/px4/ros2/ws/install/px4_msgs/include/px4_msgs/px4_msgs/msg/detail/yaw_estimator_status__rosidl_typesupport_fastrtps_c.h\n'}
[1.601784] (px4_msgs) StdoutLine: {'line': b'-- Up-to-date: /home/px4/ros2/ws/install/px4_msgs/include/px4_msgs/px4_msgs/msg/detail/offboard_control_mode__rosidl_typesupport_fastrtps_c.h\n'}
[1.601862] (px4_msgs) StdoutLine: {'line': b'-- Up-to-date: /home/px4/ros2/ws/install/px4_msgs/include/px4_msgs/px4_msgs/msg/detail/geofence_status__rosidl_typesupport_fastrtps_c.h\n'}
[1.601940] (px4_msgs) StdoutLine: {'line': b'-- Up-to-date: /home/px4/ros2/ws/install/px4_msgs/include/px4_msgs/px4_msgs/msg/detail/sensor_hygrometer__rosidl_typesupport_fastrtps_c.h\n'}
[1.602016] (px4_msgs) StdoutLine: {'line': b'-- Up-to-date: /home/px4/ros2/ws/install/px4_msgs/include/px4_msgs/px4_msgs/msg/detail/satellite_info__rosidl_typesupport_fastrtps_c.h\n'}
[1.602092] (px4_msgs) StdoutLine: {'line': b'-- Up-to-date: /home/px4/ros2/ws/install/px4_msgs/include/px4_msgs/px4_msgs/msg/rosidl_typesupport_fastrtps_c__visibility_control.h\n'}
[1.602168] (px4_msgs) StdoutLine: {'line': b'-- Up-to-date: /home/px4/ros2/ws/install/px4_msgs/include/px4_msgs/px4_msgs/srv\n'}
[1.602243] (px4_msgs) StdoutLine: {'line': b'-- Up-to-date: /home/px4/ros2/ws/install/px4_msgs/include/px4_msgs/px4_msgs/srv/detail\n'}
[1.602322] (px4_msgs) StdoutLine: {'line': b'-- Up-to-date: /home/px4/ros2/ws/install/px4_msgs/include/px4_msgs/px4_msgs/srv/detail/vehicle_command__rosidl_typesupport_fastrtps_c.h\n'}
[1.602496] (px4_msgs) StdoutLine: {'line': b'-- Up-to-date: /home/px4/ros2/ws/install/px4_msgs/lib/libpx4_msgs__rosidl_typesupport_fastrtps_c.so\n'}
[1.602609] (px4_msgs) StdoutLine: {'line': b'-- Up-to-date: /home/px4/ros2/ws/install/px4_msgs/include/px4_msgs/px4_msgs\n'}
[1.602677] (px4_msgs) StdoutLine: {'line': b'-- Up-to-date: /home/px4/ros2/ws/install/px4_msgs/include/px4_msgs/px4_msgs/msg\n'}
[1.602741] (px4_msgs) StdoutLine: {'line': b'-- Up-to-date: /home/px4/ros2/ws/install/px4_msgs/include/px4_msgs/px4_msgs/msg/parameter_update.hpp\n'}
[1.602807] (px4_msgs) StdoutLine: {'line': b'-- Up-to-date: /home/px4/ros2/ws/install/px4_msgs/include/px4_msgs/px4_msgs/msg/sensor_accel_fifo.hpp\n'}
[1.602869] (px4_msgs) StdoutLine: {'line': b'-- Up-to-date: /home/px4/ros2/ws/install/px4_msgs/include/px4_msgs/px4_msgs/msg/tiltrotor_extra_controls.hpp\n'}
[1.602930] (px4_msgs) StdoutLine: {'line': b'-- Up-to-date: /home/px4/ros2/ws/install/px4_msgs/include/px4_msgs/px4_msgs/msg/debug_value.hpp\n'}
[1.603004] (px4_msgs) StdoutLine: {'line': b'-- Up-to-date: /home/px4/ros2/ws/install/px4_msgs/include/px4_msgs/px4_msgs/msg/tecs_status.hpp\n'}
[1.603064] (px4_msgs) StdoutLine: {'line': b'-- Up-to-date: /home/px4/ros2/ws/install/px4_msgs/include/px4_msgs/px4_msgs/msg/lateral_control_configuration.hpp\n'}
[1.603140] (-) TimerEvent: {}
[1.603261] (px4_msgs) StdoutLine: {'line': b'-- Up-to-date: /home/px4/ros2/ws/install/px4_msgs/include/px4_msgs/px4_msgs/msg/gripper.hpp\n'}
[1.603339] (px4_msgs) StdoutLine: {'line': b'-- Up-to-date: /home/px4/ros2/ws/install/px4_msgs/include/px4_msgs/px4_msgs/msg/vehicle_local_position_setpoint.hpp\n'}
[1.603405] (px4_msgs) StdoutLine: {'line': b'-- Up-to-date: /home/px4/ros2/ws/install/px4_msgs/include/px4_msgs/px4_msgs/msg/airspeed_validated.hpp\n'}
[1.603534] (px4_msgs) StdoutLine: {'line': b'-- Up-to-date: /home/px4/ros2/ws/install/px4_msgs/include/px4_msgs/px4_msgs/msg/velocity_limits.hpp\n'}
[1.603661] (px4_msgs) StdoutLine: {'line': b'-- Up-to-date: /home/px4/ros2/ws/install/px4_msgs/include/px4_msgs/px4_msgs/msg/qshell_retval.hpp\n'}
[1.603744] (px4_msgs) StdoutLine: {'line': b'-- Up-to-date: /home/px4/ros2/ws/install/px4_msgs/include/px4_msgs/px4_msgs/msg/navigator_mission_item.hpp\n'}
[1.603839] (px4_msgs) StdoutLine: {'line': b'-- Up-to-date: /home/px4/ros2/ws/install/px4_msgs/include/px4_msgs/px4_msgs/msg/vehicle_optical_flow_vel.hpp\n'}
[1.603899] (px4_msgs) StdoutLine: {'line': b'-- Up-to-date: /home/px4/ros2/ws/install/px4_msgs/include/px4_msgs/px4_msgs/msg/heater_status.hpp\n'}
[1.603977] (px4_msgs) StdoutLine: {'line': b'-- Up-to-date: /home/px4/ros2/ws/install/px4_msgs/include/px4_msgs/px4_msgs/msg/vehicle_thrust_setpoint.hpp\n'}
[1.604036] (px4_msgs) StdoutLine: {'line': b'-- Up-to-date: /home/px4/ros2/ws/install/px4_msgs/include/px4_msgs/px4_msgs/msg/internal_combustion_engine_control.hpp\n'}
[1.604096] (px4_msgs) StdoutLine: {'line': b'-- Up-to-date: /home/px4/ros2/ws/install/px4_msgs/include/px4_msgs/px4_msgs/msg/transponder_report.hpp\n'}
[1.604162] (px4_msgs) StdoutLine: {'line': b'-- Up-to-date: /home/px4/ros2/ws/install/px4_msgs/include/px4_msgs/px4_msgs/msg/fuel_tank_status.hpp\n'}
[1.604291] (px4_msgs) StdoutLine: {'line': b'-- Up-to-date: /home/px4/ros2/ws/install/px4_msgs/include/px4_msgs/px4_msgs/msg/uavcan_parameter_request.hpp\n'}
[1.604354] (px4_msgs) StdoutLine: {'line': b'-- Up-to-date: /home/px4/ros2/ws/install/px4_msgs/include/px4_msgs/px4_msgs/msg/position_controller_status.hpp\n'}
[1.604414] (px4_msgs) StdoutLine: {'line': b'-- Up-to-date: /home/px4/ros2/ws/install/px4_msgs/include/px4_msgs/px4_msgs/msg/onboard_computer_status.hpp\n'}
[1.604474] (px4_msgs) StdoutLine: {'line': b'-- Up-to-date: /home/px4/ros2/ws/install/px4_msgs/include/px4_msgs/px4_msgs/msg/message_format_response.hpp\n'}
[1.604560] (px4_msgs) StdoutLine: {'line': b'-- Up-to-date: /home/px4/ros2/ws/install/px4_msgs/include/px4_msgs/px4_msgs/msg/fixed_wing_lateral_setpoint.hpp\n'}
[1.604641] (px4_msgs) StdoutLine: {'line': b'-- Up-to-date: /home/px4/ros2/ws/install/px4_msgs/include/px4_msgs/px4_msgs/msg/rtl_time_estimate.hpp\n'}
[1.604701] (px4_msgs) StdoutLine: {'line': b'-- Up-to-date: /home/px4/ros2/ws/install/px4_msgs/include/px4_msgs/px4_msgs/msg/iridiumsbd_status.hpp\n'}
[1.604761] (px4_msgs) StdoutLine: {'line': b'-- Up-to-date: /home/px4/ros2/ws/install/px4_msgs/include/px4_msgs/px4_msgs/msg/rover_attitude_setpoint.hpp\n'}
[1.604849] (px4_msgs) StdoutLine: {'line': b'-- Up-to-date: /home/px4/ros2/ws/install/px4_msgs/include/px4_msgs/px4_msgs/msg/open_drone_id_system.hpp\n'}
[1.604928] (px4_msgs) StdoutLine: {'line': b'-- Up-to-date: /home/px4/ros2/ws/install/px4_msgs/include/px4_msgs/px4_msgs/msg/vehicle_attitude.hpp\n'}
[1.604988] (px4_msgs) StdoutLine: {'line': b'-- Up-to-date: /home/px4/ros2/ws/install/px4_msgs/include/px4_msgs/px4_msgs/msg/arming_check_request.hpp\n'}
[1.605048] (px4_msgs) StdoutLine: {'line': b'-- Up-to-date: /home/px4/ros2/ws/install/px4_msgs/include/px4_msgs/px4_msgs/msg/gpio_config.hpp\n'}
[1.605109] (px4_msgs) StdoutLine: {'line': b'-- Up-to-date: /home/px4/ros2/ws/install/px4_msgs/include/px4_msgs/px4_msgs/msg/sensor_gnss_relative.hpp\n'}
[1.605169] (px4_msgs) StdoutLine: {'line': b'-- Up-to-date: /home/px4/ros2/ws/install/px4_msgs/include/px4_msgs/px4_msgs/msg/sensor_gyro_fifo.hpp\n'}
[1.605279] (px4_msgs) StdoutLine: {'line': b'-- Up-to-date: /home/px4/ros2/ws/install/px4_msgs/include/px4_msgs/px4_msgs/msg/detail\n'}
[1.605367] (px4_msgs) StdoutLine: {'line': b'-- Up-to-date: /home/px4/ros2/ws/install/px4_msgs/include/px4_msgs/px4_msgs/msg/detail/neural_control__struct.hpp\n'}
[1.605450] (px4_msgs) StdoutLine: {'line': b'-- Up-to-date: /home/px4/ros2/ws/install/px4_msgs/include/px4_msgs/px4_msgs/msg/detail/estimator_bias3d__traits.hpp\n'}
[1.605526] (px4_msgs) StdoutLine: {'line': b'-- Up-to-date: /home/px4/ros2/ws/install/px4_msgs/include/px4_msgs/px4_msgs/msg/detail/parameter_set_used_request__type_support.hpp\n'}
[1.605603] (px4_msgs) StdoutLine: {'line': b'-- Up-to-date: /home/px4/ros2/ws/install/px4_msgs/include/px4_msgs/px4_msgs/msg/detail/task_stack_info__traits.hpp\n'}
[1.605705] (px4_msgs) StdoutLine: {'line': b'-- Up-to-date: /home/px4/ros2/ws/install/px4_msgs/include/px4_msgs/px4_msgs/msg/detail/estimator_bias__traits.hpp\n'}
[1.605789] (px4_msgs) StdoutLine: {'line': b'-- Up-to-date: /home/px4/ros2/ws/install/px4_msgs/include/px4_msgs/px4_msgs/msg/detail/tune_control__type_support.hpp\n'}
[1.605908] (px4_msgs) StdoutLine: {'line': b'-- Up-to-date: /home/px4/ros2/ws/install/px4_msgs/include/px4_msgs/px4_msgs/msg/detail/dronecan_node_status__builder.hpp\n'}
[1.605993] (px4_msgs) StdoutLine: {'line': b'-- Up-to-date: /home/px4/ros2/ws/install/px4_msgs/include/px4_msgs/px4_msgs/msg/detail/normalized_unsigned_setpoint__type_support.hpp\n'}
[1.606059] (px4_msgs) StdoutLine: {'line': b'-- Up-to-date: /home/px4/ros2/ws/install/px4_msgs/include/px4_msgs/px4_msgs/msg/detail/rover_attitude_status__type_support.hpp\n'}
[1.606186] (px4_msgs) StdoutLine: {'line': b'-- Up-to-date: /home/px4/ros2/ws/install/px4_msgs/include/px4_msgs/px4_msgs/msg/detail/irlock_report__traits.hpp\n'}
[1.606273] (px4_msgs) StdoutLine: {'line': b'-- Up-to-date: /home/px4/ros2/ws/install/px4_msgs/include/px4_msgs/px4_msgs/msg/detail/parameter_update__traits.hpp\n'}
[1.606333] (px4_msgs) StdoutLine: {'line': b'-- Up-to-date: /home/px4/ros2/ws/install/px4_msgs/include/px4_msgs/px4_msgs/msg/detail/estimator_aid_source3d__traits.hpp\n'}
[1.606392] (px4_msgs) StdoutLine: {'line': b'-- Up-to-date: /home/px4/ros2/ws/install/px4_msgs/include/px4_msgs/px4_msgs/msg/detail/gimbal_controls__traits.hpp\n'}
[1.606450] (px4_msgs) StdoutLine: {'line': b'-- Up-to-date: /home/px4/ros2/ws/install/px4_msgs/include/px4_msgs/px4_msgs/msg/detail/internal_combustion_engine_control__struct.hpp\n'}
[1.606580] (px4_msgs) StdoutLine: {'line': b'-- Up-to-date: /home/px4/ros2/ws/install/px4_msgs/include/px4_msgs/px4_msgs/msg/detail/sensor_preflight_mag__traits.hpp\n'}
[1.606649] (px4_msgs) StdoutLine: {'line': b'-- Up-to-date: /home/px4/ros2/ws/install/px4_msgs/include/px4_msgs/px4_msgs/msg/detail/sensor_gyro_fifo__traits.hpp\n'}
[1.606783] (px4_msgs) StdoutLine: {'line': b'-- Up-to-date: /home/px4/ros2/ws/install/px4_msgs/include/px4_msgs/px4_msgs/msg/detail/dataman_response__type_support.hpp\n'}
[1.606866] (px4_msgs) StdoutLine: {'line': b'-- Up-to-date: /home/px4/ros2/ws/install/px4_msgs/include/px4_msgs/px4_msgs/msg/detail/system_power__builder.hpp\n'}
[1.606950] (px4_msgs) StdoutLine: {'line': b'-- Up-to-date: /home/px4/ros2/ws/install/px4_msgs/include/px4_msgs/px4_msgs/msg/detail/estimator_states__builder.hpp\n'}
[1.607029] (px4_msgs) StdoutLine: {'line': b'-- Up-to-date: /home/px4/ros2/ws/install/px4_msgs/include/px4_msgs/px4_msgs/msg/detail/ping__builder.hpp\n'}
[1.607150] (px4_msgs) StdoutLine: {'line': b'-- Up-to-date: /home/px4/ros2/ws/install/px4_msgs/include/px4_msgs/px4_msgs/msg/detail/normalized_unsigned_setpoint__traits.hpp\n'}
[1.607213] (px4_msgs) StdoutLine: {'line': b'-- Up-to-date: /home/px4/ros2/ws/install/px4_msgs/include/px4_msgs/px4_msgs/msg/detail/orb_test_large__builder.hpp\n'}
[1.607292] (px4_msgs) StdoutLine: {'line': b'-- Up-to-date: /home/px4/ros2/ws/install/px4_msgs/include/px4_msgs/px4_msgs/msg/detail/gimbal_device_information__type_support.hpp\n'}
[1.607370] (px4_msgs) StdoutLine: {'line': b'-- Up-to-date: /home/px4/ros2/ws/install/px4_msgs/include/px4_msgs/px4_msgs/msg/detail/rtl_time_estimate__traits.hpp\n'}
[1.607447] (px4_msgs) StdoutLine: {'line': b'-- Up-to-date: /home/px4/ros2/ws/install/px4_msgs/include/px4_msgs/px4_msgs/msg/detail/sensor_accel_fifo__struct.hpp\n'}
[1.607539] (px4_msgs) StdoutLine: {'line': b'-- Up-to-date: /home/px4/ros2/ws/install/px4_msgs/include/px4_msgs/px4_msgs/msg/detail/estimator_bias__builder.hpp\n'}
[1.607668] (px4_msgs) StdoutLine: {'line': b'-- Up-to-date: /home/px4/ros2/ws/install/px4_msgs/include/px4_msgs/px4_msgs/msg/detail/estimator_status_flags__type_support.hpp\n'}
[1.607750] (px4_msgs) StdoutLine: {'line': b'-- Up-to-date: /home/px4/ros2/ws/install/px4_msgs/include/px4_msgs/px4_msgs/msg/detail/vehicle_angular_acceleration_setpoint__struct.hpp\n'}
[1.607831] (px4_msgs) StdoutLine: {'line': b'-- Up-to-date: /home/px4/ros2/ws/install/px4_msgs/include/px4_msgs/px4_msgs/msg/detail/generator_status__type_support.hpp\n'}
[1.607900] (px4_msgs) StdoutLine: {'line': b'-- Up-to-date: /home/px4/ros2/ws/install/px4_msgs/include/px4_msgs/px4_msgs/msg/detail/launch_detection_status__type_support.hpp\n'}
[1.608008] (px4_msgs) StdoutLine: {'line': b'-- Up-to-date: /home/px4/ros2/ws/install/px4_msgs/include/px4_msgs/px4_msgs/msg/detail/takeoff_status__traits.hpp\n'}
[1.608089] (px4_msgs) StdoutLine: {'line': b'-- Up-to-date: /home/px4/ros2/ws/install/px4_msgs/include/px4_msgs/px4_msgs/msg/detail/orb_test_medium__type_support.hpp\n'}
[1.608162] (px4_msgs) StdoutLine: {'line': b'-- Up-to-date: /home/px4/ros2/ws/install/px4_msgs/include/px4_msgs/px4_msgs/msg/detail/sensor_combined__traits.hpp\n'}
[1.608282] (px4_msgs) StdoutLine: {'line': b'-- Up-to-date: /home/px4/ros2/ws/install/px4_msgs/include/px4_msgs/px4_msgs/msg/detail/mission_result__type_support.hpp\n'}
[1.608356] (px4_msgs) StdoutLine: {'line': b'-- Up-to-date: /home/px4/ros2/ws/install/px4_msgs/include/px4_msgs/px4_msgs/msg/detail/open_drone_id_self_id__struct.hpp\n'}
[1.608436] (px4_msgs) StdoutLine: {'line': b'-- Up-to-date: /home/px4/ros2/ws/install/px4_msgs/include/px4_msgs/px4_msgs/msg/detail/failsafe_flags__struct.hpp\n'}
[1.608530] (px4_msgs) StdoutLine: {'line': b'-- Up-to-date: /home/px4/ros2/ws/install/px4_msgs/include/px4_msgs/px4_msgs/msg/detail/sensor_combined__builder.hpp\n'}
[1.608622] (px4_msgs) StdoutLine: {'line': b'-- Up-to-date: /home/px4/ros2/ws/install/px4_msgs/include/px4_msgs/px4_msgs/msg/detail/onboard_computer_status__traits.hpp\n'}
[1.608726] (px4_msgs) StdoutLine: {'line': b'-- Up-to-date: /home/px4/ros2/ws/install/px4_msgs/include/px4_msgs/px4_msgs/msg/detail/navigator_status__type_support.hpp\n'}
[1.608853] (px4_msgs) StdoutLine: {'line': b'-- Up-to-date: /home/px4/ros2/ws/install/px4_msgs/include/px4_msgs/px4_msgs/msg/detail/battery_status__traits.hpp\n'}
[1.609011] (px4_msgs) StdoutLine: {'line': b'-- Up-to-date: /home/px4/ros2/ws/install/px4_msgs/include/px4_msgs/px4_msgs/msg/detail/estimator_status__builder.hpp\n'}
[1.609108] (px4_msgs) StdoutLine: {'line': b'-- Up-to-date: /home/px4/ros2/ws/install/px4_msgs/include/px4_msgs/px4_msgs/msg/detail/vehicle_magnetometer__builder.hpp\n'}
[1.609189] (px4_msgs) StdoutLine: {'line': b'-- Up-to-date: /home/px4/ros2/ws/install/px4_msgs/include/px4_msgs/px4_msgs/msg/detail/sensor_preflight_mag__struct.hpp\n'}
[1.609267] (px4_msgs) StdoutLine: {'line': b'-- Up-to-date: /home/px4/ros2/ws/install/px4_msgs/include/px4_msgs/px4_msgs/msg/detail/lateral_control_configuration__traits.hpp\n'}
[1.609499] (px4_msgs) StdoutLine: {'line': b'-- Up-to-date: /home/px4/ros2/ws/install/px4_msgs/include/px4_msgs/px4_msgs/msg/detail/mavlink_tunnel__builder.hpp\n'}
[1.609747] (px4_msgs) StdoutLine: {'line': b'-- Up-to-date: /home/px4/ros2/ws/install/px4_msgs/include/px4_msgs/px4_msgs/msg/detail/estimator_aid_source1d__struct.hpp\n'}
[1.609910] (px4_msgs) StdoutLine: {'line': b'-- Up-to-date: /home/px4/ros2/ws/install/px4_msgs/include/px4_msgs/px4_msgs/msg/detail/iridiumsbd_status__struct.hpp\n'}
[1.610022] (px4_msgs) StdoutLine: {'line': b'-- Up-to-date: /home/px4/ros2/ws/install/px4_msgs/include/px4_msgs/px4_msgs/msg/detail/parameter_set_value_request__struct.hpp\n'}
[1.610143] (px4_msgs) StdoutLine: {'line': b'-- Up-to-date: /home/px4/ros2/ws/install/px4_msgs/include/px4_msgs/px4_msgs/msg/detail/position_controller_landing_status__struct.hpp\n'}
[1.610272] (px4_msgs) StdoutLine: {'line': b'-- Up-to-date: /home/px4/ros2/ws/install/px4_msgs/include/px4_msgs/px4_msgs/msg/detail/ekf2_timestamps__traits.hpp\n'}
[1.610349] (px4_msgs) StdoutLine: {'line': b'-- Up-to-date: /home/px4/ros2/ws/install/px4_msgs/include/px4_msgs/px4_msgs/msg/detail/parameter_reset_request__struct.hpp\n'}
[1.610431] (px4_msgs) StdoutLine: {'line': b'-- Up-to-date: /home/px4/ros2/ws/install/px4_msgs/include/px4_msgs/px4_msgs/msg/detail/rover_rate_setpoint__struct.hpp\n'}
[1.610563] (px4_msgs) StdoutLine: {'line': b'-- Up-to-date: /home/px4/ros2/ws/install/px4_msgs/include/px4_msgs/px4_msgs/msg/detail/power_button_state__builder.hpp\n'}
[1.610705] (px4_msgs) StdoutLine: {'line': b'-- Up-to-date: /home/px4/ros2/ws/install/px4_msgs/include/px4_msgs/px4_msgs/msg/detail/gimbal_manager_set_attitude__type_support.hpp\n'}
[1.610846] (px4_msgs) StdoutLine: {'line': b'-- Up-to-date: /home/px4/ros2/ws/install/px4_msgs/include/px4_msgs/px4_msgs/msg/detail/parameter_set_value_response__builder.hpp\n'}
[1.610937] (px4_msgs) StdoutLine: {'line': b'-- Up-to-date: /home/px4/ros2/ws/install/px4_msgs/include/px4_msgs/px4_msgs/msg/detail/rover_position_setpoint__struct.hpp\n'}
[1.611024] (px4_msgs) StdoutLine: {'line': b'-- Up-to-date: /home/px4/ros2/ws/install/px4_msgs/include/px4_msgs/px4_msgs/msg/detail/sensor_accel__type_support.hpp\n'}
[1.611109] (px4_msgs) StdoutLine: {'line': b'-- Up-to-date: /home/px4/ros2/ws/install/px4_msgs/include/px4_msgs/px4_msgs/msg/detail/estimator_aid_source2d__builder.hpp\n'}
[1.611219] (px4_msgs) StdoutLine: {'line': b'-- Up-to-date: /home/px4/ros2/ws/install/px4_msgs/include/px4_msgs/px4_msgs/msg/detail/obstacle_distance__traits.hpp\n'}
[1.611301] (px4_msgs) StdoutLine: {'line': b'-- Up-to-date: /home/px4/ros2/ws/install/px4_msgs/include/px4_msgs/px4_msgs/msg/detail/power_monitor__struct.hpp\n'}
[1.611380] (px4_msgs) StdoutLine: {'line': b'-- Up-to-date: /home/px4/ros2/ws/install/px4_msgs/include/px4_msgs/px4_msgs/msg/detail/trajectory_setpoint6dof__type_support.hpp\n'}
[1.611459] (px4_msgs) StdoutLine: {'line': b'-- Up-to-date: /home/px4/ros2/ws/install/px4_msgs/include/px4_msgs/px4_msgs/msg/detail/launch_detection_status__struct.hpp\n'}
[1.611550] (px4_msgs) StdoutLine: {'line': b'-- Up-to-date: /home/px4/ros2/ws/install/px4_msgs/include/px4_msgs/px4_msgs/msg/detail/navigator_status__traits.hpp\n'}
[1.611681] (px4_msgs) StdoutLine: {'line': b'-- Up-to-date: /home/px4/ros2/ws/install/px4_msgs/include/px4_msgs/px4_msgs/msg/detail/airspeed_validated__struct.hpp\n'}
[1.611798] (px4_msgs) StdoutLine: {'line': b'-- Up-to-date: /home/px4/ros2/ws/install/px4_msgs/include/px4_msgs/px4_msgs/msg/detail/onboard_computer_status__struct.hpp\n'}
[1.611885] (px4_msgs) StdoutLine: {'line': b'-- Up-to-date: /home/px4/ros2/ws/install/px4_msgs/include/px4_msgs/px4_msgs/msg/detail/autotune_attitude_control_status__struct.hpp\n'}
[1.611966] (px4_msgs) StdoutLine: {'line': b'-- Up-to-date: /home/px4/ros2/ws/install/px4_msgs/include/px4_msgs/px4_msgs/msg/detail/estimator_bias3d__struct.hpp\n'}
[1.612035] (px4_msgs) StdoutLine: {'line': b'-- Up-to-date: /home/px4/ros2/ws/install/px4_msgs/include/px4_msgs/px4_msgs/msg/detail/actuator_outputs__struct.hpp\n'}
[1.612113] (px4_msgs) StdoutLine: {'line': b'-- Up-to-date: /home/px4/ros2/ws/install/px4_msgs/include/px4_msgs/px4_msgs/msg/detail/orb_test__builder.hpp\n'}
[1.612189] (px4_msgs) StdoutLine: {'line': b'-- Up-to-date: /home/px4/ros2/ws/install/px4_msgs/include/px4_msgs/px4_msgs/msg/detail/transponder_report__traits.hpp\n'}
[1.612266] (px4_msgs) StdoutLine: {'line': b'-- Up-to-date: /home/px4/ros2/ws/install/px4_msgs/include/px4_msgs/px4_msgs/msg/detail/actuator_outputs__builder.hpp\n'}
[1.612404] (px4_msgs) StdoutLine: {'line': b'-- Up-to-date: /home/px4/ros2/ws/install/px4_msgs/include/px4_msgs/px4_msgs/msg/detail/rover_position_setpoint__builder.hpp\n'}
[1.612487] (px4_msgs) StdoutLine: {'line': b'-- Up-to-date: /home/px4/ros2/ws/install/px4_msgs/include/px4_msgs/px4_msgs/msg/detail/camera_trigger__struct.hpp\n'}
[1.612599] (px4_msgs) StdoutLine: {'line': b'-- Up-to-date: /home/px4/ros2/ws/install/px4_msgs/include/px4_msgs/px4_msgs/msg/detail/tecs_status__struct.hpp\n'}
[1.612677] (px4_msgs) StdoutLine: {'line': b'-- Up-to-date: /home/px4/ros2/ws/install/px4_msgs/include/px4_msgs/px4_msgs/msg/detail/rtl_status__traits.hpp\n'}
[1.612753] (px4_msgs) StdoutLine: {'line': b'-- Up-to-date: /home/px4/ros2/ws/install/px4_msgs/include/px4_msgs/px4_msgs/msg/detail/distance_sensor_mode_change_request__traits.hpp\n'}
[1.612890] (px4_msgs) StdoutLine: {'line': b'-- Up-to-date: /home/px4/ros2/ws/install/px4_msgs/include/px4_msgs/px4_msgs/msg/detail/uavcan_parameter_value__type_support.hpp\n'}
[1.613017] (px4_msgs) StdoutLine: {'line': b'-- Up-to-date: /home/px4/ros2/ws/install/px4_msgs/include/px4_msgs/px4_msgs/msg/detail/sensors_status__type_support.hpp\n'}
[1.613191] (px4_msgs) StdoutLine: {'line': b'-- Up-to-date: /home/px4/ros2/ws/install/px4_msgs/include/px4_msgs/px4_msgs/msg/detail/gpio_request__traits.hpp\n'}
[1.613311] (px4_msgs) StdoutLine: {'line': b'-- Up-to-date: /home/px4/ros2/ws/install/px4_msgs/include/px4_msgs/px4_msgs/msg/detail/distance_sensor_mode_change_request__type_support.hpp\n'}
[1.613404] (px4_msgs) StdoutLine: {'line': b'-- Up-to-date: /home/px4/ros2/ws/install/px4_msgs/include/px4_msgs/px4_msgs/msg/detail/orb_test__struct.hpp\n'}
[1.613508] (px4_msgs) StdoutLine: {'line': b'-- Up-to-date: /home/px4/ros2/ws/install/px4_msgs/include/px4_msgs/px4_msgs/msg/detail/rtl_time_estimate__builder.hpp\n'}
[1.613735] (px4_msgs) StdoutLine: {'line': b'-- Up-to-date: /home/px4/ros2/ws/install/px4_msgs/include/px4_msgs/px4_msgs/msg/detail/vehicle_constraints__struct.hpp\n'}
[1.613944] (px4_msgs) StdoutLine: {'line': b'-- Up-to-date: /home/px4/ros2/ws/install/px4_msgs/include/px4_msgs/px4_msgs/msg/detail/rpm__type_support.hpp\n'}
[1.614032] (px4_msgs) StdoutLine: {'line': b'-- Up-to-date: /home/px4/ros2/ws/install/px4_msgs/include/px4_msgs/px4_msgs/msg/detail/geofence_result__type_support.hpp\n'}
[1.614113] (px4_msgs) StdoutLine: {'line': b'-- Up-to-date: /home/px4/ros2/ws/install/px4_msgs/include/px4_msgs/px4_msgs/msg/detail/internal_combustion_engine_control__traits.hpp\n'}
[1.614243] (px4_msgs) StdoutLine: {'line': b'-- Up-to-date: /home/px4/ros2/ws/install/px4_msgs/include/px4_msgs/px4_msgs/msg/detail/config_overrides__struct.hpp\n'}
[1.614331] (px4_msgs) StdoutLine: {'line': b'-- Up-to-date: /home/px4/ros2/ws/install/px4_msgs/include/px4_msgs/px4_msgs/msg/detail/uavcan_parameter_request__traits.hpp\n'}
[1.614458] (px4_msgs) StdoutLine: {'line': b'-- Up-to-date: /home/px4/ros2/ws/install/px4_msgs/include/px4_msgs/px4_msgs/msg/detail/offboard_control_mode__builder.hpp\n'}
[1.614549] (px4_msgs) StdoutLine: {'line': b'-- Up-to-date: /home/px4/ros2/ws/install/px4_msgs/include/px4_msgs/px4_msgs/msg/detail/orb_test_large__struct.hpp\n'}
[1.614705] (px4_msgs) StdoutLine: {'line': b'-- Up-to-date: /home/px4/ros2/ws/install/px4_msgs/include/px4_msgs/px4_msgs/msg/detail/config_overrides__type_support.hpp\n'}
[1.614820] (px4_msgs) StdoutLine: {'line': b'-- Up-to-date: /home/px4/ros2/ws/install/px4_msgs/include/px4_msgs/px4_msgs/msg/detail/message_format_response__traits.hpp\n'}
[1.614920] (px4_msgs) StdoutLine: {'line': b'-- Up-to-date: /home/px4/ros2/ws/install/px4_msgs/include/px4_msgs/px4_msgs/msg/detail/internal_combustion_engine_control__builder.hpp\n'}
[1.615009] (px4_msgs) StdoutLine: {'line': b'-- Up-to-date: /home/px4/ros2/ws/install/px4_msgs/include/px4_msgs/px4_msgs/msg/detail/estimator_aid_source2d__traits.hpp\n'}
[1.615185] (px4_msgs) StdoutLine: {'line': b'-- Up-to-date: /home/px4/ros2/ws/install/px4_msgs/include/px4_msgs/px4_msgs/msg/detail/offboard_control_mode__struct.hpp\n'}
[1.615331] (px4_msgs) StdoutLine: {'line': b'-- Up-to-date: /home/px4/ros2/ws/install/px4_msgs/include/px4_msgs/px4_msgs/msg/detail/log_message__struct.hpp\n'}
[1.615529] (px4_msgs) StdoutLine: {'line': b'-- Up-to-date: /home/px4/ros2/ws/install/px4_msgs/include/px4_msgs/px4_msgs/msg/detail/figure_eight_status__traits.hpp\n'}
[1.615762] (px4_msgs) StdoutLine: {'line': b'-- Up-to-date: /home/px4/ros2/ws/install/px4_msgs/include/px4_msgs/px4_msgs/msg/detail/failure_detector_status__builder.hpp\n'}
[1.615881] (px4_msgs) StdoutLine: {'line': b'-- Up-to-date: /home/px4/ros2/ws/install/px4_msgs/include/px4_msgs/px4_msgs/msg/detail/navigator_status__struct.hpp\n'}
[1.615994] (px4_msgs) StdoutLine: {'line': b'-- Up-to-date: /home/px4/ros2/ws/install/px4_msgs/include/px4_msgs/px4_msgs/msg/detail/parameter_set_value_response__type_support.hpp\n'}
[1.616122] (px4_msgs) StdoutLine: {'line': b'-- Up-to-date: /home/px4/ros2/ws/install/px4_msgs/include/px4_msgs/px4_msgs/msg/detail/estimator_bias__type_support.hpp\n'}
[1.616338] (px4_msgs) StdoutLine: {'line': b'-- Up-to-date: /home/px4/ros2/ws/install/px4_msgs/include/px4_msgs/px4_msgs/msg/detail/gps_inject_data__traits.hpp\n'}
[1.616442] (px4_msgs) StdoutLine: {'line': b'-- Up-to-date: /home/px4/ros2/ws/install/px4_msgs/include/px4_msgs/px4_msgs/msg/detail/vehicle_attitude_setpoint__type_support.hpp\n'}
[1.616651] (px4_msgs) StdoutLine: {'line': b'-- Up-to-date: /home/px4/ros2/ws/install/px4_msgs/include/px4_msgs/px4_msgs/msg/detail/rover_velocity_status__type_support.hpp\n'}
[1.616803] (px4_msgs) StdoutLine: {'line': b'-- Up-to-date: /home/px4/ros2/ws/install/px4_msgs/include/px4_msgs/px4_msgs/msg/detail/gimbal_device_set_attitude__struct.hpp\n'}
[1.616907] (px4_msgs) StdoutLine: {'line': b'-- Up-to-date: /home/px4/ros2/ws/install/px4_msgs/include/px4_msgs/px4_msgs/msg/detail/vehicle_angular_acceleration_setpoint__type_support.hpp\n'}
[1.617065] (px4_msgs) StdoutLine: {'line': b'-- Up-to-date: /home/px4/ros2/ws/install/px4_msgs/include/px4_msgs/px4_msgs/msg/detail/landing_gear_wheel__type_support.hpp\n'}
[1.617184] (px4_msgs) StdoutLine: {'line': b'-- Up-to-date: /home/px4/ros2/ws/install/px4_msgs/include/px4_msgs/px4_msgs/msg/detail/manual_control_setpoint__type_support.hpp\n'}
[1.617275] (px4_msgs) StdoutLine: {'line': b'-- Up-to-date: /home/px4/ros2/ws/install/px4_msgs/include/px4_msgs/px4_msgs/msg/detail/vehicle_command__type_support.hpp\n'}
[1.617388] (px4_msgs) StdoutLine: {'line': b'-- Up-to-date: /home/px4/ros2/ws/install/px4_msgs/include/px4_msgs/px4_msgs/msg/detail/follow_target_estimator__struct.hpp\n'}
[1.617474] (px4_msgs) StdoutLine: {'line': b'-- Up-to-date: /home/px4/ros2/ws/install/px4_msgs/include/px4_msgs/px4_msgs/msg/detail/gimbal_manager_status__traits.hpp\n'}
[1.617885] (px4_msgs) StdoutLine: {'line': b'-- Up-to-date: /home/px4/ros2/ws/install/px4_msgs/include/px4_msgs/px4_msgs/msg/detail/radio_status__struct.hpp\n'}
[1.618040] (px4_msgs) StdoutLine: {'line': b'-- Up-to-date: /home/px4/ros2/ws/install/px4_msgs/include/px4_msgs/px4_msgs/msg/detail/sensor_airflow__type_support.hpp\n'}
[1.618137] (px4_msgs) StdoutLine: {'line': b'-- Up-to-date: /home/px4/ros2/ws/install/px4_msgs/include/px4_msgs/px4_msgs/msg/detail/landing_target_pose__struct.hpp\n'}
[1.618224] (px4_msgs) StdoutLine: {'line': b'-- Up-to-date: /home/px4/ros2/ws/install/px4_msgs/include/px4_msgs/px4_msgs/msg/detail/actuator_controls_status__traits.hpp\n'}
[1.618309] (px4_msgs) StdoutLine: {'line': b'-- Up-to-date: /home/px4/ros2/ws/install/px4_msgs/include/px4_msgs/px4_msgs/msg/detail/vehicle_control_mode__type_support.hpp\n'}
[1.618509] (px4_msgs) StdoutLine: {'line': b'-- Up-to-date: /home/px4/ros2/ws/install/px4_msgs/include/px4_msgs/px4_msgs/msg/detail/rover_velocity_status__traits.hpp\n'}
[1.618667] (px4_msgs) StdoutLine: {'line': b'-- Up-to-date: /home/px4/ros2/ws/install/px4_msgs/include/px4_msgs/px4_msgs/msg/detail/gimbal_manager_set_manual_control__type_support.hpp\n'}
[1.618760] (px4_msgs) StdoutLine: {'line': b'-- Up-to-date: /home/px4/ros2/ws/install/px4_msgs/include/px4_msgs/px4_msgs/msg/detail/actuator_controls_status__type_support.hpp\n'}
[1.618847] (px4_msgs) StdoutLine: {'line': b'-- Up-to-date: /home/px4/ros2/ws/install/px4_msgs/include/px4_msgs/px4_msgs/msg/detail/rover_throttle_setpoint__type_support.hpp\n'}
[1.618932] (px4_msgs) StdoutLine: {'line': b'-- Up-to-date: /home/px4/ros2/ws/install/px4_msgs/include/px4_msgs/px4_msgs/msg/detail/estimator_bias__struct.hpp\n'}
[1.619016] (px4_msgs) StdoutLine: {'line': b'-- Up-to-date: /home/px4/ros2/ws/install/px4_msgs/include/px4_msgs/px4_msgs/msg/detail/vehicle_local_position__struct.hpp\n'}
[1.619103] (px4_msgs) StdoutLine: {'line': b'-- Up-to-date: /home/px4/ros2/ws/install/px4_msgs/include/px4_msgs/px4_msgs/msg/detail/fixed_wing_lateral_guidance_status__builder.hpp\n'}
[1.619182] (px4_msgs) StdoutLine: {'line': b'-- Up-to-date: /home/px4/ros2/ws/install/px4_msgs/include/px4_msgs/px4_msgs/msg/detail/uavcan_parameter_value__struct.hpp\n'}
[1.619326] (px4_msgs) StdoutLine: {'line': b'-- Up-to-date: /home/px4/ros2/ws/install/px4_msgs/include/px4_msgs/px4_msgs/msg/detail/open_drone_id_self_id__builder.hpp\n'}
[1.619414] (px4_msgs) StdoutLine: {'line': b'-- Up-to-date: /home/px4/ros2/ws/install/px4_msgs/include/px4_msgs/px4_msgs/msg/detail/qshell_req__builder.hpp\n'}
[1.619505] (px4_msgs) StdoutLine: {'line': b'-- Up-to-date: /home/px4/ros2/ws/install/px4_msgs/include/px4_msgs/px4_msgs/msg/detail/vehicle_thrust_setpoint__traits.hpp\n'}
[1.619701] (px4_msgs) StdoutLine: {'line': b'-- Up-to-date: /home/px4/ros2/ws/install/px4_msgs/include/px4_msgs/px4_msgs/msg/detail/mode_completed__traits.hpp\n'}
[1.619774] (px4_msgs) StdoutLine: {'line': b'-- Up-to-date: /home/px4/ros2/ws/install/px4_msgs/include/px4_msgs/px4_msgs/msg/detail/adc_report__type_support.hpp\n'}
[1.619894] (px4_msgs) StdoutLine: {'line': b'-- Up-to-date: /home/px4/ros2/ws/install/px4_msgs/include/px4_msgs/px4_msgs/msg/detail/battery_info__traits.hpp\n'}
[1.619972] (px4_msgs) StdoutLine: {'line': b'-- Up-to-date: /home/px4/ros2/ws/install/px4_msgs/include/px4_msgs/px4_msgs/msg/detail/rtl_status__struct.hpp\n'}
[1.620078] (px4_msgs) StdoutLine: {'line': b'-- Up-to-date: /home/px4/ros2/ws/install/px4_msgs/include/px4_msgs/px4_msgs/msg/detail/parameter_reset_request__type_support.hpp\n'}
[1.620161] (px4_msgs) StdoutLine: {'line': b'-- Up-to-date: /home/px4/ros2/ws/install/px4_msgs/include/px4_msgs/px4_msgs/msg/detail/iridiumsbd_status__type_support.hpp\n'}
[1.620242] (px4_msgs) StdoutLine: {'line': b'-- Up-to-date: /home/px4/ros2/ws/install/px4_msgs/include/px4_msgs/px4_msgs/msg/detail/follow_target_status__type_support.hpp\n'}
[1.620320] (px4_msgs) StdoutLine: {'line': b'-- Up-to-date: /home/px4/ros2/ws/install/px4_msgs/include/px4_msgs/px4_msgs/msg/detail/sensor_baro__traits.hpp\n'}
[1.620398] (px4_msgs) StdoutLine: {'line': b'-- Up-to-date: /home/px4/ros2/ws/install/px4_msgs/include/px4_msgs/px4_msgs/msg/detail/obstacle_distance__builder.hpp\n'}
[1.620507] (px4_msgs) StdoutLine: {'line': b'-- Up-to-date: /home/px4/ros2/ws/install/px4_msgs/include/px4_msgs/px4_msgs/msg/detail/esc_status__traits.hpp\n'}
[1.620667] (px4_msgs) StdoutLine: {'line': b'-- Up-to-date: /home/px4/ros2/ws/install/px4_msgs/include/px4_msgs/px4_msgs/msg/detail/open_drone_id_arm_status__type_support.hpp\n'}
[1.620752] (px4_msgs) StdoutLine: {'line': b'-- Up-to-date: /home/px4/ros2/ws/install/px4_msgs/include/px4_msgs/px4_msgs/msg/detail/estimator_aid_source2d__struct.hpp\n'}
[1.620832] (px4_msgs) StdoutLine: {'line': b'-- Up-to-date: /home/px4/ros2/ws/install/px4_msgs/include/px4_msgs/px4_msgs/msg/detail/tecs_status__type_support.hpp\n'}
[1.620911] (px4_msgs) StdoutLine: {'line': b'-- Up-to-date: /home/px4/ros2/ws/install/px4_msgs/include/px4_msgs/px4_msgs/msg/detail/gimbal_device_attitude_status__struct.hpp\n'}
[1.620991] (px4_msgs) StdoutLine: {'line': b'-- Up-to-date: /home/px4/ros2/ws/install/px4_msgs/include/px4_msgs/px4_msgs/msg/detail/button_event__traits.hpp\n'}
[1.621060] (px4_msgs) StdoutLine: {'line': b'-- Up-to-date: /home/px4/ros2/ws/install/px4_msgs/include/px4_msgs/px4_msgs/msg/detail/action_request__type_support.hpp\n'}
[1.621126] (px4_msgs) StdoutLine: {'line': b'-- Up-to-date: /home/px4/ros2/ws/install/px4_msgs/include/px4_msgs/px4_msgs/msg/detail/sensor_preflight_mag__type_support.hpp\n'}
[1.621261] (px4_msgs) StdoutLine: {'line': b'-- Up-to-date: /home/px4/ros2/ws/install/px4_msgs/include/px4_msgs/px4_msgs/msg/detail/longitudinal_control_configuration__type_support.hpp\n'}
[1.621346] (px4_msgs) StdoutLine: {'line': b'-- Up-to-date: /home/px4/ros2/ws/install/px4_msgs/include/px4_msgs/px4_msgs/msg/detail/sensor_selection__type_support.hpp\n'}
[1.621425] (px4_msgs) StdoutLine: {'line': b'-- Up-to-date: /home/px4/ros2/ws/install/px4_msgs/include/px4_msgs/px4_msgs/msg/detail/mag_worker_data__traits.hpp\n'}
[1.621520] (px4_msgs) StdoutLine: {'line': b'-- Up-to-date: /home/px4/ros2/ws/install/px4_msgs/include/px4_msgs/px4_msgs/msg/detail/radio_status__traits.hpp\n'}
[1.621653] (px4_msgs) StdoutLine: {'line': b'-- Up-to-date: /home/px4/ros2/ws/install/px4_msgs/include/px4_msgs/px4_msgs/msg/detail/trajectory_setpoint6dof__builder.hpp\n'}
[1.621734] (px4_msgs) StdoutLine: {'line': b'-- Up-to-date: /home/px4/ros2/ws/install/px4_msgs/include/px4_msgs/px4_msgs/msg/detail/estimator_innovations__struct.hpp\n'}
[1.621880] (px4_msgs) StdoutLine: {'line': b'-- Up-to-date: /home/px4/ros2/ws/install/px4_msgs/include/px4_msgs/px4_msgs/msg/detail/transponder_report__type_support.hpp\n'}
[1.621964] (px4_msgs) StdoutLine: {'line': b'-- Up-to-date: /home/px4/ros2/ws/install/px4_msgs/include/px4_msgs/px4_msgs/msg/detail/distance_sensor__struct.hpp\n'}
[1.622072] (px4_msgs) StdoutLine: {'line': b'-- Up-to-date: /home/px4/ros2/ws/install/px4_msgs/include/px4_msgs/px4_msgs/msg/detail/navigator_mission_item__builder.hpp\n'}
[1.622159] (px4_msgs) StdoutLine: {'line': b'-- Up-to-date: /home/px4/ros2/ws/install/px4_msgs/include/px4_msgs/px4_msgs/msg/detail/qshell_retval__type_support.hpp\n'}
[1.622236] (px4_msgs) StdoutLine: {'line': b'-- Up-to-date: /home/px4/ros2/ws/install/px4_msgs/include/px4_msgs/px4_msgs/msg/detail/gps_dump__traits.hpp\n'}
[1.622336] (px4_msgs) StdoutLine: {'line': b'-- Up-to-date: /home/px4/ros2/ws/install/px4_msgs/include/px4_msgs/px4_msgs/msg/detail/vehicle_global_position__type_support.hpp\n'}
[1.622440] (px4_msgs) StdoutLine: {'line': b'-- Up-to-date: /home/px4/ros2/ws/install/px4_msgs/include/px4_msgs/px4_msgs/msg/detail/vtol_vehicle_status__struct.hpp\n'}
[1.622538] (px4_msgs) StdoutLine: {'line': b'-- Up-to-date: /home/px4/ros2/ws/install/px4_msgs/include/px4_msgs/px4_msgs/msg/detail/logger_status__type_support.hpp\n'}
[1.622680] (px4_msgs) StdoutLine: {'line': b'-- Up-to-date: /home/px4/ros2/ws/install/px4_msgs/include/px4_msgs/px4_msgs/msg/detail/estimator_aid_source2d__type_support.hpp\n'}
[1.622805] (px4_msgs) StdoutLine: {'line': b'-- Up-to-date: /home/px4/ros2/ws/install/px4_msgs/include/px4_msgs/px4_msgs/msg/detail/esc_status__builder.hpp\n'}
[1.622910] (px4_msgs) StdoutLine: {'line': b'-- Up-to-date: /home/px4/ros2/ws/install/px4_msgs/include/px4_msgs/px4_msgs/msg/detail/follow_target__builder.hpp\n'}
[1.622981] (px4_msgs) StdoutLine: {'line': b'-- Up-to-date: /home/px4/ros2/ws/install/px4_msgs/include/px4_msgs/px4_msgs/msg/detail/pwm_input__struct.hpp\n'}
[1.623076] (px4_msgs) StdoutLine: {'line': b'-- Up-to-date: /home/px4/ros2/ws/install/px4_msgs/include/px4_msgs/px4_msgs/msg/detail/dataman_request__traits.hpp\n'}
[1.623155] (px4_msgs) StdoutLine: {'line': b'-- Up-to-date: /home/px4/ros2/ws/install/px4_msgs/include/px4_msgs/px4_msgs/msg/detail/follow_target_estimator__builder.hpp\n'}
[1.623253] (px4_msgs) StdoutLine: {'line': b'-- Up-to-date: /home/px4/ros2/ws/install/px4_msgs/include/px4_msgs/px4_msgs/msg/detail/tune_control__builder.hpp\n'}
[1.623320] (px4_msgs) StdoutLine: {'line': b'-- Up-to-date: /home/px4/ros2/ws/install/px4_msgs/include/px4_msgs/px4_msgs/msg/detail/gpio_config__traits.hpp\n'}
[1.623388] (px4_msgs) StdoutLine: {'line': b'-- Up-to-date: /home/px4/ros2/ws/install/px4_msgs/include/px4_msgs/px4_msgs/msg/detail/airspeed__type_support.hpp\n'}
[1.623466] (px4_msgs) StdoutLine: {'line': b'-- Up-to-date: /home/px4/ros2/ws/install/px4_msgs/include/px4_msgs/px4_msgs/msg/detail/landing_target_pose__builder.hpp\n'}
[1.623617] (px4_msgs) StdoutLine: {'line': b'-- Up-to-date: /home/px4/ros2/ws/install/px4_msgs/include/px4_msgs/px4_msgs/msg/detail/vehicle_thrust_setpoint__builder.hpp\n'}
[1.623735] (px4_msgs) StdoutLine: {'line': b'-- Up-to-date: /home/px4/ros2/ws/install/px4_msgs/include/px4_msgs/px4_msgs/msg/detail/system_power__type_support.hpp\n'}
[1.623800] (px4_msgs) StdoutLine: {'line': b'-- Up-to-date: /home/px4/ros2/ws/install/px4_msgs/include/px4_msgs/px4_msgs/msg/detail/open_drone_id_self_id__type_support.hpp\n'}
[1.623860] (px4_msgs) StdoutLine: {'line': b'-- Up-to-date: /home/px4/ros2/ws/install/px4_msgs/include/px4_msgs/px4_msgs/msg/detail/uavcan_parameter_value__builder.hpp\n'}
[1.623919] (px4_msgs) StdoutLine: {'line': b'-- Up-to-date: /home/px4/ros2/ws/install/px4_msgs/include/px4_msgs/px4_msgs/msg/detail/led_control__builder.hpp\n'}
[1.623998] (px4_msgs) StdoutLine: {'line': b'-- Up-to-date: /home/px4/ros2/ws/install/px4_msgs/include/px4_msgs/px4_msgs/msg/detail/sensor_uwb__builder.hpp\n'}
[1.624077] (px4_msgs) StdoutLine: {'line': b'-- Up-to-date: /home/px4/ros2/ws/install/px4_msgs/include/px4_msgs/px4_msgs/msg/detail/vehicle_global_position__builder.hpp\n'}
[1.624137] (px4_msgs) StdoutLine: {'line': b'-- Up-to-date: /home/px4/ros2/ws/install/px4_msgs/include/px4_msgs/px4_msgs/msg/detail/manual_control_setpoint__builder.hpp\n'}
[1.624196] (px4_msgs) StdoutLine: {'line': b'-- Up-to-date: /home/px4/ros2/ws/install/px4_msgs/include/px4_msgs/px4_msgs/msg/detail/gimbal_manager_set_attitude__struct.hpp\n'}
[1.624253] (px4_msgs) StdoutLine: {'line': b'-- Up-to-date: /home/px4/ros2/ws/install/px4_msgs/include/px4_msgs/px4_msgs/msg/detail/wheel_encoders__type_support.hpp\n'}
[1.624328] (px4_msgs) StdoutLine: {'line': b'-- Up-to-date: /home/px4/ros2/ws/install/px4_msgs/include/px4_msgs/px4_msgs/msg/detail/uavcan_parameter_request__builder.hpp\n'}
[1.624387] (px4_msgs) StdoutLine: {'line': b'-- Up-to-date: /home/px4/ros2/ws/install/px4_msgs/include/px4_msgs/px4_msgs/msg/detail/estimator_innovations__traits.hpp\n'}
[1.624445] (px4_msgs) StdoutLine: {'line': b'-- Up-to-date: /home/px4/ros2/ws/install/px4_msgs/include/px4_msgs/px4_msgs/msg/detail/system_power__struct.hpp\n'}
[1.624525] (px4_msgs) StdoutLine: {'line': b'-- Up-to-date: /home/px4/ros2/ws/install/px4_msgs/include/px4_msgs/px4_msgs/msg/detail/message_format_request__struct.hpp\n'}
[1.624643] (px4_msgs) StdoutLine: {'line': b'-- Up-to-date: /home/px4/ros2/ws/install/px4_msgs/include/px4_msgs/px4_msgs/msg/detail/button_event__builder.hpp\n'}
[1.624732] (px4_msgs) StdoutLine: {'line': b'-- Up-to-date: /home/px4/ros2/ws/install/px4_msgs/include/px4_msgs/px4_msgs/msg/detail/landing_target_pose__traits.hpp\n'}
[1.624826] (px4_msgs) StdoutLine: {'line': b'-- Up-to-date: /home/px4/ros2/ws/install/px4_msgs/include/px4_msgs/px4_msgs/msg/detail/parameter_set_used_request__struct.hpp\n'}
[1.624902] (px4_msgs) StdoutLine: {'line': b'-- Up-to-date: /home/px4/ros2/ws/install/px4_msgs/include/px4_msgs/px4_msgs/msg/detail/vehicle_constraints__builder.hpp\n'}
[1.624969] (px4_msgs) StdoutLine: {'line': b'-- Up-to-date: /home/px4/ros2/ws/install/px4_msgs/include/px4_msgs/px4_msgs/msg/detail/actuator_armed__type_support.hpp\n'}
[1.625026] (px4_msgs) StdoutLine: {'line': b'-- Up-to-date: /home/px4/ros2/ws/install/px4_msgs/include/px4_msgs/px4_msgs/msg/detail/parameter_set_value_response__traits.hpp\n'}
[1.625084] (px4_msgs) StdoutLine: {'line': b'-- Up-to-date: /home/px4/ros2/ws/install/px4_msgs/include/px4_msgs/px4_msgs/msg/detail/config_overrides__traits.hpp\n'}
[1.625142] (px4_msgs) StdoutLine: {'line': b'-- Up-to-date: /home/px4/ros2/ws/install/px4_msgs/include/px4_msgs/px4_msgs/msg/detail/failure_detector_status__type_support.hpp\n'}
[1.625201] (px4_msgs) StdoutLine: {'line': b'-- Up-to-date: /home/px4/ros2/ws/install/px4_msgs/include/px4_msgs/px4_msgs/msg/detail/vehicle_air_data__builder.hpp\n'}
[1.625268] (px4_msgs) StdoutLine: {'line': b'-- Up-to-date: /home/px4/ros2/ws/install/px4_msgs/include/px4_msgs/px4_msgs/msg/detail/fixed_wing_lateral_setpoint__type_support.hpp\n'}
[1.625328] (px4_msgs) StdoutLine: {'line': b'-- Up-to-date: /home/px4/ros2/ws/install/px4_msgs/include/px4_msgs/px4_msgs/msg/detail/power_monitor__traits.hpp\n'}
[1.625405] (px4_msgs) StdoutLine: {'line': b'-- Up-to-date: /home/px4/ros2/ws/install/px4_msgs/include/px4_msgs/px4_msgs/msg/detail/rc_parameter_map__traits.hpp\n'}
[1.625480] (px4_msgs) StdoutLine: {'line': b'-- Up-to-date: /home/px4/ros2/ws/install/px4_msgs/include/px4_msgs/px4_msgs/msg/detail/sensor_airflow__builder.hpp\n'}
[1.625572] (px4_msgs) StdoutLine: {'line': b'-- Up-to-date: /home/px4/ros2/ws/install/px4_msgs/include/px4_msgs/px4_msgs/msg/detail/pwm_input__traits.hpp\n'}
[1.625669] (px4_msgs) StdoutLine: {'line': b'-- Up-to-date: /home/px4/ros2/ws/install/px4_msgs/include/px4_msgs/px4_msgs/msg/detail/sensor_gps__traits.hpp\n'}
[1.625744] (px4_msgs) StdoutLine: {'line': b'-- Up-to-date: /home/px4/ros2/ws/install/px4_msgs/include/px4_msgs/px4_msgs/msg/detail/generator_status__builder.hpp\n'}
[1.625804] (px4_msgs) StdoutLine: {'line': b'-- Up-to-date: /home/px4/ros2/ws/install/px4_msgs/include/px4_msgs/px4_msgs/msg/detail/debug_value__traits.hpp\n'}
[1.625863] (px4_msgs) StdoutLine: {'line': b'-- Up-to-date: /home/px4/ros2/ws/install/px4_msgs/include/px4_msgs/px4_msgs/msg/detail/vehicle_torque_setpoint__struct.hpp\n'}
[1.625921] (px4_msgs) StdoutLine: {'line': b'-- Up-to-date: /home/px4/ros2/ws/install/px4_msgs/include/px4_msgs/px4_msgs/msg/detail/airspeed_wind__type_support.hpp\n'}
[1.625979] (px4_msgs) StdoutLine: {'line': b'-- Up-to-date: /home/px4/ros2/ws/install/px4_msgs/include/px4_msgs/px4_msgs/msg/detail/sensor_optical_flow__type_support.hpp\n'}
[1.626037] (px4_msgs) StdoutLine: {'line': b'-- Up-to-date: /home/px4/ros2/ws/install/px4_msgs/include/px4_msgs/px4_msgs/msg/detail/cellular_status__builder.hpp\n'}
[1.626094] (px4_msgs) StdoutLine: {'line': b'-- Up-to-date: /home/px4/ros2/ws/install/px4_msgs/include/px4_msgs/px4_msgs/msg/detail/message_format_response__builder.hpp\n'}
[1.626151] (px4_msgs) StdoutLine: {'line': b'-- Up-to-date: /home/px4/ros2/ws/install/px4_msgs/include/px4_msgs/px4_msgs/msg/detail/vehicle_roi__builder.hpp\n'}
[1.626210] (px4_msgs) StdoutLine: {'line': b'-- Up-to-date: /home/px4/ros2/ws/install/px4_msgs/include/px4_msgs/px4_msgs/msg/detail/vehicle_angular_velocity__struct.hpp\n'}
[1.626267] (px4_msgs) StdoutLine: {'line': b'-- Up-to-date: /home/px4/ros2/ws/install/px4_msgs/include/px4_msgs/px4_msgs/msg/detail/vehicle_imu_status__traits.hpp\n'}
[1.626325] (px4_msgs) StdoutLine: {'line': b'-- Up-to-date: /home/px4/ros2/ws/install/px4_msgs/include/px4_msgs/px4_msgs/msg/detail/vehicle_land_detected__type_support.hpp\n'}
[1.626382] (px4_msgs) StdoutLine: {'line': b'-- Up-to-date: /home/px4/ros2/ws/install/px4_msgs/include/px4_msgs/px4_msgs/msg/detail/gpio_config__type_support.hpp\n'}
[1.626451] (px4_msgs) StdoutLine: {'line': b'-- Up-to-date: /home/px4/ros2/ws/install/px4_msgs/include/px4_msgs/px4_msgs/msg/detail/vehicle_optical_flow_vel__builder.hpp\n'}
[1.626536] (px4_msgs) StdoutLine: {'line': b'-- Up-to-date: /home/px4/ros2/ws/install/px4_msgs/include/px4_msgs/px4_msgs/msg/detail/sensor_correction__struct.hpp\n'}
[1.626644] (px4_msgs) StdoutLine: {'line': b'-- Up-to-date: /home/px4/ros2/ws/install/px4_msgs/include/px4_msgs/px4_msgs/msg/detail/estimator_aid_source1d__type_support.hpp\n'}
[1.626704] (px4_msgs) StdoutLine: {'line': b'-- Up-to-date: /home/px4/ros2/ws/install/px4_msgs/include/px4_msgs/px4_msgs/msg/detail/vehicle_constraints__type_support.hpp\n'}
[1.626764] (px4_msgs) StdoutLine: {'line': b'-- Up-to-date: /home/px4/ros2/ws/install/px4_msgs/include/px4_msgs/px4_msgs/msg/detail/gimbal_controls__struct.hpp\n'}
[1.626821] (px4_msgs) StdoutLine: {'line': b'-- Up-to-date: /home/px4/ros2/ws/install/px4_msgs/include/px4_msgs/px4_msgs/msg/detail/message_format_request__type_support.hpp\n'}
[1.626879] (px4_msgs) StdoutLine: {'line': b'-- Up-to-date: /home/px4/ros2/ws/install/px4_msgs/include/px4_msgs/px4_msgs/msg/detail/gpio_config__builder.hpp\n'}
[1.626937] (px4_msgs) StdoutLine: {'line': b'-- Up-to-date: /home/px4/ros2/ws/install/px4_msgs/include/px4_msgs/px4_msgs/msg/detail/sensors_status_imu__struct.hpp\n'}
[1.626995] (px4_msgs) StdoutLine: {'line': b'-- Up-to-date: /home/px4/ros2/ws/install/px4_msgs/include/px4_msgs/px4_msgs/msg/detail/vehicle_magnetometer__traits.hpp\n'}
[1.627066] (px4_msgs) StdoutLine: {'line': b'-- Up-to-date: /home/px4/ros2/ws/install/px4_msgs/include/px4_msgs/px4_msgs/msg/detail/register_ext_component_reply__builder.hpp\n'}
[1.627125] (px4_msgs) StdoutLine: {'line': b'-- Up-to-date: /home/px4/ros2/ws/install/px4_msgs/include/px4_msgs/px4_msgs/msg/detail/fuel_tank_status__type_support.hpp\n'}
[1.627195] (px4_msgs) StdoutLine: {'line': b'-- Up-to-date: /home/px4/ros2/ws/install/px4_msgs/include/px4_msgs/px4_msgs/msg/detail/rover_throttle_setpoint__builder.hpp\n'}
[1.627252] (px4_msgs) StdoutLine: {'line': b'-- Up-to-date: /home/px4/ros2/ws/install/px4_msgs/include/px4_msgs/px4_msgs/msg/detail/normalized_unsigned_setpoint__builder.hpp\n'}
[1.627349] (px4_msgs) StdoutLine: {'line': b'-- Up-to-date: /home/px4/ros2/ws/install/px4_msgs/include/px4_msgs/px4_msgs/msg/detail/differential_pressure__builder.hpp\n'}
[1.627407] (px4_msgs) StdoutLine: {'line': b'-- Up-to-date: /home/px4/ros2/ws/install/px4_msgs/include/px4_msgs/px4_msgs/msg/detail/input_rc__type_support.hpp\n'}
[1.627464] (px4_msgs) StdoutLine: {'line': b'-- Up-to-date: /home/px4/ros2/ws/install/px4_msgs/include/px4_msgs/px4_msgs/msg/detail/arming_check_request__builder.hpp\n'}
[1.627533] (px4_msgs) StdoutLine: {'line': b'-- Up-to-date: /home/px4/ros2/ws/install/px4_msgs/include/px4_msgs/px4_msgs/msg/detail/position_setpoint__builder.hpp\n'}
[1.627617] (px4_msgs) StdoutLine: {'line': b'-- Up-to-date: /home/px4/ros2/ws/install/px4_msgs/include/px4_msgs/px4_msgs/msg/detail/rover_rate_setpoint__type_support.hpp\n'}
[1.627676] (px4_msgs) StdoutLine: {'line': b'-- Up-to-date: /home/px4/ros2/ws/install/px4_msgs/include/px4_msgs/px4_msgs/msg/detail/landing_gear_wheel__struct.hpp\n'}
[1.627733] (px4_msgs) StdoutLine: {'line': b'-- Up-to-date: /home/px4/ros2/ws/install/px4_msgs/include/px4_msgs/px4_msgs/msg/detail/wheel_encoders__struct.hpp\n'}
[1.627791] (px4_msgs) StdoutLine: {'line': b'-- Up-to-date: /home/px4/ros2/ws/install/px4_msgs/include/px4_msgs/px4_msgs/msg/detail/actuator_servos__type_support.hpp\n'}
[1.627849] (px4_msgs) StdoutLine: {'line': b'-- Up-to-date: /home/px4/ros2/ws/install/px4_msgs/include/px4_msgs/px4_msgs/msg/detail/landing_gear__builder.hpp\n'}
[1.627909] (px4_msgs) StdoutLine: {'line': b'-- Up-to-date: /home/px4/ros2/ws/install/px4_msgs/include/px4_msgs/px4_msgs/msg/detail/sensor_gyro_fft__traits.hpp\n'}
[1.627969] (px4_msgs) StdoutLine: {'line': b'-- Up-to-date: /home/px4/ros2/ws/install/px4_msgs/include/px4_msgs/px4_msgs/msg/detail/vehicle_land_detected__builder.hpp\n'}
[1.628041] (px4_msgs) StdoutLine: {'line': b'-- Up-to-date: /home/px4/ros2/ws/install/px4_msgs/include/px4_msgs/px4_msgs/msg/detail/rover_attitude_status__traits.hpp\n'}
[1.628098] (px4_msgs) StdoutLine: {'line': b'-- Up-to-date: /home/px4/ros2/ws/install/px4_msgs/include/px4_msgs/px4_msgs/msg/detail/gimbal_device_set_attitude__traits.hpp\n'}
[1.628156] (px4_msgs) StdoutLine: {'line': b'-- Up-to-date: /home/px4/ros2/ws/install/px4_msgs/include/px4_msgs/px4_msgs/msg/detail/timesync_status__type_support.hpp\n'}
[1.628215] (px4_msgs) StdoutLine: {'line': b'-- Up-to-date: /home/px4/ros2/ws/install/px4_msgs/include/px4_msgs/px4_msgs/msg/detail/debug_array__builder.hpp\n'}
[1.628273] (px4_msgs) StdoutLine: {'line': b'-- Up-to-date: /home/px4/ros2/ws/install/px4_msgs/include/px4_msgs/px4_msgs/msg/detail/px4io_status__type_support.hpp\n'}
[1.628333] (px4_msgs) StdoutLine: {'line': b'-- Up-to-date: /home/px4/ros2/ws/install/px4_msgs/include/px4_msgs/px4_msgs/msg/detail/vehicle_constraints__traits.hpp\n'}
[1.628392] (px4_msgs) StdoutLine: {'line': b'-- Up-to-date: /home/px4/ros2/ws/install/px4_msgs/include/px4_msgs/px4_msgs/msg/detail/rover_throttle_setpoint__struct.hpp\n'}
[1.628452] (px4_msgs) StdoutLine: {'line': b'-- Up-to-date: /home/px4/ros2/ws/install/px4_msgs/include/px4_msgs/px4_msgs/msg/detail/failsafe_flags__traits.hpp\n'}
[1.628520] (px4_msgs) StdoutLine: {'line': b'-- Up-to-date: /home/px4/ros2/ws/install/px4_msgs/include/px4_msgs/px4_msgs/msg/detail/vehicle_status__type_support.hpp\n'}
[1.628623] (px4_msgs) StdoutLine: {'line': b'-- Up-to-date: /home/px4/ros2/ws/install/px4_msgs/include/px4_msgs/px4_msgs/msg/detail/control_allocator_status__type_support.hpp\n'}
[1.628682] (px4_msgs) StdoutLine: {'line': b'-- Up-to-date: /home/px4/ros2/ws/install/px4_msgs/include/px4_msgs/px4_msgs/msg/detail/estimator_status_flags__struct.hpp\n'}
[1.628740] (px4_msgs) StdoutLine: {'line': b'-- Up-to-date: /home/px4/ros2/ws/install/px4_msgs/include/px4_msgs/px4_msgs/msg/detail/iridiumsbd_status__builder.hpp\n'}
[1.628797] (px4_msgs) StdoutLine: {'line': b'-- Up-to-date: /home/px4/ros2/ws/install/px4_msgs/include/px4_msgs/px4_msgs/msg/detail/differential_pressure__traits.hpp\n'}
[1.628854] (px4_msgs) StdoutLine: {'line': b'-- Up-to-date: /home/px4/ros2/ws/install/px4_msgs/include/px4_msgs/px4_msgs/msg/detail/magnetometer_bias_estimate__traits.hpp\n'}
[1.628912] (px4_msgs) StdoutLine: {'line': b'-- Up-to-date: /home/px4/ros2/ws/install/px4_msgs/include/px4_msgs/px4_msgs/msg/detail/vehicle_odometry__struct.hpp\n'}
[1.628970] (px4_msgs) StdoutLine: {'line': b'-- Up-to-date: /home/px4/ros2/ws/install/px4_msgs/include/px4_msgs/px4_msgs/msg/detail/arming_check_reply__struct.hpp\n'}
[1.629027] (px4_msgs) StdoutLine: {'line': b'-- Up-to-date: /home/px4/ros2/ws/install/px4_msgs/include/px4_msgs/px4_msgs/msg/detail/estimator_status__type_support.hpp\n'}
[1.629083] (px4_msgs) StdoutLine: {'line': b'-- Up-to-date: /home/px4/ros2/ws/install/px4_msgs/include/px4_msgs/px4_msgs/msg/detail/dronecan_node_status__struct.hpp\n'}
[1.629139] (px4_msgs) StdoutLine: {'line': b'-- Up-to-date: /home/px4/ros2/ws/install/px4_msgs/include/px4_msgs/px4_msgs/msg/detail/magnetometer_bias_estimate__struct.hpp\n'}
[1.629212] (px4_msgs) StdoutLine: {'line': b'-- Up-to-date: /home/px4/ros2/ws/install/px4_msgs/include/px4_msgs/px4_msgs/msg/detail/vehicle_attitude__struct.hpp\n'}
[1.629270] (px4_msgs) StdoutLine: {'line': b'-- Up-to-date: /home/px4/ros2/ws/install/px4_msgs/include/px4_msgs/px4_msgs/msg/detail/rtl_time_estimate__type_support.hpp\n'}
[1.629335] (px4_msgs) StdoutLine: {'line': b'-- Up-to-date: /home/px4/ros2/ws/install/px4_msgs/include/px4_msgs/px4_msgs/msg/detail/input_rc__builder.hpp\n'}
[1.629393] (px4_msgs) StdoutLine: {'line': b'-- Up-to-date: /home/px4/ros2/ws/install/px4_msgs/include/px4_msgs/px4_msgs/msg/detail/vehicle_thrust_setpoint__type_support.hpp\n'}
[1.629450] (px4_msgs) StdoutLine: {'line': b'-- Up-to-date: /home/px4/ros2/ws/install/px4_msgs/include/px4_msgs/px4_msgs/msg/detail/rate_ctrl_status__builder.hpp\n'}
[1.629542] (px4_msgs) StdoutLine: {'line': b'-- Up-to-date: /home/px4/ros2/ws/install/px4_msgs/include/px4_msgs/px4_msgs/msg/detail/vehicle_attitude_setpoint__traits.hpp\n'}
[1.629644] (px4_msgs) StdoutLine: {'line': b'-- Up-to-date: /home/px4/ros2/ws/install/px4_msgs/include/px4_msgs/px4_msgs/msg/detail/mavlink_tunnel__type_support.hpp\n'}
[1.629702] (px4_msgs) StdoutLine: {'line': b'-- Up-to-date: /home/px4/ros2/ws/install/px4_msgs/include/px4_msgs/px4_msgs/msg/detail/distance_sensor_mode_change_request__builder.hpp\n'}
[1.629761] (px4_msgs) StdoutLine: {'line': b'-- Up-to-date: /home/px4/ros2/ws/install/px4_msgs/include/px4_msgs/px4_msgs/msg/detail/open_drone_id_system__builder.hpp\n'}
[1.629820] (px4_msgs) StdoutLine: {'line': b'-- Up-to-date: /home/px4/ros2/ws/install/px4_msgs/include/px4_msgs/px4_msgs/msg/detail/vehicle_optical_flow__type_support.hpp\n'}
[1.629877] (px4_msgs) StdoutLine: {'line': b'-- Up-to-date: /home/px4/ros2/ws/install/px4_msgs/include/px4_msgs/px4_msgs/msg/detail/sensor_mag__builder.hpp\n'}
[1.629933] (px4_msgs) StdoutLine: {'line': b'-- Up-to-date: /home/px4/ros2/ws/install/px4_msgs/include/px4_msgs/px4_msgs/msg/detail/flight_phase_estimation__builder.hpp\n'}
[1.629990] (px4_msgs) StdoutLine: {'line': b'-- Up-to-date: /home/px4/ros2/ws/install/px4_msgs/include/px4_msgs/px4_msgs/msg/detail/actuator_motors__struct.hpp\n'}
[1.630047] (px4_msgs) StdoutLine: {'line': b'-- Up-to-date: /home/px4/ros2/ws/install/px4_msgs/include/px4_msgs/px4_msgs/msg/detail/landing_gear__type_support.hpp\n'}
[1.630103] (px4_msgs) StdoutLine: {'line': b'-- Up-to-date: /home/px4/ros2/ws/install/px4_msgs/include/px4_msgs/px4_msgs/msg/detail/timesync_status__builder.hpp\n'}
[1.630160] (px4_msgs) StdoutLine: {'line': b'-- Up-to-date: /home/px4/ros2/ws/install/px4_msgs/include/px4_msgs/px4_msgs/msg/detail/unregister_ext_component__builder.hpp\n'}
[1.630217] (px4_msgs) StdoutLine: {'line': b'-- Up-to-date: /home/px4/ros2/ws/install/px4_msgs/include/px4_msgs/px4_msgs/msg/detail/cpuload__traits.hpp\n'}
[1.630274] (px4_msgs) StdoutLine: {'line': b'-- Up-to-date: /home/px4/ros2/ws/install/px4_msgs/include/px4_msgs/px4_msgs/msg/detail/rover_steering_setpoint__traits.hpp\n'}
[1.630331] (px4_msgs) StdoutLine: {'line': b'-- Up-to-date: /home/px4/ros2/ws/install/px4_msgs/include/px4_msgs/px4_msgs/msg/detail/wheel_encoders__traits.hpp\n'}
[1.630387] (px4_msgs) StdoutLine: {'line': b'-- Up-to-date: /home/px4/ros2/ws/install/px4_msgs/include/px4_msgs/px4_msgs/msg/detail/vehicle_optical_flow__builder.hpp\n'}
[1.630444] (px4_msgs) StdoutLine: {'line': b'-- Up-to-date: /home/px4/ros2/ws/install/px4_msgs/include/px4_msgs/px4_msgs/msg/detail/rc_parameter_map__type_support.hpp\n'}
[1.630522] (px4_msgs) StdoutLine: {'line': b'-- Up-to-date: /home/px4/ros2/ws/install/px4_msgs/include/px4_msgs/px4_msgs/msg/detail/fuel_tank_status__traits.hpp\n'}
[1.630609] (px4_msgs) StdoutLine: {'line': b'-- Up-to-date: /home/px4/ros2/ws/install/px4_msgs/include/px4_msgs/px4_msgs/msg/detail/takeoff_status__type_support.hpp\n'}
[1.630669] (px4_msgs) StdoutLine: {'line': b'-- Up-to-date: /home/px4/ros2/ws/install/px4_msgs/include/px4_msgs/px4_msgs/msg/detail/logger_status__traits.hpp\n'}
[1.630728] (px4_msgs) StdoutLine: {'line': b'-- Up-to-date: /home/px4/ros2/ws/install/px4_msgs/include/px4_msgs/px4_msgs/msg/detail/generator_status__struct.hpp\n'}
[1.630790] (px4_msgs) StdoutLine: {'line': b'-- Up-to-date: /home/px4/ros2/ws/install/px4_msgs/include/px4_msgs/px4_msgs/msg/detail/gpio_config__struct.hpp\n'}
[1.630849] (px4_msgs) StdoutLine: {'line': b'-- Up-to-date: /home/px4/ros2/ws/install/px4_msgs/include/px4_msgs/px4_msgs/msg/detail/vehicle_rates_setpoint__type_support.hpp\n'}
[1.630907] (px4_msgs) StdoutLine: {'line': b'-- Up-to-date: /home/px4/ros2/ws/install/px4_msgs/include/px4_msgs/px4_msgs/msg/detail/vehicle_imu_status__struct.hpp\n'}
[1.630965] (px4_msgs) StdoutLine: {'line': b'-- Up-to-date: /home/px4/ros2/ws/install/px4_msgs/include/px4_msgs/px4_msgs/msg/detail/cpuload__builder.hpp\n'}
[1.631023] (px4_msgs) StdoutLine: {'line': b'-- Up-to-date: /home/px4/ros2/ws/install/px4_msgs/include/px4_msgs/px4_msgs/msg/detail/home_position__struct.hpp\n'}
[1.631091] (px4_msgs) StdoutLine: {'line': b'-- Up-to-date: /home/px4/ros2/ws/install/px4_msgs/include/px4_msgs/px4_msgs/msg/detail/vehicle_command__builder.hpp\n'}
[1.631150] (px4_msgs) StdoutLine: {'line': b'-- Up-to-date: /home/px4/ros2/ws/install/px4_msgs/include/px4_msgs/px4_msgs/msg/detail/internal_combustion_engine_status__builder.hpp\n'}
[1.631208] (px4_msgs) StdoutLine: {'line': b'-- Up-to-date: /home/px4/ros2/ws/install/px4_msgs/include/px4_msgs/px4_msgs/msg/detail/estimator_sensor_bias__builder.hpp\n'}
[1.631266] (px4_msgs) StdoutLine: {'line': b'-- Up-to-date: /home/px4/ros2/ws/install/px4_msgs/include/px4_msgs/px4_msgs/msg/detail/gps_inject_data__struct.hpp\n'}
[1.631330] (px4_msgs) StdoutLine: {'line': b'-- Up-to-date: /home/px4/ros2/ws/install/px4_msgs/include/px4_msgs/px4_msgs/msg/detail/mission__type_support.hpp\n'}
[1.631402] (px4_msgs) StdoutLine: {'line': b'-- Up-to-date: /home/px4/ros2/ws/install/px4_msgs/include/px4_msgs/px4_msgs/msg/detail/airspeed__traits.hpp\n'}
[1.631473] (px4_msgs) StdoutLine: {'line': b'-- Up-to-date: /home/px4/ros2/ws/install/px4_msgs/include/px4_msgs/px4_msgs/msg/detail/debug_vect__struct.hpp\n'}
[1.631586] (px4_msgs) StdoutLine: {'line': b'-- Up-to-date: /home/px4/ros2/ws/install/px4_msgs/include/px4_msgs/px4_msgs/msg/detail/landing_gear__traits.hpp\n'}
[1.631648] (px4_msgs) StdoutLine: {'line': b'-- Up-to-date: /home/px4/ros2/ws/install/px4_msgs/include/px4_msgs/px4_msgs/msg/detail/sensor_gnss_relative__traits.hpp\n'}
[1.631706] (px4_msgs) StdoutLine: {'line': b'-- Up-to-date: /home/px4/ros2/ws/install/px4_msgs/include/px4_msgs/px4_msgs/msg/detail/gimbal_manager_information__type_support.hpp\n'}
[1.631763] (px4_msgs) StdoutLine: {'line': b'-- Up-to-date: /home/px4/ros2/ws/install/px4_msgs/include/px4_msgs/px4_msgs/msg/detail/debug_vect__builder.hpp\n'}
[1.631824] (px4_msgs) StdoutLine: {'line': b'-- Up-to-date: /home/px4/ros2/ws/install/px4_msgs/include/px4_msgs/px4_msgs/msg/detail/fixed_wing_lateral_status__type_support.hpp\n'}
[1.631881] (px4_msgs) StdoutLine: {'line': b'-- Up-to-date: /home/px4/ros2/ws/install/px4_msgs/include/px4_msgs/px4_msgs/msg/detail/fixed_wing_lateral_guidance_status__traits.hpp\n'}
[1.631966] (px4_msgs) StdoutLine: {'line': b'-- Up-to-date: /home/px4/ros2/ws/install/px4_msgs/include/px4_msgs/px4_msgs/msg/detail/sensor_hygrometer__traits.hpp\n'}
[1.632057] (px4_msgs) StdoutLine: {'line': b'-- Up-to-date: /home/px4/ros2/ws/install/px4_msgs/include/px4_msgs/px4_msgs/msg/detail/estimator_gps_status__struct.hpp\n'}
[1.632116] (px4_msgs) StdoutLine: {'line': b'-- Up-to-date: /home/px4/ros2/ws/install/px4_msgs/include/px4_msgs/px4_msgs/msg/detail/actuator_outputs__traits.hpp\n'}
[1.632194] (px4_msgs) StdoutLine: {'line': b'-- Up-to-date: /home/px4/ros2/ws/install/px4_msgs/include/px4_msgs/px4_msgs/msg/detail/sensor_gyro__struct.hpp\n'}
[1.632251] (px4_msgs) StdoutLine: {'line': b'-- Up-to-date: /home/px4/ros2/ws/install/px4_msgs/include/px4_msgs/px4_msgs/msg/detail/wind__struct.hpp\n'}
[1.632309] (px4_msgs) StdoutLine: {'line': b'-- Up-to-date: /home/px4/ros2/ws/install/px4_msgs/include/px4_msgs/px4_msgs/msg/detail/pwm_input__builder.hpp\n'}
[1.632366] (px4_msgs) StdoutLine: {'line': b'-- Up-to-date: /home/px4/ros2/ws/install/px4_msgs/include/px4_msgs/px4_msgs/msg/detail/home_position__traits.hpp\n'}
[1.632437] (px4_msgs) StdoutLine: {'line': b'-- Up-to-date: /home/px4/ros2/ws/install/px4_msgs/include/px4_msgs/px4_msgs/msg/detail/cpuload__type_support.hpp\n'}
[1.632534] (px4_msgs) StdoutLine: {'line': b'-- Up-to-date: /home/px4/ros2/ws/install/px4_msgs/include/px4_msgs/px4_msgs/msg/detail/gpio_request__builder.hpp\n'}
[1.632642] (px4_msgs) StdoutLine: {'line': b'-- Up-to-date: /home/px4/ros2/ws/install/px4_msgs/include/px4_msgs/px4_msgs/msg/detail/follow_target__type_support.hpp\n'}
[1.632727] (px4_msgs) StdoutLine: {'line': b'-- Up-to-date: /home/px4/ros2/ws/install/px4_msgs/include/px4_msgs/px4_msgs/msg/detail/can_interface_status__struct.hpp\n'}
[1.632802] (px4_msgs) StdoutLine: {'line': b'-- Up-to-date: /home/px4/ros2/ws/install/px4_msgs/include/px4_msgs/px4_msgs/msg/detail/estimator_status__traits.hpp\n'}
[1.632880] (px4_msgs) StdoutLine: {'line': b'-- Up-to-date: /home/px4/ros2/ws/install/px4_msgs/include/px4_msgs/px4_msgs/msg/detail/vehicle_global_position__traits.hpp\n'}
[1.632938] (px4_msgs) StdoutLine: {'line': b'-- Up-to-date: /home/px4/ros2/ws/install/px4_msgs/include/px4_msgs/px4_msgs/msg/detail/estimator_event_flags__traits.hpp\n'}
[1.632999] (px4_msgs) StdoutLine: {'line': b'-- Up-to-date: /home/px4/ros2/ws/install/px4_msgs/include/px4_msgs/px4_msgs/msg/detail/sensor_uwb__type_support.hpp\n'}
[1.633057] (px4_msgs) StdoutLine: {'line': b'-- Up-to-date: /home/px4/ros2/ws/install/px4_msgs/include/px4_msgs/px4_msgs/msg/detail/vehicle_local_position_setpoint__builder.hpp\n'}
[1.633115] (px4_msgs) StdoutLine: {'line': b'-- Up-to-date: /home/px4/ros2/ws/install/px4_msgs/include/px4_msgs/px4_msgs/msg/detail/parameter_set_value_response__struct.hpp\n'}
[1.633172] (px4_msgs) StdoutLine: {'line': b'-- Up-to-date: /home/px4/ros2/ws/install/px4_msgs/include/px4_msgs/px4_msgs/msg/detail/vehicle_local_position_setpoint__type_support.hpp\n'}
[1.633241] (px4_msgs) StdoutLine: {'line': b'-- Up-to-date: /home/px4/ros2/ws/install/px4_msgs/include/px4_msgs/px4_msgs/msg/detail/vehicle_torque_setpoint__traits.hpp\n'}
[1.633310] (px4_msgs) StdoutLine: {'line': b'-- Up-to-date: /home/px4/ros2/ws/install/px4_msgs/include/px4_msgs/px4_msgs/msg/detail/actuator_controls_status__builder.hpp\n'}
[1.633372] (px4_msgs) StdoutLine: {'line': b'-- Up-to-date: /home/px4/ros2/ws/install/px4_msgs/include/px4_msgs/px4_msgs/msg/detail/actuator_controls_status__struct.hpp\n'}
[1.633433] (px4_msgs) StdoutLine: {'line': b'-- Up-to-date: /home/px4/ros2/ws/install/px4_msgs/include/px4_msgs/px4_msgs/msg/detail/qshell_req__type_support.hpp\n'}
[1.633556] (px4_msgs) StdoutLine: {'line': b'-- Up-to-date: /home/px4/ros2/ws/install/px4_msgs/include/px4_msgs/px4_msgs/msg/detail/ulog_stream__traits.hpp\n'}
[1.633643] (px4_msgs) StdoutLine: {'line': b'-- Up-to-date: /home/px4/ros2/ws/install/px4_msgs/include/px4_msgs/px4_msgs/msg/detail/figure_eight_status__builder.hpp\n'}
[1.633704] (px4_msgs) StdoutLine: {'line': b'-- Up-to-date: /home/px4/ros2/ws/install/px4_msgs/include/px4_msgs/px4_msgs/msg/detail/debug_array__traits.hpp\n'}
[1.633762] (px4_msgs) StdoutLine: {'line': b'-- Up-to-date: /home/px4/ros2/ws/install/px4_msgs/include/px4_msgs/px4_msgs/msg/detail/estimator_gps_status__builder.hpp\n'}
[1.633832] (px4_msgs) StdoutLine: {'line': b'-- Up-to-date: /home/px4/ros2/ws/install/px4_msgs/include/px4_msgs/px4_msgs/msg/detail/vehicle_imu__builder.hpp\n'}
[1.633891] (px4_msgs) StdoutLine: {'line': b'-- Up-to-date: /home/px4/ros2/ws/install/px4_msgs/include/px4_msgs/px4_msgs/msg/detail/home_position__type_support.hpp\n'}
[1.633962] (px4_msgs) StdoutLine: {'line': b'-- Up-to-date: /home/px4/ros2/ws/install/px4_msgs/include/px4_msgs/px4_msgs/msg/detail/vehicle_land_detected__struct.hpp\n'}
[1.634018] (px4_msgs) StdoutLine: {'line': b'-- Up-to-date: /home/px4/ros2/ws/install/px4_msgs/include/px4_msgs/px4_msgs/msg/detail/gps_dump__builder.hpp\n'}
[1.634079] (px4_msgs) StdoutLine: {'line': b'-- Up-to-date: /home/px4/ros2/ws/install/px4_msgs/include/px4_msgs/px4_msgs/msg/detail/rover_velocity_status__struct.hpp\n'}
[1.634146] (px4_msgs) StdoutLine: {'line': b'-- Up-to-date: /home/px4/ros2/ws/install/px4_msgs/include/px4_msgs/px4_msgs/msg/detail/parameter_update__struct.hpp\n'}
[1.634216] (px4_msgs) StdoutLine: {'line': b'-- Up-to-date: /home/px4/ros2/ws/install/px4_msgs/include/px4_msgs/px4_msgs/msg/detail/sensor_accel__struct.hpp\n'}
[1.634273] (px4_msgs) StdoutLine: {'line': b'-- Up-to-date: /home/px4/ros2/ws/install/px4_msgs/include/px4_msgs/px4_msgs/msg/detail/offboard_control_mode__type_support.hpp\n'}
[1.634329] (px4_msgs) StdoutLine: {'line': b'-- Up-to-date: /home/px4/ros2/ws/install/px4_msgs/include/px4_msgs/px4_msgs/msg/detail/mavlink_log__builder.hpp\n'}
[1.634385] (px4_msgs) StdoutLine: {'line': b'-- Up-to-date: /home/px4/ros2/ws/install/px4_msgs/include/px4_msgs/px4_msgs/msg/detail/estimator_sensor_bias__struct.hpp\n'}
[1.634473] (px4_msgs) StdoutLine: {'line': b'-- Up-to-date: /home/px4/ros2/ws/install/px4_msgs/include/px4_msgs/px4_msgs/msg/detail/event__struct.hpp\n'}
[1.634567] (px4_msgs) StdoutLine: {'line': b'-- Up-to-date: /home/px4/ros2/ws/install/px4_msgs/include/px4_msgs/px4_msgs/msg/detail/vehicle_attitude_setpoint__struct.hpp\n'}
[1.634643] (px4_msgs) StdoutLine: {'line': b'-- Up-to-date: /home/px4/ros2/ws/install/px4_msgs/include/px4_msgs/px4_msgs/msg/detail/system_power__traits.hpp\n'}
[1.634718] (px4_msgs) StdoutLine: {'line': b'-- Up-to-date: /home/px4/ros2/ws/install/px4_msgs/include/px4_msgs/px4_msgs/msg/detail/vtol_vehicle_status__builder.hpp\n'}
[1.634776] (px4_msgs) StdoutLine: {'line': b'-- Up-to-date: /home/px4/ros2/ws/install/px4_msgs/include/px4_msgs/px4_msgs/msg/detail/rc_parameter_map__builder.hpp\n'}
[1.634834] (px4_msgs) StdoutLine: {'line': b'-- Up-to-date: /home/px4/ros2/ws/install/px4_msgs/include/px4_msgs/px4_msgs/msg/detail/pps_capture__traits.hpp\n'}
[1.634892] (px4_msgs) StdoutLine: {'line': b'-- Up-to-date: /home/px4/ros2/ws/install/px4_msgs/include/px4_msgs/px4_msgs/msg/detail/rate_ctrl_status__traits.hpp\n'}
[1.634951] (px4_msgs) StdoutLine: {'line': b'-- Up-to-date: /home/px4/ros2/ws/install/px4_msgs/include/px4_msgs/px4_msgs/msg/detail/estimator_aid_source1d__builder.hpp\n'}
[1.635009] (px4_msgs) StdoutLine: {'line': b'-- Up-to-date: /home/px4/ros2/ws/install/px4_msgs/include/px4_msgs/px4_msgs/msg/detail/gimbal_device_set_attitude__type_support.hpp\n'}
[1.635067] (px4_msgs) StdoutLine: {'line': b'-- Up-to-date: /home/px4/ros2/ws/install/px4_msgs/include/px4_msgs/px4_msgs/msg/detail/velocity_limits__struct.hpp\n'}
[1.635128] (px4_msgs) StdoutLine: {'line': b'-- Up-to-date: /home/px4/ros2/ws/install/px4_msgs/include/px4_msgs/px4_msgs/msg/detail/airspeed_validated__traits.hpp\n'}
[1.635187] (px4_msgs) StdoutLine: {'line': b'-- Up-to-date: /home/px4/ros2/ws/install/px4_msgs/include/px4_msgs/px4_msgs/msg/detail/power_button_state__struct.hpp\n'}
[1.635245] (px4_msgs) StdoutLine: {'line': b'-- Up-to-date: /home/px4/ros2/ws/install/px4_msgs/include/px4_msgs/px4_msgs/msg/detail/ulog_stream__type_support.hpp\n'}
[1.635304] (px4_msgs) StdoutLine: {'line': b'-- Up-to-date: /home/px4/ros2/ws/install/px4_msgs/include/px4_msgs/px4_msgs/msg/detail/landing_gear_wheel__traits.hpp\n'}
[1.635362] (px4_msgs) StdoutLine: {'line': b'-- Up-to-date: /home/px4/ros2/ws/install/px4_msgs/include/px4_msgs/px4_msgs/msg/detail/internal_combustion_engine_status__traits.hpp\n'}
[1.635419] (px4_msgs) StdoutLine: {'line': b'-- Up-to-date: /home/px4/ros2/ws/install/px4_msgs/include/px4_msgs/px4_msgs/msg/detail/mount_orientation__builder.hpp\n'}
[1.635477] (px4_msgs) StdoutLine: {'line': b'-- Up-to-date: /home/px4/ros2/ws/install/px4_msgs/include/px4_msgs/px4_msgs/msg/detail/obstacle_distance__struct.hpp\n'}
[1.635585] (px4_msgs) StdoutLine: {'line': b'-- Up-to-date: /home/px4/ros2/ws/install/px4_msgs/include/px4_msgs/px4_msgs/msg/detail/vehicle_rates_setpoint__struct.hpp\n'}
[1.635650] (px4_msgs) StdoutLine: {'line': b'-- Up-to-date: /home/px4/ros2/ws/install/px4_msgs/include/px4_msgs/px4_msgs/msg/detail/estimator_selector_status__type_support.hpp\n'}
[1.635718] (px4_msgs) StdoutLine: {'line': b'-- Up-to-date: /home/px4/ros2/ws/install/px4_msgs/include/px4_msgs/px4_msgs/msg/detail/uavcan_parameter_value__traits.hpp\n'}
[1.635778] (px4_msgs) StdoutLine: {'line': b'-- Up-to-date: /home/px4/ros2/ws/install/px4_msgs/include/px4_msgs/px4_msgs/msg/detail/vehicle_odometry__builder.hpp\n'}
[1.635841] (px4_msgs) StdoutLine: {'line': b'-- Up-to-date: /home/px4/ros2/ws/install/px4_msgs/include/px4_msgs/px4_msgs/msg/detail/sensors_status_imu__type_support.hpp\n'}
[1.635901] (px4_msgs) StdoutLine: {'line': b'-- Up-to-date: /home/px4/ros2/ws/install/px4_msgs/include/px4_msgs/px4_msgs/msg/detail/satellite_info__type_support.hpp\n'}
[1.635961] (px4_msgs) StdoutLine: {'line': b'-- Up-to-date: /home/px4/ros2/ws/install/px4_msgs/include/px4_msgs/px4_msgs/msg/detail/tiltrotor_extra_controls__builder.hpp\n'}
[1.636030] (px4_msgs) StdoutLine: {'line': b'-- Up-to-date: /home/px4/ros2/ws/install/px4_msgs/include/px4_msgs/px4_msgs/msg/detail/cellular_status__type_support.hpp\n'}
[1.636115] (px4_msgs) StdoutLine: {'line': b'-- Up-to-date: /home/px4/ros2/ws/install/px4_msgs/include/px4_msgs/px4_msgs/msg/detail/register_ext_component_reply__traits.hpp\n'}
[1.636178] (px4_msgs) StdoutLine: {'line': b'-- Up-to-date: /home/px4/ros2/ws/install/px4_msgs/include/px4_msgs/px4_msgs/msg/detail/rover_rate_status__builder.hpp\n'}
[1.636237] (px4_msgs) StdoutLine: {'line': b'-- Up-to-date: /home/px4/ros2/ws/install/px4_msgs/include/px4_msgs/px4_msgs/msg/detail/estimator_event_flags__struct.hpp\n'}
[1.636296] (px4_msgs) StdoutLine: {'line': b'-- Up-to-date: /home/px4/ros2/ws/install/px4_msgs/include/px4_msgs/px4_msgs/msg/detail/action_request__builder.hpp\n'}
[1.636353] (px4_msgs) StdoutLine: {'line': b'-- Up-to-date: /home/px4/ros2/ws/install/px4_msgs/include/px4_msgs/px4_msgs/msg/detail/rover_velocity_setpoint__traits.hpp\n'}
[1.636410] (px4_msgs) StdoutLine: {'line': b'-- Up-to-date: /home/px4/ros2/ws/install/px4_msgs/include/px4_msgs/px4_msgs/msg/detail/tiltrotor_extra_controls__traits.hpp\n'}
[1.636469] (px4_msgs) StdoutLine: {'line': b'-- Up-to-date: /home/px4/ros2/ws/install/px4_msgs/include/px4_msgs/px4_msgs/msg/detail/position_controller_status__type_support.hpp\n'}
[1.636548] (px4_msgs) StdoutLine: {'line': b'-- Up-to-date: /home/px4/ros2/ws/install/px4_msgs/include/px4_msgs/px4_msgs/msg/detail/heater_status__struct.hpp\n'}
[1.636635] (px4_msgs) StdoutLine: {'line': b'-- Up-to-date: /home/px4/ros2/ws/install/px4_msgs/include/px4_msgs/px4_msgs/msg/detail/actuator_servos_trim__type_support.hpp\n'}
[1.636693] (px4_msgs) StdoutLine: {'line': b'-- Up-to-date: /home/px4/ros2/ws/install/px4_msgs/include/px4_msgs/px4_msgs/msg/detail/longitudinal_control_configuration__struct.hpp\n'}
[1.636752] (px4_msgs) StdoutLine: {'line': b'-- Up-to-date: /home/px4/ros2/ws/install/px4_msgs/include/px4_msgs/px4_msgs/msg/detail/gpio_out__type_support.hpp\n'}
[1.636810] (px4_msgs) StdoutLine: {'line': b'-- Up-to-date: /home/px4/ros2/ws/install/px4_msgs/include/px4_msgs/px4_msgs/msg/detail/navigator_mission_item__traits.hpp\n'}
[1.636869] (px4_msgs) StdoutLine: {'line': b'-- Up-to-date: /home/px4/ros2/ws/install/px4_msgs/include/px4_msgs/px4_msgs/msg/detail/rate_ctrl_status__type_support.hpp\n'}
[1.636928] (px4_msgs) StdoutLine: {'line': b'-- Up-to-date: /home/px4/ros2/ws/install/px4_msgs/include/px4_msgs/px4_msgs/msg/detail/geofence_status__struct.hpp\n'}
[1.636987] (px4_msgs) StdoutLine: {'line': b'-- Up-to-date: /home/px4/ros2/ws/install/px4_msgs/include/px4_msgs/px4_msgs/msg/detail/follow_target__traits.hpp\n'}
[1.637045] (px4_msgs) StdoutLine: {'line': b'-- Up-to-date: /home/px4/ros2/ws/install/px4_msgs/include/px4_msgs/px4_msgs/msg/detail/battery_status__type_support.hpp\n'}
[1.637104] (px4_msgs) StdoutLine: {'line': b'-- Up-to-date: /home/px4/ros2/ws/install/px4_msgs/include/px4_msgs/px4_msgs/msg/detail/mission__struct.hpp\n'}
[1.637166] (px4_msgs) StdoutLine: {'line': b'-- Up-to-date: /home/px4/ros2/ws/install/px4_msgs/include/px4_msgs/px4_msgs/msg/detail/vehicle_torque_setpoint__type_support.hpp\n'}
[1.637225] (px4_msgs) StdoutLine: {'line': b'-- Up-to-date: /home/px4/ros2/ws/install/px4_msgs/include/px4_msgs/px4_msgs/msg/detail/fixed_wing_runway_control__type_support.hpp\n'}
[1.637283] (px4_msgs) StdoutLine: {'line': b'-- Up-to-date: /home/px4/ros2/ws/install/px4_msgs/include/px4_msgs/px4_msgs/msg/detail/sensor_uwb__struct.hpp\n'}
[1.637342] (px4_msgs) StdoutLine: {'line': b'-- Up-to-date: /home/px4/ros2/ws/install/px4_msgs/include/px4_msgs/px4_msgs/msg/detail/tune_control__struct.hpp\n'}
[1.637400] (px4_msgs) StdoutLine: {'line': b'-- Up-to-date: /home/px4/ros2/ws/install/px4_msgs/include/px4_msgs/px4_msgs/msg/detail/neural_control__traits.hpp\n'}
[1.637459] (px4_msgs) StdoutLine: {'line': b'-- Up-to-date: /home/px4/ros2/ws/install/px4_msgs/include/px4_msgs/px4_msgs/msg/detail/position_setpoint_triplet__type_support.hpp\n'}
[1.637569] (px4_msgs) StdoutLine: {'line': b'-- Up-to-date: /home/px4/ros2/ws/install/px4_msgs/include/px4_msgs/px4_msgs/msg/detail/control_allocator_status__traits.hpp\n'}
[1.637642] (px4_msgs) StdoutLine: {'line': b'-- Up-to-date: /home/px4/ros2/ws/install/px4_msgs/include/px4_msgs/px4_msgs/msg/detail/irlock_report__struct.hpp\n'}
[1.637702] (px4_msgs) StdoutLine: {'line': b'-- Up-to-date: /home/px4/ros2/ws/install/px4_msgs/include/px4_msgs/px4_msgs/msg/detail/sensor_accel__traits.hpp\n'}
[1.637770] (px4_msgs) StdoutLine: {'line': b'-- Up-to-date: /home/px4/ros2/ws/install/px4_msgs/include/px4_msgs/px4_msgs/msg/detail/event__builder.hpp\n'}
[1.637830] (px4_msgs) StdoutLine: {'line': b'-- Up-to-date: /home/px4/ros2/ws/install/px4_msgs/include/px4_msgs/px4_msgs/msg/detail/camera_capture__builder.hpp\n'}
[1.637907] (px4_msgs) StdoutLine: {'line': b'-- Up-to-date: /home/px4/ros2/ws/install/px4_msgs/include/px4_msgs/px4_msgs/msg/detail/rover_attitude_setpoint__struct.hpp\n'}
[1.637966] (px4_msgs) StdoutLine: {'line': b'-- Up-to-date: /home/px4/ros2/ws/install/px4_msgs/include/px4_msgs/px4_msgs/msg/detail/estimator_aid_source3d__type_support.hpp\n'}
[1.638026] (px4_msgs) StdoutLine: {'line': b'-- Up-to-date: /home/px4/ros2/ws/install/px4_msgs/include/px4_msgs/px4_msgs/msg/detail/actuator_test__traits.hpp\n'}
[1.638083] (px4_msgs) StdoutLine: {'line': b'-- Up-to-date: /home/px4/ros2/ws/install/px4_msgs/include/px4_msgs/px4_msgs/msg/detail/mount_orientation__traits.hpp\n'}
[1.638142] (px4_msgs) StdoutLine: {'line': b'-- Up-to-date: /home/px4/ros2/ws/install/px4_msgs/include/px4_msgs/px4_msgs/msg/detail/debug_array__struct.hpp\n'}
[1.638203] (px4_msgs) StdoutLine: {'line': b'-- Up-to-date: /home/px4/ros2/ws/install/px4_msgs/include/px4_msgs/px4_msgs/msg/detail/wheel_encoders__builder.hpp\n'}
[1.638275] (px4_msgs) StdoutLine: {'line': b'-- Up-to-date: /home/px4/ros2/ws/install/px4_msgs/include/px4_msgs/px4_msgs/msg/detail/health_report__struct.hpp\n'}
[1.638334] (px4_msgs) StdoutLine: {'line': b'-- Up-to-date: /home/px4/ros2/ws/install/px4_msgs/include/px4_msgs/px4_msgs/msg/detail/mission__builder.hpp\n'}
[1.638391] (px4_msgs) StdoutLine: {'line': b'-- Up-to-date: /home/px4/ros2/ws/install/px4_msgs/include/px4_msgs/px4_msgs/msg/detail/autotune_attitude_control_status__traits.hpp\n'}
[1.638449] (px4_msgs) StdoutLine: {'line': b'-- Up-to-date: /home/px4/ros2/ws/install/px4_msgs/include/px4_msgs/px4_msgs/msg/detail/open_drone_id_operator_id__builder.hpp\n'}
[1.638529] (px4_msgs) StdoutLine: {'line': b'-- Up-to-date: /home/px4/ros2/ws/install/px4_msgs/include/px4_msgs/px4_msgs/msg/detail/rtl_status__builder.hpp\n'}
[1.638607] (px4_msgs) StdoutLine: {'line': b'-- Up-to-date: /home/px4/ros2/ws/install/px4_msgs/include/px4_msgs/px4_msgs/msg/detail/failsafe_flags__type_support.hpp\n'}
[1.638668] (px4_msgs) StdoutLine: {'line': b'-- Up-to-date: /home/px4/ros2/ws/install/px4_msgs/include/px4_msgs/px4_msgs/msg/detail/follow_target_status__builder.hpp\n'}
[1.638727] (px4_msgs) StdoutLine: {'line': b'-- Up-to-date: /home/px4/ros2/ws/install/px4_msgs/include/px4_msgs/px4_msgs/msg/detail/neural_control__type_support.hpp\n'}
[1.638786] (px4_msgs) StdoutLine: {'line': b'-- Up-to-date: /home/px4/ros2/ws/install/px4_msgs/include/px4_msgs/px4_msgs/msg/detail/arming_check_reply__builder.hpp\n'}
[1.638847] (px4_msgs) StdoutLine: {'line': b'-- Up-to-date: /home/px4/ros2/ws/install/px4_msgs/include/px4_msgs/px4_msgs/msg/detail/timesync_status__traits.hpp\n'}
[1.638906] (px4_msgs) StdoutLine: {'line': b'-- Up-to-date: /home/px4/ros2/ws/install/px4_msgs/include/px4_msgs/px4_msgs/msg/detail/vehicle_status__traits.hpp\n'}
[1.638965] (px4_msgs) StdoutLine: {'line': b'-- Up-to-date: /home/px4/ros2/ws/install/px4_msgs/include/px4_msgs/px4_msgs/msg/detail/estimator_selector_status__traits.hpp\n'}
[1.639023] (px4_msgs) StdoutLine: {'line': b'-- Up-to-date: /home/px4/ros2/ws/install/px4_msgs/include/px4_msgs/px4_msgs/msg/detail/position_controller_landing_status__traits.hpp\n'}
[1.639081] (px4_msgs) StdoutLine: {'line': b'-- Up-to-date: /home/px4/ros2/ws/install/px4_msgs/include/px4_msgs/px4_msgs/msg/detail/rover_velocity_setpoint__builder.hpp\n'}
[1.639149] (px4_msgs) StdoutLine: {'line': b'-- Up-to-date: /home/px4/ros2/ws/install/px4_msgs/include/px4_msgs/px4_msgs/msg/detail/rover_attitude_setpoint__builder.hpp\n'}
[1.639208] (px4_msgs) StdoutLine: {'line': b'-- Up-to-date: /home/px4/ros2/ws/install/px4_msgs/include/px4_msgs/px4_msgs/msg/detail/actuator_outputs__type_support.hpp\n'}
[1.639266] (px4_msgs) StdoutLine: {'line': b'-- Up-to-date: /home/px4/ros2/ws/install/px4_msgs/include/px4_msgs/px4_msgs/msg/detail/debug_value__type_support.hpp\n'}
[1.639324] (px4_msgs) StdoutLine: {'line': b'-- Up-to-date: /home/px4/ros2/ws/install/px4_msgs/include/px4_msgs/px4_msgs/msg/detail/register_ext_component_request__type_support.hpp\n'}
[1.639382] (px4_msgs) StdoutLine: {'line': b'-- Up-to-date: /home/px4/ros2/ws/install/px4_msgs/include/px4_msgs/px4_msgs/msg/detail/mag_worker_data__struct.hpp\n'}
[1.639439] (px4_msgs) StdoutLine: {'line': b'-- Up-to-date: /home/px4/ros2/ws/install/px4_msgs/include/px4_msgs/px4_msgs/msg/detail/vehicle_local_position__traits.hpp\n'}
[1.639510] (px4_msgs) StdoutLine: {'line': b'-- Up-to-date: /home/px4/ros2/ws/install/px4_msgs/include/px4_msgs/px4_msgs/msg/detail/position_controller_status__builder.hpp\n'}
[1.639598] (px4_msgs) StdoutLine: {'line': b'-- Up-to-date: /home/px4/ros2/ws/install/px4_msgs/include/px4_msgs/px4_msgs/msg/detail/autotune_attitude_control_status__type_support.hpp\n'}
[1.639677] (px4_msgs) StdoutLine: {'line': b'-- Up-to-date: /home/px4/ros2/ws/install/px4_msgs/include/px4_msgs/px4_msgs/msg/detail/figure_eight_status__type_support.hpp\n'}
[1.639735] (px4_msgs) StdoutLine: {'line': b'-- Up-to-date: /home/px4/ros2/ws/install/px4_msgs/include/px4_msgs/px4_msgs/msg/detail/hover_thrust_estimate__type_support.hpp\n'}
[1.639803] (px4_msgs) StdoutLine: {'line': b'-- Up-to-date: /home/px4/ros2/ws/install/px4_msgs/include/px4_msgs/px4_msgs/msg/detail/magnetometer_bias_estimate__type_support.hpp\n'}
[1.639863] (px4_msgs) StdoutLine: {'line': b'-- Up-to-date: /home/px4/ros2/ws/install/px4_msgs/include/px4_msgs/px4_msgs/msg/detail/lateral_control_configuration__builder.hpp\n'}
[1.639922] (px4_msgs) StdoutLine: {'line': b'-- Up-to-date: /home/px4/ros2/ws/install/px4_msgs/include/px4_msgs/px4_msgs/msg/detail/rc_parameter_map__struct.hpp\n'}
[1.639981] (px4_msgs) StdoutLine: {'line': b'-- Up-to-date: /home/px4/ros2/ws/install/px4_msgs/include/px4_msgs/px4_msgs/msg/detail/mission_result__traits.hpp\n'}
[1.640039] (px4_msgs) StdoutLine: {'line': b'-- Up-to-date: /home/px4/ros2/ws/install/px4_msgs/include/px4_msgs/px4_msgs/msg/detail/telemetry_status__traits.hpp\n'}
[1.640096] (px4_msgs) StdoutLine: {'line': b'-- Up-to-date: /home/px4/ros2/ws/install/px4_msgs/include/px4_msgs/px4_msgs/msg/detail/collision_constraints__traits.hpp\n'}
[1.640166] (px4_msgs) StdoutLine: {'line': b'-- Up-to-date: /home/px4/ros2/ws/install/px4_msgs/include/px4_msgs/px4_msgs/msg/detail/telemetry_status__type_support.hpp\n'}
[1.640231] (px4_msgs) StdoutLine: {'line': b'-- Up-to-date: /home/px4/ros2/ws/install/px4_msgs/include/px4_msgs/px4_msgs/msg/detail/vehicle_roi__traits.hpp\n'}
[1.640289] (px4_msgs) StdoutLine: {'line': b'-- Up-to-date: /home/px4/ros2/ws/install/px4_msgs/include/px4_msgs/px4_msgs/msg/detail/rover_rate_status__traits.hpp\n'}
[1.640346] (px4_msgs) StdoutLine: {'line': b'-- Up-to-date: /home/px4/ros2/ws/install/px4_msgs/include/px4_msgs/px4_msgs/msg/detail/mag_worker_data__builder.hpp\n'}
[1.640417] (px4_msgs) StdoutLine: {'line': b'-- Up-to-date: /home/px4/ros2/ws/install/px4_msgs/include/px4_msgs/px4_msgs/msg/detail/geofence_result__traits.hpp\n'}
[1.640476] (px4_msgs) StdoutLine: {'line': b'-- Up-to-date: /home/px4/ros2/ws/install/px4_msgs/include/px4_msgs/px4_msgs/msg/detail/fixed_wing_longitudinal_setpoint__builder.hpp\n'}
[1.640592] (px4_msgs) StdoutLine: {'line': b'-- Up-to-date: /home/px4/ros2/ws/install/px4_msgs/include/px4_msgs/px4_msgs/msg/detail/sensors_status__builder.hpp\n'}
[1.640664] (px4_msgs) StdoutLine: {'line': b'-- Up-to-date: /home/px4/ros2/ws/install/px4_msgs/include/px4_msgs/px4_msgs/msg/detail/actuator_armed__struct.hpp\n'}
[1.640724] (px4_msgs) StdoutLine: {'line': b'-- Up-to-date: /home/px4/ros2/ws/install/px4_msgs/include/px4_msgs/px4_msgs/msg/detail/dronecan_node_status__traits.hpp\n'}
[1.640783] (px4_msgs) StdoutLine: {'line': b'-- Up-to-date: /home/px4/ros2/ws/install/px4_msgs/include/px4_msgs/px4_msgs/msg/detail/fixed_wing_runway_control__builder.hpp\n'}
[1.640841] (px4_msgs) StdoutLine: {'line': b'-- Up-to-date: /home/px4/ros2/ws/install/px4_msgs/include/px4_msgs/px4_msgs/msg/detail/ekf2_timestamps__type_support.hpp\n'}
[1.640900] (px4_msgs) StdoutLine: {'line': b'-- Up-to-date: /home/px4/ros2/ws/install/px4_msgs/include/px4_msgs/px4_msgs/msg/detail/sensor_gps__struct.hpp\n'}
[1.640971] (px4_msgs) StdoutLine: {'line': b'-- Up-to-date: /home/px4/ros2/ws/install/px4_msgs/include/px4_msgs/px4_msgs/msg/detail/sensor_baro__struct.hpp\n'}
[1.641028] (px4_msgs) StdoutLine: {'line': b'-- Up-to-date: /home/px4/ros2/ws/install/px4_msgs/include/px4_msgs/px4_msgs/msg/detail/irlock_report__type_support.hpp\n'}
[1.641086] (px4_msgs) StdoutLine: {'line': b'-- Up-to-date: /home/px4/ros2/ws/install/px4_msgs/include/px4_msgs/px4_msgs/msg/detail/manual_control_setpoint__struct.hpp\n'}
[1.641145] (px4_msgs) StdoutLine: {'line': b'-- Up-to-date: /home/px4/ros2/ws/install/px4_msgs/include/px4_msgs/px4_msgs/msg/detail/irlock_report__builder.hpp\n'}
[1.641203] (px4_msgs) StdoutLine: {'line': b'-- Up-to-date: /home/px4/ros2/ws/install/px4_msgs/include/px4_msgs/px4_msgs/msg/detail/flight_phase_estimation__struct.hpp\n'}
[1.641262] (px4_msgs) StdoutLine: {'line': b'-- Up-to-date: /home/px4/ros2/ws/install/px4_msgs/include/px4_msgs/px4_msgs/msg/detail/health_report__traits.hpp\n'}
[1.641320] (px4_msgs) StdoutLine: {'line': b'-- Up-to-date: /home/px4/ros2/ws/install/px4_msgs/include/px4_msgs/px4_msgs/msg/detail/transponder_report__struct.hpp\n'}
[1.641377] (px4_msgs) StdoutLine: {'line': b'-- Up-to-date: /home/px4/ros2/ws/install/px4_msgs/include/px4_msgs/px4_msgs/msg/detail/ekf2_timestamps__builder.hpp\n'}
[1.641435] (px4_msgs) StdoutLine: {'line': b'-- Up-to-date: /home/px4/ros2/ws/install/px4_msgs/include/px4_msgs/px4_msgs/msg/detail/gimbal_manager_status__type_support.hpp\n'}
[1.641506] (px4_msgs) StdoutLine: {'line': b'-- Up-to-date: /home/px4/ros2/ws/install/px4_msgs/include/px4_msgs/px4_msgs/msg/detail/power_monitor__builder.hpp\n'}
[1.641591] (px4_msgs) StdoutLine: {'line': b'-- Up-to-date: /home/px4/ros2/ws/install/px4_msgs/include/px4_msgs/px4_msgs/msg/detail/led_control__type_support.hpp\n'}
[1.641652] (px4_msgs) StdoutLine: {'line': b'-- Up-to-date: /home/px4/ros2/ws/install/px4_msgs/include/px4_msgs/px4_msgs/msg/detail/esc_status__struct.hpp\n'}
[1.641711] (px4_msgs) StdoutLine: {'line': b'-- Up-to-date: /home/px4/ros2/ws/install/px4_msgs/include/px4_msgs/px4_msgs/msg/detail/collision_constraints__builder.hpp\n'}
[1.641769] (px4_msgs) StdoutLine: {'line': b'-- Up-to-date: /home/px4/ros2/ws/install/px4_msgs/include/px4_msgs/px4_msgs/msg/detail/camera_capture__struct.hpp\n'}
[1.641832] (px4_msgs) StdoutLine: {'line': b'-- Up-to-date: /home/px4/ros2/ws/install/px4_msgs/include/px4_msgs/px4_msgs/msg/detail/vehicle_air_data__type_support.hpp\n'}
[1.641892] (px4_msgs) StdoutLine: {'line': b'-- Up-to-date: /home/px4/ros2/ws/install/px4_msgs/include/px4_msgs/px4_msgs/msg/detail/manual_control_setpoint__traits.hpp\n'}
[1.641969] (px4_msgs) StdoutLine: {'line': b'-- Up-to-date: /home/px4/ros2/ws/install/px4_msgs/include/px4_msgs/px4_msgs/msg/detail/satellite_info__traits.hpp\n'}
[1.642028] (px4_msgs) StdoutLine: {'line': b'-- Up-to-date: /home/px4/ros2/ws/install/px4_msgs/include/px4_msgs/px4_msgs/msg/detail/estimator_bias3d__builder.hpp\n'}
[1.642087] (px4_msgs) StdoutLine: {'line': b'-- Up-to-date: /home/px4/ros2/ws/install/px4_msgs/include/px4_msgs/px4_msgs/msg/detail/goto_setpoint__struct.hpp\n'}
[1.642145] (px4_msgs) StdoutLine: {'line': b'-- Up-to-date: /home/px4/ros2/ws/install/px4_msgs/include/px4_msgs/px4_msgs/msg/detail/estimator_selector_status__builder.hpp\n'}
[1.642212] (px4_msgs) StdoutLine: {'line': b'-- Up-to-date: /home/px4/ros2/ws/install/px4_msgs/include/px4_msgs/px4_msgs/msg/detail/collision_constraints__struct.hpp\n'}
[1.642270] (px4_msgs) StdoutLine: {'line': b'-- Up-to-date: /home/px4/ros2/ws/install/px4_msgs/include/px4_msgs/px4_msgs/msg/detail/cellular_status__traits.hpp\n'}
[1.642328] (px4_msgs) StdoutLine: {'line': b'-- Up-to-date: /home/px4/ros2/ws/install/px4_msgs/include/px4_msgs/px4_msgs/msg/detail/gimbal_manager_set_manual_control__builder.hpp\n'}
[1.642387] (px4_msgs) StdoutLine: {'line': b'-- Up-to-date: /home/px4/ros2/ws/install/px4_msgs/include/px4_msgs/px4_msgs/msg/detail/mode_completed__type_support.hpp\n'}
[1.642444] (px4_msgs) StdoutLine: {'line': b'-- Up-to-date: /home/px4/ros2/ws/install/px4_msgs/include/px4_msgs/px4_msgs/msg/detail/task_stack_info__struct.hpp\n'}
[1.642518] (px4_msgs) StdoutLine: {'line': b'-- Up-to-date: /home/px4/ros2/ws/install/px4_msgs/include/px4_msgs/px4_msgs/msg/detail/sensors_status__traits.hpp\n'}
[1.642614] (px4_msgs) StdoutLine: {'line': b'-- Up-to-date: /home/px4/ros2/ws/install/px4_msgs/include/px4_msgs/px4_msgs/msg/detail/actuator_servos__traits.hpp\n'}
[1.642676] (px4_msgs) StdoutLine: {'line': b'-- Up-to-date: /home/px4/ros2/ws/install/px4_msgs/include/px4_msgs/px4_msgs/msg/detail/px4io_status__builder.hpp\n'}
[1.642735] (px4_msgs) StdoutLine: {'line': b'-- Up-to-date: /home/px4/ros2/ws/install/px4_msgs/include/px4_msgs/px4_msgs/msg/detail/sensor_baro__type_support.hpp\n'}
[1.642792] (px4_msgs) StdoutLine: {'line': b'-- Up-to-date: /home/px4/ros2/ws/install/px4_msgs/include/px4_msgs/px4_msgs/msg/detail/camera_trigger__traits.hpp\n'}
[1.642850] (px4_msgs) StdoutLine: {'line': b'-- Up-to-date: /home/px4/ros2/ws/install/px4_msgs/include/px4_msgs/px4_msgs/msg/detail/vehicle_command_ack__struct.hpp\n'}
[1.642907] (px4_msgs) StdoutLine: {'line': b'-- Up-to-date: /home/px4/ros2/ws/install/px4_msgs/include/px4_msgs/px4_msgs/msg/detail/dataman_request__struct.hpp\n'}
[1.642968] (px4_msgs) StdoutLine: {'line': b'-- Up-to-date: /home/px4/ros2/ws/install/px4_msgs/include/px4_msgs/px4_msgs/msg/detail/internal_combustion_engine_status__struct.hpp\n'}
[1.643026] (px4_msgs) StdoutLine: {'line': b'-- Up-to-date: /home/px4/ros2/ws/install/px4_msgs/include/px4_msgs/px4_msgs/msg/detail/tecs_status__builder.hpp\n'}
[1.643083] (px4_msgs) StdoutLine: {'line': b'-- Up-to-date: /home/px4/ros2/ws/install/px4_msgs/include/px4_msgs/px4_msgs/msg/detail/qshell_retval__traits.hpp\n'}
[1.643140] (px4_msgs) StdoutLine: {'line': b'-- Up-to-date: /home/px4/ros2/ws/install/px4_msgs/include/px4_msgs/px4_msgs/msg/detail/fixed_wing_lateral_status__builder.hpp\n'}
[1.643197] (px4_msgs) StdoutLine: {'line': b'-- Up-to-date: /home/px4/ros2/ws/install/px4_msgs/include/px4_msgs/px4_msgs/msg/detail/event__type_support.hpp\n'}
[1.643254] (px4_msgs) StdoutLine: {'line': b'-- Up-to-date: /home/px4/ros2/ws/install/px4_msgs/include/px4_msgs/px4_msgs/msg/detail/sensor_gyro_fft__type_support.hpp\n'}
[1.643311] (px4_msgs) StdoutLine: {'line': b'-- Up-to-date: /home/px4/ros2/ws/install/px4_msgs/include/px4_msgs/px4_msgs/msg/detail/follow_target_status__struct.hpp\n'}
[1.643368] (px4_msgs) StdoutLine: {'line': b'-- Up-to-date: /home/px4/ros2/ws/install/px4_msgs/include/px4_msgs/px4_msgs/msg/detail/estimator_bias3d__type_support.hpp\n'}
[1.643427] (px4_msgs) StdoutLine: {'line': b'-- Up-to-date: /home/px4/ros2/ws/install/px4_msgs/include/px4_msgs/px4_msgs/msg/detail/actuator_servos_trim__struct.hpp\n'}
[1.643484] (px4_msgs) StdoutLine: {'line': b'-- Up-to-date: /home/px4/ros2/ws/install/px4_msgs/include/px4_msgs/px4_msgs/msg/detail/rover_rate_setpoint__traits.hpp\n'}
[1.643583] (px4_msgs) StdoutLine: {'line': b'-- Up-to-date: /home/px4/ros2/ws/install/px4_msgs/include/px4_msgs/px4_msgs/msg/detail/sensor_airflow__traits.hpp\n'}
[1.643644] (px4_msgs) StdoutLine: {'line': b'-- Up-to-date: /home/px4/ros2/ws/install/px4_msgs/include/px4_msgs/px4_msgs/msg/detail/mission__traits.hpp\n'}
[1.643702] (px4_msgs) StdoutLine: {'line': b'-- Up-to-date: /home/px4/ros2/ws/install/px4_msgs/include/px4_msgs/px4_msgs/msg/detail/fixed_wing_lateral_setpoint__traits.hpp\n'}
[1.643770] (px4_msgs) StdoutLine: {'line': b'-- Up-to-date: /home/px4/ros2/ws/install/px4_msgs/include/px4_msgs/px4_msgs/msg/detail/gpio_in__builder.hpp\n'}
[1.643835] (px4_msgs) StdoutLine: {'line': b'-- Up-to-date: /home/px4/ros2/ws/install/px4_msgs/include/px4_msgs/px4_msgs/msg/detail/airspeed_wind__builder.hpp\n'}
[1.643895] (px4_msgs) StdoutLine: {'line': b'-- Up-to-date: /home/px4/ros2/ws/install/px4_msgs/include/px4_msgs/px4_msgs/msg/detail/orb_test__type_support.hpp\n'}
[1.643955] (px4_msgs) StdoutLine: {'line': b'-- Up-to-date: /home/px4/ros2/ws/install/px4_msgs/include/px4_msgs/px4_msgs/msg/detail/open_drone_id_arm_status__traits.hpp\n'}
[1.644015] (px4_msgs) StdoutLine: {'line': b'-- Up-to-date: /home/px4/ros2/ws/install/px4_msgs/include/px4_msgs/px4_msgs/msg/detail/geofence_result__builder.hpp\n'}
[1.644074] (px4_msgs) StdoutLine: {'line': b'-- Up-to-date: /home/px4/ros2/ws/install/px4_msgs/include/px4_msgs/px4_msgs/msg/detail/gripper__struct.hpp\n'}
[1.644133] (px4_msgs) StdoutLine: {'line': b'-- Up-to-date: /home/px4/ros2/ws/install/px4_msgs/include/px4_msgs/px4_msgs/msg/detail/tecs_status__traits.hpp\n'}
[1.644190] (px4_msgs) StdoutLine: {'line': b'-- Up-to-date: /home/px4/ros2/ws/install/px4_msgs/include/px4_msgs/px4_msgs/msg/detail/ulog_stream_ack__type_support.hpp\n'}
[1.644248] (px4_msgs) StdoutLine: {'line': b'-- Up-to-date: /home/px4/ros2/ws/install/px4_msgs/include/px4_msgs/px4_msgs/msg/detail/vehicle_rates_setpoint__traits.hpp\n'}
[1.644306] (px4_msgs) StdoutLine: {'line': b'-- Up-to-date: /home/px4/ros2/ws/install/px4_msgs/include/px4_msgs/px4_msgs/msg/detail/trajectory_setpoint__type_support.hpp\n'}
[1.644365] (px4_msgs) StdoutLine: {'line': b'-- Up-to-date: /home/px4/ros2/ws/install/px4_msgs/include/px4_msgs/px4_msgs/msg/detail/velocity_limits__builder.hpp\n'}
[1.644424] (px4_msgs) StdoutLine: {'line': b'-- Up-to-date: /home/px4/ros2/ws/install/px4_msgs/include/px4_msgs/px4_msgs/msg/detail/open_drone_id_arm_status__builder.hpp\n'}
[1.644482] (px4_msgs) StdoutLine: {'line': b'-- Up-to-date: /home/px4/ros2/ws/install/px4_msgs/include/px4_msgs/px4_msgs/msg/detail/rover_steering_setpoint__builder.hpp\n'}
[1.644576] (px4_msgs) StdoutLine: {'line': b'-- Up-to-date: /home/px4/ros2/ws/install/px4_msgs/include/px4_msgs/px4_msgs/msg/detail/sensor_gnss_relative__struct.hpp\n'}
[1.644639] (px4_msgs) StdoutLine: {'line': b'-- Up-to-date: /home/px4/ros2/ws/install/px4_msgs/include/px4_msgs/px4_msgs/msg/detail/fixed_wing_longitudinal_setpoint__type_support.hpp\n'}
[1.644700] (px4_msgs) StdoutLine: {'line': b'-- Up-to-date: /home/px4/ros2/ws/install/px4_msgs/include/px4_msgs/px4_msgs/msg/detail/event__traits.hpp\n'}
[1.644775] (px4_msgs) StdoutLine: {'line': b'-- Up-to-date: /home/px4/ros2/ws/install/px4_msgs/include/px4_msgs/px4_msgs/msg/detail/arming_check_reply__type_support.hpp\n'}
[1.644836] (px4_msgs) StdoutLine: {'line': b'-- Up-to-date: /home/px4/ros2/ws/install/px4_msgs/include/px4_msgs/px4_msgs/msg/detail/actuator_servos_trim__builder.hpp\n'}
[1.644894] (px4_msgs) StdoutLine: {'line': b'-- Up-to-date: /home/px4/ros2/ws/install/px4_msgs/include/px4_msgs/px4_msgs/msg/detail/airspeed__struct.hpp\n'}
[1.644954] (px4_msgs) StdoutLine: {'line': b'-- Up-to-date: /home/px4/ros2/ws/install/px4_msgs/include/px4_msgs/px4_msgs/msg/detail/arming_check_request__struct.hpp\n'}
[1.645012] (px4_msgs) StdoutLine: {'line': b'-- Up-to-date: /home/px4/ros2/ws/install/px4_msgs/include/px4_msgs/px4_msgs/msg/detail/power_button_state__type_support.hpp\n'}
[1.645069] (px4_msgs) StdoutLine: {'line': b'-- Up-to-date: /home/px4/ros2/ws/install/px4_msgs/include/px4_msgs/px4_msgs/msg/detail/trajectory_setpoint__struct.hpp\n'}
[1.645128] (px4_msgs) StdoutLine: {'line': b'-- Up-to-date: /home/px4/ros2/ws/install/px4_msgs/include/px4_msgs/px4_msgs/msg/detail/satellite_info__struct.hpp\n'}
[1.645185] (px4_msgs) StdoutLine: {'line': b'-- Up-to-date: /home/px4/ros2/ws/install/px4_msgs/include/px4_msgs/px4_msgs/msg/detail/rc_channels__type_support.hpp\n'}
[1.645252] (px4_msgs) StdoutLine: {'line': b'-- Up-to-date: /home/px4/ros2/ws/install/px4_msgs/include/px4_msgs/px4_msgs/msg/detail/logger_status__struct.hpp\n'}
[1.645310] (px4_msgs) StdoutLine: {'line': b'-- Up-to-date: /home/px4/ros2/ws/install/px4_msgs/include/px4_msgs/px4_msgs/msg/detail/camera_trigger__builder.hpp\n'}
[1.645369] (px4_msgs) StdoutLine: {'line': b'-- Up-to-date: /home/px4/ros2/ws/install/px4_msgs/include/px4_msgs/px4_msgs/msg/detail/pure_pursuit_status__struct.hpp\n'}
[1.645426] (px4_msgs) StdoutLine: {'line': b'-- Up-to-date: /home/px4/ros2/ws/install/px4_msgs/include/px4_msgs/px4_msgs/msg/detail/rpm__struct.hpp\n'}
[1.645484] (px4_msgs) StdoutLine: {'line': b'-- Up-to-date: /home/px4/ros2/ws/install/px4_msgs/include/px4_msgs/px4_msgs/msg/detail/landing_target_innovations__traits.hpp\n'}
[1.645580] (px4_msgs) StdoutLine: {'line': b'-- Up-to-date: /home/px4/ros2/ws/install/px4_msgs/include/px4_msgs/px4_msgs/msg/detail/estimator_selector_status__struct.hpp\n'}
[1.645641] (px4_msgs) StdoutLine: {'line': b'-- Up-to-date: /home/px4/ros2/ws/install/px4_msgs/include/px4_msgs/px4_msgs/msg/detail/vehicle_acceleration__traits.hpp\n'}
[1.645701] (px4_msgs) StdoutLine: {'line': b'-- Up-to-date: /home/px4/ros2/ws/install/px4_msgs/include/px4_msgs/px4_msgs/msg/detail/autotune_attitude_control_status__builder.hpp\n'}
[1.645760] (px4_msgs) StdoutLine: {'line': b'-- Up-to-date: /home/px4/ros2/ws/install/px4_msgs/include/px4_msgs/px4_msgs/msg/detail/dataman_response__traits.hpp\n'}
[1.645829] (px4_msgs) StdoutLine: {'line': b'-- Up-to-date: /home/px4/ros2/ws/install/px4_msgs/include/px4_msgs/px4_msgs/msg/detail/vehicle_angular_acceleration_setpoint__traits.hpp\n'}
[1.645893] (px4_msgs) StdoutLine: {'line': b'-- Up-to-date: /home/px4/ros2/ws/install/px4_msgs/include/px4_msgs/px4_msgs/msg/detail/task_stack_info__builder.hpp\n'}
[1.645956] (px4_msgs) StdoutLine: {'line': b'-- Up-to-date: /home/px4/ros2/ws/install/px4_msgs/include/px4_msgs/px4_msgs/msg/detail/follow_target_status__traits.hpp\n'}
[1.646018] (px4_msgs) StdoutLine: {'line': b'-- Up-to-date: /home/px4/ros2/ws/install/px4_msgs/include/px4_msgs/px4_msgs/msg/detail/heater_status__type_support.hpp\n'}
[1.646078] (px4_msgs) StdoutLine: {'line': b'-- Up-to-date: /home/px4/ros2/ws/install/px4_msgs/include/px4_msgs/px4_msgs/msg/detail/launch_detection_status__traits.hpp\n'}
[1.646137] (px4_msgs) StdoutLine: {'line': b'-- Up-to-date: /home/px4/ros2/ws/install/px4_msgs/include/px4_msgs/px4_msgs/msg/detail/ulog_stream__builder.hpp\n'}
[1.646195] (px4_msgs) StdoutLine: {'line': b'-- Up-to-date: /home/px4/ros2/ws/install/px4_msgs/include/px4_msgs/px4_msgs/msg/detail/landing_target_innovations__type_support.hpp\n'}
[1.646256] (px4_msgs) StdoutLine: {'line': b'-- Up-to-date: /home/px4/ros2/ws/install/px4_msgs/include/px4_msgs/px4_msgs/msg/detail/gimbal_manager_set_manual_control__struct.hpp\n'}
[1.646316] (px4_msgs) StdoutLine: {'line': b'-- Up-to-date: /home/px4/ros2/ws/install/px4_msgs/include/px4_msgs/px4_msgs/msg/detail/velocity_limits__traits.hpp\n'}
[1.646373] (px4_msgs) StdoutLine: {'line': b'-- Up-to-date: /home/px4/ros2/ws/install/px4_msgs/include/px4_msgs/px4_msgs/msg/detail/sensor_mag__type_support.hpp\n'}
[1.646432] (px4_msgs) StdoutLine: {'line': b'-- Up-to-date: /home/px4/ros2/ws/install/px4_msgs/include/px4_msgs/px4_msgs/msg/detail/hover_thrust_estimate__builder.hpp\n'}
[1.646499] (px4_msgs) StdoutLine: {'line': b'-- Up-to-date: /home/px4/ros2/ws/install/px4_msgs/include/px4_msgs/px4_msgs/msg/detail/sensor_optical_flow__traits.hpp\n'}
[1.646569] (px4_msgs) StdoutLine: {'line': b'-- Up-to-date: /home/px4/ros2/ws/install/px4_msgs/include/px4_msgs/px4_msgs/msg/detail/distance_sensor_mode_change_request__struct.hpp\n'}
[1.646629] (px4_msgs) StdoutLine: {'line': b'-- Up-to-date: /home/px4/ros2/ws/install/px4_msgs/include/px4_msgs/px4_msgs/msg/detail/orbit_status__builder.hpp\n'}
[1.646688] (px4_msgs) StdoutLine: {'line': b'-- Up-to-date: /home/px4/ros2/ws/install/px4_msgs/include/px4_msgs/px4_msgs/msg/detail/control_allocator_status__struct.hpp\n'}
[1.646755] (px4_msgs) StdoutLine: {'line': b'-- Up-to-date: /home/px4/ros2/ws/install/px4_msgs/include/px4_msgs/px4_msgs/msg/detail/fuel_tank_status__struct.hpp\n'}
[1.646814] (px4_msgs) StdoutLine: {'line': b'-- Up-to-date: /home/px4/ros2/ws/install/px4_msgs/include/px4_msgs/px4_msgs/msg/detail/onboard_computer_status__type_support.hpp\n'}
[1.646886] (px4_msgs) StdoutLine: {'line': b'-- Up-to-date: /home/px4/ros2/ws/install/px4_msgs/include/px4_msgs/px4_msgs/msg/detail/sensor_hygrometer__builder.hpp\n'}
[1.646947] (px4_msgs) StdoutLine: {'line': b'-- Up-to-date: /home/px4/ros2/ws/install/px4_msgs/include/px4_msgs/px4_msgs/msg/detail/sensor_gyro_fifo__builder.hpp\n'}
[1.647006] (px4_msgs) StdoutLine: {'line': b'-- Up-to-date: /home/px4/ros2/ws/install/px4_msgs/include/px4_msgs/px4_msgs/msg/detail/mavlink_log__traits.hpp\n'}
[1.647063] (px4_msgs) StdoutLine: {'line': b'-- Up-to-date: /home/px4/ros2/ws/install/px4_msgs/include/px4_msgs/px4_msgs/msg/detail/gpio_request__struct.hpp\n'}
[1.647121] (px4_msgs) StdoutLine: {'line': b'-- Up-to-date: /home/px4/ros2/ws/install/px4_msgs/include/px4_msgs/px4_msgs/msg/detail/actuator_servos__struct.hpp\n'}
[1.647177] (px4_msgs) StdoutLine: {'line': b'-- Up-to-date: /home/px4/ros2/ws/install/px4_msgs/include/px4_msgs/px4_msgs/msg/detail/debug_key_value__traits.hpp\n'}
[1.647234] (px4_msgs) StdoutLine: {'line': b'-- Up-to-date: /home/px4/ros2/ws/install/px4_msgs/include/px4_msgs/px4_msgs/msg/detail/rover_throttle_setpoint__traits.hpp\n'}
[1.647290] (px4_msgs) StdoutLine: {'line': b'-- Up-to-date: /home/px4/ros2/ws/install/px4_msgs/include/px4_msgs/px4_msgs/msg/detail/vehicle_global_position__struct.hpp\n'}
[1.647347] (px4_msgs) StdoutLine: {'line': b'-- Up-to-date: /home/px4/ros2/ws/install/px4_msgs/include/px4_msgs/px4_msgs/msg/detail/actuator_test__builder.hpp\n'}
[1.647404] (px4_msgs) StdoutLine: {'line': b'-- Up-to-date: /home/px4/ros2/ws/install/px4_msgs/include/px4_msgs/px4_msgs/msg/detail/vehicle_air_data__struct.hpp\n'}
[1.647461] (px4_msgs) StdoutLine: {'line': b'-- Up-to-date: /home/px4/ros2/ws/install/px4_msgs/include/px4_msgs/px4_msgs/msg/detail/sensor_preflight_mag__builder.hpp\n'}
[1.647551] (px4_msgs) StdoutLine: {'line': b'-- Up-to-date: /home/px4/ros2/ws/install/px4_msgs/include/px4_msgs/px4_msgs/msg/detail/vehicle_land_detected__traits.hpp\n'}
[1.647625] (px4_msgs) StdoutLine: {'line': b'-- Up-to-date: /home/px4/ros2/ws/install/px4_msgs/include/px4_msgs/px4_msgs/msg/detail/sensor_correction__builder.hpp\n'}
[1.647683] (px4_msgs) StdoutLine: {'line': b'-- Up-to-date: /home/px4/ros2/ws/install/px4_msgs/include/px4_msgs/px4_msgs/msg/detail/pure_pursuit_status__builder.hpp\n'}
[1.647741] (px4_msgs) StdoutLine: {'line': b'-- Up-to-date: /home/px4/ros2/ws/install/px4_msgs/include/px4_msgs/px4_msgs/msg/detail/dataman_request__type_support.hpp\n'}
[1.647807] (px4_msgs) StdoutLine: {'line': b'-- Up-to-date: /home/px4/ros2/ws/install/px4_msgs/include/px4_msgs/px4_msgs/msg/detail/failsafe_flags__builder.hpp\n'}
[1.647866] (px4_msgs) StdoutLine: {'line': b'-- Up-to-date: /home/px4/ros2/ws/install/px4_msgs/include/px4_msgs/px4_msgs/msg/detail/camera_capture__type_support.hpp\n'}
[1.647927] (px4_msgs) StdoutLine: {'line': b'-- Up-to-date: /home/px4/ros2/ws/install/px4_msgs/include/px4_msgs/px4_msgs/msg/detail/vehicle_attitude__builder.hpp\n'}
[1.647984] (px4_msgs) StdoutLine: {'line': b'-- Up-to-date: /home/px4/ros2/ws/install/px4_msgs/include/px4_msgs/px4_msgs/msg/detail/wind__traits.hpp\n'}
[1.648040] (px4_msgs) StdoutLine: {'line': b'-- Up-to-date: /home/px4/ros2/ws/install/px4_msgs/include/px4_msgs/px4_msgs/msg/detail/airspeed_wind__struct.hpp\n'}
[1.648098] (px4_msgs) StdoutLine: {'line': b'-- Up-to-date: /home/px4/ros2/ws/install/px4_msgs/include/px4_msgs/px4_msgs/msg/detail/rover_velocity_status__builder.hpp\n'}
[1.648155] (px4_msgs) StdoutLine: {'line': b'-- Up-to-date: /home/px4/ros2/ws/install/px4_msgs/include/px4_msgs/px4_msgs/msg/detail/actuator_motors__traits.hpp\n'}
[1.648214] (px4_msgs) StdoutLine: {'line': b'-- Up-to-date: /home/px4/ros2/ws/install/px4_msgs/include/px4_msgs/px4_msgs/msg/detail/sensor_correction__traits.hpp\n'}
[1.648280] (px4_msgs) StdoutLine: {'line': b'-- Up-to-date: /home/px4/ros2/ws/install/px4_msgs/include/px4_msgs/px4_msgs/msg/detail/orb_test_medium__struct.hpp\n'}
[1.648337] (px4_msgs) StdoutLine: {'line': b'-- Up-to-date: /home/px4/ros2/ws/install/px4_msgs/include/px4_msgs/px4_msgs/msg/detail/offboard_control_mode__traits.hpp\n'}
[1.648395] (px4_msgs) StdoutLine: {'line': b'-- Up-to-date: /home/px4/ros2/ws/install/px4_msgs/include/px4_msgs/px4_msgs/msg/detail/sensor_selection__traits.hpp\n'}
[1.648454] (px4_msgs) StdoutLine: {'line': b'-- Up-to-date: /home/px4/ros2/ws/install/px4_msgs/include/px4_msgs/px4_msgs/msg/detail/vehicle_acceleration__struct.hpp\n'}
[1.648539] (px4_msgs) StdoutLine: {'line': b'-- Up-to-date: /home/px4/ros2/ws/install/px4_msgs/include/px4_msgs/px4_msgs/msg/detail/landing_target_innovations__builder.hpp\n'}
[1.648609] (px4_msgs) StdoutLine: {'line': b'-- Up-to-date: /home/px4/ros2/ws/install/px4_msgs/include/px4_msgs/px4_msgs/msg/detail/gpio_out__struct.hpp\n'}
[1.648669] (px4_msgs) StdoutLine: {'line': b'-- Up-to-date: /home/px4/ros2/ws/install/px4_msgs/include/px4_msgs/px4_msgs/msg/detail/normalized_unsigned_setpoint__struct.hpp\n'}
[1.648728] (px4_msgs) StdoutLine: {'line': b'-- Up-to-date: /home/px4/ros2/ws/install/px4_msgs/include/px4_msgs/px4_msgs/msg/detail/gimbal_device_attitude_status__type_support.hpp\n'}
[1.648786] (px4_msgs) StdoutLine: {'line': b'-- Up-to-date: /home/px4/ros2/ws/install/px4_msgs/include/px4_msgs/px4_msgs/msg/detail/fixed_wing_longitudinal_setpoint__struct.hpp\n'}
[1.648845] (px4_msgs) StdoutLine: {'line': b'-- Up-to-date: /home/px4/ros2/ws/install/px4_msgs/include/px4_msgs/px4_msgs/msg/detail/parameter_set_used_request__traits.hpp\n'}
[1.648905] (px4_msgs) StdoutLine: {'line': b'-- Up-to-date: /home/px4/ros2/ws/install/px4_msgs/include/px4_msgs/px4_msgs/msg/detail/vehicle_odometry__traits.hpp\n'}
[1.648964] (px4_msgs) StdoutLine: {'line': b'-- Up-to-date: /home/px4/ros2/ws/install/px4_msgs/include/px4_msgs/px4_msgs/msg/detail/telemetry_status__struct.hpp\n'}
[1.649038] (px4_msgs) StdoutLine: {'line': b'-- Up-to-date: /home/px4/ros2/ws/install/px4_msgs/include/px4_msgs/px4_msgs/msg/detail/manual_control_switches__struct.hpp\n'}
[1.649099] (px4_msgs) StdoutLine: {'line': b'-- Up-to-date: /home/px4/ros2/ws/install/px4_msgs/include/px4_msgs/px4_msgs/msg/detail/orb_test__traits.hpp\n'}
[1.649158] (px4_msgs) StdoutLine: {'line': b'-- Up-to-date: /home/px4/ros2/ws/install/px4_msgs/include/px4_msgs/px4_msgs/msg/detail/rover_steering_setpoint__type_support.hpp\n'}
[1.649216] (px4_msgs) StdoutLine: {'line': b'-- Up-to-date: /home/px4/ros2/ws/install/px4_msgs/include/px4_msgs/px4_msgs/msg/detail/trajectory_setpoint6dof__traits.hpp\n'}
[1.649273] (px4_msgs) StdoutLine: {'line': b'-- Up-to-date: /home/px4/ros2/ws/install/px4_msgs/include/px4_msgs/px4_msgs/msg/detail/sensor_selection__struct.hpp\n'}
[1.649331] (px4_msgs) StdoutLine: {'line': b'-- Up-to-date: /home/px4/ros2/ws/install/px4_msgs/include/px4_msgs/px4_msgs/msg/detail/debug_key_value__builder.hpp\n'}
[1.649389] (px4_msgs) StdoutLine: {'line': b'-- Up-to-date: /home/px4/ros2/ws/install/px4_msgs/include/px4_msgs/px4_msgs/msg/detail/goto_setpoint__type_support.hpp\n'}
[1.649447] (px4_msgs) StdoutLine: {'line': b'-- Up-to-date: /home/px4/ros2/ws/install/px4_msgs/include/px4_msgs/px4_msgs/msg/detail/geofence_result__struct.hpp\n'}
[1.649528] (px4_msgs) StdoutLine: {'line': b'-- Up-to-date: /home/px4/ros2/ws/install/px4_msgs/include/px4_msgs/px4_msgs/msg/detail/parameter_set_value_request__type_support.hpp\n'}
[1.649600] (px4_msgs) StdoutLine: {'line': b'-- Up-to-date: /home/px4/ros2/ws/install/px4_msgs/include/px4_msgs/px4_msgs/msg/detail/camera_status__traits.hpp\n'}
[1.649660] (px4_msgs) StdoutLine: {'line': b'-- Up-to-date: /home/px4/ros2/ws/install/px4_msgs/include/px4_msgs/px4_msgs/msg/detail/gps_dump__type_support.hpp\n'}
[1.649742] (px4_msgs) StdoutLine: {'line': b'-- Up-to-date: /home/px4/ros2/ws/install/px4_msgs/include/px4_msgs/px4_msgs/msg/detail/obstacle_distance__type_support.hpp\n'}
[1.649823] (px4_msgs) StdoutLine: {'line': b'-- Up-to-date: /home/px4/ros2/ws/install/px4_msgs/include/px4_msgs/px4_msgs/msg/detail/sensor_optical_flow__builder.hpp\n'}
[1.649884] (px4_msgs) StdoutLine: {'line': b'-- Up-to-date: /home/px4/ros2/ws/install/px4_msgs/include/px4_msgs/px4_msgs/msg/detail/vehicle_imu_status__type_support.hpp\n'}
[1.649946] (px4_msgs) StdoutLine: {'line': b'-- Up-to-date: /home/px4/ros2/ws/install/px4_msgs/include/px4_msgs/px4_msgs/msg/detail/can_interface_status__traits.hpp\n'}
[1.650005] (px4_msgs) StdoutLine: {'line': b'-- Up-to-date: /home/px4/ros2/ws/install/px4_msgs/include/px4_msgs/px4_msgs/msg/detail/fixed_wing_lateral_setpoint__builder.hpp\n'}
[1.650064] (px4_msgs) StdoutLine: {'line': b'-- Up-to-date: /home/px4/ros2/ws/install/px4_msgs/include/px4_msgs/px4_msgs/msg/detail/vehicle_acceleration__type_support.hpp\n'}
[1.650122] (px4_msgs) StdoutLine: {'line': b'-- Up-to-date: /home/px4/ros2/ws/install/px4_msgs/include/px4_msgs/px4_msgs/msg/detail/distance_sensor__type_support.hpp\n'}
[1.650180] (px4_msgs) StdoutLine: {'line': b'-- Up-to-date: /home/px4/ros2/ws/install/px4_msgs/include/px4_msgs/px4_msgs/msg/detail/sensor_gyro__traits.hpp\n'}
[1.650237] (px4_msgs) StdoutLine: {'line': b'-- Up-to-date: /home/px4/ros2/ws/install/px4_msgs/include/px4_msgs/px4_msgs/msg/detail/arming_check_request__type_support.hpp\n'}
[1.650294] (px4_msgs) StdoutLine: {'line': b'-- Up-to-date: /home/px4/ros2/ws/install/px4_msgs/include/px4_msgs/px4_msgs/msg/detail/uavcan_parameter_request__type_support.hpp\n'}
[1.650351] (px4_msgs) StdoutLine: {'line': b'-- Up-to-date: /home/px4/ros2/ws/install/px4_msgs/include/px4_msgs/px4_msgs/msg/detail/orb_test_medium__builder.hpp\n'}
[1.650410] (px4_msgs) StdoutLine: {'line': b'-- Up-to-date: /home/px4/ros2/ws/install/px4_msgs/include/px4_msgs/px4_msgs/msg/detail/gpio_out__traits.hpp\n'}
[1.650469] (px4_msgs) StdoutLine: {'line': b'-- Up-to-date: /home/px4/ros2/ws/install/px4_msgs/include/px4_msgs/px4_msgs/msg/detail/gimbal_manager_status__struct.hpp\n'}
[1.650548] (px4_msgs) StdoutLine: {'line': b'-- Up-to-date: /home/px4/ros2/ws/install/px4_msgs/include/px4_msgs/px4_msgs/msg/detail/rover_position_setpoint__type_support.hpp\n'}
[1.650614] (px4_msgs) StdoutLine: {'line': b'-- Up-to-date: /home/px4/ros2/ws/install/px4_msgs/include/px4_msgs/px4_msgs/msg/detail/fixed_wing_longitudinal_setpoint__traits.hpp\n'}
[1.650675] (px4_msgs) StdoutLine: {'line': b'-- Up-to-date: /home/px4/ros2/ws/install/px4_msgs/include/px4_msgs/px4_msgs/msg/detail/debug_key_value__type_support.hpp\n'}
[1.650734] (px4_msgs) StdoutLine: {'line': b'-- Up-to-date: /home/px4/ros2/ws/install/px4_msgs/include/px4_msgs/px4_msgs/msg/detail/rpm__traits.hpp\n'}
[1.650792] (px4_msgs) StdoutLine: {'line': b'-- Up-to-date: /home/px4/ros2/ws/install/px4_msgs/include/px4_msgs/px4_msgs/msg/detail/gpio_out__builder.hpp\n'}
[1.650851] (px4_msgs) StdoutLine: {'line': b'-- Up-to-date: /home/px4/ros2/ws/install/px4_msgs/include/px4_msgs/px4_msgs/msg/detail/estimator_gps_status__traits.hpp\n'}
[1.650912] (px4_msgs) StdoutLine: {'line': b'-- Up-to-date: /home/px4/ros2/ws/install/px4_msgs/include/px4_msgs/px4_msgs/msg/detail/mode_completed__builder.hpp\n'}
[1.650971] (px4_msgs) StdoutLine: {'line': b'-- Up-to-date: /home/px4/ros2/ws/install/px4_msgs/include/px4_msgs/px4_msgs/msg/detail/gimbal_device_attitude_status__traits.hpp\n'}
[1.651029] (px4_msgs) StdoutLine: {'line': b'-- Up-to-date: /home/px4/ros2/ws/install/px4_msgs/include/px4_msgs/px4_msgs/msg/detail/esc_status__type_support.hpp\n'}
[1.651086] (px4_msgs) StdoutLine: {'line': b'-- Up-to-date: /home/px4/ros2/ws/install/px4_msgs/include/px4_msgs/px4_msgs/msg/detail/estimator_status__struct.hpp\n'}
[1.651159] (px4_msgs) StdoutLine: {'line': b'-- Up-to-date: /home/px4/ros2/ws/install/px4_msgs/include/px4_msgs/px4_msgs/msg/detail/failure_detector_status__struct.hpp\n'}
[1.651219] (px4_msgs) StdoutLine: {'line': b'-- Up-to-date: /home/px4/ros2/ws/install/px4_msgs/include/px4_msgs/px4_msgs/msg/detail/open_drone_id_operator_id__type_support.hpp\n'}
[1.651285] (px4_msgs) StdoutLine: {'line': b'-- Up-to-date: /home/px4/ros2/ws/install/px4_msgs/include/px4_msgs/px4_msgs/msg/detail/gpio_request__type_support.hpp\n'}
[1.651344] (px4_msgs) StdoutLine: {'line': b'-- Up-to-date: /home/px4/ros2/ws/install/px4_msgs/include/px4_msgs/px4_msgs/msg/detail/wind__type_support.hpp\n'}
[1.651403] (px4_msgs) StdoutLine: {'line': b'-- Up-to-date: /home/px4/ros2/ws/install/px4_msgs/include/px4_msgs/px4_msgs/msg/detail/position_controller_landing_status__builder.hpp\n'}
[1.651463] (px4_msgs) StdoutLine: {'line': b'-- Up-to-date: /home/px4/ros2/ws/install/px4_msgs/include/px4_msgs/px4_msgs/msg/detail/rover_attitude_status__builder.hpp\n'}
[1.651555] (px4_msgs) StdoutLine: {'line': b'-- Up-to-date: /home/px4/ros2/ws/install/px4_msgs/include/px4_msgs/px4_msgs/msg/detail/vehicle_optical_flow_vel__type_support.hpp\n'}
[1.651635] (px4_msgs) StdoutLine: {'line': b'-- Up-to-date: /home/px4/ros2/ws/install/px4_msgs/include/px4_msgs/px4_msgs/msg/detail/button_event__struct.hpp\n'}
[1.651695] (px4_msgs) StdoutLine: {'line': b'-- Up-to-date: /home/px4/ros2/ws/install/px4_msgs/include/px4_msgs/px4_msgs/msg/detail/differential_pressure__struct.hpp\n'}
[1.651762] (px4_msgs) StdoutLine: {'line': b'-- Up-to-date: /home/px4/ros2/ws/install/px4_msgs/include/px4_msgs/px4_msgs/msg/detail/ping__struct.hpp\n'}
[1.651822] (px4_msgs) StdoutLine: {'line': b'-- Up-to-date: /home/px4/ros2/ws/install/px4_msgs/include/px4_msgs/px4_msgs/msg/detail/sensor_baro__builder.hpp\n'}
[1.651880] (px4_msgs) StdoutLine: {'line': b'-- Up-to-date: /home/px4/ros2/ws/install/px4_msgs/include/px4_msgs/px4_msgs/msg/detail/esc_report__type_support.hpp\n'}
[1.651940] (px4_msgs) StdoutLine: {'line': b'-- Up-to-date: /home/px4/ros2/ws/install/px4_msgs/include/px4_msgs/px4_msgs/msg/detail/estimator_aid_source1d__traits.hpp\n'}
[1.651999] (px4_msgs) StdoutLine: {'line': b'-- Up-to-date: /home/px4/ros2/ws/install/px4_msgs/include/px4_msgs/px4_msgs/msg/detail/follow_target_estimator__type_support.hpp\n'}
[1.652056] (px4_msgs) StdoutLine: {'line': b'-- Up-to-date: /home/px4/ros2/ws/install/px4_msgs/include/px4_msgs/px4_msgs/msg/detail/fixed_wing_lateral_status__traits.hpp\n'}
[1.652113] (px4_msgs) StdoutLine: {'line': b'-- Up-to-date: /home/px4/ros2/ws/install/px4_msgs/include/px4_msgs/px4_msgs/msg/detail/estimator_aid_source3d__struct.hpp\n'}
[1.652170] (px4_msgs) StdoutLine: {'line': b'-- Up-to-date: /home/px4/ros2/ws/install/px4_msgs/include/px4_msgs/px4_msgs/msg/detail/dataman_response__builder.hpp\n'}
[1.652227] (px4_msgs) StdoutLine: {'line': b'-- Up-to-date: /home/px4/ros2/ws/install/px4_msgs/include/px4_msgs/px4_msgs/msg/detail/rpm__builder.hpp\n'}
[1.652284] (px4_msgs) StdoutLine: {'line': b'-- Up-to-date: /home/px4/ros2/ws/install/px4_msgs/include/px4_msgs/px4_msgs/msg/detail/yaw_estimator_status__type_support.hpp\n'}
[1.652342] (px4_msgs) StdoutLine: {'line': b'-- Up-to-date: /home/px4/ros2/ws/install/px4_msgs/include/px4_msgs/px4_msgs/msg/detail/health_report__type_support.hpp\n'}
[1.652400] (px4_msgs) StdoutLine: {'line': b'-- Up-to-date: /home/px4/ros2/ws/install/px4_msgs/include/px4_msgs/px4_msgs/msg/detail/landing_gear__struct.hpp\n'}
[1.652457] (px4_msgs) StdoutLine: {'line': b'-- Up-to-date: /home/px4/ros2/ws/install/px4_msgs/include/px4_msgs/px4_msgs/msg/detail/position_setpoint__traits.hpp\n'}
[1.652541] (px4_msgs) StdoutLine: {'line': b'-- Up-to-date: /home/px4/ros2/ws/install/px4_msgs/include/px4_msgs/px4_msgs/msg/detail/manual_control_switches__builder.hpp\n'}
[1.652610] (px4_msgs) StdoutLine: {'line': b'-- Up-to-date: /home/px4/ros2/ws/install/px4_msgs/include/px4_msgs/px4_msgs/msg/detail/battery_info__struct.hpp\n'}
[1.652668] (px4_msgs) StdoutLine: {'line': b'-- Up-to-date: /home/px4/ros2/ws/install/px4_msgs/include/px4_msgs/px4_msgs/msg/detail/message_format_response__struct.hpp\n'}
[1.652725] (px4_msgs) StdoutLine: {'line': b'-- Up-to-date: /home/px4/ros2/ws/install/px4_msgs/include/px4_msgs/px4_msgs/msg/detail/input_rc__struct.hpp\n'}
[1.652793] (px4_msgs) StdoutLine: {'line': b'-- Up-to-date: /home/px4/ros2/ws/install/px4_msgs/include/px4_msgs/px4_msgs/msg/detail/follow_target__struct.hpp\n'}
[1.652852] (px4_msgs) StdoutLine: {'line': b'-- Up-to-date: /home/px4/ros2/ws/install/px4_msgs/include/px4_msgs/px4_msgs/msg/detail/gimbal_manager_information__builder.hpp\n'}
[1.652910] (px4_msgs) StdoutLine: {'line': b'-- Up-to-date: /home/px4/ros2/ws/install/px4_msgs/include/px4_msgs/px4_msgs/msg/detail/qshell_req__traits.hpp\n'}
[1.652967] (px4_msgs) StdoutLine: {'line': b'-- Up-to-date: /home/px4/ros2/ws/install/px4_msgs/include/px4_msgs/px4_msgs/msg/detail/esc_report__struct.hpp\n'}
[1.653024] (px4_msgs) StdoutLine: {'line': b'-- Up-to-date: /home/px4/ros2/ws/install/px4_msgs/include/px4_msgs/px4_msgs/msg/detail/sensor_selection__builder.hpp\n'}
[1.653082] (px4_msgs) StdoutLine: {'line': b'-- Up-to-date: /home/px4/ros2/ws/install/px4_msgs/include/px4_msgs/px4_msgs/msg/detail/estimator_sensor_bias__traits.hpp\n'}
[1.653138] (px4_msgs) StdoutLine: {'line': b'-- Up-to-date: /home/px4/ros2/ws/install/px4_msgs/include/px4_msgs/px4_msgs/msg/detail/mount_orientation__type_support.hpp\n'}
[1.653195] (px4_msgs) StdoutLine: {'line': b'-- Up-to-date: /home/px4/ros2/ws/install/px4_msgs/include/px4_msgs/px4_msgs/msg/detail/battery_status__builder.hpp\n'}
[1.653267] (px4_msgs) StdoutLine: {'line': b'-- Up-to-date: /home/px4/ros2/ws/install/px4_msgs/include/px4_msgs/px4_msgs/msg/detail/iridiumsbd_status__traits.hpp\n'}
[1.653326] (px4_msgs) StdoutLine: {'line': b'-- Up-to-date: /home/px4/ros2/ws/install/px4_msgs/include/px4_msgs/px4_msgs/msg/detail/open_drone_id_system__traits.hpp\n'}
[1.653383] (px4_msgs) StdoutLine: {'line': b'-- Up-to-date: /home/px4/ros2/ws/install/px4_msgs/include/px4_msgs/px4_msgs/msg/detail/gps_inject_data__type_support.hpp\n'}
[1.653441] (px4_msgs) StdoutLine: {'line': b'-- Up-to-date: /home/px4/ros2/ws/install/px4_msgs/include/px4_msgs/px4_msgs/msg/detail/takeoff_status__builder.hpp\n'}
[1.653513] (px4_msgs) StdoutLine: {'line': b'-- Up-to-date: /home/px4/ros2/ws/install/px4_msgs/include/px4_msgs/px4_msgs/msg/detail/mag_worker_data__type_support.hpp\n'}
[1.653591] (px4_msgs) StdoutLine: {'line': b'-- Up-to-date: /home/px4/ros2/ws/install/px4_msgs/include/px4_msgs/px4_msgs/msg/detail/register_ext_component_request__traits.hpp\n'}
[1.653658] (px4_msgs) StdoutLine: {'line': b'-- Up-to-date: /home/px4/ros2/ws/install/px4_msgs/include/px4_msgs/px4_msgs/msg/detail/led_control__struct.hpp\n'}
[1.653728] (px4_msgs) StdoutLine: {'line': b'-- Up-to-date: /home/px4/ros2/ws/install/px4_msgs/include/px4_msgs/px4_msgs/msg/detail/parameter_update__builder.hpp\n'}
[1.653794] (px4_msgs) StdoutLine: {'line': b'-- Up-to-date: /home/px4/ros2/ws/install/px4_msgs/include/px4_msgs/px4_msgs/msg/detail/arming_check_reply__traits.hpp\n'}
[1.653867] (px4_msgs) StdoutLine: {'line': b'-- Up-to-date: /home/px4/ros2/ws/install/px4_msgs/include/px4_msgs/px4_msgs/msg/detail/actuator_servos_trim__traits.hpp\n'}
[1.653925] (px4_msgs) StdoutLine: {'line': b'-- Up-to-date: /home/px4/ros2/ws/install/px4_msgs/include/px4_msgs/px4_msgs/msg/detail/gimbal_controls__builder.hpp\n'}
[1.653983] (px4_msgs) StdoutLine: {'line': b'-- Up-to-date: /home/px4/ros2/ws/install/px4_msgs/include/px4_msgs/px4_msgs/msg/detail/px4io_status__traits.hpp\n'}
[1.654041] (px4_msgs) StdoutLine: {'line': b'-- Up-to-date: /home/px4/ros2/ws/install/px4_msgs/include/px4_msgs/px4_msgs/msg/detail/longitudinal_control_configuration__builder.hpp\n'}
[1.654099] (px4_msgs) StdoutLine: {'line': b'-- Up-to-date: /home/px4/ros2/ws/install/px4_msgs/include/px4_msgs/px4_msgs/msg/detail/actuator_servos__builder.hpp\n'}
[1.654157] (px4_msgs) StdoutLine: {'line': b'-- Up-to-date: /home/px4/ros2/ws/install/px4_msgs/include/px4_msgs/px4_msgs/msg/detail/dataman_request__builder.hpp\n'}
[1.654214] (px4_msgs) StdoutLine: {'line': b'-- Up-to-date: /home/px4/ros2/ws/install/px4_msgs/include/px4_msgs/px4_msgs/msg/detail/adc_report__struct.hpp\n'}
[1.654273] (px4_msgs) StdoutLine: {'line': b'-- Up-to-date: /home/px4/ros2/ws/install/px4_msgs/include/px4_msgs/px4_msgs/msg/detail/position_setpoint_triplet__builder.hpp\n'}
[1.654339] (px4_msgs) StdoutLine: {'line': b'-- Up-to-date: /home/px4/ros2/ws/install/px4_msgs/include/px4_msgs/px4_msgs/msg/detail/airspeed_validated__type_support.hpp\n'}
[1.654397] (px4_msgs) StdoutLine: {'line': b'-- Up-to-date: /home/px4/ros2/ws/install/px4_msgs/include/px4_msgs/px4_msgs/msg/detail/open_drone_id_arm_status__struct.hpp\n'}
[1.654454] (px4_msgs) StdoutLine: {'line': b'-- Up-to-date: /home/px4/ros2/ws/install/px4_msgs/include/px4_msgs/px4_msgs/msg/detail/gimbal_manager_set_manual_control__traits.hpp\n'}
[1.654545] (px4_msgs) StdoutLine: {'line': b'-- Up-to-date: /home/px4/ros2/ws/install/px4_msgs/include/px4_msgs/px4_msgs/msg/detail/gps_dump__struct.hpp\n'}
[1.654620] (px4_msgs) StdoutLine: {'line': b'-- Up-to-date: /home/px4/ros2/ws/install/px4_msgs/include/px4_msgs/px4_msgs/msg/detail/vehicle_command_ack__builder.hpp\n'}
[1.654679] (px4_msgs) StdoutLine: {'line': b'-- Up-to-date: /home/px4/ros2/ws/install/px4_msgs/include/px4_msgs/px4_msgs/msg/detail/px4io_status__struct.hpp\n'}
[1.654738] (px4_msgs) StdoutLine: {'line': b'-- Up-to-date: /home/px4/ros2/ws/install/px4_msgs/include/px4_msgs/px4_msgs/msg/detail/flight_phase_estimation__traits.hpp\n'}
[1.654796] (px4_msgs) StdoutLine: {'line': b'-- Up-to-date: /home/px4/ros2/ws/install/px4_msgs/include/px4_msgs/px4_msgs/msg/detail/qshell_retval__struct.hpp\n'}
[1.654854] (px4_msgs) StdoutLine: {'line': b'-- Up-to-date: /home/px4/ros2/ws/install/px4_msgs/include/px4_msgs/px4_msgs/msg/detail/rtl_time_estimate__struct.hpp\n'}
[1.654947] (px4_msgs) StdoutLine: {'line': b'-- Up-to-date: /home/px4/ros2/ws/install/px4_msgs/include/px4_msgs/px4_msgs/msg/detail/yaw_estimator_status__traits.hpp\n'}
[1.655005] (px4_msgs) StdoutLine: {'line': b'-- Up-to-date: /home/px4/ros2/ws/install/px4_msgs/include/px4_msgs/px4_msgs/msg/detail/sensors_status_imu__builder.hpp\n'}
[1.655063] (px4_msgs) StdoutLine: {'line': b'-- Up-to-date: /home/px4/ros2/ws/install/px4_msgs/include/px4_msgs/px4_msgs/msg/detail/vehicle_thrust_setpoint__struct.hpp\n'}
[1.655121] (px4_msgs) StdoutLine: {'line': b'-- Up-to-date: /home/px4/ros2/ws/install/px4_msgs/include/px4_msgs/px4_msgs/msg/detail/vehicle_acceleration__builder.hpp\n'}
[1.655179] (px4_msgs) StdoutLine: {'line': b'-- Up-to-date: /home/px4/ros2/ws/install/px4_msgs/include/px4_msgs/px4_msgs/msg/detail/sensor_optical_flow__struct.hpp\n'}
[1.655237] (px4_msgs) StdoutLine: {'line': b'-- Up-to-date: /home/px4/ros2/ws/install/px4_msgs/include/px4_msgs/px4_msgs/msg/detail/neural_control__builder.hpp\n'}
[1.655295] (px4_msgs) StdoutLine: {'line': b'-- Up-to-date: /home/px4/ros2/ws/install/px4_msgs/include/px4_msgs/px4_msgs/msg/detail/vehicle_local_position__builder.hpp\n'}
[1.655352] (px4_msgs) StdoutLine: {'line': b'-- Up-to-date: /home/px4/ros2/ws/install/px4_msgs/include/px4_msgs/px4_msgs/msg/detail/failure_detector_status__traits.hpp\n'}
[1.655408] (px4_msgs) StdoutLine: {'line': b'-- Up-to-date: /home/px4/ros2/ws/install/px4_msgs/include/px4_msgs/px4_msgs/msg/detail/sensor_gyro_fft__struct.hpp\n'}
[1.655481] (px4_msgs) StdoutLine: {'line': b'-- Up-to-date: /home/px4/ros2/ws/install/px4_msgs/include/px4_msgs/px4_msgs/msg/detail/pwm_input__type_support.hpp\n'}
[1.655590] (px4_msgs) StdoutLine: {'line': b'-- Up-to-date: /home/px4/ros2/ws/install/px4_msgs/include/px4_msgs/px4_msgs/msg/detail/rover_attitude_status__struct.hpp\n'}
[1.655654] (px4_msgs) StdoutLine: {'line': b'-- Up-to-date: /home/px4/ros2/ws/install/px4_msgs/include/px4_msgs/px4_msgs/msg/detail/sensor_accel_fifo__traits.hpp\n'}
[1.655713] (px4_msgs) StdoutLine: {'line': b'-- Up-to-date: /home/px4/ros2/ws/install/px4_msgs/include/px4_msgs/px4_msgs/msg/detail/magnetometer_bias_estimate__builder.hpp\n'}
[1.655773] (px4_msgs) StdoutLine: {'line': b'-- Up-to-date: /home/px4/ros2/ws/install/px4_msgs/include/px4_msgs/px4_msgs/msg/detail/register_ext_component_reply__struct.hpp\n'}
[1.655840] (px4_msgs) StdoutLine: {'line': b'-- Up-to-date: /home/px4/ros2/ws/install/px4_msgs/include/px4_msgs/px4_msgs/msg/detail/ping__traits.hpp\n'}
[1.655907] (px4_msgs) StdoutLine: {'line': b'-- Up-to-date: /home/px4/ros2/ws/install/px4_msgs/include/px4_msgs/px4_msgs/msg/detail/navigator_mission_item__type_support.hpp\n'}
[1.655966] (px4_msgs) StdoutLine: {'line': b'-- Up-to-date: /home/px4/ros2/ws/install/px4_msgs/include/px4_msgs/px4_msgs/msg/detail/velocity_limits__type_support.hpp\n'}
[1.656024] (px4_msgs) StdoutLine: {'line': b'-- Up-to-date: /home/px4/ros2/ws/install/px4_msgs/include/px4_msgs/px4_msgs/msg/detail/esc_report__traits.hpp\n'}
[1.656082] (px4_msgs) StdoutLine: {'line': b'-- Up-to-date: /home/px4/ros2/ws/install/px4_msgs/include/px4_msgs/px4_msgs/msg/detail/navigator_status__builder.hpp\n'}
[1.656139] (px4_msgs) StdoutLine: {'line': b'-- Up-to-date: /home/px4/ros2/ws/install/px4_msgs/include/px4_msgs/px4_msgs/msg/detail/vehicle_local_position__type_support.hpp\n'}
[1.656197] (px4_msgs) StdoutLine: {'line': b'-- Up-to-date: /home/px4/ros2/ws/install/px4_msgs/include/px4_msgs/px4_msgs/msg/detail/trajectory_setpoint__traits.hpp\n'}
[1.656254] (px4_msgs) StdoutLine: {'line': b'-- Up-to-date: /home/px4/ros2/ws/install/px4_msgs/include/px4_msgs/px4_msgs/msg/detail/estimator_event_flags__builder.hpp\n'}
[1.656311] (px4_msgs) StdoutLine: {'line': b'-- Up-to-date: /home/px4/ros2/ws/install/px4_msgs/include/px4_msgs/px4_msgs/msg/detail/manual_control_switches__type_support.hpp\n'}
[1.656368] (px4_msgs) StdoutLine: {'line': b'-- Up-to-date: /home/px4/ros2/ws/install/px4_msgs/include/px4_msgs/px4_msgs/msg/detail/position_setpoint_triplet__traits.hpp\n'}
[1.656426] (px4_msgs) StdoutLine: {'line': b'-- Up-to-date: /home/px4/ros2/ws/install/px4_msgs/include/px4_msgs/px4_msgs/msg/detail/mission_result__builder.hpp\n'}
[1.656484] (px4_msgs) StdoutLine: {'line': b'-- Up-to-date: /home/px4/ros2/ws/install/px4_msgs/include/px4_msgs/px4_msgs/msg/detail/camera_status__builder.hpp\n'}
[1.656575] (px4_msgs) StdoutLine: {'line': b'-- Up-to-date: /home/px4/ros2/ws/install/px4_msgs/include/px4_msgs/px4_msgs/msg/detail/vehicle_status__builder.hpp\n'}
[1.656637] (px4_msgs) StdoutLine: {'line': b'-- Up-to-date: /home/px4/ros2/ws/install/px4_msgs/include/px4_msgs/px4_msgs/msg/detail/gimbal_device_information__traits.hpp\n'}
[1.656697] (px4_msgs) StdoutLine: {'line': b'-- Up-to-date: /home/px4/ros2/ws/install/px4_msgs/include/px4_msgs/px4_msgs/msg/detail/action_request__struct.hpp\n'}
[1.656755] (px4_msgs) StdoutLine: {'line': b'-- Up-to-date: /home/px4/ros2/ws/install/px4_msgs/include/px4_msgs/px4_msgs/msg/detail/yaw_estimator_status__builder.hpp\n'}
[1.656812] (px4_msgs) StdoutLine: {'line': b'-- Up-to-date: /home/px4/ros2/ws/install/px4_msgs/include/px4_msgs/px4_msgs/msg/detail/landing_target_innovations__struct.hpp\n'}
[1.656872] (px4_msgs) StdoutLine: {'line': b'-- Up-to-date: /home/px4/ros2/ws/install/px4_msgs/include/px4_msgs/px4_msgs/msg/detail/onboard_computer_status__builder.hpp\n'}
[1.656933] (px4_msgs) StdoutLine: {'line': b'-- Up-to-date: /home/px4/ros2/ws/install/px4_msgs/include/px4_msgs/px4_msgs/msg/detail/health_report__builder.hpp\n'}
[1.656991] (px4_msgs) StdoutLine: {'line': b'-- Up-to-date: /home/px4/ros2/ws/install/px4_msgs/include/px4_msgs/px4_msgs/msg/detail/qshell_retval__builder.hpp\n'}
[1.657048] (px4_msgs) StdoutLine: {'line': b'-- Up-to-date: /home/px4/ros2/ws/install/px4_msgs/include/px4_msgs/px4_msgs/msg/detail/vehicle_command__struct.hpp\n'}
[1.657105] (px4_msgs) StdoutLine: {'line': b'-- Up-to-date: /home/px4/ros2/ws/install/px4_msgs/include/px4_msgs/px4_msgs/msg/detail/sensor_gyro_fifo__struct.hpp\n'}
[1.657161] (px4_msgs) StdoutLine: {'line': b'-- Up-to-date: /home/px4/ros2/ws/install/px4_msgs/include/px4_msgs/px4_msgs/msg/detail/dronecan_node_status__type_support.hpp\n'}
[1.657218] (px4_msgs) StdoutLine: {'line': b'-- Up-to-date: /home/px4/ros2/ws/install/px4_msgs/include/px4_msgs/px4_msgs/msg/detail/orb_test_medium__traits.hpp\n'}
[1.657275] (px4_msgs) StdoutLine: {'line': b'-- Up-to-date: /home/px4/ros2/ws/install/px4_msgs/include/px4_msgs/px4_msgs/msg/detail/parameter_set_value_request__traits.hpp\n'}
[1.657333] (px4_msgs) StdoutLine: {'line': b'-- Up-to-date: /home/px4/ros2/ws/install/px4_msgs/include/px4_msgs/px4_msgs/msg/detail/sensor_mag__traits.hpp\n'}
[1.657400] (px4_msgs) StdoutLine: {'line': b'-- Up-to-date: /home/px4/ros2/ws/install/px4_msgs/include/px4_msgs/px4_msgs/msg/detail/rover_steering_setpoint__struct.hpp\n'}
[1.657458] (px4_msgs) StdoutLine: {'line': b'-- Up-to-date: /home/px4/ros2/ws/install/px4_msgs/include/px4_msgs/px4_msgs/msg/detail/sensor_accel__builder.hpp\n'}
[1.657544] (px4_msgs) StdoutLine: {'line': b'-- Up-to-date: /home/px4/ros2/ws/install/px4_msgs/include/px4_msgs/px4_msgs/msg/detail/internal_combustion_engine_control__type_support.hpp\n'}
[1.657629] (px4_msgs) StdoutLine: {'line': b'-- Up-to-date: /home/px4/ros2/ws/install/px4_msgs/include/px4_msgs/px4_msgs/msg/detail/navigator_mission_item__struct.hpp\n'}
[1.657690] (px4_msgs) StdoutLine: {'line': b'-- Up-to-date: /home/px4/ros2/ws/install/px4_msgs/include/px4_msgs/px4_msgs/msg/detail/vehicle_angular_velocity__builder.hpp\n'}
[1.657756] (px4_msgs) StdoutLine: {'line': b'-- Up-to-date: /home/px4/ros2/ws/install/px4_msgs/include/px4_msgs/px4_msgs/msg/detail/vehicle_imu_status__builder.hpp\n'}
[1.657816] (px4_msgs) StdoutLine: {'line': b'-- Up-to-date: /home/px4/ros2/ws/install/px4_msgs/include/px4_msgs/px4_msgs/msg/detail/vehicle_attitude__traits.hpp\n'}
[1.657886] (px4_msgs) StdoutLine: {'line': b'-- Up-to-date: /home/px4/ros2/ws/install/px4_msgs/include/px4_msgs/px4_msgs/msg/detail/fixed_wing_lateral_guidance_status__struct.hpp\n'}
[1.657948] (px4_msgs) StdoutLine: {'line': b'-- Up-to-date: /home/px4/ros2/ws/install/px4_msgs/include/px4_msgs/px4_msgs/msg/detail/sensor_mag__struct.hpp\n'}
[1.658005] (px4_msgs) StdoutLine: {'line': b'-- Up-to-date: /home/px4/ros2/ws/install/px4_msgs/include/px4_msgs/px4_msgs/msg/detail/estimator_states__struct.hpp\n'}
[1.658063] (px4_msgs) StdoutLine: {'line': b'-- Up-to-date: /home/px4/ros2/ws/install/px4_msgs/include/px4_msgs/px4_msgs/msg/detail/vehicle_local_position_setpoint__struct.hpp\n'}
[1.658121] (px4_msgs) StdoutLine: {'line': b'-- Up-to-date: /home/px4/ros2/ws/install/px4_msgs/include/px4_msgs/px4_msgs/msg/detail/estimator_status_flags__traits.hpp\n'}
[1.658179] (px4_msgs) StdoutLine: {'line': b'-- Up-to-date: /home/px4/ros2/ws/install/px4_msgs/include/px4_msgs/px4_msgs/msg/detail/fixed_wing_lateral_status__struct.hpp\n'}
[1.658237] (px4_msgs) StdoutLine: {'line': b'-- Up-to-date: /home/px4/ros2/ws/install/px4_msgs/include/px4_msgs/px4_msgs/msg/detail/tune_control__traits.hpp\n'}
[1.658295] (px4_msgs) StdoutLine: {'line': b'-- Up-to-date: /home/px4/ros2/ws/install/px4_msgs/include/px4_msgs/px4_msgs/msg/detail/debug_value__struct.hpp\n'}
[1.658352] (px4_msgs) StdoutLine: {'line': b'-- Up-to-date: /home/px4/ros2/ws/install/px4_msgs/include/px4_msgs/px4_msgs/msg/detail/vehicle_command_ack__type_support.hpp\n'}
[1.658410] (px4_msgs) StdoutLine: {'line': b'-- Up-to-date: /home/px4/ros2/ws/install/px4_msgs/include/px4_msgs/px4_msgs/msg/detail/power_button_state__traits.hpp\n'}
[1.658468] (px4_msgs) StdoutLine: {'line': b'-- Up-to-date: /home/px4/ros2/ws/install/px4_msgs/include/px4_msgs/px4_msgs/msg/detail/rover_position_setpoint__traits.hpp\n'}
[1.658598] (px4_msgs) StdoutLine: {'line': b'-- Up-to-date: /home/px4/ros2/ws/install/px4_msgs/include/px4_msgs/px4_msgs/msg/detail/geofence_status__type_support.hpp\n'}
[1.658671] (px4_msgs) StdoutLine: {'line': b'-- Up-to-date: /home/px4/ros2/ws/install/px4_msgs/include/px4_msgs/px4_msgs/msg/detail/task_stack_info__type_support.hpp\n'}
[1.658732] (px4_msgs) StdoutLine: {'line': b'-- Up-to-date: /home/px4/ros2/ws/install/px4_msgs/include/px4_msgs/px4_msgs/msg/detail/fixed_wing_runway_control__traits.hpp\n'}
[1.658791] (px4_msgs) StdoutLine: {'line': b'-- Up-to-date: /home/px4/ros2/ws/install/px4_msgs/include/px4_msgs/px4_msgs/msg/detail/distance_sensor__builder.hpp\n'}
[1.658850] (px4_msgs) StdoutLine: {'line': b'-- Up-to-date: /home/px4/ros2/ws/install/px4_msgs/include/px4_msgs/px4_msgs/msg/detail/airspeed_validated__builder.hpp\n'}
[1.658909] (px4_msgs) StdoutLine: {'line': b'-- Up-to-date: /home/px4/ros2/ws/install/px4_msgs/include/px4_msgs/px4_msgs/msg/detail/follow_target_estimator__traits.hpp\n'}
[1.658981] (px4_msgs) StdoutLine: {'line': b'-- Up-to-date: /home/px4/ros2/ws/install/px4_msgs/include/px4_msgs/px4_msgs/msg/detail/gimbal_manager_information__struct.hpp\n'}
[1.659052] (px4_msgs) StdoutLine: {'line': b'-- Up-to-date: /home/px4/ros2/ws/install/px4_msgs/include/px4_msgs/px4_msgs/msg/detail/gimbal_device_attitude_status__builder.hpp\n'}
[1.659112] (px4_msgs) StdoutLine: {'line': b'-- Up-to-date: /home/px4/ros2/ws/install/px4_msgs/include/px4_msgs/px4_msgs/msg/detail/estimator_innovations__builder.hpp\n'}
[1.659171] (px4_msgs) StdoutLine: {'line': b'-- Up-to-date: /home/px4/ros2/ws/install/px4_msgs/include/px4_msgs/px4_msgs/msg/detail/position_setpoint__type_support.hpp\n'}
[1.659229] (px4_msgs) StdoutLine: {'line': b'-- Up-to-date: /home/px4/ros2/ws/install/px4_msgs/include/px4_msgs/px4_msgs/msg/detail/telemetry_status__builder.hpp\n'}
[1.659287] (px4_msgs) StdoutLine: {'line': b'-- Up-to-date: /home/px4/ros2/ws/install/px4_msgs/include/px4_msgs/px4_msgs/msg/detail/register_ext_component_request__builder.hpp\n'}
[1.659345] (px4_msgs) StdoutLine: {'line': b'-- Up-to-date: /home/px4/ros2/ws/install/px4_msgs/include/px4_msgs/px4_msgs/msg/detail/button_event__type_support.hpp\n'}
[1.659404] (px4_msgs) StdoutLine: {'line': b'-- Up-to-date: /home/px4/ros2/ws/install/px4_msgs/include/px4_msgs/px4_msgs/msg/detail/vehicle_imu__type_support.hpp\n'}
[1.659463] (px4_msgs) StdoutLine: {'line': b'-- Up-to-date: /home/px4/ros2/ws/install/px4_msgs/include/px4_msgs/px4_msgs/msg/detail/gripper__builder.hpp\n'}
[1.659560] (px4_msgs) StdoutLine: {'line': b'-- Up-to-date: /home/px4/ros2/ws/install/px4_msgs/include/px4_msgs/px4_msgs/msg/detail/vtol_vehicle_status__traits.hpp\n'}
[1.659641] (px4_msgs) StdoutLine: {'line': b'-- Up-to-date: /home/px4/ros2/ws/install/px4_msgs/include/px4_msgs/px4_msgs/msg/detail/parameter_reset_request__traits.hpp\n'}
[1.659701] (px4_msgs) StdoutLine: {'line': b'-- Up-to-date: /home/px4/ros2/ws/install/px4_msgs/include/px4_msgs/px4_msgs/msg/detail/landing_target_pose__type_support.hpp\n'}
[1.659781] (px4_msgs) StdoutLine: {'line': b'-- Up-to-date: /home/px4/ros2/ws/install/px4_msgs/include/px4_msgs/px4_msgs/msg/detail/sensor_gps__builder.hpp\n'}
[1.659866] (px4_msgs) StdoutLine: {'line': b'-- Up-to-date: /home/px4/ros2/ws/install/px4_msgs/include/px4_msgs/px4_msgs/msg/detail/sensor_gps__type_support.hpp\n'}
[1.659926] (px4_msgs) StdoutLine: {'line': b'-- Up-to-date: /home/px4/ros2/ws/install/px4_msgs/include/px4_msgs/px4_msgs/msg/detail/unregister_ext_component__traits.hpp\n'}
[1.659985] (px4_msgs) StdoutLine: {'line': b'-- Up-to-date: /home/px4/ros2/ws/install/px4_msgs/include/px4_msgs/px4_msgs/msg/detail/vehicle_magnetometer__type_support.hpp\n'}
[1.660046] (px4_msgs) StdoutLine: {'line': b'-- Up-to-date: /home/px4/ros2/ws/install/px4_msgs/include/px4_msgs/px4_msgs/msg/detail/dataman_response__struct.hpp\n'}
[1.660103] (px4_msgs) StdoutLine: {'line': b'-- Up-to-date: /home/px4/ros2/ws/install/px4_msgs/include/px4_msgs/px4_msgs/msg/detail/ulog_stream__struct.hpp\n'}
[1.660192] (px4_msgs) StdoutLine: {'line': b'-- Up-to-date: /home/px4/ros2/ws/install/px4_msgs/include/px4_msgs/px4_msgs/msg/detail/register_ext_component_reply__type_support.hpp\n'}
[1.660253] (px4_msgs) StdoutLine: {'line': b'-- Up-to-date: /home/px4/ros2/ws/install/px4_msgs/include/px4_msgs/px4_msgs/msg/detail/timesync_status__struct.hpp\n'}
[1.660311] (px4_msgs) StdoutLine: {'line': b'-- Up-to-date: /home/px4/ros2/ws/install/px4_msgs/include/px4_msgs/px4_msgs/msg/detail/position_controller_landing_status__type_support.hpp\n'}
[1.660391] (px4_msgs) StdoutLine: {'line': b'-- Up-to-date: /home/px4/ros2/ws/install/px4_msgs/include/px4_msgs/px4_msgs/msg/detail/goto_setpoint__traits.hpp\n'}
[1.660450] (px4_msgs) StdoutLine: {'line': b'-- Up-to-date: /home/px4/ros2/ws/install/px4_msgs/include/px4_msgs/px4_msgs/msg/detail/pure_pursuit_status__traits.hpp\n'}
[1.660532] (px4_msgs) StdoutLine: {'line': b'-- Up-to-date: /home/px4/ros2/ws/install/px4_msgs/include/px4_msgs/px4_msgs/msg/detail/vehicle_angular_velocity__traits.hpp\n'}
[1.660632] (px4_msgs) StdoutLine: {'line': b'-- Up-to-date: /home/px4/ros2/ws/install/px4_msgs/include/px4_msgs/px4_msgs/msg/detail/rover_rate_status__type_support.hpp\n'}
[1.660693] (px4_msgs) StdoutLine: {'line': b'-- Up-to-date: /home/px4/ros2/ws/install/px4_msgs/include/px4_msgs/px4_msgs/msg/detail/tiltrotor_extra_controls__type_support.hpp\n'}
[1.660753] (px4_msgs) StdoutLine: {'line': b'-- Up-to-date: /home/px4/ros2/ws/install/px4_msgs/include/px4_msgs/px4_msgs/msg/detail/register_ext_component_request__struct.hpp\n'}
[1.660812] (px4_msgs) StdoutLine: {'line': b'-- Up-to-date: /home/px4/ros2/ws/install/px4_msgs/include/px4_msgs/px4_msgs/msg/detail/gpio_in__type_support.hpp\n'}
[1.660869] (px4_msgs) StdoutLine: {'line': b'-- Up-to-date: /home/px4/ros2/ws/install/px4_msgs/include/px4_msgs/px4_msgs/msg/detail/position_controller_status__struct.hpp\n'}
[1.660939] (px4_msgs) StdoutLine: {'line': b'-- Up-to-date: /home/px4/ros2/ws/install/px4_msgs/include/px4_msgs/px4_msgs/msg/detail/sensor_gyro_fft__builder.hpp\n'}
[1.661003] (px4_msgs) StdoutLine: {'line': b'-- Up-to-date: /home/px4/ros2/ws/install/px4_msgs/include/px4_msgs/px4_msgs/msg/detail/ulog_stream_ack__struct.hpp\n'}
[1.661061] (px4_msgs) StdoutLine: {'line': b'-- Up-to-date: /home/px4/ros2/ws/install/px4_msgs/include/px4_msgs/px4_msgs/msg/detail/qshell_req__struct.hpp\n'}
[1.661123] (px4_msgs) StdoutLine: {'line': b'-- Up-to-date: /home/px4/ros2/ws/install/px4_msgs/include/px4_msgs/px4_msgs/msg/detail/gripper__type_support.hpp\n'}
[1.661181] (px4_msgs) StdoutLine: {'line': b'-- Up-to-date: /home/px4/ros2/ws/install/px4_msgs/include/px4_msgs/px4_msgs/msg/detail/gpio_in__struct.hpp\n'}
[1.661239] (px4_msgs) StdoutLine: {'line': b'-- Up-to-date: /home/px4/ros2/ws/install/px4_msgs/include/px4_msgs/px4_msgs/msg/detail/trajectory_setpoint6dof__struct.hpp\n'}
[1.661297] (px4_msgs) StdoutLine: {'line': b'-- Up-to-date: /home/px4/ros2/ws/install/px4_msgs/include/px4_msgs/px4_msgs/msg/detail/gimbal_manager_set_attitude__traits.hpp\n'}
[1.661354] (px4_msgs) StdoutLine: {'line': b'-- Up-to-date: /home/px4/ros2/ws/install/px4_msgs/include/px4_msgs/px4_msgs/msg/detail/wind__builder.hpp\n'}
[1.661412] (px4_msgs) StdoutLine: {'line': b'-- Up-to-date: /home/px4/ros2/ws/install/px4_msgs/include/px4_msgs/px4_msgs/msg/detail/flight_phase_estimation__type_support.hpp\n'}
[1.661470] (px4_msgs) StdoutLine: {'line': b'-- Up-to-date: /home/px4/ros2/ws/install/px4_msgs/include/px4_msgs/px4_msgs/msg/detail/actuator_motors__type_support.hpp\n'}
[1.661561] (px4_msgs) StdoutLine: {'line': b'-- Up-to-date: /home/px4/ros2/ws/install/px4_msgs/include/px4_msgs/px4_msgs/msg/detail/sensor_gyro__type_support.hpp\n'}
[1.661624] (px4_msgs) StdoutLine: {'line': b'-- Up-to-date: /home/px4/ros2/ws/install/px4_msgs/include/px4_msgs/px4_msgs/msg/detail/control_allocator_status__builder.hpp\n'}
[1.661683] (px4_msgs) StdoutLine: {'line': b'-- Up-to-date: /home/px4/ros2/ws/install/px4_msgs/include/px4_msgs/px4_msgs/msg/detail/estimator_gps_status__type_support.hpp\n'}
[1.661742] (px4_msgs) StdoutLine: {'line': b'-- Up-to-date: /home/px4/ros2/ws/install/px4_msgs/include/px4_msgs/px4_msgs/msg/detail/gimbal_device_set_attitude__builder.hpp\n'}
[1.661801] (px4_msgs) StdoutLine: {'line': b'-- Up-to-date: /home/px4/ros2/ws/install/px4_msgs/include/px4_msgs/px4_msgs/msg/detail/open_drone_id_system__type_support.hpp\n'}
[1.661867] (px4_msgs) StdoutLine: {'line': b'-- Up-to-date: /home/px4/ros2/ws/install/px4_msgs/include/px4_msgs/px4_msgs/msg/detail/vehicle_attitude__type_support.hpp\n'}
[1.661927] (px4_msgs) StdoutLine: {'line': b'-- Up-to-date: /home/px4/ros2/ws/install/px4_msgs/include/px4_msgs/px4_msgs/msg/detail/camera_status__type_support.hpp\n'}
[1.661985] (px4_msgs) StdoutLine: {'line': b'-- Up-to-date: /home/px4/ros2/ws/install/px4_msgs/include/px4_msgs/px4_msgs/msg/detail/battery_info__builder.hpp\n'}
[1.662059] (px4_msgs) StdoutLine: {'line': b'-- Up-to-date: /home/px4/ros2/ws/install/px4_msgs/include/px4_msgs/px4_msgs/msg/detail/vehicle_optical_flow_vel__struct.hpp\n'}
[1.662128] (px4_msgs) StdoutLine: {'line': b'-- Up-to-date: /home/px4/ros2/ws/install/px4_msgs/include/px4_msgs/px4_msgs/msg/detail/rover_velocity_setpoint__struct.hpp\n'}
[1.662186] (px4_msgs) StdoutLine: {'line': b'-- Up-to-date: /home/px4/ros2/ws/install/px4_msgs/include/px4_msgs/px4_msgs/msg/detail/debug_vect__type_support.hpp\n'}
[1.662244] (px4_msgs) StdoutLine: {'line': b'-- Up-to-date: /home/px4/ros2/ws/install/px4_msgs/include/px4_msgs/px4_msgs/msg/detail/goto_setpoint__builder.hpp\n'}
[1.662318] (px4_msgs) StdoutLine: {'line': b'-- Up-to-date: /home/px4/ros2/ws/install/px4_msgs/include/px4_msgs/px4_msgs/msg/detail/ulog_stream_ack__traits.hpp\n'}
[1.662377] (px4_msgs) StdoutLine: {'line': b'-- Up-to-date: /home/px4/ros2/ws/install/px4_msgs/include/px4_msgs/px4_msgs/msg/detail/vehicle_air_data__traits.hpp\n'}
[1.662436] (px4_msgs) StdoutLine: {'line': b'-- Up-to-date: /home/px4/ros2/ws/install/px4_msgs/include/px4_msgs/px4_msgs/msg/detail/home_position__builder.hpp\n'}
[1.662518] (px4_msgs) StdoutLine: {'line': b'-- Up-to-date: /home/px4/ros2/ws/install/px4_msgs/include/px4_msgs/px4_msgs/msg/detail/vehicle_angular_acceleration_setpoint__builder.hpp\n'}
[1.662585] (px4_msgs) StdoutLine: {'line': b'-- Up-to-date: /home/px4/ros2/ws/install/px4_msgs/include/px4_msgs/px4_msgs/msg/detail/vehicle_optical_flow__struct.hpp\n'}
[1.662657] (px4_msgs) StdoutLine: {'line': b'-- Up-to-date: /home/px4/ros2/ws/install/px4_msgs/include/px4_msgs/px4_msgs/msg/detail/orbit_status__traits.hpp\n'}
[1.662715] (px4_msgs) StdoutLine: {'line': b'-- Up-to-date: /home/px4/ros2/ws/install/px4_msgs/include/px4_msgs/px4_msgs/msg/detail/lateral_control_configuration__struct.hpp\n'}
[1.662774] (px4_msgs) StdoutLine: {'line': b'-- Up-to-date: /home/px4/ros2/ws/install/px4_msgs/include/px4_msgs/px4_msgs/msg/detail/yaw_estimator_status__struct.hpp\n'}
[1.662832] (px4_msgs) StdoutLine: {'line': b'-- Up-to-date: /home/px4/ros2/ws/install/px4_msgs/include/px4_msgs/px4_msgs/msg/detail/fixed_wing_lateral_guidance_status__type_support.hpp\n'}
[1.662920] (px4_msgs) StdoutLine: {'line': b'-- Up-to-date: /home/px4/ros2/ws/install/px4_msgs/include/px4_msgs/px4_msgs/msg/detail/sensor_correction__type_support.hpp\n'}
[1.662977] (px4_msgs) StdoutLine: {'line': b'-- Up-to-date: /home/px4/ros2/ws/install/px4_msgs/include/px4_msgs/px4_msgs/msg/detail/heater_status__traits.hpp\n'}
[1.663034] (px4_msgs) StdoutLine: {'line': b'-- Up-to-date: /home/px4/ros2/ws/install/px4_msgs/include/px4_msgs/px4_msgs/msg/detail/estimator_sensor_bias__type_support.hpp\n'}
[1.663092] (px4_msgs) StdoutLine: {'line': b'-- Up-to-date: /home/px4/ros2/ws/install/px4_msgs/include/px4_msgs/px4_msgs/msg/detail/estimator_states__type_support.hpp\n'}
[1.663150] (px4_msgs) StdoutLine: {'line': b'-- Up-to-date: /home/px4/ros2/ws/install/px4_msgs/include/px4_msgs/px4_msgs/msg/detail/arming_check_request__traits.hpp\n'}
[1.663217] (px4_msgs) StdoutLine: {'line': b'-- Up-to-date: /home/px4/ros2/ws/install/px4_msgs/include/px4_msgs/px4_msgs/msg/detail/vehicle_rates_setpoint__builder.hpp\n'}
[1.663299] (px4_msgs) StdoutLine: {'line': b'-- Up-to-date: /home/px4/ros2/ws/install/px4_msgs/include/px4_msgs/px4_msgs/msg/detail/vehicle_control_mode__traits.hpp\n'}
[1.663381] (px4_msgs) StdoutLine: {'line': b'-- Up-to-date: /home/px4/ros2/ws/install/px4_msgs/include/px4_msgs/px4_msgs/msg/detail/sensor_hygrometer__type_support.hpp\n'}
[1.663438] (px4_msgs) StdoutLine: {'line': b'-- Up-to-date: /home/px4/ros2/ws/install/px4_msgs/include/px4_msgs/px4_msgs/msg/detail/sensors_status_imu__traits.hpp\n'}
[1.663512] (px4_msgs) StdoutLine: {'line': b'-- Up-to-date: /home/px4/ros2/ws/install/px4_msgs/include/px4_msgs/px4_msgs/msg/detail/rate_ctrl_status__struct.hpp\n'}
[1.663615] (px4_msgs) StdoutLine: {'line': b'-- Up-to-date: /home/px4/ros2/ws/install/px4_msgs/include/px4_msgs/px4_msgs/msg/detail/sensor_gyro_fifo__type_support.hpp\n'}
[1.663676] (px4_msgs) StdoutLine: {'line': b'-- Up-to-date: /home/px4/ros2/ws/install/px4_msgs/include/px4_msgs/px4_msgs/msg/detail/estimator_event_flags__type_support.hpp\n'}
[1.663746] (px4_msgs) StdoutLine: {'line': b'-- Up-to-date: /home/px4/ros2/ws/install/px4_msgs/include/px4_msgs/px4_msgs/msg/detail/debug_key_value__struct.hpp\n'}
[1.663805] (px4_msgs) StdoutLine: {'line': b'-- Up-to-date: /home/px4/ros2/ws/install/px4_msgs/include/px4_msgs/px4_msgs/msg/detail/vehicle_odometry__type_support.hpp\n'}
[1.663864] (px4_msgs) StdoutLine: {'line': b'-- Up-to-date: /home/px4/ros2/ws/install/px4_msgs/include/px4_msgs/px4_msgs/msg/detail/geofence_status__builder.hpp\n'}
[1.663922] (px4_msgs) StdoutLine: {'line': b'-- Up-to-date: /home/px4/ros2/ws/install/px4_msgs/include/px4_msgs/px4_msgs/msg/detail/action_request__traits.hpp\n'}
[1.663986] (px4_msgs) StdoutLine: {'line': b'-- Up-to-date: /home/px4/ros2/ws/install/px4_msgs/include/px4_msgs/px4_msgs/msg/detail/sensor_accel_fifo__type_support.hpp\n'}
[1.664046] (px4_msgs) StdoutLine: {'line': b'-- Up-to-date: /home/px4/ros2/ws/install/px4_msgs/include/px4_msgs/px4_msgs/msg/detail/gpio_in__traits.hpp\n'}
[1.664103] (px4_msgs) StdoutLine: {'line': b'-- Up-to-date: /home/px4/ros2/ws/install/px4_msgs/include/px4_msgs/px4_msgs/msg/detail/open_drone_id_system__struct.hpp\n'}
[1.664160] (px4_msgs) StdoutLine: {'line': b'-- Up-to-date: /home/px4/ros2/ws/install/px4_msgs/include/px4_msgs/px4_msgs/msg/detail/gimbal_manager_information__traits.hpp\n'}
[1.664220] (px4_msgs) StdoutLine: {'line': b'-- Up-to-date: /home/px4/ros2/ws/install/px4_msgs/include/px4_msgs/px4_msgs/msg/detail/gimbal_device_information__struct.hpp\n'}
[1.664293] (px4_msgs) StdoutLine: {'line': b'-- Up-to-date: /home/px4/ros2/ws/install/px4_msgs/include/px4_msgs/px4_msgs/msg/detail/estimator_innovations__type_support.hpp\n'}
[1.664358] (px4_msgs) StdoutLine: {'line': b'-- Up-to-date: /home/px4/ros2/ws/install/px4_msgs/include/px4_msgs/px4_msgs/msg/detail/vehicle_control_mode__struct.hpp\n'}
[1.664416] (px4_msgs) StdoutLine: {'line': b'-- Up-to-date: /home/px4/ros2/ws/install/px4_msgs/include/px4_msgs/px4_msgs/msg/detail/vehicle_magnetometer__struct.hpp\n'}
[1.664473] (px4_msgs) StdoutLine: {'line': b'-- Up-to-date: /home/px4/ros2/ws/install/px4_msgs/include/px4_msgs/px4_msgs/msg/detail/rc_channels__builder.hpp\n'}
[1.664566] (px4_msgs) StdoutLine: {'line': b'-- Up-to-date: /home/px4/ros2/ws/install/px4_msgs/include/px4_msgs/px4_msgs/msg/detail/log_message__builder.hpp\n'}
[1.664630] (px4_msgs) StdoutLine: {'line': b'-- Up-to-date: /home/px4/ros2/ws/install/px4_msgs/include/px4_msgs/px4_msgs/msg/detail/open_drone_id_operator_id__traits.hpp\n'}
[1.664689] (px4_msgs) StdoutLine: {'line': b'-- Up-to-date: /home/px4/ros2/ws/install/px4_msgs/include/px4_msgs/px4_msgs/msg/detail/cellular_status__struct.hpp\n'}
[1.664759] (px4_msgs) StdoutLine: {'line': b'-- Up-to-date: /home/px4/ros2/ws/install/px4_msgs/include/px4_msgs/px4_msgs/msg/detail/gimbal_manager_status__builder.hpp\n'}
[1.664817] (px4_msgs) StdoutLine: {'line': b'-- Up-to-date: /home/px4/ros2/ws/install/px4_msgs/include/px4_msgs/px4_msgs/msg/detail/debug_value__builder.hpp\n'}
[1.664875] (px4_msgs) StdoutLine: {'line': b'-- Up-to-date: /home/px4/ros2/ws/install/px4_msgs/include/px4_msgs/px4_msgs/msg/detail/message_format_response__type_support.hpp\n'}
[1.664934] (px4_msgs) StdoutLine: {'line': b'-- Up-to-date: /home/px4/ros2/ws/install/px4_msgs/include/px4_msgs/px4_msgs/msg/detail/rover_velocity_setpoint__type_support.hpp\n'}
[1.664992] (px4_msgs) StdoutLine: {'line': b'-- Up-to-date: /home/px4/ros2/ws/install/px4_msgs/include/px4_msgs/px4_msgs/msg/detail/vehicle_optical_flow_vel__traits.hpp\n'}
[1.665049] (px4_msgs) StdoutLine: {'line': b'-- Up-to-date: /home/px4/ros2/ws/install/px4_msgs/include/px4_msgs/px4_msgs/msg/detail/mount_orientation__struct.hpp\n'}
[1.665106] (px4_msgs) StdoutLine: {'line': b'-- Up-to-date: /home/px4/ros2/ws/install/px4_msgs/include/px4_msgs/px4_msgs/msg/detail/logger_status__builder.hpp\n'}
[1.665165] (px4_msgs) StdoutLine: {'line': b'-- Up-to-date: /home/px4/ros2/ws/install/px4_msgs/include/px4_msgs/px4_msgs/msg/detail/can_interface_status__builder.hpp\n'}
[1.665236] (px4_msgs) StdoutLine: {'line': b'-- Up-to-date: /home/px4/ros2/ws/install/px4_msgs/include/px4_msgs/px4_msgs/msg/detail/open_drone_id_self_id__traits.hpp\n'}
[1.665295] (px4_msgs) StdoutLine: {'line': b'-- Up-to-date: /home/px4/ros2/ws/install/px4_msgs/include/px4_msgs/px4_msgs/msg/detail/position_setpoint_triplet__struct.hpp\n'}
[1.665352] (px4_msgs) StdoutLine: {'line': b'-- Up-to-date: /home/px4/ros2/ws/install/px4_msgs/include/px4_msgs/px4_msgs/msg/detail/vehicle_local_position_setpoint__traits.hpp\n'}
[1.665419] (px4_msgs) StdoutLine: {'line': b'-- Up-to-date: /home/px4/ros2/ws/install/px4_msgs/include/px4_msgs/px4_msgs/msg/detail/geofence_status__traits.hpp\n'}
[1.665478] (px4_msgs) StdoutLine: {'line': b'-- Up-to-date: /home/px4/ros2/ws/install/px4_msgs/include/px4_msgs/px4_msgs/msg/detail/camera_status__struct.hpp\n'}
[1.665575] (px4_msgs) StdoutLine: {'line': b'-- Up-to-date: /home/px4/ros2/ws/install/px4_msgs/include/px4_msgs/px4_msgs/msg/detail/ekf2_timestamps__struct.hpp\n'}
[1.665639] (px4_msgs) StdoutLine: {'line': b'-- Up-to-date: /home/px4/ros2/ws/install/px4_msgs/include/px4_msgs/px4_msgs/msg/detail/message_format_request__builder.hpp\n'}
[1.665698] (px4_msgs) StdoutLine: {'line': b'-- Up-to-date: /home/px4/ros2/ws/install/px4_msgs/include/px4_msgs/px4_msgs/msg/detail/gripper__traits.hpp\n'}
[1.665756] (px4_msgs) StdoutLine: {'line': b'-- Up-to-date: /home/px4/ros2/ws/install/px4_msgs/include/px4_msgs/px4_msgs/msg/detail/estimator_aid_source3d__builder.hpp\n'}
[1.665832] (px4_msgs) StdoutLine: {'line': b'-- Up-to-date: /home/px4/ros2/ws/install/px4_msgs/include/px4_msgs/px4_msgs/msg/detail/open_drone_id_operator_id__struct.hpp\n'}
[1.665889] (px4_msgs) StdoutLine: {'line': b'-- Up-to-date: /home/px4/ros2/ws/install/px4_msgs/include/px4_msgs/px4_msgs/msg/detail/mavlink_tunnel__struct.hpp\n'}
[1.665946] (px4_msgs) StdoutLine: {'line': b'-- Up-to-date: /home/px4/ros2/ws/install/px4_msgs/include/px4_msgs/px4_msgs/msg/detail/mode_completed__struct.hpp\n'}
[1.666013] (px4_msgs) StdoutLine: {'line': b'-- Up-to-date: /home/px4/ros2/ws/install/px4_msgs/include/px4_msgs/px4_msgs/msg/detail/sensor_combined__type_support.hpp\n'}
[1.666073] (px4_msgs) StdoutLine: {'line': b'-- Up-to-date: /home/px4/ros2/ws/install/px4_msgs/include/px4_msgs/px4_msgs/msg/detail/vehicle_roi__type_support.hpp\n'}
[1.666131] (px4_msgs) StdoutLine: {'line': b'-- Up-to-date: /home/px4/ros2/ws/install/px4_msgs/include/px4_msgs/px4_msgs/msg/detail/rc_channels__traits.hpp\n'}
[1.666187] (px4_msgs) StdoutLine: {'line': b'-- Up-to-date: /home/px4/ros2/ws/install/px4_msgs/include/px4_msgs/px4_msgs/msg/detail/orb_test_large__type_support.hpp\n'}
[1.666249] (px4_msgs) StdoutLine: {'line': b'-- Up-to-date: /home/px4/ros2/ws/install/px4_msgs/include/px4_msgs/px4_msgs/msg/detail/rover_rate_setpoint__builder.hpp\n'}
[1.666305] (px4_msgs) StdoutLine: {'line': b'-- Up-to-date: /home/px4/ros2/ws/install/px4_msgs/include/px4_msgs/px4_msgs/msg/detail/generator_status__traits.hpp\n'}
[1.666362] (px4_msgs) StdoutLine: {'line': b'-- Up-to-date: /home/px4/ros2/ws/install/px4_msgs/include/px4_msgs/px4_msgs/msg/detail/sensor_gyro__builder.hpp\n'}
[1.666434] (px4_msgs) StdoutLine: {'line': b'-- Up-to-date: /home/px4/ros2/ws/install/px4_msgs/include/px4_msgs/px4_msgs/msg/detail/actuator_test__type_support.hpp\n'}
[1.666500] (px4_msgs) StdoutLine: {'line': b'-- Up-to-date: /home/px4/ros2/ws/install/px4_msgs/include/px4_msgs/px4_msgs/msg/detail/hover_thrust_estimate__struct.hpp\n'}
[1.666569] (px4_msgs) StdoutLine: {'line': b'-- Up-to-date: /home/px4/ros2/ws/install/px4_msgs/include/px4_msgs/px4_msgs/msg/detail/parameter_set_value_request__builder.hpp\n'}
[1.666628] (px4_msgs) StdoutLine: {'line': b'-- Up-to-date: /home/px4/ros2/ws/install/px4_msgs/include/px4_msgs/px4_msgs/msg/detail/orbit_status__type_support.hpp\n'}
[1.666697] (px4_msgs) StdoutLine: {'line': b'-- Up-to-date: /home/px4/ros2/ws/install/px4_msgs/include/px4_msgs/px4_msgs/msg/detail/transponder_report__builder.hpp\n'}
[1.666756] (px4_msgs) StdoutLine: {'line': b'-- Up-to-date: /home/px4/ros2/ws/install/px4_msgs/include/px4_msgs/px4_msgs/msg/detail/hover_thrust_estimate__traits.hpp\n'}
[1.666824] (px4_msgs) StdoutLine: {'line': b'-- Up-to-date: /home/px4/ros2/ws/install/px4_msgs/include/px4_msgs/px4_msgs/msg/detail/esc_report__builder.hpp\n'}
[1.666883] (px4_msgs) StdoutLine: {'line': b'-- Up-to-date: /home/px4/ros2/ws/install/px4_msgs/include/px4_msgs/px4_msgs/msg/detail/log_message__type_support.hpp\n'}
[1.666941] (px4_msgs) StdoutLine: {'line': b'-- Up-to-date: /home/px4/ros2/ws/install/px4_msgs/include/px4_msgs/px4_msgs/msg/detail/vehicle_optical_flow__traits.hpp\n'}
[1.667012] (px4_msgs) StdoutLine: {'line': b'-- Up-to-date: /home/px4/ros2/ws/install/px4_msgs/include/px4_msgs/px4_msgs/msg/detail/internal_combustion_engine_status__type_support.hpp\n'}
[1.667071] (px4_msgs) StdoutLine: {'line': b'-- Up-to-date: /home/px4/ros2/ws/install/px4_msgs/include/px4_msgs/px4_msgs/msg/detail/vehicle_roi__struct.hpp\n'}
[1.667128] (px4_msgs) StdoutLine: {'line': b'-- Up-to-date: /home/px4/ros2/ws/install/px4_msgs/include/px4_msgs/px4_msgs/msg/detail/gimbal_device_information__builder.hpp\n'}
[1.667186] (px4_msgs) StdoutLine: {'line': b'-- Up-to-date: /home/px4/ros2/ws/install/px4_msgs/include/px4_msgs/px4_msgs/msg/detail/vehicle_attitude_setpoint__builder.hpp\n'}
[1.667244] (px4_msgs) StdoutLine: {'line': b'-- Up-to-date: /home/px4/ros2/ws/install/px4_msgs/include/px4_msgs/px4_msgs/msg/detail/vehicle_imu__traits.hpp\n'}
[1.667302] (px4_msgs) StdoutLine: {'line': b'-- Up-to-date: /home/px4/ros2/ws/install/px4_msgs/include/px4_msgs/px4_msgs/msg/detail/parameter_update__type_support.hpp\n'}
[1.667360] (px4_msgs) StdoutLine: {'line': b'-- Up-to-date: /home/px4/ros2/ws/install/px4_msgs/include/px4_msgs/px4_msgs/msg/detail/sensor_combined__struct.hpp\n'}
[1.667417] (px4_msgs) StdoutLine: {'line': b'-- Up-to-date: /home/px4/ros2/ws/install/px4_msgs/include/px4_msgs/px4_msgs/msg/detail/fixed_wing_runway_control__struct.hpp\n'}
[1.667475] (px4_msgs) StdoutLine: {'line': b'-- Up-to-date: /home/px4/ros2/ws/install/px4_msgs/include/px4_msgs/px4_msgs/msg/detail/position_controller_status__traits.hpp\n'}
[1.667583] (px4_msgs) StdoutLine: {'line': b'-- Up-to-date: /home/px4/ros2/ws/install/px4_msgs/include/px4_msgs/px4_msgs/msg/detail/ping__type_support.hpp\n'}
[1.667646] (px4_msgs) StdoutLine: {'line': b'-- Up-to-date: /home/px4/ros2/ws/install/px4_msgs/include/px4_msgs/px4_msgs/msg/detail/debug_vect__traits.hpp\n'}
[1.667705] (px4_msgs) StdoutLine: {'line': b'-- Up-to-date: /home/px4/ros2/ws/install/px4_msgs/include/px4_msgs/px4_msgs/msg/detail/vehicle_command__traits.hpp\n'}
[1.667763] (px4_msgs) StdoutLine: {'line': b'-- Up-to-date: /home/px4/ros2/ws/install/px4_msgs/include/px4_msgs/px4_msgs/msg/detail/vehicle_imu__struct.hpp\n'}
[1.667821] (px4_msgs) StdoutLine: {'line': b'-- Up-to-date: /home/px4/ros2/ws/install/px4_msgs/include/px4_msgs/px4_msgs/msg/detail/camera_trigger__type_support.hpp\n'}
[1.667879] (px4_msgs) StdoutLine: {'line': b'-- Up-to-date: /home/px4/ros2/ws/install/px4_msgs/include/px4_msgs/px4_msgs/msg/detail/sensor_airflow__struct.hpp\n'}
[1.667936] (px4_msgs) StdoutLine: {'line': b'-- Up-to-date: /home/px4/ros2/ws/install/px4_msgs/include/px4_msgs/px4_msgs/msg/detail/debug_array__type_support.hpp\n'}
[1.668003] (px4_msgs) StdoutLine: {'line': b'-- Up-to-date: /home/px4/ros2/ws/install/px4_msgs/include/px4_msgs/px4_msgs/msg/detail/vehicle_torque_setpoint__builder.hpp\n'}
[1.668063] (px4_msgs) StdoutLine: {'line': b'-- Up-to-date: /home/px4/ros2/ws/install/px4_msgs/include/px4_msgs/px4_msgs/msg/detail/gimbal_controls__type_support.hpp\n'}
[1.668122] (px4_msgs) StdoutLine: {'line': b'-- Up-to-date: /home/px4/ros2/ws/install/px4_msgs/include/px4_msgs/px4_msgs/msg/detail/rover_attitude_setpoint__traits.hpp\n'}
[1.668179] (px4_msgs) StdoutLine: {'line': b'-- Up-to-date: /home/px4/ros2/ws/install/px4_msgs/include/px4_msgs/px4_msgs/msg/detail/tiltrotor_extra_controls__struct.hpp\n'}
[1.668238] (px4_msgs) StdoutLine: {'line': b'-- Up-to-date: /home/px4/ros2/ws/install/px4_msgs/include/px4_msgs/px4_msgs/msg/detail/ulog_stream_ack__builder.hpp\n'}
[1.668304] (px4_msgs) StdoutLine: {'line': b'-- Up-to-date: /home/px4/ros2/ws/install/px4_msgs/include/px4_msgs/px4_msgs/msg/detail/vehicle_status__struct.hpp\n'}
[1.668362] (px4_msgs) StdoutLine: {'line': b'-- Up-to-date: /home/px4/ros2/ws/install/px4_msgs/include/px4_msgs/px4_msgs/msg/detail/pure_pursuit_status__type_support.hpp\n'}
[1.668419] (px4_msgs) StdoutLine: {'line': b'-- Up-to-date: /home/px4/ros2/ws/install/px4_msgs/include/px4_msgs/px4_msgs/msg/detail/actuator_motors__builder.hpp\n'}
[1.668476] (px4_msgs) StdoutLine: {'line': b'-- Up-to-date: /home/px4/ros2/ws/install/px4_msgs/include/px4_msgs/px4_msgs/msg/detail/orbit_status__struct.hpp\n'}
[1.668588] (px4_msgs) StdoutLine: {'line': b'-- Up-to-date: /home/px4/ros2/ws/install/px4_msgs/include/px4_msgs/px4_msgs/msg/detail/manual_control_switches__traits.hpp\n'}
[1.668666] (px4_msgs) StdoutLine: {'line': b'-- Up-to-date: /home/px4/ros2/ws/install/px4_msgs/include/px4_msgs/px4_msgs/msg/detail/sensors_status__struct.hpp\n'}
[1.668726] (px4_msgs) StdoutLine: {'line': b'-- Up-to-date: /home/px4/ros2/ws/install/px4_msgs/include/px4_msgs/px4_msgs/msg/detail/figure_eight_status__struct.hpp\n'}
[1.668815] (px4_msgs) StdoutLine: {'line': b'-- Up-to-date: /home/px4/ros2/ws/install/px4_msgs/include/px4_msgs/px4_msgs/msg/detail/rc_channels__struct.hpp\n'}
[1.668873] (px4_msgs) StdoutLine: {'line': b'-- Up-to-date: /home/px4/ros2/ws/install/px4_msgs/include/px4_msgs/px4_msgs/msg/detail/rtl_status__type_support.hpp\n'}
[1.668932] (px4_msgs) StdoutLine: {'line': b'-- Up-to-date: /home/px4/ros2/ws/install/px4_msgs/include/px4_msgs/px4_msgs/msg/detail/estimator_states__traits.hpp\n'}
[1.668990] (px4_msgs) StdoutLine: {'line': b'-- Up-to-date: /home/px4/ros2/ws/install/px4_msgs/include/px4_msgs/px4_msgs/msg/detail/vtol_vehicle_status__type_support.hpp\n'}
[1.669047] (px4_msgs) StdoutLine: {'line': b'-- Up-to-date: /home/px4/ros2/ws/install/px4_msgs/include/px4_msgs/px4_msgs/msg/detail/collision_constraints__type_support.hpp\n'}
[1.669105] (px4_msgs) StdoutLine: {'line': b'-- Up-to-date: /home/px4/ros2/ws/install/px4_msgs/include/px4_msgs/px4_msgs/msg/detail/launch_detection_status__builder.hpp\n'}
[1.669162] (px4_msgs) StdoutLine: {'line': b'-- Up-to-date: /home/px4/ros2/ws/install/px4_msgs/include/px4_msgs/px4_msgs/msg/detail/sensor_hygrometer__struct.hpp\n'}
[1.669220] (px4_msgs) StdoutLine: {'line': b'-- Up-to-date: /home/px4/ros2/ws/install/px4_msgs/include/px4_msgs/px4_msgs/msg/detail/satellite_info__builder.hpp\n'}
[1.669278] (px4_msgs) StdoutLine: {'line': b'-- Up-to-date: /home/px4/ros2/ws/install/px4_msgs/include/px4_msgs/px4_msgs/msg/detail/vehicle_control_mode__builder.hpp\n'}
[1.669335] (px4_msgs) StdoutLine: {'line': b'-- Up-to-date: /home/px4/ros2/ws/install/px4_msgs/include/px4_msgs/px4_msgs/msg/detail/actuator_armed__builder.hpp\n'}
[1.669393] (px4_msgs) StdoutLine: {'line': b'-- Up-to-date: /home/px4/ros2/ws/install/px4_msgs/include/px4_msgs/px4_msgs/msg/detail/vehicle_angular_velocity__type_support.hpp\n'}
[1.669451] (px4_msgs) StdoutLine: {'line': b'-- Up-to-date: /home/px4/ros2/ws/install/px4_msgs/include/px4_msgs/px4_msgs/msg/detail/unregister_ext_component__struct.hpp\n'}
[1.669531] (px4_msgs) StdoutLine: {'line': b'-- Up-to-date: /home/px4/ros2/ws/install/px4_msgs/include/px4_msgs/px4_msgs/msg/detail/sensor_gnss_relative__builder.hpp\n'}
[1.669607] (px4_msgs) StdoutLine: {'line': b'-- Up-to-date: /home/px4/ros2/ws/install/px4_msgs/include/px4_msgs/px4_msgs/msg/detail/battery_status__struct.hpp\n'}
[1.669667] (px4_msgs) StdoutLine: {'line': b'-- Up-to-date: /home/px4/ros2/ws/install/px4_msgs/include/px4_msgs/px4_msgs/msg/detail/can_interface_status__type_support.hpp\n'}
[1.669724] (px4_msgs) StdoutLine: {'line': b'-- Up-to-date: /home/px4/ros2/ws/install/px4_msgs/include/px4_msgs/px4_msgs/msg/detail/fixed_wing_lateral_setpoint__struct.hpp\n'}
[1.669782] (px4_msgs) StdoutLine: {'line': b'-- Up-to-date: /home/px4/ros2/ws/install/px4_msgs/include/px4_msgs/px4_msgs/msg/detail/position_setpoint__struct.hpp\n'}
[1.669869] (px4_msgs) StdoutLine: {'line': b'-- Up-to-date: /home/px4/ros2/ws/install/px4_msgs/include/px4_msgs/px4_msgs/msg/detail/lateral_control_configuration__type_support.hpp\n'}
[1.669938] (px4_msgs) StdoutLine: {'line': b'-- Up-to-date: /home/px4/ros2/ws/install/px4_msgs/include/px4_msgs/px4_msgs/msg/detail/radio_status__type_support.hpp\n'}
[1.669996] (px4_msgs) StdoutLine: {'line': b'-- Up-to-date: /home/px4/ros2/ws/install/px4_msgs/include/px4_msgs/px4_msgs/msg/detail/config_overrides__builder.hpp\n'}
[1.670060] (px4_msgs) StdoutLine: {'line': b'-- Up-to-date: /home/px4/ros2/ws/install/px4_msgs/include/px4_msgs/px4_msgs/msg/detail/uavcan_parameter_request__struct.hpp\n'}
[1.670120] (px4_msgs) StdoutLine: {'line': b'-- Up-to-date: /home/px4/ros2/ws/install/px4_msgs/include/px4_msgs/px4_msgs/msg/detail/unregister_ext_component__type_support.hpp\n'}
[1.670179] (px4_msgs) StdoutLine: {'line': b'-- Up-to-date: /home/px4/ros2/ws/install/px4_msgs/include/px4_msgs/px4_msgs/msg/detail/distance_sensor__traits.hpp\n'}
[1.670237] (px4_msgs) StdoutLine: {'line': b'-- Up-to-date: /home/px4/ros2/ws/install/px4_msgs/include/px4_msgs/px4_msgs/msg/detail/fuel_tank_status__builder.hpp\n'}
[1.670294] (px4_msgs) StdoutLine: {'line': b'-- Up-to-date: /home/px4/ros2/ws/install/px4_msgs/include/px4_msgs/px4_msgs/msg/detail/pps_capture__type_support.hpp\n'}
[1.670351] (px4_msgs) StdoutLine: {'line': b'-- Up-to-date: /home/px4/ros2/ws/install/px4_msgs/include/px4_msgs/px4_msgs/msg/detail/mavlink_log__type_support.hpp\n'}
[1.670409] (px4_msgs) StdoutLine: {'line': b'-- Up-to-date: /home/px4/ros2/ws/install/px4_msgs/include/px4_msgs/px4_msgs/msg/detail/battery_info__type_support.hpp\n'}
[1.670466] (px4_msgs) StdoutLine: {'line': b'-- Up-to-date: /home/px4/ros2/ws/install/px4_msgs/include/px4_msgs/px4_msgs/msg/detail/mavlink_log__struct.hpp\n'}
[1.670574] (px4_msgs) StdoutLine: {'line': b'-- Up-to-date: /home/px4/ros2/ws/install/px4_msgs/include/px4_msgs/px4_msgs/msg/detail/takeoff_status__struct.hpp\n'}
[1.670648] (px4_msgs) StdoutLine: {'line': b'-- Up-to-date: /home/px4/ros2/ws/install/px4_msgs/include/px4_msgs/px4_msgs/msg/detail/adc_report__traits.hpp\n'}
[1.670708] (px4_msgs) StdoutLine: {'line': b'-- Up-to-date: /home/px4/ros2/ws/install/px4_msgs/include/px4_msgs/px4_msgs/msg/detail/trajectory_setpoint__builder.hpp\n'}
[1.670767] (px4_msgs) StdoutLine: {'line': b'-- Up-to-date: /home/px4/ros2/ws/install/px4_msgs/include/px4_msgs/px4_msgs/msg/detail/heater_status__builder.hpp\n'}
[1.670841] (px4_msgs) StdoutLine: {'line': b'-- Up-to-date: /home/px4/ros2/ws/install/px4_msgs/include/px4_msgs/px4_msgs/msg/detail/sensor_uwb__traits.hpp\n'}
[1.670901] (px4_msgs) StdoutLine: {'line': b'-- Up-to-date: /home/px4/ros2/ws/install/px4_msgs/include/px4_msgs/px4_msgs/msg/detail/power_monitor__type_support.hpp\n'}
[1.670960] (px4_msgs) StdoutLine: {'line': b'-- Up-to-date: /home/px4/ros2/ws/install/px4_msgs/include/px4_msgs/px4_msgs/msg/detail/actuator_test__struct.hpp\n'}
[1.671019] (px4_msgs) StdoutLine: {'line': b'-- Up-to-date: /home/px4/ros2/ws/install/px4_msgs/include/px4_msgs/px4_msgs/msg/detail/adc_report__builder.hpp\n'}
[1.671076] (px4_msgs) StdoutLine: {'line': b'-- Up-to-date: /home/px4/ros2/ws/install/px4_msgs/include/px4_msgs/px4_msgs/msg/detail/cpuload__struct.hpp\n'}
[1.671134] (px4_msgs) StdoutLine: {'line': b'-- Up-to-date: /home/px4/ros2/ws/install/px4_msgs/include/px4_msgs/px4_msgs/msg/detail/radio_status__builder.hpp\n'}
[1.671193] (px4_msgs) StdoutLine: {'line': b'-- Up-to-date: /home/px4/ros2/ws/install/px4_msgs/include/px4_msgs/px4_msgs/msg/detail/gimbal_manager_set_attitude__builder.hpp\n'}
[1.671250] (px4_msgs) StdoutLine: {'line': b'-- Up-to-date: /home/px4/ros2/ws/install/px4_msgs/include/px4_msgs/px4_msgs/msg/detail/longitudinal_control_configuration__traits.hpp\n'}
[1.671312] (px4_msgs) StdoutLine: {'line': b'-- Up-to-date: /home/px4/ros2/ws/install/px4_msgs/include/px4_msgs/px4_msgs/msg/detail/parameter_reset_request__builder.hpp\n'}
[1.671369] (px4_msgs) StdoutLine: {'line': b'-- Up-to-date: /home/px4/ros2/ws/install/px4_msgs/include/px4_msgs/px4_msgs/msg/detail/log_message__traits.hpp\n'}
[1.671437] (px4_msgs) StdoutLine: {'line': b'-- Up-to-date: /home/px4/ros2/ws/install/px4_msgs/include/px4_msgs/px4_msgs/msg/detail/rover_attitude_setpoint__type_support.hpp\n'}
[1.671508] (px4_msgs) StdoutLine: {'line': b'-- Up-to-date: /home/px4/ros2/ws/install/px4_msgs/include/px4_msgs/px4_msgs/msg/detail/orb_test_large__traits.hpp\n'}
[1.671608] (px4_msgs) StdoutLine: {'line': b'-- Up-to-date: /home/px4/ros2/ws/install/px4_msgs/include/px4_msgs/px4_msgs/msg/detail/led_control__traits.hpp\n'}
[1.671669] (px4_msgs) StdoutLine: {'line': b'-- Up-to-date: /home/px4/ros2/ws/install/px4_msgs/include/px4_msgs/px4_msgs/msg/detail/estimator_status_flags__builder.hpp\n'}
[1.671728] (px4_msgs) StdoutLine: {'line': b'-- Up-to-date: /home/px4/ros2/ws/install/px4_msgs/include/px4_msgs/px4_msgs/msg/detail/airspeed__builder.hpp\n'}
[1.671786] (px4_msgs) StdoutLine: {'line': b'-- Up-to-date: /home/px4/ros2/ws/install/px4_msgs/include/px4_msgs/px4_msgs/msg/detail/mavlink_tunnel__traits.hpp\n'}
[1.671844] (px4_msgs) StdoutLine: {'line': b'-- Up-to-date: /home/px4/ros2/ws/install/px4_msgs/include/px4_msgs/px4_msgs/msg/detail/pps_capture__struct.hpp\n'}
[1.671901] (px4_msgs) StdoutLine: {'line': b'-- Up-to-date: /home/px4/ros2/ws/install/px4_msgs/include/px4_msgs/px4_msgs/msg/detail/rover_rate_status__struct.hpp\n'}
[1.671958] (px4_msgs) StdoutLine: {'line': b'-- Up-to-date: /home/px4/ros2/ws/install/px4_msgs/include/px4_msgs/px4_msgs/msg/detail/gps_inject_data__builder.hpp\n'}
[1.672016] (px4_msgs) StdoutLine: {'line': b'-- Up-to-date: /home/px4/ros2/ws/install/px4_msgs/include/px4_msgs/px4_msgs/msg/detail/differential_pressure__type_support.hpp\n'}
[1.672085] (px4_msgs) StdoutLine: {'line': b'-- Up-to-date: /home/px4/ros2/ws/install/px4_msgs/include/px4_msgs/px4_msgs/msg/detail/landing_gear_wheel__builder.hpp\n'}
[1.672144] (px4_msgs) StdoutLine: {'line': b'-- Up-to-date: /home/px4/ros2/ws/install/px4_msgs/include/px4_msgs/px4_msgs/msg/detail/sensor_accel_fifo__builder.hpp\n'}
[1.672202] (px4_msgs) StdoutLine: {'line': b'-- Up-to-date: /home/px4/ros2/ws/install/px4_msgs/include/px4_msgs/px4_msgs/msg/detail/parameter_set_used_request__builder.hpp\n'}
[1.672260] (px4_msgs) StdoutLine: {'line': b'-- Up-to-date: /home/px4/ros2/ws/install/px4_msgs/include/px4_msgs/px4_msgs/msg/detail/camera_capture__traits.hpp\n'}
[1.672321] (px4_msgs) StdoutLine: {'line': b'-- Up-to-date: /home/px4/ros2/ws/install/px4_msgs/include/px4_msgs/px4_msgs/msg/detail/sensor_gnss_relative__type_support.hpp\n'}
[1.672379] (px4_msgs) StdoutLine: {'line': b'-- Up-to-date: /home/px4/ros2/ws/install/px4_msgs/include/px4_msgs/px4_msgs/msg/detail/mission_result__struct.hpp\n'}
[1.672437] (px4_msgs) StdoutLine: {'line': b'-- Up-to-date: /home/px4/ros2/ws/install/px4_msgs/include/px4_msgs/px4_msgs/msg/detail/vehicle_command_ack__traits.hpp\n'}
[1.672510] (px4_msgs) StdoutLine: {'line': b'-- Up-to-date: /home/px4/ros2/ws/install/px4_msgs/include/px4_msgs/px4_msgs/msg/detail/pps_capture__builder.hpp\n'}
[1.672721] (px4_msgs) StdoutLine: {'line': b'-- Up-to-date: /home/px4/ros2/ws/install/px4_msgs/include/px4_msgs/px4_msgs/msg/detail/airspeed_wind__traits.hpp\n'}
[1.672824] (px4_msgs) StdoutLine: {'line': b'-- Up-to-date: /home/px4/ros2/ws/install/px4_msgs/include/px4_msgs/px4_msgs/msg/detail/input_rc__traits.hpp\n'}
[1.672911] (px4_msgs) StdoutLine: {'line': b'-- Up-to-date: /home/px4/ros2/ws/install/px4_msgs/include/px4_msgs/px4_msgs/msg/detail/message_format_request__traits.hpp\n'}
[1.672992] (px4_msgs) StdoutLine: {'line': b'-- Up-to-date: /home/px4/ros2/ws/install/px4_msgs/include/px4_msgs/px4_msgs/msg/detail/actuator_armed__traits.hpp\n'}
[1.673069] (px4_msgs) StdoutLine: {'line': b'-- Up-to-date: /home/px4/ros2/ws/install/px4_msgs/include/px4_msgs/px4_msgs/msg/camera_capture.hpp\n'}
[1.673146] (px4_msgs) StdoutLine: {'line': b'-- Up-to-date: /home/px4/ros2/ws/install/px4_msgs/include/px4_msgs/px4_msgs/msg/rover_position_setpoint.hpp\n'}
[1.673222] (px4_msgs) StdoutLine: {'line': b'-- Up-to-date: /home/px4/ros2/ws/install/px4_msgs/include/px4_msgs/px4_msgs/msg/ulog_stream.hpp\n'}
[1.673331] (px4_msgs) StdoutLine: {'line': b'-- Up-to-date: /home/px4/ros2/ws/install/px4_msgs/include/px4_msgs/px4_msgs/msg/vtol_vehicle_status.hpp\n'}
[1.673408] (px4_msgs) StdoutLine: {'line': b'-- Up-to-date: /home/px4/ros2/ws/install/px4_msgs/include/px4_msgs/px4_msgs/msg/position_controller_landing_status.hpp\n'}
[1.673483] (px4_msgs) StdoutLine: {'line': b'-- Up-to-date: /home/px4/ros2/ws/install/px4_msgs/include/px4_msgs/px4_msgs/msg/hover_thrust_estimate.hpp\n'}
[1.673583] (px4_msgs) StdoutLine: {'line': b'-- Up-to-date: /home/px4/ros2/ws/install/px4_msgs/include/px4_msgs/px4_msgs/msg/uavcan_parameter_value.hpp\n'}
[1.673659] (px4_msgs) StdoutLine: {'line': b'-- Up-to-date: /home/px4/ros2/ws/install/px4_msgs/include/px4_msgs/px4_msgs/msg/figure_eight_status.hpp\n'}
[1.673732] (px4_msgs) StdoutLine: {'line': b'-- Up-to-date: /home/px4/ros2/ws/install/px4_msgs/include/px4_msgs/px4_msgs/msg/parameter_reset_request.hpp\n'}
[1.673802] (px4_msgs) StdoutLine: {'line': b'-- Up-to-date: /home/px4/ros2/ws/install/px4_msgs/include/px4_msgs/px4_msgs/msg/estimator_aid_source3d.hpp\n'}
[1.673894] (px4_msgs) StdoutLine: {'line': b'-- Up-to-date: /home/px4/ros2/ws/install/px4_msgs/include/px4_msgs/px4_msgs/msg/gimbal_manager_status.hpp\n'}
[1.674068] (px4_msgs) StdoutLine: {'line': b'-- Up-to-date: /home/px4/ros2/ws/install/px4_msgs/include/px4_msgs/px4_msgs/msg/vehicle_attitude_setpoint.hpp\n'}
[1.674154] (px4_msgs) StdoutLine: {'line': b'-- Up-to-date: /home/px4/ros2/ws/install/px4_msgs/include/px4_msgs/px4_msgs/msg/tune_control.hpp\n'}
[1.674216] (px4_msgs) StdoutLine: {'line': b'-- Up-to-date: /home/px4/ros2/ws/install/px4_msgs/include/px4_msgs/px4_msgs/msg/position_setpoint_triplet.hpp\n'}
[1.674277] (px4_msgs) StdoutLine: {'line': b'-- Up-to-date: /home/px4/ros2/ws/install/px4_msgs/include/px4_msgs/px4_msgs/msg/gpio_out.hpp\n'}
[1.674339] (px4_msgs) StdoutLine: {'line': b'-- Up-to-date: /home/px4/ros2/ws/install/px4_msgs/include/px4_msgs/px4_msgs/msg/vehicle_odometry.hpp\n'}
[1.674401] (px4_msgs) StdoutLine: {'line': b'-- Up-to-date: /home/px4/ros2/ws/install/px4_msgs/include/px4_msgs/px4_msgs/msg/debug_array.hpp\n'}
[1.674460] (px4_msgs) StdoutLine: {'line': b'-- Up-to-date: /home/px4/ros2/ws/install/px4_msgs/include/px4_msgs/px4_msgs/msg/actuator_outputs.hpp\n'}
[1.674537] (px4_msgs) StdoutLine: {'line': b'-- Up-to-date: /home/px4/ros2/ws/install/px4_msgs/include/px4_msgs/px4_msgs/msg/wheel_encoders.hpp\n'}
[1.674601] (px4_msgs) StdoutLine: {'line': b'-- Up-to-date: /home/px4/ros2/ws/install/px4_msgs/include/px4_msgs/px4_msgs/msg/pps_capture.hpp\n'}
[1.674659] (px4_msgs) StdoutLine: {'line': b'-- Up-to-date: /home/px4/ros2/ws/install/px4_msgs/include/px4_msgs/px4_msgs/msg/estimator_sensor_bias.hpp\n'}
[1.674717] (px4_msgs) StdoutLine: {'line': b'-- Up-to-date: /home/px4/ros2/ws/install/px4_msgs/include/px4_msgs/px4_msgs/msg/pwm_input.hpp\n'}
[1.674774] (px4_msgs) StdoutLine: {'line': b'-- Up-to-date: /home/px4/ros2/ws/install/px4_msgs/include/px4_msgs/px4_msgs/msg/rover_rate_status.hpp\n'}
[1.674840] (px4_msgs) StdoutLine: {'line': b'-- Up-to-date: /home/px4/ros2/ws/install/px4_msgs/include/px4_msgs/px4_msgs/msg/vehicle_rates_setpoint.hpp\n'}
[1.674904] (px4_msgs) StdoutLine: {'line': b'-- Up-to-date: /home/px4/ros2/ws/install/px4_msgs/include/px4_msgs/px4_msgs/msg/sensor_baro.hpp\n'}
[1.674965] (px4_msgs) StdoutLine: {'line': b'-- Up-to-date: /home/px4/ros2/ws/install/px4_msgs/include/px4_msgs/px4_msgs/msg/parameter_set_used_request.hpp\n'}
[1.675024] (px4_msgs) StdoutLine: {'line': b'-- Up-to-date: /home/px4/ros2/ws/install/px4_msgs/include/px4_msgs/px4_msgs/msg/estimator_innovations.hpp\n'}
[1.675083] (px4_msgs) StdoutLine: {'line': b'-- Up-to-date: /home/px4/ros2/ws/install/px4_msgs/include/px4_msgs/px4_msgs/msg/actuator_motors.hpp\n'}
[1.675143] (px4_msgs) StdoutLine: {'line': b'-- Up-to-date: /home/px4/ros2/ws/install/px4_msgs/include/px4_msgs/px4_msgs/msg/can_interface_status.hpp\n'}
[1.675201] (px4_msgs) StdoutLine: {'line': b'-- Up-to-date: /home/px4/ros2/ws/install/px4_msgs/include/px4_msgs/px4_msgs/msg/gimbal_device_attitude_status.hpp\n'}
[1.675269] (px4_msgs) StdoutLine: {'line': b'-- Up-to-date: /home/px4/ros2/ws/install/px4_msgs/include/px4_msgs/px4_msgs/msg/vehicle_angular_acceleration_setpoint.hpp\n'}
[1.675327] (px4_msgs) StdoutLine: {'line': b'-- Up-to-date: /home/px4/ros2/ws/install/px4_msgs/include/px4_msgs/px4_msgs/msg/estimator_event_flags.hpp\n'}
[1.675387] (px4_msgs) StdoutLine: {'line': b'-- Up-to-date: /home/px4/ros2/ws/install/px4_msgs/include/px4_msgs/px4_msgs/msg/vehicle_constraints.hpp\n'}
[1.675445] (px4_msgs) StdoutLine: {'line': b'-- Up-to-date: /home/px4/ros2/ws/install/px4_msgs/include/px4_msgs/px4_msgs/msg/fixed_wing_longitudinal_setpoint.hpp\n'}
[1.675515] (px4_msgs) StdoutLine: {'line': b'-- Up-to-date: /home/px4/ros2/ws/install/px4_msgs/include/px4_msgs/px4_msgs/msg/led_control.hpp\n'}
[1.675595] (px4_msgs) StdoutLine: {'line': b'-- Up-to-date: /home/px4/ros2/ws/install/px4_msgs/include/px4_msgs/px4_msgs/msg/sensor_gyro_fft.hpp\n'}
[1.675655] (px4_msgs) StdoutLine: {'line': b'-- Up-to-date: /home/px4/ros2/ws/install/px4_msgs/include/px4_msgs/px4_msgs/msg/sensor_combined.hpp\n'}
[1.675713] (px4_msgs) StdoutLine: {'line': b'-- Up-to-date: /home/px4/ros2/ws/install/px4_msgs/include/px4_msgs/px4_msgs/msg/landing_gear.hpp\n'}
[1.675772] (px4_msgs) StdoutLine: {'line': b'-- Up-to-date: /home/px4/ros2/ws/install/px4_msgs/include/px4_msgs/px4_msgs/msg/debug_key_value.hpp\n'}
[1.675831] (px4_msgs) StdoutLine: {'line': b'-- Up-to-date: /home/px4/ros2/ws/install/px4_msgs/include/px4_msgs/px4_msgs/msg/rover_velocity_status.hpp\n'}
[1.675888] (px4_msgs) StdoutLine: {'line': b'-- Up-to-date: /home/px4/ros2/ws/install/px4_msgs/include/px4_msgs/px4_msgs/msg/dataman_response.hpp\n'}
[1.675945] (px4_msgs) StdoutLine: {'line': b'-- Up-to-date: /home/px4/ros2/ws/install/px4_msgs/include/px4_msgs/px4_msgs/msg/cellular_status.hpp\n'}
[1.676003] (px4_msgs) StdoutLine: {'line': b'-- Up-to-date: /home/px4/ros2/ws/install/px4_msgs/include/px4_msgs/px4_msgs/msg/estimator_states.hpp\n'}
[1.676075] (px4_msgs) StdoutLine: {'line': b'-- Up-to-date: /home/px4/ros2/ws/install/px4_msgs/include/px4_msgs/px4_msgs/msg/airspeed_wind.hpp\n'}
[1.676137] (px4_msgs) StdoutLine: {'line': b'-- Up-to-date: /home/px4/ros2/ws/install/px4_msgs/include/px4_msgs/px4_msgs/msg/open_drone_id_operator_id.hpp\n'}
[1.676195] (px4_msgs) StdoutLine: {'line': b'-- Up-to-date: /home/px4/ros2/ws/install/px4_msgs/include/px4_msgs/px4_msgs/msg/sensor_gps.hpp\n'}
[1.676252] (px4_msgs) StdoutLine: {'line': b'-- Up-to-date: /home/px4/ros2/ws/install/px4_msgs/include/px4_msgs/px4_msgs/msg/gimbal_controls.hpp\n'}
[1.676308] (px4_msgs) StdoutLine: {'line': b'-- Up-to-date: /home/px4/ros2/ws/install/px4_msgs/include/px4_msgs/px4_msgs/msg/trajectory_setpoint6dof.hpp\n'}
[1.676365] (px4_msgs) StdoutLine: {'line': b'-- Up-to-date: /home/px4/ros2/ws/install/px4_msgs/include/px4_msgs/px4_msgs/msg/rtl_status.hpp\n'}
[1.676422] (px4_msgs) StdoutLine: {'line': b'-- Up-to-date: /home/px4/ros2/ws/install/px4_msgs/include/px4_msgs/px4_msgs/msg/actuator_servos_trim.hpp\n'}
[1.676478] (px4_msgs) StdoutLine: {'line': b'-- Up-to-date: /home/px4/ros2/ws/install/px4_msgs/include/px4_msgs/px4_msgs/msg/takeoff_status.hpp\n'}
[1.676555] (px4_msgs) StdoutLine: {'line': b'-- Up-to-date: /home/px4/ros2/ws/install/px4_msgs/include/px4_msgs/px4_msgs/msg/vehicle_control_mode.hpp\n'}
[1.676616] (px4_msgs) StdoutLine: {'line': b'-- Up-to-date: /home/px4/ros2/ws/install/px4_msgs/include/px4_msgs/px4_msgs/msg/battery_info.hpp\n'}
[1.676674] (px4_msgs) StdoutLine: {'line': b'-- Up-to-date: /home/px4/ros2/ws/install/px4_msgs/include/px4_msgs/px4_msgs/msg/unregister_ext_component.hpp\n'}
[1.676730] (px4_msgs) StdoutLine: {'line': b'-- Up-to-date: /home/px4/ros2/ws/install/px4_msgs/include/px4_msgs/px4_msgs/msg/collision_constraints.hpp\n'}
[1.676787] (px4_msgs) StdoutLine: {'line': b'-- Up-to-date: /home/px4/ros2/ws/install/px4_msgs/include/px4_msgs/px4_msgs/msg/vehicle_command.hpp\n'}
[1.676844] (px4_msgs) StdoutLine: {'line': b'-- Up-to-date: /home/px4/ros2/ws/install/px4_msgs/include/px4_msgs/px4_msgs/msg/rover_rate_setpoint.hpp\n'}
[1.676912] (px4_msgs) StdoutLine: {'line': b'-- Up-to-date: /home/px4/ros2/ws/install/px4_msgs/include/px4_msgs/px4_msgs/msg/rover_throttle_setpoint.hpp\n'}
[1.676969] (px4_msgs) StdoutLine: {'line': b'-- Up-to-date: /home/px4/ros2/ws/install/px4_msgs/include/px4_msgs/px4_msgs/msg/landing_gear_wheel.hpp\n'}
[1.677026] (px4_msgs) StdoutLine: {'line': b'-- Up-to-date: /home/px4/ros2/ws/install/px4_msgs/include/px4_msgs/px4_msgs/msg/gpio_in.hpp\n'}
[1.677092] (px4_msgs) StdoutLine: {'line': b'-- Up-to-date: /home/px4/ros2/ws/install/px4_msgs/include/px4_msgs/px4_msgs/msg/rpm.hpp\n'}
[1.677151] (px4_msgs) StdoutLine: {'line': b'-- Up-to-date: /home/px4/ros2/ws/install/px4_msgs/include/px4_msgs/px4_msgs/msg/mount_orientation.hpp\n'}
[1.677209] (px4_msgs) StdoutLine: {'line': b'-- Up-to-date: /home/px4/ros2/ws/install/px4_msgs/include/px4_msgs/px4_msgs/msg/orb_test.hpp\n'}
[1.677267] (px4_msgs) StdoutLine: {'line': b'-- Up-to-date: /home/px4/ros2/ws/install/px4_msgs/include/px4_msgs/px4_msgs/msg/camera_trigger.hpp\n'}
[1.677324] (px4_msgs) StdoutLine: {'line': b'-- Up-to-date: /home/px4/ros2/ws/install/px4_msgs/include/px4_msgs/px4_msgs/msg/vehicle_air_data.hpp\n'}
[1.677381] (px4_msgs) StdoutLine: {'line': b'-- Up-to-date: /home/px4/ros2/ws/install/px4_msgs/include/px4_msgs/px4_msgs/msg/vehicle_optical_flow.hpp\n'}
[1.677438] (px4_msgs) StdoutLine: {'line': b'-- Up-to-date: /home/px4/ros2/ws/install/px4_msgs/include/px4_msgs/px4_msgs/msg/flight_phase_estimation.hpp\n'}
[1.677508] (px4_msgs) StdoutLine: {'line': b'-- Up-to-date: /home/px4/ros2/ws/install/px4_msgs/include/px4_msgs/px4_msgs/msg/vehicle_local_position.hpp\n'}
[1.677576] (px4_msgs) StdoutLine: {'line': b'-- Up-to-date: /home/px4/ros2/ws/install/px4_msgs/include/px4_msgs/px4_msgs/msg/sensor_accel.hpp\n'}
[1.677634] (px4_msgs) StdoutLine: {'line': b'-- Up-to-date: /home/px4/ros2/ws/install/px4_msgs/include/px4_msgs/px4_msgs/msg/estimator_bias.hpp\n'}
[1.677691] (px4_msgs) StdoutLine: {'line': b'-- Up-to-date: /home/px4/ros2/ws/install/px4_msgs/include/px4_msgs/px4_msgs/msg/debug_vect.hpp\n'}
[1.677749] (px4_msgs) StdoutLine: {'line': b'-- Up-to-date: /home/px4/ros2/ws/install/px4_msgs/include/px4_msgs/px4_msgs/msg/open_drone_id_arm_status.hpp\n'}
[1.677807] (px4_msgs) StdoutLine: {'line': b'-- Up-to-date: /home/px4/ros2/ws/install/px4_msgs/include/px4_msgs/px4_msgs/msg/mission_result.hpp\n'}
[1.677865] (px4_msgs) StdoutLine: {'line': b'-- Up-to-date: /home/px4/ros2/ws/install/px4_msgs/include/px4_msgs/px4_msgs/msg/health_report.hpp\n'}
[1.677923] (px4_msgs) StdoutLine: {'line': b'-- Up-to-date: /home/px4/ros2/ws/install/px4_msgs/include/px4_msgs/px4_msgs/msg/parameter_set_value_response.hpp\n'}
[1.677990] (px4_msgs) StdoutLine: {'line': b'-- Up-to-date: /home/px4/ros2/ws/install/px4_msgs/include/px4_msgs/px4_msgs/msg/gimbal_manager_set_manual_control.hpp\n'}
[1.678050] (px4_msgs) StdoutLine: {'line': b'-- Up-to-date: /home/px4/ros2/ws/install/px4_msgs/include/px4_msgs/px4_msgs/msg/vehicle_land_detected.hpp\n'}
[1.678107] (px4_msgs) StdoutLine: {'line': b'-- Up-to-date: /home/px4/ros2/ws/install/px4_msgs/include/px4_msgs/px4_msgs/msg/navigator_status.hpp\n'}
[1.678163] (px4_msgs) StdoutLine: {'line': b'-- Up-to-date: /home/px4/ros2/ws/install/px4_msgs/include/px4_msgs/px4_msgs/msg/rosidl_generator_cpp__visibility_control.hpp\n'}
[1.678220] (px4_msgs) StdoutLine: {'line': b'-- Up-to-date: /home/px4/ros2/ws/install/px4_msgs/include/px4_msgs/px4_msgs/msg/magnetometer_bias_estimate.hpp\n'}
[1.678277] (px4_msgs) StdoutLine: {'line': b'-- Up-to-date: /home/px4/ros2/ws/install/px4_msgs/include/px4_msgs/px4_msgs/msg/estimator_status.hpp\n'}
[1.678335] (px4_msgs) StdoutLine: {'line': b'-- Up-to-date: /home/px4/ros2/ws/install/px4_msgs/include/px4_msgs/px4_msgs/msg/distance_sensor_mode_change_request.hpp\n'}
[1.678406] (px4_msgs) StdoutLine: {'line': b'-- Up-to-date: /home/px4/ros2/ws/install/px4_msgs/include/px4_msgs/px4_msgs/msg/gps_dump.hpp\n'}
[1.678472] (px4_msgs) StdoutLine: {'line': b'-- Up-to-date: /home/px4/ros2/ws/install/px4_msgs/include/px4_msgs/px4_msgs/msg/goto_setpoint.hpp\n'}
[1.678546] (px4_msgs) StdoutLine: {'line': b'-- Up-to-date: /home/px4/ros2/ws/install/px4_msgs/include/px4_msgs/px4_msgs/msg/gimbal_manager_information.hpp\n'}
[1.678612] (px4_msgs) StdoutLine: {'line': b'-- Up-to-date: /home/px4/ros2/ws/install/px4_msgs/include/px4_msgs/px4_msgs/msg/orb_test_large.hpp\n'}
[1.678670] (px4_msgs) StdoutLine: {'line': b'-- Up-to-date: /home/px4/ros2/ws/install/px4_msgs/include/px4_msgs/px4_msgs/msg/ekf2_timestamps.hpp\n'}
[1.678745] (px4_msgs) StdoutLine: {'line': b'-- Up-to-date: /home/px4/ros2/ws/install/px4_msgs/include/px4_msgs/px4_msgs/msg/open_drone_id_self_id.hpp\n'}
[1.678861] (px4_msgs) StdoutLine: {'line': b'-- Up-to-date: /home/px4/ros2/ws/install/px4_msgs/include/px4_msgs/px4_msgs/msg/satellite_info.hpp\n'}
[1.678931] (px4_msgs) StdoutLine: {'line': b'-- Up-to-date: /home/px4/ros2/ws/install/px4_msgs/include/px4_msgs/px4_msgs/msg/sensor_uwb.hpp\n'}
[1.679008] (px4_msgs) StdoutLine: {'line': b'-- Up-to-date: /home/px4/ros2/ws/install/px4_msgs/include/px4_msgs/px4_msgs/msg/vehicle_magnetometer.hpp\n'}
[1.679067] (px4_msgs) StdoutLine: {'line': b'-- Up-to-date: /home/px4/ros2/ws/install/px4_msgs/include/px4_msgs/px4_msgs/msg/sensor_mag.hpp\n'}
[1.679128] (px4_msgs) StdoutLine: {'line': b'-- Up-to-date: /home/px4/ros2/ws/install/px4_msgs/include/px4_msgs/px4_msgs/msg/estimator_status_flags.hpp\n'}
[1.679187] (px4_msgs) StdoutLine: {'line': b'-- Up-to-date: /home/px4/ros2/ws/install/px4_msgs/include/px4_msgs/px4_msgs/msg/telemetry_status.hpp\n'}
[1.679245] (px4_msgs) StdoutLine: {'line': b'-- Up-to-date: /home/px4/ros2/ws/install/px4_msgs/include/px4_msgs/px4_msgs/msg/wind.hpp\n'}
[1.679304] (px4_msgs) StdoutLine: {'line': b'-- Up-to-date: /home/px4/ros2/ws/install/px4_msgs/include/px4_msgs/px4_msgs/msg/input_rc.hpp\n'}
[1.679364] (px4_msgs) StdoutLine: {'line': b'-- Up-to-date: /home/px4/ros2/ws/install/px4_msgs/include/px4_msgs/px4_msgs/msg/position_setpoint.hpp\n'}
[1.679433] (px4_msgs) StdoutLine: {'line': b'-- Up-to-date: /home/px4/ros2/ws/install/px4_msgs/include/px4_msgs/px4_msgs/msg/vehicle_global_position.hpp\n'}
[1.679506] (px4_msgs) StdoutLine: {'line': b'-- Up-to-date: /home/px4/ros2/ws/install/px4_msgs/include/px4_msgs/px4_msgs/msg/sensor_selection.hpp\n'}
[1.679603] (px4_msgs) StdoutLine: {'line': b'-- Up-to-date: /home/px4/ros2/ws/install/px4_msgs/include/px4_msgs/px4_msgs/msg/esc_report.hpp\n'}
[1.679663] (px4_msgs) StdoutLine: {'line': b'-- Up-to-date: /home/px4/ros2/ws/install/px4_msgs/include/px4_msgs/px4_msgs/msg/actuator_servos.hpp\n'}
[1.679722] (px4_msgs) StdoutLine: {'line': b'-- Up-to-date: /home/px4/ros2/ws/install/px4_msgs/include/px4_msgs/px4_msgs/msg/obstacle_distance.hpp\n'}
[1.679868] (px4_msgs) StdoutLine: {'line': b'-- Up-to-date: /home/px4/ros2/ws/install/px4_msgs/include/px4_msgs/px4_msgs/msg/ulog_stream_ack.hpp\n'}
[1.679933] (px4_msgs) StdoutLine: {'line': b'-- Up-to-date: /home/px4/ros2/ws/install/px4_msgs/include/px4_msgs/px4_msgs/msg/vehicle_roi.hpp\n'}
[1.680063] (px4_msgs) StdoutLine: {'line': b'-- Up-to-date: /home/px4/ros2/ws/install/px4_msgs/include/px4_msgs/px4_msgs/msg/follow_target.hpp\n'}
[1.680125] (px4_msgs) StdoutLine: {'line': b'-- Up-to-date: /home/px4/ros2/ws/install/px4_msgs/include/px4_msgs/px4_msgs/msg/estimator_bias3d.hpp\n'}
[1.680183] (px4_msgs) StdoutLine: {'line': b'-- Up-to-date: /home/px4/ros2/ws/install/px4_msgs/include/px4_msgs/px4_msgs/msg/orb_test_medium.hpp\n'}
[1.680256] (px4_msgs) StdoutLine: {'line': b'-- Up-to-date: /home/px4/ros2/ws/install/px4_msgs/include/px4_msgs/px4_msgs/msg/follow_target_status.hpp\n'}
[1.680327] (px4_msgs) StdoutLine: {'line': b'-- Up-to-date: /home/px4/ros2/ws/install/px4_msgs/include/px4_msgs/px4_msgs/msg/action_request.hpp\n'}
[1.680386] (px4_msgs) StdoutLine: {'line': b'-- Up-to-date: /home/px4/ros2/ws/install/px4_msgs/include/px4_msgs/px4_msgs/msg/manual_control_setpoint.hpp\n'}
[1.680444] (px4_msgs) StdoutLine: {'line': b'-- Up-to-date: /home/px4/ros2/ws/install/px4_msgs/include/px4_msgs/px4_msgs/msg/sensors_status_imu.hpp\n'}
[1.680536] (px4_msgs) StdoutLine: {'line': b'-- Up-to-date: /home/px4/ros2/ws/install/px4_msgs/include/px4_msgs/px4_msgs/msg/rc_parameter_map.hpp\n'}
[1.680612] (px4_msgs) StdoutLine: {'line': b'-- Up-to-date: /home/px4/ros2/ws/install/px4_msgs/include/px4_msgs/px4_msgs/msg/actuator_controls_status.hpp\n'}
[1.680693] (px4_msgs) StdoutLine: {'line': b'-- Up-to-date: /home/px4/ros2/ws/install/px4_msgs/include/px4_msgs/px4_msgs/msg/launch_detection_status.hpp\n'}
[1.680816] (px4_msgs) StdoutLine: {'line': b'-- Up-to-date: /home/px4/ros2/ws/install/px4_msgs/include/px4_msgs/px4_msgs/msg/follow_target_estimator.hpp\n'}
[1.680887] (px4_msgs) StdoutLine: {'line': b'-- Up-to-date: /home/px4/ros2/ws/install/px4_msgs/include/px4_msgs/px4_msgs/msg/sensor_preflight_mag.hpp\n'}
[1.680949] (px4_msgs) StdoutLine: {'line': b'-- Up-to-date: /home/px4/ros2/ws/install/px4_msgs/include/px4_msgs/px4_msgs/msg/parameter_set_value_request.hpp\n'}
[1.681010] (px4_msgs) StdoutLine: {'line': b'-- Up-to-date: /home/px4/ros2/ws/install/px4_msgs/include/px4_msgs/px4_msgs/msg/arming_check_reply.hpp\n'}
[1.681070] (px4_msgs) StdoutLine: {'line': b'-- Up-to-date: /home/px4/ros2/ws/install/px4_msgs/include/px4_msgs/px4_msgs/msg/message_format_request.hpp\n'}
[1.681171] (px4_msgs) StdoutLine: {'line': b'-- Up-to-date: /home/px4/ros2/ws/install/px4_msgs/include/px4_msgs/px4_msgs/msg/landing_target_innovations.hpp\n'}
[1.681261] (px4_msgs) StdoutLine: {'line': b'-- Up-to-date: /home/px4/ros2/ws/install/px4_msgs/include/px4_msgs/px4_msgs/msg/vehicle_imu.hpp\n'}
[1.681322] (px4_msgs) StdoutLine: {'line': b'-- Up-to-date: /home/px4/ros2/ws/install/px4_msgs/include/px4_msgs/px4_msgs/msg/sensor_gyro.hpp\n'}
[1.681380] (px4_msgs) StdoutLine: {'line': b'-- Up-to-date: /home/px4/ros2/ws/install/px4_msgs/include/px4_msgs/px4_msgs/msg/internal_combustion_engine_status.hpp\n'}
[1.681456] (px4_msgs) StdoutLine: {'line': b'-- Up-to-date: /home/px4/ros2/ws/install/px4_msgs/include/px4_msgs/px4_msgs/msg/timesync_status.hpp\n'}
[1.681570] (px4_msgs) StdoutLine: {'line': b'-- Up-to-date: /home/px4/ros2/ws/install/px4_msgs/include/px4_msgs/px4_msgs/msg/dronecan_node_status.hpp\n'}
[1.681654] (px4_msgs) StdoutLine: {'line': b'-- Up-to-date: /home/px4/ros2/ws/install/px4_msgs/include/px4_msgs/px4_msgs/msg/sensor_hygrometer.hpp\n'}
[1.681760] (px4_msgs) StdoutLine: {'line': b'-- Up-to-date: /home/px4/ros2/ws/install/px4_msgs/include/px4_msgs/px4_msgs/msg/mag_worker_data.hpp\n'}
[1.681822] (px4_msgs) StdoutLine: {'line': b'-- Up-to-date: /home/px4/ros2/ws/install/px4_msgs/include/px4_msgs/px4_msgs/msg/task_stack_info.hpp\n'}
[1.681878] (px4_msgs) StdoutLine: {'line': b'-- Up-to-date: /home/px4/ros2/ws/install/px4_msgs/include/px4_msgs/px4_msgs/msg/fixed_wing_runway_control.hpp\n'}
[1.681971] (px4_msgs) StdoutLine: {'line': b'-- Up-to-date: /home/px4/ros2/ws/install/px4_msgs/include/px4_msgs/px4_msgs/msg/logger_status.hpp\n'}
[1.682031] (px4_msgs) StdoutLine: {'line': b'-- Up-to-date: /home/px4/ros2/ws/install/px4_msgs/include/px4_msgs/px4_msgs/msg/mode_completed.hpp\n'}
[1.682089] (px4_msgs) StdoutLine: {'line': b'-- Up-to-date: /home/px4/ros2/ws/install/px4_msgs/include/px4_msgs/px4_msgs/msg/landing_target_pose.hpp\n'}
[1.682146] (px4_msgs) StdoutLine: {'line': b'-- Up-to-date: /home/px4/ros2/ws/install/px4_msgs/include/px4_msgs/px4_msgs/msg/normalized_unsigned_setpoint.hpp\n'}
[1.682229] (px4_msgs) StdoutLine: {'line': b'-- Up-to-date: /home/px4/ros2/ws/install/px4_msgs/include/px4_msgs/px4_msgs/msg/register_ext_component_reply.hpp\n'}
[1.682287] (px4_msgs) StdoutLine: {'line': b'-- Up-to-date: /home/px4/ros2/ws/install/px4_msgs/include/px4_msgs/px4_msgs/msg/vehicle_torque_setpoint.hpp\n'}
[1.682346] (px4_msgs) StdoutLine: {'line': b'-- Up-to-date: /home/px4/ros2/ws/install/px4_msgs/include/px4_msgs/px4_msgs/msg/autotune_attitude_control_status.hpp\n'}
[1.682405] (px4_msgs) StdoutLine: {'line': b'-- Up-to-date: /home/px4/ros2/ws/install/px4_msgs/include/px4_msgs/px4_msgs/msg/offboard_control_mode.hpp\n'}
[1.682472] (px4_msgs) StdoutLine: {'line': b'-- Up-to-date: /home/px4/ros2/ws/install/px4_msgs/include/px4_msgs/px4_msgs/msg/sensors_status.hpp\n'}
[1.682567] (px4_msgs) StdoutLine: {'line': b'-- Up-to-date: /home/px4/ros2/ws/install/px4_msgs/include/px4_msgs/px4_msgs/msg/rover_steering_setpoint.hpp\n'}
[1.682658] (px4_msgs) StdoutLine: {'line': b'-- Up-to-date: /home/px4/ros2/ws/install/px4_msgs/include/px4_msgs/px4_msgs/msg/camera_status.hpp\n'}
[1.682724] (px4_msgs) StdoutLine: {'line': b'-- Up-to-date: /home/px4/ros2/ws/install/px4_msgs/include/px4_msgs/px4_msgs/msg/gpio_request.hpp\n'}
[1.682783] (px4_msgs) StdoutLine: {'line': b'-- Up-to-date: /home/px4/ros2/ws/install/px4_msgs/include/px4_msgs/px4_msgs/msg/yaw_estimator_status.hpp\n'}
[1.682841] (px4_msgs) StdoutLine: {'line': b'-- Up-to-date: /home/px4/ros2/ws/install/px4_msgs/include/px4_msgs/px4_msgs/msg/sensor_correction.hpp\n'}
[1.682940] (px4_msgs) StdoutLine: {'line': b'-- Up-to-date: /home/px4/ros2/ws/install/px4_msgs/include/px4_msgs/px4_msgs/msg/esc_status.hpp\n'}
[1.683009] (px4_msgs) StdoutLine: {'line': b'-- Up-to-date: /home/px4/ros2/ws/install/px4_msgs/include/px4_msgs/px4_msgs/msg/gimbal_manager_set_attitude.hpp\n'}
[1.683068] (px4_msgs) StdoutLine: {'line': b'-- Up-to-date: /home/px4/ros2/ws/install/px4_msgs/include/px4_msgs/px4_msgs/msg/estimator_aid_source1d.hpp\n'}
[1.683133] (px4_msgs) StdoutLine: {'line': b'-- Up-to-date: /home/px4/ros2/ws/install/px4_msgs/include/px4_msgs/px4_msgs/msg/mission.hpp\n'}
[1.683197] (px4_msgs) StdoutLine: {'line': b'-- Up-to-date: /home/px4/ros2/ws/install/px4_msgs/include/px4_msgs/px4_msgs/msg/power_monitor.hpp\n'}
[1.683257] (px4_msgs) StdoutLine: {'line': b'-- Up-to-date: /home/px4/ros2/ws/install/px4_msgs/include/px4_msgs/px4_msgs/msg/sensor_optical_flow.hpp\n'}
[1.683367] (px4_msgs) StdoutLine: {'line': b'-- Up-to-date: /home/px4/ros2/ws/install/px4_msgs/include/px4_msgs/px4_msgs/msg/sensor_airflow.hpp\n'}
[1.683429] (px4_msgs) StdoutLine: {'line': b'-- Up-to-date: /home/px4/ros2/ws/install/px4_msgs/include/px4_msgs/px4_msgs/msg/rate_ctrl_status.hpp\n'}
[1.683500] (px4_msgs) StdoutLine: {'line': b'-- Up-to-date: /home/px4/ros2/ws/install/px4_msgs/include/px4_msgs/px4_msgs/msg/rc_channels.hpp\n'}
[1.683597] (px4_msgs) StdoutLine: {'line': b'-- Up-to-date: /home/px4/ros2/ws/install/px4_msgs/include/px4_msgs/px4_msgs/msg/distance_sensor.hpp\n'}
[1.683658] (px4_msgs) StdoutLine: {'line': b'-- Up-to-date: /home/px4/ros2/ws/install/px4_msgs/include/px4_msgs/px4_msgs/msg/log_message.hpp\n'}
[1.683718] (px4_msgs) StdoutLine: {'line': b'-- Up-to-date: /home/px4/ros2/ws/install/px4_msgs/include/px4_msgs/px4_msgs/msg/ping.hpp\n'}
[1.683776] (px4_msgs) StdoutLine: {'line': b'-- Up-to-date: /home/px4/ros2/ws/install/px4_msgs/include/px4_msgs/px4_msgs/msg/event.hpp\n'}
[1.683835] (px4_msgs) StdoutLine: {'line': b'-- Up-to-date: /home/px4/ros2/ws/install/px4_msgs/include/px4_msgs/px4_msgs/msg/gimbal_device_information.hpp\n'}
[1.683895] (px4_msgs) StdoutLine: {'line': b'-- Up-to-date: /home/px4/ros2/ws/install/px4_msgs/include/px4_msgs/px4_msgs/msg/irlock_report.hpp\n'}
[1.683956] (px4_msgs) StdoutLine: {'line': b'-- Up-to-date: /home/px4/ros2/ws/install/px4_msgs/include/px4_msgs/px4_msgs/msg/adc_report.hpp\n'}
[1.684061] (px4_msgs) StdoutLine: {'line': b'-- Up-to-date: /home/px4/ros2/ws/install/px4_msgs/include/px4_msgs/px4_msgs/msg/differential_pressure.hpp\n'}
[1.684121] (px4_msgs) StdoutLine: {'line': b'-- Up-to-date: /home/px4/ros2/ws/install/px4_msgs/include/px4_msgs/px4_msgs/msg/config_overrides.hpp\n'}
[1.684180] (px4_msgs) StdoutLine: {'line': b'-- Up-to-date: /home/px4/ros2/ws/install/px4_msgs/include/px4_msgs/px4_msgs/msg/failsafe_flags.hpp\n'}
[1.684237] (px4_msgs) StdoutLine: {'line': b'-- Up-to-date: /home/px4/ros2/ws/install/px4_msgs/include/px4_msgs/px4_msgs/msg/home_position.hpp\n'}
[1.684361] (px4_msgs) StdoutLine: {'line': b'-- Up-to-date: /home/px4/ros2/ws/install/px4_msgs/include/px4_msgs/px4_msgs/msg/power_button_state.hpp\n'}
[1.684425] (px4_msgs) StdoutLine: {'line': b'-- Up-to-date: /home/px4/ros2/ws/install/px4_msgs/include/px4_msgs/px4_msgs/msg/fixed_wing_lateral_status.hpp\n'}
[1.684507] (px4_msgs) StdoutLine: {'line': b'-- Up-to-date: /home/px4/ros2/ws/install/px4_msgs/include/px4_msgs/px4_msgs/msg/orbit_status.hpp\n'}
[1.684595] (px4_msgs) StdoutLine: {'line': b'-- Up-to-date: /home/px4/ros2/ws/install/px4_msgs/include/px4_msgs/px4_msgs/msg/generator_status.hpp\n'}
[1.684656] (px4_msgs) StdoutLine: {'line': b'-- Up-to-date: /home/px4/ros2/ws/install/px4_msgs/include/px4_msgs/px4_msgs/msg/vehicle_angular_velocity.hpp\n'}
[1.684722] (px4_msgs) StdoutLine: {'line': b'-- Up-to-date: /home/px4/ros2/ws/install/px4_msgs/include/px4_msgs/px4_msgs/msg/actuator_test.hpp\n'}
[1.684832] (px4_msgs) StdoutLine: {'line': b'-- Up-to-date: /home/px4/ros2/ws/install/px4_msgs/include/px4_msgs/px4_msgs/msg/trajectory_setpoint.hpp\n'}
[1.684901] (px4_msgs) StdoutLine: {'line': b'-- Up-to-date: /home/px4/ros2/ws/install/px4_msgs/include/px4_msgs/px4_msgs/msg/system_power.hpp\n'}
[1.684962] (px4_msgs) StdoutLine: {'line': b'-- Up-to-date: /home/px4/ros2/ws/install/px4_msgs/include/px4_msgs/px4_msgs/msg/gimbal_device_set_attitude.hpp\n'}
[1.685022] (px4_msgs) StdoutLine: {'line': b'-- Up-to-date: /home/px4/ros2/ws/install/px4_msgs/include/px4_msgs/px4_msgs/msg/vehicle_command_ack.hpp\n'}
[1.685080] (px4_msgs) StdoutLine: {'line': b'-- Up-to-date: /home/px4/ros2/ws/install/px4_msgs/include/px4_msgs/px4_msgs/msg/estimator_gps_status.hpp\n'}
[1.685139] (px4_msgs) StdoutLine: {'line': b'-- Up-to-date: /home/px4/ros2/ws/install/px4_msgs/include/px4_msgs/px4_msgs/msg/vehicle_imu_status.hpp\n'}
[1.685197] (px4_msgs) StdoutLine: {'line': b'-- Up-to-date: /home/px4/ros2/ws/install/px4_msgs/include/px4_msgs/px4_msgs/msg/radio_status.hpp\n'}
[1.685255] (px4_msgs) StdoutLine: {'line': b'-- Up-to-date: /home/px4/ros2/ws/install/px4_msgs/include/px4_msgs/px4_msgs/msg/rover_velocity_setpoint.hpp\n'}
[1.685314] (px4_msgs) StdoutLine: {'line': b'-- Up-to-date: /home/px4/ros2/ws/install/px4_msgs/include/px4_msgs/px4_msgs/msg/register_ext_component_request.hpp\n'}
[1.685370] (px4_msgs) StdoutLine: {'line': b'-- Up-to-date: /home/px4/ros2/ws/install/px4_msgs/include/px4_msgs/px4_msgs/msg/button_event.hpp\n'}
[1.685473] (px4_msgs) StdoutLine: {'line': b'-- Up-to-date: /home/px4/ros2/ws/install/px4_msgs/include/px4_msgs/px4_msgs/msg/geofence_result.hpp\n'}
[1.685579] (px4_msgs) StdoutLine: {'line': b'-- Up-to-date: /home/px4/ros2/ws/install/px4_msgs/include/px4_msgs/px4_msgs/msg/control_allocator_status.hpp\n'}
[1.685642] (px4_msgs) StdoutLine: {'line': b'-- Up-to-date: /home/px4/ros2/ws/install/px4_msgs/include/px4_msgs/px4_msgs/msg/gps_inject_data.hpp\n'}
[1.685701] (px4_msgs) StdoutLine: {'line': b'-- Up-to-date: /home/px4/ros2/ws/install/px4_msgs/include/px4_msgs/px4_msgs/msg/manual_control_switches.hpp\n'}
[1.685797] (px4_msgs) StdoutLine: {'line': b'-- Up-to-date: /home/px4/ros2/ws/install/px4_msgs/include/px4_msgs/px4_msgs/msg/px4io_status.hpp\n'}
[1.685870] (px4_msgs) StdoutLine: {'line': b'-- Up-to-date: /home/px4/ros2/ws/install/px4_msgs/include/px4_msgs/px4_msgs/msg/estimator_aid_source2d.hpp\n'}
[1.685928] (px4_msgs) StdoutLine: {'line': b'-- Up-to-date: /home/px4/ros2/ws/install/px4_msgs/include/px4_msgs/px4_msgs/msg/qshell_req.hpp\n'}
[1.685987] (px4_msgs) StdoutLine: {'line': b'-- Up-to-date: /home/px4/ros2/ws/install/px4_msgs/include/px4_msgs/px4_msgs/msg/rover_attitude_status.hpp\n'}
[1.686046] (px4_msgs) StdoutLine: {'line': b'-- Up-to-date: /home/px4/ros2/ws/install/px4_msgs/include/px4_msgs/px4_msgs/msg/dataman_request.hpp\n'}
[1.686119] (px4_msgs) StdoutLine: {'line': b'-- Up-to-date: /home/px4/ros2/ws/install/px4_msgs/include/px4_msgs/px4_msgs/msg/airspeed.hpp\n'}
[1.686222] (px4_msgs) StdoutLine: {'line': b'-- Up-to-date: /home/px4/ros2/ws/install/px4_msgs/include/px4_msgs/px4_msgs/msg/battery_status.hpp\n'}
[1.686290] (px4_msgs) StdoutLine: {'line': b'-- Up-to-date: /home/px4/ros2/ws/install/px4_msgs/include/px4_msgs/px4_msgs/msg/vehicle_acceleration.hpp\n'}
[1.686349] (px4_msgs) StdoutLine: {'line': b'-- Up-to-date: /home/px4/ros2/ws/install/px4_msgs/include/px4_msgs/px4_msgs/msg/mavlink_log.hpp\n'}
[1.686419] (px4_msgs) StdoutLine: {'line': b'-- Up-to-date: /home/px4/ros2/ws/install/px4_msgs/include/px4_msgs/px4_msgs/msg/pure_pursuit_status.hpp\n'}
[1.686479] (px4_msgs) StdoutLine: {'line': b'-- Up-to-date: /home/px4/ros2/ws/install/px4_msgs/include/px4_msgs/px4_msgs/msg/actuator_armed.hpp\n'}
[1.686577] (px4_msgs) StdoutLine: {'line': b'-- Up-to-date: /home/px4/ros2/ws/install/px4_msgs/include/px4_msgs/px4_msgs/msg/estimator_selector_status.hpp\n'}
[1.686675] (px4_msgs) StdoutLine: {'line': b'-- Up-to-date: /home/px4/ros2/ws/install/px4_msgs/include/px4_msgs/px4_msgs/msg/cpuload.hpp\n'}
[1.686737] (px4_msgs) StdoutLine: {'line': b'-- Up-to-date: /home/px4/ros2/ws/install/px4_msgs/include/px4_msgs/px4_msgs/msg/neural_control.hpp\n'}
[1.686796] (px4_msgs) StdoutLine: {'line': b'-- Up-to-date: /home/px4/ros2/ws/install/px4_msgs/include/px4_msgs/px4_msgs/msg/geofence_status.hpp\n'}
[1.686854] (px4_msgs) StdoutLine: {'line': b'-- Up-to-date: /home/px4/ros2/ws/install/px4_msgs/include/px4_msgs/px4_msgs/msg/failure_detector_status.hpp\n'}
[1.686912] (px4_msgs) StdoutLine: {'line': b'-- Up-to-date: /home/px4/ros2/ws/install/px4_msgs/include/px4_msgs/px4_msgs/msg/fixed_wing_lateral_guidance_status.hpp\n'}
[1.686972] (px4_msgs) StdoutLine: {'line': b'-- Up-to-date: /home/px4/ros2/ws/install/px4_msgs/include/px4_msgs/px4_msgs/msg/mavlink_tunnel.hpp\n'}
[1.687064] (px4_msgs) StdoutLine: {'line': b'-- Up-to-date: /home/px4/ros2/ws/install/px4_msgs/include/px4_msgs/px4_msgs/msg/vehicle_status.hpp\n'}
[1.687130] (px4_msgs) StdoutLine: {'line': b'-- Up-to-date: /home/px4/ros2/ws/install/px4_msgs/include/px4_msgs/px4_msgs/msg/longitudinal_control_configuration.hpp\n'}
[1.687204] (px4_msgs) StdoutLine: {'line': b'-- Up-to-date: /home/px4/ros2/ws/install/px4_msgs/include/px4_msgs/px4_msgs/srv\n'}
[1.687310] (px4_msgs) StdoutLine: {'line': b'-- Up-to-date: /home/px4/ros2/ws/install/px4_msgs/include/px4_msgs/px4_msgs/srv/detail\n'}
[1.687375] (px4_msgs) StdoutLine: {'line': b'-- Up-to-date: /home/px4/ros2/ws/install/px4_msgs/include/px4_msgs/px4_msgs/srv/detail/vehicle_command__type_support.hpp\n'}
[1.687435] (px4_msgs) StdoutLine: {'line': b'-- Up-to-date: /home/px4/ros2/ws/install/px4_msgs/include/px4_msgs/px4_msgs/srv/detail/vehicle_command__builder.hpp\n'}
[1.687513] (px4_msgs) StdoutLine: {'line': b'-- Up-to-date: /home/px4/ros2/ws/install/px4_msgs/include/px4_msgs/px4_msgs/srv/detail/vehicle_command__struct.hpp\n'}
[1.687609] (px4_msgs) StdoutLine: {'line': b'-- Up-to-date: /home/px4/ros2/ws/install/px4_msgs/include/px4_msgs/px4_msgs/srv/detail/vehicle_command__traits.hpp\n'}
[1.687669] (px4_msgs) StdoutLine: {'line': b'-- Up-to-date: /home/px4/ros2/ws/install/px4_msgs/include/px4_msgs/px4_msgs/srv/vehicle_command.hpp\n'}
[1.687734] (px4_msgs) StdoutLine: {'line': b'-- Up-to-date: /home/px4/ros2/ws/install/px4_msgs/include/px4_msgs/px4_msgs\n'}
[1.687838] (px4_msgs) StdoutLine: {'line': b'-- Up-to-date: /home/px4/ros2/ws/install/px4_msgs/include/px4_msgs/px4_msgs/msg\n'}
[1.687900] (px4_msgs) StdoutLine: {'line': b'-- Up-to-date: /home/px4/ros2/ws/install/px4_msgs/include/px4_msgs/px4_msgs/msg/detail\n'}
[1.687968] (px4_msgs) StdoutLine: {'line': b'-- Up-to-date: /home/px4/ros2/ws/install/px4_msgs/include/px4_msgs/px4_msgs/msg/detail/neural_control__rosidl_typesupport_fastrtps_cpp.hpp\n'}
[1.688060] (px4_msgs) StdoutLine: {'line': b'-- Up-to-date: /home/px4/ros2/ws/install/px4_msgs/include/px4_msgs/px4_msgs/msg/detail/sensor_gyro_fft__rosidl_typesupport_fastrtps_cpp.hpp\n'}
[1.688138] (px4_msgs) StdoutLine: {'line': b'-- Up-to-date: /home/px4/ros2/ws/install/px4_msgs/include/px4_msgs/px4_msgs/msg/detail/vehicle_angular_velocity__rosidl_typesupport_fastrtps_cpp.hpp\n'}
[1.688199] (px4_msgs) StdoutLine: {'line': b'-- Up-to-date: /home/px4/ros2/ws/install/px4_msgs/include/px4_msgs/px4_msgs/msg/detail/adc_report__rosidl_typesupport_fastrtps_cpp.hpp\n'}
[1.688259] (px4_msgs) StdoutLine: {'line': b'-- Up-to-date: /home/px4/ros2/ws/install/px4_msgs/include/px4_msgs/px4_msgs/msg/detail/vehicle_torque_setpoint__rosidl_typesupport_fastrtps_cpp.hpp\n'}
[1.688329] (px4_msgs) StdoutLine: {'line': b'-- Up-to-date: /home/px4/ros2/ws/install/px4_msgs/include/px4_msgs/px4_msgs/msg/detail/autotune_attitude_control_status__rosidl_typesupport_fastrtps_cpp.hpp\n'}
[1.688388] (px4_msgs) StdoutLine: {'line': b'-- Up-to-date: /home/px4/ros2/ws/install/px4_msgs/include/px4_msgs/px4_msgs/msg/detail/vehicle_imu_status__rosidl_typesupport_fastrtps_cpp.hpp\n'}
[1.688509] (px4_msgs) StdoutLine: {'line': b'-- Up-to-date: /home/px4/ros2/ws/install/px4_msgs/include/px4_msgs/px4_msgs/msg/detail/qshell_req__rosidl_typesupport_fastrtps_cpp.hpp\n'}
[1.688597] (px4_msgs) StdoutLine: {'line': b'-- Up-to-date: /home/px4/ros2/ws/install/px4_msgs/include/px4_msgs/px4_msgs/msg/detail/yaw_estimator_status__rosidl_typesupport_fastrtps_cpp.hpp\n'}
[1.688660] (px4_msgs) StdoutLine: {'line': b'-- Up-to-date: /home/px4/ros2/ws/install/px4_msgs/include/px4_msgs/px4_msgs/msg/detail/gimbal_manager_set_attitude__rosidl_typesupport_fastrtps_cpp.hpp\n'}
[1.688720] (px4_msgs) StdoutLine: {'line': b'-- Up-to-date: /home/px4/ros2/ws/install/px4_msgs/include/px4_msgs/px4_msgs/msg/detail/fixed_wing_lateral_setpoint__rosidl_typesupport_fastrtps_cpp.hpp\n'}
[1.688779] (px4_msgs) StdoutLine: {'line': b'-- Up-to-date: /home/px4/ros2/ws/install/px4_msgs/include/px4_msgs/px4_msgs/msg/detail/led_control__rosidl_typesupport_fastrtps_cpp.hpp\n'}
[1.688839] (px4_msgs) StdoutLine: {'line': b'-- Up-to-date: /home/px4/ros2/ws/install/px4_msgs/include/px4_msgs/px4_msgs/msg/detail/vehicle_attitude__rosidl_typesupport_fastrtps_cpp.hpp\n'}
[1.688898] (px4_msgs) StdoutLine: {'line': b'-- Up-to-date: /home/px4/ros2/ws/install/px4_msgs/include/px4_msgs/px4_msgs/msg/detail/tune_control__rosidl_typesupport_fastrtps_cpp.hpp\n'}
[1.688956] (px4_msgs) StdoutLine: {'line': b'-- Up-to-date: /home/px4/ros2/ws/install/px4_msgs/include/px4_msgs/px4_msgs/msg/detail/rover_rate_status__rosidl_typesupport_fastrtps_cpp.hpp\n'}
[1.689017] (px4_msgs) StdoutLine: {'line': b'-- Up-to-date: /home/px4/ros2/ws/install/px4_msgs/include/px4_msgs/px4_msgs/msg/detail/esc_report__rosidl_typesupport_fastrtps_cpp.hpp\n'}
[1.689075] (px4_msgs) StdoutLine: {'line': b'-- Up-to-date: /home/px4/ros2/ws/install/px4_msgs/include/px4_msgs/px4_msgs/msg/detail/vehicle_imu__rosidl_typesupport_fastrtps_cpp.hpp\n'}
[1.689181] (px4_msgs) StdoutLine: {'line': b'-- Up-to-date: /home/px4/ros2/ws/install/px4_msgs/include/px4_msgs/px4_msgs/msg/detail/vehicle_local_position_setpoint__rosidl_typesupport_fastrtps_cpp.hpp\n'}
[1.689241] (px4_msgs) StdoutLine: {'line': b'-- Up-to-date: /home/px4/ros2/ws/install/px4_msgs/include/px4_msgs/px4_msgs/msg/detail/system_power__rosidl_typesupport_fastrtps_cpp.hpp\n'}
[1.689300] (px4_msgs) StdoutLine: {'line': b'-- Up-to-date: /home/px4/ros2/ws/install/px4_msgs/include/px4_msgs/px4_msgs/msg/detail/orb_test_medium__rosidl_typesupport_fastrtps_cpp.hpp\n'}
[1.689359] (px4_msgs) StdoutLine: {'line': b'-- Up-to-date: /home/px4/ros2/ws/install/px4_msgs/include/px4_msgs/px4_msgs/msg/detail/orb_test_large__rosidl_typesupport_fastrtps_cpp.hpp\n'}
[1.689423] (px4_msgs) StdoutLine: {'line': b'-- Up-to-date: /home/px4/ros2/ws/install/px4_msgs/include/px4_msgs/px4_msgs/msg/detail/radio_status__rosidl_typesupport_fastrtps_cpp.hpp\n'}
[1.689579] (px4_msgs) StdoutLine: {'line': b'-- Up-to-date: /home/px4/ros2/ws/install/px4_msgs/include/px4_msgs/px4_msgs/msg/detail/internal_combustion_engine_status__rosidl_typesupport_fastrtps_cpp.hpp\n'}
[1.689667] (px4_msgs) StdoutLine: {'line': b'-- Up-to-date: /home/px4/ros2/ws/install/px4_msgs/include/px4_msgs/px4_msgs/msg/detail/position_controller_landing_status__rosidl_typesupport_fastrtps_cpp.hpp\n'}
[1.689759] (px4_msgs) StdoutLine: {'line': b'-- Up-to-date: /home/px4/ros2/ws/install/px4_msgs/include/px4_msgs/px4_msgs/msg/detail/camera_trigger__rosidl_typesupport_fastrtps_cpp.hpp\n'}
[1.689928] (px4_msgs) StdoutLine: {'line': b'-- Up-to-date: /home/px4/ros2/ws/install/px4_msgs/include/px4_msgs/px4_msgs/msg/detail/rover_position_setpoint__rosidl_typesupport_fastrtps_cpp.hpp\n'}
[1.690005] (px4_msgs) StdoutLine: {'line': b'-- Up-to-date: /home/px4/ros2/ws/install/px4_msgs/include/px4_msgs/px4_msgs/msg/detail/onboard_computer_status__rosidl_typesupport_fastrtps_cpp.hpp\n'}
[1.690066] (px4_msgs) StdoutLine: {'line': b'-- Up-to-date: /home/px4/ros2/ws/install/px4_msgs/include/px4_msgs/px4_msgs/msg/detail/vehicle_local_position__rosidl_typesupport_fastrtps_cpp.hpp\n'}
[1.690125] (px4_msgs) StdoutLine: {'line': b'-- Up-to-date: /home/px4/ros2/ws/install/px4_msgs/include/px4_msgs/px4_msgs/msg/detail/vehicle_optical_flow__rosidl_typesupport_fastrtps_cpp.hpp\n'}
[1.690186] (px4_msgs) StdoutLine: {'line': b'-- Up-to-date: /home/px4/ros2/ws/install/px4_msgs/include/px4_msgs/px4_msgs/msg/detail/ping__rosidl_typesupport_fastrtps_cpp.hpp\n'}
[1.690247] (px4_msgs) StdoutLine: {'line': b'-- Up-to-date: /home/px4/ros2/ws/install/px4_msgs/include/px4_msgs/px4_msgs/msg/detail/landing_target_pose__rosidl_typesupport_fastrtps_cpp.hpp\n'}
[1.690308] (px4_msgs) StdoutLine: {'line': b'-- Up-to-date: /home/px4/ros2/ws/install/px4_msgs/include/px4_msgs/px4_msgs/msg/detail/message_format_request__rosidl_typesupport_fastrtps_cpp.hpp\n'}
[1.690368] (px4_msgs) StdoutLine: {'line': b'-- Up-to-date: /home/px4/ros2/ws/install/px4_msgs/include/px4_msgs/px4_msgs/msg/detail/vehicle_optical_flow_vel__rosidl_typesupport_fastrtps_cpp.hpp\n'}
[1.690454] (px4_msgs) StdoutLine: {'line': b'-- Up-to-date: /home/px4/ros2/ws/install/px4_msgs/include/px4_msgs/px4_msgs/msg/detail/mag_worker_data__rosidl_typesupport_fastrtps_cpp.hpp\n'}
[1.690540] (px4_msgs) StdoutLine: {'line': b'-- Up-to-date: /home/px4/ros2/ws/install/px4_msgs/include/px4_msgs/px4_msgs/msg/detail/landing_gear__rosidl_typesupport_fastrtps_cpp.hpp\n'}
[1.690617] (px4_msgs) StdoutLine: {'line': b'-- Up-to-date: /home/px4/ros2/ws/install/px4_msgs/include/px4_msgs/px4_msgs/msg/detail/hover_thrust_estimate__rosidl_typesupport_fastrtps_cpp.hpp\n'}
[1.690704] (px4_msgs) StdoutLine: {'line': b'-- Up-to-date: /home/px4/ros2/ws/install/px4_msgs/include/px4_msgs/px4_msgs/msg/detail/camera_status__rosidl_typesupport_fastrtps_cpp.hpp\n'}
[1.690781] (px4_msgs) StdoutLine: {'line': b'-- Up-to-date: /home/px4/ros2/ws/install/px4_msgs/include/px4_msgs/px4_msgs/msg/detail/differential_pressure__rosidl_typesupport_fastrtps_cpp.hpp\n'}
[1.690858] (px4_msgs) StdoutLine: {'line': b'-- Up-to-date: /home/px4/ros2/ws/install/px4_msgs/include/px4_msgs/px4_msgs/msg/detail/position_controller_status__rosidl_typesupport_fastrtps_cpp.hpp\n'}
[1.690934] (px4_msgs) StdoutLine: {'line': b'-- Up-to-date: /home/px4/ros2/ws/install/px4_msgs/include/px4_msgs/px4_msgs/msg/detail/satellite_info__rosidl_typesupport_fastrtps_cpp.hpp\n'}
[1.691010] (px4_msgs) StdoutLine: {'line': b'-- Up-to-date: /home/px4/ros2/ws/install/px4_msgs/include/px4_msgs/px4_msgs/msg/detail/telemetry_status__rosidl_typesupport_fastrtps_cpp.hpp\n'}
[1.691088] (px4_msgs) StdoutLine: {'line': b'-- Up-to-date: /home/px4/ros2/ws/install/px4_msgs/include/px4_msgs/px4_msgs/msg/detail/transponder_report__rosidl_typesupport_fastrtps_cpp.hpp\n'}
[1.691163] (px4_msgs) StdoutLine: {'line': b'-- Up-to-date: /home/px4/ros2/ws/install/px4_msgs/include/px4_msgs/px4_msgs/msg/detail/pps_capture__rosidl_typesupport_fastrtps_cpp.hpp\n'}
[1.691241] (px4_msgs) StdoutLine: {'line': b'-- Up-to-date: /home/px4/ros2/ws/install/px4_msgs/include/px4_msgs/px4_msgs/msg/detail/debug_vect__rosidl_typesupport_fastrtps_cpp.hpp\n'}
[1.691320] (px4_msgs) StdoutLine: {'line': b'-- Up-to-date: /home/px4/ros2/ws/install/px4_msgs/include/px4_msgs/px4_msgs/msg/detail/gimbal_controls__rosidl_typesupport_fastrtps_cpp.hpp\n'}
[1.691395] (px4_msgs) StdoutLine: {'line': b'-- Up-to-date: /home/px4/ros2/ws/install/px4_msgs/include/px4_msgs/px4_msgs/msg/detail/sensor_hygrometer__rosidl_typesupport_fastrtps_cpp.hpp\n'}
[1.691479] (px4_msgs) StdoutLine: {'line': b'-- Up-to-date: /home/px4/ros2/ws/install/px4_msgs/include/px4_msgs/px4_msgs/msg/detail/vehicle_air_data__rosidl_typesupport_fastrtps_cpp.hpp\n'}
[1.691585] (px4_msgs) StdoutLine: {'line': b'-- Up-to-date: /home/px4/ros2/ws/install/px4_msgs/include/px4_msgs/px4_msgs/msg/detail/parameter_set_value_response__rosidl_typesupport_fastrtps_cpp.hpp\n'}
[1.691724] (px4_msgs) StdoutLine: {'line': b'-- Up-to-date: /home/px4/ros2/ws/install/px4_msgs/include/px4_msgs/px4_msgs/msg/detail/battery_status__rosidl_typesupport_fastrtps_cpp.hpp\n'}
[1.691814] (px4_msgs) StdoutLine: {'line': b'-- Up-to-date: /home/px4/ros2/ws/install/px4_msgs/include/px4_msgs/px4_msgs/msg/detail/uavcan_parameter_request__rosidl_typesupport_fastrtps_cpp.hpp\n'}
[1.691916] (px4_msgs) StdoutLine: {'line': b'-- Up-to-date: /home/px4/ros2/ws/install/px4_msgs/include/px4_msgs/px4_msgs/msg/detail/wheel_encoders__rosidl_typesupport_fastrtps_cpp.hpp\n'}
[1.691982] (px4_msgs) StdoutLine: {'line': b'-- Up-to-date: /home/px4/ros2/ws/install/px4_msgs/include/px4_msgs/px4_msgs/msg/detail/trajectory_setpoint6dof__rosidl_typesupport_fastrtps_cpp.hpp\n'}
[1.692045] (px4_msgs) StdoutLine: {'line': b'-- Up-to-date: /home/px4/ros2/ws/install/px4_msgs/include/px4_msgs/px4_msgs/msg/detail/sensor_selection__rosidl_typesupport_fastrtps_cpp.hpp\n'}
[1.692131] (px4_msgs) StdoutLine: {'line': b'-- Up-to-date: /home/px4/ros2/ws/install/px4_msgs/include/px4_msgs/px4_msgs/msg/detail/vehicle_control_mode__rosidl_typesupport_fastrtps_cpp.hpp\n'}
[1.692208] (px4_msgs) StdoutLine: {'line': b'-- Up-to-date: /home/px4/ros2/ws/install/px4_msgs/include/px4_msgs/px4_msgs/msg/detail/sensor_mag__rosidl_typesupport_fastrtps_cpp.hpp\n'}
[1.692279] (px4_msgs) StdoutLine: {'line': b'-- Up-to-date: /home/px4/ros2/ws/install/px4_msgs/include/px4_msgs/px4_msgs/msg/detail/vehicle_command_ack__rosidl_typesupport_fastrtps_cpp.hpp\n'}
[1.692357] (px4_msgs) StdoutLine: {'line': b'-- Up-to-date: /home/px4/ros2/ws/install/px4_msgs/include/px4_msgs/px4_msgs/msg/detail/rtl_time_estimate__rosidl_typesupport_fastrtps_cpp.hpp\n'}
[1.692433] (px4_msgs) StdoutLine: {'line': b'-- Up-to-date: /home/px4/ros2/ws/install/px4_msgs/include/px4_msgs/px4_msgs/msg/detail/distance_sensor__rosidl_typesupport_fastrtps_cpp.hpp\n'}
[1.692527] (px4_msgs) StdoutLine: {'line': b'-- Up-to-date: /home/px4/ros2/ws/install/px4_msgs/include/px4_msgs/px4_msgs/msg/detail/fuel_tank_status__rosidl_typesupport_fastrtps_cpp.hpp\n'}
[1.692632] (px4_msgs) StdoutLine: {'line': b'-- Up-to-date: /home/px4/ros2/ws/install/px4_msgs/include/px4_msgs/px4_msgs/msg/detail/battery_info__rosidl_typesupport_fastrtps_cpp.hpp\n'}
[1.692698] (px4_msgs) StdoutLine: {'line': b'-- Up-to-date: /home/px4/ros2/ws/install/px4_msgs/include/px4_msgs/px4_msgs/msg/detail/arming_check_request__rosidl_typesupport_fastrtps_cpp.hpp\n'}
[1.692789] (px4_msgs) StdoutLine: {'line': b'-- Up-to-date: /home/px4/ros2/ws/install/px4_msgs/include/px4_msgs/px4_msgs/msg/detail/collision_constraints__rosidl_typesupport_fastrtps_cpp.hpp\n'}
[1.692867] (px4_msgs) StdoutLine: {'line': b'-- Up-to-date: /home/px4/ros2/ws/install/px4_msgs/include/px4_msgs/px4_msgs/msg/detail/power_monitor__rosidl_typesupport_fastrtps_cpp.hpp\n'}
[1.692956] (px4_msgs) StdoutLine: {'line': b'-- Up-to-date: /home/px4/ros2/ws/install/px4_msgs/include/px4_msgs/px4_msgs/msg/detail/sensor_gyro__rosidl_typesupport_fastrtps_cpp.hpp\n'}
[1.693033] (px4_msgs) StdoutLine: {'line': b'-- Up-to-date: /home/px4/ros2/ws/install/px4_msgs/include/px4_msgs/px4_msgs/msg/detail/control_allocator_status__rosidl_typesupport_fastrtps_cpp.hpp\n'}
[1.693110] (px4_msgs) StdoutLine: {'line': b'-- Up-to-date: /home/px4/ros2/ws/install/px4_msgs/include/px4_msgs/px4_msgs/msg/detail/camera_capture__rosidl_typesupport_fastrtps_cpp.hpp\n'}
[1.693185] (px4_msgs) StdoutLine: {'line': b'-- Up-to-date: /home/px4/ros2/ws/install/px4_msgs/include/px4_msgs/px4_msgs/msg/detail/wind__rosidl_typesupport_fastrtps_cpp.hpp\n'}
[1.693264] (px4_msgs) StdoutLine: {'line': b'-- Up-to-date: /home/px4/ros2/ws/install/px4_msgs/include/px4_msgs/px4_msgs/msg/detail/estimator_aid_source3d__rosidl_typesupport_fastrtps_cpp.hpp\n'}
[1.693341] (px4_msgs) StdoutLine: {'line': b'-- Up-to-date: /home/px4/ros2/ws/install/px4_msgs/include/px4_msgs/px4_msgs/msg/detail/landing_gear_wheel__rosidl_typesupport_fastrtps_cpp.hpp\n'}
[1.693453] (px4_msgs) StdoutLine: {'line': b'-- Up-to-date: /home/px4/ros2/ws/install/px4_msgs/include/px4_msgs/px4_msgs/msg/detail/unregister_ext_component__rosidl_typesupport_fastrtps_cpp.hpp\n'}
[1.693535] (px4_msgs) StdoutLine: {'line': b'-- Up-to-date: /home/px4/ros2/ws/install/px4_msgs/include/px4_msgs/px4_msgs/msg/detail/ulog_stream__rosidl_typesupport_fastrtps_cpp.hpp\n'}
[1.693611] (px4_msgs) StdoutLine: {'line': b'-- Up-to-date: /home/px4/ros2/ws/install/px4_msgs/include/px4_msgs/px4_msgs/msg/detail/longitudinal_control_configuration__rosidl_typesupport_fastrtps_cpp.hpp\n'}
[1.693672] (px4_msgs) StdoutLine: {'line': b'-- Up-to-date: /home/px4/ros2/ws/install/px4_msgs/include/px4_msgs/px4_msgs/msg/detail/can_interface_status__rosidl_typesupport_fastrtps_cpp.hpp\n'}
[1.693732] (px4_msgs) StdoutLine: {'line': b'-- Up-to-date: /home/px4/ros2/ws/install/px4_msgs/include/px4_msgs/px4_msgs/msg/detail/register_ext_component_request__rosidl_typesupport_fastrtps_cpp.hpp\n'}
[1.693791] (px4_msgs) StdoutLine: {'line': b'-- Up-to-date: /home/px4/ros2/ws/install/px4_msgs/include/px4_msgs/px4_msgs/msg/detail/pure_pursuit_status__rosidl_typesupport_fastrtps_cpp.hpp\n'}
[1.693888] (px4_msgs) StdoutLine: {'line': b'-- Up-to-date: /home/px4/ros2/ws/install/px4_msgs/include/px4_msgs/px4_msgs/msg/detail/parameter_update__rosidl_typesupport_fastrtps_cpp.hpp\n'}
[1.693950] (px4_msgs) StdoutLine: {'line': b'-- Up-to-date: /home/px4/ros2/ws/install/px4_msgs/include/px4_msgs/px4_msgs/msg/detail/velocity_limits__rosidl_typesupport_fastrtps_cpp.hpp\n'}
[1.694019] (px4_msgs) StdoutLine: {'line': b'-- Up-to-date: /home/px4/ros2/ws/install/px4_msgs/include/px4_msgs/px4_msgs/msg/detail/failure_detector_status__rosidl_typesupport_fastrtps_cpp.hpp\n'}
[1.694113] (px4_msgs) StdoutLine: {'line': b'-- Up-to-date: /home/px4/ros2/ws/install/px4_msgs/include/px4_msgs/px4_msgs/msg/detail/vehicle_odometry__rosidl_typesupport_fastrtps_cpp.hpp\n'}
[1.694200] (px4_msgs) StdoutLine: {'line': b'-- Up-to-date: /home/px4/ros2/ws/install/px4_msgs/include/px4_msgs/px4_msgs/msg/detail/parameter_reset_request__rosidl_typesupport_fastrtps_cpp.hpp\n'}
[1.694263] (px4_msgs) StdoutLine: {'line': b'-- Up-to-date: /home/px4/ros2/ws/install/px4_msgs/include/px4_msgs/px4_msgs/msg/detail/actuator_controls_status__rosidl_typesupport_fastrtps_cpp.hpp\n'}
[1.694324] (px4_msgs) StdoutLine: {'line': b'-- Up-to-date: /home/px4/ros2/ws/install/px4_msgs/include/px4_msgs/px4_msgs/msg/detail/mount_orientation__rosidl_typesupport_fastrtps_cpp.hpp\n'}
[1.694407] (px4_msgs) StdoutLine: {'line': b'-- Up-to-date: /home/px4/ros2/ws/install/px4_msgs/include/px4_msgs/px4_msgs/msg/detail/timesync_status__rosidl_typesupport_fastrtps_cpp.hpp\n'}
[1.694526] (px4_msgs) StdoutLine: {'line': b'-- Up-to-date: /home/px4/ros2/ws/install/px4_msgs/include/px4_msgs/px4_msgs/msg/detail/internal_combustion_engine_control__rosidl_typesupport_fastrtps_cpp.hpp\n'}
[1.694608] (px4_msgs) StdoutLine: {'line': b'-- Up-to-date: /home/px4/ros2/ws/install/px4_msgs/include/px4_msgs/px4_msgs/msg/detail/mission__rosidl_typesupport_fastrtps_cpp.hpp\n'}
[1.694669] (px4_msgs) StdoutLine: {'line': b'-- Up-to-date: /home/px4/ros2/ws/install/px4_msgs/include/px4_msgs/px4_msgs/msg/detail/message_format_response__rosidl_typesupport_fastrtps_cpp.hpp\n'}
[1.694729] (px4_msgs) StdoutLine: {'line': b'-- Up-to-date: /home/px4/ros2/ws/install/px4_msgs/include/px4_msgs/px4_msgs/msg/detail/dds_fastrtps\n'}
[1.694792] (px4_msgs) StdoutLine: {'line': b'-- Up-to-date: /home/px4/ros2/ws/install/px4_msgs/include/px4_msgs/px4_msgs/msg/detail/follow_target_estimator__rosidl_typesupport_fastrtps_cpp.hpp\n'}
[1.694851] (px4_msgs) StdoutLine: {'line': b'-- Up-to-date: /home/px4/ros2/ws/install/px4_msgs/include/px4_msgs/px4_msgs/msg/detail/px4io_status__rosidl_typesupport_fastrtps_cpp.hpp\n'}
[1.694910] (px4_msgs) StdoutLine: {'line': b'-- Up-to-date: /home/px4/ros2/ws/install/px4_msgs/include/px4_msgs/px4_msgs/msg/detail/dataman_response__rosidl_typesupport_fastrtps_cpp.hpp\n'}
[1.694980] (px4_msgs) StdoutLine: {'line': b'-- Up-to-date: /home/px4/ros2/ws/install/px4_msgs/include/px4_msgs/px4_msgs/msg/detail/gimbal_manager_set_manual_control__rosidl_typesupport_fastrtps_cpp.hpp\n'}
[1.695097] (px4_msgs) StdoutLine: {'line': b'-- Up-to-date: /home/px4/ros2/ws/install/px4_msgs/include/px4_msgs/px4_msgs/msg/detail/estimator_innovations__rosidl_typesupport_fastrtps_cpp.hpp\n'}
[1.695175] (px4_msgs) StdoutLine: {'line': b'-- Up-to-date: /home/px4/ros2/ws/install/px4_msgs/include/px4_msgs/px4_msgs/msg/detail/logger_status__rosidl_typesupport_fastrtps_cpp.hpp\n'}
[1.695235] (px4_msgs) StdoutLine: {'line': b'-- Up-to-date: /home/px4/ros2/ws/install/px4_msgs/include/px4_msgs/px4_msgs/msg/detail/launch_detection_status__rosidl_typesupport_fastrtps_cpp.hpp\n'}
[1.695338] (px4_msgs) StdoutLine: {'line': b'-- Up-to-date: /home/px4/ros2/ws/install/px4_msgs/include/px4_msgs/px4_msgs/msg/detail/action_request__rosidl_typesupport_fastrtps_cpp.hpp\n'}
[1.695401] (px4_msgs) StdoutLine: {'line': b'-- Up-to-date: /home/px4/ros2/ws/install/px4_msgs/include/px4_msgs/px4_msgs/msg/detail/sensor_combined__rosidl_typesupport_fastrtps_cpp.hpp\n'}
[1.695461] (px4_msgs) StdoutLine: {'line': b'-- Up-to-date: /home/px4/ros2/ws/install/px4_msgs/include/px4_msgs/px4_msgs/msg/detail/rover_rate_setpoint__rosidl_typesupport_fastrtps_cpp.hpp\n'}
[1.695557] (px4_msgs) StdoutLine: {'line': b'-- Up-to-date: /home/px4/ros2/ws/install/px4_msgs/include/px4_msgs/px4_msgs/msg/detail/open_drone_id_system__rosidl_typesupport_fastrtps_cpp.hpp\n'}
[1.695666] (px4_msgs) StdoutLine: {'line': b'-- Up-to-date: /home/px4/ros2/ws/install/px4_msgs/include/px4_msgs/px4_msgs/msg/detail/sensor_gyro_fifo__rosidl_typesupport_fastrtps_cpp.hpp\n'}
[1.695746] (px4_msgs) StdoutLine: {'line': b'-- Up-to-date: /home/px4/ros2/ws/install/px4_msgs/include/px4_msgs/px4_msgs/msg/detail/task_stack_info__rosidl_typesupport_fastrtps_cpp.hpp\n'}
[1.695824] (px4_msgs) StdoutLine: {'line': b'-- Up-to-date: /home/px4/ros2/ws/install/px4_msgs/include/px4_msgs/px4_msgs/msg/detail/vehicle_status__rosidl_typesupport_fastrtps_cpp.hpp\n'}
[1.695902] (px4_msgs) StdoutLine: {'line': b'-- Up-to-date: /home/px4/ros2/ws/install/px4_msgs/include/px4_msgs/px4_msgs/msg/detail/config_overrides__rosidl_typesupport_fastrtps_cpp.hpp\n'}
[1.695979] (px4_msgs) StdoutLine: {'line': b'-- Up-to-date: /home/px4/ros2/ws/install/px4_msgs/include/px4_msgs/px4_msgs/msg/detail/distance_sensor_mode_change_request__rosidl_typesupport_fastrtps_cpp.hpp\n'}
[1.696049] (px4_msgs) StdoutLine: {'line': b'-- Up-to-date: /home/px4/ros2/ws/install/px4_msgs/include/px4_msgs/px4_msgs/msg/detail/dataman_request__rosidl_typesupport_fastrtps_cpp.hpp\n'}
[1.696155] (px4_msgs) StdoutLine: {'line': b'-- Up-to-date: /home/px4/ros2/ws/install/px4_msgs/include/px4_msgs/px4_msgs/msg/detail/vehicle_roi__rosidl_typesupport_fastrtps_cpp.hpp\n'}
[1.696233] (px4_msgs) StdoutLine: {'line': b'-- Up-to-date: /home/px4/ros2/ws/install/px4_msgs/include/px4_msgs/px4_msgs/msg/detail/sensors_status__rosidl_typesupport_fastrtps_cpp.hpp\n'}
[1.696294] (px4_msgs) StdoutLine: {'line': b'-- Up-to-date: /home/px4/ros2/ws/install/px4_msgs/include/px4_msgs/px4_msgs/msg/detail/navigator_status__rosidl_typesupport_fastrtps_cpp.hpp\n'}
[1.696352] (px4_msgs) StdoutLine: {'line': b'-- Up-to-date: /home/px4/ros2/ws/install/px4_msgs/include/px4_msgs/px4_msgs/msg/detail/pwm_input__rosidl_typesupport_fastrtps_cpp.hpp\n'}
[1.696461] (px4_msgs) StdoutLine: {'line': b'-- Up-to-date: /home/px4/ros2/ws/install/px4_msgs/include/px4_msgs/px4_msgs/msg/detail/log_message__rosidl_typesupport_fastrtps_cpp.hpp\n'}
[1.696544] (px4_msgs) StdoutLine: {'line': b'-- Up-to-date: /home/px4/ros2/ws/install/px4_msgs/include/px4_msgs/px4_msgs/msg/detail/debug_array__rosidl_typesupport_fastrtps_cpp.hpp\n'}
[1.696618] (px4_msgs) StdoutLine: {'line': b'-- Up-to-date: /home/px4/ros2/ws/install/px4_msgs/include/px4_msgs/px4_msgs/msg/detail/parameter_set_used_request__rosidl_typesupport_fastrtps_cpp.hpp\n'}
[1.696678] (px4_msgs) StdoutLine: {'line': b'-- Up-to-date: /home/px4/ros2/ws/install/px4_msgs/include/px4_msgs/px4_msgs/msg/detail/heater_status__rosidl_typesupport_fastrtps_cpp.hpp\n'}
[1.696784] (px4_msgs) StdoutLine: {'line': b'-- Up-to-date: /home/px4/ros2/ws/install/px4_msgs/include/px4_msgs/px4_msgs/msg/detail/follow_target__rosidl_typesupport_fastrtps_cpp.hpp\n'}
[1.696845] (px4_msgs) StdoutLine: {'line': b'-- Up-to-date: /home/px4/ros2/ws/install/px4_msgs/include/px4_msgs/px4_msgs/msg/detail/gpio_out__rosidl_typesupport_fastrtps_cpp.hpp\n'}
[1.696904] (px4_msgs) StdoutLine: {'line': b'-- Up-to-date: /home/px4/ros2/ws/install/px4_msgs/include/px4_msgs/px4_msgs/msg/detail/button_event__rosidl_typesupport_fastrtps_cpp.hpp\n'}
[1.696964] (px4_msgs) StdoutLine: {'line': b'-- Up-to-date: /home/px4/ros2/ws/install/px4_msgs/include/px4_msgs/px4_msgs/msg/detail/follow_target_status__rosidl_typesupport_fastrtps_cpp.hpp\n'}
[1.697023] (px4_msgs) StdoutLine: {'line': b'-- Up-to-date: /home/px4/ros2/ws/install/px4_msgs/include/px4_msgs/px4_msgs/msg/detail/rover_throttle_setpoint__rosidl_typesupport_fastrtps_cpp.hpp\n'}
[1.697080] (px4_msgs) StdoutLine: {'line': b'-- Up-to-date: /home/px4/ros2/ws/install/px4_msgs/include/px4_msgs/px4_msgs/msg/detail/arming_check_reply__rosidl_typesupport_fastrtps_cpp.hpp\n'}
[1.697152] (px4_msgs) StdoutLine: {'line': b'-- Up-to-date: /home/px4/ros2/ws/install/px4_msgs/include/px4_msgs/px4_msgs/msg/detail/sensor_baro__rosidl_typesupport_fastrtps_cpp.hpp\n'}
[1.697231] (px4_msgs) StdoutLine: {'line': b'-- Up-to-date: /home/px4/ros2/ws/install/px4_msgs/include/px4_msgs/px4_msgs/msg/detail/normalized_unsigned_setpoint__rosidl_typesupport_fastrtps_cpp.hpp\n'}
[1.697325] (px4_msgs) StdoutLine: {'line': b'-- Up-to-date: /home/px4/ros2/ws/install/px4_msgs/include/px4_msgs/px4_msgs/msg/detail/sensor_accel__rosidl_typesupport_fastrtps_cpp.hpp\n'}
[1.697388] (px4_msgs) StdoutLine: {'line': b'-- Up-to-date: /home/px4/ros2/ws/install/px4_msgs/include/px4_msgs/px4_msgs/msg/detail/manual_control_switches__rosidl_typesupport_fastrtps_cpp.hpp\n'}
[1.697449] (px4_msgs) StdoutLine: {'line': b'-- Up-to-date: /home/px4/ros2/ws/install/px4_msgs/include/px4_msgs/px4_msgs/msg/detail/actuator_test__rosidl_typesupport_fastrtps_cpp.hpp\n'}
[1.697567] (px4_msgs) StdoutLine: {'line': b'-- Up-to-date: /home/px4/ros2/ws/install/px4_msgs/include/px4_msgs/px4_msgs/msg/detail/rate_ctrl_status__rosidl_typesupport_fastrtps_cpp.hpp\n'}
[1.697658] (px4_msgs) StdoutLine: {'line': b'-- Up-to-date: /home/px4/ros2/ws/install/px4_msgs/include/px4_msgs/px4_msgs/msg/detail/gpio_in__rosidl_typesupport_fastrtps_cpp.hpp\n'}
[1.697737] (px4_msgs) StdoutLine: {'line': b'-- Up-to-date: /home/px4/ros2/ws/install/px4_msgs/include/px4_msgs/px4_msgs/msg/detail/estimator_sensor_bias__rosidl_typesupport_fastrtps_cpp.hpp\n'}
[1.697815] (px4_msgs) StdoutLine: {'line': b'-- Up-to-date: /home/px4/ros2/ws/install/px4_msgs/include/px4_msgs/px4_msgs/msg/detail/gimbal_manager_status__rosidl_typesupport_fastrtps_cpp.hpp\n'}
[1.697893] (px4_msgs) StdoutLine: {'line': b'-- Up-to-date: /home/px4/ros2/ws/install/px4_msgs/include/px4_msgs/px4_msgs/msg/detail/home_position__rosidl_typesupport_fastrtps_cpp.hpp\n'}
[1.697980] (px4_msgs) StdoutLine: {'line': b'-- Up-to-date: /home/px4/ros2/ws/install/px4_msgs/include/px4_msgs/px4_msgs/msg/detail/power_button_state__rosidl_typesupport_fastrtps_cpp.hpp\n'}
[1.698058] (px4_msgs) StdoutLine: {'line': b'-- Up-to-date: /home/px4/ros2/ws/install/px4_msgs/include/px4_msgs/px4_msgs/msg/detail/gripper__rosidl_typesupport_fastrtps_cpp.hpp\n'}
[1.698135] (px4_msgs) StdoutLine: {'line': b'-- Up-to-date: /home/px4/ros2/ws/install/px4_msgs/include/px4_msgs/px4_msgs/msg/detail/gimbal_device_set_attitude__rosidl_typesupport_fastrtps_cpp.hpp\n'}
[1.698251] (px4_msgs) StdoutLine: {'line': b'-- Up-to-date: /home/px4/ros2/ws/install/px4_msgs/include/px4_msgs/px4_msgs/msg/detail/gpio_config__rosidl_typesupport_fastrtps_cpp.hpp\n'}
[1.698316] (px4_msgs) StdoutLine: {'line': b'-- Up-to-date: /home/px4/ros2/ws/install/px4_msgs/include/px4_msgs/px4_msgs/msg/detail/mavlink_tunnel__rosidl_typesupport_fastrtps_cpp.hpp\n'}
[1.698385] (px4_msgs) StdoutLine: {'line': b'-- Up-to-date: /home/px4/ros2/ws/install/px4_msgs/include/px4_msgs/px4_msgs/msg/detail/qshell_retval__rosidl_typesupport_fastrtps_cpp.hpp\n'}
[1.698444] (px4_msgs) StdoutLine: {'line': b'-- Up-to-date: /home/px4/ros2/ws/install/px4_msgs/include/px4_msgs/px4_msgs/msg/detail/position_setpoint__rosidl_typesupport_fastrtps_cpp.hpp\n'}
[1.698553] (px4_msgs) StdoutLine: {'line': b'-- Up-to-date: /home/px4/ros2/ws/install/px4_msgs/include/px4_msgs/px4_msgs/msg/detail/gps_dump__rosidl_typesupport_fastrtps_cpp.hpp\n'}
[1.698626] (px4_msgs) StdoutLine: {'line': b'-- Up-to-date: /home/px4/ros2/ws/install/px4_msgs/include/px4_msgs/px4_msgs/msg/detail/sensor_uwb__rosidl_typesupport_fastrtps_cpp.hpp\n'}
[1.698701] (px4_msgs) StdoutLine: {'line': b'-- Up-to-date: /home/px4/ros2/ws/install/px4_msgs/include/px4_msgs/px4_msgs/msg/detail/vehicle_land_detected__rosidl_typesupport_fastrtps_cpp.hpp\n'}
[1.698761] (px4_msgs) StdoutLine: {'line': b'-- Up-to-date: /home/px4/ros2/ws/install/px4_msgs/include/px4_msgs/px4_msgs/msg/detail/rover_steering_setpoint__rosidl_typesupport_fastrtps_cpp.hpp\n'}
[1.698819] (px4_msgs) StdoutLine: {'line': b'-- Up-to-date: /home/px4/ros2/ws/install/px4_msgs/include/px4_msgs/px4_msgs/msg/detail/rover_attitude_status__rosidl_typesupport_fastrtps_cpp.hpp\n'}
[1.698877] (px4_msgs) StdoutLine: {'line': b'-- Up-to-date: /home/px4/ros2/ws/install/px4_msgs/include/px4_msgs/px4_msgs/msg/detail/fixed_wing_longitudinal_setpoint__rosidl_typesupport_fastrtps_cpp.hpp\n'}
[1.698935] (px4_msgs) StdoutLine: {'line': b'-- Up-to-date: /home/px4/ros2/ws/install/px4_msgs/include/px4_msgs/px4_msgs/msg/detail/takeoff_status__rosidl_typesupport_fastrtps_cpp.hpp\n'}
[1.698993] (px4_msgs) StdoutLine: {'line': b'-- Up-to-date: /home/px4/ros2/ws/install/px4_msgs/include/px4_msgs/px4_msgs/msg/detail/vehicle_acceleration__rosidl_typesupport_fastrtps_cpp.hpp\n'}
[1.699050] (px4_msgs) StdoutLine: {'line': b'-- Up-to-date: /home/px4/ros2/ws/install/px4_msgs/include/px4_msgs/px4_msgs/msg/detail/tiltrotor_extra_controls__rosidl_typesupport_fastrtps_cpp.hpp\n'}
[1.699138] (px4_msgs) StdoutLine: {'line': b'-- Up-to-date: /home/px4/ros2/ws/install/px4_msgs/include/px4_msgs/px4_msgs/msg/detail/register_ext_component_reply__rosidl_typesupport_fastrtps_cpp.hpp\n'}
[1.699199] (px4_msgs) StdoutLine: {'line': b'-- Up-to-date: /home/px4/ros2/ws/install/px4_msgs/include/px4_msgs/px4_msgs/msg/detail/cpuload__rosidl_typesupport_fastrtps_cpp.hpp\n'}
[1.699258] (px4_msgs) StdoutLine: {'line': b'-- Up-to-date: /home/px4/ros2/ws/install/px4_msgs/include/px4_msgs/px4_msgs/msg/detail/fixed_wing_runway_control__rosidl_typesupport_fastrtps_cpp.hpp\n'}
[1.699339] (px4_msgs) StdoutLine: {'line': b'-- Up-to-date: /home/px4/ros2/ws/install/px4_msgs/include/px4_msgs/px4_msgs/msg/detail/health_report__rosidl_typesupport_fastrtps_cpp.hpp\n'}
[1.699421] (px4_msgs) StdoutLine: {'line': b'-- Up-to-date: /home/px4/ros2/ws/install/px4_msgs/include/px4_msgs/px4_msgs/msg/detail/sensor_airflow__rosidl_typesupport_fastrtps_cpp.hpp\n'}
[1.699480] (px4_msgs) StdoutLine: {'line': b'-- Up-to-date: /home/px4/ros2/ws/install/px4_msgs/include/px4_msgs/px4_msgs/msg/detail/obstacle_distance__rosidl_typesupport_fastrtps_cpp.hpp\n'}
[1.699563] (px4_msgs) StdoutLine: {'line': b'-- Up-to-date: /home/px4/ros2/ws/install/px4_msgs/include/px4_msgs/px4_msgs/msg/detail/vehicle_attitude_setpoint__rosidl_typesupport_fastrtps_cpp.hpp\n'}
[1.699646] (px4_msgs) StdoutLine: {'line': b'-- Up-to-date: /home/px4/ros2/ws/install/px4_msgs/include/px4_msgs/px4_msgs/msg/detail/estimator_bias__rosidl_typesupport_fastrtps_cpp.hpp\n'}
[1.699762] (px4_msgs) StdoutLine: {'line': b'-- Up-to-date: /home/px4/ros2/ws/install/px4_msgs/include/px4_msgs/px4_msgs/msg/detail/gimbal_manager_information__rosidl_typesupport_fastrtps_cpp.hpp\n'}
[1.699886] (px4_msgs) StdoutLine: {'line': b'-- Up-to-date: /home/px4/ros2/ws/install/px4_msgs/include/px4_msgs/px4_msgs/msg/detail/fixed_wing_lateral_status__rosidl_typesupport_fastrtps_cpp.hpp\n'}
[1.699963] (px4_msgs) StdoutLine: {'line': b'-- Up-to-date: /home/px4/ros2/ws/install/px4_msgs/include/px4_msgs/px4_msgs/msg/detail/vtol_vehicle_status__rosidl_typesupport_fastrtps_cpp.hpp\n'}
[1.700037] (px4_msgs) StdoutLine: {'line': b'-- Up-to-date: /home/px4/ros2/ws/install/px4_msgs/include/px4_msgs/px4_msgs/msg/detail/gimbal_device_attitude_status__rosidl_typesupport_fastrtps_cpp.hpp\n'}
[1.700097] (px4_msgs) StdoutLine: {'line': b'-- Up-to-date: /home/px4/ros2/ws/install/px4_msgs/include/px4_msgs/px4_msgs/msg/detail/orb_test__rosidl_typesupport_fastrtps_cpp.hpp\n'}
[1.700157] (px4_msgs) StdoutLine: {'line': b'-- Up-to-date: /home/px4/ros2/ws/install/px4_msgs/include/px4_msgs/px4_msgs/msg/detail/airspeed__rosidl_typesupport_fastrtps_cpp.hpp\n'}
[1.700225] (px4_msgs) StdoutLine: {'line': b'-- Up-to-date: /home/px4/ros2/ws/install/px4_msgs/include/px4_msgs/px4_msgs/msg/detail/rover_attitude_setpoint__rosidl_typesupport_fastrtps_cpp.hpp\n'}
[1.700287] (px4_msgs) StdoutLine: {'line': b'-- Up-to-date: /home/px4/ros2/ws/install/px4_msgs/include/px4_msgs/px4_msgs/msg/detail/estimator_status_flags__rosidl_typesupport_fastrtps_cpp.hpp\n'}
[1.700402] (px4_msgs) StdoutLine: {'line': b'-- Up-to-date: /home/px4/ros2/ws/install/px4_msgs/include/px4_msgs/px4_msgs/msg/detail/estimator_states__rosidl_typesupport_fastrtps_cpp.hpp\n'}
[1.700502] (px4_msgs) StdoutLine: {'line': b'-- Up-to-date: /home/px4/ros2/ws/install/px4_msgs/include/px4_msgs/px4_msgs/msg/detail/esc_status__rosidl_typesupport_fastrtps_cpp.hpp\n'}
[1.700659] (px4_msgs) StdoutLine: {'line': b'-- Up-to-date: /home/px4/ros2/ws/install/px4_msgs/include/px4_msgs/px4_msgs/msg/detail/ulog_stream_ack__rosidl_typesupport_fastrtps_cpp.hpp\n'}
[1.700724] (px4_msgs) StdoutLine: {'line': b'-- Up-to-date: /home/px4/ros2/ws/install/px4_msgs/include/px4_msgs/px4_msgs/msg/detail/rtl_status__rosidl_typesupport_fastrtps_cpp.hpp\n'}
[1.700786] (px4_msgs) StdoutLine: {'line': b'-- Up-to-date: /home/px4/ros2/ws/install/px4_msgs/include/px4_msgs/px4_msgs/msg/detail/manual_control_setpoint__rosidl_typesupport_fastrtps_cpp.hpp\n'}
[1.700861] (px4_msgs) StdoutLine: {'line': b'-- Up-to-date: /home/px4/ros2/ws/install/px4_msgs/include/px4_msgs/px4_msgs/msg/detail/goto_setpoint__rosidl_typesupport_fastrtps_cpp.hpp\n'}
[1.700990] (px4_msgs) StdoutLine: {'line': b'-- Up-to-date: /home/px4/ros2/ws/install/px4_msgs/include/px4_msgs/px4_msgs/msg/detail/sensor_correction__rosidl_typesupport_fastrtps_cpp.hpp\n'}
[1.701052] (px4_msgs) StdoutLine: {'line': b'-- Up-to-date: /home/px4/ros2/ws/install/px4_msgs/include/px4_msgs/px4_msgs/msg/detail/flight_phase_estimation__rosidl_typesupport_fastrtps_cpp.hpp\n'}
[1.701123] (px4_msgs) StdoutLine: {'line': b'-- Up-to-date: /home/px4/ros2/ws/install/px4_msgs/include/px4_msgs/px4_msgs/msg/detail/tecs_status__rosidl_typesupport_fastrtps_cpp.hpp\n'}
[1.701182] (px4_msgs) StdoutLine: {'line': b'-- Up-to-date: /home/px4/ros2/ws/install/px4_msgs/include/px4_msgs/px4_msgs/msg/detail/actuator_servos_trim__rosidl_typesupport_fastrtps_cpp.hpp\n'}
[1.701240] (px4_msgs) StdoutLine: {'line': b'-- Up-to-date: /home/px4/ros2/ws/install/px4_msgs/include/px4_msgs/px4_msgs/msg/detail/parameter_set_value_request__rosidl_typesupport_fastrtps_cpp.hpp\n'}
[1.701298] (px4_msgs) StdoutLine: {'line': b'-- Up-to-date: /home/px4/ros2/ws/install/px4_msgs/include/px4_msgs/px4_msgs/msg/detail/vehicle_command__rosidl_typesupport_fastrtps_cpp.hpp\n'}
[1.701358] (px4_msgs) StdoutLine: {'line': b'-- Up-to-date: /home/px4/ros2/ws/install/px4_msgs/include/px4_msgs/px4_msgs/msg/detail/estimator_aid_source1d__rosidl_typesupport_fastrtps_cpp.hpp\n'}
[1.701417] (px4_msgs) StdoutLine: {'line': b'-- Up-to-date: /home/px4/ros2/ws/install/px4_msgs/include/px4_msgs/px4_msgs/msg/detail/rover_velocity_setpoint__rosidl_typesupport_fastrtps_cpp.hpp\n'}
[1.701474] (px4_msgs) StdoutLine: {'line': b'-- Up-to-date: /home/px4/ros2/ws/install/px4_msgs/include/px4_msgs/px4_msgs/msg/detail/airspeed_wind__rosidl_typesupport_fastrtps_cpp.hpp\n'}
[1.701626] (px4_msgs) StdoutLine: {'line': b'-- Up-to-date: /home/px4/ros2/ws/install/px4_msgs/include/px4_msgs/px4_msgs/msg/detail/rc_channels__rosidl_typesupport_fastrtps_cpp.hpp\n'}
[1.701704] (px4_msgs) StdoutLine: {'line': b'-- Up-to-date: /home/px4/ros2/ws/install/px4_msgs/include/px4_msgs/px4_msgs/msg/detail/sensors_status_imu__rosidl_typesupport_fastrtps_cpp.hpp\n'}
[1.701781] (px4_msgs) StdoutLine: {'line': b'-- Up-to-date: /home/px4/ros2/ws/install/px4_msgs/include/px4_msgs/px4_msgs/msg/detail/gps_inject_data__rosidl_typesupport_fastrtps_cpp.hpp\n'}
[1.701862] (px4_msgs) StdoutLine: {'line': b'-- Up-to-date: /home/px4/ros2/ws/install/px4_msgs/include/px4_msgs/px4_msgs/msg/detail/iridiumsbd_status__rosidl_typesupport_fastrtps_cpp.hpp\n'}
[1.701941] (px4_msgs) StdoutLine: {'line': b'-- Up-to-date: /home/px4/ros2/ws/install/px4_msgs/include/px4_msgs/px4_msgs/msg/detail/vehicle_thrust_setpoint__rosidl_typesupport_fastrtps_cpp.hpp\n'}
[1.702018] (px4_msgs) StdoutLine: {'line': b'-- Up-to-date: /home/px4/ros2/ws/install/px4_msgs/include/px4_msgs/px4_msgs/msg/detail/sensor_optical_flow__rosidl_typesupport_fastrtps_cpp.hpp\n'}
[1.702092] (px4_msgs) StdoutLine: {'line': b'-- Up-to-date: /home/px4/ros2/ws/install/px4_msgs/include/px4_msgs/px4_msgs/msg/detail/failsafe_flags__rosidl_typesupport_fastrtps_cpp.hpp\n'}
[1.702168] (px4_msgs) StdoutLine: {'line': b'-- Up-to-date: /home/px4/ros2/ws/install/px4_msgs/include/px4_msgs/px4_msgs/msg/detail/vehicle_rates_setpoint__rosidl_typesupport_fastrtps_cpp.hpp\n'}
[1.702236] (px4_msgs) StdoutLine: {'line': b'-- Up-to-date: /home/px4/ros2/ws/install/px4_msgs/include/px4_msgs/px4_msgs/msg/detail/irlock_report__rosidl_typesupport_fastrtps_cpp.hpp\n'}
[1.702311] (px4_msgs) StdoutLine: {'line': b'-- Up-to-date: /home/px4/ros2/ws/install/px4_msgs/include/px4_msgs/px4_msgs/msg/detail/sensor_accel_fifo__rosidl_typesupport_fastrtps_cpp.hpp\n'}
[1.702432] (px4_msgs) StdoutLine: {'line': b'-- Up-to-date: /home/px4/ros2/ws/install/px4_msgs/include/px4_msgs/px4_msgs/msg/detail/geofence_status__rosidl_typesupport_fastrtps_cpp.hpp\n'}
[1.702514] (px4_msgs) StdoutLine: {'line': b'-- Up-to-date: /home/px4/ros2/ws/install/px4_msgs/include/px4_msgs/px4_msgs/msg/detail/input_rc__rosidl_typesupport_fastrtps_cpp.hpp\n'}
[1.702594] (px4_msgs) StdoutLine: {'line': b'-- Up-to-date: /home/px4/ros2/ws/install/px4_msgs/include/px4_msgs/px4_msgs/msg/detail/actuator_armed__rosidl_typesupport_fastrtps_cpp.hpp\n'}
[1.702657] (px4_msgs) StdoutLine: {'line': b'-- Up-to-date: /home/px4/ros2/ws/install/px4_msgs/include/px4_msgs/px4_msgs/msg/detail/vehicle_global_position__rosidl_typesupport_fastrtps_cpp.hpp\n'}
[1.702746] (px4_msgs) StdoutLine: {'line': b'-- Up-to-date: /home/px4/ros2/ws/install/px4_msgs/include/px4_msgs/px4_msgs/msg/detail/trajectory_setpoint__rosidl_typesupport_fastrtps_cpp.hpp\n'}
[1.702826] (px4_msgs) StdoutLine: {'line': b'-- Up-to-date: /home/px4/ros2/ws/install/px4_msgs/include/px4_msgs/px4_msgs/msg/detail/offboard_control_mode__rosidl_typesupport_fastrtps_cpp.hpp\n'}
[1.702912] (px4_msgs) StdoutLine: {'line': b'-- Up-to-date: /home/px4/ros2/ws/install/px4_msgs/include/px4_msgs/px4_msgs/msg/detail/debug_value__rosidl_typesupport_fastrtps_cpp.hpp\n'}
[1.702989] (px4_msgs) StdoutLine: {'line': b'-- Up-to-date: /home/px4/ros2/ws/install/px4_msgs/include/px4_msgs/px4_msgs/msg/detail/mission_result__rosidl_typesupport_fastrtps_cpp.hpp\n'}
[1.703066] (px4_msgs) StdoutLine: {'line': b'-- Up-to-date: /home/px4/ros2/ws/install/px4_msgs/include/px4_msgs/px4_msgs/msg/detail/event__rosidl_typesupport_fastrtps_cpp.hpp\n'}
[1.703190] (-) TimerEvent: {}
[1.703287] (px4_msgs) StdoutLine: {'line': b'-- Up-to-date: /home/px4/ros2/ws/install/px4_msgs/include/px4_msgs/px4_msgs/msg/detail/vehicle_magnetometer__rosidl_typesupport_fastrtps_cpp.hpp\n'}
[1.703369] (px4_msgs) StdoutLine: {'line': b'-- Up-to-date: /home/px4/ros2/ws/install/px4_msgs/include/px4_msgs/px4_msgs/msg/detail/mavlink_log__rosidl_typesupport_fastrtps_cpp.hpp\n'}
[1.703443] (px4_msgs) StdoutLine: {'line': b'-- Up-to-date: /home/px4/ros2/ws/install/px4_msgs/include/px4_msgs/px4_msgs/msg/detail/estimator_aid_source2d__rosidl_typesupport_fastrtps_cpp.hpp\n'}
[1.703568] (px4_msgs) StdoutLine: {'line': b'-- Up-to-date: /home/px4/ros2/ws/install/px4_msgs/include/px4_msgs/px4_msgs/msg/detail/rpm__rosidl_typesupport_fastrtps_cpp.hpp\n'}
[1.703679] (px4_msgs) StdoutLine: {'line': b'-- Up-to-date: /home/px4/ros2/ws/install/px4_msgs/include/px4_msgs/px4_msgs/msg/detail/vehicle_angular_acceleration_setpoint__rosidl_typesupport_fastrtps_cpp.hpp\n'}
[1.703777] (px4_msgs) StdoutLine: {'line': b'-- Up-to-date: /home/px4/ros2/ws/install/px4_msgs/include/px4_msgs/px4_msgs/msg/detail/mode_completed__rosidl_typesupport_fastrtps_cpp.hpp\n'}
[1.703847] (px4_msgs) StdoutLine: {'line': b'-- Up-to-date: /home/px4/ros2/ws/install/px4_msgs/include/px4_msgs/px4_msgs/msg/detail/open_drone_id_arm_status__rosidl_typesupport_fastrtps_cpp.hpp\n'}
[1.703994] (px4_msgs) StdoutLine: {'line': b'-- Up-to-date: /home/px4/ros2/ws/install/px4_msgs/include/px4_msgs/px4_msgs/msg/detail/landing_target_innovations__rosidl_typesupport_fastrtps_cpp.hpp\n'}
[1.704058] (px4_msgs) StdoutLine: {'line': b'-- Up-to-date: /home/px4/ros2/ws/install/px4_msgs/include/px4_msgs/px4_msgs/msg/detail/navigator_mission_item__rosidl_typesupport_fastrtps_cpp.hpp\n'}
[1.704119] (px4_msgs) StdoutLine: {'line': b'-- Up-to-date: /home/px4/ros2/ws/install/px4_msgs/include/px4_msgs/px4_msgs/msg/detail/cellular_status__rosidl_typesupport_fastrtps_cpp.hpp\n'}
[1.704204] (px4_msgs) StdoutLine: {'line': b'-- Up-to-date: /home/px4/ros2/ws/install/px4_msgs/include/px4_msgs/px4_msgs/msg/detail/magnetometer_bias_estimate__rosidl_typesupport_fastrtps_cpp.hpp\n'}
[1.704283] (px4_msgs) StdoutLine: {'line': b'-- Up-to-date: /home/px4/ros2/ws/install/px4_msgs/include/px4_msgs/px4_msgs/msg/detail/fixed_wing_lateral_guidance_status__rosidl_typesupport_fastrtps_cpp.hpp\n'}
[1.704361] (px4_msgs) StdoutLine: {'line': b'-- Up-to-date: /home/px4/ros2/ws/install/px4_msgs/include/px4_msgs/px4_msgs/msg/detail/estimator_selector_status__rosidl_typesupport_fastrtps_cpp.hpp\n'}
[1.704450] (px4_msgs) StdoutLine: {'line': b'-- Up-to-date: /home/px4/ros2/ws/install/px4_msgs/include/px4_msgs/px4_msgs/msg/detail/position_setpoint_triplet__rosidl_typesupport_fastrtps_cpp.hpp\n'}
[1.704546] (px4_msgs) StdoutLine: {'line': b'-- Up-to-date: /home/px4/ros2/ws/install/px4_msgs/include/px4_msgs/px4_msgs/msg/detail/generator_status__rosidl_typesupport_fastrtps_cpp.hpp\n'}
[1.704630] (px4_msgs) StdoutLine: {'line': b'-- Up-to-date: /home/px4/ros2/ws/install/px4_msgs/include/px4_msgs/px4_msgs/msg/detail/actuator_motors__rosidl_typesupport_fastrtps_cpp.hpp\n'}
[1.704707] (px4_msgs) StdoutLine: {'line': b'-- Up-to-date: /home/px4/ros2/ws/install/px4_msgs/include/px4_msgs/px4_msgs/msg/detail/estimator_event_flags__rosidl_typesupport_fastrtps_cpp.hpp\n'}
[1.704785] (px4_msgs) StdoutLine: {'line': b'-- Up-to-date: /home/px4/ros2/ws/install/px4_msgs/include/px4_msgs/px4_msgs/msg/detail/uavcan_parameter_value__rosidl_typesupport_fastrtps_cpp.hpp\n'}
[1.704898] (px4_msgs) StdoutLine: {'line': b'-- Up-to-date: /home/px4/ros2/ws/install/px4_msgs/include/px4_msgs/px4_msgs/msg/detail/open_drone_id_self_id__rosidl_typesupport_fastrtps_cpp.hpp\n'}
[1.704966] (px4_msgs) StdoutLine: {'line': b'-- Up-to-date: /home/px4/ros2/ws/install/px4_msgs/include/px4_msgs/px4_msgs/msg/detail/dronecan_node_status__rosidl_typesupport_fastrtps_cpp.hpp\n'}
[1.705029] (px4_msgs) StdoutLine: {'line': b'-- Up-to-date: /home/px4/ros2/ws/install/px4_msgs/include/px4_msgs/px4_msgs/msg/detail/actuator_outputs__rosidl_typesupport_fastrtps_cpp.hpp\n'}
[1.705108] (px4_msgs) StdoutLine: {'line': b'-- Up-to-date: /home/px4/ros2/ws/install/px4_msgs/include/px4_msgs/px4_msgs/msg/detail/estimator_bias3d__rosidl_typesupport_fastrtps_cpp.hpp\n'}
[1.705186] (px4_msgs) StdoutLine: {'line': b'-- Up-to-date: /home/px4/ros2/ws/install/px4_msgs/include/px4_msgs/px4_msgs/msg/detail/lateral_control_configuration__rosidl_typesupport_fastrtps_cpp.hpp\n'}
[1.705273] (px4_msgs) StdoutLine: {'line': b'-- Up-to-date: /home/px4/ros2/ws/install/px4_msgs/include/px4_msgs/px4_msgs/msg/detail/geofence_result__rosidl_typesupport_fastrtps_cpp.hpp\n'}
[1.705370] (px4_msgs) StdoutLine: {'line': b'-- Up-to-date: /home/px4/ros2/ws/install/px4_msgs/include/px4_msgs/px4_msgs/msg/detail/figure_eight_status__rosidl_typesupport_fastrtps_cpp.hpp\n'}
[1.705452] (px4_msgs) StdoutLine: {'line': b'-- Up-to-date: /home/px4/ros2/ws/install/px4_msgs/include/px4_msgs/px4_msgs/msg/detail/gimbal_device_information__rosidl_typesupport_fastrtps_cpp.hpp\n'}
[1.705566] (px4_msgs) StdoutLine: {'line': b'-- Up-to-date: /home/px4/ros2/ws/install/px4_msgs/include/px4_msgs/px4_msgs/msg/detail/actuator_servos__rosidl_typesupport_fastrtps_cpp.hpp\n'}
[1.705646] (px4_msgs) StdoutLine: {'line': b'-- Up-to-date: /home/px4/ros2/ws/install/px4_msgs/include/px4_msgs/px4_msgs/msg/detail/debug_key_value__rosidl_typesupport_fastrtps_cpp.hpp\n'}
[1.705723] (px4_msgs) StdoutLine: {'line': b'-- Up-to-date: /home/px4/ros2/ws/install/px4_msgs/include/px4_msgs/px4_msgs/msg/detail/estimator_status__rosidl_typesupport_fastrtps_cpp.hpp\n'}
[1.705785] (px4_msgs) StdoutLine: {'line': b'-- Up-to-date: /home/px4/ros2/ws/install/px4_msgs/include/px4_msgs/px4_msgs/msg/detail/sensor_gnss_relative__rosidl_typesupport_fastrtps_cpp.hpp\n'}
[1.705846] (px4_msgs) StdoutLine: {'line': b'-- Up-to-date: /home/px4/ros2/ws/install/px4_msgs/include/px4_msgs/px4_msgs/msg/detail/sensor_gps__rosidl_typesupport_fastrtps_cpp.hpp\n'}
[1.705906] (px4_msgs) StdoutLine: {'line': b'-- Up-to-date: /home/px4/ros2/ws/install/px4_msgs/include/px4_msgs/px4_msgs/msg/detail/orbit_status__rosidl_typesupport_fastrtps_cpp.hpp\n'}
[1.705966] (px4_msgs) StdoutLine: {'line': b'-- Up-to-date: /home/px4/ros2/ws/install/px4_msgs/include/px4_msgs/px4_msgs/msg/detail/ekf2_timestamps__rosidl_typesupport_fastrtps_cpp.hpp\n'}
[1.706026] (px4_msgs) StdoutLine: {'line': b'-- Up-to-date: /home/px4/ros2/ws/install/px4_msgs/include/px4_msgs/px4_msgs/msg/detail/sensor_preflight_mag__rosidl_typesupport_fastrtps_cpp.hpp\n'}
[1.706086] (px4_msgs) StdoutLine: {'line': b'-- Up-to-date: /home/px4/ros2/ws/install/px4_msgs/include/px4_msgs/px4_msgs/msg/detail/rover_velocity_status__rosidl_typesupport_fastrtps_cpp.hpp\n'}
[1.706175] (px4_msgs) StdoutLine: {'line': b'-- Up-to-date: /home/px4/ros2/ws/install/px4_msgs/include/px4_msgs/px4_msgs/msg/detail/airspeed_validated__rosidl_typesupport_fastrtps_cpp.hpp\n'}
[1.706237] (px4_msgs) StdoutLine: {'line': b'-- Up-to-date: /home/px4/ros2/ws/install/px4_msgs/include/px4_msgs/px4_msgs/msg/detail/rc_parameter_map__rosidl_typesupport_fastrtps_cpp.hpp\n'}
[1.706300] (px4_msgs) StdoutLine: {'line': b'-- Up-to-date: /home/px4/ros2/ws/install/px4_msgs/include/px4_msgs/px4_msgs/msg/detail/estimator_gps_status__rosidl_typesupport_fastrtps_cpp.hpp\n'}
[1.706360] (px4_msgs) StdoutLine: {'line': b'-- Up-to-date: /home/px4/ros2/ws/install/px4_msgs/include/px4_msgs/px4_msgs/msg/detail/gpio_request__rosidl_typesupport_fastrtps_cpp.hpp\n'}
[1.706444] (px4_msgs) StdoutLine: {'line': b'-- Up-to-date: /home/px4/ros2/ws/install/px4_msgs/include/px4_msgs/px4_msgs/msg/detail/open_drone_id_operator_id__rosidl_typesupport_fastrtps_cpp.hpp\n'}
[1.706588] (px4_msgs) StdoutLine: {'line': b'-- Up-to-date: /home/px4/ros2/ws/install/px4_msgs/include/px4_msgs/px4_msgs/msg/detail/vehicle_constraints__rosidl_typesupport_fastrtps_cpp.hpp\n'}
[1.706659] (px4_msgs) StdoutLine: {'line': b'-- Up-to-date: /home/px4/ros2/ws/install/px4_msgs/include/px4_msgs/px4_msgs/msg/rosidl_typesupport_fastrtps_cpp__visibility_control.h\n'}
[1.706732] (px4_msgs) StdoutLine: {'line': b'-- Up-to-date: /home/px4/ros2/ws/install/px4_msgs/include/px4_msgs/px4_msgs/srv\n'}
[1.706812] (px4_msgs) StdoutLine: {'line': b'-- Up-to-date: /home/px4/ros2/ws/install/px4_msgs/include/px4_msgs/px4_msgs/srv/detail\n'}
[1.706891] (px4_msgs) StdoutLine: {'line': b'-- Up-to-date: /home/px4/ros2/ws/install/px4_msgs/include/px4_msgs/px4_msgs/srv/detail/dds_fastrtps\n'}
[1.706988] (px4_msgs) StdoutLine: {'line': b'-- Up-to-date: /home/px4/ros2/ws/install/px4_msgs/include/px4_msgs/px4_msgs/srv/detail/vehicle_command__rosidl_typesupport_fastrtps_cpp.hpp\n'}
[1.707059] (px4_msgs) StdoutLine: {'line': b'-- Up-to-date: /home/px4/ros2/ws/install/px4_msgs/lib/libpx4_msgs__rosidl_typesupport_fastrtps_cpp.so\n'}
[1.707154] (px4_msgs) StdoutLine: {'line': b'-- Up-to-date: /home/px4/ros2/ws/install/px4_msgs/include/px4_msgs/px4_msgs\n'}
[1.707244] (px4_msgs) StdoutLine: {'line': b'-- Up-to-date: /home/px4/ros2/ws/install/px4_msgs/include/px4_msgs/px4_msgs/msg\n'}
[1.707322] (px4_msgs) StdoutLine: {'line': b'-- Up-to-date: /home/px4/ros2/ws/install/px4_msgs/include/px4_msgs/px4_msgs/msg/detail\n'}
[1.707400] (px4_msgs) StdoutLine: {'line': b'-- Up-to-date: /home/px4/ros2/ws/install/px4_msgs/include/px4_msgs/px4_msgs/msg/detail/follow_target_status__type_support.c\n'}
[1.707509] (px4_msgs) StdoutLine: {'line': b'-- Up-to-date: /home/px4/ros2/ws/install/px4_msgs/include/px4_msgs/px4_msgs/msg/detail/sensor_gnss_relative__rosidl_typesupport_introspection_c.h\n'}
[1.707600] (px4_msgs) StdoutLine: {'line': b'-- Up-to-date: /home/px4/ros2/ws/install/px4_msgs/include/px4_msgs/px4_msgs/msg/detail/sensor_accel_fifo__rosidl_typesupport_introspection_c.h\n'}
[1.707678] (px4_msgs) StdoutLine: {'line': b'-- Up-to-date: /home/px4/ros2/ws/install/px4_msgs/include/px4_msgs/px4_msgs/msg/detail/gimbal_device_attitude_status__rosidl_typesupport_introspection_c.h\n'}
[1.707756] (px4_msgs) StdoutLine: {'line': b'-- Up-to-date: /home/px4/ros2/ws/install/px4_msgs/include/px4_msgs/px4_msgs/msg/detail/sensor_optical_flow__type_support.c\n'}
[1.707833] (px4_msgs) StdoutLine: {'line': b'-- Up-to-date: /home/px4/ros2/ws/install/px4_msgs/include/px4_msgs/px4_msgs/msg/detail/yaw_estimator_status__rosidl_typesupport_introspection_c.h\n'}
[1.707912] (px4_msgs) StdoutLine: {'line': b'-- Up-to-date: /home/px4/ros2/ws/install/px4_msgs/include/px4_msgs/px4_msgs/msg/detail/rover_steering_setpoint__type_support.c\n'}
[1.707994] (px4_msgs) StdoutLine: {'line': b'-- Up-to-date: /home/px4/ros2/ws/install/px4_msgs/include/px4_msgs/px4_msgs/msg/detail/parameter_set_value_response__rosidl_typesupport_introspection_c.h\n'}
[1.708082] (px4_msgs) StdoutLine: {'line': b'-- Up-to-date: /home/px4/ros2/ws/install/px4_msgs/include/px4_msgs/px4_msgs/msg/detail/gpio_in__rosidl_typesupport_introspection_c.h\n'}
[1.708160] (px4_msgs) StdoutLine: {'line': b'-- Up-to-date: /home/px4/ros2/ws/install/px4_msgs/include/px4_msgs/px4_msgs/msg/detail/dataman_request__type_support.c\n'}
[1.708273] (px4_msgs) StdoutLine: {'line': b'-- Up-to-date: /home/px4/ros2/ws/install/px4_msgs/include/px4_msgs/px4_msgs/msg/detail/sensor_gps__rosidl_typesupport_introspection_c.h\n'}
[1.708337] (px4_msgs) StdoutLine: {'line': b'-- Up-to-date: /home/px4/ros2/ws/install/px4_msgs/include/px4_msgs/px4_msgs/msg/detail/vehicle_optical_flow_vel__type_support.c\n'}
[1.708399] (px4_msgs) StdoutLine: {'line': b'-- Up-to-date: /home/px4/ros2/ws/install/px4_msgs/include/px4_msgs/px4_msgs/msg/detail/rover_steering_setpoint__rosidl_typesupport_introspection_c.h\n'}
[1.708459] (px4_msgs) StdoutLine: {'line': b'-- Up-to-date: /home/px4/ros2/ws/install/px4_msgs/include/px4_msgs/px4_msgs/msg/detail/arming_check_reply__rosidl_typesupport_introspection_c.h\n'}
[1.708539] (px4_msgs) StdoutLine: {'line': b'-- Up-to-date: /home/px4/ros2/ws/install/px4_msgs/include/px4_msgs/px4_msgs/msg/detail/geofence_status__type_support.c\n'}
[1.708612] (px4_msgs) StdoutLine: {'line': b'-- Up-to-date: /home/px4/ros2/ws/install/px4_msgs/include/px4_msgs/px4_msgs/msg/detail/input_rc__type_support.c\n'}
[1.708685] (px4_msgs) StdoutLine: {'line': b'-- Up-to-date: /home/px4/ros2/ws/install/px4_msgs/include/px4_msgs/px4_msgs/msg/detail/sensor_baro__type_support.c\n'}
[1.708759] (px4_msgs) StdoutLine: {'line': b'-- Up-to-date: /home/px4/ros2/ws/install/px4_msgs/include/px4_msgs/px4_msgs/msg/detail/longitudinal_control_configuration__rosidl_typesupport_introspection_c.h\n'}
[1.708819] (px4_msgs) StdoutLine: {'line': b'-- Up-to-date: /home/px4/ros2/ws/install/px4_msgs/include/px4_msgs/px4_msgs/msg/detail/sensor_correction__rosidl_typesupport_introspection_c.h\n'}
[1.708880] (px4_msgs) StdoutLine: {'line': b'-- Up-to-date: /home/px4/ros2/ws/install/px4_msgs/include/px4_msgs/px4_msgs/msg/detail/can_interface_status__rosidl_typesupport_introspection_c.h\n'}
[1.708949] (px4_msgs) StdoutLine: {'line': b'-- Up-to-date: /home/px4/ros2/ws/install/px4_msgs/include/px4_msgs/px4_msgs/msg/detail/config_overrides__rosidl_typesupport_introspection_c.h\n'}
[1.709010] (px4_msgs) StdoutLine: {'line': b'-- Up-to-date: /home/px4/ros2/ws/install/px4_msgs/include/px4_msgs/px4_msgs/msg/detail/vehicle_angular_velocity__rosidl_typesupport_introspection_c.h\n'}
[1.709069] (px4_msgs) StdoutLine: {'line': b'-- Up-to-date: /home/px4/ros2/ws/install/px4_msgs/include/px4_msgs/px4_msgs/msg/detail/pure_pursuit_status__type_support.c\n'}
[1.709129] (px4_msgs) StdoutLine: {'line': b'-- Up-to-date: /home/px4/ros2/ws/install/px4_msgs/include/px4_msgs/px4_msgs/msg/detail/gimbal_manager_information__type_support.c\n'}
[1.709187] (px4_msgs) StdoutLine: {'line': b'-- Up-to-date: /home/px4/ros2/ws/install/px4_msgs/include/px4_msgs/px4_msgs/msg/detail/sensor_gyro_fifo__rosidl_typesupport_introspection_c.h\n'}
[1.709269] (px4_msgs) StdoutLine: {'line': b'-- Up-to-date: /home/px4/ros2/ws/install/px4_msgs/include/px4_msgs/px4_msgs/msg/detail/position_controller_landing_status__type_support.c\n'}
[1.709416] (px4_msgs) StdoutLine: {'line': b'-- Up-to-date: /home/px4/ros2/ws/install/px4_msgs/include/px4_msgs/px4_msgs/msg/detail/internal_combustion_engine_status__type_support.c\n'}
[1.709477] (px4_msgs) StdoutLine: {'line': b'-- Up-to-date: /home/px4/ros2/ws/install/px4_msgs/include/px4_msgs/px4_msgs/msg/detail/rover_attitude_status__rosidl_typesupport_introspection_c.h\n'}
[1.709559] (px4_msgs) StdoutLine: {'line': b'-- Up-to-date: /home/px4/ros2/ws/install/px4_msgs/include/px4_msgs/px4_msgs/msg/detail/uavcan_parameter_value__type_support.c\n'}
[1.709658] (px4_msgs) StdoutLine: {'line': b'-- Up-to-date: /home/px4/ros2/ws/install/px4_msgs/include/px4_msgs/px4_msgs/msg/detail/vehicle_thrust_setpoint__type_support.c\n'}
[1.709768] (px4_msgs) StdoutLine: {'line': b'-- Up-to-date: /home/px4/ros2/ws/install/px4_msgs/include/px4_msgs/px4_msgs/msg/detail/distance_sensor__type_support.c\n'}
[1.709939] (px4_msgs) StdoutLine: {'line': b'-- Up-to-date: /home/px4/ros2/ws/install/px4_msgs/include/px4_msgs/px4_msgs/msg/detail/open_drone_id_operator_id__rosidl_typesupport_introspection_c.h\n'}
[1.710046] (px4_msgs) StdoutLine: {'line': b'-- Up-to-date: /home/px4/ros2/ws/install/px4_msgs/include/px4_msgs/px4_msgs/msg/detail/system_power__type_support.c\n'}
[1.710149] (px4_msgs) StdoutLine: {'line': b'-- Up-to-date: /home/px4/ros2/ws/install/px4_msgs/include/px4_msgs/px4_msgs/msg/detail/vehicle_local_position_setpoint__rosidl_typesupport_introspection_c.h\n'}
[1.710250] (px4_msgs) StdoutLine: {'line': b'-- Up-to-date: /home/px4/ros2/ws/install/px4_msgs/include/px4_msgs/px4_msgs/msg/detail/open_drone_id_self_id__rosidl_typesupport_introspection_c.h\n'}
[1.710320] (px4_msgs) StdoutLine: {'line': b'-- Up-to-date: /home/px4/ros2/ws/install/px4_msgs/include/px4_msgs/px4_msgs/msg/detail/rover_throttle_setpoint__type_support.c\n'}
[1.710440] (px4_msgs) StdoutLine: {'line': b'-- Up-to-date: /home/px4/ros2/ws/install/px4_msgs/include/px4_msgs/px4_msgs/msg/detail/landing_target_innovations__type_support.c\n'}
[1.710549] (px4_msgs) StdoutLine: {'line': b'-- Up-to-date: /home/px4/ros2/ws/install/px4_msgs/include/px4_msgs/px4_msgs/msg/detail/vehicle_odometry__rosidl_typesupport_introspection_c.h\n'}
[1.710644] (px4_msgs) StdoutLine: {'line': b'-- Up-to-date: /home/px4/ros2/ws/install/px4_msgs/include/px4_msgs/px4_msgs/msg/detail/radio_status__rosidl_typesupport_introspection_c.h\n'}
[1.710732] (px4_msgs) StdoutLine: {'line': b'-- Up-to-date: /home/px4/ros2/ws/install/px4_msgs/include/px4_msgs/px4_msgs/msg/detail/rover_throttle_setpoint__rosidl_typesupport_introspection_c.h\n'}
[1.710836] (px4_msgs) StdoutLine: {'line': b'-- Up-to-date: /home/px4/ros2/ws/install/px4_msgs/include/px4_msgs/px4_msgs/msg/detail/mount_orientation__rosidl_typesupport_introspection_c.h\n'}
[1.710928] (px4_msgs) StdoutLine: {'line': b'-- Up-to-date: /home/px4/ros2/ws/install/px4_msgs/include/px4_msgs/px4_msgs/msg/detail/register_ext_component_request__rosidl_typesupport_introspection_c.h\n'}
[1.711000] (px4_msgs) StdoutLine: {'line': b'-- Up-to-date: /home/px4/ros2/ws/install/px4_msgs/include/px4_msgs/px4_msgs/msg/detail/flight_phase_estimation__rosidl_typesupport_introspection_c.h\n'}
[1.711063] (px4_msgs) StdoutLine: {'line': b'-- Up-to-date: /home/px4/ros2/ws/install/px4_msgs/include/px4_msgs/px4_msgs/msg/detail/gps_inject_data__type_support.c\n'}
[1.711124] (px4_msgs) StdoutLine: {'line': b'-- Up-to-date: /home/px4/ros2/ws/install/px4_msgs/include/px4_msgs/px4_msgs/msg/detail/distance_sensor_mode_change_request__rosidl_typesupport_introspection_c.h\n'}
[1.711211] (px4_msgs) StdoutLine: {'line': b'-- Up-to-date: /home/px4/ros2/ws/install/px4_msgs/include/px4_msgs/px4_msgs/msg/detail/vehicle_torque_setpoint__rosidl_typesupport_introspection_c.h\n'}
[1.711290] (px4_msgs) StdoutLine: {'line': b'-- Up-to-date: /home/px4/ros2/ws/install/px4_msgs/include/px4_msgs/px4_msgs/msg/detail/landing_target_innovations__rosidl_typesupport_introspection_c.h\n'}
[1.711367] (px4_msgs) StdoutLine: {'line': b'-- Up-to-date: /home/px4/ros2/ws/install/px4_msgs/include/px4_msgs/px4_msgs/msg/detail/esc_status__rosidl_typesupport_introspection_c.h\n'}
[1.711444] (px4_msgs) StdoutLine: {'line': b'-- Up-to-date: /home/px4/ros2/ws/install/px4_msgs/include/px4_msgs/px4_msgs/msg/detail/power_button_state__rosidl_typesupport_introspection_c.h\n'}
[1.711536] (px4_msgs) StdoutLine: {'line': b'-- Up-to-date: /home/px4/ros2/ws/install/px4_msgs/include/px4_msgs/px4_msgs/msg/detail/camera_trigger__type_support.c\n'}
[1.711622] (px4_msgs) StdoutLine: {'line': b'-- Up-to-date: /home/px4/ros2/ws/install/px4_msgs/include/px4_msgs/px4_msgs/msg/detail/generator_status__type_support.c\n'}
[1.711708] (px4_msgs) StdoutLine: {'line': b'-- Up-to-date: /home/px4/ros2/ws/install/px4_msgs/include/px4_msgs/px4_msgs/msg/detail/vehicle_control_mode__type_support.c\n'}
[1.711770] (px4_msgs) StdoutLine: {'line': b'-- Up-to-date: /home/px4/ros2/ws/install/px4_msgs/include/px4_msgs/px4_msgs/msg/detail/esc_report__type_support.c\n'}
[1.711875] (px4_msgs) StdoutLine: {'line': b'-- Up-to-date: /home/px4/ros2/ws/install/px4_msgs/include/px4_msgs/px4_msgs/msg/detail/camera_trigger__rosidl_typesupport_introspection_c.h\n'}
[1.711943] (px4_msgs) StdoutLine: {'line': b'-- Up-to-date: /home/px4/ros2/ws/install/px4_msgs/include/px4_msgs/px4_msgs/msg/detail/sensors_status_imu__type_support.c\n'}
[1.712005] (px4_msgs) StdoutLine: {'line': b'-- Up-to-date: /home/px4/ros2/ws/install/px4_msgs/include/px4_msgs/px4_msgs/msg/detail/vehicle_command_ack__rosidl_typesupport_introspection_c.h\n'}
[1.712089] (px4_msgs) StdoutLine: {'line': b'-- Up-to-date: /home/px4/ros2/ws/install/px4_msgs/include/px4_msgs/px4_msgs/msg/detail/rtl_time_estimate__type_support.c\n'}
[1.712166] (px4_msgs) StdoutLine: {'line': b'-- Up-to-date: /home/px4/ros2/ws/install/px4_msgs/include/px4_msgs/px4_msgs/msg/detail/satellite_info__type_support.c\n'}
[1.712246] (px4_msgs) StdoutLine: {'line': b'-- Up-to-date: /home/px4/ros2/ws/install/px4_msgs/include/px4_msgs/px4_msgs/msg/detail/gimbal_manager_set_attitude__type_support.c\n'}
[1.712329] (px4_msgs) StdoutLine: {'line': b'-- Up-to-date: /home/px4/ros2/ws/install/px4_msgs/include/px4_msgs/px4_msgs/msg/detail/vehicle_rates_setpoint__rosidl_typesupport_introspection_c.h\n'}
[1.712425] (px4_msgs) StdoutLine: {'line': b'-- Up-to-date: /home/px4/ros2/ws/install/px4_msgs/include/px4_msgs/px4_msgs/msg/detail/sensor_mag__type_support.c\n'}
[1.712498] (px4_msgs) StdoutLine: {'line': b'-- Up-to-date: /home/px4/ros2/ws/install/px4_msgs/include/px4_msgs/px4_msgs/msg/detail/actuator_controls_status__rosidl_typesupport_introspection_c.h\n'}
[1.712577] (px4_msgs) StdoutLine: {'line': b'-- Up-to-date: /home/px4/ros2/ws/install/px4_msgs/include/px4_msgs/px4_msgs/msg/detail/rover_attitude_setpoint__type_support.c\n'}
[1.712654] (px4_msgs) StdoutLine: {'line': b'-- Up-to-date: /home/px4/ros2/ws/install/px4_msgs/include/px4_msgs/px4_msgs/msg/detail/log_message__rosidl_typesupport_introspection_c.h\n'}
[1.712725] (px4_msgs) StdoutLine: {'line': b'-- Up-to-date: /home/px4/ros2/ws/install/px4_msgs/include/px4_msgs/px4_msgs/msg/detail/rtl_time_estimate__rosidl_typesupport_introspection_c.h\n'}
[1.712796] (px4_msgs) StdoutLine: {'line': b'-- Up-to-date: /home/px4/ros2/ws/install/px4_msgs/include/px4_msgs/px4_msgs/msg/detail/parameter_set_value_request__type_support.c\n'}
[1.712866] (px4_msgs) StdoutLine: {'line': b'-- Up-to-date: /home/px4/ros2/ws/install/px4_msgs/include/px4_msgs/px4_msgs/msg/detail/vehicle_status__rosidl_typesupport_introspection_c.h\n'}
[1.712925] (px4_msgs) StdoutLine: {'line': b'-- Up-to-date: /home/px4/ros2/ws/install/px4_msgs/include/px4_msgs/px4_msgs/msg/detail/internal_combustion_engine_control__type_support.c\n'}
[1.713005] (px4_msgs) StdoutLine: {'line': b'-- Up-to-date: /home/px4/ros2/ws/install/px4_msgs/include/px4_msgs/px4_msgs/msg/detail/normalized_unsigned_setpoint__rosidl_typesupport_introspection_c.h\n'}
[1.713065] (px4_msgs) StdoutLine: {'line': b'-- Up-to-date: /home/px4/ros2/ws/install/px4_msgs/include/px4_msgs/px4_msgs/msg/detail/pps_capture__rosidl_typesupport_introspection_c.h\n'}
[1.713145] (px4_msgs) StdoutLine: {'line': b'-- Up-to-date: /home/px4/ros2/ws/install/px4_msgs/include/px4_msgs/px4_msgs/msg/detail/ping__type_support.c\n'}
[1.713276] (px4_msgs) StdoutLine: {'line': b'-- Up-to-date: /home/px4/ros2/ws/install/px4_msgs/include/px4_msgs/px4_msgs/msg/detail/sensor_airflow__type_support.c\n'}
[1.713338] (px4_msgs) StdoutLine: {'line': b'-- Up-to-date: /home/px4/ros2/ws/install/px4_msgs/include/px4_msgs/px4_msgs/msg/detail/estimator_states__rosidl_typesupport_introspection_c.h\n'}
[1.713400] (px4_msgs) StdoutLine: {'line': b'-- Up-to-date: /home/px4/ros2/ws/install/px4_msgs/include/px4_msgs/px4_msgs/msg/detail/vehicle_land_detected__type_support.c\n'}
[1.713476] (px4_msgs) StdoutLine: {'line': b'-- Up-to-date: /home/px4/ros2/ws/install/px4_msgs/include/px4_msgs/px4_msgs/msg/detail/follow_target_estimator__rosidl_typesupport_introspection_c.h\n'}
[1.713597] (px4_msgs) StdoutLine: {'line': b'-- Up-to-date: /home/px4/ros2/ws/install/px4_msgs/include/px4_msgs/px4_msgs/msg/detail/debug_key_value__rosidl_typesupport_introspection_c.h\n'}
[1.713673] (px4_msgs) StdoutLine: {'line': b'-- Up-to-date: /home/px4/ros2/ws/install/px4_msgs/include/px4_msgs/px4_msgs/msg/detail/sensor_gps__type_support.c\n'}
[1.713750] (px4_msgs) StdoutLine: {'line': b'-- Up-to-date: /home/px4/ros2/ws/install/px4_msgs/include/px4_msgs/px4_msgs/msg/detail/figure_eight_status__type_support.c\n'}
[1.713860] (px4_msgs) StdoutLine: {'line': b'-- Up-to-date: /home/px4/ros2/ws/install/px4_msgs/include/px4_msgs/px4_msgs/msg/detail/velocity_limits__type_support.c\n'}
[1.713937] (px4_msgs) StdoutLine: {'line': b'-- Up-to-date: /home/px4/ros2/ws/install/px4_msgs/include/px4_msgs/px4_msgs/msg/detail/vehicle_command_ack__type_support.c\n'}
[1.714005] (px4_msgs) StdoutLine: {'line': b'-- Up-to-date: /home/px4/ros2/ws/install/px4_msgs/include/px4_msgs/px4_msgs/msg/detail/rtl_status__rosidl_typesupport_introspection_c.h\n'}
[1.714154] (px4_msgs) StdoutLine: {'line': b'-- Up-to-date: /home/px4/ros2/ws/install/px4_msgs/include/px4_msgs/px4_msgs/msg/detail/system_power__rosidl_typesupport_introspection_c.h\n'}
[1.714251] (px4_msgs) StdoutLine: {'line': b'-- Up-to-date: /home/px4/ros2/ws/install/px4_msgs/include/px4_msgs/px4_msgs/msg/detail/estimator_states__type_support.c\n'}
[1.714317] (px4_msgs) StdoutLine: {'line': b'-- Up-to-date: /home/px4/ros2/ws/install/px4_msgs/include/px4_msgs/px4_msgs/msg/detail/vehicle_attitude__type_support.c\n'}
[1.714379] (px4_msgs) StdoutLine: {'line': b'-- Up-to-date: /home/px4/ros2/ws/install/px4_msgs/include/px4_msgs/px4_msgs/msg/detail/airspeed_wind__type_support.c\n'}
[1.714500] (px4_msgs) StdoutLine: {'line': b'-- Up-to-date: /home/px4/ros2/ws/install/px4_msgs/include/px4_msgs/px4_msgs/msg/detail/actuator_servos__rosidl_typesupport_introspection_c.h\n'}
[1.714622] (px4_msgs) StdoutLine: {'line': b'-- Up-to-date: /home/px4/ros2/ws/install/px4_msgs/include/px4_msgs/px4_msgs/msg/detail/sensors_status__rosidl_typesupport_introspection_c.h\n'}
[1.714701] (px4_msgs) StdoutLine: {'line': b'-- Up-to-date: /home/px4/ros2/ws/install/px4_msgs/include/px4_msgs/px4_msgs/msg/detail/gimbal_device_information__type_support.c\n'}
[1.714764] (px4_msgs) StdoutLine: {'line': b'-- Up-to-date: /home/px4/ros2/ws/install/px4_msgs/include/px4_msgs/px4_msgs/msg/detail/open_drone_id_system__rosidl_typesupport_introspection_c.h\n'}
[1.714857] (px4_msgs) StdoutLine: {'line': b'-- Up-to-date: /home/px4/ros2/ws/install/px4_msgs/include/px4_msgs/px4_msgs/msg/detail/navigator_mission_item__rosidl_typesupport_introspection_c.h\n'}
[1.714919] (px4_msgs) StdoutLine: {'line': b'-- Up-to-date: /home/px4/ros2/ws/install/px4_msgs/include/px4_msgs/px4_msgs/msg/detail/debug_vect__rosidl_typesupport_introspection_c.h\n'}
[1.714978] (px4_msgs) StdoutLine: {'line': b'-- Up-to-date: /home/px4/ros2/ws/install/px4_msgs/include/px4_msgs/px4_msgs/msg/detail/power_monitor__rosidl_typesupport_introspection_c.h\n'}
[1.715069] (px4_msgs) StdoutLine: {'line': b'-- Up-to-date: /home/px4/ros2/ws/install/px4_msgs/include/px4_msgs/px4_msgs/msg/detail/satellite_info__rosidl_typesupport_introspection_c.h\n'}
[1.715129] (px4_msgs) StdoutLine: {'line': b'-- Up-to-date: /home/px4/ros2/ws/install/px4_msgs/include/px4_msgs/px4_msgs/msg/detail/follow_target_estimator__type_support.c\n'}
[1.715188] (px4_msgs) StdoutLine: {'line': b'-- Up-to-date: /home/px4/ros2/ws/install/px4_msgs/include/px4_msgs/px4_msgs/msg/detail/mavlink_log__type_support.c\n'}
[1.715248] (px4_msgs) StdoutLine: {'line': b'-- Up-to-date: /home/px4/ros2/ws/install/px4_msgs/include/px4_msgs/px4_msgs/msg/detail/vehicle_acceleration__type_support.c\n'}
[1.715332] (px4_msgs) StdoutLine: {'line': b'-- Up-to-date: /home/px4/ros2/ws/install/px4_msgs/include/px4_msgs/px4_msgs/msg/detail/sensor_preflight_mag__type_support.c\n'}
[1.715394] (px4_msgs) StdoutLine: {'line': b'-- Up-to-date: /home/px4/ros2/ws/install/px4_msgs/include/px4_msgs/px4_msgs/msg/detail/irlock_report__rosidl_typesupport_introspection_c.h\n'}
[1.715474] (px4_msgs) StdoutLine: {'line': b'-- Up-to-date: /home/px4/ros2/ws/install/px4_msgs/include/px4_msgs/px4_msgs/msg/detail/control_allocator_status__type_support.c\n'}
[1.715628] (px4_msgs) StdoutLine: {'line': b'-- Up-to-date: /home/px4/ros2/ws/install/px4_msgs/include/px4_msgs/px4_msgs/msg/detail/vehicle_air_data__rosidl_typesupport_introspection_c.h\n'}
[1.715696] (px4_msgs) StdoutLine: {'line': b'-- Up-to-date: /home/px4/ros2/ws/install/px4_msgs/include/px4_msgs/px4_msgs/msg/detail/fixed_wing_lateral_setpoint__type_support.c\n'}
[1.715853] (px4_msgs) StdoutLine: {'line': b'-- Up-to-date: /home/px4/ros2/ws/install/px4_msgs/include/px4_msgs/px4_msgs/msg/detail/neural_control__type_support.c\n'}
[1.715932] (px4_msgs) StdoutLine: {'line': b'-- Up-to-date: /home/px4/ros2/ws/install/px4_msgs/include/px4_msgs/px4_msgs/msg/detail/timesync_status__rosidl_typesupport_introspection_c.h\n'}
[1.715994] (px4_msgs) StdoutLine: {'line': b'-- Up-to-date: /home/px4/ros2/ws/install/px4_msgs/include/px4_msgs/px4_msgs/msg/detail/obstacle_distance__type_support.c\n'}
[1.716075] (px4_msgs) StdoutLine: {'line': b'-- Up-to-date: /home/px4/ros2/ws/install/px4_msgs/include/px4_msgs/px4_msgs/msg/detail/adc_report__rosidl_typesupport_introspection_c.h\n'}
[1.716175] (px4_msgs) StdoutLine: {'line': b'-- Up-to-date: /home/px4/ros2/ws/install/px4_msgs/include/px4_msgs/px4_msgs/msg/detail/trajectory_setpoint6dof__type_support.c\n'}
[1.716260] (px4_msgs) StdoutLine: {'line': b'-- Up-to-date: /home/px4/ros2/ws/install/px4_msgs/include/px4_msgs/px4_msgs/msg/detail/vehicle_thrust_setpoint__rosidl_typesupport_introspection_c.h\n'}
[1.716325] (px4_msgs) StdoutLine: {'line': b'-- Up-to-date: /home/px4/ros2/ws/install/px4_msgs/include/px4_msgs/px4_msgs/msg/detail/gimbal_manager_set_manual_control__type_support.c\n'}
[1.716404] (px4_msgs) StdoutLine: {'line': b'-- Up-to-date: /home/px4/ros2/ws/install/px4_msgs/include/px4_msgs/px4_msgs/msg/detail/geofence_status__rosidl_typesupport_introspection_c.h\n'}
[1.716503] (px4_msgs) StdoutLine: {'line': b'-- Up-to-date: /home/px4/ros2/ws/install/px4_msgs/include/px4_msgs/px4_msgs/msg/detail/fixed_wing_runway_control__rosidl_typesupport_introspection_c.h\n'}
[1.716590] (px4_msgs) StdoutLine: {'line': b'-- Up-to-date: /home/px4/ros2/ws/install/px4_msgs/include/px4_msgs/px4_msgs/msg/detail/wind__type_support.c\n'}
[1.716676] (px4_msgs) StdoutLine: {'line': b'-- Up-to-date: /home/px4/ros2/ws/install/px4_msgs/include/px4_msgs/px4_msgs/msg/detail/gimbal_manager_set_attitude__rosidl_typesupport_introspection_c.h\n'}
[1.716772] (px4_msgs) StdoutLine: {'line': b'-- Up-to-date: /home/px4/ros2/ws/install/px4_msgs/include/px4_msgs/px4_msgs/msg/detail/lateral_control_configuration__type_support.c\n'}
[1.716865] (px4_msgs) StdoutLine: {'line': b'-- Up-to-date: /home/px4/ros2/ws/install/px4_msgs/include/px4_msgs/px4_msgs/msg/detail/airspeed_validated__type_support.c\n'}
[1.716936] (px4_msgs) StdoutLine: {'line': b'-- Up-to-date: /home/px4/ros2/ws/install/px4_msgs/include/px4_msgs/px4_msgs/msg/detail/trajectory_setpoint__type_support.c\n'}
[1.717006] (px4_msgs) StdoutLine: {'line': b'-- Up-to-date: /home/px4/ros2/ws/install/px4_msgs/include/px4_msgs/px4_msgs/msg/detail/wind__rosidl_typesupport_introspection_c.h\n'}
[1.717098] (px4_msgs) StdoutLine: {'line': b'-- Up-to-date: /home/px4/ros2/ws/install/px4_msgs/include/px4_msgs/px4_msgs/msg/detail/failure_detector_status__rosidl_typesupport_introspection_c.h\n'}
[1.717182] (px4_msgs) StdoutLine: {'line': b'-- Up-to-date: /home/px4/ros2/ws/install/px4_msgs/include/px4_msgs/px4_msgs/msg/detail/landing_gear__rosidl_typesupport_introspection_c.h\n'}
[1.717265] (px4_msgs) StdoutLine: {'line': b'-- Up-to-date: /home/px4/ros2/ws/install/px4_msgs/include/px4_msgs/px4_msgs/msg/detail/gimbal_manager_status__rosidl_typesupport_introspection_c.h\n'}
[1.717335] (px4_msgs) StdoutLine: {'line': b'-- Up-to-date: /home/px4/ros2/ws/install/px4_msgs/include/px4_msgs/px4_msgs/msg/detail/cellular_status__rosidl_typesupport_introspection_c.h\n'}
[1.717442] (px4_msgs) StdoutLine: {'line': b'-- Up-to-date: /home/px4/ros2/ws/install/px4_msgs/include/px4_msgs/px4_msgs/msg/detail/wheel_encoders__type_support.c\n'}
[1.717539] (px4_msgs) StdoutLine: {'line': b'-- Up-to-date: /home/px4/ros2/ws/install/px4_msgs/include/px4_msgs/px4_msgs/msg/detail/estimator_innovations__type_support.c\n'}
[1.717646] (px4_msgs) StdoutLine: {'line': b'-- Up-to-date: /home/px4/ros2/ws/install/px4_msgs/include/px4_msgs/px4_msgs/msg/detail/sensor_preflight_mag__rosidl_typesupport_introspection_c.h\n'}
[1.717727] (px4_msgs) StdoutLine: {'line': b'-- Up-to-date: /home/px4/ros2/ws/install/px4_msgs/include/px4_msgs/px4_msgs/msg/detail/sensor_selection__rosidl_typesupport_introspection_c.h\n'}
[1.717810] (px4_msgs) StdoutLine: {'line': b'-- Up-to-date: /home/px4/ros2/ws/install/px4_msgs/include/px4_msgs/px4_msgs/msg/detail/px4io_status__rosidl_typesupport_introspection_c.h\n'}
[1.717903] (px4_msgs) StdoutLine: {'line': b'-- Up-to-date: /home/px4/ros2/ws/install/px4_msgs/include/px4_msgs/px4_msgs/msg/detail/offboard_control_mode__rosidl_typesupport_introspection_c.h\n'}
[1.717980] (px4_msgs) StdoutLine: {'line': b'-- Up-to-date: /home/px4/ros2/ws/install/px4_msgs/include/px4_msgs/px4_msgs/msg/detail/fixed_wing_lateral_guidance_status__type_support.c\n'}
[1.718057] (px4_msgs) StdoutLine: {'line': b'-- Up-to-date: /home/px4/ros2/ws/install/px4_msgs/include/px4_msgs/px4_msgs/msg/detail/rate_ctrl_status__rosidl_typesupport_introspection_c.h\n'}
[1.718135] (px4_msgs) StdoutLine: {'line': b'-- Up-to-date: /home/px4/ros2/ws/install/px4_msgs/include/px4_msgs/px4_msgs/msg/detail/task_stack_info__rosidl_typesupport_introspection_c.h\n'}
[1.718219] (px4_msgs) StdoutLine: {'line': b'-- Up-to-date: /home/px4/ros2/ws/install/px4_msgs/include/px4_msgs/px4_msgs/msg/detail/tune_control__rosidl_typesupport_introspection_c.h\n'}
[1.718304] (px4_msgs) StdoutLine: {'line': b'-- Up-to-date: /home/px4/ros2/ws/install/px4_msgs/include/px4_msgs/px4_msgs/msg/detail/takeoff_status__type_support.c\n'}
[1.718425] (px4_msgs) StdoutLine: {'line': b'-- Up-to-date: /home/px4/ros2/ws/install/px4_msgs/include/px4_msgs/px4_msgs/msg/detail/led_control__type_support.c\n'}
[1.718517] (px4_msgs) StdoutLine: {'line': b'-- Up-to-date: /home/px4/ros2/ws/install/px4_msgs/include/px4_msgs/px4_msgs/msg/detail/goto_setpoint__type_support.c\n'}
[1.718599] (px4_msgs) StdoutLine: {'line': b'-- Up-to-date: /home/px4/ros2/ws/install/px4_msgs/include/px4_msgs/px4_msgs/msg/detail/launch_detection_status__type_support.c\n'}
[1.718699] (px4_msgs) StdoutLine: {'line': b'-- Up-to-date: /home/px4/ros2/ws/install/px4_msgs/include/px4_msgs/px4_msgs/msg/detail/gimbal_device_attitude_status__type_support.c\n'}
[1.718780] (px4_msgs) StdoutLine: {'line': b'-- Up-to-date: /home/px4/ros2/ws/install/px4_msgs/include/px4_msgs/px4_msgs/msg/detail/landing_gear_wheel__rosidl_typesupport_introspection_c.h\n'}
[1.718864] (px4_msgs) StdoutLine: {'line': b'-- Up-to-date: /home/px4/ros2/ws/install/px4_msgs/include/px4_msgs/px4_msgs/msg/detail/position_controller_status__type_support.c\n'}
[1.718943] (px4_msgs) StdoutLine: {'line': b'-- Up-to-date: /home/px4/ros2/ws/install/px4_msgs/include/px4_msgs/px4_msgs/msg/detail/vehicle_command__rosidl_typesupport_introspection_c.h\n'}
[1.719022] (px4_msgs) StdoutLine: {'line': b'-- Up-to-date: /home/px4/ros2/ws/install/px4_msgs/include/px4_msgs/px4_msgs/msg/detail/manual_control_setpoint__rosidl_typesupport_introspection_c.h\n'}
[1.719099] (px4_msgs) StdoutLine: {'line': b'-- Up-to-date: /home/px4/ros2/ws/install/px4_msgs/include/px4_msgs/px4_msgs/msg/detail/rover_rate_setpoint__rosidl_typesupport_introspection_c.h\n'}
[1.719195] (px4_msgs) StdoutLine: {'line': b'-- Up-to-date: /home/px4/ros2/ws/install/px4_msgs/include/px4_msgs/px4_msgs/msg/detail/orb_test_large__type_support.c\n'}
[1.719277] (px4_msgs) StdoutLine: {'line': b'-- Up-to-date: /home/px4/ros2/ws/install/px4_msgs/include/px4_msgs/px4_msgs/msg/detail/autotune_attitude_control_status__rosidl_typesupport_introspection_c.h\n'}
[1.719356] (px4_msgs) StdoutLine: {'line': b'-- Up-to-date: /home/px4/ros2/ws/install/px4_msgs/include/px4_msgs/px4_msgs/msg/detail/vehicle_local_position__rosidl_typesupport_introspection_c.h\n'}
[1.719434] (px4_msgs) StdoutLine: {'line': b'-- Up-to-date: /home/px4/ros2/ws/install/px4_msgs/include/px4_msgs/px4_msgs/msg/detail/sensor_combined__type_support.c\n'}
[1.719546] (px4_msgs) StdoutLine: {'line': b'-- Up-to-date: /home/px4/ros2/ws/install/px4_msgs/include/px4_msgs/px4_msgs/msg/detail/position_controller_landing_status__rosidl_typesupport_introspection_c.h\n'}
[1.719630] (px4_msgs) StdoutLine: {'line': b'-- Up-to-date: /home/px4/ros2/ws/install/px4_msgs/include/px4_msgs/px4_msgs/msg/detail/ulog_stream__rosidl_typesupport_introspection_c.h\n'}
[1.719692] (px4_msgs) StdoutLine: {'line': b'-- Up-to-date: /home/px4/ros2/ws/install/px4_msgs/include/px4_msgs/px4_msgs/msg/detail/rate_ctrl_status__type_support.c\n'}
[1.719756] (px4_msgs) StdoutLine: {'line': b'-- Up-to-date: /home/px4/ros2/ws/install/px4_msgs/include/px4_msgs/px4_msgs/msg/detail/debug_vect__type_support.c\n'}
[1.719844] (px4_msgs) StdoutLine: {'line': b'-- Up-to-date: /home/px4/ros2/ws/install/px4_msgs/include/px4_msgs/px4_msgs/msg/detail/goto_setpoint__rosidl_typesupport_introspection_c.h\n'}
[1.720055] (px4_msgs) StdoutLine: {'line': b'-- Up-to-date: /home/px4/ros2/ws/install/px4_msgs/include/px4_msgs/px4_msgs/msg/detail/fixed_wing_lateral_guidance_status__rosidl_typesupport_introspection_c.h\n'}
[1.720130] (px4_msgs) StdoutLine: {'line': b'-- Up-to-date: /home/px4/ros2/ws/install/px4_msgs/include/px4_msgs/px4_msgs/msg/detail/fixed_wing_runway_control__type_support.c\n'}
[1.720193] (px4_msgs) StdoutLine: {'line': b'-- Up-to-date: /home/px4/ros2/ws/install/px4_msgs/include/px4_msgs/px4_msgs/msg/detail/log_message__type_support.c\n'}
[1.720252] (px4_msgs) StdoutLine: {'line': b'-- Up-to-date: /home/px4/ros2/ws/install/px4_msgs/include/px4_msgs/px4_msgs/msg/detail/sensor_airflow__rosidl_typesupport_introspection_c.h\n'}
[1.720337] (px4_msgs) StdoutLine: {'line': b'-- Up-to-date: /home/px4/ros2/ws/install/px4_msgs/include/px4_msgs/px4_msgs/msg/detail/input_rc__rosidl_typesupport_introspection_c.h\n'}
[1.720412] (px4_msgs) StdoutLine: {'line': b'-- Up-to-date: /home/px4/ros2/ws/install/px4_msgs/include/px4_msgs/px4_msgs/msg/detail/gripper__type_support.c\n'}
[1.720473] (px4_msgs) StdoutLine: {'line': b'-- Up-to-date: /home/px4/ros2/ws/install/px4_msgs/include/px4_msgs/px4_msgs/msg/detail/sensor_hygrometer__rosidl_typesupport_introspection_c.h\n'}
[1.720572] (px4_msgs) StdoutLine: {'line': b'-- Up-to-date: /home/px4/ros2/ws/install/px4_msgs/include/px4_msgs/px4_msgs/msg/detail/estimator_aid_source2d__type_support.c\n'}
[1.720645] (px4_msgs) StdoutLine: {'line': b'-- Up-to-date: /home/px4/ros2/ws/install/px4_msgs/include/px4_msgs/px4_msgs/msg/detail/dronecan_node_status__type_support.c\n'}
[1.720704] (px4_msgs) StdoutLine: {'line': b'-- Up-to-date: /home/px4/ros2/ws/install/px4_msgs/include/px4_msgs/px4_msgs/msg/detail/debug_value__rosidl_typesupport_introspection_c.h\n'}
[1.720764] (px4_msgs) StdoutLine: {'line': b'-- Up-to-date: /home/px4/ros2/ws/install/px4_msgs/include/px4_msgs/px4_msgs/msg/detail/estimator_event_flags__type_support.c\n'}
[1.720825] (px4_msgs) StdoutLine: {'line': b'-- Up-to-date: /home/px4/ros2/ws/install/px4_msgs/include/px4_msgs/px4_msgs/msg/detail/mode_completed__type_support.c\n'}
[1.720884] (px4_msgs) StdoutLine: {'line': b'-- Up-to-date: /home/px4/ros2/ws/install/px4_msgs/include/px4_msgs/px4_msgs/msg/detail/trajectory_setpoint__rosidl_typesupport_introspection_c.h\n'}
[1.720958] (px4_msgs) StdoutLine: {'line': b'-- Up-to-date: /home/px4/ros2/ws/install/px4_msgs/include/px4_msgs/px4_msgs/msg/detail/heater_status__type_support.c\n'}
[1.721090] (px4_msgs) StdoutLine: {'line': b'-- Up-to-date: /home/px4/ros2/ws/install/px4_msgs/include/px4_msgs/px4_msgs/msg/detail/orb_test_medium__type_support.c\n'}
[1.721199] (px4_msgs) StdoutLine: {'line': b'-- Up-to-date: /home/px4/ros2/ws/install/px4_msgs/include/px4_msgs/px4_msgs/msg/detail/logger_status__type_support.c\n'}
[1.721278] (px4_msgs) StdoutLine: {'line': b'-- Up-to-date: /home/px4/ros2/ws/install/px4_msgs/include/px4_msgs/px4_msgs/msg/detail/distance_sensor__rosidl_typesupport_introspection_c.h\n'}
[1.721340] (px4_msgs) StdoutLine: {'line': b'-- Up-to-date: /home/px4/ros2/ws/install/px4_msgs/include/px4_msgs/px4_msgs/msg/detail/position_setpoint_triplet__type_support.c\n'}
[1.721400] (px4_msgs) StdoutLine: {'line': b'-- Up-to-date: /home/px4/ros2/ws/install/px4_msgs/include/px4_msgs/px4_msgs/msg/detail/vehicle_air_data__type_support.c\n'}
[1.721465] (px4_msgs) StdoutLine: {'line': b'-- Up-to-date: /home/px4/ros2/ws/install/px4_msgs/include/px4_msgs/px4_msgs/msg/detail/orb_test_medium__rosidl_typesupport_introspection_c.h\n'}
[1.721658] (px4_msgs) StdoutLine: {'line': b'-- Up-to-date: /home/px4/ros2/ws/install/px4_msgs/include/px4_msgs/px4_msgs/msg/detail/health_report__type_support.c\n'}
[1.721726] (px4_msgs) StdoutLine: {'line': b'-- Up-to-date: /home/px4/ros2/ws/install/px4_msgs/include/px4_msgs/px4_msgs/msg/detail/estimator_status_flags__rosidl_typesupport_introspection_c.h\n'}
[1.721787] (px4_msgs) StdoutLine: {'line': b'-- Up-to-date: /home/px4/ros2/ws/install/px4_msgs/include/px4_msgs/px4_msgs/msg/detail/rover_velocity_setpoint__rosidl_typesupport_introspection_c.h\n'}
[1.721847] (px4_msgs) StdoutLine: {'line': b'-- Up-to-date: /home/px4/ros2/ws/install/px4_msgs/include/px4_msgs/px4_msgs/msg/detail/vehicle_rates_setpoint__type_support.c\n'}
[1.721907] (px4_msgs) StdoutLine: {'line': b'-- Up-to-date: /home/px4/ros2/ws/install/px4_msgs/include/px4_msgs/px4_msgs/msg/detail/vehicle_global_position__type_support.c\n'}
[1.721966] (px4_msgs) StdoutLine: {'line': b'-- Up-to-date: /home/px4/ros2/ws/install/px4_msgs/include/px4_msgs/px4_msgs/msg/detail/vehicle_angular_acceleration_setpoint__rosidl_typesupport_introspection_c.h\n'}
[1.722027] (px4_msgs) StdoutLine: {'line': b'-- Up-to-date: /home/px4/ros2/ws/install/px4_msgs/include/px4_msgs/px4_msgs/msg/detail/gimbal_manager_status__type_support.c\n'}
[1.722087] (px4_msgs) StdoutLine: {'line': b'-- Up-to-date: /home/px4/ros2/ws/install/px4_msgs/include/px4_msgs/px4_msgs/msg/detail/vehicle_acceleration__rosidl_typesupport_introspection_c.h\n'}
[1.722188] (px4_msgs) StdoutLine: {'line': b'-- Up-to-date: /home/px4/ros2/ws/install/px4_msgs/include/px4_msgs/px4_msgs/msg/detail/mag_worker_data__rosidl_typesupport_introspection_c.h\n'}
[1.722301] (px4_msgs) StdoutLine: {'line': b'-- Up-to-date: /home/px4/ros2/ws/install/px4_msgs/include/px4_msgs/px4_msgs/msg/detail/uavcan_parameter_value__rosidl_typesupport_introspection_c.h\n'}
[1.722397] (px4_msgs) StdoutLine: {'line': b'-- Up-to-date: /home/px4/ros2/ws/install/px4_msgs/include/px4_msgs/px4_msgs/msg/detail/rover_rate_status__rosidl_typesupport_introspection_c.h\n'}
[1.722484] (px4_msgs) StdoutLine: {'line': b'-- Up-to-date: /home/px4/ros2/ws/install/px4_msgs/include/px4_msgs/px4_msgs/msg/detail/gpio_config__type_support.c\n'}
[1.722578] (px4_msgs) StdoutLine: {'line': b'-- Up-to-date: /home/px4/ros2/ws/install/px4_msgs/include/px4_msgs/px4_msgs/msg/detail/sensor_gyro_fifo__type_support.c\n'}
[1.722648] (px4_msgs) StdoutLine: {'line': b'-- Up-to-date: /home/px4/ros2/ws/install/px4_msgs/include/px4_msgs/px4_msgs/msg/detail/takeoff_status__rosidl_typesupport_introspection_c.h\n'}
[1.722736] (px4_msgs) StdoutLine: {'line': b'-- Up-to-date: /home/px4/ros2/ws/install/px4_msgs/include/px4_msgs/px4_msgs/msg/detail/control_allocator_status__rosidl_typesupport_introspection_c.h\n'}
[1.722796] (px4_msgs) StdoutLine: {'line': b'-- Up-to-date: /home/px4/ros2/ws/install/px4_msgs/include/px4_msgs/px4_msgs/msg/detail/sensor_uwb__rosidl_typesupport_introspection_c.h\n'}
[1.722856] (px4_msgs) StdoutLine: {'line': b'-- Up-to-date: /home/px4/ros2/ws/install/px4_msgs/include/px4_msgs/px4_msgs/msg/detail/mag_worker_data__type_support.c\n'}
[1.722915] (px4_msgs) StdoutLine: {'line': b'-- Up-to-date: /home/px4/ros2/ws/install/px4_msgs/include/px4_msgs/px4_msgs/msg/detail/landing_gear__type_support.c\n'}
[1.722974] (px4_msgs) StdoutLine: {'line': b'-- Up-to-date: /home/px4/ros2/ws/install/px4_msgs/include/px4_msgs/px4_msgs/msg/detail/unregister_ext_component__type_support.c\n'}
[1.723033] (px4_msgs) StdoutLine: {'line': b'-- Up-to-date: /home/px4/ros2/ws/install/px4_msgs/include/px4_msgs/px4_msgs/msg/detail/sensor_baro__rosidl_typesupport_introspection_c.h\n'}
[1.723091] (px4_msgs) StdoutLine: {'line': b'-- Up-to-date: /home/px4/ros2/ws/install/px4_msgs/include/px4_msgs/px4_msgs/msg/detail/wheel_encoders__rosidl_typesupport_introspection_c.h\n'}
[1.723150] (px4_msgs) StdoutLine: {'line': b'-- Up-to-date: /home/px4/ros2/ws/install/px4_msgs/include/px4_msgs/px4_msgs/msg/detail/mount_orientation__type_support.c\n'}
[1.723210] (px4_msgs) StdoutLine: {'line': b'-- Up-to-date: /home/px4/ros2/ws/install/px4_msgs/include/px4_msgs/px4_msgs/msg/detail/ulog_stream__type_support.c\n'}
[1.723269] (px4_msgs) StdoutLine: {'line': b'-- Up-to-date: /home/px4/ros2/ws/install/px4_msgs/include/px4_msgs/px4_msgs/msg/detail/vehicle_angular_velocity__type_support.c\n'}
[1.723360] (px4_msgs) StdoutLine: {'line': b'-- Up-to-date: /home/px4/ros2/ws/install/px4_msgs/include/px4_msgs/px4_msgs/msg/detail/trajectory_setpoint6dof__rosidl_typesupport_introspection_c.h\n'}
[1.723455] (px4_msgs) StdoutLine: {'line': b'-- Up-to-date: /home/px4/ros2/ws/install/px4_msgs/include/px4_msgs/px4_msgs/msg/detail/vehicle_optical_flow__type_support.c\n'}
[1.723574] (px4_msgs) StdoutLine: {'line': b'-- Up-to-date: /home/px4/ros2/ws/install/px4_msgs/include/px4_msgs/px4_msgs/msg/detail/navigator_status__rosidl_typesupport_introspection_c.h\n'}
[1.723680] (px4_msgs) StdoutLine: {'line': b'-- Up-to-date: /home/px4/ros2/ws/install/px4_msgs/include/px4_msgs/px4_msgs/msg/detail/estimator_aid_source1d__type_support.c\n'}
[1.723783] (px4_msgs) StdoutLine: {'line': b'-- Up-to-date: /home/px4/ros2/ws/install/px4_msgs/include/px4_msgs/px4_msgs/msg/detail/register_ext_component_request__type_support.c\n'}
[1.723875] (px4_msgs) StdoutLine: {'line': b'-- Up-to-date: /home/px4/ros2/ws/install/px4_msgs/include/px4_msgs/px4_msgs/msg/detail/pps_capture__type_support.c\n'}
[1.724034] (px4_msgs) StdoutLine: {'line': b'-- Up-to-date: /home/px4/ros2/ws/install/px4_msgs/include/px4_msgs/px4_msgs/msg/detail/vtol_vehicle_status__rosidl_typesupport_introspection_c.h\n'}
[1.724096] (px4_msgs) StdoutLine: {'line': b'-- Up-to-date: /home/px4/ros2/ws/install/px4_msgs/include/px4_msgs/px4_msgs/msg/detail/vtol_vehicle_status__type_support.c\n'}
[1.724191] (px4_msgs) StdoutLine: {'line': b'-- Up-to-date: /home/px4/ros2/ws/install/px4_msgs/include/px4_msgs/px4_msgs/msg/detail/sensors_status__type_support.c\n'}
[1.724250] (px4_msgs) StdoutLine: {'line': b'-- Up-to-date: /home/px4/ros2/ws/install/px4_msgs/include/px4_msgs/px4_msgs/msg/detail/airspeed__type_support.c\n'}
[1.724310] (px4_msgs) StdoutLine: {'line': b'-- Up-to-date: /home/px4/ros2/ws/install/px4_msgs/include/px4_msgs/px4_msgs/msg/detail/mission_result__type_support.c\n'}
[1.724368] (px4_msgs) StdoutLine: {'line': b'-- Up-to-date: /home/px4/ros2/ws/install/px4_msgs/include/px4_msgs/px4_msgs/msg/detail/led_control__rosidl_typesupport_introspection_c.h\n'}
[1.724428] (px4_msgs) StdoutLine: {'line': b'-- Up-to-date: /home/px4/ros2/ws/install/px4_msgs/include/px4_msgs/px4_msgs/msg/detail/orb_test_large__rosidl_typesupport_introspection_c.h\n'}
[1.724523] (px4_msgs) StdoutLine: {'line': b'-- Up-to-date: /home/px4/ros2/ws/install/px4_msgs/include/px4_msgs/px4_msgs/msg/detail/debug_value__type_support.c\n'}
[1.724649] (px4_msgs) StdoutLine: {'line': b'-- Up-to-date: /home/px4/ros2/ws/install/px4_msgs/include/px4_msgs/px4_msgs/msg/detail/tiltrotor_extra_controls__type_support.c\n'}
[1.724726] (px4_msgs) StdoutLine: {'line': b'-- Up-to-date: /home/px4/ros2/ws/install/px4_msgs/include/px4_msgs/px4_msgs/msg/detail/estimator_bias3d__rosidl_typesupport_introspection_c.h\n'}
[1.724787] (px4_msgs) StdoutLine: {'line': b'-- Up-to-date: /home/px4/ros2/ws/install/px4_msgs/include/px4_msgs/px4_msgs/msg/detail/manual_control_switches__rosidl_typesupport_introspection_c.h\n'}
[1.724849] (px4_msgs) StdoutLine: {'line': b'-- Up-to-date: /home/px4/ros2/ws/install/px4_msgs/include/px4_msgs/px4_msgs/msg/detail/cpuload__type_support.c\n'}
[1.724946] (px4_msgs) StdoutLine: {'line': b'-- Up-to-date: /home/px4/ros2/ws/install/px4_msgs/include/px4_msgs/px4_msgs/msg/detail/qshell_retval__type_support.c\n'}
[1.725042] (px4_msgs) StdoutLine: {'line': b'-- Up-to-date: /home/px4/ros2/ws/install/px4_msgs/include/px4_msgs/px4_msgs/msg/detail/vehicle_imu_status__rosidl_typesupport_introspection_c.h\n'}
[1.725102] (px4_msgs) StdoutLine: {'line': b'-- Up-to-date: /home/px4/ros2/ws/install/px4_msgs/include/px4_msgs/px4_msgs/msg/detail/transponder_report__type_support.c\n'}
[1.725174] (px4_msgs) StdoutLine: {'line': b'-- Up-to-date: /home/px4/ros2/ws/install/px4_msgs/include/px4_msgs/px4_msgs/msg/detail/internal_combustion_engine_status__rosidl_typesupport_introspection_c.h\n'}
[1.725250] (px4_msgs) StdoutLine: {'line': b'-- Up-to-date: /home/px4/ros2/ws/install/px4_msgs/include/px4_msgs/px4_msgs/msg/detail/action_request__type_support.c\n'}
[1.725344] (px4_msgs) StdoutLine: {'line': b'-- Up-to-date: /home/px4/ros2/ws/install/px4_msgs/include/px4_msgs/px4_msgs/msg/detail/home_position__rosidl_typesupport_introspection_c.h\n'}
[1.725406] (px4_msgs) StdoutLine: {'line': b'-- Up-to-date: /home/px4/ros2/ws/install/px4_msgs/include/px4_msgs/px4_msgs/msg/detail/actuator_armed__type_support.c\n'}
[1.725466] (px4_msgs) StdoutLine: {'line': b'-- Up-to-date: /home/px4/ros2/ws/install/px4_msgs/include/px4_msgs/px4_msgs/msg/detail/config_overrides__type_support.c\n'}
[1.725583] (px4_msgs) StdoutLine: {'line': b'-- Up-to-date: /home/px4/ros2/ws/install/px4_msgs/include/px4_msgs/px4_msgs/msg/detail/rover_rate_status__type_support.c\n'}
[1.725648] (px4_msgs) StdoutLine: {'line': b'-- Up-to-date: /home/px4/ros2/ws/install/px4_msgs/include/px4_msgs/px4_msgs/msg/detail/sensor_uwb__type_support.c\n'}
[1.725711] (px4_msgs) StdoutLine: {'line': b'-- Up-to-date: /home/px4/ros2/ws/install/px4_msgs/include/px4_msgs/px4_msgs/msg/detail/collision_constraints__rosidl_typesupport_introspection_c.h\n'}
[1.725784] (px4_msgs) StdoutLine: {'line': b'-- Up-to-date: /home/px4/ros2/ws/install/px4_msgs/include/px4_msgs/px4_msgs/msg/detail/estimator_status__type_support.c\n'}
[1.725895] (px4_msgs) StdoutLine: {'line': b'-- Up-to-date: /home/px4/ros2/ws/install/px4_msgs/include/px4_msgs/px4_msgs/msg/detail/gps_dump__type_support.c\n'}
[1.725963] (px4_msgs) StdoutLine: {'line': b'-- Up-to-date: /home/px4/ros2/ws/install/px4_msgs/include/px4_msgs/px4_msgs/msg/detail/failsafe_flags__rosidl_typesupport_introspection_c.h\n'}
[1.726023] (px4_msgs) StdoutLine: {'line': b'-- Up-to-date: /home/px4/ros2/ws/install/px4_msgs/include/px4_msgs/px4_msgs/msg/detail/cellular_status__type_support.c\n'}
[1.726159] (px4_msgs) StdoutLine: {'line': b'-- Up-to-date: /home/px4/ros2/ws/install/px4_msgs/include/px4_msgs/px4_msgs/msg/detail/orbit_status__rosidl_typesupport_introspection_c.h\n'}
[1.726226] (px4_msgs) StdoutLine: {'line': b'-- Up-to-date: /home/px4/ros2/ws/install/px4_msgs/include/px4_msgs/px4_msgs/msg/detail/battery_status__type_support.c\n'}
[1.726293] (px4_msgs) StdoutLine: {'line': b'-- Up-to-date: /home/px4/ros2/ws/install/px4_msgs/include/px4_msgs/px4_msgs/msg/detail/vehicle_angular_acceleration_setpoint__type_support.c\n'}
[1.726393] (px4_msgs) StdoutLine: {'line': b'-- Up-to-date: /home/px4/ros2/ws/install/px4_msgs/include/px4_msgs/px4_msgs/msg/detail/px4io_status__type_support.c\n'}
[1.726473] (px4_msgs) StdoutLine: {'line': b'-- Up-to-date: /home/px4/ros2/ws/install/px4_msgs/include/px4_msgs/px4_msgs/msg/detail/telemetry_status__rosidl_typesupport_introspection_c.h\n'}
[1.726562] (px4_msgs) StdoutLine: {'line': b'-- Up-to-date: /home/px4/ros2/ws/install/px4_msgs/include/px4_msgs/px4_msgs/msg/detail/action_request__rosidl_typesupport_introspection_c.h\n'}
[1.726630] (px4_msgs) StdoutLine: {'line': b'-- Up-to-date: /home/px4/ros2/ws/install/px4_msgs/include/px4_msgs/px4_msgs/msg/detail/vehicle_magnetometer__rosidl_typesupport_introspection_c.h\n'}
[1.726690] (px4_msgs) StdoutLine: {'line': b'-- Up-to-date: /home/px4/ros2/ws/install/px4_msgs/include/px4_msgs/px4_msgs/msg/detail/gimbal_controls__type_support.c\n'}
[1.726749] (px4_msgs) StdoutLine: {'line': b'-- Up-to-date: /home/px4/ros2/ws/install/px4_msgs/include/px4_msgs/px4_msgs/msg/detail/tune_control__type_support.c\n'}
[1.726807] (px4_msgs) StdoutLine: {'line': b'-- Up-to-date: /home/px4/ros2/ws/install/px4_msgs/include/px4_msgs/px4_msgs/msg/detail/vehicle_optical_flow__rosidl_typesupport_introspection_c.h\n'}
[1.726867] (px4_msgs) StdoutLine: {'line': b'-- Up-to-date: /home/px4/ros2/ws/install/px4_msgs/include/px4_msgs/px4_msgs/msg/detail/vehicle_attitude_setpoint__rosidl_typesupport_introspection_c.h\n'}
[1.726926] (px4_msgs) StdoutLine: {'line': b'-- Up-to-date: /home/px4/ros2/ws/install/px4_msgs/include/px4_msgs/px4_msgs/msg/detail/fixed_wing_longitudinal_setpoint__rosidl_typesupport_introspection_c.h\n'}
[1.727024] (px4_msgs) StdoutLine: {'line': b'-- Up-to-date: /home/px4/ros2/ws/install/px4_msgs/include/px4_msgs/px4_msgs/msg/detail/distance_sensor_mode_change_request__type_support.c\n'}
[1.727102] (px4_msgs) StdoutLine: {'line': b'-- Up-to-date: /home/px4/ros2/ws/install/px4_msgs/include/px4_msgs/px4_msgs/msg/detail/magnetometer_bias_estimate__type_support.c\n'}
[1.727161] (px4_msgs) StdoutLine: {'line': b'-- Up-to-date: /home/px4/ros2/ws/install/px4_msgs/include/px4_msgs/px4_msgs/msg/detail/vehicle_constraints__type_support.c\n'}
[1.727232] (px4_msgs) StdoutLine: {'line': b'-- Up-to-date: /home/px4/ros2/ws/install/px4_msgs/include/px4_msgs/px4_msgs/msg/detail/irlock_report__type_support.c\n'}
[1.727324] (px4_msgs) StdoutLine: {'line': b'-- Up-to-date: /home/px4/ros2/ws/install/px4_msgs/include/px4_msgs/px4_msgs/msg/detail/vehicle_optical_flow_vel__rosidl_typesupport_introspection_c.h\n'}
[1.727406] (px4_msgs) StdoutLine: {'line': b'-- Up-to-date: /home/px4/ros2/ws/install/px4_msgs/include/px4_msgs/px4_msgs/msg/detail/health_report__rosidl_typesupport_introspection_c.h\n'}
[1.727465] (px4_msgs) StdoutLine: {'line': b'-- Up-to-date: /home/px4/ros2/ws/install/px4_msgs/include/px4_msgs/px4_msgs/msg/detail/sensor_accel__rosidl_typesupport_introspection_c.h\n'}
[1.727624] (px4_msgs) StdoutLine: {'line': b'-- Up-to-date: /home/px4/ros2/ws/install/px4_msgs/include/px4_msgs/px4_msgs/msg/detail/navigator_status__type_support.c\n'}
[1.727691] (px4_msgs) StdoutLine: {'line': b'-- Up-to-date: /home/px4/ros2/ws/install/px4_msgs/include/px4_msgs/px4_msgs/msg/detail/vehicle_attitude_setpoint__type_support.c\n'}
[1.727753] (px4_msgs) StdoutLine: {'line': b'-- Up-to-date: /home/px4/ros2/ws/install/px4_msgs/include/px4_msgs/px4_msgs/msg/detail/telemetry_status__type_support.c\n'}
[1.727814] (px4_msgs) StdoutLine: {'line': b'-- Up-to-date: /home/px4/ros2/ws/install/px4_msgs/include/px4_msgs/px4_msgs/msg/detail/camera_capture__rosidl_typesupport_introspection_c.h\n'}
[1.727873] (px4_msgs) StdoutLine: {'line': b'-- Up-to-date: /home/px4/ros2/ws/install/px4_msgs/include/px4_msgs/px4_msgs/msg/detail/open_drone_id_arm_status__rosidl_typesupport_introspection_c.h\n'}
[1.727933] (px4_msgs) StdoutLine: {'line': b'-- Up-to-date: /home/px4/ros2/ws/install/px4_msgs/include/px4_msgs/px4_msgs/msg/detail/tiltrotor_extra_controls__rosidl_typesupport_introspection_c.h\n'}
[1.728045] (px4_msgs) StdoutLine: {'line': b'-- Up-to-date: /home/px4/ros2/ws/install/px4_msgs/include/px4_msgs/px4_msgs/msg/detail/fuel_tank_status__type_support.c\n'}
[1.728120] (px4_msgs) StdoutLine: {'line': b'-- Up-to-date: /home/px4/ros2/ws/install/px4_msgs/include/px4_msgs/px4_msgs/msg/detail/sensor_combined__rosidl_typesupport_introspection_c.h\n'}
[1.728181] (px4_msgs) StdoutLine: {'line': b'-- Up-to-date: /home/px4/ros2/ws/install/px4_msgs/include/px4_msgs/px4_msgs/msg/detail/ekf2_timestamps__type_support.c\n'}
[1.728241] (px4_msgs) StdoutLine: {'line': b'-- Up-to-date: /home/px4/ros2/ws/install/px4_msgs/include/px4_msgs/px4_msgs/msg/detail/estimator_aid_source3d__type_support.c\n'}
[1.728300] (px4_msgs) StdoutLine: {'line': b'-- Up-to-date: /home/px4/ros2/ws/install/px4_msgs/include/px4_msgs/px4_msgs/msg/detail/estimator_selector_status__rosidl_typesupport_introspection_c.h\n'}
[1.728421] (px4_msgs) StdoutLine: {'line': b'-- Up-to-date: /home/px4/ros2/ws/install/px4_msgs/include/px4_msgs/px4_msgs/msg/detail/fixed_wing_lateral_status__type_support.c\n'}
[1.728532] (px4_msgs) StdoutLine: {'line': b'-- Up-to-date: /home/px4/ros2/ws/install/px4_msgs/include/px4_msgs/px4_msgs/msg/detail/onboard_computer_status__type_support.c\n'}
[1.728622] (px4_msgs) StdoutLine: {'line': b'-- Up-to-date: /home/px4/ros2/ws/install/px4_msgs/include/px4_msgs/px4_msgs/msg/detail/sensors_status_imu__rosidl_typesupport_introspection_c.h\n'}
[1.728683] (px4_msgs) StdoutLine: {'line': b'-- Up-to-date: /home/px4/ros2/ws/install/px4_msgs/include/px4_msgs/px4_msgs/msg/detail/offboard_control_mode__type_support.c\n'}
[1.728743] (px4_msgs) StdoutLine: {'line': b'-- Up-to-date: /home/px4/ros2/ws/install/px4_msgs/include/px4_msgs/px4_msgs/msg/detail/manual_control_switches__type_support.c\n'}
[1.728804] (px4_msgs) StdoutLine: {'line': b'-- Up-to-date: /home/px4/ros2/ws/install/px4_msgs/include/px4_msgs/px4_msgs/msg/detail/message_format_response__type_support.c\n'}
[1.728906] (px4_msgs) StdoutLine: {'line': b'-- Up-to-date: /home/px4/ros2/ws/install/px4_msgs/include/px4_msgs/px4_msgs/msg/detail/estimator_sensor_bias__type_support.c\n'}
[1.728968] (px4_msgs) StdoutLine: {'line': b'-- Up-to-date: /home/px4/ros2/ws/install/px4_msgs/include/px4_msgs/px4_msgs/msg/detail/home_position__type_support.c\n'}
[1.729053] (px4_msgs) StdoutLine: {'line': b'-- Up-to-date: /home/px4/ros2/ws/install/px4_msgs/include/px4_msgs/px4_msgs/msg/detail/gimbal_manager_set_manual_control__rosidl_typesupport_introspection_c.h\n'}
[1.729132] (px4_msgs) StdoutLine: {'line': b'-- Up-to-date: /home/px4/ros2/ws/install/px4_msgs/include/px4_msgs/px4_msgs/msg/detail/estimator_bias3d__type_support.c\n'}
[1.729211] (px4_msgs) StdoutLine: {'line': b'-- Up-to-date: /home/px4/ros2/ws/install/px4_msgs/include/px4_msgs/px4_msgs/msg/detail/actuator_servos__type_support.c\n'}
[1.729288] (px4_msgs) StdoutLine: {'line': b'-- Up-to-date: /home/px4/ros2/ws/install/px4_msgs/include/px4_msgs/px4_msgs/msg/detail/landing_target_pose__type_support.c\n'}
[1.729379] (px4_msgs) StdoutLine: {'line': b'-- Up-to-date: /home/px4/ros2/ws/install/px4_msgs/include/px4_msgs/px4_msgs/msg/detail/button_event__type_support.c\n'}
[1.729441] (px4_msgs) StdoutLine: {'line': b'-- Up-to-date: /home/px4/ros2/ws/install/px4_msgs/include/px4_msgs/px4_msgs/msg/detail/debug_key_value__type_support.c\n'}
[1.729523] (px4_msgs) StdoutLine: {'line': b'-- Up-to-date: /home/px4/ros2/ws/install/px4_msgs/include/px4_msgs/px4_msgs/msg/detail/transponder_report__rosidl_typesupport_introspection_c.h\n'}
[1.729639] (px4_msgs) StdoutLine: {'line': b'-- Up-to-date: /home/px4/ros2/ws/install/px4_msgs/include/px4_msgs/px4_msgs/msg/detail/open_drone_id_operator_id__type_support.c\n'}
[1.729703] (px4_msgs) StdoutLine: {'line': b'-- Up-to-date: /home/px4/ros2/ws/install/px4_msgs/include/px4_msgs/px4_msgs/msg/detail/parameter_update__rosidl_typesupport_introspection_c.h\n'}
[1.729763] (px4_msgs) StdoutLine: {'line': b'-- Up-to-date: /home/px4/ros2/ws/install/px4_msgs/include/px4_msgs/px4_msgs/msg/detail/event__rosidl_typesupport_introspection_c.h\n'}
[1.729822] (px4_msgs) StdoutLine: {'line': b'-- Up-to-date: /home/px4/ros2/ws/install/px4_msgs/include/px4_msgs/px4_msgs/msg/detail/sensor_accel_fifo__type_support.c\n'}
[1.729881] (px4_msgs) StdoutLine: {'line': b'-- Up-to-date: /home/px4/ros2/ws/install/px4_msgs/include/px4_msgs/px4_msgs/msg/detail/sensor_optical_flow__rosidl_typesupport_introspection_c.h\n'}
[1.729940] (px4_msgs) StdoutLine: {'line': b'-- Up-to-date: /home/px4/ros2/ws/install/px4_msgs/include/px4_msgs/px4_msgs/msg/detail/geofence_result__rosidl_typesupport_introspection_c.h\n'}
[1.730102] (px4_msgs) StdoutLine: {'line': b'-- Up-to-date: /home/px4/ros2/ws/install/px4_msgs/include/px4_msgs/px4_msgs/msg/detail/airspeed__rosidl_typesupport_introspection_c.h\n'}
[1.730183] (px4_msgs) StdoutLine: {'line': b'-- Up-to-date: /home/px4/ros2/ws/install/px4_msgs/include/px4_msgs/px4_msgs/msg/detail/generator_status__rosidl_typesupport_introspection_c.h\n'}
[1.730275] (px4_msgs) StdoutLine: {'line': b'-- Up-to-date: /home/px4/ros2/ws/install/px4_msgs/include/px4_msgs/px4_msgs/msg/detail/hover_thrust_estimate__type_support.c\n'}
[1.730337] (px4_msgs) StdoutLine: {'line': b'-- Up-to-date: /home/px4/ros2/ws/install/px4_msgs/include/px4_msgs/px4_msgs/msg/detail/mode_completed__rosidl_typesupport_introspection_c.h\n'}
[1.730396] (px4_msgs) StdoutLine: {'line': b'-- Up-to-date: /home/px4/ros2/ws/install/px4_msgs/include/px4_msgs/px4_msgs/msg/detail/debug_array__rosidl_typesupport_introspection_c.h\n'}
[1.730530] (px4_msgs) StdoutLine: {'line': b'-- Up-to-date: /home/px4/ros2/ws/install/px4_msgs/include/px4_msgs/px4_msgs/msg/detail/arming_check_request__type_support.c\n'}
[1.730607] (px4_msgs) StdoutLine: {'line': b'-- Up-to-date: /home/px4/ros2/ws/install/px4_msgs/include/px4_msgs/px4_msgs/msg/detail/logger_status__rosidl_typesupport_introspection_c.h\n'}
[1.730668] (px4_msgs) StdoutLine: {'line': b'-- Up-to-date: /home/px4/ros2/ws/install/px4_msgs/include/px4_msgs/px4_msgs/msg/detail/gps_dump__rosidl_typesupport_introspection_c.h\n'}
[1.730744] (px4_msgs) StdoutLine: {'line': b'-- Up-to-date: /home/px4/ros2/ws/install/px4_msgs/include/px4_msgs/px4_msgs/msg/detail/actuator_armed__rosidl_typesupport_introspection_c.h\n'}
[1.730855] (px4_msgs) StdoutLine: {'line': b'-- Up-to-date: /home/px4/ros2/ws/install/px4_msgs/include/px4_msgs/px4_msgs/msg/detail/actuator_controls_status__type_support.c\n'}
[1.730923] (px4_msgs) StdoutLine: {'line': b'-- Up-to-date: /home/px4/ros2/ws/install/px4_msgs/include/px4_msgs/px4_msgs/msg/detail/orb_test__rosidl_typesupport_introspection_c.h\n'}
[1.731002] (px4_msgs) StdoutLine: {'line': b'-- Up-to-date: /home/px4/ros2/ws/install/px4_msgs/include/px4_msgs/px4_msgs/msg/detail/vehicle_imu__rosidl_typesupport_introspection_c.h\n'}
[1.731064] (px4_msgs) StdoutLine: {'line': b'-- Up-to-date: /home/px4/ros2/ws/install/px4_msgs/include/px4_msgs/px4_msgs/msg/detail/open_drone_id_system__type_support.c\n'}
[1.731133] (px4_msgs) StdoutLine: {'line': b'-- Up-to-date: /home/px4/ros2/ws/install/px4_msgs/include/px4_msgs/px4_msgs/msg/detail/sensor_correction__type_support.c\n'}
[1.731193] (px4_msgs) StdoutLine: {'line': b'-- Up-to-date: /home/px4/ros2/ws/install/px4_msgs/include/px4_msgs/px4_msgs/msg/detail/vehicle_odometry__type_support.c\n'}
[1.731253] (px4_msgs) StdoutLine: {'line': b'-- Up-to-date: /home/px4/ros2/ws/install/px4_msgs/include/px4_msgs/px4_msgs/msg/detail/hover_thrust_estimate__rosidl_typesupport_introspection_c.h\n'}
[1.731314] (px4_msgs) StdoutLine: {'line': b'-- Up-to-date: /home/px4/ros2/ws/install/px4_msgs/include/px4_msgs/px4_msgs/msg/detail/mission_result__rosidl_typesupport_introspection_c.h\n'}
[1.731429] (px4_msgs) StdoutLine: {'line': b'-- Up-to-date: /home/px4/ros2/ws/install/px4_msgs/include/px4_msgs/px4_msgs/msg/detail/neural_control__rosidl_typesupport_introspection_c.h\n'}
[1.731511] (px4_msgs) StdoutLine: {'line': b'-- Up-to-date: /home/px4/ros2/ws/install/px4_msgs/include/px4_msgs/px4_msgs/msg/detail/rtl_status__type_support.c\n'}
[1.731582] (px4_msgs) StdoutLine: {'line': b'-- Up-to-date: /home/px4/ros2/ws/install/px4_msgs/include/px4_msgs/px4_msgs/msg/detail/navigator_mission_item__type_support.c\n'}
[1.731695] (px4_msgs) StdoutLine: {'line': b'-- Up-to-date: /home/px4/ros2/ws/install/px4_msgs/include/px4_msgs/px4_msgs/msg/detail/dataman_response__type_support.c\n'}
[1.731755] (px4_msgs) StdoutLine: {'line': b'-- Up-to-date: /home/px4/ros2/ws/install/px4_msgs/include/px4_msgs/px4_msgs/msg/detail/rover_attitude_status__type_support.c\n'}
[1.731816] (px4_msgs) StdoutLine: {'line': b'-- Up-to-date: /home/px4/ros2/ws/install/px4_msgs/include/px4_msgs/px4_msgs/msg/detail/arming_check_request__rosidl_typesupport_introspection_c.h\n'}
[1.731875] (px4_msgs) StdoutLine: {'line': b'-- Up-to-date: /home/px4/ros2/ws/install/px4_msgs/include/px4_msgs/px4_msgs/msg/detail/follow_target__type_support.c\n'}
[1.731985] (px4_msgs) StdoutLine: {'line': b'-- Up-to-date: /home/px4/ros2/ws/install/px4_msgs/include/px4_msgs/px4_msgs/msg/detail/estimator_aid_source2d__rosidl_typesupport_introspection_c.h\n'}
[1.732105] (px4_msgs) StdoutLine: {'line': b'-- Up-to-date: /home/px4/ros2/ws/install/px4_msgs/include/px4_msgs/px4_msgs/msg/detail/landing_gear_wheel__type_support.c\n'}
[1.732166] (px4_msgs) StdoutLine: {'line': b'-- Up-to-date: /home/px4/ros2/ws/install/px4_msgs/include/px4_msgs/px4_msgs/msg/detail/radio_status__type_support.c\n'}
[1.732259] (px4_msgs) StdoutLine: {'line': b'-- Up-to-date: /home/px4/ros2/ws/install/px4_msgs/include/px4_msgs/px4_msgs/msg/detail/gripper__rosidl_typesupport_introspection_c.h\n'}
[1.732320] (px4_msgs) StdoutLine: {'line': b'-- Up-to-date: /home/px4/ros2/ws/install/px4_msgs/include/px4_msgs/px4_msgs/msg/detail/rover_rate_setpoint__type_support.c\n'}
[1.732410] (px4_msgs) StdoutLine: {'line': b'-- Up-to-date: /home/px4/ros2/ws/install/px4_msgs/include/px4_msgs/px4_msgs/msg/detail/sensor_gyro_fft__rosidl_typesupport_introspection_c.h\n'}
[1.732512] (px4_msgs) StdoutLine: {'line': b'-- Up-to-date: /home/px4/ros2/ws/install/px4_msgs/include/px4_msgs/px4_msgs/msg/detail/battery_info__rosidl_typesupport_introspection_c.h\n'}
[1.732609] (px4_msgs) StdoutLine: {'line': b'-- Up-to-date: /home/px4/ros2/ws/install/px4_msgs/include/px4_msgs/px4_msgs/msg/detail/actuator_test__rosidl_typesupport_introspection_c.h\n'}
[1.732709] (px4_msgs) StdoutLine: {'line': b'-- Up-to-date: /home/px4/ros2/ws/install/px4_msgs/include/px4_msgs/px4_msgs/msg/detail/sensor_gyro__rosidl_typesupport_introspection_c.h\n'}
[1.732790] (px4_msgs) StdoutLine: {'line': b'-- Up-to-date: /home/px4/ros2/ws/install/px4_msgs/include/px4_msgs/px4_msgs/msg/detail/rc_parameter_map__rosidl_typesupport_introspection_c.h\n'}
[1.732851] (px4_msgs) StdoutLine: {'line': b'-- Up-to-date: /home/px4/ros2/ws/install/px4_msgs/include/px4_msgs/px4_msgs/msg/detail/power_button_state__type_support.c\n'}
[1.732953] (px4_msgs) StdoutLine: {'line': b'-- Up-to-date: /home/px4/ros2/ws/install/px4_msgs/include/px4_msgs/px4_msgs/msg/detail/tecs_status__type_support.c\n'}
[1.733039] (px4_msgs) StdoutLine: {'line': b'-- Up-to-date: /home/px4/ros2/ws/install/px4_msgs/include/px4_msgs/px4_msgs/msg/detail/rc_parameter_map__type_support.c\n'}
[1.733102] (px4_msgs) StdoutLine: {'line': b'-- Up-to-date: /home/px4/ros2/ws/install/px4_msgs/include/px4_msgs/px4_msgs/msg/detail/geofence_result__type_support.c\n'}
[1.733167] (px4_msgs) StdoutLine: {'line': b'-- Up-to-date: /home/px4/ros2/ws/install/px4_msgs/include/px4_msgs/px4_msgs/msg/detail/airspeed_validated__rosidl_typesupport_introspection_c.h\n'}
[1.733273] (px4_msgs) StdoutLine: {'line': b'-- Up-to-date: /home/px4/ros2/ws/install/px4_msgs/include/px4_msgs/px4_msgs/msg/detail/open_drone_id_arm_status__type_support.c\n'}
[1.733352] (px4_msgs) StdoutLine: {'line': b'-- Up-to-date: /home/px4/ros2/ws/install/px4_msgs/include/px4_msgs/px4_msgs/msg/detail/vehicle_command__type_support.c\n'}
[1.733435] (px4_msgs) StdoutLine: {'line': b'-- Up-to-date: /home/px4/ros2/ws/install/px4_msgs/include/px4_msgs/px4_msgs/msg/detail/actuator_servos_trim__type_support.c\n'}
[1.733525] (px4_msgs) StdoutLine: {'line': b'-- Up-to-date: /home/px4/ros2/ws/install/px4_msgs/include/px4_msgs/px4_msgs/msg/detail/pwm_input__rosidl_typesupport_introspection_c.h\n'}
[1.733637] (px4_msgs) StdoutLine: {'line': b'-- Up-to-date: /home/px4/ros2/ws/install/px4_msgs/include/px4_msgs/px4_msgs/msg/detail/longitudinal_control_configuration__type_support.c\n'}
[1.733698] (px4_msgs) StdoutLine: {'line': b'-- Up-to-date: /home/px4/ros2/ws/install/px4_msgs/include/px4_msgs/px4_msgs/msg/detail/vehicle_roi__type_support.c\n'}
[1.733758] (px4_msgs) StdoutLine: {'line': b'-- Up-to-date: /home/px4/ros2/ws/install/px4_msgs/include/px4_msgs/px4_msgs/msg/detail/rc_channels__type_support.c\n'}
[1.733817] (px4_msgs) StdoutLine: {'line': b'-- Up-to-date: /home/px4/ros2/ws/install/px4_msgs/include/px4_msgs/px4_msgs/msg/detail/gpio_in__type_support.c\n'}
[1.733879] (px4_msgs) StdoutLine: {'line': b'-- Up-to-date: /home/px4/ros2/ws/install/px4_msgs/include/px4_msgs/px4_msgs/msg/detail/vehicle_local_position__type_support.c\n'}
[1.734003] (px4_msgs) StdoutLine: {'line': b'-- Up-to-date: /home/px4/ros2/ws/install/px4_msgs/include/px4_msgs/px4_msgs/msg/detail/sensor_hygrometer__type_support.c\n'}
[1.734077] (px4_msgs) StdoutLine: {'line': b'-- Up-to-date: /home/px4/ros2/ws/install/px4_msgs/include/px4_msgs/px4_msgs/msg/detail/qshell_req__type_support.c\n'}
[1.734136] (px4_msgs) StdoutLine: {'line': b'-- Up-to-date: /home/px4/ros2/ws/install/px4_msgs/include/px4_msgs/px4_msgs/msg/detail/adc_report__type_support.c\n'}
[1.734267] (px4_msgs) StdoutLine: {'line': b'-- Up-to-date: /home/px4/ros2/ws/install/px4_msgs/include/px4_msgs/px4_msgs/msg/detail/estimator_status__rosidl_typesupport_introspection_c.h\n'}
[1.734343] (px4_msgs) StdoutLine: {'line': b'-- Up-to-date: /home/px4/ros2/ws/install/px4_msgs/include/px4_msgs/px4_msgs/msg/detail/yaw_estimator_status__type_support.c\n'}
[1.734404] (px4_msgs) StdoutLine: {'line': b'-- Up-to-date: /home/px4/ros2/ws/install/px4_msgs/include/px4_msgs/px4_msgs/msg/detail/vehicle_global_position__rosidl_typesupport_introspection_c.h\n'}
[1.734501] (px4_msgs) StdoutLine: {'line': b'-- Up-to-date: /home/px4/ros2/ws/install/px4_msgs/include/px4_msgs/px4_msgs/msg/detail/battery_status__rosidl_typesupport_introspection_c.h\n'}
[1.734634] (px4_msgs) StdoutLine: {'line': b'-- Up-to-date: /home/px4/ros2/ws/install/px4_msgs/include/px4_msgs/px4_msgs/msg/detail/parameter_set_value_request__rosidl_typesupport_introspection_c.h\n'}
[1.734725] (px4_msgs) StdoutLine: {'line': b'-- Up-to-date: /home/px4/ros2/ws/install/px4_msgs/include/px4_msgs/px4_msgs/msg/detail/gpio_out__rosidl_typesupport_introspection_c.h\n'}
[1.734790] (px4_msgs) StdoutLine: {'line': b'-- Up-to-date: /home/px4/ros2/ws/install/px4_msgs/include/px4_msgs/px4_msgs/msg/detail/failure_detector_status__type_support.c\n'}
[1.734851] (px4_msgs) StdoutLine: {'line': b'-- Up-to-date: /home/px4/ros2/ws/install/px4_msgs/include/px4_msgs/px4_msgs/msg/detail/vehicle_torque_setpoint__type_support.c\n'}
[1.734922] (px4_msgs) StdoutLine: {'line': b'-- Up-to-date: /home/px4/ros2/ws/install/px4_msgs/include/px4_msgs/px4_msgs/msg/detail/rpm__rosidl_typesupport_introspection_c.h\n'}
[1.734984] (px4_msgs) StdoutLine: {'line': b'-- Up-to-date: /home/px4/ros2/ws/install/px4_msgs/include/px4_msgs/px4_msgs/msg/detail/rover_attitude_setpoint__rosidl_typesupport_introspection_c.h\n'}
[1.735043] (px4_msgs) StdoutLine: {'line': b'-- Up-to-date: /home/px4/ros2/ws/install/px4_msgs/include/px4_msgs/px4_msgs/msg/detail/airspeed_wind__rosidl_typesupport_introspection_c.h\n'}
[1.735103] (px4_msgs) StdoutLine: {'line': b'-- Up-to-date: /home/px4/ros2/ws/install/px4_msgs/include/px4_msgs/px4_msgs/msg/detail/vehicle_control_mode__rosidl_typesupport_introspection_c.h\n'}
[1.735178] (px4_msgs) StdoutLine: {'line': b'-- Up-to-date: /home/px4/ros2/ws/install/px4_msgs/include/px4_msgs/px4_msgs/msg/detail/vehicle_magnetometer__type_support.c\n'}
[1.735273] (px4_msgs) StdoutLine: {'line': b'-- Up-to-date: /home/px4/ros2/ws/install/px4_msgs/include/px4_msgs/px4_msgs/msg/detail/mavlink_log__rosidl_typesupport_introspection_c.h\n'}
[1.735334] (px4_msgs) StdoutLine: {'line': b'-- Up-to-date: /home/px4/ros2/ws/install/px4_msgs/include/px4_msgs/px4_msgs/msg/detail/actuator_outputs__rosidl_typesupport_introspection_c.h\n'}
[1.735419] (px4_msgs) StdoutLine: {'line': b'-- Up-to-date: /home/px4/ros2/ws/install/px4_msgs/include/px4_msgs/px4_msgs/msg/detail/vehicle_status__type_support.c\n'}
[1.735532] (px4_msgs) StdoutLine: {'line': b'-- Up-to-date: /home/px4/ros2/ws/install/px4_msgs/include/px4_msgs/px4_msgs/msg/detail/actuator_servos_trim__rosidl_typesupport_introspection_c.h\n'}
[1.735618] (px4_msgs) StdoutLine: {'line': b'-- Up-to-date: /home/px4/ros2/ws/install/px4_msgs/include/px4_msgs/px4_msgs/msg/detail/message_format_request__rosidl_typesupport_introspection_c.h\n'}
[1.735709] (px4_msgs) StdoutLine: {'line': b'-- Up-to-date: /home/px4/ros2/ws/install/px4_msgs/include/px4_msgs/px4_msgs/msg/detail/estimator_status_flags__type_support.c\n'}
[1.735787] (px4_msgs) StdoutLine: {'line': b'-- Up-to-date: /home/px4/ros2/ws/install/px4_msgs/include/px4_msgs/px4_msgs/msg/detail/onboard_computer_status__rosidl_typesupport_introspection_c.h\n'}
[1.735866] (px4_msgs) StdoutLine: {'line': b'-- Up-to-date: /home/px4/ros2/ws/install/px4_msgs/include/px4_msgs/px4_msgs/msg/detail/gimbal_device_information__rosidl_typesupport_introspection_c.h\n'}
[1.735942] (px4_msgs) StdoutLine: {'line': b'-- Up-to-date: /home/px4/ros2/ws/install/px4_msgs/include/px4_msgs/px4_msgs/msg/detail/gimbal_manager_information__rosidl_typesupport_introspection_c.h\n'}
[1.736046] (px4_msgs) StdoutLine: {'line': b'-- Up-to-date: /home/px4/ros2/ws/install/px4_msgs/include/px4_msgs/px4_msgs/msg/detail/sensor_gyro__type_support.c\n'}
[1.736108] (px4_msgs) StdoutLine: {'line': b'-- Up-to-date: /home/px4/ros2/ws/install/px4_msgs/include/px4_msgs/px4_msgs/msg/detail/cpuload__rosidl_typesupport_introspection_c.h\n'}
[1.736181] (px4_msgs) StdoutLine: {'line': b'-- Up-to-date: /home/px4/ros2/ws/install/px4_msgs/include/px4_msgs/px4_msgs/msg/detail/gpio_config__rosidl_typesupport_introspection_c.h\n'}
[1.736241] (px4_msgs) StdoutLine: {'line': b'-- Up-to-date: /home/px4/ros2/ws/install/px4_msgs/include/px4_msgs/px4_msgs/msg/detail/rover_velocity_status__rosidl_typesupport_introspection_c.h\n'}
[1.736333] (px4_msgs) StdoutLine: {'line': b'-- Up-to-date: /home/px4/ros2/ws/install/px4_msgs/include/px4_msgs/px4_msgs/msg/detail/open_drone_id_self_id__type_support.c\n'}
[1.736394] (px4_msgs) StdoutLine: {'line': b'-- Up-to-date: /home/px4/ros2/ws/install/px4_msgs/include/px4_msgs/px4_msgs/msg/detail/orbit_status__type_support.c\n'}
[1.736455] (px4_msgs) StdoutLine: {'line': b'-- Up-to-date: /home/px4/ros2/ws/install/px4_msgs/include/px4_msgs/px4_msgs/msg/detail/iridiumsbd_status__rosidl_typesupport_introspection_c.h\n'}
[1.736538] (px4_msgs) StdoutLine: {'line': b'-- Up-to-date: /home/px4/ros2/ws/install/px4_msgs/include/px4_msgs/px4_msgs/msg/detail/heater_status__rosidl_typesupport_introspection_c.h\n'}
[1.736654] (px4_msgs) StdoutLine: {'line': b'-- Up-to-date: /home/px4/ros2/ws/install/px4_msgs/include/px4_msgs/px4_msgs/msg/detail/gimbal_device_set_attitude__rosidl_typesupport_introspection_c.h\n'}
[1.736717] (px4_msgs) StdoutLine: {'line': b'-- Up-to-date: /home/px4/ros2/ws/install/px4_msgs/include/px4_msgs/px4_msgs/msg/detail/velocity_limits__rosidl_typesupport_introspection_c.h\n'}
[1.736777] (px4_msgs) StdoutLine: {'line': b'-- Up-to-date: /home/px4/ros2/ws/install/px4_msgs/include/px4_msgs/px4_msgs/msg/detail/mavlink_tunnel__rosidl_typesupport_introspection_c.h\n'}
[1.736838] (px4_msgs) StdoutLine: {'line': b'-- Up-to-date: /home/px4/ros2/ws/install/px4_msgs/include/px4_msgs/px4_msgs/msg/detail/actuator_test__type_support.c\n'}
[1.736937] (px4_msgs) StdoutLine: {'line': b'-- Up-to-date: /home/px4/ros2/ws/install/px4_msgs/include/px4_msgs/px4_msgs/msg/detail/esc_status__type_support.c\n'}
[1.737005] (px4_msgs) StdoutLine: {'line': b'-- Up-to-date: /home/px4/ros2/ws/install/px4_msgs/include/px4_msgs/px4_msgs/msg/detail/flight_phase_estimation__type_support.c\n'}
[1.737065] (px4_msgs) StdoutLine: {'line': b'-- Up-to-date: /home/px4/ros2/ws/install/px4_msgs/include/px4_msgs/px4_msgs/msg/detail/differential_pressure__type_support.c\n'}
[1.737125] (px4_msgs) StdoutLine: {'line': b'-- Up-to-date: /home/px4/ros2/ws/install/px4_msgs/include/px4_msgs/px4_msgs/msg/detail/uavcan_parameter_request__rosidl_typesupport_introspection_c.h\n'}
[1.737188] (px4_msgs) StdoutLine: {'line': b'-- Up-to-date: /home/px4/ros2/ws/install/px4_msgs/include/px4_msgs/px4_msgs/msg/detail/vehicle_imu__type_support.c\n'}
[1.737247] (px4_msgs) StdoutLine: {'line': b'-- Up-to-date: /home/px4/ros2/ws/install/px4_msgs/include/px4_msgs/px4_msgs/msg/detail/sensor_gyro_fft__type_support.c\n'}
[1.737306] (px4_msgs) StdoutLine: {'line': b'-- Up-to-date: /home/px4/ros2/ws/install/px4_msgs/include/px4_msgs/px4_msgs/msg/detail/power_monitor__type_support.c\n'}
[1.737364] (px4_msgs) StdoutLine: {'line': b'-- Up-to-date: /home/px4/ros2/ws/install/px4_msgs/include/px4_msgs/px4_msgs/msg/detail/failsafe_flags__type_support.c\n'}
[1.737423] (px4_msgs) StdoutLine: {'line': b'-- Up-to-date: /home/px4/ros2/ws/install/px4_msgs/include/px4_msgs/px4_msgs/msg/detail/can_interface_status__type_support.c\n'}
[1.737524] (px4_msgs) StdoutLine: {'line': b'-- Up-to-date: /home/px4/ros2/ws/install/px4_msgs/include/px4_msgs/px4_msgs/msg/detail/button_event__rosidl_typesupport_introspection_c.h\n'}
[1.737653] (px4_msgs) StdoutLine: {'line': b'-- Up-to-date: /home/px4/ros2/ws/install/px4_msgs/include/px4_msgs/px4_msgs/msg/detail/vehicle_land_detected__rosidl_typesupport_introspection_c.h\n'}
[1.737769] (px4_msgs) StdoutLine: {'line': b'-- Up-to-date: /home/px4/ros2/ws/install/px4_msgs/include/px4_msgs/px4_msgs/msg/detail/estimator_innovations__rosidl_typesupport_introspection_c.h\n'}
[1.737854] (px4_msgs) StdoutLine: {'line': b'-- Up-to-date: /home/px4/ros2/ws/install/px4_msgs/include/px4_msgs/px4_msgs/msg/detail/parameter_set_used_request__type_support.c\n'}
[1.737914] (px4_msgs) StdoutLine: {'line': b'-- Up-to-date: /home/px4/ros2/ws/install/px4_msgs/include/px4_msgs/px4_msgs/msg/detail/manual_control_setpoint__type_support.c\n'}
[1.737974] (px4_msgs) StdoutLine: {'line': b'-- Up-to-date: /home/px4/ros2/ws/install/px4_msgs/include/px4_msgs/px4_msgs/msg/detail/estimator_gps_status__type_support.c\n'}
[1.738086] (px4_msgs) StdoutLine: {'line': b'-- Up-to-date: /home/px4/ros2/ws/install/px4_msgs/include/px4_msgs/px4_msgs/msg/detail/uavcan_parameter_request__type_support.c\n'}
[1.738164] (px4_msgs) StdoutLine: {'line': b'-- Up-to-date: /home/px4/ros2/ws/install/px4_msgs/include/px4_msgs/px4_msgs/msg/detail/sensor_gnss_relative__type_support.c\n'}
[1.738224] (px4_msgs) StdoutLine: {'line': b'-- Up-to-date: /home/px4/ros2/ws/install/px4_msgs/include/px4_msgs/px4_msgs/msg/detail/fixed_wing_lateral_setpoint__rosidl_typesupport_introspection_c.h\n'}
[1.738284] (px4_msgs) StdoutLine: {'line': b'-- Up-to-date: /home/px4/ros2/ws/install/px4_msgs/include/px4_msgs/px4_msgs/msg/detail/gps_inject_data__rosidl_typesupport_introspection_c.h\n'}
[1.738369] (px4_msgs) StdoutLine: {'line': b'-- Up-to-date: /home/px4/ros2/ws/install/px4_msgs/include/px4_msgs/px4_msgs/msg/detail/sensor_selection__type_support.c\n'}
[1.738433] (px4_msgs) StdoutLine: {'line': b'-- Up-to-date: /home/px4/ros2/ws/install/px4_msgs/include/px4_msgs/px4_msgs/msg/detail/actuator_motors__rosidl_typesupport_introspection_c.h\n'}
[1.738541] (px4_msgs) StdoutLine: {'line': b'-- Up-to-date: /home/px4/ros2/ws/install/px4_msgs/include/px4_msgs/px4_msgs/msg/detail/mission__rosidl_typesupport_introspection_c.h\n'}
[1.738663] (px4_msgs) StdoutLine: {'line': b'-- Up-to-date: /home/px4/ros2/ws/install/px4_msgs/include/px4_msgs/px4_msgs/msg/detail/parameter_reset_request__type_support.c\n'}
[1.738731] (px4_msgs) StdoutLine: {'line': b'-- Up-to-date: /home/px4/ros2/ws/install/px4_msgs/include/px4_msgs/px4_msgs/msg/detail/esc_report__rosidl_typesupport_introspection_c.h\n'}
[1.738792] (px4_msgs) StdoutLine: {'line': b'-- Up-to-date: /home/px4/ros2/ws/install/px4_msgs/include/px4_msgs/px4_msgs/msg/detail/position_setpoint__rosidl_typesupport_introspection_c.h\n'}
[1.738852] (px4_msgs) StdoutLine: {'line': b'-- Up-to-date: /home/px4/ros2/ws/install/px4_msgs/include/px4_msgs/px4_msgs/msg/detail/rpm__type_support.c\n'}
[1.738968] (px4_msgs) StdoutLine: {'line': b'-- Up-to-date: /home/px4/ros2/ws/install/px4_msgs/include/px4_msgs/px4_msgs/msg/detail/camera_status__type_support.c\n'}
[1.739043] (px4_msgs) StdoutLine: {'line': b'-- Up-to-date: /home/px4/ros2/ws/install/px4_msgs/include/px4_msgs/px4_msgs/msg/detail/rover_velocity_setpoint__type_support.c\n'}
[1.739120] (px4_msgs) StdoutLine: {'line': b'-- Up-to-date: /home/px4/ros2/ws/install/px4_msgs/include/px4_msgs/px4_msgs/msg/detail/pure_pursuit_status__rosidl_typesupport_introspection_c.h\n'}
[1.739199] (px4_msgs) StdoutLine: {'line': b'-- Up-to-date: /home/px4/ros2/ws/install/px4_msgs/include/px4_msgs/px4_msgs/msg/detail/magnetometer_bias_estimate__rosidl_typesupport_introspection_c.h\n'}
[1.739293] (px4_msgs) StdoutLine: {'line': b'-- Up-to-date: /home/px4/ros2/ws/install/px4_msgs/include/px4_msgs/px4_msgs/msg/detail/ulog_stream_ack__type_support.c\n'}
[1.739356] (px4_msgs) StdoutLine: {'line': b'-- Up-to-date: /home/px4/ros2/ws/install/px4_msgs/include/px4_msgs/px4_msgs/msg/detail/estimator_aid_source1d__rosidl_typesupport_introspection_c.h\n'}
[1.739424] (px4_msgs) StdoutLine: {'line': b'-- Up-to-date: /home/px4/ros2/ws/install/px4_msgs/include/px4_msgs/px4_msgs/msg/detail/estimator_selector_status__type_support.c\n'}
[1.739536] (px4_msgs) StdoutLine: {'line': b'-- Up-to-date: /home/px4/ros2/ws/install/px4_msgs/include/px4_msgs/px4_msgs/msg/detail/collision_constraints__type_support.c\n'}
[1.739627] (px4_msgs) StdoutLine: {'line': b'-- Up-to-date: /home/px4/ros2/ws/install/px4_msgs/include/px4_msgs/px4_msgs/msg/detail/dronecan_node_status__rosidl_typesupport_introspection_c.h\n'}
[1.739705] (px4_msgs) StdoutLine: {'line': b'-- Up-to-date: /home/px4/ros2/ws/install/px4_msgs/include/px4_msgs/px4_msgs/msg/detail/dataman_request__rosidl_typesupport_introspection_c.h\n'}
[1.739788] (px4_msgs) StdoutLine: {'line': b'-- Up-to-date: /home/px4/ros2/ws/install/px4_msgs/include/px4_msgs/px4_msgs/msg/detail/figure_eight_status__rosidl_typesupport_introspection_c.h\n'}
[1.739866] (px4_msgs) StdoutLine: {'line': b'-- Up-to-date: /home/px4/ros2/ws/install/px4_msgs/include/px4_msgs/px4_msgs/msg/detail/vehicle_local_position_setpoint__type_support.c\n'}
[1.739938] (px4_msgs) StdoutLine: {'line': b'-- Up-to-date: /home/px4/ros2/ws/install/px4_msgs/include/px4_msgs/px4_msgs/msg/detail/sensor_accel__type_support.c\n'}
[1.740093] (px4_msgs) StdoutLine: {'line': b'-- Up-to-date: /home/px4/ros2/ws/install/px4_msgs/include/px4_msgs/px4_msgs/msg/detail/message_format_request__type_support.c\n'}
[1.740195] (px4_msgs) StdoutLine: {'line': b'-- Up-to-date: /home/px4/ros2/ws/install/px4_msgs/include/px4_msgs/px4_msgs/msg/detail/arming_check_reply__type_support.c\n'}
[1.740259] (px4_msgs) StdoutLine: {'line': b'-- Up-to-date: /home/px4/ros2/ws/install/px4_msgs/include/px4_msgs/px4_msgs/msg/detail/ulog_stream_ack__rosidl_typesupport_introspection_c.h\n'}
[1.740329] (px4_msgs) StdoutLine: {'line': b'-- Up-to-date: /home/px4/ros2/ws/install/px4_msgs/include/px4_msgs/px4_msgs/msg/detail/vehicle_constraints__rosidl_typesupport_introspection_c.h\n'}
[1.740391] (px4_msgs) StdoutLine: {'line': b'-- Up-to-date: /home/px4/ros2/ws/install/px4_msgs/include/px4_msgs/px4_msgs/msg/detail/rc_channels__rosidl_typesupport_introspection_c.h\n'}
[1.740453] (px4_msgs) StdoutLine: {'line': b'-- Up-to-date: /home/px4/ros2/ws/install/px4_msgs/include/px4_msgs/px4_msgs/msg/detail/lateral_control_configuration__rosidl_typesupport_introspection_c.h\n'}
[1.740564] (px4_msgs) StdoutLine: {'line': b'-- Up-to-date: /home/px4/ros2/ws/install/px4_msgs/include/px4_msgs/px4_msgs/msg/detail/battery_info__type_support.c\n'}
[1.740656] (px4_msgs) StdoutLine: {'line': b'-- Up-to-date: /home/px4/ros2/ws/install/px4_msgs/include/px4_msgs/px4_msgs/msg/detail/vehicle_attitude__rosidl_typesupport_introspection_c.h\n'}
[1.740751] (px4_msgs) StdoutLine: {'line': b'-- Up-to-date: /home/px4/ros2/ws/install/px4_msgs/include/px4_msgs/px4_msgs/msg/detail/differential_pressure__rosidl_typesupport_introspection_c.h\n'}
[1.740818] (px4_msgs) StdoutLine: {'line': b'-- Up-to-date: /home/px4/ros2/ws/install/px4_msgs/include/px4_msgs/px4_msgs/msg/detail/position_setpoint_triplet__rosidl_typesupport_introspection_c.h\n'}
[1.740910] (px4_msgs) StdoutLine: {'line': b'-- Up-to-date: /home/px4/ros2/ws/install/px4_msgs/include/px4_msgs/px4_msgs/msg/detail/register_ext_component_reply__rosidl_typesupport_introspection_c.h\n'}
[1.741032] (px4_msgs) StdoutLine: {'line': b'-- Up-to-date: /home/px4/ros2/ws/install/px4_msgs/include/px4_msgs/px4_msgs/msg/detail/parameter_reset_request__rosidl_typesupport_introspection_c.h\n'}
[1.741098] (px4_msgs) StdoutLine: {'line': b'-- Up-to-date: /home/px4/ros2/ws/install/px4_msgs/include/px4_msgs/px4_msgs/msg/detail/gpio_request__rosidl_typesupport_introspection_c.h\n'}
[1.741181] (px4_msgs) StdoutLine: {'line': b'-- Up-to-date: /home/px4/ros2/ws/install/px4_msgs/include/px4_msgs/px4_msgs/msg/detail/mission__type_support.c\n'}
[1.741261] (px4_msgs) StdoutLine: {'line': b'-- Up-to-date: /home/px4/ros2/ws/install/px4_msgs/include/px4_msgs/px4_msgs/msg/detail/estimator_sensor_bias__rosidl_typesupport_introspection_c.h\n'}
[1.741338] (px4_msgs) StdoutLine: {'line': b'-- Up-to-date: /home/px4/ros2/ws/install/px4_msgs/include/px4_msgs/px4_msgs/msg/detail/iridiumsbd_status__type_support.c\n'}
[1.741417] (px4_msgs) StdoutLine: {'line': b'-- Up-to-date: /home/px4/ros2/ws/install/px4_msgs/include/px4_msgs/px4_msgs/msg/detail/estimator_aid_source3d__rosidl_typesupport_introspection_c.h\n'}
[1.741505] (px4_msgs) StdoutLine: {'line': b'-- Up-to-date: /home/px4/ros2/ws/install/px4_msgs/include/px4_msgs/px4_msgs/msg/detail/camera_status__rosidl_typesupport_introspection_c.h\n'}
[1.741608] (px4_msgs) StdoutLine: {'line': b'-- Up-to-date: /home/px4/ros2/ws/install/px4_msgs/include/px4_msgs/px4_msgs/msg/detail/camera_capture__type_support.c\n'}
[1.741672] (px4_msgs) StdoutLine: {'line': b'-- Up-to-date: /home/px4/ros2/ws/install/px4_msgs/include/px4_msgs/px4_msgs/msg/detail/mavlink_tunnel__type_support.c\n'}
[1.741732] (px4_msgs) StdoutLine: {'line': b'-- Up-to-date: /home/px4/ros2/ws/install/px4_msgs/include/px4_msgs/px4_msgs/msg/detail/actuator_outputs__type_support.c\n'}
[1.741820] (px4_msgs) StdoutLine: {'line': b'-- Up-to-date: /home/px4/ros2/ws/install/px4_msgs/include/px4_msgs/px4_msgs/msg/detail/vehicle_roi__rosidl_typesupport_introspection_c.h\n'}
[1.741897] (px4_msgs) StdoutLine: {'line': b'-- Up-to-date: /home/px4/ros2/ws/install/px4_msgs/include/px4_msgs/px4_msgs/msg/detail/fixed_wing_longitudinal_setpoint__type_support.c\n'}
[1.741974] (px4_msgs) StdoutLine: {'line': b'-- Up-to-date: /home/px4/ros2/ws/install/px4_msgs/include/px4_msgs/px4_msgs/msg/detail/actuator_motors__type_support.c\n'}
[1.742059] (px4_msgs) StdoutLine: {'line': b'-- Up-to-date: /home/px4/ros2/ws/install/px4_msgs/include/px4_msgs/px4_msgs/msg/detail/ping__rosidl_typesupport_introspection_c.h\n'}
[1.742154] (px4_msgs) StdoutLine: {'line': b'-- Up-to-date: /home/px4/ros2/ws/install/px4_msgs/include/px4_msgs/px4_msgs/msg/detail/parameter_set_value_response__type_support.c\n'}
[1.742231] (px4_msgs) StdoutLine: {'line': b'-- Up-to-date: /home/px4/ros2/ws/install/px4_msgs/include/px4_msgs/px4_msgs/msg/detail/rover_velocity_status__type_support.c\n'}
[1.742319] (px4_msgs) StdoutLine: {'line': b'-- Up-to-date: /home/px4/ros2/ws/install/px4_msgs/include/px4_msgs/px4_msgs/msg/detail/gimbal_device_set_attitude__type_support.c\n'}
[1.742395] (px4_msgs) StdoutLine: {'line': b'-- Up-to-date: /home/px4/ros2/ws/install/px4_msgs/include/px4_msgs/px4_msgs/msg/detail/rover_position_setpoint__type_support.c\n'}
[1.742472] (px4_msgs) StdoutLine: {'line': b'-- Up-to-date: /home/px4/ros2/ws/install/px4_msgs/include/px4_msgs/px4_msgs/msg/detail/message_format_response__rosidl_typesupport_introspection_c.h\n'}
[1.742602] (px4_msgs) StdoutLine: {'line': b'-- Up-to-date: /home/px4/ros2/ws/install/px4_msgs/include/px4_msgs/px4_msgs/msg/detail/parameter_set_used_request__rosidl_typesupport_introspection_c.h\n'}
[1.742676] (px4_msgs) StdoutLine: {'line': b'-- Up-to-date: /home/px4/ros2/ws/install/px4_msgs/include/px4_msgs/px4_msgs/msg/detail/estimator_event_flags__rosidl_typesupport_introspection_c.h\n'}
[1.742740] (px4_msgs) StdoutLine: {'line': b'-- Up-to-date: /home/px4/ros2/ws/install/px4_msgs/include/px4_msgs/px4_msgs/msg/detail/position_controller_status__rosidl_typesupport_introspection_c.h\n'}
[1.742801] (px4_msgs) StdoutLine: {'line': b'-- Up-to-date: /home/px4/ros2/ws/install/px4_msgs/include/px4_msgs/px4_msgs/msg/detail/fuel_tank_status__rosidl_typesupport_introspection_c.h\n'}
[1.742863] (px4_msgs) StdoutLine: {'line': b'-- Up-to-date: /home/px4/ros2/ws/install/px4_msgs/include/px4_msgs/px4_msgs/msg/detail/timesync_status__type_support.c\n'}
[1.742953] (px4_msgs) StdoutLine: {'line': b'-- Up-to-date: /home/px4/ros2/ws/install/px4_msgs/include/px4_msgs/px4_msgs/msg/detail/gpio_out__type_support.c\n'}
[1.743014] (px4_msgs) StdoutLine: {'line': b'-- Up-to-date: /home/px4/ros2/ws/install/px4_msgs/include/px4_msgs/px4_msgs/msg/detail/orb_test__type_support.c\n'}
[1.743073] (px4_msgs) StdoutLine: {'line': b'-- Up-to-date: /home/px4/ros2/ws/install/px4_msgs/include/px4_msgs/px4_msgs/msg/detail/qshell_retval__rosidl_typesupport_introspection_c.h\n'}
[1.743148] (px4_msgs) StdoutLine: {'line': b'-- Up-to-date: /home/px4/ros2/ws/install/px4_msgs/include/px4_msgs/px4_msgs/msg/detail/ekf2_timestamps__rosidl_typesupport_introspection_c.h\n'}
[1.743225] (px4_msgs) StdoutLine: {'line': b'-- Up-to-date: /home/px4/ros2/ws/install/px4_msgs/include/px4_msgs/px4_msgs/msg/detail/sensor_mag__rosidl_typesupport_introspection_c.h\n'}
[1.743302] (px4_msgs) StdoutLine: {'line': b'-- Up-to-date: /home/px4/ros2/ws/install/px4_msgs/include/px4_msgs/px4_msgs/msg/detail/gimbal_controls__rosidl_typesupport_introspection_c.h\n'}
[1.743386] (px4_msgs) StdoutLine: {'line': b'-- Up-to-date: /home/px4/ros2/ws/install/px4_msgs/include/px4_msgs/px4_msgs/msg/detail/unregister_ext_component__rosidl_typesupport_introspection_c.h\n'}
[1.743475] (px4_msgs) StdoutLine: {'line': b'-- Up-to-date: /home/px4/ros2/ws/install/px4_msgs/include/px4_msgs/px4_msgs/msg/detail/estimator_gps_status__rosidl_typesupport_introspection_c.h\n'}
[1.743555] (px4_msgs) StdoutLine: {'line': b'-- Up-to-date: /home/px4/ros2/ws/install/px4_msgs/include/px4_msgs/px4_msgs/msg/detail/task_stack_info__type_support.c\n'}
[1.743627] (px4_msgs) StdoutLine: {'line': b'-- Up-to-date: /home/px4/ros2/ws/install/px4_msgs/include/px4_msgs/px4_msgs/msg/detail/launch_detection_status__rosidl_typesupport_introspection_c.h\n'}
[1.743687] (px4_msgs) StdoutLine: {'line': b'-- Up-to-date: /home/px4/ros2/ws/install/px4_msgs/include/px4_msgs/px4_msgs/msg/detail/tecs_status__rosidl_typesupport_introspection_c.h\n'}
[1.743747] (px4_msgs) StdoutLine: {'line': b'-- Up-to-date: /home/px4/ros2/ws/install/px4_msgs/include/px4_msgs/px4_msgs/msg/detail/debug_array__type_support.c\n'}
[1.743816] (px4_msgs) StdoutLine: {'line': b'-- Up-to-date: /home/px4/ros2/ws/install/px4_msgs/include/px4_msgs/px4_msgs/msg/detail/dataman_response__rosidl_typesupport_introspection_c.h\n'}
[1.743876] (px4_msgs) StdoutLine: {'line': b'-- Up-to-date: /home/px4/ros2/ws/install/px4_msgs/include/px4_msgs/px4_msgs/msg/detail/pwm_input__type_support.c\n'}
[1.743935] (px4_msgs) StdoutLine: {'line': b'-- Up-to-date: /home/px4/ros2/ws/install/px4_msgs/include/px4_msgs/px4_msgs/msg/detail/landing_target_pose__rosidl_typesupport_introspection_c.h\n'}
[1.743995] (px4_msgs) StdoutLine: {'line': b'-- Up-to-date: /home/px4/ros2/ws/install/px4_msgs/include/px4_msgs/px4_msgs/msg/detail/estimator_bias__type_support.c\n'}
[1.744062] (px4_msgs) StdoutLine: {'line': b'-- Up-to-date: /home/px4/ros2/ws/install/px4_msgs/include/px4_msgs/px4_msgs/msg/detail/register_ext_component_reply__type_support.c\n'}
[1.744145] (px4_msgs) StdoutLine: {'line': b'-- Up-to-date: /home/px4/ros2/ws/install/px4_msgs/include/px4_msgs/px4_msgs/msg/detail/follow_target_status__rosidl_typesupport_introspection_c.h\n'}
[1.744222] (px4_msgs) StdoutLine: {'line': b'-- Up-to-date: /home/px4/ros2/ws/install/px4_msgs/include/px4_msgs/px4_msgs/msg/detail/internal_combustion_engine_control__rosidl_typesupport_introspection_c.h\n'}
[1.744309] (px4_msgs) StdoutLine: {'line': b'-- Up-to-date: /home/px4/ros2/ws/install/px4_msgs/include/px4_msgs/px4_msgs/msg/detail/obstacle_distance__rosidl_typesupport_introspection_c.h\n'}
[1.744386] (px4_msgs) StdoutLine: {'line': b'-- Up-to-date: /home/px4/ros2/ws/install/px4_msgs/include/px4_msgs/px4_msgs/msg/detail/autotune_attitude_control_status__type_support.c\n'}
[1.744463] (px4_msgs) StdoutLine: {'line': b'-- Up-to-date: /home/px4/ros2/ws/install/px4_msgs/include/px4_msgs/px4_msgs/msg/detail/normalized_unsigned_setpoint__type_support.c\n'}
[1.744551] (px4_msgs) StdoutLine: {'line': b'-- Up-to-date: /home/px4/ros2/ws/install/px4_msgs/include/px4_msgs/px4_msgs/msg/detail/gpio_request__type_support.c\n'}
[1.744657] (px4_msgs) StdoutLine: {'line': b'-- Up-to-date: /home/px4/ros2/ws/install/px4_msgs/include/px4_msgs/px4_msgs/msg/detail/position_setpoint__type_support.c\n'}
[1.744740] (px4_msgs) StdoutLine: {'line': b'-- Up-to-date: /home/px4/ros2/ws/install/px4_msgs/include/px4_msgs/px4_msgs/msg/detail/parameter_update__type_support.c\n'}
[1.744817] (px4_msgs) StdoutLine: {'line': b'-- Up-to-date: /home/px4/ros2/ws/install/px4_msgs/include/px4_msgs/px4_msgs/msg/detail/fixed_wing_lateral_status__rosidl_typesupport_introspection_c.h\n'}
[1.744895] (px4_msgs) StdoutLine: {'line': b'-- Up-to-date: /home/px4/ros2/ws/install/px4_msgs/include/px4_msgs/px4_msgs/msg/detail/qshell_req__rosidl_typesupport_introspection_c.h\n'}
[1.744973] (px4_msgs) StdoutLine: {'line': b'-- Up-to-date: /home/px4/ros2/ws/install/px4_msgs/include/px4_msgs/px4_msgs/msg/detail/vehicle_imu_status__type_support.c\n'}
[1.745049] (px4_msgs) StdoutLine: {'line': b'-- Up-to-date: /home/px4/ros2/ws/install/px4_msgs/include/px4_msgs/px4_msgs/msg/detail/follow_target__rosidl_typesupport_introspection_c.h\n'}
[1.745125] (px4_msgs) StdoutLine: {'line': b'-- Up-to-date: /home/px4/ros2/ws/install/px4_msgs/include/px4_msgs/px4_msgs/msg/detail/estimator_bias__rosidl_typesupport_introspection_c.h\n'}
[1.745215] (px4_msgs) StdoutLine: {'line': b'-- Up-to-date: /home/px4/ros2/ws/install/px4_msgs/include/px4_msgs/px4_msgs/msg/detail/event__type_support.c\n'}
[1.745275] (px4_msgs) StdoutLine: {'line': b'-- Up-to-date: /home/px4/ros2/ws/install/px4_msgs/include/px4_msgs/px4_msgs/msg/detail/rover_position_setpoint__rosidl_typesupport_introspection_c.h\n'}
[1.745334] (px4_msgs) StdoutLine: {'line': b'-- Up-to-date: /home/px4/ros2/ws/install/px4_msgs/include/px4_msgs/px4_msgs/msg/rosidl_typesupport_introspection_c__visibility_control.h\n'}
[1.745392] (px4_msgs) StdoutLine: {'line': b'-- Up-to-date: /home/px4/ros2/ws/install/px4_msgs/include/px4_msgs/px4_msgs/srv\n'}
[1.745482] (px4_msgs) StdoutLine: {'line': b'-- Up-to-date: /home/px4/ros2/ws/install/px4_msgs/include/px4_msgs/px4_msgs/srv/detail\n'}
[1.745584] (px4_msgs) StdoutLine: {'line': b'-- Up-to-date: /home/px4/ros2/ws/install/px4_msgs/include/px4_msgs/px4_msgs/srv/detail/vehicle_command__rosidl_typesupport_introspection_c.h\n'}
[1.745650] (px4_msgs) StdoutLine: {'line': b'-- Up-to-date: /home/px4/ros2/ws/install/px4_msgs/include/px4_msgs/px4_msgs/srv/detail/vehicle_command__type_support.c\n'}
[1.745711] (px4_msgs) StdoutLine: {'line': b'-- Up-to-date: /home/px4/ros2/ws/install/px4_msgs/lib/libpx4_msgs__rosidl_typesupport_introspection_c.so\n'}
[1.745839] (px4_msgs) StdoutLine: {'line': b'-- Up-to-date: /home/px4/ros2/ws/install/px4_msgs/lib/libpx4_msgs__rosidl_typesupport_c.so\n'}
[1.745903] (px4_msgs) StdoutLine: {'line': b'-- Up-to-date: /home/px4/ros2/ws/install/px4_msgs/include/px4_msgs/px4_msgs\n'}
[1.745965] (px4_msgs) StdoutLine: {'line': b'-- Up-to-date: /home/px4/ros2/ws/install/px4_msgs/include/px4_msgs/px4_msgs/msg\n'}
[1.746025] (px4_msgs) StdoutLine: {'line': b'-- Up-to-date: /home/px4/ros2/ws/install/px4_msgs/include/px4_msgs/px4_msgs/msg/detail\n'}
[1.746086] (px4_msgs) StdoutLine: {'line': b'-- Up-to-date: /home/px4/ros2/ws/install/px4_msgs/include/px4_msgs/px4_msgs/msg/detail/follow_target_estimator__rosidl_typesupport_introspection_cpp.hpp\n'}
[1.746148] (px4_msgs) StdoutLine: {'line': b'-- Up-to-date: /home/px4/ros2/ws/install/px4_msgs/include/px4_msgs/px4_msgs/msg/detail/mode_completed__rosidl_typesupport_introspection_cpp.hpp\n'}
[1.746209] (px4_msgs) StdoutLine: {'line': b'-- Up-to-date: /home/px4/ros2/ws/install/px4_msgs/include/px4_msgs/px4_msgs/msg/detail/gimbal_device_information__type_support.cpp\n'}
[1.746270] (px4_msgs) StdoutLine: {'line': b'-- Up-to-date: /home/px4/ros2/ws/install/px4_msgs/include/px4_msgs/px4_msgs/msg/detail/message_format_request__rosidl_typesupport_introspection_cpp.hpp\n'}
[1.746330] (px4_msgs) StdoutLine: {'line': b'-- Up-to-date: /home/px4/ros2/ws/install/px4_msgs/include/px4_msgs/px4_msgs/msg/detail/vehicle_control_mode__type_support.cpp\n'}
[1.746402] (px4_msgs) StdoutLine: {'line': b'-- Up-to-date: /home/px4/ros2/ws/install/px4_msgs/include/px4_msgs/px4_msgs/msg/detail/generator_status__rosidl_typesupport_introspection_cpp.hpp\n'}
[1.746508] (px4_msgs) StdoutLine: {'line': b'-- Up-to-date: /home/px4/ros2/ws/install/px4_msgs/include/px4_msgs/px4_msgs/msg/detail/rover_velocity_setpoint__type_support.cpp\n'}
[1.746597] (px4_msgs) StdoutLine: {'line': b'-- Up-to-date: /home/px4/ros2/ws/install/px4_msgs/include/px4_msgs/px4_msgs/msg/detail/dataman_request__rosidl_typesupport_introspection_cpp.hpp\n'}
[1.746692] (px4_msgs) StdoutLine: {'line': b'-- Up-to-date: /home/px4/ros2/ws/install/px4_msgs/include/px4_msgs/px4_msgs/msg/detail/failsafe_flags__rosidl_typesupport_introspection_cpp.hpp\n'}
[1.746771] (px4_msgs) StdoutLine: {'line': b'-- Up-to-date: /home/px4/ros2/ws/install/px4_msgs/include/px4_msgs/px4_msgs/msg/detail/vehicle_global_position__rosidl_typesupport_introspection_cpp.hpp\n'}
[1.746851] (px4_msgs) StdoutLine: {'line': b'-- Up-to-date: /home/px4/ros2/ws/install/px4_msgs/include/px4_msgs/px4_msgs/msg/detail/vehicle_optical_flow__type_support.cpp\n'}
[1.746980] (px4_msgs) StdoutLine: {'line': b'-- Up-to-date: /home/px4/ros2/ws/install/px4_msgs/include/px4_msgs/px4_msgs/msg/detail/rtl_status__rosidl_typesupport_introspection_cpp.hpp\n'}
[1.747048] (px4_msgs) StdoutLine: {'line': b'-- Up-to-date: /home/px4/ros2/ws/install/px4_msgs/include/px4_msgs/px4_msgs/msg/detail/vehicle_attitude__type_support.cpp\n'}
[1.747109] (px4_msgs) StdoutLine: {'line': b'-- Up-to-date: /home/px4/ros2/ws/install/px4_msgs/include/px4_msgs/px4_msgs/msg/detail/lateral_control_configuration__type_support.cpp\n'}
[1.747169] (px4_msgs) StdoutLine: {'line': b'-- Up-to-date: /home/px4/ros2/ws/install/px4_msgs/include/px4_msgs/px4_msgs/msg/detail/sensor_combined__rosidl_typesupport_introspection_cpp.hpp\n'}
[1.747228] (px4_msgs) StdoutLine: {'line': b'-- Up-to-date: /home/px4/ros2/ws/install/px4_msgs/include/px4_msgs/px4_msgs/msg/detail/open_drone_id_system__rosidl_typesupport_introspection_cpp.hpp\n'}
[1.747303] (px4_msgs) StdoutLine: {'line': b'-- Up-to-date: /home/px4/ros2/ws/install/px4_msgs/include/px4_msgs/px4_msgs/msg/detail/follow_target_status__rosidl_typesupport_introspection_cpp.hpp\n'}
[1.747363] (px4_msgs) StdoutLine: {'line': b'-- Up-to-date: /home/px4/ros2/ws/install/px4_msgs/include/px4_msgs/px4_msgs/msg/detail/mavlink_tunnel__rosidl_typesupport_introspection_cpp.hpp\n'}
[1.747423] (px4_msgs) StdoutLine: {'line': b'-- Up-to-date: /home/px4/ros2/ws/install/px4_msgs/include/px4_msgs/px4_msgs/msg/detail/ulog_stream_ack__type_support.cpp\n'}
[1.747482] (px4_msgs) StdoutLine: {'line': b'-- Up-to-date: /home/px4/ros2/ws/install/px4_msgs/include/px4_msgs/px4_msgs/msg/detail/ekf2_timestamps__rosidl_typesupport_introspection_cpp.hpp\n'}
[1.747596] (px4_msgs) StdoutLine: {'line': b'-- Up-to-date: /home/px4/ros2/ws/install/px4_msgs/include/px4_msgs/px4_msgs/msg/detail/rover_steering_setpoint__rosidl_typesupport_introspection_cpp.hpp\n'}
[1.747664] (px4_msgs) StdoutLine: {'line': b'-- Up-to-date: /home/px4/ros2/ws/install/px4_msgs/include/px4_msgs/px4_msgs/msg/detail/actuator_armed__type_support.cpp\n'}
[1.747725] (px4_msgs) StdoutLine: {'line': b'-- Up-to-date: /home/px4/ros2/ws/install/px4_msgs/include/px4_msgs/px4_msgs/msg/detail/landing_target_innovations__rosidl_typesupport_introspection_cpp.hpp\n'}
[1.747799] (px4_msgs) StdoutLine: {'line': b'-- Up-to-date: /home/px4/ros2/ws/install/px4_msgs/include/px4_msgs/px4_msgs/msg/detail/collision_constraints__rosidl_typesupport_introspection_cpp.hpp\n'}
[1.747876] (px4_msgs) StdoutLine: {'line': b'-- Up-to-date: /home/px4/ros2/ws/install/px4_msgs/include/px4_msgs/px4_msgs/msg/detail/orb_test_medium__type_support.cpp\n'}
[1.747955] (px4_msgs) StdoutLine: {'line': b'-- Up-to-date: /home/px4/ros2/ws/install/px4_msgs/include/px4_msgs/px4_msgs/msg/detail/vehicle_local_position__type_support.cpp\n'}
[1.748031] (px4_msgs) StdoutLine: {'line': b'-- Up-to-date: /home/px4/ros2/ws/install/px4_msgs/include/px4_msgs/px4_msgs/msg/detail/ulog_stream_ack__rosidl_typesupport_introspection_cpp.hpp\n'}
[1.748136] (px4_msgs) StdoutLine: {'line': b'-- Up-to-date: /home/px4/ros2/ws/install/px4_msgs/include/px4_msgs/px4_msgs/msg/detail/estimator_status__rosidl_typesupport_introspection_cpp.hpp\n'}
[1.748200] (px4_msgs) StdoutLine: {'line': b'-- Up-to-date: /home/px4/ros2/ws/install/px4_msgs/include/px4_msgs/px4_msgs/msg/detail/rover_rate_setpoint__rosidl_typesupport_introspection_cpp.hpp\n'}
[1.748262] (px4_msgs) StdoutLine: {'line': b'-- Up-to-date: /home/px4/ros2/ws/install/px4_msgs/include/px4_msgs/px4_msgs/msg/detail/vehicle_imu_status__rosidl_typesupport_introspection_cpp.hpp\n'}
[1.748322] (px4_msgs) StdoutLine: {'line': b'-- Up-to-date: /home/px4/ros2/ws/install/px4_msgs/include/px4_msgs/px4_msgs/msg/detail/fixed_wing_lateral_setpoint__type_support.cpp\n'}
[1.748384] (px4_msgs) StdoutLine: {'line': b'-- Up-to-date: /home/px4/ros2/ws/install/px4_msgs/include/px4_msgs/px4_msgs/msg/detail/dronecan_node_status__rosidl_typesupport_introspection_cpp.hpp\n'}
[1.748447] (px4_msgs) StdoutLine: {'line': b'-- Up-to-date: /home/px4/ros2/ws/install/px4_msgs/include/px4_msgs/px4_msgs/msg/detail/parameter_set_value_request__rosidl_typesupport_introspection_cpp.hpp\n'}
[1.748523] (px4_msgs) StdoutLine: {'line': b'-- Up-to-date: /home/px4/ros2/ws/install/px4_msgs/include/px4_msgs/px4_msgs/msg/detail/actuator_servos_trim__type_support.cpp\n'}
[1.748606] (px4_msgs) StdoutLine: {'line': b'-- Up-to-date: /home/px4/ros2/ws/install/px4_msgs/include/px4_msgs/px4_msgs/msg/detail/velocity_limits__rosidl_typesupport_introspection_cpp.hpp\n'}
[1.748694] (px4_msgs) StdoutLine: {'line': b'-- Up-to-date: /home/px4/ros2/ws/install/px4_msgs/include/px4_msgs/px4_msgs/msg/detail/sensor_preflight_mag__type_support.cpp\n'}
[1.748756] (px4_msgs) StdoutLine: {'line': b'-- Up-to-date: /home/px4/ros2/ws/install/px4_msgs/include/px4_msgs/px4_msgs/msg/detail/rover_velocity_status__type_support.cpp\n'}
[1.748816] (px4_msgs) StdoutLine: {'line': b'-- Up-to-date: /home/px4/ros2/ws/install/px4_msgs/include/px4_msgs/px4_msgs/msg/detail/takeoff_status__rosidl_typesupport_introspection_cpp.hpp\n'}
[1.748887] (px4_msgs) StdoutLine: {'line': b'-- Up-to-date: /home/px4/ros2/ws/install/px4_msgs/include/px4_msgs/px4_msgs/msg/detail/estimator_aid_source2d__rosidl_typesupport_introspection_cpp.hpp\n'}
[1.749002] (px4_msgs) StdoutLine: {'line': b'-- Up-to-date: /home/px4/ros2/ws/install/px4_msgs/include/px4_msgs/px4_msgs/msg/detail/camera_trigger__rosidl_typesupport_introspection_cpp.hpp\n'}
[1.749066] (px4_msgs) StdoutLine: {'line': b'-- Up-to-date: /home/px4/ros2/ws/install/px4_msgs/include/px4_msgs/px4_msgs/msg/detail/home_position__type_support.cpp\n'}
[1.749126] (px4_msgs) StdoutLine: {'line': b'-- Up-to-date: /home/px4/ros2/ws/install/px4_msgs/include/px4_msgs/px4_msgs/msg/detail/rc_channels__type_support.cpp\n'}
[1.749185] (px4_msgs) StdoutLine: {'line': b'-- Up-to-date: /home/px4/ros2/ws/install/px4_msgs/include/px4_msgs/px4_msgs/msg/detail/sensor_accel_fifo__type_support.cpp\n'}
[1.749245] (px4_msgs) StdoutLine: {'line': b'-- Up-to-date: /home/px4/ros2/ws/install/px4_msgs/include/px4_msgs/px4_msgs/msg/detail/tecs_status__rosidl_typesupport_introspection_cpp.hpp\n'}
[1.749304] (px4_msgs) StdoutLine: {'line': b'-- Up-to-date: /home/px4/ros2/ws/install/px4_msgs/include/px4_msgs/px4_msgs/msg/detail/fixed_wing_lateral_guidance_status__type_support.cpp\n'}
[1.749362] (px4_msgs) StdoutLine: {'line': b'-- Up-to-date: /home/px4/ros2/ws/install/px4_msgs/include/px4_msgs/px4_msgs/msg/detail/magnetometer_bias_estimate__rosidl_typesupport_introspection_cpp.hpp\n'}
[1.749421] (px4_msgs) StdoutLine: {'line': b'-- Up-to-date: /home/px4/ros2/ws/install/px4_msgs/include/px4_msgs/px4_msgs/msg/detail/differential_pressure__type_support.cpp\n'}
[1.749478] (px4_msgs) StdoutLine: {'line': b'-- Up-to-date: /home/px4/ros2/ws/install/px4_msgs/include/px4_msgs/px4_msgs/msg/detail/sensor_gyro__rosidl_typesupport_introspection_cpp.hpp\n'}
[1.749611] (px4_msgs) StdoutLine: {'line': b'-- Up-to-date: /home/px4/ros2/ws/install/px4_msgs/include/px4_msgs/px4_msgs/msg/detail/distance_sensor__rosidl_typesupport_introspection_cpp.hpp\n'}
[1.749677] (px4_msgs) StdoutLine: {'line': b'-- Up-to-date: /home/px4/ros2/ws/install/px4_msgs/include/px4_msgs/px4_msgs/msg/detail/mission__type_support.cpp\n'}
[1.749738] (px4_msgs) StdoutLine: {'line': b'-- Up-to-date: /home/px4/ros2/ws/install/px4_msgs/include/px4_msgs/px4_msgs/msg/detail/event__type_support.cpp\n'}
[1.749798] (px4_msgs) StdoutLine: {'line': b'-- Up-to-date: /home/px4/ros2/ws/install/px4_msgs/include/px4_msgs/px4_msgs/msg/detail/rpm__rosidl_typesupport_introspection_cpp.hpp\n'}
[1.749857] (px4_msgs) StdoutLine: {'line': b'-- Up-to-date: /home/px4/ros2/ws/install/px4_msgs/include/px4_msgs/px4_msgs/msg/detail/follow_target_status__type_support.cpp\n'}
[1.749916] (px4_msgs) StdoutLine: {'line': b'-- Up-to-date: /home/px4/ros2/ws/install/px4_msgs/include/px4_msgs/px4_msgs/msg/detail/follow_target_estimator__type_support.cpp\n'}
[1.749974] (px4_msgs) StdoutLine: {'line': b'-- Up-to-date: /home/px4/ros2/ws/install/px4_msgs/include/px4_msgs/px4_msgs/msg/detail/rate_ctrl_status__type_support.cpp\n'}
[1.750033] (px4_msgs) StdoutLine: {'line': b'-- Up-to-date: /home/px4/ros2/ws/install/px4_msgs/include/px4_msgs/px4_msgs/msg/detail/sensor_airflow__type_support.cpp\n'}
[1.750198] (px4_msgs) StdoutLine: {'line': b'-- Up-to-date: /home/px4/ros2/ws/install/px4_msgs/include/px4_msgs/px4_msgs/msg/detail/estimator_aid_source1d__type_support.cpp\n'}
[1.750314] (px4_msgs) StdoutLine: {'line': b'-- Up-to-date: /home/px4/ros2/ws/install/px4_msgs/include/px4_msgs/px4_msgs/msg/detail/internal_combustion_engine_status__rosidl_typesupport_introspection_cpp.hpp\n'}
[1.750389] (px4_msgs) StdoutLine: {'line': b'-- Up-to-date: /home/px4/ros2/ws/install/px4_msgs/include/px4_msgs/px4_msgs/msg/detail/estimator_event_flags__type_support.cpp\n'}
[1.750501] (px4_msgs) StdoutLine: {'line': b'-- Up-to-date: /home/px4/ros2/ws/install/px4_msgs/include/px4_msgs/px4_msgs/msg/detail/estimator_aid_source3d__type_support.cpp\n'}
[1.750617] (px4_msgs) StdoutLine: {'line': b'-- Up-to-date: /home/px4/ros2/ws/install/px4_msgs/include/px4_msgs/px4_msgs/msg/detail/vehicle_acceleration__rosidl_typesupport_introspection_cpp.hpp\n'}
[1.750680] (px4_msgs) StdoutLine: {'line': b'-- Up-to-date: /home/px4/ros2/ws/install/px4_msgs/include/px4_msgs/px4_msgs/msg/detail/estimator_gps_status__rosidl_typesupport_introspection_cpp.hpp\n'}
[1.750740] (px4_msgs) StdoutLine: {'line': b'-- Up-to-date: /home/px4/ros2/ws/install/px4_msgs/include/px4_msgs/px4_msgs/msg/detail/fixed_wing_lateral_status__type_support.cpp\n'}
[1.750863] (px4_msgs) StdoutLine: {'line': b'-- Up-to-date: /home/px4/ros2/ws/install/px4_msgs/include/px4_msgs/px4_msgs/msg/detail/trajectory_setpoint__rosidl_typesupport_introspection_cpp.hpp\n'}
[1.750940] (px4_msgs) StdoutLine: {'line': b'-- Up-to-date: /home/px4/ros2/ws/install/px4_msgs/include/px4_msgs/px4_msgs/msg/detail/camera_status__type_support.cpp\n'}
[1.751001] (px4_msgs) StdoutLine: {'line': b'-- Up-to-date: /home/px4/ros2/ws/install/px4_msgs/include/px4_msgs/px4_msgs/msg/detail/position_controller_status__rosidl_typesupport_introspection_cpp.hpp\n'}
[1.751060] (px4_msgs) StdoutLine: {'line': b'-- Up-to-date: /home/px4/ros2/ws/install/px4_msgs/include/px4_msgs/px4_msgs/msg/detail/power_monitor__rosidl_typesupport_introspection_cpp.hpp\n'}
[1.751128] (px4_msgs) StdoutLine: {'line': b'-- Up-to-date: /home/px4/ros2/ws/install/px4_msgs/include/px4_msgs/px4_msgs/msg/detail/gps_dump__rosidl_typesupport_introspection_cpp.hpp\n'}
[1.751189] (px4_msgs) StdoutLine: {'line': b'-- Up-to-date: /home/px4/ros2/ws/install/px4_msgs/include/px4_msgs/px4_msgs/msg/detail/actuator_servos__type_support.cpp\n'}
[1.751249] (px4_msgs) StdoutLine: {'line': b'-- Up-to-date: /home/px4/ros2/ws/install/px4_msgs/include/px4_msgs/px4_msgs/msg/detail/health_report__type_support.cpp\n'}
[1.751309] (px4_msgs) StdoutLine: {'line': b'-- Up-to-date: /home/px4/ros2/ws/install/px4_msgs/include/px4_msgs/px4_msgs/msg/detail/fixed_wing_lateral_guidance_status__rosidl_typesupport_introspection_cpp.hpp\n'}
[1.751370] (px4_msgs) StdoutLine: {'line': b'-- Up-to-date: /home/px4/ros2/ws/install/px4_msgs/include/px4_msgs/px4_msgs/msg/detail/distance_sensor_mode_change_request__rosidl_typesupport_introspection_cpp.hpp\n'}
[1.751485] (px4_msgs) StdoutLine: {'line': b'-- Up-to-date: /home/px4/ros2/ws/install/px4_msgs/include/px4_msgs/px4_msgs/msg/detail/mavlink_tunnel__type_support.cpp\n'}
[1.751581] (px4_msgs) StdoutLine: {'line': b'-- Up-to-date: /home/px4/ros2/ws/install/px4_msgs/include/px4_msgs/px4_msgs/msg/detail/actuator_armed__rosidl_typesupport_introspection_cpp.hpp\n'}
[1.751702] (px4_msgs) StdoutLine: {'line': b'-- Up-to-date: /home/px4/ros2/ws/install/px4_msgs/include/px4_msgs/px4_msgs/msg/detail/vehicle_control_mode__rosidl_typesupport_introspection_cpp.hpp\n'}
[1.751770] (px4_msgs) StdoutLine: {'line': b'-- Up-to-date: /home/px4/ros2/ws/install/px4_msgs/include/px4_msgs/px4_msgs/msg/detail/qshell_req__rosidl_typesupport_introspection_cpp.hpp\n'}
[1.751832] (px4_msgs) StdoutLine: {'line': b'-- Up-to-date: /home/px4/ros2/ws/install/px4_msgs/include/px4_msgs/px4_msgs/msg/detail/vehicle_magnetometer__rosidl_typesupport_introspection_cpp.hpp\n'}
[1.751891] (px4_msgs) StdoutLine: {'line': b'-- Up-to-date: /home/px4/ros2/ws/install/px4_msgs/include/px4_msgs/px4_msgs/msg/detail/camera_trigger__type_support.cpp\n'}
[1.751992] (px4_msgs) StdoutLine: {'line': b'-- Up-to-date: /home/px4/ros2/ws/install/px4_msgs/include/px4_msgs/px4_msgs/msg/detail/uavcan_parameter_request__rosidl_typesupport_introspection_cpp.hpp\n'}
[1.752067] (px4_msgs) StdoutLine: {'line': b'-- Up-to-date: /home/px4/ros2/ws/install/px4_msgs/include/px4_msgs/px4_msgs/msg/detail/sensor_uwb__type_support.cpp\n'}
[1.752130] (px4_msgs) StdoutLine: {'line': b'-- Up-to-date: /home/px4/ros2/ws/install/px4_msgs/include/px4_msgs/px4_msgs/msg/detail/uavcan_parameter_request__type_support.cpp\n'}
[1.752189] (px4_msgs) StdoutLine: {'line': b'-- Up-to-date: /home/px4/ros2/ws/install/px4_msgs/include/px4_msgs/px4_msgs/msg/detail/position_setpoint_triplet__type_support.cpp\n'}
[1.752258] (px4_msgs) StdoutLine: {'line': b'-- Up-to-date: /home/px4/ros2/ws/install/px4_msgs/include/px4_msgs/px4_msgs/msg/detail/vehicle_constraints__rosidl_typesupport_introspection_cpp.hpp\n'}
[1.752317] (px4_msgs) StdoutLine: {'line': b'-- Up-to-date: /home/px4/ros2/ws/install/px4_msgs/include/px4_msgs/px4_msgs/msg/detail/cellular_status__rosidl_typesupport_introspection_cpp.hpp\n'}
[1.752376] (px4_msgs) StdoutLine: {'line': b'-- Up-to-date: /home/px4/ros2/ws/install/px4_msgs/include/px4_msgs/px4_msgs/msg/detail/config_overrides__rosidl_typesupport_introspection_cpp.hpp\n'}
[1.752434] (px4_msgs) StdoutLine: {'line': b'-- Up-to-date: /home/px4/ros2/ws/install/px4_msgs/include/px4_msgs/px4_msgs/msg/detail/trajectory_setpoint6dof__type_support.cpp\n'}
[1.752505] (px4_msgs) StdoutLine: {'line': b'-- Up-to-date: /home/px4/ros2/ws/install/px4_msgs/include/px4_msgs/px4_msgs/msg/detail/gimbal_controls__type_support.cpp\n'}
[1.752655] (px4_msgs) StdoutLine: {'line': b'-- Up-to-date: /home/px4/ros2/ws/install/px4_msgs/include/px4_msgs/px4_msgs/msg/detail/estimator_aid_source2d__type_support.cpp\n'}
[1.752719] (px4_msgs) StdoutLine: {'line': b'-- Up-to-date: /home/px4/ros2/ws/install/px4_msgs/include/px4_msgs/px4_msgs/msg/detail/autotune_attitude_control_status__rosidl_typesupport_introspection_cpp.hpp\n'}
[1.752779] (px4_msgs) StdoutLine: {'line': b'-- Up-to-date: /home/px4/ros2/ws/install/px4_msgs/include/px4_msgs/px4_msgs/msg/detail/rover_throttle_setpoint__rosidl_typesupport_introspection_cpp.hpp\n'}
[1.752892] (px4_msgs) StdoutLine: {'line': b'-- Up-to-date: /home/px4/ros2/ws/install/px4_msgs/include/px4_msgs/px4_msgs/msg/detail/lateral_control_configuration__rosidl_typesupport_introspection_cpp.hpp\n'}
[1.752961] (px4_msgs) StdoutLine: {'line': b'-- Up-to-date: /home/px4/ros2/ws/install/px4_msgs/include/px4_msgs/px4_msgs/msg/detail/vehicle_odometry__type_support.cpp\n'}
[1.753021] (px4_msgs) StdoutLine: {'line': b'-- Up-to-date: /home/px4/ros2/ws/install/px4_msgs/include/px4_msgs/px4_msgs/msg/detail/mission_result__type_support.cpp\n'}
[1.753079] (px4_msgs) StdoutLine: {'line': b'-- Up-to-date: /home/px4/ros2/ws/install/px4_msgs/include/px4_msgs/px4_msgs/msg/detail/estimator_status__type_support.cpp\n'}
[1.753183] (px4_msgs) StdoutLine: {'line': b'-- Up-to-date: /home/px4/ros2/ws/install/px4_msgs/include/px4_msgs/px4_msgs/msg/detail/rc_parameter_map__type_support.cpp\n'}
[1.753258] (px4_msgs) StdoutLine: {'line': b'-- Up-to-date: /home/px4/ros2/ws/install/px4_msgs/include/px4_msgs/px4_msgs/msg/detail/actuator_test__type_support.cpp\n'}
[1.753329] (px4_msgs) StdoutLine: {'line': b'-- Up-to-date: /home/px4/ros2/ws/install/px4_msgs/include/px4_msgs/px4_msgs/msg/detail/esc_status__type_support.cpp\n'}
[1.753390] (px4_msgs) StdoutLine: {'line': b'-- Up-to-date: /home/px4/ros2/ws/install/px4_msgs/include/px4_msgs/px4_msgs/msg/detail/px4io_status__type_support.cpp\n'}
[1.753449] (px4_msgs) StdoutLine: {'line': b'-- Up-to-date: /home/px4/ros2/ws/install/px4_msgs/include/px4_msgs/px4_msgs/msg/detail/internal_combustion_engine_control__rosidl_typesupport_introspection_cpp.hpp\n'}
[1.753526] (px4_msgs) StdoutLine: {'line': b'-- Up-to-date: /home/px4/ros2/ws/install/px4_msgs/include/px4_msgs/px4_msgs/msg/detail/qshell_retval__rosidl_typesupport_introspection_cpp.hpp\n'}
[1.753605] (px4_msgs) StdoutLine: {'line': b'-- Up-to-date: /home/px4/ros2/ws/install/px4_msgs/include/px4_msgs/px4_msgs/msg/detail/parameter_reset_request__rosidl_typesupport_introspection_cpp.hpp\n'}
[1.753664] (px4_msgs) StdoutLine: {'line': b'-- Up-to-date: /home/px4/ros2/ws/install/px4_msgs/include/px4_msgs/px4_msgs/msg/detail/hover_thrust_estimate__type_support.cpp\n'}
[1.753723] (px4_msgs) StdoutLine: {'line': b'-- Up-to-date: /home/px4/ros2/ws/install/px4_msgs/include/px4_msgs/px4_msgs/msg/detail/wind__type_support.cpp\n'}
[1.753821] (px4_msgs) StdoutLine: {'line': b'-- Up-to-date: /home/px4/ros2/ws/install/px4_msgs/include/px4_msgs/px4_msgs/msg/detail/estimator_gps_status__type_support.cpp\n'}
[1.753898] (px4_msgs) StdoutLine: {'line': b'-- Up-to-date: /home/px4/ros2/ws/install/px4_msgs/include/px4_msgs/px4_msgs/msg/detail/manual_control_setpoint__type_support.cpp\n'}
[1.753968] (px4_msgs) StdoutLine: {'line': b'-- Up-to-date: /home/px4/ros2/ws/install/px4_msgs/include/px4_msgs/px4_msgs/msg/detail/mavlink_log__rosidl_typesupport_introspection_cpp.hpp\n'}
[1.754099] (px4_msgs) StdoutLine: {'line': b'-- Up-to-date: /home/px4/ros2/ws/install/px4_msgs/include/px4_msgs/px4_msgs/msg/detail/gimbal_manager_set_manual_control__rosidl_typesupport_introspection_cpp.hpp\n'}
[1.754161] (px4_msgs) StdoutLine: {'line': b'-- Up-to-date: /home/px4/ros2/ws/install/px4_msgs/include/px4_msgs/px4_msgs/msg/detail/failsafe_flags__type_support.cpp\n'}
[1.754222] (px4_msgs) StdoutLine: {'line': b'-- Up-to-date: /home/px4/ros2/ws/install/px4_msgs/include/px4_msgs/px4_msgs/msg/detail/airspeed_validated__type_support.cpp\n'}
[1.754281] (px4_msgs) StdoutLine: {'line': b'-- Up-to-date: /home/px4/ros2/ws/install/px4_msgs/include/px4_msgs/px4_msgs/msg/detail/dronecan_node_status__type_support.cpp\n'}
[1.754398] (px4_msgs) StdoutLine: {'line': b'-- Up-to-date: /home/px4/ros2/ws/install/px4_msgs/include/px4_msgs/px4_msgs/msg/detail/dataman_response__type_support.cpp\n'}
[1.754459] (px4_msgs) StdoutLine: {'line': b'-- Up-to-date: /home/px4/ros2/ws/install/px4_msgs/include/px4_msgs/px4_msgs/msg/detail/arming_check_reply__rosidl_typesupport_introspection_cpp.hpp\n'}
[1.754542] (px4_msgs) StdoutLine: {'line': b'-- Up-to-date: /home/px4/ros2/ws/install/px4_msgs/include/px4_msgs/px4_msgs/msg/detail/gpio_config__rosidl_typesupport_introspection_cpp.hpp\n'}
[1.754625] (px4_msgs) StdoutLine: {'line': b'-- Up-to-date: /home/px4/ros2/ws/install/px4_msgs/include/px4_msgs/px4_msgs/msg/detail/actuator_motors__rosidl_typesupport_introspection_cpp.hpp\n'}
[1.754685] (px4_msgs) StdoutLine: {'line': b'-- Up-to-date: /home/px4/ros2/ws/install/px4_msgs/include/px4_msgs/px4_msgs/msg/detail/launch_detection_status__type_support.cpp\n'}
[1.754743] (px4_msgs) StdoutLine: {'line': b'-- Up-to-date: /home/px4/ros2/ws/install/px4_msgs/include/px4_msgs/px4_msgs/msg/detail/pure_pursuit_status__rosidl_typesupport_introspection_cpp.hpp\n'}
[1.754802] (px4_msgs) StdoutLine: {'line': b'-- Up-to-date: /home/px4/ros2/ws/install/px4_msgs/include/px4_msgs/px4_msgs/msg/detail/gpio_out__type_support.cpp\n'}
[1.754880] (px4_msgs) StdoutLine: {'line': b'-- Up-to-date: /home/px4/ros2/ws/install/px4_msgs/include/px4_msgs/px4_msgs/msg/detail/power_button_state__type_support.cpp\n'}
[1.754941] (px4_msgs) StdoutLine: {'line': b'-- Up-to-date: /home/px4/ros2/ws/install/px4_msgs/include/px4_msgs/px4_msgs/msg/detail/vehicle_angular_acceleration_setpoint__rosidl_typesupport_introspection_cpp.hpp\n'}
[1.755056] (px4_msgs) StdoutLine: {'line': b'-- Up-to-date: /home/px4/ros2/ws/install/px4_msgs/include/px4_msgs/px4_msgs/msg/detail/unregister_ext_component__type_support.cpp\n'}
[1.755117] (px4_msgs) StdoutLine: {'line': b'-- Up-to-date: /home/px4/ros2/ws/install/px4_msgs/include/px4_msgs/px4_msgs/msg/detail/vehicle_attitude_setpoint__rosidl_typesupport_introspection_cpp.hpp\n'}
[1.755176] (px4_msgs) StdoutLine: {'line': b'-- Up-to-date: /home/px4/ros2/ws/install/px4_msgs/include/px4_msgs/px4_msgs/msg/detail/dataman_response__rosidl_typesupport_introspection_cpp.hpp\n'}
[1.755289] (px4_msgs) StdoutLine: {'line': b'-- Up-to-date: /home/px4/ros2/ws/install/px4_msgs/include/px4_msgs/px4_msgs/msg/detail/gimbal_device_set_attitude__rosidl_typesupport_introspection_cpp.hpp\n'}
[1.755357] (px4_msgs) StdoutLine: {'line': b'-- Up-to-date: /home/px4/ros2/ws/install/px4_msgs/include/px4_msgs/px4_msgs/msg/detail/sensor_optical_flow__rosidl_typesupport_introspection_cpp.hpp\n'}
[1.755427] (px4_msgs) StdoutLine: {'line': b'-- Up-to-date: /home/px4/ros2/ws/install/px4_msgs/include/px4_msgs/px4_msgs/msg/detail/mavlink_log__type_support.cpp\n'}
[1.755501] (px4_msgs) StdoutLine: {'line': b'-- Up-to-date: /home/px4/ros2/ws/install/px4_msgs/include/px4_msgs/px4_msgs/msg/detail/parameter_update__type_support.cpp\n'}
[1.755630] (px4_msgs) StdoutLine: {'line': b'-- Up-to-date: /home/px4/ros2/ws/install/px4_msgs/include/px4_msgs/px4_msgs/msg/detail/landing_gear__rosidl_typesupport_introspection_cpp.hpp\n'}
[1.755708] (px4_msgs) StdoutLine: {'line': b'-- Up-to-date: /home/px4/ros2/ws/install/px4_msgs/include/px4_msgs/px4_msgs/msg/detail/rover_velocity_setpoint__rosidl_typesupport_introspection_cpp.hpp\n'}
[1.755772] (px4_msgs) StdoutLine: {'line': b'-- Up-to-date: /home/px4/ros2/ws/install/px4_msgs/include/px4_msgs/px4_msgs/msg/detail/actuator_servos__rosidl_typesupport_introspection_cpp.hpp\n'}
[1.755830] (px4_msgs) StdoutLine: {'line': b'-- Up-to-date: /home/px4/ros2/ws/install/px4_msgs/include/px4_msgs/px4_msgs/msg/detail/sensor_hygrometer__type_support.cpp\n'}
[1.755889] (px4_msgs) StdoutLine: {'line': b'-- Up-to-date: /home/px4/ros2/ws/install/px4_msgs/include/px4_msgs/px4_msgs/msg/detail/parameter_set_value_response__rosidl_typesupport_introspection_cpp.hpp\n'}
[1.755947] (px4_msgs) StdoutLine: {'line': b'-- Up-to-date: /home/px4/ros2/ws/install/px4_msgs/include/px4_msgs/px4_msgs/msg/detail/vehicle_local_position__rosidl_typesupport_introspection_cpp.hpp\n'}
[1.756006] (px4_msgs) StdoutLine: {'line': b'-- Up-to-date: /home/px4/ros2/ws/install/px4_msgs/include/px4_msgs/px4_msgs/msg/detail/register_ext_component_reply__type_support.cpp\n'}
[1.756064] (px4_msgs) StdoutLine: {'line': b'-- Up-to-date: /home/px4/ros2/ws/install/px4_msgs/include/px4_msgs/px4_msgs/msg/detail/sensor_accel__type_support.cpp\n'}
[1.756123] (px4_msgs) StdoutLine: {'line': b'-- Up-to-date: /home/px4/ros2/ws/install/px4_msgs/include/px4_msgs/px4_msgs/msg/detail/follow_target__type_support.cpp\n'}
[1.756235] (px4_msgs) StdoutLine: {'line': b'-- Up-to-date: /home/px4/ros2/ws/install/px4_msgs/include/px4_msgs/px4_msgs/msg/detail/navigator_mission_item__type_support.cpp\n'}
[1.756313] (px4_msgs) StdoutLine: {'line': b'-- Up-to-date: /home/px4/ros2/ws/install/px4_msgs/include/px4_msgs/px4_msgs/msg/detail/airspeed_wind__type_support.cpp\n'}
[1.756372] (px4_msgs) StdoutLine: {'line': b'-- Up-to-date: /home/px4/ros2/ws/install/px4_msgs/include/px4_msgs/px4_msgs/msg/detail/timesync_status__type_support.cpp\n'}
[1.756475] (px4_msgs) StdoutLine: {'line': b'-- Up-to-date: /home/px4/ros2/ws/install/px4_msgs/include/px4_msgs/px4_msgs/msg/detail/rover_position_setpoint__type_support.cpp\n'}
[1.756588] (px4_msgs) StdoutLine: {'line': b'-- Up-to-date: /home/px4/ros2/ws/install/px4_msgs/include/px4_msgs/px4_msgs/msg/detail/sensor_baro__rosidl_typesupport_introspection_cpp.hpp\n'}
[1.756651] (px4_msgs) StdoutLine: {'line': b'-- Up-to-date: /home/px4/ros2/ws/install/px4_msgs/include/px4_msgs/px4_msgs/msg/detail/vtol_vehicle_status__rosidl_typesupport_introspection_cpp.hpp\n'}
[1.756711] (px4_msgs) StdoutLine: {'line': b'-- Up-to-date: /home/px4/ros2/ws/install/px4_msgs/include/px4_msgs/px4_msgs/msg/detail/vehicle_air_data__rosidl_typesupport_introspection_cpp.hpp\n'}
[1.756827] (px4_msgs) StdoutLine: {'line': b'-- Up-to-date: /home/px4/ros2/ws/install/px4_msgs/include/px4_msgs/px4_msgs/msg/detail/gimbal_manager_information__type_support.cpp\n'}
[1.756889] (px4_msgs) StdoutLine: {'line': b'-- Up-to-date: /home/px4/ros2/ws/install/px4_msgs/include/px4_msgs/px4_msgs/msg/detail/pure_pursuit_status__type_support.cpp\n'}
[1.756951] (px4_msgs) StdoutLine: {'line': b'-- Up-to-date: /home/px4/ros2/ws/install/px4_msgs/include/px4_msgs/px4_msgs/msg/detail/landing_gear__type_support.cpp\n'}
[1.757011] (px4_msgs) StdoutLine: {'line': b'-- Up-to-date: /home/px4/ros2/ws/install/px4_msgs/include/px4_msgs/px4_msgs/msg/detail/estimator_bias__rosidl_typesupport_introspection_cpp.hpp\n'}
[1.757070] (px4_msgs) StdoutLine: {'line': b'-- Up-to-date: /home/px4/ros2/ws/install/px4_msgs/include/px4_msgs/px4_msgs/msg/detail/goto_setpoint__rosidl_typesupport_introspection_cpp.hpp\n'}
[1.757147] (px4_msgs) StdoutLine: {'line': b'-- Up-to-date: /home/px4/ros2/ws/install/px4_msgs/include/px4_msgs/px4_msgs/msg/detail/actuator_controls_status__type_support.cpp\n'}
[1.757208] (px4_msgs) StdoutLine: {'line': b'-- Up-to-date: /home/px4/ros2/ws/install/px4_msgs/include/px4_msgs/px4_msgs/msg/detail/wheel_encoders__rosidl_typesupport_introspection_cpp.hpp\n'}
[1.757276] (px4_msgs) StdoutLine: {'line': b'-- Up-to-date: /home/px4/ros2/ws/install/px4_msgs/include/px4_msgs/px4_msgs/msg/detail/uavcan_parameter_value__type_support.cpp\n'}
[1.757337] (px4_msgs) StdoutLine: {'line': b'-- Up-to-date: /home/px4/ros2/ws/install/px4_msgs/include/px4_msgs/px4_msgs/msg/detail/landing_target_pose__rosidl_typesupport_introspection_cpp.hpp\n'}
[1.757452] (px4_msgs) StdoutLine: {'line': b'-- Up-to-date: /home/px4/ros2/ws/install/px4_msgs/include/px4_msgs/px4_msgs/msg/detail/mission__rosidl_typesupport_introspection_cpp.hpp\n'}
[1.757553] (px4_msgs) StdoutLine: {'line': b'-- Up-to-date: /home/px4/ros2/ws/install/px4_msgs/include/px4_msgs/px4_msgs/msg/detail/position_controller_landing_status__type_support.cpp\n'}
[1.757678] (px4_msgs) StdoutLine: {'line': b'-- Up-to-date: /home/px4/ros2/ws/install/px4_msgs/include/px4_msgs/px4_msgs/msg/detail/gimbal_manager_set_manual_control__type_support.cpp\n'}
[1.757746] (px4_msgs) StdoutLine: {'line': b'-- Up-to-date: /home/px4/ros2/ws/install/px4_msgs/include/px4_msgs/px4_msgs/msg/detail/vehicle_optical_flow_vel__type_support.cpp\n'}
[1.757807] (px4_msgs) StdoutLine: {'line': b'-- Up-to-date: /home/px4/ros2/ws/install/px4_msgs/include/px4_msgs/px4_msgs/msg/detail/velocity_limits__type_support.cpp\n'}
[1.757866] (px4_msgs) StdoutLine: {'line': b'-- Up-to-date: /home/px4/ros2/ws/install/px4_msgs/include/px4_msgs/px4_msgs/msg/detail/gimbal_device_information__rosidl_typesupport_introspection_cpp.hpp\n'}
[1.757937] (px4_msgs) StdoutLine: {'line': b'-- Up-to-date: /home/px4/ros2/ws/install/px4_msgs/include/px4_msgs/px4_msgs/msg/detail/gpio_out__rosidl_typesupport_introspection_cpp.hpp\n'}
[1.758030] (px4_msgs) StdoutLine: {'line': b'-- Up-to-date: /home/px4/ros2/ws/install/px4_msgs/include/px4_msgs/px4_msgs/msg/detail/vehicle_acceleration__type_support.cpp\n'}
[1.758093] (px4_msgs) StdoutLine: {'line': b'-- Up-to-date: /home/px4/ros2/ws/install/px4_msgs/include/px4_msgs/px4_msgs/msg/detail/rover_rate_status__rosidl_typesupport_introspection_cpp.hpp\n'}
[1.758156] (px4_msgs) StdoutLine: {'line': b'-- Up-to-date: /home/px4/ros2/ws/install/px4_msgs/include/px4_msgs/px4_msgs/msg/detail/orbit_status__rosidl_typesupport_introspection_cpp.hpp\n'}
[1.758217] (px4_msgs) StdoutLine: {'line': b'-- Up-to-date: /home/px4/ros2/ws/install/px4_msgs/include/px4_msgs/px4_msgs/msg/detail/transponder_report__rosidl_typesupport_introspection_cpp.hpp\n'}
[1.758276] (px4_msgs) StdoutLine: {'line': b'-- Up-to-date: /home/px4/ros2/ws/install/px4_msgs/include/px4_msgs/px4_msgs/msg/detail/parameter_set_value_response__type_support.cpp\n'}
[1.758335] (px4_msgs) StdoutLine: {'line': b'-- Up-to-date: /home/px4/ros2/ws/install/px4_msgs/include/px4_msgs/px4_msgs/msg/detail/sensor_gps__type_support.cpp\n'}
[1.758394] (px4_msgs) StdoutLine: {'line': b'-- Up-to-date: /home/px4/ros2/ws/install/px4_msgs/include/px4_msgs/px4_msgs/msg/detail/input_rc__rosidl_typesupport_introspection_cpp.hpp\n'}
[1.758451] (px4_msgs) StdoutLine: {'line': b'-- Up-to-date: /home/px4/ros2/ws/install/px4_msgs/include/px4_msgs/px4_msgs/msg/detail/action_request__rosidl_typesupport_introspection_cpp.hpp\n'}
[1.758541] (px4_msgs) StdoutLine: {'line': b'-- Up-to-date: /home/px4/ros2/ws/install/px4_msgs/include/px4_msgs/px4_msgs/msg/detail/task_stack_info__type_support.cpp\n'}
[1.758663] (px4_msgs) StdoutLine: {'line': b'-- Up-to-date: /home/px4/ros2/ws/install/px4_msgs/include/px4_msgs/px4_msgs/msg/detail/fixed_wing_lateral_status__rosidl_typesupport_introspection_cpp.hpp\n'}
[1.758730] (px4_msgs) StdoutLine: {'line': b'-- Up-to-date: /home/px4/ros2/ws/install/px4_msgs/include/px4_msgs/px4_msgs/msg/detail/navigator_status__type_support.cpp\n'}
[1.758815] (px4_msgs) StdoutLine: {'line': b'-- Up-to-date: /home/px4/ros2/ws/install/px4_msgs/include/px4_msgs/px4_msgs/msg/detail/rc_channels__rosidl_typesupport_introspection_cpp.hpp\n'}
[1.758926] (px4_msgs) StdoutLine: {'line': b'-- Up-to-date: /home/px4/ros2/ws/install/px4_msgs/include/px4_msgs/px4_msgs/msg/detail/iridiumsbd_status__rosidl_typesupport_introspection_cpp.hpp\n'}
[1.759000] (px4_msgs) StdoutLine: {'line': b'-- Up-to-date: /home/px4/ros2/ws/install/px4_msgs/include/px4_msgs/px4_msgs/msg/detail/logger_status__rosidl_typesupport_introspection_cpp.hpp\n'}
[1.759060] (px4_msgs) StdoutLine: {'line': b'-- Up-to-date: /home/px4/ros2/ws/install/px4_msgs/include/px4_msgs/px4_msgs/msg/detail/dataman_request__type_support.cpp\n'}
[1.759133] (px4_msgs) StdoutLine: {'line': b'-- Up-to-date: /home/px4/ros2/ws/install/px4_msgs/include/px4_msgs/px4_msgs/msg/detail/ping__type_support.cpp\n'}
[1.759209] (px4_msgs) StdoutLine: {'line': b'-- Up-to-date: /home/px4/ros2/ws/install/px4_msgs/include/px4_msgs/px4_msgs/msg/detail/open_drone_id_self_id__rosidl_typesupport_introspection_cpp.hpp\n'}
[1.759286] (px4_msgs) StdoutLine: {'line': b'-- Up-to-date: /home/px4/ros2/ws/install/px4_msgs/include/px4_msgs/px4_msgs/msg/detail/takeoff_status__type_support.cpp\n'}
[1.759380] (px4_msgs) StdoutLine: {'line': b'-- Up-to-date: /home/px4/ros2/ws/install/px4_msgs/include/px4_msgs/px4_msgs/msg/detail/sensor_accel__rosidl_typesupport_introspection_cpp.hpp\n'}
[1.759456] (px4_msgs) StdoutLine: {'line': b'-- Up-to-date: /home/px4/ros2/ws/install/px4_msgs/include/px4_msgs/px4_msgs/msg/detail/log_message__type_support.cpp\n'}
[1.759533] (px4_msgs) StdoutLine: {'line': b'-- Up-to-date: /home/px4/ros2/ws/install/px4_msgs/include/px4_msgs/px4_msgs/msg/detail/magnetometer_bias_estimate__type_support.cpp\n'}
[1.759605] (px4_msgs) StdoutLine: {'line': b'-- Up-to-date: /home/px4/ros2/ws/install/px4_msgs/include/px4_msgs/px4_msgs/msg/detail/landing_gear_wheel__type_support.cpp\n'}
[1.759679] (px4_msgs) StdoutLine: {'line': b'-- Up-to-date: /home/px4/ros2/ws/install/px4_msgs/include/px4_msgs/px4_msgs/msg/detail/ulog_stream__type_support.cpp\n'}
[1.759789] (px4_msgs) StdoutLine: {'line': b'-- Up-to-date: /home/px4/ros2/ws/install/px4_msgs/include/px4_msgs/px4_msgs/msg/detail/can_interface_status__type_support.cpp\n'}
[1.759856] (px4_msgs) StdoutLine: {'line': b'-- Up-to-date: /home/px4/ros2/ws/install/px4_msgs/include/px4_msgs/px4_msgs/msg/detail/manual_control_setpoint__rosidl_typesupport_introspection_cpp.hpp\n'}
[1.759917] (px4_msgs) StdoutLine: {'line': b'-- Up-to-date: /home/px4/ros2/ws/install/px4_msgs/include/px4_msgs/px4_msgs/msg/detail/flight_phase_estimation__type_support.cpp\n'}
[1.760025] (px4_msgs) StdoutLine: {'line': b'-- Up-to-date: /home/px4/ros2/ws/install/px4_msgs/include/px4_msgs/px4_msgs/msg/detail/vehicle_torque_setpoint__rosidl_typesupport_introspection_cpp.hpp\n'}
[1.760242] (px4_msgs) StdoutLine: {'line': b'-- Up-to-date: /home/px4/ros2/ws/install/px4_msgs/include/px4_msgs/px4_msgs/msg/detail/vehicle_status__type_support.cpp\n'}
[1.760318] (px4_msgs) StdoutLine: {'line': b'-- Up-to-date: /home/px4/ros2/ws/install/px4_msgs/include/px4_msgs/px4_msgs/msg/detail/rate_ctrl_status__rosidl_typesupport_introspection_cpp.hpp\n'}
[1.760383] (px4_msgs) StdoutLine: {'line': b'-- Up-to-date: /home/px4/ros2/ws/install/px4_msgs/include/px4_msgs/px4_msgs/msg/detail/message_format_response__type_support.cpp\n'}
[1.760467] (px4_msgs) StdoutLine: {'line': b'-- Up-to-date: /home/px4/ros2/ws/install/px4_msgs/include/px4_msgs/px4_msgs/msg/detail/sensor_mag__type_support.cpp\n'}
[1.760552] (px4_msgs) StdoutLine: {'line': b'-- Up-to-date: /home/px4/ros2/ws/install/px4_msgs/include/px4_msgs/px4_msgs/msg/detail/battery_info__rosidl_typesupport_introspection_cpp.hpp\n'}
[1.760697] (px4_msgs) StdoutLine: {'line': b'-- Up-to-date: /home/px4/ros2/ws/install/px4_msgs/include/px4_msgs/px4_msgs/msg/detail/action_request__type_support.cpp\n'}
[1.760781] (px4_msgs) StdoutLine: {'line': b'-- Up-to-date: /home/px4/ros2/ws/install/px4_msgs/include/px4_msgs/px4_msgs/msg/detail/estimator_aid_source1d__rosidl_typesupport_introspection_cpp.hpp\n'}
[1.760847] (px4_msgs) StdoutLine: {'line': b'-- Up-to-date: /home/px4/ros2/ws/install/px4_msgs/include/px4_msgs/px4_msgs/msg/detail/esc_report__type_support.cpp\n'}
[1.760921] (px4_msgs) StdoutLine: {'line': b'-- Up-to-date: /home/px4/ros2/ws/install/px4_msgs/include/px4_msgs/px4_msgs/msg/detail/register_ext_component_reply__rosidl_typesupport_introspection_cpp.hpp\n'}
[1.760993] (px4_msgs) StdoutLine: {'line': b'-- Up-to-date: /home/px4/ros2/ws/install/px4_msgs/include/px4_msgs/px4_msgs/msg/detail/camera_capture__rosidl_typesupport_introspection_cpp.hpp\n'}
[1.761053] (px4_msgs) StdoutLine: {'line': b'-- Up-to-date: /home/px4/ros2/ws/install/px4_msgs/include/px4_msgs/px4_msgs/msg/detail/vehicle_angular_velocity__type_support.cpp\n'}
[1.761114] (px4_msgs) StdoutLine: {'line': b'-- Up-to-date: /home/px4/ros2/ws/install/px4_msgs/include/px4_msgs/px4_msgs/msg/detail/estimator_states__type_support.cpp\n'}
[1.761182] (px4_msgs) StdoutLine: {'line': b'-- Up-to-date: /home/px4/ros2/ws/install/px4_msgs/include/px4_msgs/px4_msgs/msg/detail/arming_check_request__type_support.cpp\n'}
[1.761241] (px4_msgs) StdoutLine: {'line': b'-- Up-to-date: /home/px4/ros2/ws/install/px4_msgs/include/px4_msgs/px4_msgs/msg/detail/actuator_controls_status__rosidl_typesupport_introspection_cpp.hpp\n'}
[1.761304] (px4_msgs) StdoutLine: {'line': b'-- Up-to-date: /home/px4/ros2/ws/install/px4_msgs/include/px4_msgs/px4_msgs/msg/detail/gimbal_device_set_attitude__type_support.cpp\n'}
[1.761448] (px4_msgs) StdoutLine: {'line': b'-- Up-to-date: /home/px4/ros2/ws/install/px4_msgs/include/px4_msgs/px4_msgs/msg/detail/debug_key_value__type_support.cpp\n'}
[1.761553] (px4_msgs) StdoutLine: {'line': b'-- Up-to-date: /home/px4/ros2/ws/install/px4_msgs/include/px4_msgs/px4_msgs/msg/detail/sensor_combined__type_support.cpp\n'}
[1.761629] (px4_msgs) StdoutLine: {'line': b'-- Up-to-date: /home/px4/ros2/ws/install/px4_msgs/include/px4_msgs/px4_msgs/msg/detail/geofence_result__type_support.cpp\n'}
[1.761724] (px4_msgs) StdoutLine: {'line': b'-- Up-to-date: /home/px4/ros2/ws/install/px4_msgs/include/px4_msgs/px4_msgs/msg/detail/satellite_info__rosidl_typesupport_introspection_cpp.hpp\n'}
[1.761809] (px4_msgs) StdoutLine: {'line': b'-- Up-to-date: /home/px4/ros2/ws/install/px4_msgs/include/px4_msgs/px4_msgs/msg/detail/sensors_status__rosidl_typesupport_introspection_cpp.hpp\n'}
[1.761868] (px4_msgs) StdoutLine: {'line': b'-- Up-to-date: /home/px4/ros2/ws/install/px4_msgs/include/px4_msgs/px4_msgs/msg/detail/debug_value__type_support.cpp\n'}
[1.761940] (px4_msgs) StdoutLine: {'line': b'-- Up-to-date: /home/px4/ros2/ws/install/px4_msgs/include/px4_msgs/px4_msgs/msg/detail/internal_combustion_engine_control__type_support.cpp\n'}
[1.762046] (px4_msgs) StdoutLine: {'line': b'-- Up-to-date: /home/px4/ros2/ws/install/px4_msgs/include/px4_msgs/px4_msgs/msg/detail/vtol_vehicle_status__type_support.cpp\n'}
[1.762140] (px4_msgs) StdoutLine: {'line': b'-- Up-to-date: /home/px4/ros2/ws/install/px4_msgs/include/px4_msgs/px4_msgs/msg/detail/register_ext_component_request__type_support.cpp\n'}
[1.762203] (px4_msgs) StdoutLine: {'line': b'-- Up-to-date: /home/px4/ros2/ws/install/px4_msgs/include/px4_msgs/px4_msgs/msg/detail/flight_phase_estimation__rosidl_typesupport_introspection_cpp.hpp\n'}
[1.762272] (px4_msgs) StdoutLine: {'line': b'-- Up-to-date: /home/px4/ros2/ws/install/px4_msgs/include/px4_msgs/px4_msgs/msg/detail/estimator_bias__type_support.cpp\n'}
[1.762334] (px4_msgs) StdoutLine: {'line': b'-- Up-to-date: /home/px4/ros2/ws/install/px4_msgs/include/px4_msgs/px4_msgs/msg/detail/landing_target_innovations__type_support.cpp\n'}
[1.762394] (px4_msgs) StdoutLine: {'line': b'-- Up-to-date: /home/px4/ros2/ws/install/px4_msgs/include/px4_msgs/px4_msgs/msg/detail/satellite_info__type_support.cpp\n'}
[1.762456] (px4_msgs) StdoutLine: {'line': b'-- Up-to-date: /home/px4/ros2/ws/install/px4_msgs/include/px4_msgs/px4_msgs/msg/detail/estimator_status_flags__rosidl_typesupport_introspection_cpp.hpp\n'}
[1.762534] (px4_msgs) StdoutLine: {'line': b'-- Up-to-date: /home/px4/ros2/ws/install/px4_msgs/include/px4_msgs/px4_msgs/msg/detail/normalized_unsigned_setpoint__rosidl_typesupport_introspection_cpp.hpp\n'}
[1.762656] (px4_msgs) StdoutLine: {'line': b'-- Up-to-date: /home/px4/ros2/ws/install/px4_msgs/include/px4_msgs/px4_msgs/msg/detail/power_button_state__rosidl_typesupport_introspection_cpp.hpp\n'}
[1.762737] (px4_msgs) StdoutLine: {'line': b'-- Up-to-date: /home/px4/ros2/ws/install/px4_msgs/include/px4_msgs/px4_msgs/msg/detail/obstacle_distance__type_support.cpp\n'}
[1.762797] (px4_msgs) StdoutLine: {'line': b'-- Up-to-date: /home/px4/ros2/ws/install/px4_msgs/include/px4_msgs/px4_msgs/msg/detail/estimator_aid_source3d__rosidl_typesupport_introspection_cpp.hpp\n'}
[1.762907] (px4_msgs) StdoutLine: {'line': b'-- Up-to-date: /home/px4/ros2/ws/install/px4_msgs/include/px4_msgs/px4_msgs/msg/detail/button_event__rosidl_typesupport_introspection_cpp.hpp\n'}
[1.762979] (px4_msgs) StdoutLine: {'line': b'-- Up-to-date: /home/px4/ros2/ws/install/px4_msgs/include/px4_msgs/px4_msgs/msg/detail/fuel_tank_status__type_support.cpp\n'}
[1.763040] (px4_msgs) StdoutLine: {'line': b'-- Up-to-date: /home/px4/ros2/ws/install/px4_msgs/include/px4_msgs/px4_msgs/msg/detail/rtl_status__type_support.cpp\n'}
[1.763100] (px4_msgs) StdoutLine: {'line': b'-- Up-to-date: /home/px4/ros2/ws/install/px4_msgs/include/px4_msgs/px4_msgs/msg/detail/cpuload__type_support.cpp\n'}
[1.763201] (px4_msgs) StdoutLine: {'line': b'-- Up-to-date: /home/px4/ros2/ws/install/px4_msgs/include/px4_msgs/px4_msgs/msg/detail/vehicle_local_position_setpoint__rosidl_typesupport_introspection_cpp.hpp\n'}
[1.763266] (px4_msgs) StdoutLine: {'line': b'-- Up-to-date: /home/px4/ros2/ws/install/px4_msgs/include/px4_msgs/px4_msgs/msg/detail/rpm__type_support.cpp\n'}
[1.763330] (px4_msgs) StdoutLine: {'line': b'-- Up-to-date: /home/px4/ros2/ws/install/px4_msgs/include/px4_msgs/px4_msgs/msg/detail/fixed_wing_longitudinal_setpoint__type_support.cpp\n'}
[1.763390] (px4_msgs) StdoutLine: {'line': b'-- Up-to-date: /home/px4/ros2/ws/install/px4_msgs/include/px4_msgs/px4_msgs/msg/detail/rover_rate_status__type_support.cpp\n'}
[1.763450] (px4_msgs) StdoutLine: {'line': b'-- Up-to-date: /home/px4/ros2/ws/install/px4_msgs/include/px4_msgs/px4_msgs/msg/detail/goto_setpoint__type_support.cpp\n'}
[1.763525] (px4_msgs) StdoutLine: {'line': b'-- Up-to-date: /home/px4/ros2/ws/install/px4_msgs/include/px4_msgs/px4_msgs/msg/detail/radio_status__type_support.cpp\n'}
[1.763619] (px4_msgs) StdoutLine: {'line': b'-- Up-to-date: /home/px4/ros2/ws/install/px4_msgs/include/px4_msgs/px4_msgs/msg/detail/vehicle_optical_flow_vel__rosidl_typesupport_introspection_cpp.hpp\n'}
[1.763680] (px4_msgs) StdoutLine: {'line': b'-- Up-to-date: /home/px4/ros2/ws/install/px4_msgs/include/px4_msgs/px4_msgs/msg/detail/sensor_gyro__type_support.cpp\n'}
[1.763741] (px4_msgs) StdoutLine: {'line': b'-- Up-to-date: /home/px4/ros2/ws/install/px4_msgs/include/px4_msgs/px4_msgs/msg/detail/estimator_innovations__rosidl_typesupport_introspection_cpp.hpp\n'}
[1.763852] (px4_msgs) StdoutLine: {'line': b'-- Up-to-date: /home/px4/ros2/ws/install/px4_msgs/include/px4_msgs/px4_msgs/msg/detail/sensors_status_imu__type_support.cpp\n'}
[1.763921] (px4_msgs) StdoutLine: {'line': b'-- Up-to-date: /home/px4/ros2/ws/install/px4_msgs/include/px4_msgs/px4_msgs/msg/detail/sensor_correction__rosidl_typesupport_introspection_cpp.hpp\n'}
[1.763980] (px4_msgs) StdoutLine: {'line': b'-- Up-to-date: /home/px4/ros2/ws/install/px4_msgs/include/px4_msgs/px4_msgs/msg/detail/vehicle_air_data__type_support.cpp\n'}
[1.764090] (px4_msgs) StdoutLine: {'line': b'-- Up-to-date: /home/px4/ros2/ws/install/px4_msgs/include/px4_msgs/px4_msgs/msg/detail/manual_control_switches__type_support.cpp\n'}
[1.764162] (px4_msgs) StdoutLine: {'line': b'-- Up-to-date: /home/px4/ros2/ws/install/px4_msgs/include/px4_msgs/px4_msgs/msg/detail/position_setpoint_triplet__rosidl_typesupport_introspection_cpp.hpp\n'}
[1.764223] (px4_msgs) StdoutLine: {'line': b'-- Up-to-date: /home/px4/ros2/ws/install/px4_msgs/include/px4_msgs/px4_msgs/msg/detail/debug_array__type_support.cpp\n'}
[1.764283] (px4_msgs) StdoutLine: {'line': b'-- Up-to-date: /home/px4/ros2/ws/install/px4_msgs/include/px4_msgs/px4_msgs/msg/detail/vehicle_status__rosidl_typesupport_introspection_cpp.hpp\n'}
[1.764410] (px4_msgs) StdoutLine: {'line': b'-- Up-to-date: /home/px4/ros2/ws/install/px4_msgs/include/px4_msgs/px4_msgs/msg/detail/actuator_outputs__type_support.cpp\n'}
[1.764500] (px4_msgs) StdoutLine: {'line': b'-- Up-to-date: /home/px4/ros2/ws/install/px4_msgs/include/px4_msgs/px4_msgs/msg/detail/sensor_gnss_relative__rosidl_typesupport_introspection_cpp.hpp\n'}
[1.764601] (px4_msgs) StdoutLine: {'line': b'-- Up-to-date: /home/px4/ros2/ws/install/px4_msgs/include/px4_msgs/px4_msgs/msg/detail/hover_thrust_estimate__rosidl_typesupport_introspection_cpp.hpp\n'}
[1.764664] (px4_msgs) StdoutLine: {'line': b'-- Up-to-date: /home/px4/ros2/ws/install/px4_msgs/include/px4_msgs/px4_msgs/msg/detail/longitudinal_control_configuration__rosidl_typesupport_introspection_cpp.hpp\n'}
[1.764725] (px4_msgs) StdoutLine: {'line': b'-- Up-to-date: /home/px4/ros2/ws/install/px4_msgs/include/px4_msgs/px4_msgs/msg/detail/wheel_encoders__type_support.cpp\n'}
[1.764786] (px4_msgs) StdoutLine: {'line': b'-- Up-to-date: /home/px4/ros2/ws/install/px4_msgs/include/px4_msgs/px4_msgs/msg/detail/vehicle_rates_setpoint__type_support.cpp\n'}
[1.764847] (px4_msgs) StdoutLine: {'line': b'-- Up-to-date: /home/px4/ros2/ws/install/px4_msgs/include/px4_msgs/px4_msgs/msg/detail/gpio_in__rosidl_typesupport_introspection_cpp.hpp\n'}
[1.764908] (px4_msgs) StdoutLine: {'line': b'-- Up-to-date: /home/px4/ros2/ws/install/px4_msgs/include/px4_msgs/px4_msgs/msg/detail/follow_target__rosidl_typesupport_introspection_cpp.hpp\n'}
[1.764982] (px4_msgs) StdoutLine: {'line': b'-- Up-to-date: /home/px4/ros2/ws/install/px4_msgs/include/px4_msgs/px4_msgs/msg/detail/telemetry_status__type_support.cpp\n'}
[1.765088] (px4_msgs) StdoutLine: {'line': b'-- Up-to-date: /home/px4/ros2/ws/install/px4_msgs/include/px4_msgs/px4_msgs/msg/detail/landing_gear_wheel__rosidl_typesupport_introspection_cpp.hpp\n'}
[1.765155] (px4_msgs) StdoutLine: {'line': b'-- Up-to-date: /home/px4/ros2/ws/install/px4_msgs/include/px4_msgs/px4_msgs/msg/detail/vehicle_thrust_setpoint__rosidl_typesupport_introspection_cpp.hpp\n'}
[1.765263] (px4_msgs) StdoutLine: {'line': b'-- Up-to-date: /home/px4/ros2/ws/install/px4_msgs/include/px4_msgs/px4_msgs/msg/detail/home_position__rosidl_typesupport_introspection_cpp.hpp\n'}
[1.765333] (px4_msgs) StdoutLine: {'line': b'-- Up-to-date: /home/px4/ros2/ws/install/px4_msgs/include/px4_msgs/px4_msgs/msg/detail/sensor_gyro_fft__rosidl_typesupport_introspection_cpp.hpp\n'}
[1.765395] (px4_msgs) StdoutLine: {'line': b'-- Up-to-date: /home/px4/ros2/ws/install/px4_msgs/include/px4_msgs/px4_msgs/msg/detail/estimator_sensor_bias__rosidl_typesupport_introspection_cpp.hpp\n'}
[1.765456] (px4_msgs) StdoutLine: {'line': b'-- Up-to-date: /home/px4/ros2/ws/install/px4_msgs/include/px4_msgs/px4_msgs/msg/detail/orb_test__rosidl_typesupport_introspection_cpp.hpp\n'}
[1.765688] (px4_msgs) StdoutLine: {'line': b'-- Up-to-date: /home/px4/ros2/ws/install/px4_msgs/include/px4_msgs/px4_msgs/msg/detail/sensors_status_imu__rosidl_typesupport_introspection_cpp.hpp\n'}
[1.765801] (px4_msgs) StdoutLine: {'line': b'-- Up-to-date: /home/px4/ros2/ws/install/px4_msgs/include/px4_msgs/px4_msgs/msg/detail/orb_test_medium__rosidl_typesupport_introspection_cpp.hpp\n'}
[1.765889] (px4_msgs) StdoutLine: {'line': b'-- Up-to-date: /home/px4/ros2/ws/install/px4_msgs/include/px4_msgs/px4_msgs/msg/detail/vehicle_command_ack__type_support.cpp\n'}
[1.765968] (px4_msgs) StdoutLine: {'line': b'-- Up-to-date: /home/px4/ros2/ws/install/px4_msgs/include/px4_msgs/px4_msgs/msg/detail/gimbal_manager_set_attitude__rosidl_typesupport_introspection_cpp.hpp\n'}
[1.766046] (px4_msgs) StdoutLine: {'line': b'-- Up-to-date: /home/px4/ros2/ws/install/px4_msgs/include/px4_msgs/px4_msgs/msg/detail/sensor_airflow__rosidl_typesupport_introspection_cpp.hpp\n'}
[1.766147] (px4_msgs) StdoutLine: {'line': b'-- Up-to-date: /home/px4/ros2/ws/install/px4_msgs/include/px4_msgs/px4_msgs/msg/detail/mission_result__rosidl_typesupport_introspection_cpp.hpp\n'}
[1.766233] (px4_msgs) StdoutLine: {'line': b'-- Up-to-date: /home/px4/ros2/ws/install/px4_msgs/include/px4_msgs/px4_msgs/msg/detail/battery_info__type_support.cpp\n'}
[1.766390] (px4_msgs) StdoutLine: {'line': b'-- Up-to-date: /home/px4/ros2/ws/install/px4_msgs/include/px4_msgs/px4_msgs/msg/detail/sensor_preflight_mag__rosidl_typesupport_introspection_cpp.hpp\n'}
[1.766472] (px4_msgs) StdoutLine: {'line': b'-- Up-to-date: /home/px4/ros2/ws/install/px4_msgs/include/px4_msgs/px4_msgs/msg/detail/ekf2_timestamps__type_support.cpp\n'}
[1.766583] (px4_msgs) StdoutLine: {'line': b'-- Up-to-date: /home/px4/ros2/ws/install/px4_msgs/include/px4_msgs/px4_msgs/msg/detail/trajectory_setpoint__type_support.cpp\n'}
[1.766667] (px4_msgs) StdoutLine: {'line': b'-- Up-to-date: /home/px4/ros2/ws/install/px4_msgs/include/px4_msgs/px4_msgs/msg/detail/vehicle_land_detected__rosidl_typesupport_introspection_cpp.hpp\n'}
[1.766760] (px4_msgs) StdoutLine: {'line': b'-- Up-to-date: /home/px4/ros2/ws/install/px4_msgs/include/px4_msgs/px4_msgs/msg/detail/mount_orientation__rosidl_typesupport_introspection_cpp.hpp\n'}
[1.766841] (px4_msgs) StdoutLine: {'line': b'-- Up-to-date: /home/px4/ros2/ws/install/px4_msgs/include/px4_msgs/px4_msgs/msg/detail/open_drone_id_self_id__type_support.cpp\n'}
[1.766938] (px4_msgs) StdoutLine: {'line': b'-- Up-to-date: /home/px4/ros2/ws/install/px4_msgs/include/px4_msgs/px4_msgs/msg/detail/yaw_estimator_status__type_support.cpp\n'}
[1.767017] (px4_msgs) StdoutLine: {'line': b'-- Up-to-date: /home/px4/ros2/ws/install/px4_msgs/include/px4_msgs/px4_msgs/msg/detail/button_event__type_support.cpp\n'}
[1.767115] (px4_msgs) StdoutLine: {'line': b'-- Up-to-date: /home/px4/ros2/ws/install/px4_msgs/include/px4_msgs/px4_msgs/msg/detail/rtl_time_estimate__type_support.cpp\n'}
[1.767191] (px4_msgs) StdoutLine: {'line': b'-- Up-to-date: /home/px4/ros2/ws/install/px4_msgs/include/px4_msgs/px4_msgs/msg/detail/power_monitor__type_support.cpp\n'}
[1.767266] (px4_msgs) StdoutLine: {'line': b'-- Up-to-date: /home/px4/ros2/ws/install/px4_msgs/include/px4_msgs/px4_msgs/msg/detail/mag_worker_data__rosidl_typesupport_introspection_cpp.hpp\n'}
[1.767371] (px4_msgs) StdoutLine: {'line': b'-- Up-to-date: /home/px4/ros2/ws/install/px4_msgs/include/px4_msgs/px4_msgs/msg/detail/adc_report__type_support.cpp\n'}
[1.767433] (px4_msgs) StdoutLine: {'line': b'-- Up-to-date: /home/px4/ros2/ws/install/px4_msgs/include/px4_msgs/px4_msgs/msg/detail/fixed_wing_runway_control__type_support.cpp\n'}
[1.767506] (px4_msgs) StdoutLine: {'line': b'-- Up-to-date: /home/px4/ros2/ws/install/px4_msgs/include/px4_msgs/px4_msgs/msg/detail/irlock_report__type_support.cpp\n'}
[1.767616] (px4_msgs) StdoutLine: {'line': b'-- Up-to-date: /home/px4/ros2/ws/install/px4_msgs/include/px4_msgs/px4_msgs/msg/detail/rover_position_setpoint__rosidl_typesupport_introspection_cpp.hpp\n'}
[1.767679] (px4_msgs) StdoutLine: {'line': b'-- Up-to-date: /home/px4/ros2/ws/install/px4_msgs/include/px4_msgs/px4_msgs/msg/detail/normalized_unsigned_setpoint__type_support.cpp\n'}
[1.767743] (px4_msgs) StdoutLine: {'line': b'-- Up-to-date: /home/px4/ros2/ws/install/px4_msgs/include/px4_msgs/px4_msgs/msg/detail/geofence_status__type_support.cpp\n'}
[1.767807] (px4_msgs) StdoutLine: {'line': b'-- Up-to-date: /home/px4/ros2/ws/install/px4_msgs/include/px4_msgs/px4_msgs/msg/detail/fixed_wing_longitudinal_setpoint__rosidl_typesupport_introspection_cpp.hpp\n'}
[1.767915] (px4_msgs) StdoutLine: {'line': b'-- Up-to-date: /home/px4/ros2/ws/install/px4_msgs/include/px4_msgs/px4_msgs/msg/detail/estimator_bias3d__rosidl_typesupport_introspection_cpp.hpp\n'}
[1.767978] (px4_msgs) StdoutLine: {'line': b'-- Up-to-date: /home/px4/ros2/ws/install/px4_msgs/include/px4_msgs/px4_msgs/msg/detail/sensor_selection__type_support.cpp\n'}
[1.768039] (px4_msgs) StdoutLine: {'line': b'-- Up-to-date: /home/px4/ros2/ws/install/px4_msgs/include/px4_msgs/px4_msgs/msg/detail/camera_capture__type_support.cpp\n'}
[1.768099] (px4_msgs) StdoutLine: {'line': b'-- Up-to-date: /home/px4/ros2/ws/install/px4_msgs/include/px4_msgs/px4_msgs/msg/detail/sensor_accel_fifo__rosidl_typesupport_introspection_cpp.hpp\n'}
[1.768169] (px4_msgs) StdoutLine: {'line': b'-- Up-to-date: /home/px4/ros2/ws/install/px4_msgs/include/px4_msgs/px4_msgs/msg/detail/parameter_update__rosidl_typesupport_introspection_cpp.hpp\n'}
[1.768227] (px4_msgs) StdoutLine: {'line': b'-- Up-to-date: /home/px4/ros2/ws/install/px4_msgs/include/px4_msgs/px4_msgs/msg/detail/obstacle_distance__rosidl_typesupport_introspection_cpp.hpp\n'}
[1.768285] (px4_msgs) StdoutLine: {'line': b'-- Up-to-date: /home/px4/ros2/ws/install/px4_msgs/include/px4_msgs/px4_msgs/msg/detail/message_format_response__rosidl_typesupport_introspection_cpp.hpp\n'}
[1.768342] (px4_msgs) StdoutLine: {'line': b'-- Up-to-date: /home/px4/ros2/ws/install/px4_msgs/include/px4_msgs/px4_msgs/msg/detail/vehicle_rates_setpoint__rosidl_typesupport_introspection_cpp.hpp\n'}
[1.768401] (px4_msgs) StdoutLine: {'line': b'-- Up-to-date: /home/px4/ros2/ws/install/px4_msgs/include/px4_msgs/px4_msgs/msg/detail/control_allocator_status__type_support.cpp\n'}
[1.768461] (px4_msgs) StdoutLine: {'line': b'-- Up-to-date: /home/px4/ros2/ws/install/px4_msgs/include/px4_msgs/px4_msgs/msg/detail/gps_inject_data__type_support.cpp\n'}
[1.768624] (px4_msgs) StdoutLine: {'line': b'-- Up-to-date: /home/px4/ros2/ws/install/px4_msgs/include/px4_msgs/px4_msgs/msg/detail/config_overrides__type_support.cpp\n'}
[1.768698] (px4_msgs) StdoutLine: {'line': b'-- Up-to-date: /home/px4/ros2/ws/install/px4_msgs/include/px4_msgs/px4_msgs/msg/detail/vehicle_magnetometer__type_support.cpp\n'}
[1.768839] (px4_msgs) StdoutLine: {'line': b'-- Up-to-date: /home/px4/ros2/ws/install/px4_msgs/include/px4_msgs/px4_msgs/msg/detail/vehicle_roi__rosidl_typesupport_introspection_cpp.hpp\n'}
[1.768904] (px4_msgs) StdoutLine: {'line': b'-- Up-to-date: /home/px4/ros2/ws/install/px4_msgs/include/px4_msgs/px4_msgs/msg/detail/mode_completed__type_support.cpp\n'}
[1.768968] (px4_msgs) StdoutLine: {'line': b'-- Up-to-date: /home/px4/ros2/ws/install/px4_msgs/include/px4_msgs/px4_msgs/msg/detail/debug_value__rosidl_typesupport_introspection_cpp.hpp\n'}
[1.769030] (px4_msgs) StdoutLine: {'line': b'-- Up-to-date: /home/px4/ros2/ws/install/px4_msgs/include/px4_msgs/px4_msgs/msg/detail/gimbal_manager_set_attitude__type_support.cpp\n'}
[1.769166] (px4_msgs) StdoutLine: {'line': b'-- Up-to-date: /home/px4/ros2/ws/install/px4_msgs/include/px4_msgs/px4_msgs/msg/detail/camera_status__rosidl_typesupport_introspection_cpp.hpp\n'}
[1.769239] (px4_msgs) StdoutLine: {'line': b'-- Up-to-date: /home/px4/ros2/ws/install/px4_msgs/include/px4_msgs/px4_msgs/msg/detail/gpio_request__rosidl_typesupport_introspection_cpp.hpp\n'}
[1.769303] (px4_msgs) StdoutLine: {'line': b'-- Up-to-date: /home/px4/ros2/ws/install/px4_msgs/include/px4_msgs/px4_msgs/msg/detail/tiltrotor_extra_controls__rosidl_typesupport_introspection_cpp.hpp\n'}
[1.769364] (px4_msgs) StdoutLine: {'line': b'-- Up-to-date: /home/px4/ros2/ws/install/px4_msgs/include/px4_msgs/px4_msgs/msg/detail/estimator_selector_status__rosidl_typesupport_introspection_cpp.hpp\n'}
[1.769425] (px4_msgs) StdoutLine: {'line': b'-- Up-to-date: /home/px4/ros2/ws/install/px4_msgs/include/px4_msgs/px4_msgs/msg/detail/onboard_computer_status__type_support.cpp\n'}
[1.769511] (px4_msgs) StdoutLine: {'line': b'-- Up-to-date: /home/px4/ros2/ws/install/px4_msgs/include/px4_msgs/px4_msgs/msg/detail/health_report__rosidl_typesupport_introspection_cpp.hpp\n'}
[1.769593] (px4_msgs) StdoutLine: {'line': b'-- Up-to-date: /home/px4/ros2/ws/install/px4_msgs/include/px4_msgs/px4_msgs/msg/detail/landing_target_pose__type_support.cpp\n'}
[1.769653] (px4_msgs) StdoutLine: {'line': b'-- Up-to-date: /home/px4/ros2/ws/install/px4_msgs/include/px4_msgs/px4_msgs/msg/detail/launch_detection_status__rosidl_typesupport_introspection_cpp.hpp\n'}
[1.769780] (px4_msgs) StdoutLine: {'line': b'-- Up-to-date: /home/px4/ros2/ws/install/px4_msgs/include/px4_msgs/px4_msgs/msg/detail/geofence_status__rosidl_typesupport_introspection_cpp.hpp\n'}
[1.769844] (px4_msgs) StdoutLine: {'line': b'-- Up-to-date: /home/px4/ros2/ws/install/px4_msgs/include/px4_msgs/px4_msgs/msg/detail/open_drone_id_operator_id__rosidl_typesupport_introspection_cpp.hpp\n'}
[1.769913] (px4_msgs) StdoutLine: {'line': b'-- Up-to-date: /home/px4/ros2/ws/install/px4_msgs/include/px4_msgs/px4_msgs/msg/detail/position_controller_status__type_support.cpp\n'}
[1.770037] (px4_msgs) StdoutLine: {'line': b'-- Up-to-date: /home/px4/ros2/ws/install/px4_msgs/include/px4_msgs/px4_msgs/msg/detail/navigator_mission_item__rosidl_typesupport_introspection_cpp.hpp\n'}
[1.770102] (px4_msgs) StdoutLine: {'line': b'-- Up-to-date: /home/px4/ros2/ws/install/px4_msgs/include/px4_msgs/px4_msgs/msg/detail/tecs_status__type_support.cpp\n'}
[1.770165] (px4_msgs) StdoutLine: {'line': b'-- Up-to-date: /home/px4/ros2/ws/install/px4_msgs/include/px4_msgs/px4_msgs/msg/detail/distance_sensor_mode_change_request__type_support.cpp\n'}
[1.770224] (px4_msgs) StdoutLine: {'line': b'-- Up-to-date: /home/px4/ros2/ws/install/px4_msgs/include/px4_msgs/px4_msgs/msg/detail/rover_attitude_status__rosidl_typesupport_introspection_cpp.hpp\n'}
[1.770359] (px4_msgs) StdoutLine: {'line': b'-- Up-to-date: /home/px4/ros2/ws/install/px4_msgs/include/px4_msgs/px4_msgs/msg/detail/navigator_status__rosidl_typesupport_introspection_cpp.hpp\n'}
[1.770432] (px4_msgs) StdoutLine: {'line': b'-- Up-to-date: /home/px4/ros2/ws/install/px4_msgs/include/px4_msgs/px4_msgs/msg/detail/airspeed_validated__rosidl_typesupport_introspection_cpp.hpp\n'}
[1.770502] (px4_msgs) StdoutLine: {'line': b'-- Up-to-date: /home/px4/ros2/ws/install/px4_msgs/include/px4_msgs/px4_msgs/msg/detail/input_rc__type_support.cpp\n'}
[1.770580] (px4_msgs) StdoutLine: {'line': b'-- Up-to-date: /home/px4/ros2/ws/install/px4_msgs/include/px4_msgs/px4_msgs/msg/detail/unregister_ext_component__rosidl_typesupport_introspection_cpp.hpp\n'}
[1.770641] (px4_msgs) StdoutLine: {'line': b'-- Up-to-date: /home/px4/ros2/ws/install/px4_msgs/include/px4_msgs/px4_msgs/msg/detail/orb_test_large__type_support.cpp\n'}
[1.770701] (px4_msgs) StdoutLine: {'line': b'-- Up-to-date: /home/px4/ros2/ws/install/px4_msgs/include/px4_msgs/px4_msgs/msg/detail/gimbal_manager_status__rosidl_typesupport_introspection_cpp.hpp\n'}
[1.770761] (px4_msgs) StdoutLine: {'line': b'-- Up-to-date: /home/px4/ros2/ws/install/px4_msgs/include/px4_msgs/px4_msgs/msg/detail/esc_report__rosidl_typesupport_introspection_cpp.hpp\n'}
[1.770820] (px4_msgs) StdoutLine: {'line': b'-- Up-to-date: /home/px4/ros2/ws/install/px4_msgs/include/px4_msgs/px4_msgs/msg/detail/event__rosidl_typesupport_introspection_cpp.hpp\n'}
[1.770880] (px4_msgs) StdoutLine: {'line': b'-- Up-to-date: /home/px4/ros2/ws/install/px4_msgs/include/px4_msgs/px4_msgs/msg/detail/neural_control__type_support.cpp\n'}
[1.770953] (px4_msgs) StdoutLine: {'line': b'-- Up-to-date: /home/px4/ros2/ws/install/px4_msgs/include/px4_msgs/px4_msgs/msg/detail/vehicle_local_position_setpoint__type_support.cpp\n'}
[1.771104] (px4_msgs) StdoutLine: {'line': b'-- Up-to-date: /home/px4/ros2/ws/install/px4_msgs/include/px4_msgs/px4_msgs/msg/detail/generator_status__type_support.cpp\n'}
[1.771291] (px4_msgs) StdoutLine: {'line': b'-- Up-to-date: /home/px4/ros2/ws/install/px4_msgs/include/px4_msgs/px4_msgs/msg/detail/system_power__rosidl_typesupport_introspection_cpp.hpp\n'}
[1.771364] (px4_msgs) StdoutLine: {'line': b'-- Up-to-date: /home/px4/ros2/ws/install/px4_msgs/include/px4_msgs/px4_msgs/msg/detail/debug_vect__type_support.cpp\n'}
[1.771461] (px4_msgs) StdoutLine: {'line': b'-- Up-to-date: /home/px4/ros2/ws/install/px4_msgs/include/px4_msgs/px4_msgs/msg/detail/collision_constraints__type_support.cpp\n'}
[1.771540] (px4_msgs) StdoutLine: {'line': b'-- Up-to-date: /home/px4/ros2/ws/install/px4_msgs/include/px4_msgs/px4_msgs/msg/detail/rover_attitude_setpoint__rosidl_typesupport_introspection_cpp.hpp\n'}
[1.771608] (px4_msgs) StdoutLine: {'line': b'-- Up-to-date: /home/px4/ros2/ws/install/px4_msgs/include/px4_msgs/px4_msgs/msg/detail/vehicle_land_detected__type_support.cpp\n'}
[1.771669] (px4_msgs) StdoutLine: {'line': b'-- Up-to-date: /home/px4/ros2/ws/install/px4_msgs/include/px4_msgs/px4_msgs/msg/detail/gps_inject_data__rosidl_typesupport_introspection_cpp.hpp\n'}
[1.771740] (px4_msgs) StdoutLine: {'line': b'-- Up-to-date: /home/px4/ros2/ws/install/px4_msgs/include/px4_msgs/px4_msgs/msg/detail/sensor_correction__type_support.cpp\n'}
[1.771802] (px4_msgs) StdoutLine: {'line': b'-- Up-to-date: /home/px4/ros2/ws/install/px4_msgs/include/px4_msgs/px4_msgs/msg/detail/position_setpoint__rosidl_typesupport_introspection_cpp.hpp\n'}
[1.771933] (px4_msgs) StdoutLine: {'line': b'-- Up-to-date: /home/px4/ros2/ws/install/px4_msgs/include/px4_msgs/px4_msgs/msg/detail/vehicle_angular_velocity__rosidl_typesupport_introspection_cpp.hpp\n'}
[1.771998] (px4_msgs) StdoutLine: {'line': b'-- Up-to-date: /home/px4/ros2/ws/install/px4_msgs/include/px4_msgs/px4_msgs/msg/detail/estimator_status_flags__type_support.cpp\n'}
[1.772056] (px4_msgs) StdoutLine: {'line': b'-- Up-to-date: /home/px4/ros2/ws/install/px4_msgs/include/px4_msgs/px4_msgs/msg/detail/system_power__type_support.cpp\n'}
[1.772124] (px4_msgs) StdoutLine: {'line': b'-- Up-to-date: /home/px4/ros2/ws/install/px4_msgs/include/px4_msgs/px4_msgs/msg/detail/longitudinal_control_configuration__type_support.cpp\n'}
[1.772200] (px4_msgs) StdoutLine: {'line': b'-- Up-to-date: /home/px4/ros2/ws/install/px4_msgs/include/px4_msgs/px4_msgs/msg/detail/debug_key_value__rosidl_typesupport_introspection_cpp.hpp\n'}
[1.772259] (px4_msgs) StdoutLine: {'line': b'-- Up-to-date: /home/px4/ros2/ws/install/px4_msgs/include/px4_msgs/px4_msgs/msg/detail/vehicle_command__rosidl_typesupport_introspection_cpp.hpp\n'}
[1.772345] (px4_msgs) StdoutLine: {'line': b'-- Up-to-date: /home/px4/ros2/ws/install/px4_msgs/include/px4_msgs/px4_msgs/msg/detail/sensor_optical_flow__type_support.cpp\n'}
[1.772437] (px4_msgs) StdoutLine: {'line': b'-- Up-to-date: /home/px4/ros2/ws/install/px4_msgs/include/px4_msgs/px4_msgs/msg/detail/position_controller_landing_status__rosidl_typesupport_introspection_cpp.hpp\n'}
[1.772614] (px4_msgs) StdoutLine: {'line': b'-- Up-to-date: /home/px4/ros2/ws/install/px4_msgs/include/px4_msgs/px4_msgs/msg/detail/wind__rosidl_typesupport_introspection_cpp.hpp\n'}
[1.772725] (px4_msgs) StdoutLine: {'line': b'-- Up-to-date: /home/px4/ros2/ws/install/px4_msgs/include/px4_msgs/px4_msgs/msg/detail/iridiumsbd_status__type_support.cpp\n'}
[1.772824] (px4_msgs) StdoutLine: {'line': b'-- Up-to-date: /home/px4/ros2/ws/install/px4_msgs/include/px4_msgs/px4_msgs/msg/detail/sensor_baro__type_support.cpp\n'}
[1.772975] (px4_msgs) StdoutLine: {'line': b'-- Up-to-date: /home/px4/ros2/ws/install/px4_msgs/include/px4_msgs/px4_msgs/msg/detail/sensor_hygrometer__rosidl_typesupport_introspection_cpp.hpp\n'}
[1.773042] (px4_msgs) StdoutLine: {'line': b'-- Up-to-date: /home/px4/ros2/ws/install/px4_msgs/include/px4_msgs/px4_msgs/msg/detail/pps_capture__type_support.cpp\n'}
[1.773104] (px4_msgs) StdoutLine: {'line': b'-- Up-to-date: /home/px4/ros2/ws/install/px4_msgs/include/px4_msgs/px4_msgs/msg/detail/battery_status__type_support.cpp\n'}
[1.773287] (px4_msgs) StdoutLine: {'line': b'-- Up-to-date: /home/px4/ros2/ws/install/px4_msgs/include/px4_msgs/px4_msgs/msg/detail/offboard_control_mode__rosidl_typesupport_introspection_cpp.hpp\n'}
[1.773392] (px4_msgs) StdoutLine: {'line': b'-- Up-to-date: /home/px4/ros2/ws/install/px4_msgs/include/px4_msgs/px4_msgs/msg/detail/vehicle_thrust_setpoint__type_support.cpp\n'}
[1.773481] (px4_msgs) StdoutLine: {'line': b'-- Up-to-date: /home/px4/ros2/ws/install/px4_msgs/include/px4_msgs/px4_msgs/msg/detail/radio_status__rosidl_typesupport_introspection_cpp.hpp\n'}
[1.773655] (px4_msgs) StdoutLine: {'line': b'-- Up-to-date: /home/px4/ros2/ws/install/px4_msgs/include/px4_msgs/px4_msgs/msg/detail/neural_control__rosidl_typesupport_introspection_cpp.hpp\n'}
[1.773738] (px4_msgs) StdoutLine: {'line': b'-- Up-to-date: /home/px4/ros2/ws/install/px4_msgs/include/px4_msgs/px4_msgs/msg/detail/vehicle_attitude__rosidl_typesupport_introspection_cpp.hpp\n'}
[1.773874] (px4_msgs) StdoutLine: {'line': b'-- Up-to-date: /home/px4/ros2/ws/install/px4_msgs/include/px4_msgs/px4_msgs/msg/detail/yaw_estimator_status__rosidl_typesupport_introspection_cpp.hpp\n'}
[1.773969] (px4_msgs) StdoutLine: {'line': b'-- Up-to-date: /home/px4/ros2/ws/install/px4_msgs/include/px4_msgs/px4_msgs/msg/detail/orbit_status__type_support.cpp\n'}
[1.774065] (px4_msgs) StdoutLine: {'line': b'-- Up-to-date: /home/px4/ros2/ws/install/px4_msgs/include/px4_msgs/px4_msgs/msg/detail/airspeed__type_support.cpp\n'}
[1.774148] (px4_msgs) StdoutLine: {'line': b'-- Up-to-date: /home/px4/ros2/ws/install/px4_msgs/include/px4_msgs/px4_msgs/msg/detail/estimator_bias3d__type_support.cpp\n'}
[1.774247] (px4_msgs) StdoutLine: {'line': b'-- Up-to-date: /home/px4/ros2/ws/install/px4_msgs/include/px4_msgs/px4_msgs/msg/detail/message_format_request__type_support.cpp\n'}
[1.774336] (px4_msgs) StdoutLine: {'line': b'-- Up-to-date: /home/px4/ros2/ws/install/px4_msgs/include/px4_msgs/px4_msgs/msg/detail/irlock_report__rosidl_typesupport_introspection_cpp.hpp\n'}
[1.774423] (px4_msgs) StdoutLine: {'line': b'-- Up-to-date: /home/px4/ros2/ws/install/px4_msgs/include/px4_msgs/px4_msgs/msg/detail/orb_test_large__rosidl_typesupport_introspection_cpp.hpp\n'}
[1.774517] (px4_msgs) StdoutLine: {'line': b'-- Up-to-date: /home/px4/ros2/ws/install/px4_msgs/include/px4_msgs/px4_msgs/msg/detail/differential_pressure__rosidl_typesupport_introspection_cpp.hpp\n'}
[1.774604] (px4_msgs) StdoutLine: {'line': b'-- Up-to-date: /home/px4/ros2/ws/install/px4_msgs/include/px4_msgs/px4_msgs/msg/detail/figure_eight_status__type_support.cpp\n'}
[1.774688] (px4_msgs) StdoutLine: {'line': b'-- Up-to-date: /home/px4/ros2/ws/install/px4_msgs/include/px4_msgs/px4_msgs/msg/detail/rover_steering_setpoint__type_support.cpp\n'}
[1.774752] (px4_msgs) StdoutLine: {'line': b'-- Up-to-date: /home/px4/ros2/ws/install/px4_msgs/include/px4_msgs/px4_msgs/msg/detail/pps_capture__rosidl_typesupport_introspection_cpp.hpp\n'}
[1.774814] (px4_msgs) StdoutLine: {'line': b'-- Up-to-date: /home/px4/ros2/ws/install/px4_msgs/include/px4_msgs/px4_msgs/msg/detail/uavcan_parameter_value__rosidl_typesupport_introspection_cpp.hpp\n'}
[1.774890] (px4_msgs) StdoutLine: {'line': b'-- Up-to-date: /home/px4/ros2/ws/install/px4_msgs/include/px4_msgs/px4_msgs/msg/detail/sensor_gyro_fifo__type_support.cpp\n'}
[1.774954] (px4_msgs) StdoutLine: {'line': b'-- Up-to-date: /home/px4/ros2/ws/install/px4_msgs/include/px4_msgs/px4_msgs/msg/detail/rover_rate_setpoint__type_support.cpp\n'}
[1.775038] (px4_msgs) StdoutLine: {'line': b'-- Up-to-date: /home/px4/ros2/ws/install/px4_msgs/include/px4_msgs/px4_msgs/msg/detail/gimbal_device_attitude_status__type_support.cpp\n'}
[1.775117] (px4_msgs) StdoutLine: {'line': b'-- Up-to-date: /home/px4/ros2/ws/install/px4_msgs/include/px4_msgs/px4_msgs/msg/detail/gps_dump__type_support.cpp\n'}
[1.775204] (px4_msgs) StdoutLine: {'line': b'-- Up-to-date: /home/px4/ros2/ws/install/px4_msgs/include/px4_msgs/px4_msgs/msg/detail/logger_status__type_support.cpp\n'}
[1.775281] (px4_msgs) StdoutLine: {'line': b'-- Up-to-date: /home/px4/ros2/ws/install/px4_msgs/include/px4_msgs/px4_msgs/msg/detail/figure_eight_status__rosidl_typesupport_introspection_cpp.hpp\n'}
[1.775360] (px4_msgs) StdoutLine: {'line': b'-- Up-to-date: /home/px4/ros2/ws/install/px4_msgs/include/px4_msgs/px4_msgs/msg/detail/autotune_attitude_control_status__type_support.cpp\n'}
[1.775438] (px4_msgs) StdoutLine: {'line': b'-- Up-to-date: /home/px4/ros2/ws/install/px4_msgs/include/px4_msgs/px4_msgs/msg/detail/trajectory_setpoint6dof__rosidl_typesupport_introspection_cpp.hpp\n'}
[1.775526] (px4_msgs) StdoutLine: {'line': b'-- Up-to-date: /home/px4/ros2/ws/install/px4_msgs/include/px4_msgs/px4_msgs/msg/detail/tune_control__rosidl_typesupport_introspection_cpp.hpp\n'}
[1.775609] (px4_msgs) StdoutLine: {'line': b'-- Up-to-date: /home/px4/ros2/ws/install/px4_msgs/include/px4_msgs/px4_msgs/msg/detail/vehicle_attitude_setpoint__type_support.cpp\n'}
[1.775691] (px4_msgs) StdoutLine: {'line': b'-- Up-to-date: /home/px4/ros2/ws/install/px4_msgs/include/px4_msgs/px4_msgs/msg/detail/vehicle_command__type_support.cpp\n'}
[1.775769] (px4_msgs) StdoutLine: {'line': b'-- Up-to-date: /home/px4/ros2/ws/install/px4_msgs/include/px4_msgs/px4_msgs/msg/detail/vehicle_imu_status__type_support.cpp\n'}
[1.775881] (px4_msgs) StdoutLine: {'line': b'-- Up-to-date: /home/px4/ros2/ws/install/px4_msgs/include/px4_msgs/px4_msgs/msg/detail/gimbal_device_attitude_status__rosidl_typesupport_introspection_cpp.hpp\n'}
[1.775944] (px4_msgs) StdoutLine: {'line': b'-- Up-to-date: /home/px4/ros2/ws/install/px4_msgs/include/px4_msgs/px4_msgs/msg/detail/cpuload__rosidl_typesupport_introspection_cpp.hpp\n'}
[1.776008] (px4_msgs) StdoutLine: {'line': b'-- Up-to-date: /home/px4/ros2/ws/install/px4_msgs/include/px4_msgs/px4_msgs/msg/detail/vehicle_angular_acceleration_setpoint__type_support.cpp\n'}
[1.776068] (px4_msgs) StdoutLine: {'line': b'-- Up-to-date: /home/px4/ros2/ws/install/px4_msgs/include/px4_msgs/px4_msgs/msg/detail/qshell_retval__type_support.cpp\n'}
[1.776168] (px4_msgs) StdoutLine: {'line': b'-- Up-to-date: /home/px4/ros2/ws/install/px4_msgs/include/px4_msgs/px4_msgs/msg/detail/vehicle_constraints__type_support.cpp\n'}
[1.776246] (px4_msgs) StdoutLine: {'line': b'-- Up-to-date: /home/px4/ros2/ws/install/px4_msgs/include/px4_msgs/px4_msgs/msg/detail/vehicle_imu__rosidl_typesupport_introspection_cpp.hpp\n'}
[1.776328] (px4_msgs) StdoutLine: {'line': b'-- Up-to-date: /home/px4/ros2/ws/install/px4_msgs/include/px4_msgs/px4_msgs/msg/detail/adc_report__rosidl_typesupport_introspection_cpp.hpp\n'}
[1.776412] (px4_msgs) StdoutLine: {'line': b'-- Up-to-date: /home/px4/ros2/ws/install/px4_msgs/include/px4_msgs/px4_msgs/msg/detail/transponder_report__type_support.cpp\n'}
[1.776522] (px4_msgs) StdoutLine: {'line': b'-- Up-to-date: /home/px4/ros2/ws/install/px4_msgs/include/px4_msgs/px4_msgs/msg/detail/sensor_gps__rosidl_typesupport_introspection_cpp.hpp\n'}
[1.776648] (px4_msgs) StdoutLine: {'line': b'-- Up-to-date: /home/px4/ros2/ws/install/px4_msgs/include/px4_msgs/px4_msgs/msg/detail/actuator_outputs__rosidl_typesupport_introspection_cpp.hpp\n'}
[1.776737] (px4_msgs) StdoutLine: {'line': b'-- Up-to-date: /home/px4/ros2/ws/install/px4_msgs/include/px4_msgs/px4_msgs/msg/detail/telemetry_status__rosidl_typesupport_introspection_cpp.hpp\n'}
[1.776870] (px4_msgs) StdoutLine: {'line': b'-- Up-to-date: /home/px4/ros2/ws/install/px4_msgs/include/px4_msgs/px4_msgs/msg/detail/parameter_reset_request__type_support.cpp\n'}
[1.776939] (px4_msgs) StdoutLine: {'line': b'-- Up-to-date: /home/px4/ros2/ws/install/px4_msgs/include/px4_msgs/px4_msgs/msg/detail/estimator_sensor_bias__type_support.cpp\n'}
[1.777000] (px4_msgs) StdoutLine: {'line': b'-- Up-to-date: /home/px4/ros2/ws/install/px4_msgs/include/px4_msgs/px4_msgs/msg/detail/parameter_set_value_request__type_support.cpp\n'}
[1.777058] (px4_msgs) StdoutLine: {'line': b'-- Up-to-date: /home/px4/ros2/ws/install/px4_msgs/include/px4_msgs/px4_msgs/msg/detail/gimbal_manager_status__type_support.cpp\n'}
[1.777123] (px4_msgs) StdoutLine: {'line': b'-- Up-to-date: /home/px4/ros2/ws/install/px4_msgs/include/px4_msgs/px4_msgs/msg/detail/rc_parameter_map__rosidl_typesupport_introspection_cpp.hpp\n'}
[1.777192] (px4_msgs) StdoutLine: {'line': b'-- Up-to-date: /home/px4/ros2/ws/install/px4_msgs/include/px4_msgs/px4_msgs/msg/detail/distance_sensor__type_support.cpp\n'}
[1.777264] (px4_msgs) StdoutLine: {'line': b'-- Up-to-date: /home/px4/ros2/ws/install/px4_msgs/include/px4_msgs/px4_msgs/msg/detail/gimbal_controls__rosidl_typesupport_introspection_cpp.hpp\n'}
[1.777360] (px4_msgs) StdoutLine: {'line': b'-- Up-to-date: /home/px4/ros2/ws/install/px4_msgs/include/px4_msgs/px4_msgs/msg/detail/register_ext_component_request__rosidl_typesupport_introspection_cpp.hpp\n'}
[1.777484] (px4_msgs) StdoutLine: {'line': b'-- Up-to-date: /home/px4/ros2/ws/install/px4_msgs/include/px4_msgs/px4_msgs/msg/detail/log_message__rosidl_typesupport_introspection_cpp.hpp\n'}
[1.777576] (px4_msgs) StdoutLine: {'line': b'-- Up-to-date: /home/px4/ros2/ws/install/px4_msgs/include/px4_msgs/px4_msgs/msg/detail/open_drone_id_system__type_support.cpp\n'}
[1.777691] (px4_msgs) StdoutLine: {'line': b'-- Up-to-date: /home/px4/ros2/ws/install/px4_msgs/include/px4_msgs/px4_msgs/msg/detail/offboard_control_mode__type_support.cpp\n'}
[1.777763] (px4_msgs) StdoutLine: {'line': b'-- Up-to-date: /home/px4/ros2/ws/install/px4_msgs/include/px4_msgs/px4_msgs/msg/detail/gripper__type_support.cpp\n'}
[1.777824] (px4_msgs) StdoutLine: {'line': b'-- Up-to-date: /home/px4/ros2/ws/install/px4_msgs/include/px4_msgs/px4_msgs/msg/detail/airspeed__rosidl_typesupport_introspection_cpp.hpp\n'}
[1.777882] (px4_msgs) StdoutLine: {'line': b'-- Up-to-date: /home/px4/ros2/ws/install/px4_msgs/include/px4_msgs/px4_msgs/msg/detail/rover_velocity_status__rosidl_typesupport_introspection_cpp.hpp\n'}
[1.777979] (px4_msgs) StdoutLine: {'line': b'-- Up-to-date: /home/px4/ros2/ws/install/px4_msgs/include/px4_msgs/px4_msgs/msg/detail/cellular_status__type_support.cpp\n'}
[1.778047] (px4_msgs) StdoutLine: {'line': b'-- Up-to-date: /home/px4/ros2/ws/install/px4_msgs/include/px4_msgs/px4_msgs/msg/detail/estimator_innovations__type_support.cpp\n'}
[1.778105] (px4_msgs) StdoutLine: {'line': b'-- Up-to-date: /home/px4/ros2/ws/install/px4_msgs/include/px4_msgs/px4_msgs/msg/detail/mag_worker_data__type_support.cpp\n'}
[1.778165] (px4_msgs) StdoutLine: {'line': b'-- Up-to-date: /home/px4/ros2/ws/install/px4_msgs/include/px4_msgs/px4_msgs/msg/detail/vehicle_optical_flow__rosidl_typesupport_introspection_cpp.hpp\n'}
[1.778226] (px4_msgs) StdoutLine: {'line': b'-- Up-to-date: /home/px4/ros2/ws/install/px4_msgs/include/px4_msgs/px4_msgs/msg/detail/onboard_computer_status__rosidl_typesupport_introspection_cpp.hpp\n'}
[1.778285] (px4_msgs) StdoutLine: {'line': b'-- Up-to-date: /home/px4/ros2/ws/install/px4_msgs/include/px4_msgs/px4_msgs/msg/detail/sensor_gyro_fft__type_support.cpp\n'}
[1.778343] (px4_msgs) StdoutLine: {'line': b'-- Up-to-date: /home/px4/ros2/ws/install/px4_msgs/include/px4_msgs/px4_msgs/msg/detail/sensor_selection__rosidl_typesupport_introspection_cpp.hpp\n'}
[1.778402] (px4_msgs) StdoutLine: {'line': b'-- Up-to-date: /home/px4/ros2/ws/install/px4_msgs/include/px4_msgs/px4_msgs/msg/detail/fixed_wing_lateral_setpoint__rosidl_typesupport_introspection_cpp.hpp\n'}
[1.778460] (px4_msgs) StdoutLine: {'line': b'-- Up-to-date: /home/px4/ros2/ws/install/px4_msgs/include/px4_msgs/px4_msgs/msg/detail/gripper__rosidl_typesupport_introspection_cpp.hpp\n'}
[1.778565] (px4_msgs) StdoutLine: {'line': b'-- Up-to-date: /home/px4/ros2/ws/install/px4_msgs/include/px4_msgs/px4_msgs/msg/detail/gpio_config__type_support.cpp\n'}
[1.778676] (px4_msgs) StdoutLine: {'line': b'-- Up-to-date: /home/px4/ros2/ws/install/px4_msgs/include/px4_msgs/px4_msgs/msg/detail/debug_vect__rosidl_typesupport_introspection_cpp.hpp\n'}
[1.778779] (px4_msgs) StdoutLine: {'line': b'-- Up-to-date: /home/px4/ros2/ws/install/px4_msgs/include/px4_msgs/px4_msgs/msg/detail/heater_status__type_support.cpp\n'}
[1.778928] (px4_msgs) StdoutLine: {'line': b'-- Up-to-date: /home/px4/ros2/ws/install/px4_msgs/include/px4_msgs/px4_msgs/msg/detail/sensor_gyro_fifo__rosidl_typesupport_introspection_cpp.hpp\n'}
[1.778993] (px4_msgs) StdoutLine: {'line': b'-- Up-to-date: /home/px4/ros2/ws/install/px4_msgs/include/px4_msgs/px4_msgs/msg/detail/estimator_selector_status__type_support.cpp\n'}
[1.779052] (px4_msgs) StdoutLine: {'line': b'-- Up-to-date: /home/px4/ros2/ws/install/px4_msgs/include/px4_msgs/px4_msgs/msg/detail/failure_detector_status__rosidl_typesupport_introspection_cpp.hpp\n'}
[1.779113] (px4_msgs) StdoutLine: {'line': b'-- Up-to-date: /home/px4/ros2/ws/install/px4_msgs/include/px4_msgs/px4_msgs/msg/detail/vehicle_torque_setpoint__type_support.cpp\n'}
[1.779197] (px4_msgs) StdoutLine: {'line': b'-- Up-to-date: /home/px4/ros2/ws/install/px4_msgs/include/px4_msgs/px4_msgs/msg/detail/rover_attitude_setpoint__type_support.cpp\n'}
[1.779275] (px4_msgs) StdoutLine: {'line': b'-- Up-to-date: /home/px4/ros2/ws/install/px4_msgs/include/px4_msgs/px4_msgs/msg/detail/sensors_status__type_support.cpp\n'}
[1.779350] (px4_msgs) StdoutLine: {'line': b'-- Up-to-date: /home/px4/ros2/ws/install/px4_msgs/include/px4_msgs/px4_msgs/msg/detail/open_drone_id_operator_id__type_support.cpp\n'}
[1.779437] (px4_msgs) StdoutLine: {'line': b'-- Up-to-date: /home/px4/ros2/ws/install/px4_msgs/include/px4_msgs/px4_msgs/msg/detail/battery_status__rosidl_typesupport_introspection_cpp.hpp\n'}
[1.779508] (px4_msgs) StdoutLine: {'line': b'-- Up-to-date: /home/px4/ros2/ws/install/px4_msgs/include/px4_msgs/px4_msgs/msg/detail/manual_control_switches__rosidl_typesupport_introspection_cpp.hpp\n'}
[1.779584] (px4_msgs) StdoutLine: {'line': b'-- Up-to-date: /home/px4/ros2/ws/install/px4_msgs/include/px4_msgs/px4_msgs/msg/detail/ping__rosidl_typesupport_introspection_cpp.hpp\n'}
[1.779644] (px4_msgs) StdoutLine: {'line': b'-- Up-to-date: /home/px4/ros2/ws/install/px4_msgs/include/px4_msgs/px4_msgs/msg/detail/vehicle_roi__type_support.cpp\n'}
[1.779702] (px4_msgs) StdoutLine: {'line': b'-- Up-to-date: /home/px4/ros2/ws/install/px4_msgs/include/px4_msgs/px4_msgs/msg/detail/debug_array__rosidl_typesupport_introspection_cpp.hpp\n'}
[1.779807] (px4_msgs) StdoutLine: {'line': b'-- Up-to-date: /home/px4/ros2/ws/install/px4_msgs/include/px4_msgs/px4_msgs/msg/detail/qshell_req__type_support.cpp\n'}
[1.779872] (px4_msgs) StdoutLine: {'line': b'-- Up-to-date: /home/px4/ros2/ws/install/px4_msgs/include/px4_msgs/px4_msgs/msg/detail/gpio_request__type_support.cpp\n'}
[1.779933] (px4_msgs) StdoutLine: {'line': b'-- Up-to-date: /home/px4/ros2/ws/install/px4_msgs/include/px4_msgs/px4_msgs/msg/detail/vehicle_global_position__type_support.cpp\n'}
[1.780005] (px4_msgs) StdoutLine: {'line': b'-- Up-to-date: /home/px4/ros2/ws/install/px4_msgs/include/px4_msgs/px4_msgs/msg/detail/geofence_result__rosidl_typesupport_introspection_cpp.hpp\n'}
[1.780094] (px4_msgs) StdoutLine: {'line': b'-- Up-to-date: /home/px4/ros2/ws/install/px4_msgs/include/px4_msgs/px4_msgs/msg/detail/sensor_gnss_relative__type_support.cpp\n'}
[1.780160] (px4_msgs) StdoutLine: {'line': b'-- Up-to-date: /home/px4/ros2/ws/install/px4_msgs/include/px4_msgs/px4_msgs/msg/detail/px4io_status__rosidl_typesupport_introspection_cpp.hpp\n'}
[1.780219] (px4_msgs) StdoutLine: {'line': b'-- Up-to-date: /home/px4/ros2/ws/install/px4_msgs/include/px4_msgs/px4_msgs/msg/detail/position_setpoint__type_support.cpp\n'}
[1.780284] (px4_msgs) StdoutLine: {'line': b'-- Up-to-date: /home/px4/ros2/ws/install/px4_msgs/include/px4_msgs/px4_msgs/msg/detail/failure_detector_status__type_support.cpp\n'}
[1.780364] (px4_msgs) StdoutLine: {'line': b'-- Up-to-date: /home/px4/ros2/ws/install/px4_msgs/include/px4_msgs/px4_msgs/msg/detail/estimator_event_flags__rosidl_typesupport_introspection_cpp.hpp\n'}
[1.780459] (px4_msgs) StdoutLine: {'line': b'-- Up-to-date: /home/px4/ros2/ws/install/px4_msgs/include/px4_msgs/px4_msgs/msg/detail/can_interface_status__rosidl_typesupport_introspection_cpp.hpp\n'}
[1.780579] (px4_msgs) StdoutLine: {'line': b'-- Up-to-date: /home/px4/ros2/ws/install/px4_msgs/include/px4_msgs/px4_msgs/msg/detail/airspeed_wind__rosidl_typesupport_introspection_cpp.hpp\n'}
[1.780644] (px4_msgs) StdoutLine: {'line': b'-- Up-to-date: /home/px4/ros2/ws/install/px4_msgs/include/px4_msgs/px4_msgs/msg/detail/orb_test__type_support.cpp\n'}
[1.780702] (px4_msgs) StdoutLine: {'line': b'-- Up-to-date: /home/px4/ros2/ws/install/px4_msgs/include/px4_msgs/px4_msgs/msg/detail/rover_throttle_setpoint__type_support.cpp\n'}
[1.780760] (px4_msgs) StdoutLine: {'line': b'-- Up-to-date: /home/px4/ros2/ws/install/px4_msgs/include/px4_msgs/px4_msgs/msg/detail/actuator_servos_trim__rosidl_typesupport_introspection_cpp.hpp\n'}
[1.780819] (px4_msgs) StdoutLine: {'line': b'-- Up-to-date: /home/px4/ros2/ws/install/px4_msgs/include/px4_msgs/px4_msgs/msg/detail/parameter_set_used_request__type_support.cpp\n'}
[1.780879] (px4_msgs) StdoutLine: {'line': b'-- Up-to-date: /home/px4/ros2/ws/install/px4_msgs/include/px4_msgs/px4_msgs/msg/detail/estimator_states__rosidl_typesupport_introspection_cpp.hpp\n'}
[1.780979] (px4_msgs) StdoutLine: {'line': b'-- Up-to-date: /home/px4/ros2/ws/install/px4_msgs/include/px4_msgs/px4_msgs/msg/detail/sensor_mag__rosidl_typesupport_introspection_cpp.hpp\n'}
[1.781070] (px4_msgs) StdoutLine: {'line': b'-- Up-to-date: /home/px4/ros2/ws/install/px4_msgs/include/px4_msgs/px4_msgs/msg/detail/ulog_stream__rosidl_typesupport_introspection_cpp.hpp\n'}
[1.781140] (px4_msgs) StdoutLine: {'line': b'-- Up-to-date: /home/px4/ros2/ws/install/px4_msgs/include/px4_msgs/px4_msgs/msg/detail/mount_orientation__type_support.cpp\n'}
[1.781264] (px4_msgs) StdoutLine: {'line': b'-- Up-to-date: /home/px4/ros2/ws/install/px4_msgs/include/px4_msgs/px4_msgs/msg/detail/task_stack_info__rosidl_typesupport_introspection_cpp.hpp\n'}
[1.781325] (px4_msgs) StdoutLine: {'line': b'-- Up-to-date: /home/px4/ros2/ws/install/px4_msgs/include/px4_msgs/px4_msgs/msg/detail/vehicle_odometry__rosidl_typesupport_introspection_cpp.hpp\n'}
[1.781385] (px4_msgs) StdoutLine: {'line': b'-- Up-to-date: /home/px4/ros2/ws/install/px4_msgs/include/px4_msgs/px4_msgs/msg/detail/actuator_motors__type_support.cpp\n'}
[1.781443] (px4_msgs) StdoutLine: {'line': b'-- Up-to-date: /home/px4/ros2/ws/install/px4_msgs/include/px4_msgs/px4_msgs/msg/detail/fixed_wing_runway_control__rosidl_typesupport_introspection_cpp.hpp\n'}
[1.781567] (px4_msgs) StdoutLine: {'line': b'-- Up-to-date: /home/px4/ros2/ws/install/px4_msgs/include/px4_msgs/px4_msgs/msg/detail/pwm_input__rosidl_typesupport_introspection_cpp.hpp\n'}
[1.781660] (px4_msgs) StdoutLine: {'line': b'-- Up-to-date: /home/px4/ros2/ws/install/px4_msgs/include/px4_msgs/px4_msgs/msg/detail/arming_check_reply__type_support.cpp\n'}
[1.781722] (px4_msgs) StdoutLine: {'line': b'-- Up-to-date: /home/px4/ros2/ws/install/px4_msgs/include/px4_msgs/px4_msgs/msg/detail/actuator_test__rosidl_typesupport_introspection_cpp.hpp\n'}
[1.781782] (px4_msgs) StdoutLine: {'line': b'-- Up-to-date: /home/px4/ros2/ws/install/px4_msgs/include/px4_msgs/px4_msgs/msg/detail/heater_status__rosidl_typesupport_introspection_cpp.hpp\n'}
[1.781841] (px4_msgs) StdoutLine: {'line': b'-- Up-to-date: /home/px4/ros2/ws/install/px4_msgs/include/px4_msgs/px4_msgs/msg/detail/fuel_tank_status__rosidl_typesupport_introspection_cpp.hpp\n'}
[1.781900] (px4_msgs) StdoutLine: {'line': b'-- Up-to-date: /home/px4/ros2/ws/install/px4_msgs/include/px4_msgs/px4_msgs/msg/detail/parameter_set_used_request__rosidl_typesupport_introspection_cpp.hpp\n'}
[1.781973] (px4_msgs) StdoutLine: {'line': b'-- Up-to-date: /home/px4/ros2/ws/install/px4_msgs/include/px4_msgs/px4_msgs/msg/detail/sensor_uwb__rosidl_typesupport_introspection_cpp.hpp\n'}
[1.782032] (px4_msgs) StdoutLine: {'line': b'-- Up-to-date: /home/px4/ros2/ws/install/px4_msgs/include/px4_msgs/px4_msgs/msg/detail/control_allocator_status__rosidl_typesupport_introspection_cpp.hpp\n'}
[1.782090] (px4_msgs) StdoutLine: {'line': b'-- Up-to-date: /home/px4/ros2/ws/install/px4_msgs/include/px4_msgs/px4_msgs/msg/detail/vehicle_imu__type_support.cpp\n'}
[1.782265] (px4_msgs) StdoutLine: {'line': b'-- Up-to-date: /home/px4/ros2/ws/install/px4_msgs/include/px4_msgs/px4_msgs/msg/detail/vehicle_command_ack__rosidl_typesupport_introspection_cpp.hpp\n'}
[1.782381] (px4_msgs) StdoutLine: {'line': b'-- Up-to-date: /home/px4/ros2/ws/install/px4_msgs/include/px4_msgs/px4_msgs/msg/detail/arming_check_request__rosidl_typesupport_introspection_cpp.hpp\n'}
[1.782481] (px4_msgs) StdoutLine: {'line': b'-- Up-to-date: /home/px4/ros2/ws/install/px4_msgs/include/px4_msgs/px4_msgs/msg/detail/rtl_time_estimate__rosidl_typesupport_introspection_cpp.hpp\n'}
[1.782665] (px4_msgs) StdoutLine: {'line': b'-- Up-to-date: /home/px4/ros2/ws/install/px4_msgs/include/px4_msgs/px4_msgs/msg/detail/pwm_input__type_support.cpp\n'}
[1.782773] (px4_msgs) StdoutLine: {'line': b'-- Up-to-date: /home/px4/ros2/ws/install/px4_msgs/include/px4_msgs/px4_msgs/msg/detail/gpio_in__type_support.cpp\n'}
[1.782863] (px4_msgs) StdoutLine: {'line': b'-- Up-to-date: /home/px4/ros2/ws/install/px4_msgs/include/px4_msgs/px4_msgs/msg/detail/gimbal_manager_information__rosidl_typesupport_introspection_cpp.hpp\n'}
[1.782982] (px4_msgs) StdoutLine: {'line': b'-- Up-to-date: /home/px4/ros2/ws/install/px4_msgs/include/px4_msgs/px4_msgs/msg/detail/tiltrotor_extra_controls__type_support.cpp\n'}
[1.783092] (px4_msgs) StdoutLine: {'line': b'-- Up-to-date: /home/px4/ros2/ws/install/px4_msgs/include/px4_msgs/px4_msgs/msg/detail/open_drone_id_arm_status__rosidl_typesupport_introspection_cpp.hpp\n'}
[1.783195] (px4_msgs) StdoutLine: {'line': b'-- Up-to-date: /home/px4/ros2/ws/install/px4_msgs/include/px4_msgs/px4_msgs/msg/detail/timesync_status__rosidl_typesupport_introspection_cpp.hpp\n'}
[1.783273] (px4_msgs) StdoutLine: {'line': b'-- Up-to-date: /home/px4/ros2/ws/install/px4_msgs/include/px4_msgs/px4_msgs/msg/detail/internal_combustion_engine_status__type_support.cpp\n'}
[1.783349] (px4_msgs) StdoutLine: {'line': b'-- Up-to-date: /home/px4/ros2/ws/install/px4_msgs/include/px4_msgs/px4_msgs/msg/detail/tune_control__type_support.cpp\n'}
[1.783417] (px4_msgs) StdoutLine: {'line': b'-- Up-to-date: /home/px4/ros2/ws/install/px4_msgs/include/px4_msgs/px4_msgs/msg/detail/rover_attitude_status__type_support.cpp\n'}
[1.783506] (px4_msgs) StdoutLine: {'line': b'-- Up-to-date: /home/px4/ros2/ws/install/px4_msgs/include/px4_msgs/px4_msgs/msg/detail/esc_status__rosidl_typesupport_introspection_cpp.hpp\n'}
[1.783591] (px4_msgs) StdoutLine: {'line': b'-- Up-to-date: /home/px4/ros2/ws/install/px4_msgs/include/px4_msgs/px4_msgs/msg/detail/open_drone_id_arm_status__type_support.cpp\n'}
[1.783655] (px4_msgs) StdoutLine: {'line': b'-- Up-to-date: /home/px4/ros2/ws/install/px4_msgs/include/px4_msgs/px4_msgs/msg/detail/led_control__rosidl_typesupport_introspection_cpp.hpp\n'}
[1.783731] (px4_msgs) StdoutLine: {'line': b'-- Up-to-date: /home/px4/ros2/ws/install/px4_msgs/include/px4_msgs/px4_msgs/msg/detail/led_control__type_support.cpp\n'}
[1.783812] (px4_msgs) StdoutLine: {'line': b'-- Up-to-date: /home/px4/ros2/ws/install/px4_msgs/include/px4_msgs/px4_msgs/srv\n'}
[1.783893] (px4_msgs) StdoutLine: {'line': b'-- Up-to-date: /home/px4/ros2/ws/install/px4_msgs/include/px4_msgs/px4_msgs/srv/detail\n'}
[1.783965] (px4_msgs) StdoutLine: {'line': b'-- Up-to-date: /home/px4/ros2/ws/install/px4_msgs/include/px4_msgs/px4_msgs/srv/detail/vehicle_command__rosidl_typesupport_introspection_cpp.hpp\n'}
[1.784044] (px4_msgs) StdoutLine: {'line': b'-- Up-to-date: /home/px4/ros2/ws/install/px4_msgs/include/px4_msgs/px4_msgs/srv/detail/vehicle_command__type_support.cpp\n'}
[1.784122] (px4_msgs) StdoutLine: {'line': b'-- Up-to-date: /home/px4/ros2/ws/install/px4_msgs/lib/libpx4_msgs__rosidl_typesupport_introspection_cpp.so\n'}
[1.784201] (px4_msgs) StdoutLine: {'line': b'-- Up-to-date: /home/px4/ros2/ws/install/px4_msgs/lib/libpx4_msgs__rosidl_typesupport_cpp.so\n'}
[1.784283] (px4_msgs) StdoutLine: {'line': b'-- Up-to-date: /home/px4/ros2/ws/install/px4_msgs/share/px4_msgs/environment/pythonpath.sh\n'}
[1.784361] (px4_msgs) StdoutLine: {'line': b'-- Up-to-date: /home/px4/ros2/ws/install/px4_msgs/share/px4_msgs/environment/pythonpath.dsv\n'}
[1.784438] (px4_msgs) StdoutLine: {'line': b'-- Up-to-date: /home/px4/ros2/ws/install/px4_msgs/local/lib/python3.10/dist-packages/px4_msgs-2.0.1-py3.10.egg-info\n'}
[1.784560] (px4_msgs) StdoutLine: {'line': b'-- Installing: /home/px4/ros2/ws/install/px4_msgs/local/lib/python3.10/dist-packages/px4_msgs-2.0.1-py3.10.egg-info/top_level.txt\n'}
[1.784648] (px4_msgs) StdoutLine: {'line': b'-- Installing: /home/px4/ros2/ws/install/px4_msgs/local/lib/python3.10/dist-packages/px4_msgs-2.0.1-py3.10.egg-info/dependency_links.txt\n'}
[1.784712] (px4_msgs) StdoutLine: {'line': b'-- Installing: /home/px4/ros2/ws/install/px4_msgs/local/lib/python3.10/dist-packages/px4_msgs-2.0.1-py3.10.egg-info/SOURCES.txt\n'}
[1.784774] (px4_msgs) StdoutLine: {'line': b'-- Installing: /home/px4/ros2/ws/install/px4_msgs/local/lib/python3.10/dist-packages/px4_msgs-2.0.1-py3.10.egg-info/PKG-INFO\n'}
[1.784833] (px4_msgs) StdoutLine: {'line': b'-- Up-to-date: /home/px4/ros2/ws/install/px4_msgs/local/lib/python3.10/dist-packages/px4_msgs\n'}
[1.784939] (px4_msgs) StdoutLine: {'line': b'-- Up-to-date: /home/px4/ros2/ws/install/px4_msgs/local/lib/python3.10/dist-packages/px4_msgs/_px4_msgs_s.ep.rosidl_typesupport_introspection_c.c\n'}
[1.785003] (px4_msgs) StdoutLine: {'line': b'-- Up-to-date: /home/px4/ros2/ws/install/px4_msgs/local/lib/python3.10/dist-packages/px4_msgs/libpx4_msgs__rosidl_generator_py.so\n'}
[1.785071] (px4_msgs) StdoutLine: {'line': b'-- Up-to-date: /home/px4/ros2/ws/install/px4_msgs/local/lib/python3.10/dist-packages/px4_msgs/__init__.py\n'}
[1.785159] (px4_msgs) StdoutLine: {'line': b'-- Up-to-date: /home/px4/ros2/ws/install/px4_msgs/local/lib/python3.10/dist-packages/px4_msgs/_px4_msgs_s.ep.rosidl_typesupport_fastrtps_c.c\n'}
[1.785235] (px4_msgs) StdoutLine: {'line': b'-- Up-to-date: /home/px4/ros2/ws/install/px4_msgs/local/lib/python3.10/dist-packages/px4_msgs/msg\n'}
[1.785313] (px4_msgs) StdoutLine: {'line': b'-- Up-to-date: /home/px4/ros2/ws/install/px4_msgs/local/lib/python3.10/dist-packages/px4_msgs/msg/_event_s.c\n'}
[1.785388] (px4_msgs) StdoutLine: {'line': b'-- Up-to-date: /home/px4/ros2/ws/install/px4_msgs/local/lib/python3.10/dist-packages/px4_msgs/msg/_vtol_vehicle_status.py\n'}
[1.785474] (px4_msgs) StdoutLine: {'line': b'-- Up-to-date: /home/px4/ros2/ws/install/px4_msgs/local/lib/python3.10/dist-packages/px4_msgs/msg/_parameter_set_used_request.py\n'}
[1.785600] (px4_msgs) StdoutLine: {'line': b'-- Up-to-date: /home/px4/ros2/ws/install/px4_msgs/local/lib/python3.10/dist-packages/px4_msgs/msg/_trajectory_setpoint_s.c\n'}
[1.785666] (px4_msgs) StdoutLine: {'line': b'-- Up-to-date: /home/px4/ros2/ws/install/px4_msgs/local/lib/python3.10/dist-packages/px4_msgs/msg/_distance_sensor_mode_change_request_s.c\n'}
[1.785726] (px4_msgs) StdoutLine: {'line': b'-- Up-to-date: /home/px4/ros2/ws/install/px4_msgs/local/lib/python3.10/dist-packages/px4_msgs/msg/_landing_target_pose.py\n'}
[1.785786] (px4_msgs) StdoutLine: {'line': b'-- Up-to-date: /home/px4/ros2/ws/install/px4_msgs/local/lib/python3.10/dist-packages/px4_msgs/msg/_orbit_status.py\n'}
[1.785844] (px4_msgs) StdoutLine: {'line': b'-- Up-to-date: /home/px4/ros2/ws/install/px4_msgs/local/lib/python3.10/dist-packages/px4_msgs/msg/_register_ext_component_request_s.c\n'}
[1.785901] (px4_msgs) StdoutLine: {'line': b'-- Up-to-date: /home/px4/ros2/ws/install/px4_msgs/local/lib/python3.10/dist-packages/px4_msgs/msg/_sensor_gnss_relative_s.c\n'}
[1.785969] (px4_msgs) StdoutLine: {'line': b'-- Up-to-date: /home/px4/ros2/ws/install/px4_msgs/local/lib/python3.10/dist-packages/px4_msgs/msg/_geofence_result_s.c\n'}
[1.786058] (px4_msgs) StdoutLine: {'line': b'-- Up-to-date: /home/px4/ros2/ws/install/px4_msgs/local/lib/python3.10/dist-packages/px4_msgs/msg/_launch_detection_status_s.c\n'}
[1.786117] (px4_msgs) StdoutLine: {'line': b'-- Up-to-date: /home/px4/ros2/ws/install/px4_msgs/local/lib/python3.10/dist-packages/px4_msgs/msg/_gripper_s.c\n'}
[1.786174] (px4_msgs) StdoutLine: {'line': b'-- Up-to-date: /home/px4/ros2/ws/install/px4_msgs/local/lib/python3.10/dist-packages/px4_msgs/msg/_estimator_bias_s.c\n'}
[1.786244] (px4_msgs) StdoutLine: {'line': b'-- Up-to-date: /home/px4/ros2/ws/install/px4_msgs/local/lib/python3.10/dist-packages/px4_msgs/msg/_satellite_info.py\n'}
[1.786316] (px4_msgs) StdoutLine: {'line': b'-- Up-to-date: /home/px4/ros2/ws/install/px4_msgs/local/lib/python3.10/dist-packages/px4_msgs/msg/_yaw_estimator_status.py\n'}
[1.786374] (px4_msgs) StdoutLine: {'line': b'-- Up-to-date: /home/px4/ros2/ws/install/px4_msgs/local/lib/python3.10/dist-packages/px4_msgs/msg/_tecs_status_s.c\n'}
[1.786432] (px4_msgs) StdoutLine: {'line': b'-- Up-to-date: /home/px4/ros2/ws/install/px4_msgs/local/lib/python3.10/dist-packages/px4_msgs/msg/_estimator_sensor_bias_s.c\n'}
[1.786502] (px4_msgs) StdoutLine: {'line': b'-- Up-to-date: /home/px4/ros2/ws/install/px4_msgs/local/lib/python3.10/dist-packages/px4_msgs/msg/_system_power.py\n'}
[1.786623] (px4_msgs) StdoutLine: {'line': b'-- Up-to-date: /home/px4/ros2/ws/install/px4_msgs/local/lib/python3.10/dist-packages/px4_msgs/msg/_vehicle_local_position.py\n'}
[1.786687] (px4_msgs) StdoutLine: {'line': b'-- Up-to-date: /home/px4/ros2/ws/install/px4_msgs/local/lib/python3.10/dist-packages/px4_msgs/msg/_gpio_config_s.c\n'}
[1.786743] (px4_msgs) StdoutLine: {'line': b'-- Up-to-date: /home/px4/ros2/ws/install/px4_msgs/local/lib/python3.10/dist-packages/px4_msgs/msg/_fixed_wing_lateral_guidance_status.py\n'}
[1.786811] (px4_msgs) StdoutLine: {'line': b'-- Up-to-date: /home/px4/ros2/ws/install/px4_msgs/local/lib/python3.10/dist-packages/px4_msgs/msg/_satellite_info_s.c\n'}
[1.786868] (px4_msgs) StdoutLine: {'line': b'-- Up-to-date: /home/px4/ros2/ws/install/px4_msgs/local/lib/python3.10/dist-packages/px4_msgs/msg/_vtol_vehicle_status_s.c\n'}
[1.786925] (px4_msgs) StdoutLine: {'line': b'-- Up-to-date: /home/px4/ros2/ws/install/px4_msgs/local/lib/python3.10/dist-packages/px4_msgs/msg/_wheel_encoders.py\n'}
[1.786981] (px4_msgs) StdoutLine: {'line': b'-- Up-to-date: /home/px4/ros2/ws/install/px4_msgs/local/lib/python3.10/dist-packages/px4_msgs/msg/_estimator_status.py\n'}
[1.787038] (px4_msgs) StdoutLine: {'line': b'-- Up-to-date: /home/px4/ros2/ws/install/px4_msgs/local/lib/python3.10/dist-packages/px4_msgs/msg/_battery_status.py\n'}
[1.787094] (px4_msgs) StdoutLine: {'line': b'-- Up-to-date: /home/px4/ros2/ws/install/px4_msgs/local/lib/python3.10/dist-packages/px4_msgs/msg/_rover_throttle_setpoint.py\n'}
[1.787150] (px4_msgs) StdoutLine: {'line': b'-- Up-to-date: /home/px4/ros2/ws/install/px4_msgs/local/lib/python3.10/dist-packages/px4_msgs/msg/_estimator_event_flags_s.c\n'}
[1.787274] (px4_msgs) StdoutLine: {'line': b'-- Up-to-date: /home/px4/ros2/ws/install/px4_msgs/local/lib/python3.10/dist-packages/px4_msgs/msg/_pure_pursuit_status.py\n'}
[1.787349] (px4_msgs) StdoutLine: {'line': b'-- Up-to-date: /home/px4/ros2/ws/install/px4_msgs/local/lib/python3.10/dist-packages/px4_msgs/msg/_manual_control_setpoint_s.c\n'}
[1.787408] (px4_msgs) StdoutLine: {'line': b'-- Up-to-date: /home/px4/ros2/ws/install/px4_msgs/local/lib/python3.10/dist-packages/px4_msgs/msg/_px4io_status.py\n'}
[1.787557] (px4_msgs) StdoutLine: {'line': b'-- Up-to-date: /home/px4/ros2/ws/install/px4_msgs/local/lib/python3.10/dist-packages/px4_msgs/msg/_vehicle_imu_status_s.c\n'}
[1.787636] (px4_msgs) StdoutLine: {'line': b'-- Up-to-date: /home/px4/ros2/ws/install/px4_msgs/local/lib/python3.10/dist-packages/px4_msgs/msg/_navigator_mission_item_s.c\n'}
[1.787695] (px4_msgs) StdoutLine: {'line': b'-- Up-to-date: /home/px4/ros2/ws/install/px4_msgs/local/lib/python3.10/dist-packages/px4_msgs/msg/_goto_setpoint.py\n'}
[1.787752] (px4_msgs) StdoutLine: {'line': b'-- Up-to-date: /home/px4/ros2/ws/install/px4_msgs/local/lib/python3.10/dist-packages/px4_msgs/msg/_log_message.py\n'}
[1.787829] (px4_msgs) StdoutLine: {'line': b'-- Up-to-date: /home/px4/ros2/ws/install/px4_msgs/local/lib/python3.10/dist-packages/px4_msgs/msg/_esc_report.py\n'}
[1.787935] (px4_msgs) StdoutLine: {'line': b'-- Up-to-date: /home/px4/ros2/ws/install/px4_msgs/local/lib/python3.10/dist-packages/px4_msgs/msg/_estimator_aid_source1d_s.c\n'}
[1.788006] (px4_msgs) StdoutLine: {'line': b'-- Up-to-date: /home/px4/ros2/ws/install/px4_msgs/local/lib/python3.10/dist-packages/px4_msgs/msg/_log_message_s.c\n'}
[1.788066] (px4_msgs) StdoutLine: {'line': b'-- Up-to-date: /home/px4/ros2/ws/install/px4_msgs/local/lib/python3.10/dist-packages/px4_msgs/msg/_gpio_out_s.c\n'}
[1.788123] (px4_msgs) StdoutLine: {'line': b'-- Up-to-date: /home/px4/ros2/ws/install/px4_msgs/local/lib/python3.10/dist-packages/px4_msgs/msg/_button_event_s.c\n'}
[1.788192] (px4_msgs) StdoutLine: {'line': b'-- Up-to-date: /home/px4/ros2/ws/install/px4_msgs/local/lib/python3.10/dist-packages/px4_msgs/msg/_register_ext_component_reply_s.c\n'}
[1.788259] (px4_msgs) StdoutLine: {'line': b'-- Up-to-date: /home/px4/ros2/ws/install/px4_msgs/local/lib/python3.10/dist-packages/px4_msgs/msg/_vehicle_odometry_s.c\n'}
[1.788319] (px4_msgs) StdoutLine: {'line': b'-- Up-to-date: /home/px4/ros2/ws/install/px4_msgs/local/lib/python3.10/dist-packages/px4_msgs/msg/_mission_result_s.c\n'}
[1.788376] (px4_msgs) StdoutLine: {'line': b'-- Up-to-date: /home/px4/ros2/ws/install/px4_msgs/local/lib/python3.10/dist-packages/px4_msgs/msg/_vehicle_air_data.py\n'}
[1.788486] (px4_msgs) StdoutLine: {'line': b'-- Up-to-date: /home/px4/ros2/ws/install/px4_msgs/local/lib/python3.10/dist-packages/px4_msgs/msg/_vehicle_attitude.py\n'}
[1.788608] (px4_msgs) StdoutLine: {'line': b'-- Up-to-date: /home/px4/ros2/ws/install/px4_msgs/local/lib/python3.10/dist-packages/px4_msgs/msg/_fixed_wing_runway_control.py\n'}
[1.788669] (px4_msgs) StdoutLine: {'line': b'-- Up-to-date: /home/px4/ros2/ws/install/px4_msgs/local/lib/python3.10/dist-packages/px4_msgs/msg/_airspeed.py\n'}
[1.788785] (px4_msgs) StdoutLine: {'line': b'-- Up-to-date: /home/px4/ros2/ws/install/px4_msgs/local/lib/python3.10/dist-packages/px4_msgs/msg/_figure_eight_status.py\n'}
[1.788851] (px4_msgs) StdoutLine: {'line': b'-- Up-to-date: /home/px4/ros2/ws/install/px4_msgs/local/lib/python3.10/dist-packages/px4_msgs/msg/_arming_check_reply_s.c\n'}
[1.788910] (px4_msgs) StdoutLine: {'line': b'-- Up-to-date: /home/px4/ros2/ws/install/px4_msgs/local/lib/python3.10/dist-packages/px4_msgs/msg/_open_drone_id_operator_id.py\n'}
[1.788967] (px4_msgs) StdoutLine: {'line': b'-- Up-to-date: /home/px4/ros2/ws/install/px4_msgs/local/lib/python3.10/dist-packages/px4_msgs/msg/_airspeed_wind.py\n'}
[1.789081] (px4_msgs) StdoutLine: {'line': b'-- Up-to-date: /home/px4/ros2/ws/install/px4_msgs/local/lib/python3.10/dist-packages/px4_msgs/msg/_open_drone_id_system.py\n'}
[1.789142] (px4_msgs) StdoutLine: {'line': b'-- Up-to-date: /home/px4/ros2/ws/install/px4_msgs/local/lib/python3.10/dist-packages/px4_msgs/msg/_estimator_status_s.c\n'}
[1.789201] (px4_msgs) StdoutLine: {'line': b'-- Up-to-date: /home/px4/ros2/ws/install/px4_msgs/local/lib/python3.10/dist-packages/px4_msgs/msg/_vehicle_global_position_s.c\n'}
[1.789259] (px4_msgs) StdoutLine: {'line': b'-- Up-to-date: /home/px4/ros2/ws/install/px4_msgs/local/lib/python3.10/dist-packages/px4_msgs/msg/_fixed_wing_longitudinal_setpoint.py\n'}
[1.789317] (px4_msgs) StdoutLine: {'line': b'-- Up-to-date: /home/px4/ros2/ws/install/px4_msgs/local/lib/python3.10/dist-packages/px4_msgs/msg/_mount_orientation.py\n'}
[1.789377] (px4_msgs) StdoutLine: {'line': b'-- Up-to-date: /home/px4/ros2/ws/install/px4_msgs/local/lib/python3.10/dist-packages/px4_msgs/msg/_gimbal_controls_s.c\n'}
[1.789434] (px4_msgs) StdoutLine: {'line': b'-- Up-to-date: /home/px4/ros2/ws/install/px4_msgs/local/lib/python3.10/dist-packages/px4_msgs/msg/_open_drone_id_self_id_s.c\n'}
[1.789525] (px4_msgs) StdoutLine: {'line': b'-- Up-to-date: /home/px4/ros2/ws/install/px4_msgs/local/lib/python3.10/dist-packages/px4_msgs/msg/_vehicle_command_ack.py\n'}
[1.789606] (px4_msgs) StdoutLine: {'line': b'-- Up-to-date: /home/px4/ros2/ws/install/px4_msgs/local/lib/python3.10/dist-packages/px4_msgs/msg/_position_setpoint_triplet.py\n'}
[1.789695] (px4_msgs) StdoutLine: {'line': b'-- Up-to-date: /home/px4/ros2/ws/install/px4_msgs/local/lib/python3.10/dist-packages/px4_msgs/msg/_onboard_computer_status.py\n'}
[1.789833] (px4_msgs) StdoutLine: {'line': b'-- Up-to-date: /home/px4/ros2/ws/install/px4_msgs/local/lib/python3.10/dist-packages/px4_msgs/msg/_telemetry_status_s.c\n'}
[1.790010] (px4_msgs) StdoutLine: {'line': b'-- Up-to-date: /home/px4/ros2/ws/install/px4_msgs/local/lib/python3.10/dist-packages/px4_msgs/msg/_sensor_combined.py\n'}
[1.790087] (px4_msgs) StdoutLine: {'line': b'-- Up-to-date: /home/px4/ros2/ws/install/px4_msgs/local/lib/python3.10/dist-packages/px4_msgs/msg/_rover_velocity_status_s.c\n'}
[1.790166] (px4_msgs) StdoutLine: {'line': b'-- Up-to-date: /home/px4/ros2/ws/install/px4_msgs/local/lib/python3.10/dist-packages/px4_msgs/msg/_parameter_reset_request.py\n'}
[1.790327] (px4_msgs) StdoutLine: {'line': b'-- Up-to-date: /home/px4/ros2/ws/install/px4_msgs/local/lib/python3.10/dist-packages/px4_msgs/msg/_autotune_attitude_control_status.py\n'}
[1.790594] (px4_msgs) StdoutLine: {'line': b'-- Up-to-date: /home/px4/ros2/ws/install/px4_msgs/local/lib/python3.10/dist-packages/px4_msgs/msg/_camera_capture_s.c\n'}
[1.790665] (px4_msgs) StdoutLine: {'line': b'-- Up-to-date: /home/px4/ros2/ws/install/px4_msgs/local/lib/python3.10/dist-packages/px4_msgs/msg/_vehicle_thrust_setpoint_s.c\n'}
[1.790724] (px4_msgs) StdoutLine: {'line': b'-- Up-to-date: /home/px4/ros2/ws/install/px4_msgs/local/lib/python3.10/dist-packages/px4_msgs/msg/_parameter_update.py\n'}
[1.790793] (px4_msgs) StdoutLine: {'line': b'-- Up-to-date: /home/px4/ros2/ws/install/px4_msgs/local/lib/python3.10/dist-packages/px4_msgs/msg/_rover_position_setpoint.py\n'}
[1.790884] (px4_msgs) StdoutLine: {'line': b'-- Up-to-date: /home/px4/ros2/ws/install/px4_msgs/local/lib/python3.10/dist-packages/px4_msgs/msg/_unregister_ext_component_s.c\n'}
[1.790945] (px4_msgs) StdoutLine: {'line': b'-- Up-to-date: /home/px4/ros2/ws/install/px4_msgs/local/lib/python3.10/dist-packages/px4_msgs/msg/_ekf2_timestamps.py\n'}
[1.791009] (px4_msgs) StdoutLine: {'line': b'-- Up-to-date: /home/px4/ros2/ws/install/px4_msgs/local/lib/python3.10/dist-packages/px4_msgs/msg/_longitudinal_control_configuration_s.c\n'}
[1.791070] (px4_msgs) StdoutLine: {'line': b'-- Up-to-date: /home/px4/ros2/ws/install/px4_msgs/local/lib/python3.10/dist-packages/px4_msgs/msg/_position_setpoint_s.c\n'}
[1.791142] (px4_msgs) StdoutLine: {'line': b'-- Up-to-date: /home/px4/ros2/ws/install/px4_msgs/local/lib/python3.10/dist-packages/px4_msgs/msg/_position_setpoint_triplet_s.c\n'}
[1.791222] (px4_msgs) StdoutLine: {'line': b'-- Up-to-date: /home/px4/ros2/ws/install/px4_msgs/local/lib/python3.10/dist-packages/px4_msgs/msg/_follow_target_status.py\n'}
[1.791283] (px4_msgs) StdoutLine: {'line': b'-- Up-to-date: /home/px4/ros2/ws/install/px4_msgs/local/lib/python3.10/dist-packages/px4_msgs/msg/_offboard_control_mode.py\n'}
[1.791344] (px4_msgs) StdoutLine: {'line': b'-- Up-to-date: /home/px4/ros2/ws/install/px4_msgs/local/lib/python3.10/dist-packages/px4_msgs/msg/_esc_status_s.c\n'}
[1.791429] (px4_msgs) StdoutLine: {'line': b'-- Up-to-date: /home/px4/ros2/ws/install/px4_msgs/local/lib/python3.10/dist-packages/px4_msgs/msg/_parameter_set_value_response.py\n'}
[1.791499] (px4_msgs) StdoutLine: {'line': b'-- Up-to-date: /home/px4/ros2/ws/install/px4_msgs/local/lib/python3.10/dist-packages/px4_msgs/msg/_logger_status_s.c\n'}
[1.791592] (px4_msgs) StdoutLine: {'line': b'-- Up-to-date: /home/px4/ros2/ws/install/px4_msgs/local/lib/python3.10/dist-packages/px4_msgs/msg/_vehicle_angular_acceleration_setpoint.py\n'}
[1.791652] (px4_msgs) StdoutLine: {'line': b'-- Up-to-date: /home/px4/ros2/ws/install/px4_msgs/local/lib/python3.10/dist-packages/px4_msgs/msg/_magnetometer_bias_estimate.py\n'}
[1.791709] (px4_msgs) StdoutLine: {'line': b'-- Up-to-date: /home/px4/ros2/ws/install/px4_msgs/local/lib/python3.10/dist-packages/px4_msgs/msg/_cellular_status.py\n'}
[1.791766] (px4_msgs) StdoutLine: {'line': b'-- Up-to-date: /home/px4/ros2/ws/install/px4_msgs/local/lib/python3.10/dist-packages/px4_msgs/msg/_gimbal_manager_status.py\n'}
[1.791823] (px4_msgs) StdoutLine: {'line': b'-- Up-to-date: /home/px4/ros2/ws/install/px4_msgs/local/lib/python3.10/dist-packages/px4_msgs/msg/_estimator_status_flags_s.c\n'}
[1.791880] (px4_msgs) StdoutLine: {'line': b'-- Up-to-date: /home/px4/ros2/ws/install/px4_msgs/local/lib/python3.10/dist-packages/px4_msgs/msg/_fixed_wing_lateral_setpoint_s.c\n'}
[1.791937] (px4_msgs) StdoutLine: {'line': b'-- Up-to-date: /home/px4/ros2/ws/install/px4_msgs/local/lib/python3.10/dist-packages/px4_msgs/msg/_debug_array_s.c\n'}
[1.791993] (px4_msgs) StdoutLine: {'line': b'-- Up-to-date: /home/px4/ros2/ws/install/px4_msgs/local/lib/python3.10/dist-packages/px4_msgs/msg/_input_rc_s.c\n'}
[1.792063] (px4_msgs) StdoutLine: {'line': b'-- Up-to-date: /home/px4/ros2/ws/install/px4_msgs/local/lib/python3.10/dist-packages/px4_msgs/msg/_parameter_set_value_request.py\n'}
[1.792157] (px4_msgs) StdoutLine: {'line': b'-- Up-to-date: /home/px4/ros2/ws/install/px4_msgs/local/lib/python3.10/dist-packages/px4_msgs/msg/_gripper.py\n'}
[1.792215] (px4_msgs) StdoutLine: {'line': b'-- Up-to-date: /home/px4/ros2/ws/install/px4_msgs/local/lib/python3.10/dist-packages/px4_msgs/msg/_sensor_selection_s.c\n'}
[1.792284] (px4_msgs) StdoutLine: {'line': b'-- Up-to-date: /home/px4/ros2/ws/install/px4_msgs/local/lib/python3.10/dist-packages/px4_msgs/msg/_rover_steering_setpoint_s.c\n'}
[1.792399] (px4_msgs) StdoutLine: {'line': b'-- Up-to-date: /home/px4/ros2/ws/install/px4_msgs/local/lib/python3.10/dist-packages/px4_msgs/msg/_mavlink_tunnel_s.c\n'}
[1.792462] (px4_msgs) StdoutLine: {'line': b'-- Up-to-date: /home/px4/ros2/ws/install/px4_msgs/local/lib/python3.10/dist-packages/px4_msgs/msg/_debug_key_value.py\n'}
[1.792559] (px4_msgs) StdoutLine: {'line': b'-- Up-to-date: /home/px4/ros2/ws/install/px4_msgs/local/lib/python3.10/dist-packages/px4_msgs/msg/_sensor_gyro_s.c\n'}
[1.792668] (px4_msgs) StdoutLine: {'line': b'-- Up-to-date: /home/px4/ros2/ws/install/px4_msgs/local/lib/python3.10/dist-packages/px4_msgs/msg/_failsafe_flags.py\n'}
[1.792746] (px4_msgs) StdoutLine: {'line': b'-- Up-to-date: /home/px4/ros2/ws/install/px4_msgs/local/lib/python3.10/dist-packages/px4_msgs/msg/_differential_pressure.py\n'}
[1.792805] (px4_msgs) StdoutLine: {'line': b'-- Up-to-date: /home/px4/ros2/ws/install/px4_msgs/local/lib/python3.10/dist-packages/px4_msgs/msg/_gimbal_manager_set_manual_control.py\n'}
[1.792863] (px4_msgs) StdoutLine: {'line': b'-- Up-to-date: /home/px4/ros2/ws/install/px4_msgs/local/lib/python3.10/dist-packages/px4_msgs/msg/_position_controller_status_s.c\n'}
[1.792921] (px4_msgs) StdoutLine: {'line': b'-- Up-to-date: /home/px4/ros2/ws/install/px4_msgs/local/lib/python3.10/dist-packages/px4_msgs/msg/_gpio_request.py\n'}
[1.792982] (px4_msgs) StdoutLine: {'line': b'-- Up-to-date: /home/px4/ros2/ws/install/px4_msgs/local/lib/python3.10/dist-packages/px4_msgs/msg/_rover_velocity_setpoint.py\n'}
[1.793042] (px4_msgs) StdoutLine: {'line': b'-- Up-to-date: /home/px4/ros2/ws/install/px4_msgs/local/lib/python3.10/dist-packages/px4_msgs/msg/_vehicle_command_ack_s.c\n'}
[1.793103] (px4_msgs) StdoutLine: {'line': b'-- Up-to-date: /home/px4/ros2/ws/install/px4_msgs/local/lib/python3.10/dist-packages/px4_msgs/msg/_gimbal_manager_status_s.c\n'}
[1.793171] (px4_msgs) StdoutLine: {'line': b'-- Up-to-date: /home/px4/ros2/ws/install/px4_msgs/local/lib/python3.10/dist-packages/px4_msgs/msg/_power_monitor_s.c\n'}
[1.793280] (px4_msgs) StdoutLine: {'line': b'-- Up-to-date: /home/px4/ros2/ws/install/px4_msgs/local/lib/python3.10/dist-packages/px4_msgs/msg/_estimator_bias.py\n'}
[1.793348] (px4_msgs) StdoutLine: {'line': b'-- Up-to-date: /home/px4/ros2/ws/install/px4_msgs/local/lib/python3.10/dist-packages/px4_msgs/msg/_fuel_tank_status_s.c\n'}
[1.793408] (px4_msgs) StdoutLine: {'line': b'-- Up-to-date: /home/px4/ros2/ws/install/px4_msgs/local/lib/python3.10/dist-packages/px4_msgs/msg/_rover_attitude_setpoint_s.c\n'}
[1.793525] (px4_msgs) StdoutLine: {'line': b'-- Up-to-date: /home/px4/ros2/ws/install/px4_msgs/local/lib/python3.10/dist-packages/px4_msgs/msg/_airspeed_wind_s.c\n'}
[1.793619] (px4_msgs) StdoutLine: {'line': b'-- Up-to-date: /home/px4/ros2/ws/install/px4_msgs/local/lib/python3.10/dist-packages/px4_msgs/msg/_sensor_gps_s.c\n'}
[1.793685] (px4_msgs) StdoutLine: {'line': b'-- Up-to-date: /home/px4/ros2/ws/install/px4_msgs/local/lib/python3.10/dist-packages/px4_msgs/msg/_gimbal_device_attitude_status_s.c\n'}
[1.793745] (px4_msgs) StdoutLine: {'line': b'-- Up-to-date: /home/px4/ros2/ws/install/px4_msgs/local/lib/python3.10/dist-packages/px4_msgs/msg/_vehicle_command_s.c\n'}
[1.793803] (px4_msgs) StdoutLine: {'line': b'-- Up-to-date: /home/px4/ros2/ws/install/px4_msgs/local/lib/python3.10/dist-packages/px4_msgs/msg/_follow_target_s.c\n'}
[1.793863] (px4_msgs) StdoutLine: {'line': b'-- Up-to-date: /home/px4/ros2/ws/install/px4_msgs/local/lib/python3.10/dist-packages/px4_msgs/msg/_estimator_aid_source3d.py\n'}
[1.793920] (px4_msgs) StdoutLine: {'line': b'-- Up-to-date: /home/px4/ros2/ws/install/px4_msgs/local/lib/python3.10/dist-packages/px4_msgs/msg/_follow_target.py\n'}
[1.793978] (px4_msgs) StdoutLine: {'line': b'-- Up-to-date: /home/px4/ros2/ws/install/px4_msgs/local/lib/python3.10/dist-packages/px4_msgs/msg/_mission_s.c\n'}
[1.794035] (px4_msgs) StdoutLine: {'line': b'-- Up-to-date: /home/px4/ros2/ws/install/px4_msgs/local/lib/python3.10/dist-packages/px4_msgs/msg/_gps_inject_data_s.c\n'}
[1.794163] (px4_msgs) StdoutLine: {'line': b'-- Up-to-date: /home/px4/ros2/ws/install/px4_msgs/local/lib/python3.10/dist-packages/px4_msgs/msg/_can_interface_status.py\n'}
[1.794236] (px4_msgs) StdoutLine: {'line': b'-- Up-to-date: /home/px4/ros2/ws/install/px4_msgs/local/lib/python3.10/dist-packages/px4_msgs/msg/_actuator_servos_trim_s.c\n'}
[1.794296] (px4_msgs) StdoutLine: {'line': b'-- Up-to-date: /home/px4/ros2/ws/install/px4_msgs/local/lib/python3.10/dist-packages/px4_msgs/msg/_follow_target_status_s.c\n'}
[1.794354] (px4_msgs) StdoutLine: {'line': b'-- Up-to-date: /home/px4/ros2/ws/install/px4_msgs/local/lib/python3.10/dist-packages/px4_msgs/msg/_sensor_airflow_s.c\n'}
[1.794412] (px4_msgs) StdoutLine: {'line': b'-- Up-to-date: /home/px4/ros2/ws/install/px4_msgs/local/lib/python3.10/dist-packages/px4_msgs/msg/_fixed_wing_lateral_setpoint.py\n'}
[1.794471] (px4_msgs) StdoutLine: {'line': b'-- Up-to-date: /home/px4/ros2/ws/install/px4_msgs/local/lib/python3.10/dist-packages/px4_msgs/msg/_estimator_selector_status_s.c\n'}
[1.794563] (px4_msgs) StdoutLine: {'line': b'-- Up-to-date: /home/px4/ros2/ws/install/px4_msgs/local/lib/python3.10/dist-packages/px4_msgs/msg/_estimator_innovations_s.c\n'}
[1.794626] (px4_msgs) StdoutLine: {'line': b'-- Up-to-date: /home/px4/ros2/ws/install/px4_msgs/local/lib/python3.10/dist-packages/px4_msgs/msg/_longitudinal_control_configuration.py\n'}
[1.794685] (px4_msgs) StdoutLine: {'line': b'-- Up-to-date: /home/px4/ros2/ws/install/px4_msgs/local/lib/python3.10/dist-packages/px4_msgs/msg/_failure_detector_status.py\n'}
[1.794760] (px4_msgs) StdoutLine: {'line': b'-- Up-to-date: /home/px4/ros2/ws/install/px4_msgs/local/lib/python3.10/dist-packages/px4_msgs/msg/_rpm_s.c\n'}
[1.794869] (px4_msgs) StdoutLine: {'line': b'-- Up-to-date: /home/px4/ros2/ws/install/px4_msgs/local/lib/python3.10/dist-packages/px4_msgs/msg/_fuel_tank_status.py\n'}
[1.794929] (px4_msgs) StdoutLine: {'line': b'-- Up-to-date: /home/px4/ros2/ws/install/px4_msgs/local/lib/python3.10/dist-packages/px4_msgs/msg/_dataman_request.py\n'}
[1.794998] (px4_msgs) StdoutLine: {'line': b'-- Up-to-date: /home/px4/ros2/ws/install/px4_msgs/local/lib/python3.10/dist-packages/px4_msgs/msg/_open_drone_id_system_s.c\n'}
[1.795123] (px4_msgs) StdoutLine: {'line': b'-- Up-to-date: /home/px4/ros2/ws/install/px4_msgs/local/lib/python3.10/dist-packages/px4_msgs/msg/_orb_test_medium.py\n'}
[1.795185] (px4_msgs) StdoutLine: {'line': b'-- Up-to-date: /home/px4/ros2/ws/install/px4_msgs/local/lib/python3.10/dist-packages/px4_msgs/msg/_mavlink_log.py\n'}
[1.795243] (px4_msgs) StdoutLine: {'line': b'-- Up-to-date: /home/px4/ros2/ws/install/px4_msgs/local/lib/python3.10/dist-packages/px4_msgs/msg/_sensors_status_imu_s.c\n'}
[1.795324] (px4_msgs) StdoutLine: {'line': b'-- Up-to-date: /home/px4/ros2/ws/install/px4_msgs/local/lib/python3.10/dist-packages/px4_msgs/msg/_vehicle_land_detected.py\n'}
[1.795417] (px4_msgs) StdoutLine: {'line': b'-- Up-to-date: /home/px4/ros2/ws/install/px4_msgs/local/lib/python3.10/dist-packages/px4_msgs/msg/_actuator_controls_status_s.c\n'}
[1.795499] (px4_msgs) StdoutLine: {'line': b'-- Up-to-date: /home/px4/ros2/ws/install/px4_msgs/local/lib/python3.10/dist-packages/px4_msgs/msg/_rover_rate_status_s.c\n'}
[1.795608] (px4_msgs) StdoutLine: {'line': b'-- Up-to-date: /home/px4/ros2/ws/install/px4_msgs/local/lib/python3.10/dist-packages/px4_msgs/msg/_mavlink_tunnel.py\n'}
[1.795669] (px4_msgs) StdoutLine: {'line': b'-- Up-to-date: /home/px4/ros2/ws/install/px4_msgs/local/lib/python3.10/dist-packages/px4_msgs/msg/_landing_target_pose_s.c\n'}
[1.795727] (px4_msgs) StdoutLine: {'line': b'-- Up-to-date: /home/px4/ros2/ws/install/px4_msgs/local/lib/python3.10/dist-packages/px4_msgs/msg/_navigator_status_s.c\n'}
[1.795784] (px4_msgs) StdoutLine: {'line': b'-- Up-to-date: /home/px4/ros2/ws/install/px4_msgs/local/lib/python3.10/dist-packages/px4_msgs/msg/_vehicle_imu.py\n'}
[1.795843] (px4_msgs) StdoutLine: {'line': b'-- Up-to-date: /home/px4/ros2/ws/install/px4_msgs/local/lib/python3.10/dist-packages/px4_msgs/msg/_vehicle_air_data_s.c\n'}
[1.795913] (px4_msgs) StdoutLine: {'line': b'-- Up-to-date: /home/px4/ros2/ws/install/px4_msgs/local/lib/python3.10/dist-packages/px4_msgs/msg/_register_ext_component_request.py\n'}
[1.795995] (px4_msgs) StdoutLine: {'line': b'-- Up-to-date: /home/px4/ros2/ws/install/px4_msgs/local/lib/python3.10/dist-packages/px4_msgs/msg/_position_controller_status.py\n'}
[1.796103] (px4_msgs) StdoutLine: {'line': b'-- Up-to-date: /home/px4/ros2/ws/install/px4_msgs/local/lib/python3.10/dist-packages/px4_msgs/msg/_pwm_input_s.c\n'}
[1.796164] (px4_msgs) StdoutLine: {'line': b'-- Up-to-date: /home/px4/ros2/ws/install/px4_msgs/local/lib/python3.10/dist-packages/px4_msgs/msg/_lateral_control_configuration.py\n'}
[1.796278] (px4_msgs) StdoutLine: {'line': b'-- Up-to-date: /home/px4/ros2/ws/install/px4_msgs/local/lib/python3.10/dist-packages/px4_msgs/msg/_vehicle_thrust_setpoint.py\n'}
[1.796337] (px4_msgs) StdoutLine: {'line': b'-- Up-to-date: /home/px4/ros2/ws/install/px4_msgs/local/lib/python3.10/dist-packages/px4_msgs/msg/_tune_control.py\n'}
[1.796396] (px4_msgs) StdoutLine: {'line': b'-- Up-to-date: /home/px4/ros2/ws/install/px4_msgs/local/lib/python3.10/dist-packages/px4_msgs/msg/_orb_test.py\n'}
[1.796455] (px4_msgs) StdoutLine: {'line': b'-- Up-to-date: /home/px4/ros2/ws/install/px4_msgs/local/lib/python3.10/dist-packages/px4_msgs/msg/_pure_pursuit_status_s.c\n'}
[1.796580] (px4_msgs) StdoutLine: {'line': b'-- Up-to-date: /home/px4/ros2/ws/install/px4_msgs/local/lib/python3.10/dist-packages/px4_msgs/msg/_takeoff_status_s.c\n'}
[1.796671] (px4_msgs) StdoutLine: {'line': b'-- Up-to-date: /home/px4/ros2/ws/install/px4_msgs/local/lib/python3.10/dist-packages/px4_msgs/msg/_follow_target_estimator_s.c\n'}
[1.796732] (px4_msgs) StdoutLine: {'line': b'-- Up-to-date: /home/px4/ros2/ws/install/px4_msgs/local/lib/python3.10/dist-packages/px4_msgs/msg/_tecs_status.py\n'}
[1.796791] (px4_msgs) StdoutLine: {'line': b'-- Up-to-date: /home/px4/ros2/ws/install/px4_msgs/local/lib/python3.10/dist-packages/px4_msgs/msg/_sensor_baro_s.c\n'}
[1.796849] (px4_msgs) StdoutLine: {'line': b'-- Up-to-date: /home/px4/ros2/ws/install/px4_msgs/local/lib/python3.10/dist-packages/px4_msgs/msg/_internal_combustion_engine_status_s.c\n'}
[1.796908] (px4_msgs) StdoutLine: {'line': b'-- Up-to-date: /home/px4/ros2/ws/install/px4_msgs/local/lib/python3.10/dist-packages/px4_msgs/msg/_hover_thrust_estimate_s.c\n'}
[1.796966] (px4_msgs) StdoutLine: {'line': b'-- Up-to-date: /home/px4/ros2/ws/install/px4_msgs/local/lib/python3.10/dist-packages/px4_msgs/msg/_failsafe_flags_s.c\n'}
[1.797024] (px4_msgs) StdoutLine: {'line': b'-- Up-to-date: /home/px4/ros2/ws/install/px4_msgs/local/lib/python3.10/dist-packages/px4_msgs/msg/_health_report_s.c\n'}
[1.797082] (px4_msgs) StdoutLine: {'line': b'-- Up-to-date: /home/px4/ros2/ws/install/px4_msgs/local/lib/python3.10/dist-packages/px4_msgs/msg/_vehicle_imu_status.py\n'}
[1.797144] (px4_msgs) StdoutLine: {'line': b'-- Up-to-date: /home/px4/ros2/ws/install/px4_msgs/local/lib/python3.10/dist-packages/px4_msgs/msg/_generator_status.py\n'}
[1.797274] (px4_msgs) StdoutLine: {'line': b'-- Up-to-date: /home/px4/ros2/ws/install/px4_msgs/local/lib/python3.10/dist-packages/px4_msgs/msg/_mission_result.py\n'}
[1.797334] (px4_msgs) StdoutLine: {'line': b'-- Up-to-date: /home/px4/ros2/ws/install/px4_msgs/local/lib/python3.10/dist-packages/px4_msgs/msg/_ulog_stream_ack_s.c\n'}
[1.797391] (px4_msgs) StdoutLine: {'line': b'-- Up-to-date: /home/px4/ros2/ws/install/px4_msgs/local/lib/python3.10/dist-packages/px4_msgs/msg/_fixed_wing_lateral_status.py\n'}
[1.797534] (px4_msgs) StdoutLine: {'line': b'-- Up-to-date: /home/px4/ros2/ws/install/px4_msgs/local/lib/python3.10/dist-packages/px4_msgs/msg/_rover_attitude_setpoint.py\n'}
[1.797692] (px4_msgs) StdoutLine: {'line': b'-- Up-to-date: /home/px4/ros2/ws/install/px4_msgs/local/lib/python3.10/dist-packages/px4_msgs/msg/_estimator_aid_source2d.py\n'}
[1.797887] (px4_msgs) StdoutLine: {'line': b'-- Up-to-date: /home/px4/ros2/ws/install/px4_msgs/local/lib/python3.10/dist-packages/px4_msgs/msg/_actuator_motors.py\n'}
[1.797987] (px4_msgs) StdoutLine: {'line': b'-- Up-to-date: /home/px4/ros2/ws/install/px4_msgs/local/lib/python3.10/dist-packages/px4_msgs/msg/_gimbal_manager_information_s.c\n'}
[1.798077] (px4_msgs) StdoutLine: {'line': b'-- Up-to-date: /home/px4/ros2/ws/install/px4_msgs/local/lib/python3.10/dist-packages/px4_msgs/msg/_gimbal_manager_set_manual_control_s.c\n'}
[1.798158] (px4_msgs) StdoutLine: {'line': b'-- Up-to-date: /home/px4/ros2/ws/install/px4_msgs/local/lib/python3.10/dist-packages/px4_msgs/msg/_vehicle_torque_setpoint.py\n'}
[1.798234] (px4_msgs) StdoutLine: {'line': b'-- Up-to-date: /home/px4/ros2/ws/install/px4_msgs/local/lib/python3.10/dist-packages/px4_msgs/msg/_rtl_time_estimate.py\n'}
[1.798309] (px4_msgs) StdoutLine: {'line': b'-- Up-to-date: /home/px4/ros2/ws/install/px4_msgs/local/lib/python3.10/dist-packages/px4_msgs/msg/_radio_status_s.c\n'}
[1.798401] (px4_msgs) StdoutLine: {'line': b'-- Up-to-date: /home/px4/ros2/ws/install/px4_msgs/local/lib/python3.10/dist-packages/px4_msgs/msg/_onboard_computer_status_s.c\n'}
[1.798470] (px4_msgs) StdoutLine: {'line': b'-- Up-to-date: /home/px4/ros2/ws/install/px4_msgs/local/lib/python3.10/dist-packages/px4_msgs/msg/_ulog_stream_ack.py\n'}
[1.798562] (px4_msgs) StdoutLine: {'line': b'-- Up-to-date: /home/px4/ros2/ws/install/px4_msgs/local/lib/python3.10/dist-packages/px4_msgs/msg/_orb_test_medium_s.c\n'}
[1.798641] (px4_msgs) StdoutLine: {'line': b'-- Up-to-date: /home/px4/ros2/ws/install/px4_msgs/local/lib/python3.10/dist-packages/px4_msgs/msg/_arming_check_request_s.c\n'}
[1.798753] (px4_msgs) StdoutLine: {'line': b'-- Up-to-date: /home/px4/ros2/ws/install/px4_msgs/local/lib/python3.10/dist-packages/px4_msgs/msg/_sensor_combined_s.c\n'}
[1.798819] (px4_msgs) StdoutLine: {'line': b'-- Up-to-date: /home/px4/ros2/ws/install/px4_msgs/local/lib/python3.10/dist-packages/px4_msgs/msg/_vehicle_local_position_setpoint_s.c\n'}
[1.798881] (px4_msgs) StdoutLine: {'line': b'-- Up-to-date: /home/px4/ros2/ws/install/px4_msgs/local/lib/python3.10/dist-packages/px4_msgs/msg/_gpio_in_s.c\n'}
[1.798979] (px4_msgs) StdoutLine: {'line': b'-- Up-to-date: /home/px4/ros2/ws/install/px4_msgs/local/lib/python3.10/dist-packages/px4_msgs/msg/_sensors_status.py\n'}
[1.799041] (px4_msgs) StdoutLine: {'line': b'-- Up-to-date: /home/px4/ros2/ws/install/px4_msgs/local/lib/python3.10/dist-packages/px4_msgs/msg/_vehicle_angular_acceleration_setpoint_s.c\n'}
[1.799101] (px4_msgs) StdoutLine: {'line': b'-- Up-to-date: /home/px4/ros2/ws/install/px4_msgs/local/lib/python3.10/dist-packages/px4_msgs/msg/_message_format_response_s.c\n'}
[1.799160] (px4_msgs) StdoutLine: {'line': b'-- Up-to-date: /home/px4/ros2/ws/install/px4_msgs/local/lib/python3.10/dist-packages/px4_msgs/msg/_telemetry_status.py\n'}
[1.799218] (px4_msgs) StdoutLine: {'line': b'-- Up-to-date: /home/px4/ros2/ws/install/px4_msgs/local/lib/python3.10/dist-packages/px4_msgs/msg/_heater_status.py\n'}
[1.799275] (px4_msgs) StdoutLine: {'line': b'-- Up-to-date: /home/px4/ros2/ws/install/px4_msgs/local/lib/python3.10/dist-packages/px4_msgs/msg/_collision_constraints_s.c\n'}
[1.799333] (px4_msgs) StdoutLine: {'line': b'-- Up-to-date: /home/px4/ros2/ws/install/px4_msgs/local/lib/python3.10/dist-packages/px4_msgs/msg/_vehicle_angular_velocity.py\n'}
[1.799391] (px4_msgs) StdoutLine: {'line': b'-- Up-to-date: /home/px4/ros2/ws/install/px4_msgs/local/lib/python3.10/dist-packages/px4_msgs/msg/_mavlink_log_s.c\n'}
[1.799449] (px4_msgs) StdoutLine: {'line': b'-- Up-to-date: /home/px4/ros2/ws/install/px4_msgs/local/lib/python3.10/dist-packages/px4_msgs/msg/_lateral_control_configuration_s.c\n'}
[1.799528] (px4_msgs) StdoutLine: {'line': b'-- Up-to-date: /home/px4/ros2/ws/install/px4_msgs/local/lib/python3.10/dist-packages/px4_msgs/msg/_airspeed_s.c\n'}
[1.799628] (px4_msgs) StdoutLine: {'line': b'-- Up-to-date: /home/px4/ros2/ws/install/px4_msgs/local/lib/python3.10/dist-packages/px4_msgs/msg/_flight_phase_estimation_s.c\n'}
[1.799692] (px4_msgs) StdoutLine: {'line': b'-- Up-to-date: /home/px4/ros2/ws/install/px4_msgs/local/lib/python3.10/dist-packages/px4_msgs/msg/_sensor_baro.py\n'}
[1.799809] (px4_msgs) StdoutLine: {'line': b'-- Up-to-date: /home/px4/ros2/ws/install/px4_msgs/local/lib/python3.10/dist-packages/px4_msgs/msg/_message_format_request.py\n'}
[1.799871] (px4_msgs) StdoutLine: {'line': b'-- Up-to-date: /home/px4/ros2/ws/install/px4_msgs/local/lib/python3.10/dist-packages/px4_msgs/msg/_gps_dump.py\n'}
[1.799934] (px4_msgs) StdoutLine: {'line': b'-- Up-to-date: /home/px4/ros2/ws/install/px4_msgs/local/lib/python3.10/dist-packages/px4_msgs/msg/_vehicle_optical_flow.py\n'}
[1.799996] (px4_msgs) StdoutLine: {'line': b'-- Up-to-date: /home/px4/ros2/ws/install/px4_msgs/local/lib/python3.10/dist-packages/px4_msgs/msg/_actuator_servos_s.c\n'}
[1.800058] (px4_msgs) StdoutLine: {'line': b'-- Up-to-date: /home/px4/ros2/ws/install/px4_msgs/local/lib/python3.10/dist-packages/px4_msgs/msg/_actuator_servos_trim.py\n'}
[1.800177] (px4_msgs) StdoutLine: {'line': b'-- Up-to-date: /home/px4/ros2/ws/install/px4_msgs/local/lib/python3.10/dist-packages/px4_msgs/msg/_rover_position_setpoint_s.c\n'}
[1.800330] (px4_msgs) StdoutLine: {'line': b'-- Up-to-date: /home/px4/ros2/ws/install/px4_msgs/local/lib/python3.10/dist-packages/px4_msgs/msg/_orb_test_s.c\n'}
[1.800410] (px4_msgs) StdoutLine: {'line': b'-- Up-to-date: /home/px4/ros2/ws/install/px4_msgs/local/lib/python3.10/dist-packages/px4_msgs/msg/_estimator_gps_status_s.c\n'}
[1.800504] (px4_msgs) StdoutLine: {'line': b'-- Up-to-date: /home/px4/ros2/ws/install/px4_msgs/local/lib/python3.10/dist-packages/px4_msgs/msg/_rc_channels_s.c\n'}
[1.800593] (px4_msgs) StdoutLine: {'line': b'-- Up-to-date: /home/px4/ros2/ws/install/px4_msgs/local/lib/python3.10/dist-packages/px4_msgs/msg/_power_button_state.py\n'}
[1.800658] (px4_msgs) StdoutLine: {'line': b'-- Up-to-date: /home/px4/ros2/ws/install/px4_msgs/local/lib/python3.10/dist-packages/px4_msgs/msg/_adc_report_s.c\n'}
[1.800722] (px4_msgs) StdoutLine: {'line': b'-- Up-to-date: /home/px4/ros2/ws/install/px4_msgs/local/lib/python3.10/dist-packages/px4_msgs/msg/_estimator_bias3d_s.c\n'}
[1.800829] (px4_msgs) StdoutLine: {'line': b'-- Up-to-date: /home/px4/ros2/ws/install/px4_msgs/local/lib/python3.10/dist-packages/px4_msgs/msg/_sensors_status_s.c\n'}
[1.800915] (px4_msgs) StdoutLine: {'line': b'-- Up-to-date: /home/px4/ros2/ws/install/px4_msgs/local/lib/python3.10/dist-packages/px4_msgs/msg/_estimator_selector_status.py\n'}
[1.800977] (px4_msgs) StdoutLine: {'line': b'-- Up-to-date: /home/px4/ros2/ws/install/px4_msgs/local/lib/python3.10/dist-packages/px4_msgs/msg/_home_position_s.c\n'}
[1.801052] (px4_msgs) StdoutLine: {'line': b'-- Up-to-date: /home/px4/ros2/ws/install/px4_msgs/local/lib/python3.10/dist-packages/px4_msgs/msg/_action_request.py\n'}
[1.801151] (px4_msgs) StdoutLine: {'line': b'-- Up-to-date: /home/px4/ros2/ws/install/px4_msgs/local/lib/python3.10/dist-packages/px4_msgs/msg/_rc_parameter_map.py\n'}
[1.801236] (px4_msgs) StdoutLine: {'line': b'-- Up-to-date: /home/px4/ros2/ws/install/px4_msgs/local/lib/python3.10/dist-packages/px4_msgs/msg/_mode_completed.py\n'}
[1.801310] (px4_msgs) StdoutLine: {'line': b'-- Up-to-date: /home/px4/ros2/ws/install/px4_msgs/local/lib/python3.10/dist-packages/px4_msgs/msg/_vehicle_local_position_s.c\n'}
[1.801382] (px4_msgs) StdoutLine: {'line': b'-- Up-to-date: /home/px4/ros2/ws/install/px4_msgs/local/lib/python3.10/dist-packages/px4_msgs/msg/_sensor_accel_s.c\n'}
[1.801464] (px4_msgs) StdoutLine: {'line': b'-- Up-to-date: /home/px4/ros2/ws/install/px4_msgs/local/lib/python3.10/dist-packages/px4_msgs/msg/_camera_capture.py\n'}
[1.801569] (px4_msgs) StdoutLine: {'line': b'-- Up-to-date: /home/px4/ros2/ws/install/px4_msgs/local/lib/python3.10/dist-packages/px4_msgs/msg/_qshell_req_s.c\n'}
[1.801653] (px4_msgs) StdoutLine: {'line': b'-- Up-to-date: /home/px4/ros2/ws/install/px4_msgs/local/lib/python3.10/dist-packages/px4_msgs/msg/_wind_s.c\n'}
[1.801732] (px4_msgs) StdoutLine: {'line': b'-- Up-to-date: /home/px4/ros2/ws/install/px4_msgs/local/lib/python3.10/dist-packages/px4_msgs/msg/_vehicle_constraints.py\n'}
[1.801811] (px4_msgs) StdoutLine: {'line': b'-- Up-to-date: /home/px4/ros2/ws/install/px4_msgs/local/lib/python3.10/dist-packages/px4_msgs/msg/_button_event.py\n'}
[1.801917] (px4_msgs) StdoutLine: {'line': b'-- Up-to-date: /home/px4/ros2/ws/install/px4_msgs/local/lib/python3.10/dist-packages/px4_msgs/msg/_flight_phase_estimation.py\n'}
[1.802008] (px4_msgs) StdoutLine: {'line': b'-- Up-to-date: /home/px4/ros2/ws/install/px4_msgs/local/lib/python3.10/dist-packages/px4_msgs/msg/_landing_gear_wheel.py\n'}
[1.802070] (px4_msgs) StdoutLine: {'line': b'-- Up-to-date: /home/px4/ros2/ws/install/px4_msgs/local/lib/python3.10/dist-packages/px4_msgs/msg/_ulog_stream.py\n'}
[1.802132] (px4_msgs) StdoutLine: {'line': b'-- Up-to-date: /home/px4/ros2/ws/install/px4_msgs/local/lib/python3.10/dist-packages/px4_msgs/msg/_actuator_outputs_s.c\n'}
[1.802195] (px4_msgs) StdoutLine: {'line': b'-- Up-to-date: /home/px4/ros2/ws/install/px4_msgs/local/lib/python3.10/dist-packages/px4_msgs/msg/_vehicle_imu_s.c\n'}
[1.802281] (px4_msgs) StdoutLine: {'line': b'-- Up-to-date: /home/px4/ros2/ws/install/px4_msgs/local/lib/python3.10/dist-packages/px4_msgs/msg/_timesync_status_s.c\n'}
[1.802359] (px4_msgs) StdoutLine: {'line': b'-- Up-to-date: /home/px4/ros2/ws/install/px4_msgs/local/lib/python3.10/dist-packages/px4_msgs/msg/__init__.py\n'}
[1.802438] (px4_msgs) StdoutLine: {'line': b'-- Up-to-date: /home/px4/ros2/ws/install/px4_msgs/local/lib/python3.10/dist-packages/px4_msgs/msg/_obstacle_distance.py\n'}
[1.802532] (px4_msgs) StdoutLine: {'line': b'-- Up-to-date: /home/px4/ros2/ws/install/px4_msgs/local/lib/python3.10/dist-packages/px4_msgs/msg/_neural_control.py\n'}
[1.802637] (px4_msgs) StdoutLine: {'line': b'-- Up-to-date: /home/px4/ros2/ws/install/px4_msgs/local/lib/python3.10/dist-packages/px4_msgs/msg/_rover_attitude_status.py\n'}
[1.802699] (px4_msgs) StdoutLine: {'line': b'-- Up-to-date: /home/px4/ros2/ws/install/px4_msgs/local/lib/python3.10/dist-packages/px4_msgs/msg/_open_drone_id_operator_id_s.c\n'}
[1.802761] (px4_msgs) StdoutLine: {'line': b'-- Up-to-date: /home/px4/ros2/ws/install/px4_msgs/local/lib/python3.10/dist-packages/px4_msgs/msg/_sensor_gyro_fft.py\n'}
[1.802820] (px4_msgs) StdoutLine: {'line': b'-- Up-to-date: /home/px4/ros2/ws/install/px4_msgs/local/lib/python3.10/dist-packages/px4_msgs/msg/_logger_status.py\n'}
[1.802880] (px4_msgs) StdoutLine: {'line': b'-- Up-to-date: /home/px4/ros2/ws/install/px4_msgs/local/lib/python3.10/dist-packages/px4_msgs/msg/_pwm_input.py\n'}
[1.802941] (px4_msgs) StdoutLine: {'line': b'-- Up-to-date: /home/px4/ros2/ws/install/px4_msgs/local/lib/python3.10/dist-packages/px4_msgs/msg/_takeoff_status.py\n'}
[1.803002] (px4_msgs) StdoutLine: {'line': b'-- Up-to-date: /home/px4/ros2/ws/install/px4_msgs/local/lib/python3.10/dist-packages/px4_msgs/msg/_rc_parameter_map_s.c\n'}
[1.803073] (px4_msgs) StdoutLine: {'line': b'-- Up-to-date: /home/px4/ros2/ws/install/px4_msgs/local/lib/python3.10/dist-packages/px4_msgs/msg/_vehicle_roi_s.c\n'}
[1.803162] (px4_msgs) StdoutLine: {'line': b'-- Up-to-date: /home/px4/ros2/ws/install/px4_msgs/local/lib/python3.10/dist-packages/px4_msgs/msg/_esc_report_s.c\n'}
[1.803234] (-) TimerEvent: {}
[1.803333] (px4_msgs) StdoutLine: {'line': b'-- Up-to-date: /home/px4/ros2/ws/install/px4_msgs/local/lib/python3.10/dist-packages/px4_msgs/msg/_actuator_outputs.py\n'}
[1.803462] (px4_msgs) StdoutLine: {'line': b'-- Up-to-date: /home/px4/ros2/ws/install/px4_msgs/local/lib/python3.10/dist-packages/px4_msgs/msg/_rover_rate_setpoint_s.c\n'}
[1.803564] (px4_msgs) StdoutLine: {'line': b'-- Up-to-date: /home/px4/ros2/ws/install/px4_msgs/local/lib/python3.10/dist-packages/px4_msgs/msg/_vehicle_local_position_setpoint.py\n'}
[1.803641] (px4_msgs) StdoutLine: {'line': b'-- Up-to-date: /home/px4/ros2/ws/install/px4_msgs/local/lib/python3.10/dist-packages/px4_msgs/msg/_rtl_status.py\n'}
[1.803734] (px4_msgs) StdoutLine: {'line': b'-- Up-to-date: /home/px4/ros2/ws/install/px4_msgs/local/lib/python3.10/dist-packages/px4_msgs/msg/_battery_info.py\n'}
[1.803805] (px4_msgs) StdoutLine: {'line': b'-- Up-to-date: /home/px4/ros2/ws/install/px4_msgs/local/lib/python3.10/dist-packages/px4_msgs/msg/_estimator_states.py\n'}
[1.803907] (px4_msgs) StdoutLine: {'line': b'-- Up-to-date: /home/px4/ros2/ws/install/px4_msgs/local/lib/python3.10/dist-packages/px4_msgs/msg/_camera_trigger.py\n'}
[1.803972] (px4_msgs) StdoutLine: {'line': b'-- Up-to-date: /home/px4/ros2/ws/install/px4_msgs/local/lib/python3.10/dist-packages/px4_msgs/msg/_vehicle_roi.py\n'}
[1.804035] (px4_msgs) StdoutLine: {'line': b'-- Up-to-date: /home/px4/ros2/ws/install/px4_msgs/local/lib/python3.10/dist-packages/px4_msgs/msg/_vehicle_acceleration_s.c\n'}
[1.804096] (px4_msgs) StdoutLine: {'line': b'-- Up-to-date: /home/px4/ros2/ws/install/px4_msgs/local/lib/python3.10/dist-packages/px4_msgs/msg/_debug_value.py\n'}
[1.804155] (px4_msgs) StdoutLine: {'line': b'-- Up-to-date: /home/px4/ros2/ws/install/px4_msgs/local/lib/python3.10/dist-packages/px4_msgs/msg/_landing_target_innovations.py\n'}
[1.804213] (px4_msgs) StdoutLine: {'line': b'-- Up-to-date: /home/px4/ros2/ws/install/px4_msgs/local/lib/python3.10/dist-packages/px4_msgs/msg/_vehicle_torque_setpoint_s.c\n'}
[1.804293] (px4_msgs) StdoutLine: {'line': b'-- Up-to-date: /home/px4/ros2/ws/install/px4_msgs/local/lib/python3.10/dist-packages/px4_msgs/msg/_led_control.py\n'}
[1.804353] (px4_msgs) StdoutLine: {'line': b'-- Up-to-date: /home/px4/ros2/ws/install/px4_msgs/local/lib/python3.10/dist-packages/px4_msgs/msg/_normalized_unsigned_setpoint.py\n'}
[1.804425] (px4_msgs) StdoutLine: {'line': b'-- Up-to-date: /home/px4/ros2/ws/install/px4_msgs/local/lib/python3.10/dist-packages/px4_msgs/msg/_ekf2_timestamps_s.c\n'}
[1.804556] (px4_msgs) StdoutLine: {'line': b'-- Up-to-date: /home/px4/ros2/ws/install/px4_msgs/local/lib/python3.10/dist-packages/px4_msgs/msg/_debug_array.py\n'}
[1.804656] (px4_msgs) StdoutLine: {'line': b'-- Up-to-date: /home/px4/ros2/ws/install/px4_msgs/local/lib/python3.10/dist-packages/px4_msgs/msg/_rover_rate_setpoint.py\n'}
[1.804745] (px4_msgs) StdoutLine: {'line': b'-- Up-to-date: /home/px4/ros2/ws/install/px4_msgs/local/lib/python3.10/dist-packages/px4_msgs/msg/_dataman_response_s.c\n'}
[1.804821] (px4_msgs) StdoutLine: {'line': b'-- Up-to-date: /home/px4/ros2/ws/install/px4_msgs/local/lib/python3.10/dist-packages/px4_msgs/msg/_sensor_accel_fifo_s.c\n'}
[1.804911] (px4_msgs) StdoutLine: {'line': b'-- Up-to-date: /home/px4/ros2/ws/install/px4_msgs/local/lib/python3.10/dist-packages/px4_msgs/msg/_debug_vect_s.c\n'}
[1.804983] (px4_msgs) StdoutLine: {'line': b'-- Up-to-date: /home/px4/ros2/ws/install/px4_msgs/local/lib/python3.10/dist-packages/px4_msgs/msg/_cpuload.py\n'}
[1.805076] (px4_msgs) StdoutLine: {'line': b'-- Up-to-date: /home/px4/ros2/ws/install/px4_msgs/local/lib/python3.10/dist-packages/px4_msgs/msg/_dataman_request_s.c\n'}
[1.805165] (px4_msgs) StdoutLine: {'line': b'-- Up-to-date: /home/px4/ros2/ws/install/px4_msgs/local/lib/python3.10/dist-packages/px4_msgs/msg/_velocity_limits.py\n'}
[1.805255] (px4_msgs) StdoutLine: {'line': b'-- Up-to-date: /home/px4/ros2/ws/install/px4_msgs/local/lib/python3.10/dist-packages/px4_msgs/msg/_estimator_innovations.py\n'}
[1.805359] (px4_msgs) StdoutLine: {'line': b'-- Up-to-date: /home/px4/ros2/ws/install/px4_msgs/local/lib/python3.10/dist-packages/px4_msgs/msg/_gpio_out.py\n'}
[1.805437] (px4_msgs) StdoutLine: {'line': b'-- Up-to-date: /home/px4/ros2/ws/install/px4_msgs/local/lib/python3.10/dist-packages/px4_msgs/msg/_orb_test_large_s.c\n'}
[1.805512] (px4_msgs) StdoutLine: {'line': b'-- Up-to-date: /home/px4/ros2/ws/install/px4_msgs/local/lib/python3.10/dist-packages/px4_msgs/msg/_gimbal_device_information.py\n'}
[1.805588] (px4_msgs) StdoutLine: {'line': b'-- Up-to-date: /home/px4/ros2/ws/install/px4_msgs/local/lib/python3.10/dist-packages/px4_msgs/msg/_vehicle_status_s.c\n'}
[1.805657] (px4_msgs) StdoutLine: {'line': b'-- Up-to-date: /home/px4/ros2/ws/install/px4_msgs/local/lib/python3.10/dist-packages/px4_msgs/msg/_fixed_wing_lateral_status_s.c\n'}
[1.805727] (px4_msgs) StdoutLine: {'line': b'-- Up-to-date: /home/px4/ros2/ws/install/px4_msgs/local/lib/python3.10/dist-packages/px4_msgs/msg/_debug_value_s.c\n'}
[1.805810] (px4_msgs) StdoutLine: {'line': b'-- Up-to-date: /home/px4/ros2/ws/install/px4_msgs/local/lib/python3.10/dist-packages/px4_msgs/msg/_navigator_mission_item.py\n'}
[1.805875] (px4_msgs) StdoutLine: {'line': b'-- Up-to-date: /home/px4/ros2/ws/install/px4_msgs/local/lib/python3.10/dist-packages/px4_msgs/msg/_actuator_controls_status.py\n'}
[1.805951] (px4_msgs) StdoutLine: {'line': b'-- Up-to-date: /home/px4/ros2/ws/install/px4_msgs/local/lib/python3.10/dist-packages/px4_msgs/msg/_vehicle_rates_setpoint_s.c\n'}
[1.806046] (px4_msgs) StdoutLine: {'line': b'-- Up-to-date: /home/px4/ros2/ws/install/px4_msgs/local/lib/python3.10/dist-packages/px4_msgs/msg/_vehicle_control_mode.py\n'}
[1.806150] (px4_msgs) StdoutLine: {'line': b'-- Up-to-date: /home/px4/ros2/ws/install/px4_msgs/local/lib/python3.10/dist-packages/px4_msgs/msg/_sensor_preflight_mag.py\n'}
[1.806219] (px4_msgs) StdoutLine: {'line': b'-- Up-to-date: /home/px4/ros2/ws/install/px4_msgs/local/lib/python3.10/dist-packages/px4_msgs/msg/_gimbal_controls.py\n'}
[1.806308] (px4_msgs) StdoutLine: {'line': b'-- Up-to-date: /home/px4/ros2/ws/install/px4_msgs/local/lib/python3.10/dist-packages/px4_msgs/msg/_heater_status_s.c\n'}
[1.806395] (px4_msgs) StdoutLine: {'line': b'-- Up-to-date: /home/px4/ros2/ws/install/px4_msgs/local/lib/python3.10/dist-packages/px4_msgs/msg/_tune_control_s.c\n'}
[1.806463] (px4_msgs) StdoutLine: {'line': b'-- Up-to-date: /home/px4/ros2/ws/install/px4_msgs/local/lib/python3.10/dist-packages/px4_msgs/msg/_pps_capture_s.c\n'}
[1.806603] (px4_msgs) StdoutLine: {'line': b'-- Up-to-date: /home/px4/ros2/ws/install/px4_msgs/local/lib/python3.10/dist-packages/px4_msgs/msg/_uavcan_parameter_value_s.c\n'}
[1.806695] (px4_msgs) StdoutLine: {'line': b'-- Up-to-date: /home/px4/ros2/ws/install/px4_msgs/local/lib/python3.10/dist-packages/px4_msgs/msg/_input_rc.py\n'}
[1.806764] (px4_msgs) StdoutLine: {'line': b'-- Up-to-date: /home/px4/ros2/ws/install/px4_msgs/local/lib/python3.10/dist-packages/px4_msgs/msg/_action_request_s.c\n'}
[1.806824] (px4_msgs) StdoutLine: {'line': b'-- Up-to-date: /home/px4/ros2/ws/install/px4_msgs/local/lib/python3.10/dist-packages/px4_msgs/msg/_geofence_result.py\n'}
[1.806896] (px4_msgs) StdoutLine: {'line': b'-- Up-to-date: /home/px4/ros2/ws/install/px4_msgs/local/lib/python3.10/dist-packages/px4_msgs/msg/_sensor_accel.py\n'}
[1.806966] (px4_msgs) StdoutLine: {'line': b'-- Up-to-date: /home/px4/ros2/ws/install/px4_msgs/local/lib/python3.10/dist-packages/px4_msgs/msg/_timesync_status.py\n'}
[1.807025] (px4_msgs) StdoutLine: {'line': b'-- Up-to-date: /home/px4/ros2/ws/install/px4_msgs/local/lib/python3.10/dist-packages/px4_msgs/msg/_airspeed_validated_s.c\n'}
[1.807110] (px4_msgs) StdoutLine: {'line': b'-- Up-to-date: /home/px4/ros2/ws/install/px4_msgs/local/lib/python3.10/dist-packages/px4_msgs/msg/_adc_report.py\n'}
[1.807204] (px4_msgs) StdoutLine: {'line': b'-- Up-to-date: /home/px4/ros2/ws/install/px4_msgs/local/lib/python3.10/dist-packages/px4_msgs/msg/_vehicle_odometry.py\n'}
[1.807268] (px4_msgs) StdoutLine: {'line': b'-- Up-to-date: /home/px4/ros2/ws/install/px4_msgs/local/lib/python3.10/dist-packages/px4_msgs/msg/_internal_combustion_engine_control_s.c\n'}
[1.807396] (px4_msgs) StdoutLine: {'line': b'-- Up-to-date: /home/px4/ros2/ws/install/px4_msgs/local/lib/python3.10/dist-packages/px4_msgs/msg/_sensor_uwb_s.c\n'}
[1.807470] (px4_msgs) StdoutLine: {'line': b'-- Up-to-date: /home/px4/ros2/ws/install/px4_msgs/local/lib/python3.10/dist-packages/px4_msgs/msg/_rover_attitude_status_s.c\n'}
[1.807570] (px4_msgs) StdoutLine: {'line': b'-- Up-to-date: /home/px4/ros2/ws/install/px4_msgs/local/lib/python3.10/dist-packages/px4_msgs/msg/_sensor_mag_s.c\n'}
[1.807662] (px4_msgs) StdoutLine: {'line': b'-- Up-to-date: /home/px4/ros2/ws/install/px4_msgs/local/lib/python3.10/dist-packages/px4_msgs/msg/_estimator_aid_source3d_s.c\n'}
[1.807745] (px4_msgs) StdoutLine: {'line': b'-- Up-to-date: /home/px4/ros2/ws/install/px4_msgs/local/lib/python3.10/dist-packages/px4_msgs/msg/_internal_combustion_engine_status.py\n'}
[1.807860] (px4_msgs) StdoutLine: {'line': b'-- Up-to-date: /home/px4/ros2/ws/install/px4_msgs/local/lib/python3.10/dist-packages/px4_msgs/msg/_parameter_set_value_request_s.c\n'}
[1.807935] (px4_msgs) StdoutLine: {'line': b'-- Up-to-date: /home/px4/ros2/ws/install/px4_msgs/local/lib/python3.10/dist-packages/px4_msgs/msg/_gps_inject_data.py\n'}
[1.808015] (px4_msgs) StdoutLine: {'line': b'-- Up-to-date: /home/px4/ros2/ws/install/px4_msgs/local/lib/python3.10/dist-packages/px4_msgs/msg/_sensor_hygrometer.py\n'}
[1.808093] (px4_msgs) StdoutLine: {'line': b'-- Up-to-date: /home/px4/ros2/ws/install/px4_msgs/local/lib/python3.10/dist-packages/px4_msgs/msg/_follow_target_estimator.py\n'}
[1.808179] (px4_msgs) StdoutLine: {'line': b'-- Up-to-date: /home/px4/ros2/ws/install/px4_msgs/local/lib/python3.10/dist-packages/px4_msgs/msg/_unregister_ext_component.py\n'}
[1.808263] (px4_msgs) StdoutLine: {'line': b'-- Up-to-date: /home/px4/ros2/ws/install/px4_msgs/local/lib/python3.10/dist-packages/px4_msgs/msg/_yaw_estimator_status_s.c\n'}
[1.808339] (px4_msgs) StdoutLine: {'line': b'-- Up-to-date: /home/px4/ros2/ws/install/px4_msgs/local/lib/python3.10/dist-packages/px4_msgs/msg/_rpm.py\n'}
[1.808436] (px4_msgs) StdoutLine: {'line': b'-- Up-to-date: /home/px4/ros2/ws/install/px4_msgs/local/lib/python3.10/dist-packages/px4_msgs/msg/_mode_completed_s.c\n'}
[1.808514] (px4_msgs) StdoutLine: {'line': b'-- Up-to-date: /home/px4/ros2/ws/install/px4_msgs/local/lib/python3.10/dist-packages/px4_msgs/msg/_sensor_uwb.py\n'}
[1.808623] (px4_msgs) StdoutLine: {'line': b'-- Up-to-date: /home/px4/ros2/ws/install/px4_msgs/local/lib/python3.10/dist-packages/px4_msgs/msg/_geofence_status.py\n'}
[1.808686] (px4_msgs) StdoutLine: {'line': b'-- Up-to-date: /home/px4/ros2/ws/install/px4_msgs/local/lib/python3.10/dist-packages/px4_msgs/msg/_rover_velocity_status.py\n'}
[1.808746] (px4_msgs) StdoutLine: {'line': b'-- Up-to-date: /home/px4/ros2/ws/install/px4_msgs/local/lib/python3.10/dist-packages/px4_msgs/msg/_open_drone_id_arm_status_s.c\n'}
[1.808843] (px4_msgs) StdoutLine: {'line': b'-- Up-to-date: /home/px4/ros2/ws/install/px4_msgs/local/lib/python3.10/dist-packages/px4_msgs/msg/_transponder_report_s.c\n'}
[1.808904] (px4_msgs) StdoutLine: {'line': b'-- Up-to-date: /home/px4/ros2/ws/install/px4_msgs/local/lib/python3.10/dist-packages/px4_msgs/msg/_arming_check_request.py\n'}
[1.808978] (px4_msgs) StdoutLine: {'line': b'-- Up-to-date: /home/px4/ros2/ws/install/px4_msgs/local/lib/python3.10/dist-packages/px4_msgs/msg/_fixed_wing_runway_control_s.c\n'}
[1.809039] (px4_msgs) StdoutLine: {'line': b'-- Up-to-date: /home/px4/ros2/ws/install/px4_msgs/local/lib/python3.10/dist-packages/px4_msgs/msg/_message_format_response.py\n'}
[1.809107] (px4_msgs) StdoutLine: {'line': b'-- Up-to-date: /home/px4/ros2/ws/install/px4_msgs/local/lib/python3.10/dist-packages/px4_msgs/msg/_obstacle_distance_s.c\n'}
[1.809183] (px4_msgs) StdoutLine: {'line': b'-- Up-to-date: /home/px4/ros2/ws/install/px4_msgs/local/lib/python3.10/dist-packages/px4_msgs/msg/_landing_gear_wheel_s.c\n'}
[1.809276] (px4_msgs) StdoutLine: {'line': b'-- Up-to-date: /home/px4/ros2/ws/install/px4_msgs/local/lib/python3.10/dist-packages/px4_msgs/msg/_actuator_servos.py\n'}
[1.809339] (px4_msgs) StdoutLine: {'line': b'-- Up-to-date: /home/px4/ros2/ws/install/px4_msgs/local/lib/python3.10/dist-packages/px4_msgs/msg/_gimbal_manager_information.py\n'}
[1.809414] (px4_msgs) StdoutLine: {'line': b'-- Up-to-date: /home/px4/ros2/ws/install/px4_msgs/local/lib/python3.10/dist-packages/px4_msgs/msg/_wind.py\n'}
[1.809472] (px4_msgs) StdoutLine: {'line': b'-- Up-to-date: /home/px4/ros2/ws/install/px4_msgs/local/lib/python3.10/dist-packages/px4_msgs/msg/_vehicle_attitude_setpoint_s.c\n'}
[1.809591] (px4_msgs) StdoutLine: {'line': b'-- Up-to-date: /home/px4/ros2/ws/install/px4_msgs/local/lib/python3.10/dist-packages/px4_msgs/msg/_iridiumsbd_status_s.c\n'}
[1.809655] (px4_msgs) StdoutLine: {'line': b'-- Up-to-date: /home/px4/ros2/ws/install/px4_msgs/local/lib/python3.10/dist-packages/px4_msgs/msg/_ulog_stream_s.c\n'}
[1.809727] (px4_msgs) StdoutLine: {'line': b'-- Up-to-date: /home/px4/ros2/ws/install/px4_msgs/local/lib/python3.10/dist-packages/px4_msgs/msg/_sensor_correction.py\n'}
[1.809842] (px4_msgs) StdoutLine: {'line': b'-- Up-to-date: /home/px4/ros2/ws/install/px4_msgs/local/lib/python3.10/dist-packages/px4_msgs/msg/_dataman_response.py\n'}
[1.809926] (px4_msgs) StdoutLine: {'line': b'-- Up-to-date: /home/px4/ros2/ws/install/px4_msgs/local/lib/python3.10/dist-packages/px4_msgs/msg/_estimator_states_s.c\n'}
[1.810018] (px4_msgs) StdoutLine: {'line': b'-- Up-to-date: /home/px4/ros2/ws/install/px4_msgs/local/lib/python3.10/dist-packages/px4_msgs/msg/_orb_test_large.py\n'}
[1.810076] (px4_msgs) StdoutLine: {'line': b'-- Up-to-date: /home/px4/ros2/ws/install/px4_msgs/local/lib/python3.10/dist-packages/px4_msgs/msg/_camera_status.py\n'}
[1.810147] (px4_msgs) StdoutLine: {'line': b'-- Up-to-date: /home/px4/ros2/ws/install/px4_msgs/local/lib/python3.10/dist-packages/px4_msgs/msg/_sensor_gnss_relative.py\n'}
[1.810209] (px4_msgs) StdoutLine: {'line': b'-- Up-to-date: /home/px4/ros2/ws/install/px4_msgs/local/lib/python3.10/dist-packages/px4_msgs/msg/_task_stack_info.py\n'}
[1.810380] (px4_msgs) StdoutLine: {'line': b'-- Up-to-date: /home/px4/ros2/ws/install/px4_msgs/local/lib/python3.10/dist-packages/px4_msgs/msg/_manual_control_switches_s.c\n'}
[1.810516] (px4_msgs) StdoutLine: {'line': b'-- Up-to-date: /home/px4/ros2/ws/install/px4_msgs/local/lib/python3.10/dist-packages/px4_msgs/msg/_gpio_request_s.c\n'}
[1.810646] (px4_msgs) StdoutLine: {'line': b'-- Up-to-date: /home/px4/ros2/ws/install/px4_msgs/local/lib/python3.10/dist-packages/px4_msgs/msg/_led_control_s.c\n'}
[1.810712] (px4_msgs) StdoutLine: {'line': b'-- Up-to-date: /home/px4/ros2/ws/install/px4_msgs/local/lib/python3.10/dist-packages/px4_msgs/msg/_sensor_optical_flow_s.c\n'}
[1.810778] (px4_msgs) StdoutLine: {'line': b'-- Up-to-date: /home/px4/ros2/ws/install/px4_msgs/local/lib/python3.10/dist-packages/px4_msgs/msg/_vehicle_acceleration.py\n'}
[1.810840] (px4_msgs) StdoutLine: {'line': b'-- Up-to-date: /home/px4/ros2/ws/install/px4_msgs/local/lib/python3.10/dist-packages/px4_msgs/msg/_vehicle_angular_velocity_s.c\n'}
[1.810903] (px4_msgs) StdoutLine: {'line': b'-- Up-to-date: /home/px4/ros2/ws/install/px4_msgs/local/lib/python3.10/dist-packages/px4_msgs/msg/_failure_detector_status_s.c\n'}
[1.810964] (px4_msgs) StdoutLine: {'line': b'-- Up-to-date: /home/px4/ros2/ws/install/px4_msgs/local/lib/python3.10/dist-packages/px4_msgs/msg/_vehicle_optical_flow_vel.py\n'}
[1.811034] (px4_msgs) StdoutLine: {'line': b'-- Up-to-date: /home/px4/ros2/ws/install/px4_msgs/local/lib/python3.10/dist-packages/px4_msgs/msg/_sensor_mag.py\n'}
[1.811123] (px4_msgs) StdoutLine: {'line': b'-- Up-to-date: /home/px4/ros2/ws/install/px4_msgs/local/lib/python3.10/dist-packages/px4_msgs/msg/_rc_channels.py\n'}
[1.811221] (px4_msgs) StdoutLine: {'line': b'-- Up-to-date: /home/px4/ros2/ws/install/px4_msgs/local/lib/python3.10/dist-packages/px4_msgs/msg/_vehicle_optical_flow_vel_s.c\n'}
[1.811284] (px4_msgs) StdoutLine: {'line': b'-- Up-to-date: /home/px4/ros2/ws/install/px4_msgs/local/lib/python3.10/dist-packages/px4_msgs/msg/_normalized_unsigned_setpoint_s.c\n'}
[1.811379] (px4_msgs) StdoutLine: {'line': b'-- Up-to-date: /home/px4/ros2/ws/install/px4_msgs/local/lib/python3.10/dist-packages/px4_msgs/msg/_config_overrides.py\n'}
[1.811473] (px4_msgs) StdoutLine: {'line': b'-- Up-to-date: /home/px4/ros2/ws/install/px4_msgs/local/lib/python3.10/dist-packages/px4_msgs/msg/_uavcan_parameter_value.py\n'}
[1.811573] (px4_msgs) StdoutLine: {'line': b'-- Up-to-date: /home/px4/ros2/ws/install/px4_msgs/local/lib/python3.10/dist-packages/px4_msgs/msg/_debug_vect.py\n'}
[1.811638] (px4_msgs) StdoutLine: {'line': b'-- Up-to-date: /home/px4/ros2/ws/install/px4_msgs/local/lib/python3.10/dist-packages/px4_msgs/msg/_gimbal_manager_set_attitude_s.c\n'}
[1.811712] (px4_msgs) StdoutLine: {'line': b'-- Up-to-date: /home/px4/ros2/ws/install/px4_msgs/local/lib/python3.10/dist-packages/px4_msgs/msg/_sensor_airflow.py\n'}
[1.811832] (px4_msgs) StdoutLine: {'line': b'-- Up-to-date: /home/px4/ros2/ws/install/px4_msgs/local/lib/python3.10/dist-packages/px4_msgs/msg/_event.py\n'}
[1.811896] (px4_msgs) StdoutLine: {'line': b'-- Up-to-date: /home/px4/ros2/ws/install/px4_msgs/local/lib/python3.10/dist-packages/px4_msgs/msg/_mount_orientation_s.c\n'}
[1.811971] (px4_msgs) StdoutLine: {'line': b'-- Up-to-date: /home/px4/ros2/ws/install/px4_msgs/local/lib/python3.10/dist-packages/px4_msgs/msg/_fixed_wing_longitudinal_setpoint_s.c\n'}
[1.812034] (px4_msgs) StdoutLine: {'line': b'-- Up-to-date: /home/px4/ros2/ws/install/px4_msgs/local/lib/python3.10/dist-packages/px4_msgs/msg/_camera_trigger_s.c\n'}
[1.812095] (px4_msgs) StdoutLine: {'line': b'-- Up-to-date: /home/px4/ros2/ws/install/px4_msgs/local/lib/python3.10/dist-packages/px4_msgs/msg/_ping_s.c\n'}
[1.812155] (px4_msgs) StdoutLine: {'line': b'-- Up-to-date: /home/px4/ros2/ws/install/px4_msgs/local/lib/python3.10/dist-packages/px4_msgs/msg/_actuator_test_s.c\n'}
[1.812215] (px4_msgs) StdoutLine: {'line': b'-- Up-to-date: /home/px4/ros2/ws/install/px4_msgs/local/lib/python3.10/dist-packages/px4_msgs/msg/_gimbal_device_set_attitude_s.c\n'}
[1.812276] (px4_msgs) StdoutLine: {'line': b'-- Up-to-date: /home/px4/ros2/ws/install/px4_msgs/local/lib/python3.10/dist-packages/px4_msgs/msg/_gps_dump_s.c\n'}
[1.812336] (px4_msgs) StdoutLine: {'line': b'-- Up-to-date: /home/px4/ros2/ws/install/px4_msgs/local/lib/python3.10/dist-packages/px4_msgs/msg/_geofence_status_s.c\n'}
[1.812450] (px4_msgs) StdoutLine: {'line': b'-- Up-to-date: /home/px4/ros2/ws/install/px4_msgs/local/lib/python3.10/dist-packages/px4_msgs/msg/_arming_check_reply.py\n'}
[1.812538] (px4_msgs) StdoutLine: {'line': b'-- Up-to-date: /home/px4/ros2/ws/install/px4_msgs/local/lib/python3.10/dist-packages/px4_msgs/msg/_system_power_s.c\n'}
[1.812634] (px4_msgs) StdoutLine: {'line': b'-- Up-to-date: /home/px4/ros2/ws/install/px4_msgs/local/lib/python3.10/dist-packages/px4_msgs/msg/_vehicle_land_detected_s.c\n'}
[1.812712] (px4_msgs) StdoutLine: {'line': b'-- Up-to-date: /home/px4/ros2/ws/install/px4_msgs/local/lib/python3.10/dist-packages/px4_msgs/msg/_parameter_reset_request_s.c\n'}
[1.812807] (px4_msgs) StdoutLine: {'line': b'-- Up-to-date: /home/px4/ros2/ws/install/px4_msgs/local/lib/python3.10/dist-packages/px4_msgs/msg/_health_report.py\n'}
[1.812870] (px4_msgs) StdoutLine: {'line': b'-- Up-to-date: /home/px4/ros2/ws/install/px4_msgs/local/lib/python3.10/dist-packages/px4_msgs/msg/_manual_control_switches.py\n'}
[1.812955] (px4_msgs) StdoutLine: {'line': b'-- Up-to-date: /home/px4/ros2/ws/install/px4_msgs/local/lib/python3.10/dist-packages/px4_msgs/msg/_px4io_status_s.c\n'}
[1.813033] (px4_msgs) StdoutLine: {'line': b'-- Up-to-date: /home/px4/ros2/ws/install/px4_msgs/local/lib/python3.10/dist-packages/px4_msgs/msg/_vehicle_command.py\n'}
[1.813114] (px4_msgs) StdoutLine: {'line': b'-- Up-to-date: /home/px4/ros2/ws/install/px4_msgs/local/lib/python3.10/dist-packages/px4_msgs/msg/_sensor_gyro.py\n'}
[1.813192] (px4_msgs) StdoutLine: {'line': b'-- Up-to-date: /home/px4/ros2/ws/install/px4_msgs/local/lib/python3.10/dist-packages/px4_msgs/msg/_tiltrotor_extra_controls.py\n'}
[1.813286] (px4_msgs) StdoutLine: {'line': b'-- Up-to-date: /home/px4/ros2/ws/install/px4_msgs/local/lib/python3.10/dist-packages/px4_msgs/msg/_gimbal_device_set_attitude.py\n'}
[1.813379] (px4_msgs) StdoutLine: {'line': b'-- Up-to-date: /home/px4/ros2/ws/install/px4_msgs/local/lib/python3.10/dist-packages/px4_msgs/msg/_gimbal_manager_set_attitude.py\n'}
[1.813455] (px4_msgs) StdoutLine: {'line': b'-- Up-to-date: /home/px4/ros2/ws/install/px4_msgs/local/lib/python3.10/dist-packages/px4_msgs/msg/_gimbal_device_information_s.c\n'}
[1.813603] (px4_msgs) StdoutLine: {'line': b'-- Up-to-date: /home/px4/ros2/ws/install/px4_msgs/local/lib/python3.10/dist-packages/px4_msgs/msg/_rover_velocity_setpoint_s.c\n'}
[1.813729] (px4_msgs) StdoutLine: {'line': b'-- Up-to-date: /home/px4/ros2/ws/install/px4_msgs/local/lib/python3.10/dist-packages/px4_msgs/msg/_radio_status.py\n'}
[1.813803] (px4_msgs) StdoutLine: {'line': b'-- Up-to-date: /home/px4/ros2/ws/install/px4_msgs/local/lib/python3.10/dist-packages/px4_msgs/msg/_cellular_status_s.c\n'}
[1.813863] (px4_msgs) StdoutLine: {'line': b'-- Up-to-date: /home/px4/ros2/ws/install/px4_msgs/local/lib/python3.10/dist-packages/px4_msgs/msg/_orbit_status_s.c\n'}
[1.813964] (px4_msgs) StdoutLine: {'line': b'-- Up-to-date: /home/px4/ros2/ws/install/px4_msgs/local/lib/python3.10/dist-packages/px4_msgs/msg/_landing_gear.py\n'}
[1.814077] (px4_msgs) StdoutLine: {'line': b'-- Up-to-date: /home/px4/ros2/ws/install/px4_msgs/local/lib/python3.10/dist-packages/px4_msgs/msg/_rover_steering_setpoint.py\n'}
[1.814143] (px4_msgs) StdoutLine: {'line': b'-- Up-to-date: /home/px4/ros2/ws/install/px4_msgs/local/lib/python3.10/dist-packages/px4_msgs/msg/_vehicle_constraints_s.c\n'}
[1.814205] (px4_msgs) StdoutLine: {'line': b'-- Up-to-date: /home/px4/ros2/ws/install/px4_msgs/local/lib/python3.10/dist-packages/px4_msgs/msg/_battery_status_s.c\n'}
[1.814342] (px4_msgs) StdoutLine: {'line': b'-- Up-to-date: /home/px4/ros2/ws/install/px4_msgs/local/lib/python3.10/dist-packages/px4_msgs/msg/_control_allocator_status_s.c\n'}
[1.814406] (px4_msgs) StdoutLine: {'line': b'-- Up-to-date: /home/px4/ros2/ws/install/px4_msgs/local/lib/python3.10/dist-packages/px4_msgs/msg/_estimator_sensor_bias.py\n'}
[1.814467] (px4_msgs) StdoutLine: {'line': b'-- Up-to-date: /home/px4/ros2/ws/install/px4_msgs/local/lib/python3.10/dist-packages/px4_msgs/msg/_actuator_motors_s.c\n'}
[1.814556] (px4_msgs) StdoutLine: {'line': b'-- Up-to-date: /home/px4/ros2/ws/install/px4_msgs/local/lib/python3.10/dist-packages/px4_msgs/msg/_battery_info_s.c\n'}
[1.814665] (px4_msgs) StdoutLine: {'line': b'-- Up-to-date: /home/px4/ros2/ws/install/px4_msgs/local/lib/python3.10/dist-packages/px4_msgs/msg/_mag_worker_data.py\n'}
[1.814750] (px4_msgs) StdoutLine: {'line': b'-- Up-to-date: /home/px4/ros2/ws/install/px4_msgs/local/lib/python3.10/dist-packages/px4_msgs/msg/_trajectory_setpoint6dof_s.c\n'}
[1.814809] (px4_msgs) StdoutLine: {'line': b'-- Up-to-date: /home/px4/ros2/ws/install/px4_msgs/local/lib/python3.10/dist-packages/px4_msgs/msg/_navigator_status.py\n'}
[1.814897] (px4_msgs) StdoutLine: {'line': b'-- Up-to-date: /home/px4/ros2/ws/install/px4_msgs/local/lib/python3.10/dist-packages/px4_msgs/msg/_gpio_in.py\n'}
[1.814964] (px4_msgs) StdoutLine: {'line': b'-- Up-to-date: /home/px4/ros2/ws/install/px4_msgs/local/lib/python3.10/dist-packages/px4_msgs/msg/_message_format_request_s.c\n'}
[1.815091] (px4_msgs) StdoutLine: {'line': b'-- Up-to-date: /home/px4/ros2/ws/install/px4_msgs/local/lib/python3.10/dist-packages/px4_msgs/msg/_rover_rate_status.py\n'}
[1.815163] (px4_msgs) StdoutLine: {'line': b'-- Up-to-date: /home/px4/ros2/ws/install/px4_msgs/local/lib/python3.10/dist-packages/px4_msgs/msg/_parameter_update_s.c\n'}
[1.815222] (px4_msgs) StdoutLine: {'line': b'-- Up-to-date: /home/px4/ros2/ws/install/px4_msgs/local/lib/python3.10/dist-packages/px4_msgs/msg/_manual_control_setpoint.py\n'}
[1.815305] (px4_msgs) StdoutLine: {'line': b'-- Up-to-date: /home/px4/ros2/ws/install/px4_msgs/local/lib/python3.10/dist-packages/px4_msgs/msg/_vehicle_attitude_setpoint.py\n'}
[1.815399] (px4_msgs) StdoutLine: {'line': b'-- Up-to-date: /home/px4/ros2/ws/install/px4_msgs/local/lib/python3.10/dist-packages/px4_msgs/msg/_rtl_status_s.c\n'}
[1.815478] (px4_msgs) StdoutLine: {'line': b'-- Up-to-date: /home/px4/ros2/ws/install/px4_msgs/local/lib/python3.10/dist-packages/px4_msgs/msg/_neural_control_s.c\n'}
[1.815580] (px4_msgs) StdoutLine: {'line': b'-- Up-to-date: /home/px4/ros2/ws/install/px4_msgs/local/lib/python3.10/dist-packages/px4_msgs/msg/_estimator_aid_source1d.py\n'}
[1.815670] (px4_msgs) StdoutLine: {'line': b'-- Up-to-date: /home/px4/ros2/ws/install/px4_msgs/local/lib/python3.10/dist-packages/px4_msgs/msg/_register_ext_component_reply.py\n'}
[1.815747] (px4_msgs) StdoutLine: {'line': b'-- Up-to-date: /home/px4/ros2/ws/install/px4_msgs/local/lib/python3.10/dist-packages/px4_msgs/msg/_sensor_hygrometer_s.c\n'}
[1.815843] (px4_msgs) StdoutLine: {'line': b'-- Up-to-date: /home/px4/ros2/ws/install/px4_msgs/local/lib/python3.10/dist-packages/px4_msgs/msg/_landing_target_innovations_s.c\n'}
[1.815905] (px4_msgs) StdoutLine: {'line': b'-- Up-to-date: /home/px4/ros2/ws/install/px4_msgs/local/lib/python3.10/dist-packages/px4_msgs/msg/_camera_status_s.c\n'}
[1.815964] (px4_msgs) StdoutLine: {'line': b'-- Up-to-date: /home/px4/ros2/ws/install/px4_msgs/local/lib/python3.10/dist-packages/px4_msgs/msg/_power_monitor.py\n'}
[1.816057] (px4_msgs) StdoutLine: {'line': b'-- Up-to-date: /home/px4/ros2/ws/install/px4_msgs/local/lib/python3.10/dist-packages/px4_msgs/msg/_velocity_limits_s.c\n'}
[1.816128] (px4_msgs) StdoutLine: {'line': b'-- Up-to-date: /home/px4/ros2/ws/install/px4_msgs/local/lib/python3.10/dist-packages/px4_msgs/msg/_qshell_retval_s.c\n'}
[1.816191] (px4_msgs) StdoutLine: {'line': b'-- Up-to-date: /home/px4/ros2/ws/install/px4_msgs/local/lib/python3.10/dist-packages/px4_msgs/msg/_sensor_gps.py\n'}
[1.816289] (px4_msgs) StdoutLine: {'line': b'-- Up-to-date: /home/px4/ros2/ws/install/px4_msgs/local/lib/python3.10/dist-packages/px4_msgs/msg/_trajectory_setpoint.py\n'}
[1.816354] (px4_msgs) StdoutLine: {'line': b'-- Up-to-date: /home/px4/ros2/ws/install/px4_msgs/local/lib/python3.10/dist-packages/px4_msgs/msg/_power_button_state_s.c\n'}
[1.816415] (px4_msgs) StdoutLine: {'line': b'-- Up-to-date: /home/px4/ros2/ws/install/px4_msgs/local/lib/python3.10/dist-packages/px4_msgs/msg/_vehicle_attitude_s.c\n'}
[1.816473] (px4_msgs) StdoutLine: {'line': b'-- Up-to-date: /home/px4/ros2/ws/install/px4_msgs/local/lib/python3.10/dist-packages/px4_msgs/msg/_estimator_status_flags.py\n'}
[1.816622] (px4_msgs) StdoutLine: {'line': b'-- Up-to-date: /home/px4/ros2/ws/install/px4_msgs/local/lib/python3.10/dist-packages/px4_msgs/msg/_position_controller_landing_status_s.c\n'}
[1.816690] (px4_msgs) StdoutLine: {'line': b'-- Up-to-date: /home/px4/ros2/ws/install/px4_msgs/local/lib/python3.10/dist-packages/px4_msgs/msg/_actuator_test.py\n'}
[1.816766] (px4_msgs) StdoutLine: {'line': b'-- Up-to-date: /home/px4/ros2/ws/install/px4_msgs/local/lib/python3.10/dist-packages/px4_msgs/msg/_uavcan_parameter_request_s.c\n'}
[1.816828] (px4_msgs) StdoutLine: {'line': b'-- Up-to-date: /home/px4/ros2/ws/install/px4_msgs/local/lib/python3.10/dist-packages/px4_msgs/msg/_vehicle_global_position.py\n'}
[1.816903] (px4_msgs) StdoutLine: {'line': b'-- Up-to-date: /home/px4/ros2/ws/install/px4_msgs/local/lib/python3.10/dist-packages/px4_msgs/msg/_estimator_event_flags.py\n'}
[1.816964] (px4_msgs) StdoutLine: {'line': b'-- Up-to-date: /home/px4/ros2/ws/install/px4_msgs/local/lib/python3.10/dist-packages/px4_msgs/msg/_rate_ctrl_status.py\n'}
[1.817024] (px4_msgs) StdoutLine: {'line': b'-- Up-to-date: /home/px4/ros2/ws/install/px4_msgs/local/lib/python3.10/dist-packages/px4_msgs/msg/_distance_sensor_s.c\n'}
[1.817096] (px4_msgs) StdoutLine: {'line': b'-- Up-to-date: /home/px4/ros2/ws/install/px4_msgs/local/lib/python3.10/dist-packages/px4_msgs/msg/_trajectory_setpoint6dof.py\n'}
[1.817155] (px4_msgs) StdoutLine: {'line': b'-- Up-to-date: /home/px4/ros2/ws/install/px4_msgs/local/lib/python3.10/dist-packages/px4_msgs/msg/_ping.py\n'}
[1.817289] (px4_msgs) StdoutLine: {'line': b'-- Up-to-date: /home/px4/ros2/ws/install/px4_msgs/local/lib/python3.10/dist-packages/px4_msgs/msg/_irlock_report_s.c\n'}
[1.817398] (px4_msgs) StdoutLine: {'line': b'-- Up-to-date: /home/px4/ros2/ws/install/px4_msgs/local/lib/python3.10/dist-packages/px4_msgs/msg/_sensor_gyro_fifo_s.c\n'}
[1.817465] (px4_msgs) StdoutLine: {'line': b'-- Up-to-date: /home/px4/ros2/ws/install/px4_msgs/local/lib/python3.10/dist-packages/px4_msgs/msg/_mission.py\n'}
[1.817578] (px4_msgs) StdoutLine: {'line': b'-- Up-to-date: /home/px4/ros2/ws/install/px4_msgs/local/lib/python3.10/dist-packages/px4_msgs/msg/_parameter_set_used_request_s.c\n'}
[1.817670] (px4_msgs) StdoutLine: {'line': b'-- Up-to-date: /home/px4/ros2/ws/install/px4_msgs/local/lib/python3.10/dist-packages/px4_msgs/msg/_sensor_optical_flow.py\n'}
[1.817737] (px4_msgs) StdoutLine: {'line': b'-- Up-to-date: /home/px4/ros2/ws/install/px4_msgs/local/lib/python3.10/dist-packages/px4_msgs/msg/_actuator_armed.py\n'}
[1.817806] (px4_msgs) StdoutLine: {'line': b'-- Up-to-date: /home/px4/ros2/ws/install/px4_msgs/local/lib/python3.10/dist-packages/px4_msgs/msg/_vehicle_magnetometer_s.c\n'}
[1.817901] (px4_msgs) StdoutLine: {'line': b'-- Up-to-date: /home/px4/ros2/ws/install/px4_msgs/local/lib/python3.10/dist-packages/px4_msgs/msg/_debug_key_value_s.c\n'}
[1.817966] (px4_msgs) StdoutLine: {'line': b'-- Up-to-date: /home/px4/ros2/ws/install/px4_msgs/local/lib/python3.10/dist-packages/px4_msgs/msg/_transponder_report.py\n'}
[1.818101] (px4_msgs) StdoutLine: {'line': b'-- Up-to-date: /home/px4/ros2/ws/install/px4_msgs/local/lib/python3.10/dist-packages/px4_msgs/msg/_landing_gear_s.c\n'}
[1.818193] (px4_msgs) StdoutLine: {'line': b'-- Up-to-date: /home/px4/ros2/ws/install/px4_msgs/local/lib/python3.10/dist-packages/px4_msgs/msg/_sensor_correction_s.c\n'}
[1.818252] (px4_msgs) StdoutLine: {'line': b'-- Up-to-date: /home/px4/ros2/ws/install/px4_msgs/local/lib/python3.10/dist-packages/px4_msgs/msg/_airspeed_validated.py\n'}
[1.818360] (px4_msgs) StdoutLine: {'line': b'-- Up-to-date: /home/px4/ros2/ws/install/px4_msgs/local/lib/python3.10/dist-packages/px4_msgs/msg/_estimator_aid_source2d_s.c\n'}
[1.818432] (px4_msgs) StdoutLine: {'line': b'-- Up-to-date: /home/px4/ros2/ws/install/px4_msgs/local/lib/python3.10/dist-packages/px4_msgs/msg/_uavcan_parameter_request.py\n'}
[1.818505] (px4_msgs) StdoutLine: {'line': b'-- Up-to-date: /home/px4/ros2/ws/install/px4_msgs/local/lib/python3.10/dist-packages/px4_msgs/msg/_position_setpoint.py\n'}
[1.818586] (px4_msgs) StdoutLine: {'line': b'-- Up-to-date: /home/px4/ros2/ws/install/px4_msgs/local/lib/python3.10/dist-packages/px4_msgs/msg/_vehicle_control_mode_s.c\n'}
[1.818696] (px4_msgs) StdoutLine: {'line': b'-- Up-to-date: /home/px4/ros2/ws/install/px4_msgs/local/lib/python3.10/dist-packages/px4_msgs/msg/_figure_eight_status_s.c\n'}
[1.818762] (px4_msgs) StdoutLine: {'line': b'-- Up-to-date: /home/px4/ros2/ws/install/px4_msgs/local/lib/python3.10/dist-packages/px4_msgs/msg/_config_overrides_s.c\n'}
[1.818830] (px4_msgs) StdoutLine: {'line': b'-- Up-to-date: /home/px4/ros2/ws/install/px4_msgs/local/lib/python3.10/dist-packages/px4_msgs/msg/_tiltrotor_extra_controls_s.c\n'}
[1.818901] (px4_msgs) StdoutLine: {'line': b'-- Up-to-date: /home/px4/ros2/ws/install/px4_msgs/local/lib/python3.10/dist-packages/px4_msgs/msg/_sensor_gyro_fifo.py\n'}
[1.818959] (px4_msgs) StdoutLine: {'line': b'-- Up-to-date: /home/px4/ros2/ws/install/px4_msgs/local/lib/python3.10/dist-packages/px4_msgs/msg/_fixed_wing_lateral_guidance_status_s.c\n'}
[1.819016] (px4_msgs) StdoutLine: {'line': b'-- Up-to-date: /home/px4/ros2/ws/install/px4_msgs/local/lib/python3.10/dist-packages/px4_msgs/msg/_vehicle_magnetometer.py\n'}
[1.819089] (px4_msgs) StdoutLine: {'line': b'-- Up-to-date: /home/px4/ros2/ws/install/px4_msgs/local/lib/python3.10/dist-packages/px4_msgs/msg/_parameter_set_value_response_s.c\n'}
[1.819149] (px4_msgs) StdoutLine: {'line': b'-- Up-to-date: /home/px4/ros2/ws/install/px4_msgs/local/lib/python3.10/dist-packages/px4_msgs/msg/_vehicle_status.py\n'}
[1.819215] (px4_msgs) StdoutLine: {'line': b'-- Up-to-date: /home/px4/ros2/ws/install/px4_msgs/local/lib/python3.10/dist-packages/px4_msgs/msg/_position_controller_landing_status.py\n'}
[1.819273] (px4_msgs) StdoutLine: {'line': b'-- Up-to-date: /home/px4/ros2/ws/install/px4_msgs/local/lib/python3.10/dist-packages/px4_msgs/msg/_vehicle_optical_flow_s.c\n'}
[1.819364] (px4_msgs) StdoutLine: {'line': b'-- Up-to-date: /home/px4/ros2/ws/install/px4_msgs/local/lib/python3.10/dist-packages/px4_msgs/msg/_magnetometer_bias_estimate_s.c\n'}
[1.819445] (px4_msgs) StdoutLine: {'line': b'-- Up-to-date: /home/px4/ros2/ws/install/px4_msgs/local/lib/python3.10/dist-packages/px4_msgs/msg/_distance_sensor.py\n'}
[1.819605] (px4_msgs) StdoutLine: {'line': b'-- Up-to-date: /home/px4/ros2/ws/install/px4_msgs/local/lib/python3.10/dist-packages/px4_msgs/msg/_wheel_encoders_s.c\n'}
[1.819714] (px4_msgs) StdoutLine: {'line': b'-- Up-to-date: /home/px4/ros2/ws/install/px4_msgs/local/lib/python3.10/dist-packages/px4_msgs/msg/_generator_status_s.c\n'}
[1.819779] (px4_msgs) StdoutLine: {'line': b'-- Up-to-date: /home/px4/ros2/ws/install/px4_msgs/local/lib/python3.10/dist-packages/px4_msgs/msg/_cpuload_s.c\n'}
[1.819843] (px4_msgs) StdoutLine: {'line': b'-- Up-to-date: /home/px4/ros2/ws/install/px4_msgs/local/lib/python3.10/dist-packages/px4_msgs/msg/_sensors_status_imu.py\n'}
[1.819905] (px4_msgs) StdoutLine: {'line': b'-- Up-to-date: /home/px4/ros2/ws/install/px4_msgs/local/lib/python3.10/dist-packages/px4_msgs/msg/_dronecan_node_status.py\n'}
[1.819994] (px4_msgs) StdoutLine: {'line': b'-- Up-to-date: /home/px4/ros2/ws/install/px4_msgs/local/lib/python3.10/dist-packages/px4_msgs/msg/_vehicle_rates_setpoint.py\n'}
[1.820076] (px4_msgs) StdoutLine: {'line': b'-- Up-to-date: /home/px4/ros2/ws/install/px4_msgs/local/lib/python3.10/dist-packages/px4_msgs/msg/_gimbal_device_attitude_status.py\n'}
[1.820139] (px4_msgs) StdoutLine: {'line': b'-- Up-to-date: /home/px4/ros2/ws/install/px4_msgs/local/lib/python3.10/dist-packages/px4_msgs/msg/_hover_thrust_estimate.py\n'}
[1.820199] (px4_msgs) StdoutLine: {'line': b'-- Up-to-date: /home/px4/ros2/ws/install/px4_msgs/local/lib/python3.10/dist-packages/px4_msgs/msg/_qshell_retval.py\n'}
[1.820258] (px4_msgs) StdoutLine: {'line': b'-- Up-to-date: /home/px4/ros2/ws/install/px4_msgs/local/lib/python3.10/dist-packages/px4_msgs/msg/_can_interface_status_s.c\n'}
[1.820317] (px4_msgs) StdoutLine: {'line': b'-- Up-to-date: /home/px4/ros2/ws/install/px4_msgs/local/lib/python3.10/dist-packages/px4_msgs/msg/_sensor_accel_fifo.py\n'}
[1.820501] (px4_msgs) StdoutLine: {'line': b'-- Up-to-date: /home/px4/ros2/ws/install/px4_msgs/local/lib/python3.10/dist-packages/px4_msgs/msg/_mag_worker_data_s.c\n'}
[1.820609] (px4_msgs) StdoutLine: {'line': b'-- Up-to-date: /home/px4/ros2/ws/install/px4_msgs/local/lib/python3.10/dist-packages/px4_msgs/msg/_collision_constraints.py\n'}
[1.820691] (px4_msgs) StdoutLine: {'line': b'-- Up-to-date: /home/px4/ros2/ws/install/px4_msgs/local/lib/python3.10/dist-packages/px4_msgs/msg/_pps_capture.py\n'}
[1.820770] (px4_msgs) StdoutLine: {'line': b'-- Up-to-date: /home/px4/ros2/ws/install/px4_msgs/local/lib/python3.10/dist-packages/px4_msgs/msg/_rtl_time_estimate_s.c\n'}
[1.820857] (px4_msgs) StdoutLine: {'line': b'-- Up-to-date: /home/px4/ros2/ws/install/px4_msgs/local/lib/python3.10/dist-packages/px4_msgs/msg/_esc_status.py\n'}
[1.820935] (px4_msgs) StdoutLine: {'line': b'-- Up-to-date: /home/px4/ros2/ws/install/px4_msgs/local/lib/python3.10/dist-packages/px4_msgs/msg/_sensor_preflight_mag_s.c\n'}
[1.821015] (px4_msgs) StdoutLine: {'line': b'-- Up-to-date: /home/px4/ros2/ws/install/px4_msgs/local/lib/python3.10/dist-packages/px4_msgs/msg/_estimator_gps_status.py\n'}
[1.821094] (px4_msgs) StdoutLine: {'line': b'-- Up-to-date: /home/px4/ros2/ws/install/px4_msgs/local/lib/python3.10/dist-packages/px4_msgs/msg/_sensor_selection.py\n'}
[1.821176] (px4_msgs) StdoutLine: {'line': b'-- Up-to-date: /home/px4/ros2/ws/install/px4_msgs/local/lib/python3.10/dist-packages/px4_msgs/msg/_goto_setpoint_s.c\n'}
[1.821259] (px4_msgs) StdoutLine: {'line': b'-- Up-to-date: /home/px4/ros2/ws/install/px4_msgs/local/lib/python3.10/dist-packages/px4_msgs/msg/_offboard_control_mode_s.c\n'}
[1.821351] (px4_msgs) StdoutLine: {'line': b'-- Up-to-date: /home/px4/ros2/ws/install/px4_msgs/local/lib/python3.10/dist-packages/px4_msgs/msg/_actuator_armed_s.c\n'}
[1.821434] (px4_msgs) StdoutLine: {'line': b'-- Up-to-date: /home/px4/ros2/ws/install/px4_msgs/local/lib/python3.10/dist-packages/px4_msgs/msg/_launch_detection_status.py\n'}
[1.821531] (px4_msgs) StdoutLine: {'line': b'-- Up-to-date: /home/px4/ros2/ws/install/px4_msgs/local/lib/python3.10/dist-packages/px4_msgs/msg/_sensor_gyro_fft_s.c\n'}
[1.821649] (px4_msgs) StdoutLine: {'line': b'-- Up-to-date: /home/px4/ros2/ws/install/px4_msgs/local/lib/python3.10/dist-packages/px4_msgs/msg/_autotune_attitude_control_status_s.c\n'}
[1.821726] (px4_msgs) StdoutLine: {'line': b'-- Up-to-date: /home/px4/ros2/ws/install/px4_msgs/local/lib/python3.10/dist-packages/px4_msgs/msg/_qshell_req.py\n'}
[1.821819] (px4_msgs) StdoutLine: {'line': b'-- Up-to-date: /home/px4/ros2/ws/install/px4_msgs/local/lib/python3.10/dist-packages/px4_msgs/msg/_rate_ctrl_status_s.c\n'}
[1.821898] (px4_msgs) StdoutLine: {'line': b'-- Up-to-date: /home/px4/ros2/ws/install/px4_msgs/local/lib/python3.10/dist-packages/px4_msgs/msg/_dronecan_node_status_s.c\n'}
[1.821976] (px4_msgs) StdoutLine: {'line': b'-- Up-to-date: /home/px4/ros2/ws/install/px4_msgs/local/lib/python3.10/dist-packages/px4_msgs/msg/_iridiumsbd_status.py\n'}
[1.822062] (px4_msgs) StdoutLine: {'line': b'-- Up-to-date: /home/px4/ros2/ws/install/px4_msgs/local/lib/python3.10/dist-packages/px4_msgs/msg/_task_stack_info_s.c\n'}
[1.822141] (px4_msgs) StdoutLine: {'line': b'-- Up-to-date: /home/px4/ros2/ws/install/px4_msgs/local/lib/python3.10/dist-packages/px4_msgs/msg/_rover_throttle_setpoint_s.c\n'}
[1.822219] (px4_msgs) StdoutLine: {'line': b'-- Up-to-date: /home/px4/ros2/ws/install/px4_msgs/local/lib/python3.10/dist-packages/px4_msgs/msg/_open_drone_id_self_id.py\n'}
[1.822308] (px4_msgs) StdoutLine: {'line': b'-- Up-to-date: /home/px4/ros2/ws/install/px4_msgs/local/lib/python3.10/dist-packages/px4_msgs/msg/_estimator_bias3d.py\n'}
[1.822386] (px4_msgs) StdoutLine: {'line': b'-- Up-to-date: /home/px4/ros2/ws/install/px4_msgs/local/lib/python3.10/dist-packages/px4_msgs/msg/_distance_sensor_mode_change_request.py\n'}
[1.822464] (px4_msgs) StdoutLine: {'line': b'-- Up-to-date: /home/px4/ros2/ws/install/px4_msgs/local/lib/python3.10/dist-packages/px4_msgs/msg/_irlock_report.py\n'}
[1.822562] (px4_msgs) StdoutLine: {'line': b'-- Up-to-date: /home/px4/ros2/ws/install/px4_msgs/local/lib/python3.10/dist-packages/px4_msgs/msg/_internal_combustion_engine_control.py\n'}
[1.822698] (px4_msgs) StdoutLine: {'line': b'-- Up-to-date: /home/px4/ros2/ws/install/px4_msgs/local/lib/python3.10/dist-packages/px4_msgs/msg/_home_position.py\n'}
[1.822772] (px4_msgs) StdoutLine: {'line': b'-- Up-to-date: /home/px4/ros2/ws/install/px4_msgs/local/lib/python3.10/dist-packages/px4_msgs/msg/_gpio_config.py\n'}
[1.822833] (px4_msgs) StdoutLine: {'line': b'-- Up-to-date: /home/px4/ros2/ws/install/px4_msgs/local/lib/python3.10/dist-packages/px4_msgs/msg/_open_drone_id_arm_status.py\n'}
[1.822894] (px4_msgs) StdoutLine: {'line': b'-- Up-to-date: /home/px4/ros2/ws/install/px4_msgs/local/lib/python3.10/dist-packages/px4_msgs/msg/_differential_pressure_s.c\n'}
[1.823029] (px4_msgs) StdoutLine: {'line': b'-- Up-to-date: /home/px4/ros2/ws/install/px4_msgs/local/lib/python3.10/dist-packages/px4_msgs/msg/_control_allocator_status.py\n'}
[1.823100] (px4_msgs) StdoutLine: {'line': b'-- Up-to-date: /home/px4/ros2/ws/install/px4_msgs/local/lib/python3.10/dist-packages/px4_msgs/px4_msgs_s__rosidl_typesupport_introspection_c.cpython-310-x86_64-linux-gnu.so\n'}
[1.823160] (px4_msgs) StdoutLine: {'line': b'-- Up-to-date: /home/px4/ros2/ws/install/px4_msgs/local/lib/python3.10/dist-packages/px4_msgs/srv\n'}
[1.823249] (px4_msgs) StdoutLine: {'line': b'-- Up-to-date: /home/px4/ros2/ws/install/px4_msgs/local/lib/python3.10/dist-packages/px4_msgs/srv/_vehicle_command_s.c\n'}
[1.823383] (px4_msgs) StdoutLine: {'line': b'-- Up-to-date: /home/px4/ros2/ws/install/px4_msgs/local/lib/python3.10/dist-packages/px4_msgs/srv/__init__.py\n'}
[1.823443] (px4_msgs) StdoutLine: {'line': b'-- Up-to-date: /home/px4/ros2/ws/install/px4_msgs/local/lib/python3.10/dist-packages/px4_msgs/srv/_vehicle_command.py\n'}
[1.823517] (px4_msgs) StdoutLine: {'line': b'-- Up-to-date: /home/px4/ros2/ws/install/px4_msgs/local/lib/python3.10/dist-packages/px4_msgs/px4_msgs_s__rosidl_typesupport_c.cpython-310-x86_64-linux-gnu.so\n'}
[1.823660] (px4_msgs) StdoutLine: {'line': b'-- Up-to-date: /home/px4/ros2/ws/install/px4_msgs/local/lib/python3.10/dist-packages/px4_msgs/px4_msgs_s__rosidl_typesupport_fastrtps_c.cpython-310-x86_64-linux-gnu.so\n'}
[1.823726] (px4_msgs) StdoutLine: {'line': b'-- Up-to-date: /home/px4/ros2/ws/install/px4_msgs/local/lib/python3.10/dist-packages/px4_msgs/_px4_msgs_s.ep.rosidl_typesupport_c.c\n'}
[1.823797] (px4_msgs) StdoutLine: {'line': b"Listing '/home/px4/ros2/ws/install/px4_msgs/local/lib/python3.10/dist-packages/px4_msgs'...\n"}
[1.823879] (px4_msgs) StdoutLine: {'line': b"Listing '/home/px4/ros2/ws/install/px4_msgs/local/lib/python3.10/dist-packages/px4_msgs/msg'...\n"}
[1.823958] (px4_msgs) StdoutLine: {'line': b"Listing '/home/px4/ros2/ws/install/px4_msgs/local/lib/python3.10/dist-packages/px4_msgs/srv'...\n"}
[1.824029] (px4_msgs) StdoutLine: {'line': b'-- Up-to-date: /home/px4/ros2/ws/install/px4_msgs/local/lib/python3.10/dist-packages/px4_msgs/px4_msgs_s__rosidl_typesupport_fastrtps_c.cpython-310-x86_64-linux-gnu.so\n'}
[1.824124] (px4_msgs) StdoutLine: {'line': b'-- Up-to-date: /home/px4/ros2/ws/install/px4_msgs/local/lib/python3.10/dist-packages/px4_msgs/px4_msgs_s__rosidl_typesupport_introspection_c.cpython-310-x86_64-linux-gnu.so\n'}
[1.824208] (px4_msgs) StdoutLine: {'line': b'-- Up-to-date: /home/px4/ros2/ws/install/px4_msgs/local/lib/python3.10/dist-packages/px4_msgs/px4_msgs_s__rosidl_typesupport_c.cpython-310-x86_64-linux-gnu.so\n'}
[1.824302] (px4_msgs) StdoutLine: {'line': b'-- Up-to-date: /home/px4/ros2/ws/install/px4_msgs/lib/libpx4_msgs__rosidl_generator_py.so\n'}
[1.824399] (px4_msgs) StdoutLine: {'line': b'-- Up-to-date: /home/px4/ros2/ws/install/px4_msgs/share/px4_msgs/msg/ActionRequest.idl\n'}
[1.824463] (px4_msgs) StdoutLine: {'line': b'-- Up-to-date: /home/px4/ros2/ws/install/px4_msgs/share/px4_msgs/msg/ActuatorArmed.idl\n'}
[1.824617] (px4_msgs) StdoutLine: {'line': b'-- Up-to-date: /home/px4/ros2/ws/install/px4_msgs/share/px4_msgs/msg/ActuatorControlsStatus.idl\n'}
[1.824698] (px4_msgs) StdoutLine: {'line': b'-- Up-to-date: /home/px4/ros2/ws/install/px4_msgs/share/px4_msgs/msg/ActuatorMotors.idl\n'}
[1.824777] (px4_msgs) StdoutLine: {'line': b'-- Up-to-date: /home/px4/ros2/ws/install/px4_msgs/share/px4_msgs/msg/ActuatorOutputs.idl\n'}
[1.824851] (px4_msgs) StdoutLine: {'line': b'-- Up-to-date: /home/px4/ros2/ws/install/px4_msgs/share/px4_msgs/msg/ActuatorServos.idl\n'}
[1.824917] (px4_msgs) StdoutLine: {'line': b'-- Up-to-date: /home/px4/ros2/ws/install/px4_msgs/share/px4_msgs/msg/ActuatorServosTrim.idl\n'}
[1.825000] (px4_msgs) StdoutLine: {'line': b'-- Up-to-date: /home/px4/ros2/ws/install/px4_msgs/share/px4_msgs/msg/ActuatorTest.idl\n'}
[1.825097] (px4_msgs) StdoutLine: {'line': b'-- Up-to-date: /home/px4/ros2/ws/install/px4_msgs/share/px4_msgs/msg/AdcReport.idl\n'}
[1.825158] (px4_msgs) StdoutLine: {'line': b'-- Up-to-date: /home/px4/ros2/ws/install/px4_msgs/share/px4_msgs/msg/Airspeed.idl\n'}
[1.825371] (px4_msgs) StdoutLine: {'line': b'-- Up-to-date: /home/px4/ros2/ws/install/px4_msgs/share/px4_msgs/msg/AirspeedValidated.idl\n'}
[1.825478] (px4_msgs) StdoutLine: {'line': b'-- Up-to-date: /home/px4/ros2/ws/install/px4_msgs/share/px4_msgs/msg/AirspeedWind.idl\n'}
[1.825576] (px4_msgs) StdoutLine: {'line': b'-- Up-to-date: /home/px4/ros2/ws/install/px4_msgs/share/px4_msgs/msg/ArmingCheckReply.idl\n'}
[1.825668] (px4_msgs) StdoutLine: {'line': b'-- Up-to-date: /home/px4/ros2/ws/install/px4_msgs/share/px4_msgs/msg/ArmingCheckRequest.idl\n'}
[1.825752] (px4_msgs) StdoutLine: {'line': b'-- Up-to-date: /home/px4/ros2/ws/install/px4_msgs/share/px4_msgs/msg/AutotuneAttitudeControlStatus.idl\n'}
[1.825835] (px4_msgs) StdoutLine: {'line': b'-- Up-to-date: /home/px4/ros2/ws/install/px4_msgs/share/px4_msgs/msg/BatteryInfo.idl\n'}
[1.825946] (px4_msgs) StdoutLine: {'line': b'-- Up-to-date: /home/px4/ros2/ws/install/px4_msgs/share/px4_msgs/msg/BatteryStatus.idl\n'}
[1.826012] (px4_msgs) StdoutLine: {'line': b'-- Up-to-date: /home/px4/ros2/ws/install/px4_msgs/share/px4_msgs/msg/ButtonEvent.idl\n'}
[1.826075] (px4_msgs) StdoutLine: {'line': b'-- Up-to-date: /home/px4/ros2/ws/install/px4_msgs/share/px4_msgs/msg/CameraCapture.idl\n'}
[1.826150] (px4_msgs) StdoutLine: {'line': b'-- Up-to-date: /home/px4/ros2/ws/install/px4_msgs/share/px4_msgs/msg/CameraStatus.idl\n'}
[1.826286] (px4_msgs) StdoutLine: {'line': b'-- Up-to-date: /home/px4/ros2/ws/install/px4_msgs/share/px4_msgs/msg/CameraTrigger.idl\n'}
[1.826372] (px4_msgs) StdoutLine: {'line': b'-- Up-to-date: /home/px4/ros2/ws/install/px4_msgs/share/px4_msgs/msg/CanInterfaceStatus.idl\n'}
[1.826466] (px4_msgs) StdoutLine: {'line': b'-- Up-to-date: /home/px4/ros2/ws/install/px4_msgs/share/px4_msgs/msg/CellularStatus.idl\n'}
[1.826551] (px4_msgs) StdoutLine: {'line': b'-- Up-to-date: /home/px4/ros2/ws/install/px4_msgs/share/px4_msgs/msg/CollisionConstraints.idl\n'}
[1.826630] (px4_msgs) StdoutLine: {'line': b'-- Up-to-date: /home/px4/ros2/ws/install/px4_msgs/share/px4_msgs/msg/ConfigOverrides.idl\n'}
[1.826706] (px4_msgs) StdoutLine: {'line': b'-- Up-to-date: /home/px4/ros2/ws/install/px4_msgs/share/px4_msgs/msg/ControlAllocatorStatus.idl\n'}
[1.826768] (px4_msgs) StdoutLine: {'line': b'-- Up-to-date: /home/px4/ros2/ws/install/px4_msgs/share/px4_msgs/msg/Cpuload.idl\n'}
[1.826829] (px4_msgs) StdoutLine: {'line': b'-- Up-to-date: /home/px4/ros2/ws/install/px4_msgs/share/px4_msgs/msg/DatamanRequest.idl\n'}
[1.826906] (px4_msgs) StdoutLine: {'line': b'-- Up-to-date: /home/px4/ros2/ws/install/px4_msgs/share/px4_msgs/msg/DatamanResponse.idl\n'}
[1.827023] (px4_msgs) StdoutLine: {'line': b'-- Up-to-date: /home/px4/ros2/ws/install/px4_msgs/share/px4_msgs/msg/DebugArray.idl\n'}
[1.827084] (px4_msgs) StdoutLine: {'line': b'-- Up-to-date: /home/px4/ros2/ws/install/px4_msgs/share/px4_msgs/msg/DebugKeyValue.idl\n'}
[1.827153] (px4_msgs) StdoutLine: {'line': b'-- Up-to-date: /home/px4/ros2/ws/install/px4_msgs/share/px4_msgs/msg/DebugValue.idl\n'}
[1.827269] (px4_msgs) StdoutLine: {'line': b'-- Up-to-date: /home/px4/ros2/ws/install/px4_msgs/share/px4_msgs/msg/DebugVect.idl\n'}
[1.827336] (px4_msgs) StdoutLine: {'line': b'-- Up-to-date: /home/px4/ros2/ws/install/px4_msgs/share/px4_msgs/msg/DifferentialPressure.idl\n'}
[1.827397] (px4_msgs) StdoutLine: {'line': b'-- Up-to-date: /home/px4/ros2/ws/install/px4_msgs/share/px4_msgs/msg/DistanceSensor.idl\n'}
[1.827457] (px4_msgs) StdoutLine: {'line': b'-- Up-to-date: /home/px4/ros2/ws/install/px4_msgs/share/px4_msgs/msg/DistanceSensorModeChangeRequest.idl\n'}
[1.827613] (px4_msgs) StdoutLine: {'line': b'-- Up-to-date: /home/px4/ros2/ws/install/px4_msgs/share/px4_msgs/msg/DronecanNodeStatus.idl\n'}
[1.827703] (px4_msgs) StdoutLine: {'line': b'-- Up-to-date: /home/px4/ros2/ws/install/px4_msgs/share/px4_msgs/msg/Ekf2Timestamps.idl\n'}
[1.827764] (px4_msgs) StdoutLine: {'line': b'-- Up-to-date: /home/px4/ros2/ws/install/px4_msgs/share/px4_msgs/msg/EscReport.idl\n'}
[1.827824] (px4_msgs) StdoutLine: {'line': b'-- Up-to-date: /home/px4/ros2/ws/install/px4_msgs/share/px4_msgs/msg/EscStatus.idl\n'}
[1.827882] (px4_msgs) StdoutLine: {'line': b'-- Up-to-date: /home/px4/ros2/ws/install/px4_msgs/share/px4_msgs/msg/EstimatorAidSource1d.idl\n'}
[1.827940] (px4_msgs) StdoutLine: {'line': b'-- Up-to-date: /home/px4/ros2/ws/install/px4_msgs/share/px4_msgs/msg/EstimatorAidSource2d.idl\n'}
[1.827999] (px4_msgs) StdoutLine: {'line': b'-- Up-to-date: /home/px4/ros2/ws/install/px4_msgs/share/px4_msgs/msg/EstimatorAidSource3d.idl\n'}
[1.828058] (px4_msgs) StdoutLine: {'line': b'-- Up-to-date: /home/px4/ros2/ws/install/px4_msgs/share/px4_msgs/msg/EstimatorBias.idl\n'}
[1.828117] (px4_msgs) StdoutLine: {'line': b'-- Up-to-date: /home/px4/ros2/ws/install/px4_msgs/share/px4_msgs/msg/EstimatorBias3d.idl\n'}
[1.828175] (px4_msgs) StdoutLine: {'line': b'-- Up-to-date: /home/px4/ros2/ws/install/px4_msgs/share/px4_msgs/msg/EstimatorEventFlags.idl\n'}
[1.828243] (px4_msgs) StdoutLine: {'line': b'-- Up-to-date: /home/px4/ros2/ws/install/px4_msgs/share/px4_msgs/msg/EstimatorGpsStatus.idl\n'}
[1.828346] (px4_msgs) StdoutLine: {'line': b'-- Up-to-date: /home/px4/ros2/ws/install/px4_msgs/share/px4_msgs/msg/EstimatorInnovations.idl\n'}
[1.828416] (px4_msgs) StdoutLine: {'line': b'-- Up-to-date: /home/px4/ros2/ws/install/px4_msgs/share/px4_msgs/msg/EstimatorSelectorStatus.idl\n'}
[1.828534] (px4_msgs) StdoutLine: {'line': b'-- Up-to-date: /home/px4/ros2/ws/install/px4_msgs/share/px4_msgs/msg/EstimatorSensorBias.idl\n'}
[1.828638] (px4_msgs) StdoutLine: {'line': b'-- Up-to-date: /home/px4/ros2/ws/install/px4_msgs/share/px4_msgs/msg/EstimatorStates.idl\n'}
[1.828700] (px4_msgs) StdoutLine: {'line': b'-- Up-to-date: /home/px4/ros2/ws/install/px4_msgs/share/px4_msgs/msg/EstimatorStatus.idl\n'}
[1.828760] (px4_msgs) StdoutLine: {'line': b'-- Up-to-date: /home/px4/ros2/ws/install/px4_msgs/share/px4_msgs/msg/EstimatorStatusFlags.idl\n'}
[1.828821] (px4_msgs) StdoutLine: {'line': b'-- Up-to-date: /home/px4/ros2/ws/install/px4_msgs/share/px4_msgs/msg/Event.idl\n'}
[1.828882] (px4_msgs) StdoutLine: {'line': b'-- Up-to-date: /home/px4/ros2/ws/install/px4_msgs/share/px4_msgs/msg/FailsafeFlags.idl\n'}
[1.828942] (px4_msgs) StdoutLine: {'line': b'-- Up-to-date: /home/px4/ros2/ws/install/px4_msgs/share/px4_msgs/msg/FailureDetectorStatus.idl\n'}
[1.829000] (px4_msgs) StdoutLine: {'line': b'-- Up-to-date: /home/px4/ros2/ws/install/px4_msgs/share/px4_msgs/msg/FigureEightStatus.idl\n'}
[1.829059] (px4_msgs) StdoutLine: {'line': b'-- Up-to-date: /home/px4/ros2/ws/install/px4_msgs/share/px4_msgs/msg/FixedWingLateralGuidanceStatus.idl\n'}
[1.829161] (px4_msgs) StdoutLine: {'line': b'-- Up-to-date: /home/px4/ros2/ws/install/px4_msgs/share/px4_msgs/msg/FixedWingLateralSetpoint.idl\n'}
[1.829238] (px4_msgs) StdoutLine: {'line': b'-- Up-to-date: /home/px4/ros2/ws/install/px4_msgs/share/px4_msgs/msg/FixedWingLateralStatus.idl\n'}
[1.829298] (px4_msgs) StdoutLine: {'line': b'-- Up-to-date: /home/px4/ros2/ws/install/px4_msgs/share/px4_msgs/msg/FixedWingLongitudinalSetpoint.idl\n'}
[1.829357] (px4_msgs) StdoutLine: {'line': b'-- Up-to-date: /home/px4/ros2/ws/install/px4_msgs/share/px4_msgs/msg/FixedWingRunwayControl.idl\n'}
[1.829416] (px4_msgs) StdoutLine: {'line': b'-- Up-to-date: /home/px4/ros2/ws/install/px4_msgs/share/px4_msgs/msg/FlightPhaseEstimation.idl\n'}
[1.829474] (px4_msgs) StdoutLine: {'line': b'-- Up-to-date: /home/px4/ros2/ws/install/px4_msgs/share/px4_msgs/msg/FollowTarget.idl\n'}
[1.829564] (px4_msgs) StdoutLine: {'line': b'-- Up-to-date: /home/px4/ros2/ws/install/px4_msgs/share/px4_msgs/msg/FollowTargetEstimator.idl\n'}
[1.829648] (px4_msgs) StdoutLine: {'line': b'-- Up-to-date: /home/px4/ros2/ws/install/px4_msgs/share/px4_msgs/msg/FollowTargetStatus.idl\n'}
[1.829707] (px4_msgs) StdoutLine: {'line': b'-- Up-to-date: /home/px4/ros2/ws/install/px4_msgs/share/px4_msgs/msg/FuelTankStatus.idl\n'}
[1.829785] (px4_msgs) StdoutLine: {'line': b'-- Up-to-date: /home/px4/ros2/ws/install/px4_msgs/share/px4_msgs/msg/GeneratorStatus.idl\n'}
[1.829911] (px4_msgs) StdoutLine: {'line': b'-- Up-to-date: /home/px4/ros2/ws/install/px4_msgs/share/px4_msgs/msg/GeofenceResult.idl\n'}
[1.829975] (px4_msgs) StdoutLine: {'line': b'-- Up-to-date: /home/px4/ros2/ws/install/px4_msgs/share/px4_msgs/msg/GeofenceStatus.idl\n'}
[1.830036] (px4_msgs) StdoutLine: {'line': b'-- Up-to-date: /home/px4/ros2/ws/install/px4_msgs/share/px4_msgs/msg/GimbalControls.idl\n'}
[1.830152] (px4_msgs) StdoutLine: {'line': b'-- Up-to-date: /home/px4/ros2/ws/install/px4_msgs/share/px4_msgs/msg/GimbalDeviceAttitudeStatus.idl\n'}
[1.830219] (px4_msgs) StdoutLine: {'line': b'-- Up-to-date: /home/px4/ros2/ws/install/px4_msgs/share/px4_msgs/msg/GimbalDeviceInformation.idl\n'}
[1.830278] (px4_msgs) StdoutLine: {'line': b'-- Up-to-date: /home/px4/ros2/ws/install/px4_msgs/share/px4_msgs/msg/GimbalDeviceSetAttitude.idl\n'}
[1.830335] (px4_msgs) StdoutLine: {'line': b'-- Up-to-date: /home/px4/ros2/ws/install/px4_msgs/share/px4_msgs/msg/GimbalManagerInformation.idl\n'}
[1.830450] (px4_msgs) StdoutLine: {'line': b'-- Up-to-date: /home/px4/ros2/ws/install/px4_msgs/share/px4_msgs/msg/GimbalManagerSetAttitude.idl\n'}
[1.830537] (px4_msgs) StdoutLine: {'line': b'-- Up-to-date: /home/px4/ros2/ws/install/px4_msgs/share/px4_msgs/msg/GimbalManagerSetManualControl.idl\n'}
[1.830635] (px4_msgs) StdoutLine: {'line': b'-- Up-to-date: /home/px4/ros2/ws/install/px4_msgs/share/px4_msgs/msg/GimbalManagerStatus.idl\n'}
[1.830698] (px4_msgs) StdoutLine: {'line': b'-- Up-to-date: /home/px4/ros2/ws/install/px4_msgs/share/px4_msgs/msg/GotoSetpoint.idl\n'}
[1.830769] (px4_msgs) StdoutLine: {'line': b'-- Up-to-date: /home/px4/ros2/ws/install/px4_msgs/share/px4_msgs/msg/GpioConfig.idl\n'}
[1.830829] (px4_msgs) StdoutLine: {'line': b'-- Up-to-date: /home/px4/ros2/ws/install/px4_msgs/share/px4_msgs/msg/GpioIn.idl\n'}
[1.830888] (px4_msgs) StdoutLine: {'line': b'-- Up-to-date: /home/px4/ros2/ws/install/px4_msgs/share/px4_msgs/msg/GpioOut.idl\n'}
[1.830948] (px4_msgs) StdoutLine: {'line': b'-- Up-to-date: /home/px4/ros2/ws/install/px4_msgs/share/px4_msgs/msg/GpioRequest.idl\n'}
[1.831007] (px4_msgs) StdoutLine: {'line': b'-- Up-to-date: /home/px4/ros2/ws/install/px4_msgs/share/px4_msgs/msg/GpsDump.idl\n'}
[1.831121] (px4_msgs) StdoutLine: {'line': b'-- Up-to-date: /home/px4/ros2/ws/install/px4_msgs/share/px4_msgs/msg/GpsInjectData.idl\n'}
[1.831183] (px4_msgs) StdoutLine: {'line': b'-- Up-to-date: /home/px4/ros2/ws/install/px4_msgs/share/px4_msgs/msg/Gripper.idl\n'}
[1.831243] (px4_msgs) StdoutLine: {'line': b'-- Up-to-date: /home/px4/ros2/ws/install/px4_msgs/share/px4_msgs/msg/HealthReport.idl\n'}
[1.831354] (px4_msgs) StdoutLine: {'line': b'-- Up-to-date: /home/px4/ros2/ws/install/px4_msgs/share/px4_msgs/msg/HeaterStatus.idl\n'}
[1.831422] (px4_msgs) StdoutLine: {'line': b'-- Up-to-date: /home/px4/ros2/ws/install/px4_msgs/share/px4_msgs/msg/HomePosition.idl\n'}
[1.831482] (px4_msgs) StdoutLine: {'line': b'-- Up-to-date: /home/px4/ros2/ws/install/px4_msgs/share/px4_msgs/msg/HoverThrustEstimate.idl\n'}
[1.831590] (px4_msgs) StdoutLine: {'line': b'-- Up-to-date: /home/px4/ros2/ws/install/px4_msgs/share/px4_msgs/msg/InputRc.idl\n'}
[1.831712] (px4_msgs) StdoutLine: {'line': b'-- Up-to-date: /home/px4/ros2/ws/install/px4_msgs/share/px4_msgs/msg/InternalCombustionEngineControl.idl\n'}
[1.831774] (px4_msgs) StdoutLine: {'line': b'-- Up-to-date: /home/px4/ros2/ws/install/px4_msgs/share/px4_msgs/msg/InternalCombustionEngineStatus.idl\n'}
[1.831835] (px4_msgs) StdoutLine: {'line': b'-- Up-to-date: /home/px4/ros2/ws/install/px4_msgs/share/px4_msgs/msg/IridiumsbdStatus.idl\n'}
[1.831925] (px4_msgs) StdoutLine: {'line': b'-- Up-to-date: /home/px4/ros2/ws/install/px4_msgs/share/px4_msgs/msg/IrlockReport.idl\n'}
[1.832008] (px4_msgs) StdoutLine: {'line': b'-- Up-to-date: /home/px4/ros2/ws/install/px4_msgs/share/px4_msgs/msg/LandingGear.idl\n'}
[1.832096] (px4_msgs) StdoutLine: {'line': b'-- Up-to-date: /home/px4/ros2/ws/install/px4_msgs/share/px4_msgs/msg/LandingGearWheel.idl\n'}
[1.832162] (px4_msgs) StdoutLine: {'line': b'-- Up-to-date: /home/px4/ros2/ws/install/px4_msgs/share/px4_msgs/msg/LandingTargetInnovations.idl\n'}
[1.832222] (px4_msgs) StdoutLine: {'line': b'-- Up-to-date: /home/px4/ros2/ws/install/px4_msgs/share/px4_msgs/msg/LandingTargetPose.idl\n'}
[1.832335] (px4_msgs) StdoutLine: {'line': b'-- Up-to-date: /home/px4/ros2/ws/install/px4_msgs/share/px4_msgs/msg/LateralControlConfiguration.idl\n'}
[1.832397] (px4_msgs) StdoutLine: {'line': b'-- Up-to-date: /home/px4/ros2/ws/install/px4_msgs/share/px4_msgs/msg/LaunchDetectionStatus.idl\n'}
[1.832476] (px4_msgs) StdoutLine: {'line': b'-- Up-to-date: /home/px4/ros2/ws/install/px4_msgs/share/px4_msgs/msg/LedControl.idl\n'}
[1.832606] (px4_msgs) StdoutLine: {'line': b'-- Up-to-date: /home/px4/ros2/ws/install/px4_msgs/share/px4_msgs/msg/LogMessage.idl\n'}
[1.832708] (px4_msgs) StdoutLine: {'line': b'-- Up-to-date: /home/px4/ros2/ws/install/px4_msgs/share/px4_msgs/msg/LoggerStatus.idl\n'}
[1.832768] (px4_msgs) StdoutLine: {'line': b'-- Up-to-date: /home/px4/ros2/ws/install/px4_msgs/share/px4_msgs/msg/LongitudinalControlConfiguration.idl\n'}
[1.832828] (px4_msgs) StdoutLine: {'line': b'-- Up-to-date: /home/px4/ros2/ws/install/px4_msgs/share/px4_msgs/msg/MagWorkerData.idl\n'}
[1.832885] (px4_msgs) StdoutLine: {'line': b'-- Up-to-date: /home/px4/ros2/ws/install/px4_msgs/share/px4_msgs/msg/MagnetometerBiasEstimate.idl\n'}
[1.832989] (px4_msgs) StdoutLine: {'line': b'-- Up-to-date: /home/px4/ros2/ws/install/px4_msgs/share/px4_msgs/msg/ManualControlSetpoint.idl\n'}
[1.833061] (px4_msgs) StdoutLine: {'line': b'-- Up-to-date: /home/px4/ros2/ws/install/px4_msgs/share/px4_msgs/msg/ManualControlSwitches.idl\n'}
[1.833118] (px4_msgs) StdoutLine: {'line': b'-- Up-to-date: /home/px4/ros2/ws/install/px4_msgs/share/px4_msgs/msg/MavlinkLog.idl\n'}
[1.833175] (px4_msgs) StdoutLine: {'line': b'-- Up-to-date: /home/px4/ros2/ws/install/px4_msgs/share/px4_msgs/msg/MavlinkTunnel.idl\n'}
[1.833234] (px4_msgs) StdoutLine: {'line': b'-- Up-to-date: /home/px4/ros2/ws/install/px4_msgs/share/px4_msgs/msg/MessageFormatRequest.idl\n'}
[1.833327] (px4_msgs) StdoutLine: {'line': b'-- Up-to-date: /home/px4/ros2/ws/install/px4_msgs/share/px4_msgs/msg/MessageFormatResponse.idl\n'}
[1.833387] (px4_msgs) StdoutLine: {'line': b'-- Up-to-date: /home/px4/ros2/ws/install/px4_msgs/share/px4_msgs/msg/Mission.idl\n'}
[1.833451] (px4_msgs) StdoutLine: {'line': b'-- Up-to-date: /home/px4/ros2/ws/install/px4_msgs/share/px4_msgs/msg/MissionResult.idl\n'}
[1.833531] (px4_msgs) StdoutLine: {'line': b'-- Up-to-date: /home/px4/ros2/ws/install/px4_msgs/share/px4_msgs/msg/ModeCompleted.idl\n'}
[1.833674] (px4_msgs) StdoutLine: {'line': b'-- Up-to-date: /home/px4/ros2/ws/install/px4_msgs/share/px4_msgs/msg/MountOrientation.idl\n'}
[1.833746] (px4_msgs) StdoutLine: {'line': b'-- Up-to-date: /home/px4/ros2/ws/install/px4_msgs/share/px4_msgs/msg/NavigatorMissionItem.idl\n'}
[1.833809] (px4_msgs) StdoutLine: {'line': b'-- Up-to-date: /home/px4/ros2/ws/install/px4_msgs/share/px4_msgs/msg/NavigatorStatus.idl\n'}
[1.833908] (px4_msgs) StdoutLine: {'line': b'-- Up-to-date: /home/px4/ros2/ws/install/px4_msgs/share/px4_msgs/msg/NeuralControl.idl\n'}
[1.833969] (px4_msgs) StdoutLine: {'line': b'-- Up-to-date: /home/px4/ros2/ws/install/px4_msgs/share/px4_msgs/msg/NormalizedUnsignedSetpoint.idl\n'}
[1.834042] (px4_msgs) StdoutLine: {'line': b'-- Up-to-date: /home/px4/ros2/ws/install/px4_msgs/share/px4_msgs/msg/ObstacleDistance.idl\n'}
[1.834112] (px4_msgs) StdoutLine: {'line': b'-- Up-to-date: /home/px4/ros2/ws/install/px4_msgs/share/px4_msgs/msg/OffboardControlMode.idl\n'}
[1.834175] (px4_msgs) StdoutLine: {'line': b'-- Up-to-date: /home/px4/ros2/ws/install/px4_msgs/share/px4_msgs/msg/OnboardComputerStatus.idl\n'}
[1.834298] (px4_msgs) StdoutLine: {'line': b'-- Up-to-date: /home/px4/ros2/ws/install/px4_msgs/share/px4_msgs/msg/OpenDroneIdArmStatus.idl\n'}
[1.834360] (px4_msgs) StdoutLine: {'line': b'-- Up-to-date: /home/px4/ros2/ws/install/px4_msgs/share/px4_msgs/msg/OpenDroneIdOperatorId.idl\n'}
[1.834420] (px4_msgs) StdoutLine: {'line': b'-- Up-to-date: /home/px4/ros2/ws/install/px4_msgs/share/px4_msgs/msg/OpenDroneIdSelfId.idl\n'}
[1.834503] (px4_msgs) StdoutLine: {'line': b'-- Up-to-date: /home/px4/ros2/ws/install/px4_msgs/share/px4_msgs/msg/OpenDroneIdSystem.idl\n'}
[1.834587] (px4_msgs) StdoutLine: {'line': b'-- Up-to-date: /home/px4/ros2/ws/install/px4_msgs/share/px4_msgs/msg/OrbTest.idl\n'}
[1.834646] (px4_msgs) StdoutLine: {'line': b'-- Up-to-date: /home/px4/ros2/ws/install/px4_msgs/share/px4_msgs/msg/OrbTestLarge.idl\n'}
[1.834707] (px4_msgs) StdoutLine: {'line': b'-- Up-to-date: /home/px4/ros2/ws/install/px4_msgs/share/px4_msgs/msg/OrbTestMedium.idl\n'}
[1.834763] (px4_msgs) StdoutLine: {'line': b'-- Up-to-date: /home/px4/ros2/ws/install/px4_msgs/share/px4_msgs/msg/OrbitStatus.idl\n'}
[1.834820] (px4_msgs) StdoutLine: {'line': b'-- Up-to-date: /home/px4/ros2/ws/install/px4_msgs/share/px4_msgs/msg/ParameterResetRequest.idl\n'}
[1.834912] (px4_msgs) StdoutLine: {'line': b'-- Up-to-date: /home/px4/ros2/ws/install/px4_msgs/share/px4_msgs/msg/ParameterSetUsedRequest.idl\n'}
[1.834975] (px4_msgs) StdoutLine: {'line': b'-- Up-to-date: /home/px4/ros2/ws/install/px4_msgs/share/px4_msgs/msg/ParameterSetValueRequest.idl\n'}
[1.835034] (px4_msgs) StdoutLine: {'line': b'-- Up-to-date: /home/px4/ros2/ws/install/px4_msgs/share/px4_msgs/msg/ParameterSetValueResponse.idl\n'}
[1.835093] (px4_msgs) StdoutLine: {'line': b'-- Up-to-date: /home/px4/ros2/ws/install/px4_msgs/share/px4_msgs/msg/ParameterUpdate.idl\n'}
[1.835195] (px4_msgs) StdoutLine: {'line': b'-- Up-to-date: /home/px4/ros2/ws/install/px4_msgs/share/px4_msgs/msg/Ping.idl\n'}
[1.835286] (px4_msgs) StdoutLine: {'line': b'-- Up-to-date: /home/px4/ros2/ws/install/px4_msgs/share/px4_msgs/msg/PositionControllerLandingStatus.idl\n'}
[1.835344] (px4_msgs) StdoutLine: {'line': b'-- Up-to-date: /home/px4/ros2/ws/install/px4_msgs/share/px4_msgs/msg/PositionControllerStatus.idl\n'}
[1.835412] (px4_msgs) StdoutLine: {'line': b'-- Up-to-date: /home/px4/ros2/ws/install/px4_msgs/share/px4_msgs/msg/PositionSetpoint.idl\n'}
[1.835520] (px4_msgs) StdoutLine: {'line': b'-- Up-to-date: /home/px4/ros2/ws/install/px4_msgs/share/px4_msgs/msg/PositionSetpointTriplet.idl\n'}
[1.835605] (px4_msgs) StdoutLine: {'line': b'-- Up-to-date: /home/px4/ros2/ws/install/px4_msgs/share/px4_msgs/msg/PowerButtonState.idl\n'}
[1.835666] (px4_msgs) StdoutLine: {'line': b'-- Up-to-date: /home/px4/ros2/ws/install/px4_msgs/share/px4_msgs/msg/PowerMonitor.idl\n'}
[1.835725] (px4_msgs) StdoutLine: {'line': b'-- Up-to-date: /home/px4/ros2/ws/install/px4_msgs/share/px4_msgs/msg/PpsCapture.idl\n'}
[1.835784] (px4_msgs) StdoutLine: {'line': b'-- Up-to-date: /home/px4/ros2/ws/install/px4_msgs/share/px4_msgs/msg/PurePursuitStatus.idl\n'}
[1.835847] (px4_msgs) StdoutLine: {'line': b'-- Up-to-date: /home/px4/ros2/ws/install/px4_msgs/share/px4_msgs/msg/PwmInput.idl\n'}
[1.835908] (px4_msgs) StdoutLine: {'line': b'-- Up-to-date: /home/px4/ros2/ws/install/px4_msgs/share/px4_msgs/msg/Px4ioStatus.idl\n'}
[1.835967] (px4_msgs) StdoutLine: {'line': b'-- Up-to-date: /home/px4/ros2/ws/install/px4_msgs/share/px4_msgs/msg/QshellReq.idl\n'}
[1.836026] (px4_msgs) StdoutLine: {'line': b'-- Up-to-date: /home/px4/ros2/ws/install/px4_msgs/share/px4_msgs/msg/QshellRetval.idl\n'}
[1.836084] (px4_msgs) StdoutLine: {'line': b'-- Up-to-date: /home/px4/ros2/ws/install/px4_msgs/share/px4_msgs/msg/RadioStatus.idl\n'}
[1.836143] (px4_msgs) StdoutLine: {'line': b'-- Up-to-date: /home/px4/ros2/ws/install/px4_msgs/share/px4_msgs/msg/RateCtrlStatus.idl\n'}
[1.836241] (px4_msgs) StdoutLine: {'line': b'-- Up-to-date: /home/px4/ros2/ws/install/px4_msgs/share/px4_msgs/msg/RcChannels.idl\n'}
[1.836301] (px4_msgs) StdoutLine: {'line': b'-- Up-to-date: /home/px4/ros2/ws/install/px4_msgs/share/px4_msgs/msg/RcParameterMap.idl\n'}
[1.836357] (px4_msgs) StdoutLine: {'line': b'-- Up-to-date: /home/px4/ros2/ws/install/px4_msgs/share/px4_msgs/msg/RegisterExtComponentReply.idl\n'}
[1.836453] (px4_msgs) StdoutLine: {'line': b'-- Up-to-date: /home/px4/ros2/ws/install/px4_msgs/share/px4_msgs/msg/RegisterExtComponentRequest.idl\n'}
[1.836529] (px4_msgs) StdoutLine: {'line': b'-- Up-to-date: /home/px4/ros2/ws/install/px4_msgs/share/px4_msgs/msg/RoverAttitudeSetpoint.idl\n'}
[1.836621] (px4_msgs) StdoutLine: {'line': b'-- Up-to-date: /home/px4/ros2/ws/install/px4_msgs/share/px4_msgs/msg/RoverAttitudeStatus.idl\n'}
[1.836689] (px4_msgs) StdoutLine: {'line': b'-- Up-to-date: /home/px4/ros2/ws/install/px4_msgs/share/px4_msgs/msg/RoverPositionSetpoint.idl\n'}
[1.836791] (px4_msgs) StdoutLine: {'line': b'-- Up-to-date: /home/px4/ros2/ws/install/px4_msgs/share/px4_msgs/msg/RoverRateSetpoint.idl\n'}
[1.836854] (px4_msgs) StdoutLine: {'line': b'-- Up-to-date: /home/px4/ros2/ws/install/px4_msgs/share/px4_msgs/msg/RoverRateStatus.idl\n'}
[1.836912] (px4_msgs) StdoutLine: {'line': b'-- Up-to-date: /home/px4/ros2/ws/install/px4_msgs/share/px4_msgs/msg/RoverSteeringSetpoint.idl\n'}
[1.836988] (px4_msgs) StdoutLine: {'line': b'-- Up-to-date: /home/px4/ros2/ws/install/px4_msgs/share/px4_msgs/msg/RoverThrottleSetpoint.idl\n'}
[1.837046] (px4_msgs) StdoutLine: {'line': b'-- Up-to-date: /home/px4/ros2/ws/install/px4_msgs/share/px4_msgs/msg/RoverVelocitySetpoint.idl\n'}
[1.837117] (px4_msgs) StdoutLine: {'line': b'-- Up-to-date: /home/px4/ros2/ws/install/px4_msgs/share/px4_msgs/msg/RoverVelocityStatus.idl\n'}
[1.837174] (px4_msgs) StdoutLine: {'line': b'-- Up-to-date: /home/px4/ros2/ws/install/px4_msgs/share/px4_msgs/msg/Rpm.idl\n'}
[1.837232] (px4_msgs) StdoutLine: {'line': b'-- Up-to-date: /home/px4/ros2/ws/install/px4_msgs/share/px4_msgs/msg/RtlStatus.idl\n'}
[1.837301] (px4_msgs) StdoutLine: {'line': b'-- Up-to-date: /home/px4/ros2/ws/install/px4_msgs/share/px4_msgs/msg/RtlTimeEstimate.idl\n'}
[1.837358] (px4_msgs) StdoutLine: {'line': b'-- Up-to-date: /home/px4/ros2/ws/install/px4_msgs/share/px4_msgs/msg/SatelliteInfo.idl\n'}
[1.837472] (px4_msgs) StdoutLine: {'line': b'-- Up-to-date: /home/px4/ros2/ws/install/px4_msgs/share/px4_msgs/msg/SensorAccel.idl\n'}
[1.837558] (px4_msgs) StdoutLine: {'line': b'-- Up-to-date: /home/px4/ros2/ws/install/px4_msgs/share/px4_msgs/msg/SensorAccelFifo.idl\n'}
[1.837637] (px4_msgs) StdoutLine: {'line': b'-- Up-to-date: /home/px4/ros2/ws/install/px4_msgs/share/px4_msgs/msg/SensorAirflow.idl\n'}
[1.837739] (px4_msgs) StdoutLine: {'line': b'-- Up-to-date: /home/px4/ros2/ws/install/px4_msgs/share/px4_msgs/msg/SensorBaro.idl\n'}
[1.837809] (px4_msgs) StdoutLine: {'line': b'-- Up-to-date: /home/px4/ros2/ws/install/px4_msgs/share/px4_msgs/msg/SensorCombined.idl\n'}
[1.837868] (px4_msgs) StdoutLine: {'line': b'-- Up-to-date: /home/px4/ros2/ws/install/px4_msgs/share/px4_msgs/msg/SensorCorrection.idl\n'}
[1.837925] (px4_msgs) StdoutLine: {'line': b'-- Up-to-date: /home/px4/ros2/ws/install/px4_msgs/share/px4_msgs/msg/SensorGnssRelative.idl\n'}
[1.837995] (px4_msgs) StdoutLine: {'line': b'-- Up-to-date: /home/px4/ros2/ws/install/px4_msgs/share/px4_msgs/msg/SensorGps.idl\n'}
[1.838072] (px4_msgs) StdoutLine: {'line': b'-- Up-to-date: /home/px4/ros2/ws/install/px4_msgs/share/px4_msgs/msg/SensorGyro.idl\n'}
[1.838152] (px4_msgs) StdoutLine: {'line': b'-- Up-to-date: /home/px4/ros2/ws/install/px4_msgs/share/px4_msgs/msg/SensorGyroFft.idl\n'}
[1.838249] (px4_msgs) StdoutLine: {'line': b'-- Up-to-date: /home/px4/ros2/ws/install/px4_msgs/share/px4_msgs/msg/SensorGyroFifo.idl\n'}
[1.838322] (px4_msgs) StdoutLine: {'line': b'-- Up-to-date: /home/px4/ros2/ws/install/px4_msgs/share/px4_msgs/msg/SensorHygrometer.idl\n'}
[1.838382] (px4_msgs) StdoutLine: {'line': b'-- Up-to-date: /home/px4/ros2/ws/install/px4_msgs/share/px4_msgs/msg/SensorMag.idl\n'}
[1.838441] (px4_msgs) StdoutLine: {'line': b'-- Up-to-date: /home/px4/ros2/ws/install/px4_msgs/share/px4_msgs/msg/SensorOpticalFlow.idl\n'}
[1.838510] (px4_msgs) StdoutLine: {'line': b'-- Up-to-date: /home/px4/ros2/ws/install/px4_msgs/share/px4_msgs/msg/SensorPreflightMag.idl\n'}
[1.838624] (px4_msgs) StdoutLine: {'line': b'-- Up-to-date: /home/px4/ros2/ws/install/px4_msgs/share/px4_msgs/msg/SensorSelection.idl\n'}
[1.838686] (px4_msgs) StdoutLine: {'line': b'-- Up-to-date: /home/px4/ros2/ws/install/px4_msgs/share/px4_msgs/msg/SensorUwb.idl\n'}
[1.838746] (px4_msgs) StdoutLine: {'line': b'-- Up-to-date: /home/px4/ros2/ws/install/px4_msgs/share/px4_msgs/msg/SensorsStatus.idl\n'}
[1.838803] (px4_msgs) StdoutLine: {'line': b'-- Up-to-date: /home/px4/ros2/ws/install/px4_msgs/share/px4_msgs/msg/SensorsStatusImu.idl\n'}
[1.838875] (px4_msgs) StdoutLine: {'line': b'-- Up-to-date: /home/px4/ros2/ws/install/px4_msgs/share/px4_msgs/msg/SystemPower.idl\n'}
[1.838953] (px4_msgs) StdoutLine: {'line': b'-- Up-to-date: /home/px4/ros2/ws/install/px4_msgs/share/px4_msgs/msg/TakeoffStatus.idl\n'}
[1.839031] (px4_msgs) StdoutLine: {'line': b'-- Up-to-date: /home/px4/ros2/ws/install/px4_msgs/share/px4_msgs/msg/TaskStackInfo.idl\n'}
[1.839107] (px4_msgs) StdoutLine: {'line': b'-- Up-to-date: /home/px4/ros2/ws/install/px4_msgs/share/px4_msgs/msg/TecsStatus.idl\n'}
[1.839191] (px4_msgs) StdoutLine: {'line': b'-- Up-to-date: /home/px4/ros2/ws/install/px4_msgs/share/px4_msgs/msg/TelemetryStatus.idl\n'}
[1.839266] (px4_msgs) StdoutLine: {'line': b'-- Up-to-date: /home/px4/ros2/ws/install/px4_msgs/share/px4_msgs/msg/TiltrotorExtraControls.idl\n'}
[1.839346] (px4_msgs) StdoutLine: {'line': b'-- Up-to-date: /home/px4/ros2/ws/install/px4_msgs/share/px4_msgs/msg/TimesyncStatus.idl\n'}
[1.839423] (px4_msgs) StdoutLine: {'line': b'-- Up-to-date: /home/px4/ros2/ws/install/px4_msgs/share/px4_msgs/msg/TrajectorySetpoint.idl\n'}
[1.839506] (px4_msgs) StdoutLine: {'line': b'-- Up-to-date: /home/px4/ros2/ws/install/px4_msgs/share/px4_msgs/msg/TrajectorySetpoint6dof.idl\n'}
[1.839622] (px4_msgs) StdoutLine: {'line': b'-- Up-to-date: /home/px4/ros2/ws/install/px4_msgs/share/px4_msgs/msg/TransponderReport.idl\n'}
[1.839684] (px4_msgs) StdoutLine: {'line': b'-- Up-to-date: /home/px4/ros2/ws/install/px4_msgs/share/px4_msgs/msg/TuneControl.idl\n'}
[1.839753] (px4_msgs) StdoutLine: {'line': b'-- Up-to-date: /home/px4/ros2/ws/install/px4_msgs/share/px4_msgs/msg/UavcanParameterRequest.idl\n'}
[1.839863] (px4_msgs) StdoutLine: {'line': b'-- Up-to-date: /home/px4/ros2/ws/install/px4_msgs/share/px4_msgs/msg/UavcanParameterValue.idl\n'}
[1.839951] (px4_msgs) StdoutLine: {'line': b'-- Up-to-date: /home/px4/ros2/ws/install/px4_msgs/share/px4_msgs/msg/UlogStream.idl\n'}
[1.840009] (px4_msgs) StdoutLine: {'line': b'-- Up-to-date: /home/px4/ros2/ws/install/px4_msgs/share/px4_msgs/msg/UlogStreamAck.idl\n'}
[1.840139] (px4_msgs) StdoutLine: {'line': b'-- Up-to-date: /home/px4/ros2/ws/install/px4_msgs/share/px4_msgs/msg/UnregisterExtComponent.idl\n'}
[1.840220] (px4_msgs) StdoutLine: {'line': b'-- Up-to-date: /home/px4/ros2/ws/install/px4_msgs/share/px4_msgs/msg/VehicleAcceleration.idl\n'}
[1.840280] (px4_msgs) StdoutLine: {'line': b'-- Up-to-date: /home/px4/ros2/ws/install/px4_msgs/share/px4_msgs/msg/VehicleAirData.idl\n'}
[1.840340] (px4_msgs) StdoutLine: {'line': b'-- Up-to-date: /home/px4/ros2/ws/install/px4_msgs/share/px4_msgs/msg/VehicleAngularAccelerationSetpoint.idl\n'}
[1.840399] (px4_msgs) StdoutLine: {'line': b'-- Up-to-date: /home/px4/ros2/ws/install/px4_msgs/share/px4_msgs/msg/VehicleAngularVelocity.idl\n'}
[1.840458] (px4_msgs) StdoutLine: {'line': b'-- Up-to-date: /home/px4/ros2/ws/install/px4_msgs/share/px4_msgs/msg/VehicleAttitude.idl\n'}
[1.840533] (px4_msgs) StdoutLine: {'line': b'-- Up-to-date: /home/px4/ros2/ws/install/px4_msgs/share/px4_msgs/msg/VehicleAttitudeSetpoint.idl\n'}
[1.840605] (px4_msgs) StdoutLine: {'line': b'-- Up-to-date: /home/px4/ros2/ws/install/px4_msgs/share/px4_msgs/msg/VehicleCommand.idl\n'}
[1.840685] (px4_msgs) StdoutLine: {'line': b'-- Up-to-date: /home/px4/ros2/ws/install/px4_msgs/share/px4_msgs/msg/VehicleCommandAck.idl\n'}
[1.840831] (px4_msgs) StdoutLine: {'line': b'-- Up-to-date: /home/px4/ros2/ws/install/px4_msgs/share/px4_msgs/msg/VehicleConstraints.idl\n'}
[1.840892] (px4_msgs) StdoutLine: {'line': b'-- Up-to-date: /home/px4/ros2/ws/install/px4_msgs/share/px4_msgs/msg/VehicleControlMode.idl\n'}
[1.840971] (px4_msgs) StdoutLine: {'line': b'-- Up-to-date: /home/px4/ros2/ws/install/px4_msgs/share/px4_msgs/msg/VehicleGlobalPosition.idl\n'}
[1.841044] (px4_msgs) StdoutLine: {'line': b'-- Up-to-date: /home/px4/ros2/ws/install/px4_msgs/share/px4_msgs/msg/VehicleImu.idl\n'}
[1.841104] (px4_msgs) StdoutLine: {'line': b'-- Up-to-date: /home/px4/ros2/ws/install/px4_msgs/share/px4_msgs/msg/VehicleImuStatus.idl\n'}
[1.841164] (px4_msgs) StdoutLine: {'line': b'-- Up-to-date: /home/px4/ros2/ws/install/px4_msgs/share/px4_msgs/msg/VehicleLandDetected.idl\n'}
[1.841222] (px4_msgs) StdoutLine: {'line': b'-- Up-to-date: /home/px4/ros2/ws/install/px4_msgs/share/px4_msgs/msg/VehicleLocalPosition.idl\n'}
[1.841280] (px4_msgs) StdoutLine: {'line': b'-- Up-to-date: /home/px4/ros2/ws/install/px4_msgs/share/px4_msgs/msg/VehicleLocalPositionSetpoint.idl\n'}
[1.841339] (px4_msgs) StdoutLine: {'line': b'-- Up-to-date: /home/px4/ros2/ws/install/px4_msgs/share/px4_msgs/msg/VehicleMagnetometer.idl\n'}
[1.841397] (px4_msgs) StdoutLine: {'line': b'-- Up-to-date: /home/px4/ros2/ws/install/px4_msgs/share/px4_msgs/msg/VehicleOdometry.idl\n'}
[1.841535] (px4_msgs) StdoutLine: {'line': b'-- Up-to-date: /home/px4/ros2/ws/install/px4_msgs/share/px4_msgs/msg/VehicleOpticalFlow.idl\n'}
[1.841621] (px4_msgs) StdoutLine: {'line': b'-- Up-to-date: /home/px4/ros2/ws/install/px4_msgs/share/px4_msgs/msg/VehicleOpticalFlowVel.idl\n'}
[1.841681] (px4_msgs) StdoutLine: {'line': b'-- Up-to-date: /home/px4/ros2/ws/install/px4_msgs/share/px4_msgs/msg/VehicleRatesSetpoint.idl\n'}
[1.841753] (px4_msgs) StdoutLine: {'line': b'-- Up-to-date: /home/px4/ros2/ws/install/px4_msgs/share/px4_msgs/msg/VehicleRoi.idl\n'}
[1.841884] (px4_msgs) StdoutLine: {'line': b'-- Up-to-date: /home/px4/ros2/ws/install/px4_msgs/share/px4_msgs/msg/VehicleStatus.idl\n'}
[1.841947] (px4_msgs) StdoutLine: {'line': b'-- Up-to-date: /home/px4/ros2/ws/install/px4_msgs/share/px4_msgs/msg/VehicleThrustSetpoint.idl\n'}
[1.842008] (px4_msgs) StdoutLine: {'line': b'-- Up-to-date: /home/px4/ros2/ws/install/px4_msgs/share/px4_msgs/msg/VehicleTorqueSetpoint.idl\n'}
[1.842135] (px4_msgs) StdoutLine: {'line': b'-- Up-to-date: /home/px4/ros2/ws/install/px4_msgs/share/px4_msgs/msg/VelocityLimits.idl\n'}
[1.842216] (px4_msgs) StdoutLine: {'line': b'-- Up-to-date: /home/px4/ros2/ws/install/px4_msgs/share/px4_msgs/msg/VtolVehicleStatus.idl\n'}
[1.842276] (px4_msgs) StdoutLine: {'line': b'-- Up-to-date: /home/px4/ros2/ws/install/px4_msgs/share/px4_msgs/msg/WheelEncoders.idl\n'}
[1.842335] (px4_msgs) StdoutLine: {'line': b'-- Up-to-date: /home/px4/ros2/ws/install/px4_msgs/share/px4_msgs/msg/Wind.idl\n'}
[1.842393] (px4_msgs) StdoutLine: {'line': b'-- Up-to-date: /home/px4/ros2/ws/install/px4_msgs/share/px4_msgs/msg/YawEstimatorStatus.idl\n'}
[1.842451] (px4_msgs) StdoutLine: {'line': b'-- Up-to-date: /home/px4/ros2/ws/install/px4_msgs/share/px4_msgs/srv/VehicleCommand.idl\n'}
[1.842526] (px4_msgs) StdoutLine: {'line': b'-- Up-to-date: /home/px4/ros2/ws/install/px4_msgs/share/px4_msgs/msg/ActionRequest.msg\n'}
[1.842614] (px4_msgs) StdoutLine: {'line': b'-- Up-to-date: /home/px4/ros2/ws/install/px4_msgs/share/px4_msgs/msg/ActuatorArmed.msg\n'}
[1.842675] (px4_msgs) StdoutLine: {'line': b'-- Up-to-date: /home/px4/ros2/ws/install/px4_msgs/share/px4_msgs/msg/ActuatorControlsStatus.msg\n'}
[1.842746] (px4_msgs) StdoutLine: {'line': b'-- Up-to-date: /home/px4/ros2/ws/install/px4_msgs/share/px4_msgs/msg/ActuatorMotors.msg\n'}
[1.842855] (px4_msgs) StdoutLine: {'line': b'-- Up-to-date: /home/px4/ros2/ws/install/px4_msgs/share/px4_msgs/msg/ActuatorOutputs.msg\n'}
[1.842917] (px4_msgs) StdoutLine: {'line': b'-- Up-to-date: /home/px4/ros2/ws/install/px4_msgs/share/px4_msgs/msg/ActuatorServos.msg\n'}
[1.843040] (px4_msgs) StdoutLine: {'line': b'-- Up-to-date: /home/px4/ros2/ws/install/px4_msgs/share/px4_msgs/msg/ActuatorServosTrim.msg\n'}
[1.843106] (px4_msgs) StdoutLine: {'line': b'-- Up-to-date: /home/px4/ros2/ws/install/px4_msgs/share/px4_msgs/msg/ActuatorTest.msg\n'}
[1.843168] (px4_msgs) StdoutLine: {'line': b'-- Up-to-date: /home/px4/ros2/ws/install/px4_msgs/share/px4_msgs/msg/AdcReport.msg\n'}
[1.843227] (px4_msgs) StdoutLine: {'line': b'-- Up-to-date: /home/px4/ros2/ws/install/px4_msgs/share/px4_msgs/msg/Airspeed.msg\n'}
[1.843300] (px4_msgs) StdoutLine: {'line': b'-- Up-to-date: /home/px4/ros2/ws/install/px4_msgs/share/px4_msgs/msg/AirspeedValidated.msg\n'}
[1.843403] (px4_msgs) StdoutLine: {'line': b'-- Up-to-date: /home/px4/ros2/ws/install/px4_msgs/share/px4_msgs/msg/AirspeedWind.msg\n'}
[1.843471] (px4_msgs) StdoutLine: {'line': b'-- Up-to-date: /home/px4/ros2/ws/install/px4_msgs/share/px4_msgs/msg/ArmingCheckReply.msg\n'}
[1.843563] (px4_msgs) StdoutLine: {'line': b'-- Up-to-date: /home/px4/ros2/ws/install/px4_msgs/share/px4_msgs/msg/ArmingCheckRequest.msg\n'}
[1.843647] (px4_msgs) StdoutLine: {'line': b'-- Up-to-date: /home/px4/ros2/ws/install/px4_msgs/share/px4_msgs/msg/AutotuneAttitudeControlStatus.msg\n'}
[1.843708] (px4_msgs) StdoutLine: {'line': b'-- Up-to-date: /home/px4/ros2/ws/install/px4_msgs/share/px4_msgs/msg/BatteryInfo.msg\n'}
[1.843766] (px4_msgs) StdoutLine: {'line': b'-- Up-to-date: /home/px4/ros2/ws/install/px4_msgs/share/px4_msgs/msg/BatteryStatus.msg\n'}
[1.843824] (px4_msgs) StdoutLine: {'line': b'-- Up-to-date: /home/px4/ros2/ws/install/px4_msgs/share/px4_msgs/msg/ButtonEvent.msg\n'}
[1.843883] (px4_msgs) StdoutLine: {'line': b'-- Up-to-date: /home/px4/ros2/ws/install/px4_msgs/share/px4_msgs/msg/CameraCapture.msg\n'}
[1.843942] (px4_msgs) StdoutLine: {'line': b'-- Up-to-date: /home/px4/ros2/ws/install/px4_msgs/share/px4_msgs/msg/CameraStatus.msg\n'}
[1.844057] (px4_msgs) StdoutLine: {'line': b'-- Up-to-date: /home/px4/ros2/ws/install/px4_msgs/share/px4_msgs/msg/CameraTrigger.msg\n'}
[1.844135] (px4_msgs) StdoutLine: {'line': b'-- Up-to-date: /home/px4/ros2/ws/install/px4_msgs/share/px4_msgs/msg/CanInterfaceStatus.msg\n'}
[1.844196] (px4_msgs) StdoutLine: {'line': b'-- Up-to-date: /home/px4/ros2/ws/install/px4_msgs/share/px4_msgs/msg/CellularStatus.msg\n'}
[1.844320] (px4_msgs) StdoutLine: {'line': b'-- Up-to-date: /home/px4/ros2/ws/install/px4_msgs/share/px4_msgs/msg/CollisionConstraints.msg\n'}
[1.844383] (px4_msgs) StdoutLine: {'line': b'-- Up-to-date: /home/px4/ros2/ws/install/px4_msgs/share/px4_msgs/msg/ConfigOverrides.msg\n'}
[1.844444] (px4_msgs) StdoutLine: {'line': b'-- Up-to-date: /home/px4/ros2/ws/install/px4_msgs/share/px4_msgs/msg/ControlAllocatorStatus.msg\n'}
[1.844514] (px4_msgs) StdoutLine: {'line': b'-- Up-to-date: /home/px4/ros2/ws/install/px4_msgs/share/px4_msgs/msg/Cpuload.msg\n'}
[1.844626] (px4_msgs) StdoutLine: {'line': b'-- Up-to-date: /home/px4/ros2/ws/install/px4_msgs/share/px4_msgs/msg/DatamanRequest.msg\n'}
[1.844728] (px4_msgs) StdoutLine: {'line': b'-- Up-to-date: /home/px4/ros2/ws/install/px4_msgs/share/px4_msgs/msg/DatamanResponse.msg\n'}
[1.844797] (px4_msgs) StdoutLine: {'line': b'-- Up-to-date: /home/px4/ros2/ws/install/px4_msgs/share/px4_msgs/msg/DebugArray.msg\n'}
[1.844856] (px4_msgs) StdoutLine: {'line': b'-- Up-to-date: /home/px4/ros2/ws/install/px4_msgs/share/px4_msgs/msg/DebugKeyValue.msg\n'}
[1.844915] (px4_msgs) StdoutLine: {'line': b'-- Up-to-date: /home/px4/ros2/ws/install/px4_msgs/share/px4_msgs/msg/DebugValue.msg\n'}
[1.844974] (px4_msgs) StdoutLine: {'line': b'-- Up-to-date: /home/px4/ros2/ws/install/px4_msgs/share/px4_msgs/msg/DebugVect.msg\n'}
[1.845032] (px4_msgs) StdoutLine: {'line': b'-- Up-to-date: /home/px4/ros2/ws/install/px4_msgs/share/px4_msgs/msg/DifferentialPressure.msg\n'}
[1.845090] (px4_msgs) StdoutLine: {'line': b'-- Up-to-date: /home/px4/ros2/ws/install/px4_msgs/share/px4_msgs/msg/DistanceSensor.msg\n'}
[1.845149] (px4_msgs) StdoutLine: {'line': b'-- Up-to-date: /home/px4/ros2/ws/install/px4_msgs/share/px4_msgs/msg/DistanceSensorModeChangeRequest.msg\n'}
[1.845264] (px4_msgs) StdoutLine: {'line': b'-- Up-to-date: /home/px4/ros2/ws/install/px4_msgs/share/px4_msgs/msg/DronecanNodeStatus.msg\n'}
[1.845324] (px4_msgs) StdoutLine: {'line': b'-- Up-to-date: /home/px4/ros2/ws/install/px4_msgs/share/px4_msgs/msg/Ekf2Timestamps.msg\n'}
[1.845382] (px4_msgs) StdoutLine: {'line': b'-- Up-to-date: /home/px4/ros2/ws/install/px4_msgs/share/px4_msgs/msg/EscReport.msg\n'}
[1.845485] (px4_msgs) StdoutLine: {'line': b'-- Up-to-date: /home/px4/ros2/ws/install/px4_msgs/share/px4_msgs/msg/EscStatus.msg\n'}
[1.845589] (px4_msgs) StdoutLine: {'line': b'-- Up-to-date: /home/px4/ros2/ws/install/px4_msgs/share/px4_msgs/msg/EstimatorAidSource1d.msg\n'}
[1.845651] (px4_msgs) StdoutLine: {'line': b'-- Up-to-date: /home/px4/ros2/ws/install/px4_msgs/share/px4_msgs/msg/EstimatorAidSource2d.msg\n'}
[1.845709] (px4_msgs) StdoutLine: {'line': b'-- Up-to-date: /home/px4/ros2/ws/install/px4_msgs/share/px4_msgs/msg/EstimatorAidSource3d.msg\n'}
[1.845820] (px4_msgs) StdoutLine: {'line': b'-- Up-to-date: /home/px4/ros2/ws/install/px4_msgs/share/px4_msgs/msg/EstimatorBias.msg\n'}
[1.845899] (px4_msgs) StdoutLine: {'line': b'-- Up-to-date: /home/px4/ros2/ws/install/px4_msgs/share/px4_msgs/msg/EstimatorBias3d.msg\n'}
[1.845958] (px4_msgs) StdoutLine: {'line': b'-- Up-to-date: /home/px4/ros2/ws/install/px4_msgs/share/px4_msgs/msg/EstimatorEventFlags.msg\n'}
[1.846017] (px4_msgs) StdoutLine: {'line': b'-- Up-to-date: /home/px4/ros2/ws/install/px4_msgs/share/px4_msgs/msg/EstimatorGpsStatus.msg\n'}
[1.846075] (px4_msgs) StdoutLine: {'line': b'-- Up-to-date: /home/px4/ros2/ws/install/px4_msgs/share/px4_msgs/msg/EstimatorInnovations.msg\n'}
[1.846143] (px4_msgs) StdoutLine: {'line': b'-- Up-to-date: /home/px4/ros2/ws/install/px4_msgs/share/px4_msgs/msg/EstimatorSelectorStatus.msg\n'}
[1.846204] (px4_msgs) StdoutLine: {'line': b'-- Up-to-date: /home/px4/ros2/ws/install/px4_msgs/share/px4_msgs/msg/EstimatorSensorBias.msg\n'}
[1.846272] (px4_msgs) StdoutLine: {'line': b'-- Up-to-date: /home/px4/ros2/ws/install/px4_msgs/share/px4_msgs/msg/EstimatorStates.msg\n'}
[1.846333] (px4_msgs) StdoutLine: {'line': b'-- Up-to-date: /home/px4/ros2/ws/install/px4_msgs/share/px4_msgs/msg/EstimatorStatus.msg\n'}
[1.846406] (px4_msgs) StdoutLine: {'line': b'-- Up-to-date: /home/px4/ros2/ws/install/px4_msgs/share/px4_msgs/msg/EstimatorStatusFlags.msg\n'}
[1.846510] (px4_msgs) StdoutLine: {'line': b'-- Up-to-date: /home/px4/ros2/ws/install/px4_msgs/share/px4_msgs/msg/Event.msg\n'}
[1.846601] (px4_msgs) StdoutLine: {'line': b'-- Up-to-date: /home/px4/ros2/ws/install/px4_msgs/share/px4_msgs/msg/FailsafeFlags.msg\n'}
[1.846738] (px4_msgs) StdoutLine: {'line': b'-- Up-to-date: /home/px4/ros2/ws/install/px4_msgs/share/px4_msgs/msg/FailureDetectorStatus.msg\n'}
[1.846800] (px4_msgs) StdoutLine: {'line': b'-- Up-to-date: /home/px4/ros2/ws/install/px4_msgs/share/px4_msgs/msg/FigureEightStatus.msg\n'}
[1.846861] (px4_msgs) StdoutLine: {'line': b'-- Up-to-date: /home/px4/ros2/ws/install/px4_msgs/share/px4_msgs/msg/FixedWingLateralGuidanceStatus.msg\n'}
[1.846920] (px4_msgs) StdoutLine: {'line': b'-- Up-to-date: /home/px4/ros2/ws/install/px4_msgs/share/px4_msgs/msg/FixedWingLateralSetpoint.msg\n'}
[1.847057] (px4_msgs) StdoutLine: {'line': b'-- Up-to-date: /home/px4/ros2/ws/install/px4_msgs/share/px4_msgs/msg/FixedWingLateralStatus.msg\n'}
[1.847121] (px4_msgs) StdoutLine: {'line': b'-- Up-to-date: /home/px4/ros2/ws/install/px4_msgs/share/px4_msgs/msg/FixedWingLongitudinalSetpoint.msg\n'}
[1.847182] (px4_msgs) StdoutLine: {'line': b'-- Up-to-date: /home/px4/ros2/ws/install/px4_msgs/share/px4_msgs/msg/FixedWingRunwayControl.msg\n'}
[1.847240] (px4_msgs) StdoutLine: {'line': b'-- Up-to-date: /home/px4/ros2/ws/install/px4_msgs/share/px4_msgs/msg/FlightPhaseEstimation.msg\n'}
[1.847303] (px4_msgs) StdoutLine: {'line': b'-- Up-to-date: /home/px4/ros2/ws/install/px4_msgs/share/px4_msgs/msg/FollowTarget.msg\n'}
[1.847364] (px4_msgs) StdoutLine: {'line': b'-- Up-to-date: /home/px4/ros2/ws/install/px4_msgs/share/px4_msgs/msg/FollowTargetEstimator.msg\n'}
[1.847423] (px4_msgs) StdoutLine: {'line': b'-- Up-to-date: /home/px4/ros2/ws/install/px4_msgs/share/px4_msgs/msg/FollowTargetStatus.msg\n'}
[1.847481] (px4_msgs) StdoutLine: {'line': b'-- Up-to-date: /home/px4/ros2/ws/install/px4_msgs/share/px4_msgs/msg/FuelTankStatus.msg\n'}
[1.847572] (px4_msgs) StdoutLine: {'line': b'-- Up-to-date: /home/px4/ros2/ws/install/px4_msgs/share/px4_msgs/msg/GeneratorStatus.msg\n'}
[1.847635] (px4_msgs) StdoutLine: {'line': b'-- Up-to-date: /home/px4/ros2/ws/install/px4_msgs/share/px4_msgs/msg/GeofenceResult.msg\n'}
[1.847751] (px4_msgs) StdoutLine: {'line': b'-- Up-to-date: /home/px4/ros2/ws/install/px4_msgs/share/px4_msgs/msg/GeofenceStatus.msg\n'}
[1.847818] (px4_msgs) StdoutLine: {'line': b'-- Up-to-date: /home/px4/ros2/ws/install/px4_msgs/share/px4_msgs/msg/GimbalControls.msg\n'}
[1.847877] (px4_msgs) StdoutLine: {'line': b'-- Up-to-date: /home/px4/ros2/ws/install/px4_msgs/share/px4_msgs/msg/GimbalDeviceAttitudeStatus.msg\n'}
[1.847989] (px4_msgs) StdoutLine: {'line': b'-- Up-to-date: /home/px4/ros2/ws/install/px4_msgs/share/px4_msgs/msg/GimbalDeviceInformation.msg\n'}
[1.848056] (px4_msgs) StdoutLine: {'line': b'-- Up-to-date: /home/px4/ros2/ws/install/px4_msgs/share/px4_msgs/msg/GimbalDeviceSetAttitude.msg\n'}
[1.848117] (px4_msgs) StdoutLine: {'line': b'-- Up-to-date: /home/px4/ros2/ws/install/px4_msgs/share/px4_msgs/msg/GimbalManagerInformation.msg\n'}
[1.848177] (px4_msgs) StdoutLine: {'line': b'-- Up-to-date: /home/px4/ros2/ws/install/px4_msgs/share/px4_msgs/msg/GimbalManagerSetAttitude.msg\n'}
[1.848309] (px4_msgs) StdoutLine: {'line': b'-- Up-to-date: /home/px4/ros2/ws/install/px4_msgs/share/px4_msgs/msg/GimbalManagerSetManualControl.msg\n'}
[1.848370] (px4_msgs) StdoutLine: {'line': b'-- Up-to-date: /home/px4/ros2/ws/install/px4_msgs/share/px4_msgs/msg/GimbalManagerStatus.msg\n'}
[1.848430] (px4_msgs) StdoutLine: {'line': b'-- Up-to-date: /home/px4/ros2/ws/install/px4_msgs/share/px4_msgs/msg/GotoSetpoint.msg\n'}
[1.848514] (px4_msgs) StdoutLine: {'line': b'-- Up-to-date: /home/px4/ros2/ws/install/px4_msgs/share/px4_msgs/msg/GpioConfig.msg\n'}
[1.848708] (px4_msgs) StdoutLine: {'line': b'-- Up-to-date: /home/px4/ros2/ws/install/px4_msgs/share/px4_msgs/msg/GpioIn.msg\n'}
[1.848810] (px4_msgs) StdoutLine: {'line': b'-- Up-to-date: /home/px4/ros2/ws/install/px4_msgs/share/px4_msgs/msg/GpioOut.msg\n'}
[1.848935] (px4_msgs) StdoutLine: {'line': b'-- Up-to-date: /home/px4/ros2/ws/install/px4_msgs/share/px4_msgs/msg/GpioRequest.msg\n'}
[1.849074] (px4_msgs) StdoutLine: {'line': b'-- Up-to-date: /home/px4/ros2/ws/install/px4_msgs/share/px4_msgs/msg/GpsDump.msg\n'}
[1.849184] (px4_msgs) StdoutLine: {'line': b'-- Up-to-date: /home/px4/ros2/ws/install/px4_msgs/share/px4_msgs/msg/GpsInjectData.msg\n'}
[1.849273] (px4_msgs) StdoutLine: {'line': b'-- Up-to-date: /home/px4/ros2/ws/install/px4_msgs/share/px4_msgs/msg/Gripper.msg\n'}
[1.849356] (px4_msgs) StdoutLine: {'line': b'-- Up-to-date: /home/px4/ros2/ws/install/px4_msgs/share/px4_msgs/msg/HealthReport.msg\n'}
[1.849436] (px4_msgs) StdoutLine: {'line': b'-- Up-to-date: /home/px4/ros2/ws/install/px4_msgs/share/px4_msgs/msg/HeaterStatus.msg\n'}
[1.849544] (px4_msgs) StdoutLine: {'line': b'-- Up-to-date: /home/px4/ros2/ws/install/px4_msgs/share/px4_msgs/msg/HomePosition.msg\n'}
[1.849658] (px4_msgs) StdoutLine: {'line': b'-- Up-to-date: /home/px4/ros2/ws/install/px4_msgs/share/px4_msgs/msg/HoverThrustEstimate.msg\n'}
[1.849731] (px4_msgs) StdoutLine: {'line': b'-- Up-to-date: /home/px4/ros2/ws/install/px4_msgs/share/px4_msgs/msg/InputRc.msg\n'}
[1.849794] (px4_msgs) StdoutLine: {'line': b'-- Up-to-date: /home/px4/ros2/ws/install/px4_msgs/share/px4_msgs/msg/InternalCombustionEngineControl.msg\n'}
[1.849856] (px4_msgs) StdoutLine: {'line': b'-- Up-to-date: /home/px4/ros2/ws/install/px4_msgs/share/px4_msgs/msg/InternalCombustionEngineStatus.msg\n'}
[1.849917] (px4_msgs) StdoutLine: {'line': b'-- Up-to-date: /home/px4/ros2/ws/install/px4_msgs/share/px4_msgs/msg/IridiumsbdStatus.msg\n'}
[1.849978] (px4_msgs) StdoutLine: {'line': b'-- Up-to-date: /home/px4/ros2/ws/install/px4_msgs/share/px4_msgs/msg/IrlockReport.msg\n'}
[1.850040] (px4_msgs) StdoutLine: {'line': b'-- Up-to-date: /home/px4/ros2/ws/install/px4_msgs/share/px4_msgs/msg/LandingGear.msg\n'}
[1.850132] (px4_msgs) StdoutLine: {'line': b'-- Up-to-date: /home/px4/ros2/ws/install/px4_msgs/share/px4_msgs/msg/LandingGearWheel.msg\n'}
[1.850213] (px4_msgs) StdoutLine: {'line': b'-- Up-to-date: /home/px4/ros2/ws/install/px4_msgs/share/px4_msgs/msg/LandingTargetInnovations.msg\n'}
[1.850297] (px4_msgs) StdoutLine: {'line': b'-- Up-to-date: /home/px4/ros2/ws/install/px4_msgs/share/px4_msgs/msg/LandingTargetPose.msg\n'}
[1.850398] (px4_msgs) StdoutLine: {'line': b'-- Up-to-date: /home/px4/ros2/ws/install/px4_msgs/share/px4_msgs/msg/LateralControlConfiguration.msg\n'}
[1.850462] (px4_msgs) StdoutLine: {'line': b'-- Up-to-date: /home/px4/ros2/ws/install/px4_msgs/share/px4_msgs/msg/LaunchDetectionStatus.msg\n'}
[1.850543] (px4_msgs) StdoutLine: {'line': b'-- Up-to-date: /home/px4/ros2/ws/install/px4_msgs/share/px4_msgs/msg/LedControl.msg\n'}
[1.850645] (px4_msgs) StdoutLine: {'line': b'-- Up-to-date: /home/px4/ros2/ws/install/px4_msgs/share/px4_msgs/msg/LogMessage.msg\n'}
[1.850764] (px4_msgs) StdoutLine: {'line': b'-- Up-to-date: /home/px4/ros2/ws/install/px4_msgs/share/px4_msgs/msg/LoggerStatus.msg\n'}
[1.850850] (px4_msgs) StdoutLine: {'line': b'-- Up-to-date: /home/px4/ros2/ws/install/px4_msgs/share/px4_msgs/msg/LongitudinalControlConfiguration.msg\n'}
[1.850915] (px4_msgs) StdoutLine: {'line': b'-- Up-to-date: /home/px4/ros2/ws/install/px4_msgs/share/px4_msgs/msg/MagWorkerData.msg\n'}
[1.850978] (px4_msgs) StdoutLine: {'line': b'-- Up-to-date: /home/px4/ros2/ws/install/px4_msgs/share/px4_msgs/msg/MagnetometerBiasEstimate.msg\n'}
[1.851039] (px4_msgs) StdoutLine: {'line': b'-- Up-to-date: /home/px4/ros2/ws/install/px4_msgs/share/px4_msgs/msg/ManualControlSetpoint.msg\n'}
[1.851109] (px4_msgs) StdoutLine: {'line': b'-- Up-to-date: /home/px4/ros2/ws/install/px4_msgs/share/px4_msgs/msg/ManualControlSwitches.msg\n'}
[1.851170] (px4_msgs) StdoutLine: {'line': b'-- Up-to-date: /home/px4/ros2/ws/install/px4_msgs/share/px4_msgs/msg/MavlinkLog.msg\n'}
[1.851238] (px4_msgs) StdoutLine: {'line': b'-- Up-to-date: /home/px4/ros2/ws/install/px4_msgs/share/px4_msgs/msg/MavlinkTunnel.msg\n'}
[1.851362] (px4_msgs) StdoutLine: {'line': b'-- Up-to-date: /home/px4/ros2/ws/install/px4_msgs/share/px4_msgs/msg/MessageFormatRequest.msg\n'}
[1.851429] (px4_msgs) StdoutLine: {'line': b'-- Up-to-date: /home/px4/ros2/ws/install/px4_msgs/share/px4_msgs/msg/MessageFormatResponse.msg\n'}
[1.851565] (px4_msgs) StdoutLine: {'line': b'-- Up-to-date: /home/px4/ros2/ws/install/px4_msgs/share/px4_msgs/msg/Mission.msg\n'}
[1.851666] (px4_msgs) StdoutLine: {'line': b'-- Up-to-date: /home/px4/ros2/ws/install/px4_msgs/share/px4_msgs/msg/MissionResult.msg\n'}
[1.851759] (px4_msgs) StdoutLine: {'line': b'-- Up-to-date: /home/px4/ros2/ws/install/px4_msgs/share/px4_msgs/msg/ModeCompleted.msg\n'}
[1.851860] (px4_msgs) StdoutLine: {'line': b'-- Up-to-date: /home/px4/ros2/ws/install/px4_msgs/share/px4_msgs/msg/MountOrientation.msg\n'}
[1.851952] (px4_msgs) StdoutLine: {'line': b'-- Up-to-date: /home/px4/ros2/ws/install/px4_msgs/share/px4_msgs/msg/NavigatorMissionItem.msg\n'}
[1.852041] (px4_msgs) StdoutLine: {'line': b'-- Up-to-date: /home/px4/ros2/ws/install/px4_msgs/share/px4_msgs/msg/NavigatorStatus.msg\n'}
[1.852133] (px4_msgs) StdoutLine: {'line': b'-- Up-to-date: /home/px4/ros2/ws/install/px4_msgs/share/px4_msgs/msg/NeuralControl.msg\n'}
[1.852225] (px4_msgs) StdoutLine: {'line': b'-- Up-to-date: /home/px4/ros2/ws/install/px4_msgs/share/px4_msgs/msg/NormalizedUnsignedSetpoint.msg\n'}
[1.852326] (px4_msgs) StdoutLine: {'line': b'-- Up-to-date: /home/px4/ros2/ws/install/px4_msgs/share/px4_msgs/msg/ObstacleDistance.msg\n'}
[1.852418] (px4_msgs) StdoutLine: {'line': b'-- Up-to-date: /home/px4/ros2/ws/install/px4_msgs/share/px4_msgs/msg/OffboardControlMode.msg\n'}
[1.852585] (px4_msgs) StdoutLine: {'line': b'-- Up-to-date: /home/px4/ros2/ws/install/px4_msgs/share/px4_msgs/msg/OnboardComputerStatus.msg\n'}
[1.852720] (px4_msgs) StdoutLine: {'line': b'-- Up-to-date: /home/px4/ros2/ws/install/px4_msgs/share/px4_msgs/msg/OpenDroneIdArmStatus.msg\n'}
[1.852829] (px4_msgs) StdoutLine: {'line': b'-- Up-to-date: /home/px4/ros2/ws/install/px4_msgs/share/px4_msgs/msg/OpenDroneIdOperatorId.msg\n'}
[1.852924] (px4_msgs) StdoutLine: {'line': b'-- Up-to-date: /home/px4/ros2/ws/install/px4_msgs/share/px4_msgs/msg/OpenDroneIdSelfId.msg\n'}
[1.853020] (px4_msgs) StdoutLine: {'line': b'-- Up-to-date: /home/px4/ros2/ws/install/px4_msgs/share/px4_msgs/msg/OpenDroneIdSystem.msg\n'}
[1.853115] (px4_msgs) StdoutLine: {'line': b'-- Up-to-date: /home/px4/ros2/ws/install/px4_msgs/share/px4_msgs/msg/OrbTest.msg\n'}
[1.853215] (px4_msgs) StdoutLine: {'line': b'-- Up-to-date: /home/px4/ros2/ws/install/px4_msgs/share/px4_msgs/msg/OrbTestLarge.msg\n'}
[1.853345] (px4_msgs) StdoutLine: {'line': b'-- Up-to-date: /home/px4/ros2/ws/install/px4_msgs/share/px4_msgs/msg/OrbTestMedium.msg\n'}
[1.853454] (px4_msgs) StdoutLine: {'line': b'-- Up-to-date: /home/px4/ros2/ws/install/px4_msgs/share/px4_msgs/msg/OrbitStatus.msg\n'}
[1.853580] (px4_msgs) StdoutLine: {'line': b'-- Up-to-date: /home/px4/ros2/ws/install/px4_msgs/share/px4_msgs/msg/ParameterResetRequest.msg\n'}
[1.853677] (px4_msgs) StdoutLine: {'line': b'-- Up-to-date: /home/px4/ros2/ws/install/px4_msgs/share/px4_msgs/msg/ParameterSetUsedRequest.msg\n'}
[1.853777] (px4_msgs) StdoutLine: {'line': b'-- Up-to-date: /home/px4/ros2/ws/install/px4_msgs/share/px4_msgs/msg/ParameterSetValueRequest.msg\n'}
[1.853870] (px4_msgs) StdoutLine: {'line': b'-- Up-to-date: /home/px4/ros2/ws/install/px4_msgs/share/px4_msgs/msg/ParameterSetValueResponse.msg\n'}
[1.853961] (px4_msgs) StdoutLine: {'line': b'-- Up-to-date: /home/px4/ros2/ws/install/px4_msgs/share/px4_msgs/msg/ParameterUpdate.msg\n'}
[1.854052] (px4_msgs) StdoutLine: {'line': b'-- Up-to-date: /home/px4/ros2/ws/install/px4_msgs/share/px4_msgs/msg/Ping.msg\n'}
[1.854182] (px4_msgs) StdoutLine: {'line': b'-- Up-to-date: /home/px4/ros2/ws/install/px4_msgs/share/px4_msgs/msg/PositionControllerLandingStatus.msg\n'}
[1.854270] (px4_msgs) StdoutLine: {'line': b'-- Up-to-date: /home/px4/ros2/ws/install/px4_msgs/share/px4_msgs/msg/PositionControllerStatus.msg\n'}
[1.854375] (px4_msgs) StdoutLine: {'line': b'-- Up-to-date: /home/px4/ros2/ws/install/px4_msgs/share/px4_msgs/msg/PositionSetpoint.msg\n'}
[1.854449] (px4_msgs) StdoutLine: {'line': b'-- Up-to-date: /home/px4/ros2/ws/install/px4_msgs/share/px4_msgs/msg/PositionSetpointTriplet.msg\n'}
[1.854533] (px4_msgs) StdoutLine: {'line': b'-- Up-to-date: /home/px4/ros2/ws/install/px4_msgs/share/px4_msgs/msg/PowerButtonState.msg\n'}
[1.854665] (px4_msgs) StdoutLine: {'line': b'-- Up-to-date: /home/px4/ros2/ws/install/px4_msgs/share/px4_msgs/msg/PowerMonitor.msg\n'}
[1.854736] (px4_msgs) StdoutLine: {'line': b'-- Up-to-date: /home/px4/ros2/ws/install/px4_msgs/share/px4_msgs/msg/PpsCapture.msg\n'}
[1.854804] (px4_msgs) StdoutLine: {'line': b'-- Up-to-date: /home/px4/ros2/ws/install/px4_msgs/share/px4_msgs/msg/PurePursuitStatus.msg\n'}
[1.854872] (px4_msgs) StdoutLine: {'line': b'-- Up-to-date: /home/px4/ros2/ws/install/px4_msgs/share/px4_msgs/msg/PwmInput.msg\n'}
[1.854973] (px4_msgs) StdoutLine: {'line': b'-- Up-to-date: /home/px4/ros2/ws/install/px4_msgs/share/px4_msgs/msg/Px4ioStatus.msg\n'}
[1.855066] (px4_msgs) StdoutLine: {'line': b'-- Up-to-date: /home/px4/ros2/ws/install/px4_msgs/share/px4_msgs/msg/QshellReq.msg\n'}
[1.855185] (px4_msgs) StdoutLine: {'line': b'-- Up-to-date: /home/px4/ros2/ws/install/px4_msgs/share/px4_msgs/msg/QshellRetval.msg\n'}
[1.855255] (px4_msgs) StdoutLine: {'line': b'-- Up-to-date: /home/px4/ros2/ws/install/px4_msgs/share/px4_msgs/msg/RadioStatus.msg\n'}
[1.855323] (px4_msgs) StdoutLine: {'line': b'-- Up-to-date: /home/px4/ros2/ws/install/px4_msgs/share/px4_msgs/msg/RateCtrlStatus.msg\n'}
[1.855387] (px4_msgs) StdoutLine: {'line': b'-- Up-to-date: /home/px4/ros2/ws/install/px4_msgs/share/px4_msgs/msg/RcChannels.msg\n'}
[1.855452] (px4_msgs) StdoutLine: {'line': b'-- Up-to-date: /home/px4/ros2/ws/install/px4_msgs/share/px4_msgs/msg/RcParameterMap.msg\n'}
[1.855587] (px4_msgs) StdoutLine: {'line': b'-- Up-to-date: /home/px4/ros2/ws/install/px4_msgs/share/px4_msgs/msg/RegisterExtComponentReply.msg\n'}
[1.855664] (px4_msgs) StdoutLine: {'line': b'-- Up-to-date: /home/px4/ros2/ws/install/px4_msgs/share/px4_msgs/msg/RegisterExtComponentRequest.msg\n'}
[1.855735] (px4_msgs) StdoutLine: {'line': b'-- Up-to-date: /home/px4/ros2/ws/install/px4_msgs/share/px4_msgs/msg/RoverAttitudeSetpoint.msg\n'}
[1.855844] (px4_msgs) StdoutLine: {'line': b'-- Up-to-date: /home/px4/ros2/ws/install/px4_msgs/share/px4_msgs/msg/RoverAttitudeStatus.msg\n'}
[1.855913] (px4_msgs) StdoutLine: {'line': b'-- Up-to-date: /home/px4/ros2/ws/install/px4_msgs/share/px4_msgs/msg/RoverPositionSetpoint.msg\n'}
[1.855984] (px4_msgs) StdoutLine: {'line': b'-- Up-to-date: /home/px4/ros2/ws/install/px4_msgs/share/px4_msgs/msg/RoverRateSetpoint.msg\n'}
[1.856056] (px4_msgs) StdoutLine: {'line': b'-- Up-to-date: /home/px4/ros2/ws/install/px4_msgs/share/px4_msgs/msg/RoverRateStatus.msg\n'}
[1.856158] (px4_msgs) StdoutLine: {'line': b'-- Up-to-date: /home/px4/ros2/ws/install/px4_msgs/share/px4_msgs/msg/RoverSteeringSetpoint.msg\n'}
[1.856252] (px4_msgs) StdoutLine: {'line': b'-- Up-to-date: /home/px4/ros2/ws/install/px4_msgs/share/px4_msgs/msg/RoverThrottleSetpoint.msg\n'}
[1.856346] (px4_msgs) StdoutLine: {'line': b'-- Up-to-date: /home/px4/ros2/ws/install/px4_msgs/share/px4_msgs/msg/RoverVelocitySetpoint.msg\n'}
[1.856431] (px4_msgs) StdoutLine: {'line': b'-- Up-to-date: /home/px4/ros2/ws/install/px4_msgs/share/px4_msgs/msg/RoverVelocityStatus.msg\n'}
[1.856566] (px4_msgs) StdoutLine: {'line': b'-- Up-to-date: /home/px4/ros2/ws/install/px4_msgs/share/px4_msgs/msg/Rpm.msg\n'}
[1.856642] (px4_msgs) StdoutLine: {'line': b'-- Up-to-date: /home/px4/ros2/ws/install/px4_msgs/share/px4_msgs/msg/RtlStatus.msg\n'}
[1.856767] (px4_msgs) StdoutLine: {'line': b'-- Up-to-date: /home/px4/ros2/ws/install/px4_msgs/share/px4_msgs/msg/RtlTimeEstimate.msg\n'}
[1.856862] (px4_msgs) StdoutLine: {'line': b'-- Up-to-date: /home/px4/ros2/ws/install/px4_msgs/share/px4_msgs/msg/SatelliteInfo.msg\n'}
[1.856962] (px4_msgs) StdoutLine: {'line': b'-- Up-to-date: /home/px4/ros2/ws/install/px4_msgs/share/px4_msgs/msg/SensorAccel.msg\n'}
[1.857056] (px4_msgs) StdoutLine: {'line': b'-- Up-to-date: /home/px4/ros2/ws/install/px4_msgs/share/px4_msgs/msg/SensorAccelFifo.msg\n'}
[1.857200] (px4_msgs) StdoutLine: {'line': b'-- Up-to-date: /home/px4/ros2/ws/install/px4_msgs/share/px4_msgs/msg/SensorAirflow.msg\n'}
[1.857309] (px4_msgs) StdoutLine: {'line': b'-- Up-to-date: /home/px4/ros2/ws/install/px4_msgs/share/px4_msgs/msg/SensorBaro.msg\n'}
[1.857403] (px4_msgs) StdoutLine: {'line': b'-- Up-to-date: /home/px4/ros2/ws/install/px4_msgs/share/px4_msgs/msg/SensorCombined.msg\n'}
[1.857507] (px4_msgs) StdoutLine: {'line': b'-- Up-to-date: /home/px4/ros2/ws/install/px4_msgs/share/px4_msgs/msg/SensorCorrection.msg\n'}
[1.857633] (px4_msgs) StdoutLine: {'line': b'-- Up-to-date: /home/px4/ros2/ws/install/px4_msgs/share/px4_msgs/msg/SensorGnssRelative.msg\n'}
[1.857705] (px4_msgs) StdoutLine: {'line': b'-- Up-to-date: /home/px4/ros2/ws/install/px4_msgs/share/px4_msgs/msg/SensorGps.msg\n'}
[1.857772] (px4_msgs) StdoutLine: {'line': b'-- Up-to-date: /home/px4/ros2/ws/install/px4_msgs/share/px4_msgs/msg/SensorGyro.msg\n'}
[1.857837] (px4_msgs) StdoutLine: {'line': b'-- Up-to-date: /home/px4/ros2/ws/install/px4_msgs/share/px4_msgs/msg/SensorGyroFft.msg\n'}
[1.857938] (px4_msgs) StdoutLine: {'line': b'-- Up-to-date: /home/px4/ros2/ws/install/px4_msgs/share/px4_msgs/msg/SensorGyroFifo.msg\n'}
[1.858032] (px4_msgs) StdoutLine: {'line': b'-- Up-to-date: /home/px4/ros2/ws/install/px4_msgs/share/px4_msgs/msg/SensorHygrometer.msg\n'}
[1.858134] (px4_msgs) StdoutLine: {'line': b'-- Up-to-date: /home/px4/ros2/ws/install/px4_msgs/share/px4_msgs/msg/SensorMag.msg\n'}
[1.858226] (px4_msgs) StdoutLine: {'line': b'-- Up-to-date: /home/px4/ros2/ws/install/px4_msgs/share/px4_msgs/msg/SensorOpticalFlow.msg\n'}
[1.858336] (px4_msgs) StdoutLine: {'line': b'-- Up-to-date: /home/px4/ros2/ws/install/px4_msgs/share/px4_msgs/msg/SensorPreflightMag.msg\n'}
[1.858412] (px4_msgs) StdoutLine: {'line': b'-- Up-to-date: /home/px4/ros2/ws/install/px4_msgs/share/px4_msgs/msg/SensorSelection.msg\n'}
[1.858547] (px4_msgs) StdoutLine: {'line': b'-- Up-to-date: /home/px4/ros2/ws/install/px4_msgs/share/px4_msgs/msg/SensorUwb.msg\n'}
[1.858641] (px4_msgs) StdoutLine: {'line': b'-- Up-to-date: /home/px4/ros2/ws/install/px4_msgs/share/px4_msgs/msg/SensorsStatus.msg\n'}
[1.858709] (px4_msgs) StdoutLine: {'line': b'-- Up-to-date: /home/px4/ros2/ws/install/px4_msgs/share/px4_msgs/msg/SensorsStatusImu.msg\n'}
[1.858775] (px4_msgs) StdoutLine: {'line': b'-- Up-to-date: /home/px4/ros2/ws/install/px4_msgs/share/px4_msgs/msg/SystemPower.msg\n'}
[1.858840] (px4_msgs) StdoutLine: {'line': b'-- Up-to-date: /home/px4/ros2/ws/install/px4_msgs/share/px4_msgs/msg/TakeoffStatus.msg\n'}
[1.858905] (px4_msgs) StdoutLine: {'line': b'-- Up-to-date: /home/px4/ros2/ws/install/px4_msgs/share/px4_msgs/msg/TaskStackInfo.msg\n'}
[1.858970] (px4_msgs) StdoutLine: {'line': b'-- Up-to-date: /home/px4/ros2/ws/install/px4_msgs/share/px4_msgs/msg/TecsStatus.msg\n'}
[1.859039] (px4_msgs) StdoutLine: {'line': b'-- Up-to-date: /home/px4/ros2/ws/install/px4_msgs/share/px4_msgs/msg/TelemetryStatus.msg\n'}
[1.859156] (px4_msgs) StdoutLine: {'line': b'-- Up-to-date: /home/px4/ros2/ws/install/px4_msgs/share/px4_msgs/msg/TiltrotorExtraControls.msg\n'}
[1.859250] (px4_msgs) StdoutLine: {'line': b'-- Up-to-date: /home/px4/ros2/ws/install/px4_msgs/share/px4_msgs/msg/TimesyncStatus.msg\n'}
[1.859403] (px4_msgs) StdoutLine: {'line': b'-- Up-to-date: /home/px4/ros2/ws/install/px4_msgs/share/px4_msgs/msg/TrajectorySetpoint.msg\n'}
[1.859476] (px4_msgs) StdoutLine: {'line': b'-- Up-to-date: /home/px4/ros2/ws/install/px4_msgs/share/px4_msgs/msg/TrajectorySetpoint6dof.msg\n'}
[1.859591] (px4_msgs) StdoutLine: {'line': b'-- Up-to-date: /home/px4/ros2/ws/install/px4_msgs/share/px4_msgs/msg/TransponderReport.msg\n'}
[1.859695] (px4_msgs) StdoutLine: {'line': b'-- Up-to-date: /home/px4/ros2/ws/install/px4_msgs/share/px4_msgs/msg/TuneControl.msg\n'}
[1.859788] (px4_msgs) StdoutLine: {'line': b'-- Up-to-date: /home/px4/ros2/ws/install/px4_msgs/share/px4_msgs/msg/UavcanParameterRequest.msg\n'}
[1.859880] (px4_msgs) StdoutLine: {'line': b'-- Up-to-date: /home/px4/ros2/ws/install/px4_msgs/share/px4_msgs/msg/UavcanParameterValue.msg\n'}
[1.859989] (px4_msgs) StdoutLine: {'line': b'-- Up-to-date: /home/px4/ros2/ws/install/px4_msgs/share/px4_msgs/msg/UlogStream.msg\n'}
[1.860111] (px4_msgs) StdoutLine: {'line': b'-- Up-to-date: /home/px4/ros2/ws/install/px4_msgs/share/px4_msgs/msg/UlogStreamAck.msg\n'}
[1.860200] (px4_msgs) StdoutLine: {'line': b'-- Up-to-date: /home/px4/ros2/ws/install/px4_msgs/share/px4_msgs/msg/UnregisterExtComponent.msg\n'}
[1.860293] (px4_msgs) StdoutLine: {'line': b'-- Up-to-date: /home/px4/ros2/ws/install/px4_msgs/share/px4_msgs/msg/VehicleAcceleration.msg\n'}
[1.860461] (px4_msgs) StdoutLine: {'line': b'-- Up-to-date: /home/px4/ros2/ws/install/px4_msgs/share/px4_msgs/msg/VehicleAirData.msg\n'}
[1.860563] (px4_msgs) StdoutLine: {'line': b'-- Up-to-date: /home/px4/ros2/ws/install/px4_msgs/share/px4_msgs/msg/VehicleAngularAccelerationSetpoint.msg\n'}
[1.860699] (px4_msgs) StdoutLine: {'line': b'-- Up-to-date: /home/px4/ros2/ws/install/px4_msgs/share/px4_msgs/msg/VehicleAngularVelocity.msg\n'}
[1.861000] (px4_msgs) StdoutLine: {'line': b'-- Up-to-date: /home/px4/ros2/ws/install/px4_msgs/share/px4_msgs/msg/VehicleAttitude.msg\n'}
[1.861643] (px4_msgs) StdoutLine: {'line': b'-- Up-to-date: /home/px4/ros2/ws/install/px4_msgs/share/px4_msgs/msg/VehicleAttitudeSetpoint.msg\n'}
[1.861934] (px4_msgs) StdoutLine: {'line': b'-- Up-to-date: /home/px4/ros2/ws/install/px4_msgs/share/px4_msgs/msg/VehicleCommand.msg\n'}
[1.862260] (px4_msgs) StdoutLine: {'line': b'-- Up-to-date: /home/px4/ros2/ws/install/px4_msgs/share/px4_msgs/msg/VehicleCommandAck.msg\n'}
[1.862721] (px4_msgs) StdoutLine: {'line': b'-- Up-to-date: /home/px4/ros2/ws/install/px4_msgs/share/px4_msgs/msg/VehicleConstraints.msg\n'}
[1.863123] (px4_msgs) StdoutLine: {'line': b'-- Up-to-date: /home/px4/ros2/ws/install/px4_msgs/share/px4_msgs/msg/VehicleControlMode.msg\n'}
[1.863291] (px4_msgs) StdoutLine: {'line': b'-- Up-to-date: /home/px4/ros2/ws/install/px4_msgs/share/px4_msgs/msg/VehicleGlobalPosition.msg\n'}
[1.863631] (px4_msgs) StdoutLine: {'line': b'-- Up-to-date: /home/px4/ros2/ws/install/px4_msgs/share/px4_msgs/msg/VehicleImu.msg\n'}
[1.863838] (px4_msgs) StdoutLine: {'line': b'-- Up-to-date: /home/px4/ros2/ws/install/px4_msgs/share/px4_msgs/msg/VehicleImuStatus.msg\n'}
[1.864189] (px4_msgs) StdoutLine: {'line': b'-- Up-to-date: /home/px4/ros2/ws/install/px4_msgs/share/px4_msgs/msg/VehicleLandDetected.msg\n'}
[1.864883] (px4_msgs) StdoutLine: {'line': b'-- Up-to-date: /home/px4/ros2/ws/install/px4_msgs/share/px4_msgs/msg/VehicleLocalPosition.msg\n'}
[1.865121] (px4_msgs) StdoutLine: {'line': b'-- Up-to-date: /home/px4/ros2/ws/install/px4_msgs/share/px4_msgs/msg/VehicleLocalPositionSetpoint.msg\n'}
[1.865478] (px4_msgs) StdoutLine: {'line': b'-- Up-to-date: /home/px4/ros2/ws/install/px4_msgs/share/px4_msgs/msg/VehicleMagnetometer.msg\n'}
[1.866153] (px4_msgs) StdoutLine: {'line': b'-- Up-to-date: /home/px4/ros2/ws/install/px4_msgs/share/px4_msgs/msg/VehicleOdometry.msg\n'}
[1.866392] (px4_msgs) StdoutLine: {'line': b'-- Up-to-date: /home/px4/ros2/ws/install/px4_msgs/share/px4_msgs/msg/VehicleOpticalFlow.msg\n'}
[1.866770] (px4_msgs) StdoutLine: {'line': b'-- Up-to-date: /home/px4/ros2/ws/install/px4_msgs/share/px4_msgs/msg/VehicleOpticalFlowVel.msg\n'}
[1.867440] (px4_msgs) StdoutLine: {'line': b'-- Up-to-date: /home/px4/ros2/ws/install/px4_msgs/share/px4_msgs/msg/VehicleRatesSetpoint.msg\n'}
[1.867667] (px4_msgs) StdoutLine: {'line': b'-- Up-to-date: /home/px4/ros2/ws/install/px4_msgs/share/px4_msgs/msg/VehicleRoi.msg\n'}
[1.868022] (px4_msgs) StdoutLine: {'line': b'-- Up-to-date: /home/px4/ros2/ws/install/px4_msgs/share/px4_msgs/msg/VehicleStatus.msg\n'}
[1.868700] (px4_msgs) StdoutLine: {'line': b'-- Up-to-date: /home/px4/ros2/ws/install/px4_msgs/share/px4_msgs/msg/VehicleThrustSetpoint.msg\n'}
[1.868907] (px4_msgs) StdoutLine: {'line': b'-- Up-to-date: /home/px4/ros2/ws/install/px4_msgs/share/px4_msgs/msg/VehicleTorqueSetpoint.msg\n'}
[1.869262] (px4_msgs) StdoutLine: {'line': b'-- Up-to-date: /home/px4/ros2/ws/install/px4_msgs/share/px4_msgs/msg/VelocityLimits.msg\n'}
[1.869938] (px4_msgs) StdoutLine: {'line': b'-- Up-to-date: /home/px4/ros2/ws/install/px4_msgs/share/px4_msgs/msg/VtolVehicleStatus.msg\n'}
[1.870151] (px4_msgs) StdoutLine: {'line': b'-- Up-to-date: /home/px4/ros2/ws/install/px4_msgs/share/px4_msgs/msg/WheelEncoders.msg\n'}
[1.870518] (px4_msgs) StdoutLine: {'line': b'-- Up-to-date: /home/px4/ros2/ws/install/px4_msgs/share/px4_msgs/msg/Wind.msg\n'}
[1.871213] (px4_msgs) StdoutLine: {'line': b'-- Up-to-date: /home/px4/ros2/ws/install/px4_msgs/share/px4_msgs/msg/YawEstimatorStatus.msg\n'}
[1.871444] (px4_msgs) StdoutLine: {'line': b'-- Up-to-date: /home/px4/ros2/ws/install/px4_msgs/share/px4_msgs/srv/VehicleCommand.srv\n'}
[1.871811] (px4_msgs) StdoutLine: {'line': b'-- Up-to-date: /home/px4/ros2/ws/install/px4_msgs/share/px4_msgs/srv/VehicleCommand_Request.msg\n'}
[1.872481] (px4_msgs) StdoutLine: {'line': b'-- Up-to-date: /home/px4/ros2/ws/install/px4_msgs/share/px4_msgs/srv/VehicleCommand_Response.msg\n'}
[1.872722] (px4_msgs) StdoutLine: {'line': b'-- Up-to-date: /home/px4/ros2/ws/install/px4_msgs/share/ament_index/resource_index/package_run_dependencies/px4_msgs\n'}
[1.873083] (px4_msgs) StdoutLine: {'line': b'-- Up-to-date: /home/px4/ros2/ws/install/px4_msgs/share/ament_index/resource_index/parent_prefix_path/px4_msgs\n'}
[1.873557] (px4_msgs) StdoutLine: {'line': b'-- Up-to-date: /home/px4/ros2/ws/install/px4_msgs/share/px4_msgs/environment/ament_prefix_path.sh\n'}
[1.873984] (px4_msgs) StdoutLine: {'line': b'-- Up-to-date: /home/px4/ros2/ws/install/px4_msgs/share/px4_msgs/environment/ament_prefix_path.dsv\n'}
[1.874169] (px4_msgs) StdoutLine: {'line': b'-- Up-to-date: /home/px4/ros2/ws/install/px4_msgs/share/px4_msgs/environment/path.sh\n'}
[1.874536] (px4_msgs) StdoutLine: {'line': b'-- Up-to-date: /home/px4/ros2/ws/install/px4_msgs/share/px4_msgs/environment/path.dsv\n'}
[1.874753] (px4_msgs) StdoutLine: {'line': b'-- Up-to-date: /home/px4/ros2/ws/install/px4_msgs/share/px4_msgs/local_setup.bash\n'}
[1.875049] (px4_msgs) StdoutLine: {'line': b'-- Up-to-date: /home/px4/ros2/ws/install/px4_msgs/share/px4_msgs/local_setup.sh\n'}
[1.875765] (px4_msgs) StdoutLine: {'line': b'-- Up-to-date: /home/px4/ros2/ws/install/px4_msgs/share/px4_msgs/local_setup.zsh\n'}
[1.875985] (px4_msgs) StdoutLine: {'line': b'-- Up-to-date: /home/px4/ros2/ws/install/px4_msgs/share/px4_msgs/local_setup.dsv\n'}
[1.876323] (px4_msgs) StdoutLine: {'line': b'-- Installing: /home/px4/ros2/ws/install/px4_msgs/share/px4_msgs/package.dsv\n'}
[1.877225] (px4_msgs) StdoutLine: {'line': b'-- Up-to-date: /home/px4/ros2/ws/install/px4_msgs/share/ament_index/resource_index/packages/px4_msgs\n'}
[1.877554] (px4_msgs) StdoutLine: {'line': b'-- Up-to-date: /home/px4/ros2/ws/install/px4_msgs/share/px4_msgs/cmake/export_px4_msgs__rosidl_generator_cExport.cmake\n'}
[1.877914] (px4_msgs) StdoutLine: {'line': b'-- Up-to-date: /home/px4/ros2/ws/install/px4_msgs/share/px4_msgs/cmake/export_px4_msgs__rosidl_generator_cExport-noconfig.cmake\n'}
[1.878654] (px4_msgs) StdoutLine: {'line': b'-- Up-to-date: /home/px4/ros2/ws/install/px4_msgs/share/px4_msgs/cmake/export_px4_msgs__rosidl_typesupport_fastrtps_cExport.cmake\n'}
[1.878931] (px4_msgs) StdoutLine: {'line': b'-- Up-to-date: /home/px4/ros2/ws/install/px4_msgs/share/px4_msgs/cmake/export_px4_msgs__rosidl_typesupport_fastrtps_cExport-noconfig.cmake\n'}
[1.879372] (px4_msgs) StdoutLine: {'line': b'-- Up-to-date: /home/px4/ros2/ws/install/px4_msgs/share/px4_msgs/cmake/export_px4_msgs__rosidl_generator_cppExport.cmake\n'}
[1.880107] (px4_msgs) StdoutLine: {'line': b'-- Up-to-date: /home/px4/ros2/ws/install/px4_msgs/share/px4_msgs/cmake/export_px4_msgs__rosidl_typesupport_fastrtps_cppExport.cmake\n'}
[1.880392] (px4_msgs) StdoutLine: {'line': b'-- Up-to-date: /home/px4/ros2/ws/install/px4_msgs/share/px4_msgs/cmake/export_px4_msgs__rosidl_typesupport_fastrtps_cppExport-noconfig.cmake\n'}
[1.880834] (px4_msgs) StdoutLine: {'line': b'-- Up-to-date: /home/px4/ros2/ws/install/px4_msgs/share/px4_msgs/cmake/px4_msgs__rosidl_typesupport_introspection_cExport.cmake\n'}
[1.881520] (px4_msgs) StdoutLine: {'line': b'-- Up-to-date: /home/px4/ros2/ws/install/px4_msgs/share/px4_msgs/cmake/px4_msgs__rosidl_typesupport_introspection_cExport-noconfig.cmake\n'}
[1.881810] (px4_msgs) StdoutLine: {'line': b'-- Up-to-date: /home/px4/ros2/ws/install/px4_msgs/share/px4_msgs/cmake/px4_msgs__rosidl_typesupport_cExport.cmake\n'}
[1.882173] (px4_msgs) StdoutLine: {'line': b'-- Up-to-date: /home/px4/ros2/ws/install/px4_msgs/share/px4_msgs/cmake/px4_msgs__rosidl_typesupport_cExport-noconfig.cmake\n'}
[1.882931] (px4_msgs) StdoutLine: {'line': b'-- Up-to-date: /home/px4/ros2/ws/install/px4_msgs/share/px4_msgs/cmake/px4_msgs__rosidl_typesupport_introspection_cppExport.cmake\n'}
[1.883174] (px4_msgs) StdoutLine: {'line': b'-- Up-to-date: /home/px4/ros2/ws/install/px4_msgs/share/px4_msgs/cmake/px4_msgs__rosidl_typesupport_introspection_cppExport-noconfig.cmake\n'}
[1.883942] (px4_msgs) StdoutLine: {'line': b'-- Up-to-date: /home/px4/ros2/ws/install/px4_msgs/share/px4_msgs/cmake/px4_msgs__rosidl_typesupport_cppExport.cmake\n'}
[1.884640] (px4_msgs) StdoutLine: {'line': b'-- Up-to-date: /home/px4/ros2/ws/install/px4_msgs/share/px4_msgs/cmake/px4_msgs__rosidl_typesupport_cppExport-noconfig.cmake\n'}
[1.884955] (px4_msgs) StdoutLine: {'line': b'-- Up-to-date: /home/px4/ros2/ws/install/px4_msgs/share/px4_msgs/cmake/export_px4_msgs__rosidl_generator_pyExport.cmake\n'}
[1.885300] (px4_msgs) StdoutLine: {'line': b'-- Up-to-date: /home/px4/ros2/ws/install/px4_msgs/share/px4_msgs/cmake/export_px4_msgs__rosidl_generator_pyExport-noconfig.cmake\n'}
[1.885993] (px4_msgs) StdoutLine: {'line': b'-- Up-to-date: /home/px4/ros2/ws/install/px4_msgs/share/px4_msgs/cmake/rosidl_cmake-extras.cmake\n'}
[1.886216] (px4_msgs) StdoutLine: {'line': b'-- Up-to-date: /home/px4/ros2/ws/install/px4_msgs/share/px4_msgs/cmake/ament_cmake_export_dependencies-extras.cmake\n'}
[1.886574] (px4_msgs) StdoutLine: {'line': b'-- Up-to-date: /home/px4/ros2/ws/install/px4_msgs/share/px4_msgs/cmake/ament_cmake_export_include_directories-extras.cmake\n'}
[1.887265] (px4_msgs) StdoutLine: {'line': b'-- Up-to-date: /home/px4/ros2/ws/install/px4_msgs/share/px4_msgs/cmake/ament_cmake_export_libraries-extras.cmake\n'}
[1.887486] (px4_msgs) StdoutLine: {'line': b'-- Up-to-date: /home/px4/ros2/ws/install/px4_msgs/share/px4_msgs/cmake/ament_cmake_export_targets-extras.cmake\n'}
[1.887877] (px4_msgs) StdoutLine: {'line': b'-- Up-to-date: /home/px4/ros2/ws/install/px4_msgs/share/px4_msgs/cmake/rosidl_cmake_export_typesupport_targets-extras.cmake\n'}
[1.888561] (px4_msgs) StdoutLine: {'line': b'-- Up-to-date: /home/px4/ros2/ws/install/px4_msgs/share/px4_msgs/cmake/rosidl_cmake_export_typesupport_libraries-extras.cmake\n'}
[1.888790] (px4_msgs) StdoutLine: {'line': b'-- Up-to-date: /home/px4/ros2/ws/install/px4_msgs/share/px4_msgs/cmake/px4_msgsConfig.cmake\n'}
[1.889085] (px4_msgs) StdoutLine: {'line': b'-- Up-to-date: /home/px4/ros2/ws/install/px4_msgs/share/px4_msgs/cmake/px4_msgsConfig-version.cmake\n'}
[1.889229] (px4_msgs) StdoutLine: {'line': b'-- Up-to-date: /home/px4/ros2/ws/install/px4_msgs/share/px4_msgs/package.xml\n'}
[1.895433] (px4_msgs) CommandEnded: {'returncode': 0}
[1.903737] (-) TimerEvent: {}
[1.918746] (px4_msgs) JobEnded: {'identifier': 'px4_msgs', 'rc': 0}
[1.920561] (px4_ros_com) JobStarted: {'identifier': 'px4_ros_com'}
[1.929519] (px4_ros_com) JobProgress: {'identifier': 'px4_ros_com', 'progress': 'cmake'}
[1.930197] (px4_ros_com) JobProgress: {'identifier': 'px4_ros_com', 'progress': 'build'}
[1.931436] (px4_ros_com) Command: {'cmd': ['/usr/bin/cmake', '--build', '/home/px4/ros2/ws/build/px4_ros_com', '--', '-j16', '-l16'], 'cwd': '/home/px4/ros2/ws/build/px4_ros_com', 'env': OrderedDict([('HOSTNAME', 'legion5'), ('SHLVL', '1'), ('LD_LIBRARY_PATH', '/home/px4/ros2/ws/install/px4_msgs/lib:/opt/ros/humble/opt/rviz_ogre_vendor/lib:/opt/ros/humble/lib/x86_64-linux-gnu:/opt/ros/humble/lib'), ('HOME', '/root'), ('OLDPWD', '/home/px4/ros2'), ('ROS_PYTHON_VERSION', '3'), ('ROS_DISTRO', 'humble'), ('_', '/usr/bin/colcon'), ('ROS_VERSION', '2'), ('TERM', 'xterm'), ('ROS_LOCALHOST_ONLY', '0'), ('PATH', '/opt/ros/humble/bin:/usr/local/sbin:/usr/local/bin:/usr/sbin:/usr/bin:/sbin:/bin'), ('DISPLAY', ':1'), ('LANG', 'en_US.UTF-8'), ('LS_COLORS', 'rs=0:di=01;34:ln=01;36:mh=00:pi=40;33:so=01;35:do=01;35:bd=40;33;01:cd=40;33;01:or=40;31;01:mi=00:su=37;41:sg=30;43:ca=30;41:tw=30;42:ow=34;42:st=37;44:ex=01;32:*.tar=01;31:*.tgz=01;31:*.arc=01;31:*.arj=01;31:*.taz=01;31:*.lha=01;31:*.lz4=01;31:*.lzh=01;31:*.lzma=01;31:*.tlz=01;31:*.txz=01;31:*.tzo=01;31:*.t7z=01;31:*.zip=01;31:*.z=01;31:*.dz=01;31:*.gz=01;31:*.lrz=01;31:*.lz=01;31:*.lzo=01;31:*.xz=01;31:*.zst=01;31:*.tzst=01;31:*.bz2=01;31:*.bz=01;31:*.tbz=01;31:*.tbz2=01;31:*.tz=01;31:*.deb=01;31:*.rpm=01;31:*.jar=01;31:*.war=01;31:*.ear=01;31:*.sar=01;31:*.rar=01;31:*.alz=01;31:*.ace=01;31:*.zoo=01;31:*.cpio=01;31:*.7z=01;31:*.rz=01;31:*.cab=01;31:*.wim=01;31:*.swm=01;31:*.dwm=01;31:*.esd=01;31:*.jpg=01;35:*.jpeg=01;35:*.mjpg=01;35:*.mjpeg=01;35:*.gif=01;35:*.bmp=01;35:*.pbm=01;35:*.pgm=01;35:*.ppm=01;35:*.tga=01;35:*.xbm=01;35:*.xpm=01;35:*.tif=01;35:*.tiff=01;35:*.png=01;35:*.svg=01;35:*.svgz=01;35:*.mng=01;35:*.pcx=01;35:*.mov=01;35:*.mpg=01;35:*.mpeg=01;35:*.m2v=01;35:*.mkv=01;35:*.webm=01;35:*.webp=01;35:*.ogm=01;35:*.mp4=01;35:*.m4v=01;35:*.mp4v=01;35:*.vob=01;35:*.qt=01;35:*.nuv=01;35:*.wmv=01;35:*.asf=01;35:*.rm=01;35:*.rmvb=01;35:*.flc=01;35:*.avi=01;35:*.fli=01;35:*.flv=01;35:*.gl=01;35:*.dl=01;35:*.xcf=01;35:*.xwd=01;35:*.yuv=01;35:*.cgm=01;35:*.emf=01;35:*.ogv=01;35:*.ogx=01;35:*.aac=00;36:*.au=00;36:*.flac=00;36:*.m4a=00;36:*.mid=00;36:*.midi=00;36:*.mka=00;36:*.mp3=00;36:*.mpc=00;36:*.ogg=00;36:*.ra=00;36:*.wav=00;36:*.oga=00;36:*.opus=00;36:*.spx=00;36:*.xspf=00;36:'), ('ROS_DOMAIN_ID', '0'), ('AMENT_PREFIX_PATH', '/home/px4/ros2/ws/install/px4_msgs:/opt/ros/humble'), ('DEBIAN_FRONTEND', 'noninteractive'), ('PWD', '/home/px4/ros2/ws/build/px4_ros_com'), ('LC_ALL', 'en_US.UTF-8'), ('PYTHONPATH', '/home/px4/ros2/ws/install/px4_msgs/local/lib/python3.10/dist-packages:/opt/ros/humble/lib/python3.10/site-packages:/opt/ros/humble/local/lib/python3.10/dist-packages'), ('COLCON', '1'), ('CMAKE_PREFIX_PATH', '/home/px4/ros2/ws/install/px4_msgs:/opt/ros/humble')]), 'shell': False}
[2.002726] (px4_ros_com) StdoutLine: {'line': b'[ 16%] Built target frame_transforms\n'}
[2.003857] (-) TimerEvent: {}
[2.004089] (px4_ros_com) StdoutLine: {'line': b'[ 58%] Built target sensor_combined_listener\n'}
[2.004253] (px4_ros_com) StdoutLine: {'line': b'[ 66%] Built target vehicle_gps_position_listener\n'}
[2.004435] (px4_ros_com) StdoutLine: {'line': b'[ 75%] Built target debug_vect_advertiser\n'}
[2.004590] (px4_ros_com) StdoutLine: {'line': b'[ 83%] Built target offboard_control\n'}
[2.004752] (px4_ros_com) StdoutLine: {'line': b'[100%] Built target offboard_control_srv\n'}
[2.008755] (px4_ros_com) StdoutLine: {'line': b'[100%] Built target ament_cmake_python_copy_px4_ros_com\n'}
[2.103977] (-) TimerEvent: {}
[2.204296] (-) TimerEvent: {}
[2.279877] (px4_ros_com) StdoutLine: {'line': b'running egg_info\n'}
[2.280247] (px4_ros_com) StdoutLine: {'line': b'writing px4_ros_com.egg-info/PKG-INFO\n'}
[2.280457] (px4_ros_com) StdoutLine: {'line': b'writing dependency_links to px4_ros_com.egg-info/dependency_links.txt\n'}
[2.280756] (px4_ros_com) StdoutLine: {'line': b'writing top-level names to px4_ros_com.egg-info/top_level.txt\n'}
[2.282714] (px4_ros_com) StdoutLine: {'line': b"reading manifest file 'px4_ros_com.egg-info/SOURCES.txt'\n"}
[2.283288] (px4_ros_com) StdoutLine: {'line': b"writing manifest file 'px4_ros_com.egg-info/SOURCES.txt'\n"}
[2.304430] (-) TimerEvent: {}
[2.313793] (px4_ros_com) StdoutLine: {'line': b'[100%] Built target ament_cmake_python_build_px4_ros_com_egg\n'}
[2.329663] (px4_ros_com) CommandEnded: {'returncode': 0}
[2.330451] (px4_ros_com) JobProgress: {'identifier': 'px4_ros_com', 'progress': 'install'}
[2.331504] (px4_ros_com) Command: {'cmd': ['/usr/bin/cmake', '--install', '/home/px4/ros2/ws/build/px4_ros_com'], 'cwd': '/home/px4/ros2/ws/build/px4_ros_com', 'env': OrderedDict([('HOSTNAME', 'legion5'), ('SHLVL', '1'), ('LD_LIBRARY_PATH', '/home/px4/ros2/ws/install/px4_msgs/lib:/opt/ros/humble/opt/rviz_ogre_vendor/lib:/opt/ros/humble/lib/x86_64-linux-gnu:/opt/ros/humble/lib'), ('HOME', '/root'), ('OLDPWD', '/home/px4/ros2'), ('ROS_PYTHON_VERSION', '3'), ('ROS_DISTRO', 'humble'), ('_', '/usr/bin/colcon'), ('ROS_VERSION', '2'), ('TERM', 'xterm'), ('ROS_LOCALHOST_ONLY', '0'), ('PATH', '/opt/ros/humble/bin:/usr/local/sbin:/usr/local/bin:/usr/sbin:/usr/bin:/sbin:/bin'), ('DISPLAY', ':1'), ('LANG', 'en_US.UTF-8'), ('LS_COLORS', 'rs=0:di=01;34:ln=01;36:mh=00:pi=40;33:so=01;35:do=01;35:bd=40;33;01:cd=40;33;01:or=40;31;01:mi=00:su=37;41:sg=30;43:ca=30;41:tw=30;42:ow=34;42:st=37;44:ex=01;32:*.tar=01;31:*.tgz=01;31:*.arc=01;31:*.arj=01;31:*.taz=01;31:*.lha=01;31:*.lz4=01;31:*.lzh=01;31:*.lzma=01;31:*.tlz=01;31:*.txz=01;31:*.tzo=01;31:*.t7z=01;31:*.zip=01;31:*.z=01;31:*.dz=01;31:*.gz=01;31:*.lrz=01;31:*.lz=01;31:*.lzo=01;31:*.xz=01;31:*.zst=01;31:*.tzst=01;31:*.bz2=01;31:*.bz=01;31:*.tbz=01;31:*.tbz2=01;31:*.tz=01;31:*.deb=01;31:*.rpm=01;31:*.jar=01;31:*.war=01;31:*.ear=01;31:*.sar=01;31:*.rar=01;31:*.alz=01;31:*.ace=01;31:*.zoo=01;31:*.cpio=01;31:*.7z=01;31:*.rz=01;31:*.cab=01;31:*.wim=01;31:*.swm=01;31:*.dwm=01;31:*.esd=01;31:*.jpg=01;35:*.jpeg=01;35:*.mjpg=01;35:*.mjpeg=01;35:*.gif=01;35:*.bmp=01;35:*.pbm=01;35:*.pgm=01;35:*.ppm=01;35:*.tga=01;35:*.xbm=01;35:*.xpm=01;35:*.tif=01;35:*.tiff=01;35:*.png=01;35:*.svg=01;35:*.svgz=01;35:*.mng=01;35:*.pcx=01;35:*.mov=01;35:*.mpg=01;35:*.mpeg=01;35:*.m2v=01;35:*.mkv=01;35:*.webm=01;35:*.webp=01;35:*.ogm=01;35:*.mp4=01;35:*.m4v=01;35:*.mp4v=01;35:*.vob=01;35:*.qt=01;35:*.nuv=01;35:*.wmv=01;35:*.asf=01;35:*.rm=01;35:*.rmvb=01;35:*.flc=01;35:*.avi=01;35:*.fli=01;35:*.flv=01;35:*.gl=01;35:*.dl=01;35:*.xcf=01;35:*.xwd=01;35:*.yuv=01;35:*.cgm=01;35:*.emf=01;35:*.ogv=01;35:*.ogx=01;35:*.aac=00;36:*.au=00;36:*.flac=00;36:*.m4a=00;36:*.mid=00;36:*.midi=00;36:*.mka=00;36:*.mp3=00;36:*.mpc=00;36:*.ogg=00;36:*.ra=00;36:*.wav=00;36:*.oga=00;36:*.opus=00;36:*.spx=00;36:*.xspf=00;36:'), ('ROS_DOMAIN_ID', '0'), ('AMENT_PREFIX_PATH', '/home/px4/ros2/ws/install/px4_msgs:/opt/ros/humble'), ('DEBIAN_FRONTEND', 'noninteractive'), ('PWD', '/home/px4/ros2/ws/build/px4_ros_com'), ('LC_ALL', 'en_US.UTF-8'), ('PYTHONPATH', '/home/px4/ros2/ws/install/px4_msgs/local/lib/python3.10/dist-packages:/opt/ros/humble/lib/python3.10/site-packages:/opt/ros/humble/local/lib/python3.10/dist-packages'), ('COLCON', '1'), ('CMAKE_PREFIX_PATH', '/home/px4/ros2/ws/install/px4_msgs:/opt/ros/humble')]), 'shell': False}
[2.342195] (px4_ros_com) StdoutLine: {'line': b'-- Install configuration: ""\n'}
[2.342505] (px4_ros_com) StdoutLine: {'line': b'-- Up-to-date: /home/px4/ros2/ws/install/px4_ros_com/lib/px4_ros_com/sensor_combined_listener\n'}
[2.342879] (px4_ros_com) StdoutLine: {'line': b'-- Up-to-date: /home/px4/ros2/ws/install/px4_ros_com/lib/px4_ros_com/vehicle_gps_position_listener\n'}
[2.343230] (px4_ros_com) StdoutLine: {'line': b'-- Up-to-date: /home/px4/ros2/ws/install/px4_ros_com/lib/px4_ros_com/debug_vect_advertiser\n'}
[2.343584] (px4_ros_com) StdoutLine: {'line': b'-- Up-to-date: /home/px4/ros2/ws/install/px4_ros_com/lib/px4_ros_com/offboard_control\n'}
[2.343940] (px4_ros_com) StdoutLine: {'line': b'-- Up-to-date: /home/px4/ros2/ws/install/px4_ros_com/lib/px4_ros_com/offboard_control_srv\n'}
[2.344116] (px4_ros_com) StdoutLine: {'line': b'-- Up-to-date: /home/px4/ros2/ws/install/px4_ros_com/share/px4_ros_com/environment/library_path.sh\n'}
[2.344255] (px4_ros_com) StdoutLine: {'line': b'-- Up-to-date: /home/px4/ros2/ws/install/px4_ros_com/share/px4_ros_com/environment/library_path.dsv\n'}
[2.344398] (px4_ros_com) StdoutLine: {'line': b'-- Up-to-date: /home/px4/ros2/ws/install/px4_ros_com/include/px4_ros_com\n'}
[2.344519] (px4_ros_com) StdoutLine: {'line': b'-- Up-to-date: /home/px4/ros2/ws/install/px4_ros_com/include/px4_ros_com/frame_transforms.h\n'}
[2.344637] (px4_ros_com) StdoutLine: {'line': b'-- Up-to-date: /home/px4/ros2/ws/install/px4_ros_com/lib/libframe_transforms.so\n'}
[2.344735] (px4_ros_com) StdoutLine: {'line': b'-- Up-to-date: /home/px4/ros2/ws/install/px4_ros_com/share/px4_ros_com//launch\n'}
[2.344850] (px4_ros_com) StdoutLine: {'line': b'-- Up-to-date: /home/px4/ros2/ws/install/px4_ros_com/share/px4_ros_com//launch/offboard_control_launch.yaml\n'}
[2.344948] (px4_ros_com) StdoutLine: {'line': b'-- Up-to-date: /home/px4/ros2/ws/install/px4_ros_com/share/px4_ros_com//launch/sensor_combined_listener.launch.py\n'}
[2.345030] (px4_ros_com) StdoutLine: {'line': b'-- Up-to-date: /home/px4/ros2/ws/install/px4_ros_com/share/px4_ros_com//test\n'}
[2.345117] (px4_ros_com) StdoutLine: {'line': b'-- Up-to-date: /home/px4/ros2/ws/install/px4_ros_com/share/px4_ros_com//test/pipeline_io_test.py\n'}
[2.345179] (px4_ros_com) StdoutLine: {'line': b'-- Up-to-date: /home/px4/ros2/ws/install/px4_ros_com/share/px4_ros_com//test/__init__.py\n'}
[2.345254] (px4_ros_com) StdoutLine: {'line': b'-- Up-to-date: /home/px4/ros2/ws/install/px4_ros_com/share/px4_ros_com//test/test_output.py\n'}
[2.345315] (px4_ros_com) StdoutLine: {'line': b'-- Up-to-date: /home/px4/ros2/ws/install/px4_ros_com/share/px4_ros_com//test/test_input.py\n'}
[2.345374] (px4_ros_com) StdoutLine: {'line': b'-- Up-to-date: /home/px4/ros2/ws/install/px4_ros_com/share/px4_ros_com/environment/pythonpath.sh\n'}
[2.345461] (px4_ros_com) StdoutLine: {'line': b'-- Up-to-date: /home/px4/ros2/ws/install/px4_ros_com/share/px4_ros_com/environment/pythonpath.dsv\n'}
[2.345640] (px4_ros_com) StdoutLine: {'line': b'-- Up-to-date: /home/px4/ros2/ws/install/px4_ros_com/local/lib/python3.10/dist-packages/px4_ros_com-0.1.0-py3.10.egg-info\n'}
[2.345795] (px4_ros_com) StdoutLine: {'line': b'-- Installing: /home/px4/ros2/ws/install/px4_ros_com/local/lib/python3.10/dist-packages/px4_ros_com-0.1.0-py3.10.egg-info/top_level.txt\n'}
[2.345940] (px4_ros_com) StdoutLine: {'line': b'-- Installing: /home/px4/ros2/ws/install/px4_ros_com/local/lib/python3.10/dist-packages/px4_ros_com-0.1.0-py3.10.egg-info/dependency_links.txt\n'}
[2.346021] (px4_ros_com) StdoutLine: {'line': b'-- Installing: /home/px4/ros2/ws/install/px4_ros_com/local/lib/python3.10/dist-packages/px4_ros_com-0.1.0-py3.10.egg-info/SOURCES.txt\n'}
[2.346097] (px4_ros_com) StdoutLine: {'line': b'-- Installing: /home/px4/ros2/ws/install/px4_ros_com/local/lib/python3.10/dist-packages/px4_ros_com-0.1.0-py3.10.egg-info/PKG-INFO\n'}
[2.346258] (px4_ros_com) StdoutLine: {'line': b'-- Up-to-date: /home/px4/ros2/ws/install/px4_ros_com/local/lib/python3.10/dist-packages/px4_ros_com\n'}
[2.346360] (px4_ros_com) StdoutLine: {'line': b'-- Up-to-date: /home/px4/ros2/ws/install/px4_ros_com/local/lib/python3.10/dist-packages/px4_ros_com/__init__.py\n'}
[2.346437] (px4_ros_com) StdoutLine: {'line': b'-- Up-to-date: /home/px4/ros2/ws/install/px4_ros_com/local/lib/python3.10/dist-packages/px4_ros_com/module_to_import.py\n'}
[2.382076] (px4_ros_com) StdoutLine: {'line': b"Listing '/home/px4/ros2/ws/install/px4_ros_com/local/lib/python3.10/dist-packages/px4_ros_com'...\n"}
[2.386164] (px4_ros_com) StdoutLine: {'line': b'-- Up-to-date: /home/px4/ros2/ws/install/px4_ros_com/lib/px4_ros_com/offboard_control.py\n'}
[2.386506] (px4_ros_com) StdoutLine: {'line': b'-- Up-to-date: /home/px4/ros2/ws/install/px4_ros_com/share/ament_index/resource_index/package_run_dependencies/px4_ros_com\n'}
[2.386693] (px4_ros_com) StdoutLine: {'line': b'-- Up-to-date: /home/px4/ros2/ws/install/px4_ros_com/share/ament_index/resource_index/parent_prefix_path/px4_ros_com\n'}
[2.386829] (px4_ros_com) StdoutLine: {'line': b'-- Up-to-date: /home/px4/ros2/ws/install/px4_ros_com/share/px4_ros_com/environment/ament_prefix_path.sh\n'}
[2.386945] (px4_ros_com) StdoutLine: {'line': b'-- Up-to-date: /home/px4/ros2/ws/install/px4_ros_com/share/px4_ros_com/environment/ament_prefix_path.dsv\n'}
[2.387049] (px4_ros_com) StdoutLine: {'line': b'-- Up-to-date: /home/px4/ros2/ws/install/px4_ros_com/share/px4_ros_com/environment/path.sh\n'}
[2.387115] (px4_ros_com) StdoutLine: {'line': b'-- Up-to-date: /home/px4/ros2/ws/install/px4_ros_com/share/px4_ros_com/environment/path.dsv\n'}
[2.387176] (px4_ros_com) StdoutLine: {'line': b'-- Up-to-date: /home/px4/ros2/ws/install/px4_ros_com/share/px4_ros_com/local_setup.bash\n'}
[2.387235] (px4_ros_com) StdoutLine: {'line': b'-- Up-to-date: /home/px4/ros2/ws/install/px4_ros_com/share/px4_ros_com/local_setup.sh\n'}
[2.387314] (px4_ros_com) StdoutLine: {'line': b'-- Up-to-date: /home/px4/ros2/ws/install/px4_ros_com/share/px4_ros_com/local_setup.zsh\n'}
[2.387373] (px4_ros_com) StdoutLine: {'line': b'-- Up-to-date: /home/px4/ros2/ws/install/px4_ros_com/share/px4_ros_com/local_setup.dsv\n'}
[2.387471] (px4_ros_com) StdoutLine: {'line': b'-- Installing: /home/px4/ros2/ws/install/px4_ros_com/share/px4_ros_com/package.dsv\n'}
[2.387566] (px4_ros_com) StdoutLine: {'line': b'-- Up-to-date: /home/px4/ros2/ws/install/px4_ros_com/share/ament_index/resource_index/packages/px4_ros_com\n'}
[2.387646] (px4_ros_com) StdoutLine: {'line': b'-- Up-to-date: /home/px4/ros2/ws/install/px4_ros_com/share/px4_ros_com/cmake/export_frame_transformsExport.cmake\n'}
[2.387756] (px4_ros_com) StdoutLine: {'line': b'-- Up-to-date: /home/px4/ros2/ws/install/px4_ros_com/share/px4_ros_com/cmake/export_frame_transformsExport-noconfig.cmake\n'}
[2.387849] (px4_ros_com) StdoutLine: {'line': b'-- Up-to-date: /home/px4/ros2/ws/install/px4_ros_com/share/px4_ros_com/cmake/ament_cmake_export_dependencies-extras.cmake\n'}
[2.387931] (px4_ros_com) StdoutLine: {'line': b'-- Up-to-date: /home/px4/ros2/ws/install/px4_ros_com/share/px4_ros_com/cmake/ament_cmake_export_targets-extras.cmake\n'}
[2.387989] (px4_ros_com) StdoutLine: {'line': b'-- Up-to-date: /home/px4/ros2/ws/install/px4_ros_com/share/px4_ros_com/cmake/ament_cmake_export_include_directories-extras.cmake\n'}
[2.388047] (px4_ros_com) StdoutLine: {'line': b'-- Up-to-date: /home/px4/ros2/ws/install/px4_ros_com/share/px4_ros_com/cmake/ament_cmake_export_libraries-extras.cmake\n'}
[2.388110] (px4_ros_com) StdoutLine: {'line': b'-- Up-to-date: /home/px4/ros2/ws/install/px4_ros_com/share/px4_ros_com/cmake/px4_ros_comConfig.cmake\n'}
[2.388168] (px4_ros_com) StdoutLine: {'line': b'-- Up-to-date: /home/px4/ros2/ws/install/px4_ros_com/share/px4_ros_com/cmake/px4_ros_comConfig-version.cmake\n'}
[2.388224] (px4_ros_com) StdoutLine: {'line': b'-- Up-to-date: /home/px4/ros2/ws/install/px4_ros_com/share/px4_ros_com/package.xml\n'}
[2.391366] (px4_ros_com) CommandEnded: {'returncode': 0}
[2.404738] (-) TimerEvent: {}
[2.409351] (px4_ros_com) JobEnded: {'identifier': 'px4_ros_com', 'rc': 0}
[2.410393] (-) EventReactorShutdown: {}
